AOGNOGN
HFDTE200825
HFFXA050
HFPLTPILOTINCHARGE:
HFGTYGLIDERTYPE:Discus
HFGIDGLIDERID:D-8217
HFDTM100GPSDATUM:WGS-1984
HFRFWFIRMWAREVERSION:
HFRHWHARDWAREVERSION:
HFFTYFRTYPE:OGN-FLIGHTBOOK
HFGPSGENERIC
HFPRSPRESSALTSENSOR:
HFCIDCOMPETITIONID:BS
B0906275554514N00926502EA0000000092
B0906325554505N00926620EA0000000160
B0906375554496N00926725EA0000000240
B0906425554489N00926831EA0000000308
B0906475554479N00926941EA0000000357
B0906525554467N00927064EA0000000396
B0906585554455N00927234EA0000000431
B0907035554449N00927371EA0000000450
B0907085554486N00927449EA0000000458
B0907135554552N00927415EA0000000456
B0907215554665N00927295EA0000000446
B0907275554748N00927193EA0000000454
B0907345554828N00927081EA0000000457
B0907395554892N00927031EA0000000443
B0907445554964N00926963EA0000000434
B0907505555048N00926867EA0000000427
B0907555555117N00926782EA0000000427
B0908005555179N00926697EA0000000439
B0908085555272N00926565EA0000000435
B0908135555334N00926500EA0000000429
B0908185555396N00926505EA0000000438
B0908235555446N00926543EA0000000456
B0908285555430N00926626EA0000000449
B0908335555362N00926553EA0000000453
B0908385555381N00926415EA0000000458
B0908435555438N00926369EA0000000470
B0908485555433N00926463EA0000000471
B0908535555356N00926418EA0000000482
B0908585555361N00926276EA0000000495
B0909035555417N00926294EA0000000508
B0909085555380N00926376EA0000000521
B0909135555316N00926303EA0000000531
B0909185555335N00926170EA0000000544
B0909235555384N00926205EA0000000549
B0909295555316N00926265EA0000000565
B0909345555272N00926139EA0000000578
B0909395555315N00926028EA0000000597
B0909445555357N00926084EA0000000609
B0909495555296N00926120EA0000000622
B0909545555272N00925993EA0000000640
B0909595555331N00925951EA0000000653
B0910045555349N00926039EA0000000670
B0910095555287N00926076EA0000000684
B0910145555254N00925960EA0000000697
B0910195555311N00925913EA0000000710
B0910245555316N00926013EA0000000724
B0910295555245N00926026EA0000000742
B0910345555218N00925900EA0000000758
B0910395555275N00925853EA0000000773
B0910445555287N00925955EA0000000791
B0910495555216N00925971EA0000000811
B0910555555187N00925818EA0000000835
B0911005555243N00925776EA0000000851
B0911055555249N00925871EA0000000868
B0911105555179N00925872EA0000000885
B0911155555156N00925739EA0000000904
B0911205555210N00925692EA0000000923
B0911255555225N00925786EA0000000941
B0911305555160N00925806EA0000000951
B0911355555116N00925673EA0000000975
B0911405555150N00925571EA0000001000
B0911455555194N00925626EA0000001008
B0911505555154N00925714EA0000001034
B0911555555082N00925666EA0000001051
B0912005555080N00925535EA0000001075
B0912055555131N00925517EA0000001092
B0912105555130N00925614EA0000001107
B0912155555058N00925636EA0000001125
B0912205555011N00925516EA0000001138
B0912265555062N00925407EA0000001162
B0912315555105N00925473EA0000001177
B0912365555066N00925559EA0000001196
B0912415554994N00925493EA0000001206
B0912465554997N00925352EA0000001229
B0912515555056N00925329EA0000001240
B0912565555079N00925420EA0000001261
B0913015555032N00925488EA0000001281
B0913065554965N00925427EA0000001289
B0913115554973N00925298EA0000001304
B0913165555033N00925296EA0000001316
B0913215555049N00925400EA0000001334
B0913265554988N00925472EA0000001347
B0913315554962N00925569EA0000001341
B0913385555004N00925700EA0000001318
B0913445555051N00925825EA0000001300
B0913495555087N00925934EA0000001313
B0913555555121N00926061EA0000001320
B0914005555145N00926170EA0000001328
B0914055555168N00926279EA0000001321
B0914115555193N00926421EA0000001318
B0914175555202N00926582EA0000001326
B0914235555222N00926729EA0000001337
B0914295555250N00926869EA0000001320
B0914345555273N00926989EA0000001316
B0914405555303N00927135EA0000001317
B0914465555347N00927262EA0000001329
B0914555555407N00927429EA0000001359
B0915015555447N00927547EA0000001350
B0915075555465N00927695EA0000001358
B0915125555428N00927824EA0000001358
B0915185555416N00927977EA0000001359
B0915235555447N00928080EA0000001352
B0915285555496N00928170EA0000001341
B0915345555563N00928274EA0000001336
B0915395555616N00928355EA0000001354
B0915455555690N00928407EA0000001360
B0915525555784N00928459EA0000001368
B0916005555896N00928517EA0000001374
B0916065555993N00928554EA0000001360
B0916115556083N00928614EA0000001347
B0916165556169N00928691EA0000001336
B0916225556268N00928800EA0000001335
B0916285556359N00928934EA0000001340
B0916345556436N00929070EA0000001346
B0916405556502N00929226EA0000001332
B0916455556533N00929383EA0000001329
B0916505556502N00929536EA0000001329
B0916555556407N00929575EA0000001329
B0917005556324N00929457EA0000001318
B0917065556262N00929250EA0000001307
B0917115556211N00929070EA0000001293
B0917175556149N00928851EA0000001285
B0917225556100N00928673EA0000001290
B0917275556051N00928499EA0000001291
B0917325555999N00928335EA0000001301
B0917395555926N00928123EA0000001308
B0917455555865N00927949EA0000001308
B0917515555804N00927773EA0000001310
B0917575555751N00927593EA0000001318
B0918045555691N00927379EA0000001324
B0918095555643N00927232EA0000001329
B0918145555576N00927133EA0000001330
B0918195555506N00927160EA0000001331
B0918245555495N00927275EA0000001332
B0918345555580N00927460EA0000001340
B0918415555647N00927570EA0000001354
B0918465555700N00927647EA0000001356
B0918525555766N00927734EA0000001355
B0918585555833N00927820EA0000001350
B0919035555877N00927911EA0000001339
B0919095555892N00928059EA0000001340
B0919155555859N00928208EA0000001340
B0919225555802N00928369EA0000001329
B0919295555741N00928532EA0000001311
B0919355555684N00928668EA0000001300
B0919405555630N00928778EA0000001288
B0919485555542N00928952EA0000001282
B0919535555491N00929057EA0000001276
B0920005555421N00929195EA0000001274
B0920075555348N00929325EA0000001256
B0920125555292N00929417EA0000001245
B0920175555242N00929516EA0000001232
B0920225555193N00929615EA0000001223
B0920275555148N00929711EA0000001233
B0920325555108N00929804EA0000001242
B0920375555074N00929902EA0000001241
B0920425555046N00929995EA0000001261
B0920475555018N00930077EA0000001278
B0920525555036N00930163EA0000001281
B0920575555098N00930150EA0000001292
B0921025555133N00930025EA0000001295
B0921075555098N00929886EA0000001296
B0921125555024N00929851EA0000001312
B0921175554980N00929916EA0000001323
B0921225554985N00930010EA0000001326
B0921295555054N00930085EA0000001337
B0921345555121N00930041EA0000001345
B0921395555188N00929971EA0000001345
B0921445555262N00929919EA0000001349
B0921495555334N00929893EA0000001366
B0921555555414N00929880EA0000001366
B0922025555511N00929878EA0000001337
B0922075555591N00929888EA0000001317
B0922155555725N00929913EA0000001307
B0922235555858N00929926EA0000001300
B0922285555938N00929929EA0000001298
B0922365556062N00929909EA0000001285
B0922415556139N00929868EA0000001277
B0922465556214N00929814EA0000001270
B0922535556315N00929750EA0000001268
B0922585556384N00929714EA0000001270
B0923045556462N00929671EA0000001282
B0923105556533N00929640EA0000001294
B0923155556595N00929622EA0000001293
B0923205556657N00929574EA0000001291
B0923255556698N00929444EA0000001280
B0923305556688N00929283EA0000001277
B0923355556627N00929164EA0000001273
B0923415556532N00929137EA0000001268
B0923475556454N00929189EA0000001270
B0923545556373N00929282EA0000001281
B0923595556312N00929342EA0000001293
B0924075556212N00929439EA0000001302
B0924125556147N00929497EA0000001305
B0924175556081N00929552EA0000001305
B0924245555986N00929638EA0000001299
B0924305555902N00929703EA0000001297
B0924355555831N00929738EA0000001294
B0924405555748N00929730EA0000001285
B0924485555613N00929687EA0000001282
B0924535555534N00929662EA0000001280
B0924595555440N00929631EA0000001273
B0925055555347N00929607EA0000001263
B0925125555238N00929596EA0000001257
B0925185555140N00929582EA0000001246
B0925235555060N00929574EA0000001267
B0925285554989N00929559EA0000001282
B0925335554918N00929572EA0000001282
B0925385554906N00929672EA0000001292
B0925435554955N00929692EA0000001299
B0925495554982N00929543EA0000001298
B0925545554926N00929429EA0000001315
B0925595554850N00929421EA0000001322
B0926045554814N00929513EA0000001329
B0926095554846N00929579EA0000001328
B0926145554901N00929509EA0000001330
B0926195554905N00929359EA0000001340
B0926265554873N00929152EA0000001354
B0926345554858N00928920EA0000001347
B0926405554845N00928739EA0000001338
B0926465554820N00928549EA0000001316
B0926515554847N00928402EA0000001293
B0926585554946N00928328EA0000001272
B0927035555019N00928295EA0000001273
B0927125555147N00928219EA0000001262
B0927175555212N00928161EA0000001258
B0927225555273N00928091EA0000001251
B0927285555355N00928039EA0000001237
B0927355555458N00928016EA0000001221
B0927405555530N00928041EA0000001220
B0927475555620N00928067EA0000001239
B0927525555680N00928096EA0000001239
B0927585555752N00928140EA0000001242
B0928045555825N00928101EA0000001242
B0928095555888N00928039EA0000001238
B0928145555938N00927928EA0000001241
B0928205555952N00927742EA0000001241
B0928255555905N00927598EA0000001242
B0928315555808N00927499EA0000001255
B0928365555738N00927541EA0000001257
B0928415555749N00927639EA0000001261
B0928465555811N00927604EA0000001269
B0928515555828N00927454EA0000001281
B0928565555777N00927336EA0000001290
B0929015555703N00927341EA0000001295
B0929075555693N00927449EA0000001299
B0929125555747N00927467EA0000001306
B0929175555797N00927375EA0000001309
B0929225555786N00927228EA0000001321
B0929275555722N00927132EA0000001322
B0929325555647N00927059EA0000001317
B0929375555567N00927012EA0000001310
B0929425555492N00927036EA0000001303
B0929475555432N00927101EA0000001300
B0929535555378N00927204EA0000001299
B0929585555306N00927245EA0000001295
B0930035555223N00927193EA0000001295
B0930095555122N00927128EA0000001291
B0930145555037N00927135EA0000001289
B0930195554979N00927207EA0000001285
B0930245554946N00927305EA0000001276
B0930315554898N00927444EA0000001267
B0930365554870N00927544EA0000001260
B0930425554841N00927672EA0000001242
B0930525554781N00927940EA0000001201
B0930575554752N00928092EA0000001181
B0931025554729N00928250EA0000001172
B0931085554707N00928441EA0000001154
B0931135554689N00928603EA0000001143
B0931185554673N00928767EA0000001136
B0931265554645N00928994EA0000001173
B0931325554637N00929121EA0000001189
B0931375554671N00929222EA0000001167
B0931425554716N00929344EA0000001153
B0931475554768N00929469EA0000001150
B0931525554818N00929592EA0000001152
B0931575554867N00929695EA0000001165
B0932025554923N00929650EA0000001168
B0932075554914N00929503EA0000001154
B0932135554846N00929342EA0000001140
B0932195554800N00929148EA0000001133
B0932265554750N00928920EA0000001128
B0932315554716N00928762EA0000001140
B0932375554700N00928584EA0000001154
B0932425554726N00928453EA0000001158
B0932485554770N00928316EA0000001148
B0932545554833N00928187EA0000001134
B0933015554912N00928035EA0000001122
B0933075554978N00927908EA0000001112
B0933125555027N00927797EA0000001108
B0933175555077N00927688EA0000001107
B0933225555126N00927582EA0000001120
B0933305555197N00927426EA0000001138
B0933365555254N00927323EA0000001156
B0933425555316N00927248EA0000001160
B0933475555372N00927212EA0000001164
B0933535555428N00927256EA0000001160
B0933595555448N00927367EA0000001150
B0934095555453N00927612EA0000001128
B0934175555450N00927825EA0000001124
B0934225555400N00927896EA0000001134
B0934275555328N00927834EA0000001133
B0934325555283N00927699EA0000001140
B0934375555246N00927564EA0000001154
B0934425555257N00927441EA0000001159
B0934475555308N00927459EA0000001166
B0934525555287N00927541EA0000001174
B0934575555222N00927499EA0000001174
B0935025555174N00927376EA0000001181
B0935075555120N00927261EA0000001192
B0935125555050N00927285EA0000001199
B0935175555049N00927379EA0000001207
B0935225555103N00927348EA0000001206
B0935275555088N00927205EA0000001220
B0935325555018N00927132EA0000001233
B0935375554964N00927196EA0000001239
B0935425554987N00927276EA0000001244
B0935485555045N00927202EA0000001248
B0935545554989N00927056EA0000001254
B0935595554907N00927073EA0000001268
B0936045554899N00927174EA0000001271
B0936095554955N00927150EA0000001277
B0936145554960N00927010EA0000001289
B0936195554905N00926909EA0000001302
B0936245554832N00926930EA0000001313
B0936305554809N00927037EA0000001314
B0936355554855N00927054EA0000001302
B0936405554903N00926946EA0000001307
B0936455554936N00926811EA0000001322
B0936505554936N00926662EA0000001335
B0936565554853N00926601EA0000001345
B0937015554831N00926685EA0000001343
B0937065554852N00926780EA0000001348
B0937115554875N00926877EA0000001362
B0937165554896N00926976EA0000001360
B0937215554897N00927088EA0000001349
B0937315554903N00927313EA0000001332
B0937395554935N00927489EA0000001329
B0937445554939N00927603EA0000001343
B0937505554928N00927734EA0000001352
B0937555554983N00927754EA0000001355
B0938015554988N00927600EA0000001358
B0938065554917N00927530EA0000001363
B0938115554857N00927598EA0000001372
B0938175554856N00927722EA0000001377
B0938225554875N00927836EA0000001364
B0938295554877N00928022EA0000001346
B0938375554852N00928242EA0000001358
B0938435554808N00928387EA0000001355
B0938485554781N00928518EA0000001342
B0938575554747N00928784EA0000001318
B0939095554721N00929187EA0000001270
B0939145554727N00929372EA0000001253
B0939195554738N00929556EA0000001242
B0939255554755N00929773EA0000001238
B0939305554768N00929949EA0000001227
B0939405554771N00930321EA0000001197
B0939455554780N00930512EA0000001194
B0939505554788N00930702EA0000001192
B0939555554799N00930885EA0000001193
B0940005554821N00931063EA0000001189
B0940055554847N00931239EA0000001187
B0940135554884N00931509EA0000001182
B0940195554911N00931716EA0000001182
B0940245554931N00931887EA0000001190
B0940295554948N00932046EA0000001206
B0940365554972N00932244EA0000001245
B0940435554995N00932431EA0000001238
B0940505555030N00932651EA0000001211
B0940565555062N00932860EA0000001197
B0941015555090N00933028EA0000001218
B0941075555120N00933199EA0000001222
B0941135555151N00933383EA0000001207
B0941195555174N00933581EA0000001201
B0941245555204N00933741EA0000001196
B0941305555237N00933926EA0000001195
B0941365555260N00934123EA0000001179
B0941415555279N00934295EA0000001168
B0941465555297N00934467EA0000001179
B0941525555312N00934643EA0000001218
B0942095555354N00935142EA0000001198
B0942165555383N00935364EA0000001216
B0942235555416N00935579EA0000001195
B0942285555445N00935745EA0000001182
B0942355555484N00935979EA0000001181
B0942415555518N00936179EA0000001164
B0942465555547N00936353EA0000001160
B0942525555574N00936548EA0000001188
B0942595555602N00936754EA0000001193
B0943045555618N00936915EA0000001195
B0943095555633N00937076EA0000001198
B0943145555645N00937245EA0000001198
B0943195555651N00937408EA0000001234
B0943285555642N00937668EA0000001234
B0943345555610N00937877EA0000001198
B0943395555581N00938060EA0000001191
B0943475555535N00938348EA0000001179
B0943565555476N00938664EA0000001173
B0944015555446N00938837EA0000001163
B0944065555419N00939008EA0000001160
B0944145555379N00939275EA0000001154
B0944195555350N00939437EA0000001150
B0944245555317N00939593EA0000001159
B0944295555291N00939728EA0000001182
B0944365555263N00939903EA0000001202
B0944415555259N00940029EA0000001190
B0944485555316N00940225EA0000001175
B0944545555375N00940406EA0000001179
B0945015555448N00940620EA0000001171
B0945155555577N00941076EA0000001153
B0945215555626N00941275EA0000001141
B0945265555659N00941446EA0000001146
B0945315555688N00941602EA0000001154
B0945395555739N00941864EA0000001121
B0945465555784N00942114EA0000001114
B0945545555816N00942401EA0000001107
B0946005555820N00942603EA0000001134
B0946085555824N00942824EA0000001137
B0946165555845N00943094EA0000001105
B0946235555878N00943336EA0000001116
B0946315555924N00943595EA0000001124
B0946375555958N00943773EA0000001153
B0946425555981N00943908EA0000001177
B0946545556013N00944211EA0000001232
B0947025556029N00944402EA0000001244
B0947115556062N00944700EA0000001233
B0947165556087N00944871EA0000001241
B0947215556114N00945042EA0000001248
B0947275556158N00945234EA0000001262
B0947355556228N00945489EA0000001261
B0947425556286N00945703EA0000001283
B0947505556343N00945934EA0000001278
B0947555556374N00946096EA0000001286
B0948015556406N00946277EA0000001305
B0948075556432N00946465EA0000001293
B0948135556453N00946663EA0000001291
B0948205556480N00946902EA0000001292
B0948315556512N00947295EA0000001275
B0949215556710N00949135EA0000001202
B0949265556725N00949316EA0000001228
B0949315556742N00949476EA0000001243
B0949365556768N00949627EA0000001269
B0949425556799N00949786EA0000001294
B0949495556816N00949985EA0000001278
B0949565556826N00950208EA0000001282
B0950035556872N00950415EA0000001287
B0950095556921N00950583EA0000001286
B0950165556995N00950785EA0000001283
B0950215557049N00950929EA0000001281
B0950285557095N00951155EA0000001267
B0950375557129N00951475EA0000001239
B0950425557133N00951650EA0000001241
B0950485557131N00951862EA0000001220
B0950585557131N00952212EA0000001243
B0951065557129N00952423EA0000001262
B0951135557159N00952619EA0000001256
B0951255557271N00952961EA0000001216
B0951315557330N00953144EA0000001207
B0951365557379N00953303EA0000001212
B0952015557546N00954023EA0000001214
B0952085557587N00954264EA0000001192
B0952165557637N00954542EA0000001171
B0952225557663N00954749EA0000001164
B0952275557644N00954927EA0000001156
B0952345557594N00955147EA0000001155
B0952405557553N00955336EA0000001138
B0952455557517N00955492EA0000001138
B0953175557705N00956465EA0000001114
B0953255557744N00956722EA0000001118
B0953335557787N00956979EA0000001091
B0953395557818N00957182EA0000001087
B0953455557840N00957367EA0000001094
B0953505557860N00957513EA0000001085
B0954025557924N00957847EA0000001112
B0954075557950N00957976EA0000001103
B0954135557990N00958154EA0000001096
B0954225558057N00958391EA0000001133
B0954345558153N00958689EA0000001124
B0954395558201N00958805EA0000001125
B0954455558269N00958949EA0000001090
B0954535558380N00959137EA0000001092
B0954585558444N00959238EA0000001090
B0955045558523N00959364EA0000001068
B0955125558636N00959531EA0000001055
B0955185558719N00959641EA0000001056
B0955255558816N00959771EA0000001036
B0955315558900N00959902EA0000001038
B0955365558968N01000009EA0000001043
B0955415559023N01000107EA0000001078
B0955485559089N01000227EA0000001077
B0955545559156N01000340EA0000001078
B0956045559269N01000533EA0000001066
B0956115559347N01000684EA0000001063
B0956165559400N01000792EA0000001069
B0956225559460N01000919EA0000001067
B0956295559527N01001085EA0000001069
B0956355559580N01001210EA0000001098
B0956415559607N01001329EA0000001095
B0956465559638N01001458EA0000001091
B0956535559696N01001638EA0000001101
B0956585559738N01001767EA0000001108
B0957035559781N01001891EA0000001133
B0957095559826N01002025EA0000001129
B0957155559881N01002172EA0000001131
B0957225559947N01002323EA0000001149
B0957295600016N01002473EA0000001125
B0957365600092N01002631EA0000001123
B0957445600186N01002793EA0000001136
B0957505600250N01002901EA0000001127
B0957565600318N01003022EA0000001143
B0958015600366N01003106EA0000001152
B0958075600433N01003218EA0000001124
B0958135600517N01003348EA0000001108
B0958195600606N01003472EA0000001150
B0958265600694N01003590EA0000001170
B0958315600761N01003664EA0000001150
B0958375600855N01003743EA0000001126
B0958435600951N01003814EA0000001129
B0958485601016N01003866EA0000001148
B0958535601083N01003882EA0000001135
B0959005601201N01003869EA0000001113
B0959075601332N01003847EA0000001092
B0959175601519N01003864EA0000001075
B0959235601623N01003904EA0000001078
B0959285601702N01003937EA0000001087
B0959345601795N01003986EA0000001071
B0959415601908N01004091EA0000001043
B0959545602062N01004338EA0000001060
B1000005602137N01004439EA0000001063
B1000055602151N01004536EA0000001068
B1000105602071N01004560EA0000001056
B1000155601983N01004452EA0000001049
B1000205601892N01004330EA0000001062
B1000255601806N01004223EA0000001076
B1000335601662N01004052EA0000001071
B1000405601524N01003895EA0000001057
B1000455601429N01003789EA0000001073
B1000515601320N01003678EA0000001069
B1000575601200N01003560EA0000001059
B1001025601095N01003468EA0000001051
B1001075600981N01003382EA0000001032
B1001185600716N01003165EA0000001001
B1001245600575N01003037EA0000000997
B1001305600442N01002890EA0000000988
B1001355600338N01002768EA0000000988
B1001405600235N01002659EA0000000975
B1001455600126N01002617EA0000000971
B1001515559996N01002553EA0000000966
B1001585559850N01002448EA0000000959
B1002035559747N01002385EA0000000961
B1002085559646N01002299EA0000000951
B1002135559552N01002164EA0000000951
B1002195559450N01001985EA0000000969
B1002255559360N01001819EA0000000995
B1002315559275N01001666EA0000000997
B1002395559162N01001435EA0000000981
B1002445559091N01001272EA0000000968
B1002535558974N01000956EA0000000950
B1002585558920N01000783EA0000000966
B1003035558870N01000621EA0000000977
B1003105558812N01000431EA0000001033
B1003155558841N01000339EA0000001042
B1003205558860N01000402EA0000001045
B1003275558800N01000519EA0000001072
B1003325558747N01000580EA0000001084
B1003375558690N01000495EA0000001096
B1003425558728N01000402EA0000001104
B1003475558775N01000469EA0000001125
B1003525558731N01000558EA0000001135
B1003575558670N01000465EA0000001160
B1004025558702N01000360EA0000001183
B1004075558748N01000414EA0000001200
B1004125558701N01000496EA0000001209
B1004175558634N01000422EA0000001227
B1004225558645N01000290EA0000001245
B1004275558708N01000274EA0000001253
B1004325558725N01000379EA0000001266
B1004375558657N01000417EA0000001275
B1004425558608N01000300EA0000001294
B1004475558636N01000186EA0000001305
B1004525558692N01000225EA0000001315
B1004575558675N01000325EA0000001339
B1005025558611N01000288EA0000001345
B1005085558583N01000124EA0000001347
B1005175558567N00959821EA0000001344
B1005235558538N00959598EA0000001346
B1005285558501N00959411EA0000001352
B1005335558464N00959229EA0000001364
B1005395558434N00959013EA0000001369
B1005465558435N00958752EA0000001360
B1005515558458N00958561EA0000001331
B1005565558490N00958351EA0000001305
B1006015558524N00958135EA0000001293
B1006065558559N00957916EA0000001285
B1006135558611N00957619EA0000001285
B1006195558657N00957371EA0000001277
B1006275558713N00957034EA0000001262
B1006335558751N00956769EA0000001250
B1006435558813N00956336EA0000001241
B1006535558882N00955930EA0000001232
B1006585558916N00955734EA0000001226
B1007045558959N00955501EA0000001216
B1007095558993N00955308EA0000001210
B1007175559053N00954999EA0000001192
B1007265559103N00954630EA0000001182
B1007335559138N00954342EA0000001172
B1007425559187N00953982EA0000001165
B1007495559220N00953701EA0000001147
B1007575559264N00953365EA0000001130
B1008035559297N00953114EA0000001125
B1008105559342N00952828EA0000001115
B1008155559374N00952627EA0000001117
B1008205559401N00952434EA0000001139
B1008255559426N00952256EA0000001166
B1008315559443N00952061EA0000001188
B1008375559424N00951857EA0000001189
B1008425559401N00951675EA0000001175
B1008475559372N00951475EA0000001157
B1008555559294N00951157EA0000001162
B1009015559247N00950914EA0000001137
B1009075559222N00950648EA0000001119
B1009145559199N00950334EA0000001104
B1009235559164N00949926EA0000001076
B1009305559137N00949615EA0000001067
B1009365559113N00949353EA0000001059
B1009445559080N00949009EA0000001041
B1009495559064N00948787EA0000001028
B1009545559049N00948564EA0000001018
B1009595559032N00948344EA0000001038
B1010055559006N00948145EA0000001093
B1010105558993N00947992EA0000001076
B1011055559099N00945582EA0000000960
B1011175559127N00945061EA0000000934
B1011255559157N00944711EA0000000918
B1011415559218N00944027EA0000000879
B1011535559240N00943486EA0000000847
B1012405559347N00941451EA0000000771
B1012475559360N00941176EA0000000802
B1013015559391N00940641EA0000000791
B1013125559426N00940181EA0000000759
B1013205559453N00939846EA0000000746
B1013275559474N00939559EA0000000737
B1013375559508N00939153EA0000000729
B1013465559546N00938779EA0000000709
B1013515559570N00938579EA0000000707
B1013585559608N00938301EA0000000694
B1014085559670N00937896EA0000000688
B1014185559724N00937531EA0000000703
B1014255559746N00937292EA0000000717
B1014315559757N00937111EA0000000744
B1014365559778N00937000EA0000000760
B1014415559810N00937063EA0000000769
B1014465559744N00937090EA0000000781
B1014525559729N00936942EA0000000793
B1014575559781N00936930EA0000000803
B1015025559748N00937016EA0000000818
B1015085559695N00936901EA0000000833
B1015135559745N00936869EA0000000849
B1015185559731N00936962EA0000000859
B1015235559659N00936917EA0000000868
B1015285559663N00936789EA0000000889
B1015335559710N00936797EA0000000897
B1015385559669N00936873EA0000000911
B1015435559616N00936775EA0000000926
B1015485559647N00936688EA0000000943
B1015535559666N00936771EA0000000951
B1015585559596N00936768EA0000000970
B1016035559592N00936640EA0000000982
B1016085559640N00936662EA0000001005
B1016135559592N00936723EA0000001018
B1016185559546N00936618EA0000001037
B1016235559582N00936517EA0000001044
B1016305559599N00936603EA0000001057
B1016355559523N00936590EA0000001084
B1016405559487N00936469EA0000001087
B1016455559491N00936312EA0000001084
B1016505559501N00936135EA0000001086
B1016565559504N00935908EA0000001077
B1017015559471N00935704EA0000001072
B1017085559396N00935418EA0000001048
B1017135559338N00935206EA0000001050
B1017185559287N00935003EA0000001068
B1017335559162N00934533EA0000001132
B1017385559127N00934373EA0000001140
B1017455559089N00934131EA0000001141
B1017505559058N00933954EA0000001137
B1017585559004N00933649EA0000001126
B1018065558970N00933340EA0000001130
B1018115558960N00933148EA0000001128
B1018165558955N00932955EA0000001121
B1018235558945N00932670EA0000001103
B1018305558932N00932371EA0000001093
B1018365558915N00932117EA0000001097
B1018435558895N00931825EA0000001097
B1018505558877N00931537EA0000001100
B1018575558865N00931239EA0000001100
B1019025558851N00931043EA0000001125
B1019095558789N00930802EA0000001125
B1019155558707N00930602EA0000001118
B1019205558633N00930434EA0000001107
B1019285558507N00930160EA0000001097
B1019345558414N00929962EA0000001096
B1019395558340N00929796EA0000001089
B1019445558266N00929626EA0000001081
B1019515558167N00929387EA0000001078
B1019575558085N00929189EA0000001082
B1020065557965N00928888EA0000001108
B1020115557910N00928736EA0000001125
B1020165557863N00928575EA0000001117
B1020225557812N00928361EA0000001119
B1020275557770N00928180EA0000001114
B1020385557677N00927778EA0000001095
B1020435557635N00927600EA0000001088
B1020565557544N00927198EA0000001130
B1021035557497N00926995EA0000001121
B1021085557461N00926834EA0000001119
B1021135557426N00926665EA0000001112
B1021185557389N00926494EA0000001097
B1021235557352N00926323EA0000001098
B1021315557299N00926057EA0000001106
B1021385557246N00925840EA0000001109
B1021435557206N00925680EA0000001083
B1021495557148N00925459EA0000001064
B1021545557102N00925277EA0000001065
B1022005557054N00925053EA0000001072
B1022055557019N00924882EA0000001099
B1022125556974N00924670EA0000001106
B1022175556939N00924506EA0000001115
B1022225556909N00924350EA0000001139
B1022285556874N00924167EA0000001150
B1022355556827N00923936EA0000001157
B1022415556780N00923720EA0000001166
B1022465556741N00923529EA0000001164
B1022535556687N00923254EA0000001177
B1022585556646N00923062EA0000001185
B1023045556598N00922830EA0000001196
B1023105556558N00922628EA0000001236
B1023185556504N00922347EA0000001212
B1023235556470N00922161EA0000001209
B1023315556413N00921861EA0000001198
B1023385556349N00921604EA0000001180
B1024085556111N00920523EA0000001160
B1024385555895N00919495EA0000001140
B1024455555850N00919236EA0000001143
B1025015555750N00918682EA0000001193
B1025075555720N00918487EA0000001198
B1025145555689N00918251EA0000001202
B1025225555659N00917955EA0000001195
B1025285555647N00917723EA0000001192
B1025345555644N00917481EA0000001189
B1025435555645N00917104EA0000001177
B1025485555651N00916897EA0000001169
B1025545555662N00916646EA0000001161
B1025595555676N00916439EA0000001164
B1026045555690N00916241EA0000001183
B1026095555696N00916053EA0000001196
B1026215555696N00915623EA0000001205
B1026275555699N00915394EA0000001194
B1026325555704N00915204EA0000001188
B1026385555708N00914985EA0000001188
B1026435555711N00914801EA0000001186
B1026505555724N00914543EA0000001189
B1026565555739N00914317EA0000001199
B1027035555750N00914062EA0000001206
B1027095555754N00913838EA0000001215
B1027155555757N00913612EA0000001234
B1027205555764N00913433EA0000001237
B1027255555771N00913258EA0000001233
B1027355555793N00912892EA0000001214
B1027425555809N00912618EA0000001197
B1027485555821N00912384EA0000001188
B1027545555833N00912148EA0000001177
B1027595555844N00911945EA0000001165
B1028045555861N00911741EA0000001157
B1028095555881N00911536EA0000001147
B1028145555903N00911325EA0000001136
B1028225555937N00910989EA0000001126
B1028285555963N00910736EA0000001113
B1028355555993N00910451EA0000001113
B1028425556020N00910178EA0000001109
B1028495556046N00909911EA0000001103
B1028545556065N00909711EA0000001093
B1029015556091N00909426EA0000001078
B1029115556131N00909013EA0000001061
B1029185556157N00908722EA0000001046
B1029275556184N00908333EA0000001025
B1029345556204N00908030EA0000001022
B1029395556244N00907850EA0000001023
B1029445556319N00907747EA0000001023
B1029495556402N00907694EA0000001021
B1029545556483N00907627EA0000001017
B1029595556537N00907481EA0000001007
B1030045556566N00907291EA0000000996
B1030095556588N00907088EA0000000992
B1030165556609N00906798EA0000001000
B1030225556630N00906567EA0000001010
B1030275556652N00906380EA0000001004
B1030325556683N00906195EA0000000986
B1030375556729N00906015EA0000000968
B1030425556780N00905840EA0000000957
B1030485556847N00905635EA0000000939
B1030565556956N00905389EA0000000923
B1031025557043N00905218EA0000000912
B1031085557126N00905041EA0000000898
B1031155557213N00904820EA0000000890
B1031225557276N00904575EA0000000883
B1031275557314N00904385EA0000000869
B1031355557369N00904054EA0000000846
B1031415557412N00903806EA0000000839
B1031465557442N00903598EA0000000829
B1031555557487N00903228EA0000000819
B1032025557525N00902943EA0000000809
B1032075557547N00902744EA0000000801
B1032125557564N00902548EA0000000791
B1032185557583N00902313EA0000000778
B1032235557602N00902115EA0000000780
B1032285557621N00901919EA0000000791
B1032335557638N00901740EA0000000817
B1032405557657N00901525EA0000000833
B1032475557656N00901308EA0000000846
B1032565557664N00901022EA0000000839
B1033025557688N00900816EA0000000834
B1033085557707N00900601EA0000000833
B1033145557705N00900385EA0000000827
B1033205557698N00900165EA0000000822
B1033255557694N00859984EA0000000838
B1033305557692N00859826EA0000000866
B1033355557692N00859676EA0000000876
B1033405557674N00859523EA0000000884
B1033465557617N00859415EA0000000895
B1033515557607N00859519EA0000000898
B1033565557677N00859508EA0000000914
B1034015557671N00859375EA0000000928
B1034065557602N00859398EA0000000939
B1034115557614N00859496EA0000000953
B1034165557674N00859457EA0000000965
B1034215557671N00859322EA0000000970
B1034265557598N00859317EA0000000971
B1034315557577N00859431EA0000000989
B1034365557626N00859484EA0000001000
B1034415557671N00859371EA0000000988
B1034465557675N00859184EA0000000973
B1034535557689N00858896EA0000000968
B1034595557701N00858648EA0000000979
B1035045557707N00858447EA0000000989
B1035125557710N00858145EA0000001029
B1035175557710N00857986EA0000001040
B1035235557715N00857781EA0000001034
B1035285557732N00857595EA0000001034
B1035335557745N00857404EA0000001046
B1035395557757N00857178EA0000001055
B1035445557767N00856988EA0000001058
B1035515557789N00856716EA0000001065
B1035565557807N00856515EA0000001071
B1036025557817N00856295EA0000001101
B1036075557817N00856122EA0000001092
B1036155557806N00855816EA0000001069
B1036215557792N00855577EA0000001058
B1036295557768N00855257EA0000001051
B1036355557753N00855018EA0000001043
B1036405557746N00854820EA0000001035
B1036455557739N00854626EA0000001034
B1036525557733N00854365EA0000001043
B1036575557729N00854194EA0000001058
B1037035557719N00853986EA0000001066
B1037105557705N00853760EA0000001085
B1037165557694N00853559EA0000001098
B1037215557688N00853401EA0000001110
B1037285557659N00853195EA0000001114
B1037345557636N00852997EA0000001100
B1037395557625N00852817EA0000001092
B1037485557617N00852494EA0000001107
B1037565557608N00852228EA0000001118
B1038025557597N00852023EA0000001114
B1038075557583N00851853EA0000001125
B1038125557568N00851691EA0000001122
B1038205557552N00851412EA0000001106
B1038255557548N00851231EA0000001106
B1038315557543N00851022EA0000001103
B1038405557544N00850718EA0000001101
B1038465557546N00850528EA0000001104
B1038515557548N00850375EA0000001109
B1038585557470N00850221EA0000001098
B1039035557393N00850133EA0000001094
B1039085557363N00849990EA0000001086
B1039135557403N00849860EA0000001091
B1039185557441N00849744EA0000001112
B1039235557472N00849624EA0000001105
B1039295557456N00849428EA0000001104
B1039345557425N00849266EA0000001117
B1039395557403N00849101EA0000001120
B1039445557388N00848928EA0000001113
B1039495557380N00848741EA0000001113
B1039545557372N00848551EA0000001112
B1039595557363N00848366EA0000001102
B1040055557353N00848129EA0000001079
B1040105557334N00847919EA0000001089
B1040165557295N00847706EA0000001133
B1040215557299N00847566EA0000001153
B1040265557356N00847570EA0000001151
B1040315557316N00847652EA0000001149
B1040365557236N00847605EA0000001169
B1040435557239N00847423EA0000001171
B1040495557313N00847465EA0000001187
B1040545557310N00847554EA0000001190
B1040595557240N00847529EA0000001194
B1041045557218N00847377EA0000001207
B1041095557274N00847309EA0000001208
B1041155557303N00847399EA0000001216
B1041205557238N00847430EA0000001216
B1041255557179N00847334EA0000001226
B1041305557207N00847223EA0000001226
B1041355557232N00847301EA0000001225
B1041405557166N00847325EA0000001243
B1041455557107N00847239EA0000001251
B1041505557135N00847127EA0000001241
B1041555557167N00847202EA0000001235
B1042005557112N00847271EA0000001250
B1042065557033N00847300EA0000001269
B1042115557010N00847174EA0000001273
B1042165557065N00847158EA0000001273
B1042215557057N00847268EA0000001288
B1042275556979N00847250EA0000001297
B1042325556979N00847111EA0000001318
B1042375557038N00847099EA0000001319
B1042425557028N00847203EA0000001333
B1042475556952N00847184EA0000001344
B1042555556902N00846952EA0000001359
B1043015556874N00846746EA0000001338
B1043065556834N00846556EA0000001334
B1043125556784N00846324EA0000001323
B1043195556730N00846039EA0000001304
B1043275556692N00845724EA0000001361
B1043325556673N00845548EA0000001369
B1043395556657N00845281EA0000001350
B1043475556663N00844945EA0000001341
B1043525556674N00844736EA0000001336
B1044015556696N00844356EA0000001319
B1044065556715N00844146EA0000001304
B1044115556741N00843943EA0000001295
B1044165556769N00843743EA0000001290
B1044225556802N00843509EA0000001290
B1044275556830N00843314EA0000001277
B1044335556865N00843073EA0000001261
B1044405556911N00842787EA0000001250
B1044455556949N00842589EA0000001249
B1044505556989N00842396EA0000001241
B1044565557042N00842166EA0000001230
B1045025557100N00841943EA0000001226
B1045145557198N00841501EA0000001224
B1045215557244N00841235EA0000001219
B1045265557268N00841043EA0000001217
B1045315557279N00840843EA0000001211
B1045365557289N00840639EA0000001200
B1045425557296N00840389EA0000001189
B1045485557295N00840139EA0000001177
B1045565557274N00839799EA0000001154
B1046025557238N00839543EA0000001146
B1046095557181N00839256EA0000001141
B1046165557114N00838978EA0000001136
B1046215557063N00838781EA0000001131
B1046385556909N00838151EA0000001182
B1046435556861N00838049EA0000001180
B1046505556782N00837841EA0000001145
B1046575556721N00837583EA0000001161
B1047025556679N00837411EA0000001176
B1047075556639N00837250EA0000001193
B1047155556577N00836988EA0000001202
B1047205556538N00836816EA0000001226
B1047265556493N00836626EA0000001234
B1047325556447N00836422EA0000001213
B1047585556200N00835544EA0000001263
B1048105556077N00835158EA0000001280
B1048185555990N00834886EA0000001268
B1048295555855N00834504EA0000001251
B1048455555666N00833923EA0000001278
B1049175555367N00832893EA0000001286
B1049335555167N00832471EA0000001285
B1049385555134N00832300EA0000001286
B1049465555102N00831987EA0000001272
B1050055555028N00831143EA0000001253
B1051125554230N00828800EA0000001231
B1051235554062N00828421EA0000001235
B1051335553929N00828069EA0000001239
B1051445553800N00827648EA0000001188
B1051565553670N00827133EA0000001164
B1052055553575N00826762EA0000001171
B1052115553517N00826524EA0000001185
B1052175553468N00826304EA0000001183
B1052225553421N00826115EA0000001165
B1052285553361N00825884EA0000001155
B1055195550802N00820621EA0000001095
B1055325550826N00820607EA0000001114
B1055375550767N00820490EA0000001128
B1055425550708N00820550EA0000001129
B1055495550783N00820609EA0000001146
B1055585550821N00820415EA0000001160
B1056035550753N00820434EA0000001156
B1056135550853N00820559EA0000001182
B1056185550867N00820410EA0000001193
B1056235550794N00820381EA0000001200
B1056285550816N00820463EA0000001217
B1056365550844N00820285EA0000001235
B1056425550771N00820321EA0000001249
B1056525550867N00820253EA0000001282
B1057005550782N00820191EA0000001279
B1057055550735N00820284EA0000001304
B1057195550572N00819936EA0000001274
B1057315550430N00819461EA0000001263
B1058425550097N00816772EA0000001253
B1058475550118N00816864EA0000001273
B1058555550135N00816706EA0000001286
B1059005550074N00816751EA0000001301
B1059115550145N00816680EA0000001331
B1059165550083N00816628EA0000001343
B1059225550088N00816741EA0000001353
B1059315550148N00816598EA0000001385
B1059365550084N00816584EA0000001399
B1059425550110N00816683EA0000001414
B1059505550158N00816524EA0000001442
B1059555550097N00816512EA0000001450
B1100205550107N00816062EA0000001483
B1100285550041N00815758EA0000001478
B1102105548677N00812356EA0000001410
B1102395548850N00813058EA0000001327
B1103275549170N00814576EA0000001343
B1103385549167N00814932EA0000001365
B1103515549152N00815321EA0000001353
B1103575549137N00815523EA0000001336
B1104045549121N00815766EA0000001325
B1104115549105N00816003EA0000001329
B1104165549096N00816170EA0000001335
B1104225549091N00816362EA0000001348
B1105075549164N00817813EA0000001382
B1105215549181N00818180EA0000001401
B1105405549218N00818855EA0000001344
B1105495549236N00819207EA0000001327
B1105545549246N00819400EA0000001322
B1106125549292N00820093EA0000001285
B1106255549328N00820594EA0000001267
B1106315549347N00820815EA0000001252
B1106365549363N00820998EA0000001241
B1106475549394N00821390EA0000001237
B1106535549412N00821601EA0000001222
B1107075549437N00822099EA0000001206
B1107145549441N00822342EA0000001198
B1107235549446N00822665EA0000001164
B1107435549444N00823386EA0000001127
B1107485549442N00823570EA0000001123
B1107595549429N00823957EA0000001115
B1108165549388N00824402EA0000001148
B1108355549457N00824963EA0000001156
B1108455549529N00825048EA0000001195
B1108525549458N00824899EA0000001200
B1108585549383N00824963EA0000001218
B1109035549427N00825036EA0000001229
B1109085549454N00824915EA0000001225
B1109165549345N00824746EA0000001253
B1109215549281N00824784EA0000001261
B1109325549342N00825009EA0000001269
B1109465549487N00825375EA0000001250
B1110105549765N00825896EA0000001341
B1110165549777N00825749EA0000001341
B1110215549706N00825711EA0000001357
B1110265549672N00825779EA0000001374
B1110355549714N00825646EA0000001367
B1110405549631N00825592EA0000001387
B1110455549573N00825632EA0000001407
B1110505549612N00825677EA0000001411
B1110595549590N00825431EA0000001432
B1111045549524N00825421EA0000001441
B1111095549524N00825510EA0000001454
B1111155549589N00825459EA0000001460
B1111205549573N00825307EA0000001470
B1111255549500N00825318EA0000001478
B1111425549484N00825182EA0000001514
B1111475549461N00825265EA0000001522
B1111565549527N00825146EA0000001535
B1112015549461N00825084EA0000001548
B1112105549485N00825215EA0000001544
B1112195549496N00825431EA0000001534
B1112285549492N00825703EA0000001509
B1112355549491N00825950EA0000001489
B1112425549493N00826215EA0000001480
B1112475549495N00826406EA0000001465
B1112585549531N00826813EA0000001444
B1113045549549N00827031EA0000001438
B1113105549555N00827249EA0000001423
B1113195549558N00827579EA0000001411
B1113335549540N00828082EA0000001391
B1113435549534N00828439EA0000001391
B1113495549530N00828642EA0000001392
B1114045549529N00829138EA0000001366
B1114125549529N00829409EA0000001343
B1114185549523N00829619EA0000001329
B1114245549512N00829829EA0000001321
B1114385549493N00830311EA0000001306
B1114525549484N00830802EA0000001291
B1114575549480N00830972EA0000001284
B1115105549465N00831418EA0000001262
B1115175549460N00831651EA0000001260
B1115235549458N00831852EA0000001243
B1115325549454N00832163EA0000001227
B1115395549449N00832402EA0000001216
B1115545549435N00832884EA0000001211
B1116015549427N00833077EA0000001217
B1116295549360N00833883EA0000001216
B1116365549350N00834096EA0000001213
B1116455549341N00834368EA0000001239
B1116505549342N00834504EA0000001246
B1116565549340N00834653EA0000001252
B1117035549335N00834834EA0000001246
B1117175549334N00835210EA0000001210
B1117265549373N00835438EA0000001198
B1117395549292N00835768EA0000001158
B1117445549233N00835897EA0000001145
B1118035549025N00836427EA0000001097
B1118245548757N00836999EA0000001071
B1118325548594N00837060EA0000001065
B1120075546520N00836803EA0000000926
B1120175546312N00836900EA0000000910
B1120225546211N00836963EA0000000923
B1120295546098N00837040EA0000000976
B1120345546108N00837126EA0000000973
B1120455546110N00836863EA0000000992
B1120505546044N00836870EA0000000997
B1120565546089N00836938EA0000000997
B1121025546082N00836784EA0000001013
B1121075546012N00836787EA0000001026
B1121205546047N00836667EA0000001033
B1121265545961N00836610EA0000001028
B1121315545884N00836665EA0000001015
B1121395545745N00836775EA0000000998
B1121465545616N00836890EA0000000983
B1121535545485N00837010EA0000000977
B1122035545303N00837171EA0000000974
B1122095545200N00837262EA0000000968
B1122145545116N00837336EA0000000963
B1122225544981N00837458EA0000000943
B1122285544879N00837550EA0000000926
B1122375544720N00837653EA0000000905
B1123175543917N00837571EA0000000919
B1123235543881N00837654EA0000000923
B1123285543950N00837639EA0000000940
B1123335543953N00837512EA0000000951
B1123455543764N00837417EA0000000986
B1123505543703N00837446EA0000000992
B1123565543761N00837492EA0000000998
B1124025543738N00837330EA0000001019
B1124075543670N00837325EA0000001041
B1124125543683N00837412EA0000001039
B1124185543719N00837292EA0000001044
B1124235543653N00837209EA0000001066
B1124285543626N00837292EA0000001072
B1124335543683N00837284EA0000001082
B1124395543673N00837133EA0000001105
B1124445543617N00837170EA0000001110
B1124495543664N00837227EA0000001118
B1124545543707N00837126EA0000001138
B1124595543653N00837046EA0000001146
B1125055543651N00837160EA0000001160
B1125115543704N00837060EA0000001183
B1125165543643N00836991EA0000001192
B1125215543626N00837088EA0000001201
B1125275543694N00837034EA0000001213
B1125325543655N00836910EA0000001230
B1125375543605N00836984EA0000001240
B1125425543664N00837030EA0000001249
B1125485543680N00836865EA0000001276
B1125545543608N00836868EA0000001284
B1125595543647N00836950EA0000001287
B1126055543712N00836820EA0000001308
B1126115543642N00836748EA0000001313
B1126165543630N00836863EA0000001327
B1126215543693N00836873EA0000001340
B1126285543677N00836702EA0000001352
B1126345543588N00836702EA0000001364
B1126405543501N00836649EA0000001375
B1126455543432N00836550EA0000001378
B1126525543335N00836401EA0000001391
B1129095540216N00836322EA0000001146
B1129145540119N00836422EA0000001156
B1129345539742N00836742EA0000001151
B1129535539442N00836961EA0000001183
B1131075538142N00837769EA0000001160
B1131335537892N00837590EA0000001174
B1131395537914N00837701EA0000001201
B1131505537861N00837565EA0000001227
B1131595537912N00837681EA0000001250
B1132135537830N00837507EA0000001281
B1132185537888N00837536EA0000001288
B1132235537852N00837615EA0000001297
B1132325537781N00837420EA0000001318
B1132375537838N00837346EA0000001323
B1132425537873N00837425EA0000001327
B1132565537809N00837231EA0000001360
B1133015537842N00837313EA0000001364
B1133125537792N00837142EA0000001396
B1133195537854N00837197EA0000001413
B1133325537801N00837025EA0000001440
B1133375537851N00837069EA0000001448
B1133425537805N00837132EA0000001453
B1133485537758N00836991EA0000001468
B1133535537817N00836939EA0000001481
B1134005537793N00837039EA0000001498
B1134075537772N00836893EA0000001516
B1134125537827N00836893EA0000001537
B1134195537775N00836957EA0000001536
B1134265537771N00836793EA0000001556
B1134325537819N00836849EA0000001565
B1134445537694N00836729EA0000001589
B1134505537756N00836682EA0000001597
B1134555537743N00836774EA0000001596
B1135045537611N00836834EA0000001600
B1135095537522N00836861EA0000001593
B1135165537393N00836902EA0000001601
B1135225537278N00836937EA0000001600
B1135275537178N00836953EA0000001595
B1136015536409N00836772EA0000001545
B1136125536167N00836853EA0000001527
B1136175536060N00836887EA0000001526
B1138585532735N00838180EA0000001356
B1139155532758N00838049EA0000001393
B1139205532705N00838100EA0000001405
B1139255532730N00838195EA0000001424
B1139315532799N00838133EA0000001438
B1139385532729N00838021EA0000001450
B1139445532693N00838124EA0000001469
B1139495532757N00838133EA0000001486
B1139565532739N00837978EA0000001495
B1140015532687N00838039EA0000001518
B1140085532761N00838082EA0000001531
B1140135532773N00837957EA0000001535
B1140195532694N00837945EA0000001549
B1140245532691N00838044EA0000001562
B1140295532754N00838016EA0000001573
B1140385532678N00837850EA0000001591
B1140435532656N00837931EA0000001596
B1140565532717N00837706EA0000001622
B1141255532232N00837623EA0000001598
B1144255528489N00836848EA0000001517
B1145065527702N00837385EA0000001452
B1146305526088N00838658EA0000001432
B1146375526132N00838703EA0000001443
B1146425526110N00838563EA0000001440
B1146525525970N00838606EA0000001463
B1147025526043N00838528EA0000001480
B1147075525974N00838456EA0000001483
B1147125525957N00838547EA0000001497
B1147195526013N00838462EA0000001505
B1147245525954N00838359EA0000001507
B1147295525919N00838440EA0000001515
B1147565526311N00838220EA0000001499
B1148155526669N00838194EA0000001437
B1149575528796N00837592EA0000001299
B1150035528804N00837682EA0000001299
B1150155528714N00837499EA0000001323
B1150225528767N00837555EA0000001339
B1150295528682N00837510EA0000001358
B1150345528703N00837380EA0000001367
B1150415528754N00837446EA0000001377
B1150475528675N00837430EA0000001388
B1150545528711N00837259EA0000001414
B1151015528743N00837344EA0000001420
B1151135528695N00837094EA0000001439
B1151195528757N00837136EA0000001429
B1151255528825N00837246EA0000001438
B1151305528876N00837317EA0000001463
B1151355528921N00837253EA0000001456
B1151445528815N00837217EA0000001466
B1157295535167N00834989EA0000001209
B1157445535123N00834886EA0000001232
B1157505535158N00834956EA0000001238
B1158025535089N00834790EA0000001277
B1158085535123N00834849EA0000001268
B1158245535021N00834648EA0000001315
B1158295535050N00834711EA0000001320
B1158425534988N00834508EA0000001349
B1158485535016N00834587EA0000001354
B1158555534910N00834550EA0000001373
B1159015534929N00834426EA0000001387
B1159085534929N00834540EA0000001397
B1159175534866N00834395EA0000001414
B1159255534915N00834475EA0000001432
B1159365534835N00834329EA0000001463
B1159435534870N00834401EA0000001468
B1159555534791N00834206EA0000001503
B1200035534823N00834292EA0000001505
B1200095534734N00834244EA0000001510
B1200145534732N00834104EA0000001531
B1202425537559N00834348EA0000001376
B1202505537710N00834392EA0000001404
B1203245538257N00834504EA0000001421
B1205085540098N00834558EA0000001330
B1205135540160N00834609EA0000001334
B1205235540131N00834866EA0000001295
B1205345540120N00835238EA0000001265
B1205585540108N00836074EA0000001206
B1208165539144N00840658EA0000001071
B1208535538892N00841733EA0000001018
B1209385538535N00842919EA0000001052
B1209445538451N00843031EA0000001033
B1209515538339N00843171EA0000001013
B1209565538263N00843283EA0000001008
B1210015538194N00843396EA0000001001
B1210145537985N00843669EA0000000955
B1210195537907N00843780EA0000000949
B1210255537820N00843913EA0000000946
B1210325537728N00844045EA0000000943
B1210395537670N00844219EA0000000938
B1210465537643N00844392EA0000000940
B1211035537675N00844867EA0000000909
B1211185537723N00845292EA0000000908
B1211245537690N00845457EA0000000890
B1211325537643N00845706EA0000000870
B1211555537493N00846415EA0000000878
B1212145537381N00846921EA0000000868
B1212195537383N00847040EA0000000894
B1212275537447N00847119EA0000000901
B1212335537479N00846964EA0000000883
B1212445537301N00846954EA0000000905
B1212495537254N00847014EA0000000913
B1213065537203N00847392EA0000000877
B1213115537151N00847516EA0000000872
B1213265536981N00847787EA0000000922
B1213365536890N00847980EA0000000907
B1213425536824N00848134EA0000000897
B1213485536761N00848277EA0000000912
B1213595536673N00848490EA0000000932
B1214135536694N00848771EA0000000963
B1214195536750N00848804EA0000000955
B1214315536638N00848739EA0000000981
B1214365536649N00848838EA0000001000
B1214445536671N00848714EA0000001010
B1214505536610N00848792EA0000001028
B1214565536671N00848830EA0000001044
B1215085536582N00848790EA0000001070
B1215135536628N00848843EA0000001077
B1215195536635N00848705EA0000001072
B1215255536540N00848701EA0000001092
B1215305536513N00848782EA0000001103
B1215355536570N00848753EA0000001119
B1215425536498N00848644EA0000001135
B1215475536473N00848727EA0000001143
B1215525536538N00848719EA0000001158
B1215575536512N00848598EA0000001169
B1216025536474N00848677EA0000001180
B1216075536534N00848671EA0000001203
B1216125536505N00848559EA0000001209
B1216185536465N00848657EA0000001235
B1216245536532N00848655EA0000001247
B1216295536503N00848541EA0000001252
B1216385536513N00848682EA0000001278
B1216445536554N00848580EA0000001275
B1216555536414N00848626EA0000001303
B1217015536426N00848719EA0000001309
B1217065536486N00848660EA0000001308
B1217125536553N00848706EA0000001304
B1217195536563N00848877EA0000001305
B1217265536599N00849049EA0000001278
B1218075537022N00850226EA0000001202
B1218255537187N00850772EA0000001203
B1218305537220N00850917EA0000001223
B1218365537251N00851072EA0000001242
B1218455537259N00851287EA0000001281
B1218525537321N00851298EA0000001287
B1218575537299N00851163EA0000001306
B1219025537230N00851206EA0000001320
B1219075537264N00851288EA0000001336
B1219165537269N00851114EA0000001363
B1219215537213N00851184EA0000001378
B1219265537259N00851241EA0000001392
B1219315537289N00851128EA0000001407
B1220105537153N00852161EA0000001368
B1220295537106N00852848EA0000001334
B1220385537088N00853163EA0000001314
B1220505537069N00853594EA0000001308
B1220555537059N00853769EA0000001301
B1222215536714N00856836EA0000001219
B1222345536619N00857317EA0000001218
B1222395536584N00857485EA0000001209
B1223105536380N00858637EA0000001151
B1223175536327N00858815EA0000001208
B1223225536286N00858914EA0000001221
B1226235536821N00904501EA0000001097
B1226305536883N00904524EA0000001102
B1226355536876N00904398EA0000001107
B1226405536800N00904427EA0000001118
B1226485536766N00904602EA0000001137
B1227025536755N00904551EA0000001167
B1227075536739N00904653EA0000001181
B1227135536796N00904606EA0000001195
B1227185536740N00904527EA0000001207
B1227245536703N00904649EA0000001220
B1227315536780N00904624EA0000001246
B1227385536704N00904534EA0000001261
B1227435536688N00904646EA0000001278
B1227505536753N00904604EA0000001300
B1227555536698N00904518EA0000001309
B1228005536659N00904619EA0000001325
B1228075536731N00904617EA0000001345
B1228145536665N00904506EA0000001367
B1228195536644N00904605EA0000001371
B1228245536703N00904652EA0000001387
B1228315536714N00904486EA0000001400
B1228365536637N00904481EA0000001415
B1228425536662N00904589EA0000001427
B1228495536684N00904431EA0000001444
B1228545536607N00904425EA0000001456
B1228595536599N00904541EA0000001459
B1229055536671N00904494EA0000001473
B1229105536643N00904355EA0000001485
B1229155536579N00904377EA0000001504
B1229205536613N00904453EA0000001514
B1229255536649N00904347EA0000001517
B1229335536584N00904196EA0000001537
B1229385536564N00904298EA0000001545
B1229435536626N00904293EA0000001557
B1229485536599N00904174EA0000001557
B1229535536528N00904213EA0000001577
B1229585536527N00904311EA0000001589
B1230055536613N00904375EA0000001598
B1230115536689N00904400EA0000001611
B1230165536748N00904455EA0000001597
B1230225536837N00904523EA0000001580
B1230285536936N00904590EA0000001562
B1230385537111N00904697EA0000001527
B1230445537218N00904764EA0000001512
B1230505537331N00904828EA0000001501
B1231015537550N00904909EA0000001490
B1231065537652N00904904EA0000001488
B1231125537771N00904901EA0000001492
B1231185537888N00904898EA0000001494
B1231235537980N00904889EA0000001505
B1231305538113N00904873EA0000001498
B1231355538212N00904859EA0000001498
B1231415538336N00904839EA0000001487
B1231475538462N00904833EA0000001480
B1231525538567N00904823EA0000001466
B1232015538760N00904768EA0000001448
B1232075538883N00904779EA0000001452
B1232125538982N00904811EA0000001448
B1232215539165N00904842EA0000001432
B1232275539292N00904826EA0000001412
B1232405539574N00904718EA0000001393
B1232455539678N00904653EA0000001383
B1232525539823N00904579EA0000001379
B1232595539965N00904485EA0000001377
B1233065540106N00904374EA0000001367
B1233145540264N00904238EA0000001352
B1233205540374N00904128EA0000001342
B1233305540559N00903966EA0000001312
B1233375540693N00903865EA0000001303
B1233435540800N00903789EA0000001335
B1233485540881N00903747EA0000001355
B1233535540962N00903705EA0000001344
B1234035541155N00903612EA0000001315
B1234085541260N00903559EA0000001296
B1234135541364N00903490EA0000001280
B1234215541528N00903357EA0000001264
B1234275541649N00903259EA0000001250
B1234325541750N00903182EA0000001243
B1234385541868N00903090EA0000001234
B1234445541987N00902998EA0000001220
B1234555542209N00902831EA0000001189
B1235015542333N00902743EA0000001184
B1235065542432N00902671EA0000001180
B1235125542549N00902584EA0000001175
B1235225542741N00902448EA0000001167
B1235275542840N00902379EA0000001168
B1235335542955N00902297EA0000001172
B1235405543083N00902209EA0000001164
B1235465543195N00902123EA0000001143
B1235545543346N00901999EA0000001128
B1236015543481N00901910EA0000001116
B1236105543646N00901799EA0000001129
B1236195543815N00901689EA0000001100
B1236245543912N00901613EA0000001103
B1236305544020N00901540EA0000001117
B1236365544133N00901488EA0000001105
B1236425544256N00901462EA0000001109
B1236475544349N00901448EA0000001124
B1236565544513N00901418EA0000001122
B1237025544625N00901403EA0000001103
B1237085544744N00901395EA0000001074
B1237185544947N00901388EA0000001050
B1237235545046N00901387EA0000001035
B1237285545145N00901381EA0000001024
B1237345545264N00901376EA0000001006
B1237405545388N00901368EA0000000993
B1237465545512N00901362EA0000001004
B1237525545632N00901355EA0000000993
B1237575545729N00901352EA0000000985
B1238055545887N00901340EA0000000974
B1238105545987N00901332EA0000000962
B1238205546190N00901312EA0000000941
B1238275546330N00901290EA0000000931
B1238325546429N00901278EA0000000914
B1238395546570N00901273EA0000000898
B1238455546682N00901279EA0000000907
B1238515546791N00901288EA0000000891
B1238585546936N00901256EA0000000869
B1239035547036N00901215EA0000000908
B1239095547140N00901168EA0000000915
B1239205547350N00901072EA0000000896
B1239265547462N00901003EA0000000885
B1239315547559N00900941EA0000000869
B1239365547658N00900883EA0000000856
B1239415547756N00900821EA0000000853
B1239475547867N00900741EA0000000844
B1239545547996N00900651EA0000000829
B1240015548125N00900564EA0000000813
B1240085548257N00900479EA0000000796
B1240155548392N00900401EA0000000780
B1240245548565N00900296EA0000000754
B1240315548700N00900220EA0000000736
B1240365548798N00900165EA0000000723
B1240435548936N00900100EA0000000713
B1240495549033N00900042EA0000000753
B1240565549130N00859987EA0000000758
B1241015549205N00859970EA0000000751
B1241065549280N00859993EA0000000745
B1241115549355N00900037EA0000000745
B1241195549448N00900123EA0000000772
B1241245549465N00900205EA0000000772
B1241305549381N00900193EA0000000777
B1241355549388N00900075EA0000000788
B1241405549421N00900137EA0000000783
B1241465549333N00900205EA0000000805
B1241515549281N00900122EA0000000797
B1241565549330N00900064EA0000000801
B1242015549353N00900147EA0000000822
B1242065549290N00900168EA0000000822
B1242115549290N00900042EA0000000822
B1242165549346N00900079EA0000000837
B1242215549312N00900158EA0000000846
B1242265549266N00900048EA0000000844
B1242315549327N00859987EA0000000853
B1242385549323N00900086EA0000000859
B1242465549269N00859903EA0000000875
B1242515549315N00859884EA0000000877
B1242565549275N00859963EA0000000880
B1243015549232N00859852EA0000000878
B1243065549288N00859798EA0000000892
B1243115549293N00859892EA0000000885
B1243185549185N00859852EA0000000890
B1243235549105N00859817EA0000000901
B1243325549080N00900005EA0000000892
B1243395549147N00900128EA0000000888
B1243445549219N00900170EA0000000889
B1243495549279N00900234EA0000000890
B1243565549297N00900425EA0000000861
B1244065549300N00900770EA0000000849
B1244185549303N00901130EA0000000904
B1244235549301N00901244EA0000000924
B1244315549374N00901251EA0000000922
B1244365549377N00901096EA0000000926
B1244445549260N00901062EA0000000928
B1244515549205N00901186EA0000000940
B1244585549212N00901357EA0000000961
B1245035549252N00901441EA0000000954
B1245095549285N00901571EA0000000939
B1245155549308N00901720EA0000000915
B1245215549356N00901859EA0000000909
B1245265549401N00901954EA0000000936
B1245315549441N00902043EA0000000938
B1245365549487N00902126EA0000000936
B1245465549612N00902319EA0000000903
B1245515549683N00902433EA0000000886
B1245585549783N00902588EA0000000867
B1246055549879N00902749EA0000000857
B1246115549956N00902877EA0000000866
B1246165550016N00902980EA0000000877
B1246225550076N00903088EA0000000897
B1246285550128N00903195EA0000000897
B1246365550203N00903359EA0000000877
B1246435550283N00903514EA0000000863
B1246505550360N00903676EA0000000879
B1246565550417N00903798EA0000000866
B1247015550480N00903913EA0000000849
B1247065550543N00904029EA0000000864
B1247125550607N00904157EA0000000890
B1247175550646N00904237EA0000000921
B1247225550688N00904169EA0000000917
B1247275550626N00904104EA0000000921
B1247345550605N00904249EA0000000937
B1247395550661N00904216EA0000000947
B1247445550643N00904086EA0000000945
B1247495550568N00904081EA0000000960
B1247545550534N00904172EA0000000964
B1247595550576N00904218EA0000000973
B1248055550586N00904076EA0000000973
B1248105550511N00904071EA0000000976
B1248155550512N00904178EA0000000984
B1248205550567N00904166EA0000000991
B1248265550520N00904032EA0000000993
B1248315550470N00904114EA0000001007
B1248365550516N00904162EA0000001006
B1248415550568N00904058EA0000001017
B1248465550592N00903923EA0000001017
B1248525550677N00903871EA0000001008
B1248575550765N00903865EA0000001000
B1249025550862N00903853EA0000000985
B1249075550965N00903842EA0000000971
B1249125551070N00903825EA0000000952
B1249185551194N00903803EA0000000939
B1249255551343N00903779EA0000000909
B1249315551471N00903754EA0000000898
B1249365551579N00903728EA0000000892
B1249425551708N00903701EA0000000877
B1249485551835N00903674EA0000000860
B1249545551957N00903652EA0000000854
B1249595552055N00903627EA0000000854
B1250065552194N00903592EA0000000835
B1250115552293N00903559EA0000000840
B1250185552426N00903520EA0000000837
B1250245552540N00903514EA0000000824
B1250295552636N00903532EA0000000819
B1250345552727N00903558EA0000000835
B1250395552800N00903570EA0000000867
B1250445552858N00903599EA0000000871
B1250505552907N00903692EA0000000861
B1250575553007N00903685EA0000000872
B1251035553092N00903654EA0000000885
B1251095553140N00903703EA0000000900
B1251145553078N00903728EA0000000904
B1251195553060N00903607EA0000000918
B1251255553112N00903549EA0000000917
B1251325553070N00903640EA0000000921
B1251375553009N00903555EA0000000936
B1251425553021N00903451EA0000000933
B1251475553064N00903499EA0000000935
B1251535553009N00903598EA0000000942
B1251585552992N00903692EA0000000950
B1252035553046N00903694EA0000000953
B1252085553027N00903569EA0000000949
B1252135552979N00903640EA0000000943
B1252185553017N00903747EA0000000964
B1252235553068N00903758EA0000000974
B1252285553051N00903629EA0000000951
B1252355552933N00903648EA0000000965
B1252405552898N00903732EA0000000971
B1252455552947N00903713EA0000000977
B1252515552877N00903628EA0000000991
B1252565552870N00903734EA0000001006
B1253015552920N00903669EA0000001014
B1253065552857N00903582EA0000001028
B1253115552846N00903685EA0000001041
B1253165552902N00903635EA0000001055
B1253225552830N00903536EA0000001058
B1253275552810N00903653EA0000001079
B1253325552865N00903686EA0000001095
B1253375552872N00903544EA0000001092
B1253425552798N00903465EA0000001107
B1253475552763N00903563EA0000001115
B1253535552824N00903532EA0000001127
B1253585552768N00903436EA0000001136
B1254035552713N00903520EA0000001149
B1254085552748N00903586EA0000001155
B1254135552758N00903456EA0000001163
B1254185552690N00903487EA0000001170
B1254235552744N00903538EA0000001176
B1254285552743N00903397EA0000001189
B1254335552681N00903452EA0000001196
B1254395552751N00903466EA0000001213
B1254445552724N00903334EA0000001219
B1254495552648N00903371EA0000001231
B1254545552628N00903472EA0000001253
B1254595552681N00903490EA0000001261
B1255045552676N00903363EA0000001256
B1255095552610N00903401EA0000001268
B1255145552642N00903493EA0000001284
B1255195552691N00903407EA0000001289
B1255245552631N00903322EA0000001289
B1255295552586N00903405EA0000001304
B1255345552637N00903469EA0000001308
B1255395552684N00903377EA0000001306
B1255445552617N00903312EA0000001300
B1255495552605N00903436EA0000001309
B1255545552646N00903532EA0000001316
B1256015552750N00903609EA0000001289
B1256065552834N00903680EA0000001276
B1256115552922N00903763EA0000001257
B1256165553015N00903854EA0000001237
B1256235553144N00903979EA0000001227
B1256295553248N00904079EA0000001215
B1256355553349N00904188EA0000001200
B1256405553434N00904280EA0000001195
B1256465553535N00904387EA0000001182
B1256535553658N00904506EA0000001163
B1256595553768N00904609EA0000001138
B1257065553893N00904740EA0000001118
B1257115553981N00904840EA0000001124
B1257165554059N00904933EA0000001131
B1257215554140N00905024EA0000001113
B1257275554240N00905147EA0000001098
B1257355554375N00905308EA0000001084
B1257405554457N00905401EA0000001070
B1257475554569N00905527EA0000001048
B1257525554648N00905620EA0000001040
B1257575554724N00905718EA0000001033
B1258025554799N00905811EA0000001027
B1258085554898N00905883EA0000001017
B1258135554988N00905908EA0000001008
B1258185555076N00905938EA0000000995
B1258245555182N00905977EA0000000981
B1258295555271N00906018EA0000000966
B1258345555362N00906063EA0000000949
B1258415555489N00906127EA0000000930
B1258485555623N00906167EA0000000906
B1258535555723N00906174EA0000000899
B1258595555843N00906181EA0000000890
B1259055555965N00906183EA0000000873
B1259105556066N00906185EA0000000869
B1259155556163N00906184EA0000000869
B1259215556274N00906175EA0000000864
B1259285556403N00906161EA0000000846
B1259405556627N00906148EA0000000848
B1259455556710N00906125EA0000000860
B1259515556809N00906113EA0000000836
B1259575556921N00906098EA0000000811
B1300025557012N00906131EA0000000795
B1300085557101N00906250EA0000000777
B1300135557166N00906372EA0000000764
B1300205557250N00906546EA0000000757
B1300255557305N00906663EA0000000748
B1300305557357N00906781EA0000000735
B1300355557412N00906898EA0000000723
B1300435557501N00907080EA0000000724
B1300485557554N00907195EA0000000707
B1300535557607N00907319EA0000000690
B1300585557659N00907446EA0000000678
B1301055557733N00907620EA0000000656
B1301105557794N00907734EA0000000642
B1301155557874N00907804EA0000000633
B1301205557958N00907845EA0000000622
B1301265558062N00907761EA0000000612
B1301315558133N00907675EA0000000622
B1301365558201N00907580EA0000000608
B1301415558266N00907454EA0000000618
B1301465558312N00907347EA0000000649
B1301515558372N00907350EA0000000632
B1301565558436N00907286EA0000000611
B1302015558494N00907162EA0000000591
B1302095558591N00906952EA0000000575
B1302145558651N00906830EA0000000564
B1302195558709N00906698EA0000000559
B1302245558763N00906581EA0000000583
B1302295558807N00906489EA0000000612
B1302345558854N00906516EA0000000606
B1302395558810N00906607EA0000000616
B1302445558753N00906540EA0000000610
B1302495558773N00906402EA0000000631
B1302545558820N00906360EA0000000635
B1302595558798N00906453EA0000000625
B1303055558729N00906332EA0000000641
B1303105558741N00906222EA0000000645
B1303155558770N00906296EA0000000639
B1303205558694N00906280EA0000000632
B1303255558654N00906143EA0000000653
B1303305558665N00906029EA0000000659
B1303355558719N00906064EA0000000660
B1303415558651N00906131EA0000000661
B1303465558624N00905991EA0000000671
B1303515558680N00905970EA0000000679
B1303565558642N00906059EA0000000684
B1304025558602N00905929EA0000000700
B1304075558654N00905934EA0000000699
B1304135558589N00906002EA0000000706
B1304185558585N00905875EA0000000704
B1304235558640N00905914EA0000000728
B1304285558599N00905990EA0000000733
B1304335558565N00905882EA0000000736
B1304385558623N00905888EA0000000752
B1304435558606N00905982EA0000000759
B1304485558559N00905895EA0000000760
B1304535558621N00905867EA0000000778
B1304585558595N00905961EA0000000780
B1305035558525N00905891EA0000000801
B1305085558538N00905785EA0000000808
B1305135558563N00905862EA0000000810
B1305185558489N00905846EA0000000822
B1305235558487N00905718EA0000000836
B1305285558537N00905756EA0000000834
B1305335558492N00905867EA0000000850
B1305385558429N00905817EA0000000860
B1305435558480N00905770EA0000000860
B1305485558478N00905892EA0000000880
B1305535558413N00905849EA0000000897
B1305585558455N00905797EA0000000909
B1306035558452N00905894EA0000000924
B1306085558395N00905831EA0000000927
B1306135558448N00905786EA0000000942
B1306185558431N00905892EA0000000958
B1306235558373N00905826EA0000000972
B1306285558419N00905777EA0000000983
B1306335558411N00905883EA0000000994
B1306385558351N00905813EA0000000995
B1306435558391N00905713EA0000001026
B1306485558406N00905801EA0000001024
B1306535558327N00905798EA0000001042
B1306585558341N00905694EA0000001057
B1307035558367N00905776EA0000001066
B1307085558304N00905841EA0000001077
B1307135558293N00905730EA0000001087
B1307185558330N00905796EA0000001098
B1307235558262N00905822EA0000001100
B1307285558265N00905682EA0000001112
B1307335558310N00905711EA0000001128
B1307385558247N00905758EA0000001141
B1307435558236N00905637EA0000001152
B1307485558283N00905671EA0000001162
B1307535558223N00905733EA0000001170
B1307585558177N00905613EA0000001185
B1308035558229N00905581EA0000001192
B1308085558196N00905684EA0000001207
B1308135558137N00905599EA0000001217
B1308185558186N00905538EA0000001224
B1308235558164N00905644EA0000001236
B1308285558099N00905561EA0000001256
B1308335558144N00905502EA0000001266
B1308385558129N00905604EA0000001287
B1308435558065N00905531EA0000001302
B1308485558105N00905466EA0000001312
B1308535558102N00905574EA0000001326
B1308585558024N00905541EA0000001339
B1309035558036N00905420EA0000001352
B1309085558082N00905475EA0000001363
B1309135558017N00905544EA0000001377
B1309185557976N00905418EA0000001390
B1309235558030N00905379EA0000001398
B1309285558007N00905488EA0000001409
B1309345557923N00905436EA0000001429
B1309395557966N00905355EA0000001432
B1309465557949N00905506EA0000001456
B1309515557882N00905453EA0000001463
B1309565557918N00905364EA0000001467
B1310015557950N00905467EA0000001464
B1310075558033N00905522EA0000001469
B1310135558134N00905527EA0000001476
B1310195558244N00905526EA0000001480
B1310245558327N00905511EA0000001532
B1310295558362N00905429EA0000001537
B1310345558291N00905395EA0000001527
B1310395558287N00905537EA0000001539
B1310445558319N00905640EA0000001562
B1310495558375N00905626EA0000001577
B1310545558338N00905510EA0000001580
B1310595558301N00905598EA0000001592
B1311045558363N00905601EA0000001608
B1311095558371N00905471EA0000001614
B1311145558297N00905492EA0000001615
B1311195558328N00905593EA0000001636
B1311245558378N00905530EA0000001652
B1311305558305N00905444EA0000001650
B1311355558298N00905563EA0000001662
B1311405558352N00905629EA0000001679
B1311455558403N00905513EA0000001675
B1311525558519N00905448EA0000001656
B1311575558615N00905444EA0000001657
B1312035558729N00905461EA0000001648
B1312085558830N00905489EA0000001624
B1312145558960N00905539EA0000001602
B1312205559089N00905598EA0000001601
B1312255559191N00905654EA0000001596
B1312325559342N00905663EA0000001576
B1312385559477N00905629EA0000001568
B1312445559611N00905587EA0000001558
B1312535559811N00905516EA0000001536
B1312585559926N00905482EA0000001528
B1313035600039N00905452EA0000001522
B1313085600151N00905425EA0000001517
B1313145600282N00905393EA0000001511
B1313225600453N00905352EA0000001497
B1313285600578N00905322EA0000001483
B1313365600749N00905281EA0000001462
B1313475600984N00905218EA0000001442
B1313525601086N00905191EA0000001443
B1313575601181N00905164EA0000001442
B1314025601273N00905132EA0000001433
B1314075601374N00905099EA0000001404
B1314135601504N00905066EA0000001391
B1314185601611N00905040EA0000001389
B1314235601718N00905011EA0000001386
B1314305601866N00904969EA0000001380
B1314375602009N00904934EA0000001375
B1314455602170N00904902EA0000001369
B1314505602269N00904883EA0000001367
B1314555602367N00904859EA0000001365
B1315035602523N00904819EA0000001355
B1315095602641N00904787EA0000001353
B1315155602761N00904758EA0000001365
B1315205602850N00904737EA0000001392
B1315265602957N00904711EA0000001379
B1315315603056N00904690EA0000001363
B1315365603162N00904668EA0000001348
B1315425603295N00904637EA0000001352
B1315475603394N00904612EA0000001363
B1315525603495N00904589EA0000001351
B1315575603597N00904570EA0000001348
B1316025603698N00904546EA0000001340
B1316085603823N00904515EA0000001326
B1316135603928N00904492EA0000001319
B1316195604055N00904467EA0000001315
B1316255604181N00904444EA0000001301
B1316335604350N00904410EA0000001302
B1316395604472N00904389EA0000001321
B1316445604566N00904375EA0000001346
B1316505604660N00904361EA0000001364
B1316565604748N00904369EA0000001354
B1317015604829N00904386EA0000001341
B1317075604936N00904395EA0000001345
B1317125605021N00904395EA0000001366
B1317175605105N00904389EA0000001351
B1317245605242N00904345EA0000001331
B1317315605387N00904281EA0000001316
B1317395605561N00904191EA0000001292
B1317445605669N00904131EA0000001281
B1317515605817N00904056EA0000001266
B1317565605921N00904007EA0000001260
B1318015606021N00903960EA0000001256
B1318095606176N00903886EA0000001245
B1318175606329N00903823EA0000001222
B1318225606428N00903785EA0000001210
B1318285606545N00903728EA0000001185
B1318345606665N00903653EA0000001174
B1318395606764N00903588EA0000001165
B1318445606863N00903518EA0000001156
B1318495606953N00903445EA0000001177
B1318555607052N00903369EA0000001176
B1319005607141N00903325EA0000001185
B1319065607235N00903284EA0000001233
B1319115607290N00903323EA0000001238
B1319165607365N00903367EA0000001234
B1319215607439N00903398EA0000001269
B1319265607439N00903482EA0000001269
B1319315607376N00903417EA0000001249
B1319365607424N00903274EA0000001248
B1319435607537N00903160EA0000001255
B1319485607626N00903116EA0000001249
B1319535607724N00903084EA0000001231
B1319595607850N00903052EA0000001223
B1320045607953N00903028EA0000001218
B1320145608163N00902986EA0000001196
B1320195608268N00902972EA0000001186
B1320255608391N00902959EA0000001173
B1320315608510N00902955EA0000001159
B1320375608628N00902956EA0000001140
B1320425608729N00902960EA0000001128
B1320495608872N00902968EA0000001106
B1320575609038N00902973EA0000001082
B1321025609140N00902981EA0000001073
B1321075609240N00902989EA0000001065
B1321145609379N00903003EA0000001045
B1321205609499N00903014EA0000001034
B1321255609600N00903025EA0000001026
B1321325609743N00903046EA0000001014
B1321405609907N00903069EA0000000995
B1321465610033N00903079EA0000000977
B1321555610221N00903082EA0000000964
B1322015610345N00903089EA0000000950
B1322065610445N00903087EA0000000965
B1322125610554N00903085EA0000000966
B1322175610646N00903088EA0000000951
B1322225610742N00903078EA0000000953
B1322285610847N00903019EA0000000984
B1322335610912N00902977EA0000001027
B1322385610945N00903053EA0000001036
B1322435610870N00903074EA0000001064
B1322485610877N00902957EA0000001090
B1322535610917N00903022EA0000001106
B1322585610852N00903075EA0000001132
B1323035610828N00902947EA0000001153
B1323085610885N00902927EA0000001177
B1323135610863N00903035EA0000001197
B1323185610803N00902959EA0000001209
B1323235610856N00902897EA0000001242
B1323285610862N00903004EA0000001257
B1323335610784N00902973EA0000001271
B1323385610794N00902845EA0000001301
B1323435610844N00902900EA0000001320
B1323495610770N00902965EA0000001335
B1323555610737N00902804EA0000001366
B1324005610795N00902800EA0000001385
B1324055610755N00902889EA0000001398
B1324105610712N00902766EA0000001417
B1324155610755N00902675EA0000001443
B1324205610767N00902772EA0000001453
B1324255610690N00902761EA0000001472
B1324305610655N00902650EA0000001496
B1324355610708N00902662EA0000001496
B1324405610681N00902777EA0000001522
B1324455610621N00902694EA0000001536
B1324505610675N00902651EA0000001555
B1324555610668N00902763EA0000001576
B1325005610597N00902700EA0000001584
B1325055610648N00902615EA0000001619
B1325105610664N00902716EA0000001642
B1325155610593N00902694EA0000001658
B1325205610620N00902584EA0000001673
B1325255610659N00902666EA0000001700
B1325305610593N00902715EA0000001719
B1325355610571N00902590EA0000001731
B1325405610632N00902598EA0000001756
B1325455610607N00902701EA0000001771
B1325505610539N00902636EA0000001777
B1325555610567N00902505EA0000001805
B1326005610611N00902562EA0000001822
B1326055610548N00902610EA0000001836
B1326105610532N00902472EA0000001848
B1326155610593N00902452EA0000001866
B1326205610564N00902554EA0000001877
B1326255610488N00902484EA0000001904
B1326305610489N00902364EA0000001907
B1326355610550N00902400EA0000001922
B1326425610644N00902480EA0000001921
B1326475610729N00902554EA0000001900
B1326545610871N00902664EA0000001885
B1326595610982N00902731EA0000001874
B1327065611094N00902959EA0000001856
B1327115611165N00903147EA0000001834
B1327185611268N00903419EA0000001805
B1327235611344N00903607EA0000001793
B1327285611419N00903790EA0000001787
B1327335611491N00903972EA0000001787
B1327405611592N00904220EA0000001776
B1327455611660N00904392EA0000001773
B1327505611729N00904556EA0000001765
B1327555611796N00904723EA0000001759
B1328025611886N00904958EA0000001751
B1328075611934N00905145EA0000001749
B1328125611966N00905346EA0000001750
B1328175611991N00905545EA0000001766
B1328225612026N00905731EA0000001766
B1328275612066N00905923EA0000001754
B1328325612112N00906110EA0000001758
B1328375612161N00906285EA0000001775
B1328435612209N00906493EA0000001774
B1328495612244N00906710EA0000001774
B1328585612286N00907043EA0000001745
B1329035612306N00907225EA0000001781
B1329085612326N00907396EA0000001801
B1329135612344N00907561EA0000001808
B1329205612369N00907812EA0000001785
B1329285612403N00908140EA0000001761
B1329355612435N00908421EA0000001758
B1329415612465N00908677EA0000001738
B1329505612511N00909045EA0000001728
B1329565612543N00909273EA0000001717
B1330015612573N00909457EA0000001716
B1330065612606N00909624EA0000001749
B1330115612635N00909772EA0000001768
B1330185612677N00909978EA0000001792
B1330235612710N00910137EA0000001780
B1330285612744N00910323EA0000001756
B1330345612788N00910570EA0000001733
B1330405612829N00910810EA0000001762
B1330485612876N00911099EA0000001770
B1330545612915N00911323EA0000001756
B1331045612988N00911709EA0000001724
B1331105613043N00911931EA0000001708
B1331155613105N00912102EA0000001701
B1331205613165N00912276EA0000001694
B1331255613222N00912446EA0000001707
B1331305613272N00912601EA0000001709
B1331385613361N00912863EA0000001676
B1331455613439N00913102EA0000001691
B1331515613494N00913315EA0000001650
B1331575613547N00913551EA0000001623
B1332045613597N00913834EA0000001609
B1332125613639N00914162EA0000001606
B1332185613675N00914401EA0000001597
B1332235613723N00914586EA0000001573
B1332335613831N00914929EA0000001576
B1332385613880N00915088EA0000001580
B1332435613914N00915241EA0000001605
B1332505613946N00915429EA0000001636
B1332555613958N00915564EA0000001635
B1333015613972N00915746EA0000001630
B1333065613988N00915915EA0000001627
B1333115614007N00916090EA0000001633
B1333165614030N00916265EA0000001644
B1333215614055N00916424EA0000001659
B1333265614083N00916595EA0000001630
B1333315614109N00916787EA0000001632
B1333385614142N00917055EA0000001596
B1333445614175N00917307EA0000001560
B1333495614206N00917523EA0000001546
B1333545614222N00917742EA0000001530
B1334005614240N00918005EA0000001503
B1334065614264N00918268EA0000001477
B1334145614273N00918622EA0000001453
B1334195614303N00918836EA0000001459
B1334245614337N00919028EA0000001473
B1334325614400N00919315EA0000001454
B1334385614467N00919528EA0000001456
B1334445614524N00919721EA0000001493
B1334495614563N00919866EA0000001487
B1335015614670N00920257EA0000001447
B1335065614704N00920438EA0000001436
B1335115614743N00920620EA0000001438
B1335165614775N00920782EA0000001451
B1335225614835N00920962EA0000001427
B1335295614939N00921146EA0000001410
B1335355615037N00921290EA0000001401
B1335415615133N00921431EA0000001386
B1335465615212N00921544EA0000001387
B1335525615307N00921680EA0000001379
B1335585615397N00921832EA0000001365
B1336035615472N00921962EA0000001352
B1336085615552N00922092EA0000001333
B1336155615662N00922278EA0000001318
B1336205615734N00922420EA0000001309
B1336255615800N00922571EA0000001294
B1336335615920N00922809EA0000001269
B1336385615971N00922973EA0000001295
B1336435616000N00923112EA0000001324
B1336505616034N00923319EA0000001286
B1336555616058N00923499EA0000001262
B1337025616092N00923759EA0000001247
B1337125616138N00924083EA0000001294
B1337175616153N00924220EA0000001307
B1337235616166N00924395EA0000001299
B1337285616174N00924560EA0000001299
B1337355616189N00924791EA0000001314
B1337435616214N00925072EA0000001289
B1337525616259N00925422EA0000001267
B1337575616291N00925624EA0000001263
B1338025616328N00925829EA0000001257
B1338105616394N00926130EA0000001254
B1338265616531N00926696EA0000001238
B1338325616573N00926916EA0000001227
B1338385616615N00927132EA0000001218
B1338455616671N00927376EA0000001197
B1338545616745N00927695EA0000001184
B1339015616806N00927946EA0000001173
B1339065616849N00928123EA0000001171
B1339125616910N00928320EA0000001159
B1339175616964N00928484EA0000001145
B1339235617029N00928683EA0000001125
B1339285617091N00928845EA0000001111
B1339345617165N00929037EA0000001104
B1339395617225N00929192EA0000001097
B1339445617284N00929341EA0000001088
B1339505617352N00929522EA0000001070
B1339555617403N00929686EA0000001050
B1340015617473N00929876EA0000001029
B1340065617547N00930003EA0000001039
B1340125617614N00930154EA0000001048
B1340175617627N00930312EA0000001048
B1340235617597N00930512EA0000001042
B1340285617585N00930695EA0000001023
B1340335617575N00930889EA0000001005
B1340395617565N00931132EA0000000989
B1340465617549N00931421EA0000000972
B1340525617532N00931669EA0000000956
B1340595617513N00931931EA0000000990
B1341085617480N00932179EA0000001026
B1341135617474N00932301EA0000001040
B1341185617525N00932376EA0000001020
B1341235617574N00932479EA0000001044
B1341285617614N00932574EA0000001045
B1341335617654N00932690EA0000001035
B1341415617728N00932898EA0000001005
B1341465617779N00933048EA0000000994
B1341535617854N00933263EA0000000982
B1341595617916N00933451EA0000000980
B1342055617978N00933642EA0000000976
B1342115618028N00933825EA0000000995
B1342175618074N00933977EA0000001001
B1342225618124N00934089EA0000000982
B1342295618228N00934238EA0000000957
B1342345618305N00934342EA0000000951
B1342405618400N00934462EA0000000954
B1342455618466N00934550EA0000000991
B1342545618552N00934691EA0000001016
B1343025618635N00934775EA0000001014
B1343075618680N00934885EA0000000996
B1343125618724N00935037EA0000000970
B1343195618785N00935269EA0000000957
B1343255618834N00935466EA0000000946
B1343315618880N00935665EA0000000924
B1343385618940N00935903EA0000000907
B1343445618995N00936104EA0000000897
B1343515619058N00936334EA0000000892
B1343565619099N00936499EA0000000882
B1344015619140N00936667EA0000000872
B1344105619215N00936959EA0000000863
B1344215619306N00937310EA0000000836
B1344285619368N00937541EA0000000816
B1344355619431N00937786EA0000000796
B1344415619485N00937998EA0000000792
B1344495619551N00938264EA0000000778
B1345105619674N00939020EA0000000710
B1345215619721N00939414EA0000000688
B1345275619749N00939629EA0000000690
B1345325619787N00939777EA0000000712
B1345385619828N00939908EA0000000760
B1345445619881N00939909EA0000000757
B1345505619808N00939841EA0000000761
B1345555619768N00939969EA0000000780
B1346005619825N00939986EA0000000785
B1346055619800N00939857EA0000000806
B1346115619719N00939858EA0000000834
B1346165619738N00939954EA0000000846
B1346225619759N00939854EA0000000863
B1346275619688N00939883EA0000000870
B1346325619715N00939992EA0000000883
B1346375619750N00939904EA0000000892
B1346425619683N00939856EA0000000912
B1346475619658N00939983EA0000000926
B1346525619712N00939999EA0000000937
B1346575619706N00939882EA0000000951
B1347025619635N00939841EA0000000967
B1347075619609N00939960EA0000000972
B1347125619666N00939955EA0000000980
B1347175619628N00939841EA0000000995
B1347225619556N00939895EA0000001010
B1347275619589N00939991EA0000001022
B1347345619609N00939851EA0000001042
B1347395619542N00939824EA0000001052
B1347445619534N00939944EA0000001055
B1347495619581N00939884EA0000001056
B1347545619556N00939746EA0000001093
B1347595619489N00939732EA0000001100
B1348045619492N00939836EA0000001104
B1348095619540N00939784EA0000001123
B1348145619490N00939702EA0000001138
B1348195619453N00939797EA0000001147
B1348245619504N00939815EA0000001158
B1348305619477N00939692EA0000001171
B1348355619419N00939772EA0000001181
B1348405619451N00939865EA0000001201
B1348465619484N00939777EA0000001203
B1348515619405N00939778EA0000001208
B1348565619416N00939904EA0000001233
B1349015619447N00939837EA0000001236
B1349065619368N00939841EA0000001251
B1349115619360N00939968EA0000001271
B1349165619402N00939920EA0000001273
B1349215619333N00939868EA0000001293
B1349265619295N00939985EA0000001312
B1349315619345N00939988EA0000001311
B1349375619317N00939842EA0000001335
B1349425619244N00939843EA0000001349
B1349475619265N00939952EA0000001355
B1349525619282N00939841EA0000001374
B1349575619202N00939808EA0000001389
B1350025619200N00939934EA0000001402
B1350075619242N00939875EA0000001420
B1350125619199N00939767EA0000001443
B1350175619132N00939841EA0000001457
B1350225619171N00939912EA0000001459
B1350275619156N00939790EA0000001471
B1350325619070N00939784EA0000001490
B1350375619087N00939888EA0000001499
B1350425619096N00939782EA0000001504
B1350475619009N00939728EA0000001521
B1350525618956N00939823EA0000001541
B1350575619005N00939873EA0000001544
B1351035619037N00939754EA0000001557
B1351085618955N00939741EA0000001563
B1351135618951N00939866EA0000001579
B1351185619010N00939876EA0000001584
B1351235619065N00939822EA0000001605
B1351285619053N00939716EA0000001607
B1351335618976N00939761EA0000001598
B1351395619012N00939906EA0000001612
B1351445619075N00939967EA0000001609
B1351505619164N00940066EA0000001580
B1351565619261N00940207EA0000001577
B1352015619340N00940333EA0000001577
B1352065619416N00940464EA0000001576
B1352135619518N00940660EA0000001564
B1352195619603N00940835EA0000001549
B1352255619689N00941004EA0000001542
B1352315619778N00941167EA0000001533
B1352385619882N00941361EA0000001526
B1352445619965N00941521EA0000001519
B1352505620041N00941678EA0000001508
B1352555620101N00941816EA0000001494
B1353025620185N00942019EA0000001484
B1353075620241N00942168EA0000001473
B1353125620297N00942329EA0000001458
B1353185620362N00942524EA0000001453
B1353245620428N00942717EA0000001443
B1353345620543N00943037EA0000001428
B1353405620610N00943221EA0000001426
B1353455620661N00943372EA0000001420
B1353525620733N00943580EA0000001412
B1353575620783N00943731EA0000001408
B1354025620829N00943889EA0000001401
B1354075620878N00944048EA0000001393
B1354145620948N00944274EA0000001395
B1354205620995N00944449EA0000001436
B1354255621027N00944586EA0000001438
B1354315621070N00944766EA0000001423
B1354375621116N00944959EA0000001401
B1354445621159N00945192EA0000001414
B1354495621185N00945359EA0000001406
B1354545621210N00945538EA0000001395
B1355005621239N00945758EA0000001405
B1355055621262N00945932EA0000001406
B1355105621284N00946094EA0000001439
B1355165621311N00946276EA0000001438
B1355225621360N00946453EA0000001437
B1355295621438N00946639EA0000001484
B1355345621490N00946685EA0000001508
B1355395621476N00946573EA0000001505
B1355465621368N00946655EA0000001522
B1355515621369N00946775EA0000001533
B1355575621440N00946843EA0000001526
B1356035621514N00946965EA0000001494
B1356115621628N00947172EA0000001473
B1356165621701N00947314EA0000001464
B1356225621784N00947474EA0000001464
B1356305621892N00947684EA0000001450
B1356395622020N00947912EA0000001431
B1356445622099N00948037EA0000001419
B1356535622244N00948263EA0000001407
B1356595622334N00948422EA0000001403
B1357055622423N00948578EA0000001391
B1357135622536N00948787EA0000001384
B1357195622612N00948939EA0000001373
B1357285622738N00949166EA0000001321
B1357365622862N00949398EA0000001301
B1357445622994N00949606EA0000001284
B1357525623125N00949823EA0000001268
B1357585623222N00949975EA0000001284
B1358155623449N00950331EA0000001320
B1358225623530N00950490EA0000001307
B1358295623615N00950686EA0000001282
B1358345623680N00950827EA0000001271
B1358435623793N00951096EA0000001253
B1358535623914N00951411EA0000001237
B1358595623989N00951599EA0000001222
B1359055624064N00951791EA0000001210
B1359125624149N00952026EA0000001200
B1359175624206N00952196EA0000001196
B1359265624301N00952511EA0000001175
B1359595624575N00953702EA0000001123
B1400395624778N00955093EA0000001148
B1400445624810N00955194EA0000001137
B1400495624877N00955281EA0000001121
B1400575625002N00955428EA0000001142
B1401055625109N00955564EA0000001136
B1401115625196N00955686EA0000001125
B1401215625343N00955887EA0000001103
B1401275625429N00956007EA0000001092
B1401345625525N00956148EA0000001078
B1401445625659N00956361EA0000001048
B1401505625741N00956489EA0000001053
B1401555625794N00956500EA0000001074
B1402005625772N00956372EA0000001054
B1402145625506N00956007EA0000000979
B1402225625330N00955782EA0000000957
B1402405624928N00955322EA0000000924
B1402475624766N00955156EA0000000920
B1402575624571N00955015EA0000001015
B1403025624511N00955082EA0000001019
B1403075624557N00955106EA0000001027
B1403125624557N00954969EA0000001053
B1403175624481N00954942EA0000001065
B1403225624479N00955052EA0000001077
B1403285624518N00954954EA0000001102
B1403335624445N00954897EA0000001110
B1403385624415N00955012EA0000001128
B1403435624462N00955025EA0000001140
B1403485624437N00954901EA0000001155
B1403545624351N00954951EA0000001173
B1404005624391N00955002EA0000001177
B1404055624363N00954855EA0000001188
B1404105624277N00954829EA0000001216
B1404165624283N00954940EA0000001229
B1404215624298N00954832EA0000001238
B1404275624198N00954853EA0000001261
B1404325624227N00954931EA0000001276
B1404375624236N00954815EA0000001288
B1404425624147N00954804EA0000001302
B1404495624165N00954923EA0000001322
B1404545624181N00954811EA0000001336
B1405005624080N00954752EA0000001346
B1405055624058N00954874EA0000001358
B1405115624107N00954835EA0000001370
B1405165624041N00954722EA0000001379
B1405215623959N00954791EA0000001397
B1405265623980N00954889EA0000001405
B1405315624010N00954808EA0000001414
B1405365623935N00954723EA0000001424
B1405415623863N00954813EA0000001438
B1405465623898N00954864EA0000001440
B1405525623908N00954719EA0000001466
B1405575623850N00954623EA0000001472
B1406025623782N00954709EA0000001472
B1406085623839N00954763EA0000001484
B1406205623795N00954480EA0000001504
B1406255623737N00954346EA0000001512
B1406415623516N00953853EA0000001432
B1406575623266N00953299EA0000001406
B1407065623128N00953000EA0000001396
B1407125623036N00952803EA0000001385
B1407225622867N00952485EA0000001363
B1407315622708N00952206EA0000001349
B1407395622571N00951971EA0000001347
B1407535622329N00951585EA0000001329
B1408015622189N00951372EA0000001311
B1408075622085N00951200EA0000001297
B1408145621965N00950992EA0000001279
B1408355621609N00950372EA0000001265
B1408405621550N00950218EA0000001283
B1408485621473N00949981EA0000001288
B1408535621408N00949848EA0000001285
B1408595621293N00949719EA0000001294
B1409045621195N00949619EA0000001304
B1409095621100N00949533EA0000001325
B1409215620849N00949313EA0000001271
B1409425620369N00948897EA0000001220
B1409535620121N00948664EA0000001188
B1410045619877N00948428EA0000001149
B1410175619580N00948155EA0000001125
B1410335619205N00947883EA0000001099
B1410385619089N00947785EA0000001095
B1410455618943N00947652EA0000001111
B1410505618867N00947528EA0000001121
B1410585618766N00947312EA0000001122
B1411035618706N00947175EA0000001117
B1411125618581N00946910EA0000001093
B1411175618506N00946755EA0000001100
B1411225618438N00946626EA0000001122
B1411275618369N00946489EA0000001121
B1411345618275N00946298EA0000001134
B1411395618213N00946170EA0000001143
B1411465618138N00945979EA0000001127
B1411565618046N00945657EA0000001103
B1412015618006N00945488EA0000001088
B1412085617943N00945235EA0000001063
B1412165617858N00944941EA0000001054
B1412215617808N00944792EA0000001102
B1412265617772N00944681EA0000001126
B1412325617819N00944609EA0000001122
B1412375617841N00944691EA0000001113
B1412425617775N00944796EA0000001102
B1412575617540N00944856EA0000001139
B1413025617468N00944785EA0000001128
B1413115617454N00944496EA0000001097
B1413185617476N00944243EA0000001088
B1413255617420N00943989EA0000001090
B1413315617328N00943820EA0000001121
B1413365617266N00943707EA0000001116
B1413435617156N00943527EA0000001074
B1413485617064N00943382EA0000001055
B1413535616978N00943236EA0000001076
B1414015616849N00943013EA0000001063
B1414085616736N00942795EA0000001052
B1414185616572N00942462EA0000001024
B1414255616447N00942241EA0000001008
B1414345616278N00941960EA0000000981
B1414395616181N00941807EA0000000971
B1414455616067N00941626EA0000000964
B1414515615958N00941444EA0000000954
B1414575615849N00941255EA0000000938
B1415035615742N00941064EA0000000927
B1415105615621N00940846EA0000000934
B1415155615537N00940702EA0000000933
B1415255615378N00940382EA0000000927
B1415355615260N00940085EA0000000958
B1415425615169N00939870EA0000000938
B1415555614976N00939468EA0000000934
B1416015614874N00939279EA0000000921
B1416065614792N00939127EA0000000925
B1416125614700N00938964EA0000000926
B1416395614284N00938104EA0000000850
B1416465614187N00937879EA0000000835
B1416515614186N00937716EA0000000837
B1416565614222N00937589EA0000000820
B1417015614239N00937411EA0000000781
B1417065614210N00937205EA0000000760
B1417115614176N00936993EA0000000754
B1417185614133N00936730EA0000000787
B1417245614107N00936514EA0000000767
B1417315614094N00936241EA0000000747
B1417375614125N00936012EA0000000728
B1417465614172N00935658EA0000000701
B1417515614196N00935462EA0000000695
B1417575614257N00935255EA0000000679
B1418025614322N00935102EA0000000679
B1418075614385N00934959EA0000000675
B1418135614473N00934816EA0000000673
B1418205614549N00934611EA0000000666
B1418265614559N00934383EA0000000652
B1418315614545N00934185EA0000000629
B1418455614417N00933626EA0000000657
B1418525614360N00933437EA0000000685
B1418575614402N00933403EA0000000675
B1419085614283N00933557EA0000000685
B1419145614191N00933487EA0000000688
B1419215614074N00933380EA0000000677
B1419385613774N00933045EA0000000665
B1419455613637N00932916EA0000000654
B1420035613285N00932572EA0000000621
B1420185612978N00932292EA0000000600
B1420235612874N00932205EA0000000592
B1420285612767N00932111EA0000000581
B1420395612536N00931916EA0000000594
B1420445612445N00931829EA0000000595
B1420495612367N00931715EA0000000592
B1420565612310N00931500EA0000000586
B1421045612294N00931238EA0000000572
B1421125612288N00930969EA0000000558
B1421265612310N00930514EA0000000578
B1421325612340N00930364EA0000000592
B1421375612377N00930396EA0000000575
B1421505612152N00930461EA0000000589
B1421555612152N00930348EA0000000568
B1422005612223N00930367EA0000000572
B1422065612194N00930478EA0000000574
B1422125612126N00930365EA0000000584
B1422185612184N00930333EA0000000585
B1422235612175N00930454EA0000000581
B1422295612094N00930557EA0000000593
B1422345612084N00930655EA0000000594
B1422395612105N00930570EA0000000575
B1422455611992N00930521EA0000000584
B1422505611926N00930573EA0000000603
B1422555611968N00930615EA0000000601
B1423015611925N00930476EA0000000607
B1423065611863N00930537EA0000000613
B1423125611911N00930495EA0000000625
B1423175611844N00930419EA0000000632
B1423225611825N00930521EA0000000632
B1423275611882N00930489EA0000000645
B1423325611831N00930399EA0000000641
B1423385611834N00930526EA0000000650
B1423435611869N00930440EA0000000660
B1423495611780N00930441EA0000000671
B1423545611814N00930499EA0000000678
B1423595611794N00930369EA0000000682
B1424045611722N00930431EA0000000697
B1424105611770N00930426EA0000000702
B1424155611706N00930347EA0000000703
B1424205611695N00930457EA0000000717
B1424255611733N00930387EA0000000712
B1424315611644N00930339EA0000000718
B1424365611619N00930453EA0000000741
B1424425611663N00930403EA0000000743
B1424475611593N00930335EA0000000744
B1424525611564N00930435EA0000000758
B1424575611598N00930475EA0000000759
B1425025611568N00930363EA0000000751
B1425105611481N00930508EA0000000767
B1425155611498N00930614EA0000000772
B1425205611547N00930596EA0000000790
B1425255611492N00930495EA0000000794
B1425325611423N00930649EA0000000820
B1425375611445N00930743EA0000000825
B1425425611455N00930637EA0000000827
B1425475611367N00930639EA0000000863
B1425525611364N00930746EA0000000874
B1425575611401N00930675EA0000000887
B1426025611349N00930570EA0000000909
B1426085611302N00930679EA0000000927
B1426135611350N00930653EA0000000937
B1426185611285N00930570EA0000000955
B1426235611244N00930684EA0000000974
B1426285611298N00930676EA0000000990
B1426335611241N00930583EA0000001006
B1426385611202N00930690EA0000001034
B1426435611253N00930683EA0000001047
B1426485611213N00930555EA0000001067
B1426535611151N00930619EA0000001089
B1426585611190N00930685EA0000001111
B1427035611194N00930580EA0000001127
B1427085611117N00930595EA0000001145
B1427135611126N00930710EA0000001166
B1427185611163N00930644EA0000001185
B1427235611091N00930591EA0000001199
B1427285611075N00930707EA0000001230
B1427335611126N00930695EA0000001246
B1427385611087N00930587EA0000001257
B1427435611027N00930673EA0000001281
B1427485611078N00930716EA0000001300
B1427535611068N00930593EA0000001318
B1427585610989N00930616EA0000001338
B1428035611015N00930710EA0000001355
B1428085611038N00930608EA0000001378
B1428135610967N00930565EA0000001398
B1428195610935N00930691EA0000001423
B1428245610986N00930681EA0000001445
B1428305610937N00930571EA0000001458
B1428355610881N00930654EA0000001485
B1428405610919N00930719EA0000001495
B1428465610923N00930588EA0000001518
B1428515610846N00930616EA0000001526
B1428565610865N00930728EA0000001563
B1429015610909N00930677EA0000001569
B1429065610850N00930595EA0000001583
B1429115610781N00930669EA0000001613
B1429165610807N00930757EA0000001625
B1429215610836N00930661EA0000001644
B1429265610761N00930630EA0000001659
B1429315610766N00930741EA0000001679
B1429365610816N00930678EA0000001703
B1429415610767N00930590EA0000001713
B1429465610720N00930693EA0000001726
B1429515610769N00930734EA0000001740
B1430015610746N00930486EA0000001765
B1430085610676N00930260EA0000001754
B1430155610590N00929997EA0000001743
B1430285610413N00929487EA0000001717
B1430345610330N00929243EA0000001717
B1430405610252N00928998EA0000001717
B1430455610188N00928799EA0000001706
B1430505610139N00928583EA0000001689
B1430555610105N00928354EA0000001675
B1431015610066N00928078EA0000001663
B1431095610011N00927719EA0000001655
B1431155609968N00927454EA0000001641
B1431205609932N00927227EA0000001627
B1431265609890N00926957EA0000001619
B1431315609852N00926737EA0000001618
B1431365609817N00926517EA0000001616
B1431455609759N00926109EA0000001600
B1431545609703N00925699EA0000001589
B1432015609660N00925391EA0000001585
B1432075609624N00925134EA0000001572
B1432135609587N00924873EA0000001558
B1432245609517N00924389EA0000001530
B1432325609462N00924032EA0000001510
B1432405609399N00923680EA0000001496
B1432455609357N00923465EA0000001485
B1432505609314N00923249EA0000001486
B1432555609285N00923057EA0000001527
B1433005609265N00922879EA0000001531
B1433085609239N00922584EA0000001528
B1433145609219N00922342EA0000001499
B1433195609195N00922116EA0000001477
B1433255609163N00921846EA0000001476
B1433315609129N00921581EA0000001463
B1433415609073N00921132EA0000001423
B1433485609020N00920814EA0000001396
B1433565608958N00920452EA0000001382
B1434015608922N00920229EA0000001375
B1434065608887N00920009EA0000001367
B1434135608843N00919708EA0000001357
B1434205608800N00919410EA0000001337
B1434255608769N00919195EA0000001340
B1434315608740N00918964EA0000001371
B1434365608714N00918796EA0000001382
B1434435608685N00918551EA0000001403
B1434505608656N00918325EA0000001409
B1434555608638N00918147EA0000001407
B1435025608607N00917884EA0000001417
B1435075608581N00917697EA0000001415
B1435135608545N00917470EA0000001419
B1435195608506N00917242EA0000001405
B1435265608452N00916964EA0000001371
B1435315608402N00916757EA0000001354
B1435365608348N00916556EA0000001354
B1435445608272N00916256EA0000001386
B1435495608238N00916092EA0000001399
B1435545608209N00915921EA0000001383
B1436005608172N00915690EA0000001359
B1436065608131N00915440EA0000001343
B1436115608089N00915226EA0000001337
B1436175608037N00914982EA0000001339
B1436235607975N00914762EA0000001352
B1436285607922N00914591EA0000001335
B1436335607854N00914416EA0000001309
B1436395607765N00914196EA0000001289
B1436455607677N00913980EA0000001277
B1436535607559N00913689EA0000001250
B1436585607486N00913510EA0000001244
B1437035607411N00913340EA0000001240
B1437085607330N00913177EA0000001220
B1437155607220N00912932EA0000001198
B1437205607141N00912751EA0000001187
B1437255607059N00912582EA0000001190
B1437315606944N00912437EA0000001197
B1437385606807N00912270EA0000001171
B1437435606708N00912141EA0000001182
B1437485606628N00912019EA0000001217
B1437535606561N00911926EA0000001244
B1437585606516N00911823EA0000001258
B1438035606561N00911781EA0000001259
B1438085606547N00911889EA0000001266
B1438135606464N00911859EA0000001285
B1438185606427N00911748EA0000001292
B1438235606474N00911712EA0000001297
B1438285606453N00911822EA0000001298
B1438335606372N00911779EA0000001309
B1438385606333N00911643EA0000001315
B1438435606299N00911493EA0000001311
B1438495606218N00911317EA0000001296
B1438545606138N00911180EA0000001296
B1439025606003N00910948EA0000001250
B1439105605858N00910695EA0000001220
B1439155605765N00910543EA0000001208
B1439225605619N00910357EA0000001188
B1439285605493N00910202EA0000001179
B1439345605369N00910052EA0000001174
B1439395605263N00909932EA0000001160
B1439445605154N00909813EA0000001157
B1439495605043N00909696EA0000001159
B1439545604939N00909597EA0000001203
B1440005604843N00909506EA0000001245
B1440075604718N00909453EA0000001236
B1440125604618N00909395EA0000001233
B1440215604438N00909250EA0000001220
B1440265604338N00909164EA0000001209
B1440315604237N00909052EA0000001189
B1440365604162N00908891EA0000001202
B1440425604111N00908701EA0000001231
B1440475604070N00908537EA0000001215
B1440525604024N00908354EA0000001204
B1440575603968N00908165EA0000001195
B1441025603913N00907973EA0000001191
B1441075603867N00907775EA0000001185
B1441125603819N00907573EA0000001178
B1441185603760N00907321EA0000001152
B1441245603704N00907059EA0000001140
B1441305603642N00906807EA0000001137
B1441365603580N00906568EA0000001137
B1441415603533N00906380EA0000001141
B1441465603492N00906212EA0000001139
B1441535603390N00905985EA0000001095
B1441585603301N00905831EA0000001094
B1442045603200N00905663EA0000001102
B1442095603122N00905532EA0000001121
B1442155603030N00905395EA0000001140
B1442205602958N00905297EA0000001172
B1442255602894N00905346EA0000001182
B1442305602937N00905401EA0000001193
B1442355602931N00905274EA0000001199
B1442405602853N00905264EA0000001223
B1442455602866N00905363EA0000001237
B1442515602904N00905271EA0000001254
B1442565602826N00905250EA0000001265
B1443015602829N00905358EA0000001280
B1443065602874N00905295EA0000001294
B1443115602828N00905194EA0000001315
B1443165602775N00905273EA0000001319
B1443215602825N00905308EA0000001324
B1443265602818N00905176EA0000001345
B1443315602740N00905171EA0000001358
B1443365602741N00905272EA0000001369
B1443415602778N00905197EA0000001373
B1443465602720N00905089EA0000001385
B1443515602669N00905171EA0000001399
B1443565602716N00905203EA0000001408
B1444015602729N00905080EA0000001420
B1444075602648N00904980EA0000001430
B1444125602571N00904926EA0000001458
B1444175602521N00905000EA0000001463
B1444225602572N00905023EA0000001480
B1444275602570N00904887EA0000001490
B1444325602489N00904883EA0000001505
B1444375602499N00904994EA0000001525
B1444425602546N00904921EA0000001543
B1444475602489N00904814EA0000001548
B1444525602428N00904909EA0000001568
B1444575602467N00904971EA0000001591
B1445025602485N00904851EA0000001603
B1445075602409N00904815EA0000001629
B1445125602389N00904920EA0000001651
B1445175602439N00904894EA0000001656
B1445225602401N00904778EA0000001669
B1445275602326N00904828EA0000001697
B1445325602357N00904915EA0000001702
B1445375602387N00904804EA0000001726
B1445425602313N00904752EA0000001748
B1445475602282N00904862EA0000001758
B1445535602352N00904832EA0000001789
B1445585602325N00904710EA0000001803
B1446035602254N00904763EA0000001818
B1446085602290N00904859EA0000001833
B1446145602340N00904745EA0000001854
B1446195602276N00904658EA0000001866
B1446245602220N00904754EA0000001883
B1446295602266N00904833EA0000001894
B1446345602307N00904730EA0000001904
B1446395602278N00904584EA0000001918
B1446445602227N00904440EA0000001922
B1446495602178N00904298EA0000001961
B1446545602108N00904274EA0000001960
B1446595602025N00904282EA0000001929
B1447045601965N00904117EA0000001908
B1447095601932N00903913EA0000001881
B1447155601898N00903647EA0000001850
B1447205601863N00903416EA0000001829
B1447255601822N00903177EA0000001809
B1447315601773N00902892EA0000001801
B1447365601729N00902666EA0000001803
B1447425601676N00902403EA0000001786
B1447475601632N00902181EA0000001776
B1447525601591N00901964EA0000001772
B1447575601553N00901748EA0000001760
B1448035601512N00901490EA0000001748
B1448135601456N00901060EA0000001727
B1448205601429N00900754EA0000001717
B1448265601409N00900495EA0000001700
B1448315601389N00900275EA0000001688
B1448365601369N00900050EA0000001688
B1448415601348N00859835EA0000001697
B1448465601320N00859620EA0000001683
B1448515601286N00859399EA0000001675
B1448565601249N00859172EA0000001662
B1449025601202N00858891EA0000001660
B1449075601165N00858666EA0000001659
B1449125601127N00858437EA0000001647
B1449175601088N00858202EA0000001632
B1449225601047N00857971EA0000001643
B1449295600995N00857666EA0000001627
B1449345600959N00857438EA0000001610
B1449405600916N00857157EA0000001582
B1449455600880N00856920EA0000001564
B1449505600843N00856683EA0000001547
B1449575600792N00856352EA0000001532
B1450025600759N00856120EA0000001523
B1450085600719N00855852EA0000001518
B1450135600686N00855635EA0000001511
B1450205600646N00855335EA0000001499
B1450275600609N00855038EA0000001486
B1450325600579N00854829EA0000001470
B1450405600526N00854495EA0000001446
B1450455600491N00854293EA0000001442
B1450505600456N00854093EA0000001435
B1450565600419N00853854EA0000001422
B1451015600385N00853654EA0000001412
B1451065600349N00853452EA0000001411
B1451115600311N00853258EA0000001412
B1451165600251N00853095EA0000001429
B1451225600186N00852903EA0000001420
B1451315600124N00852571EA0000001399
B1451375600084N00852345EA0000001411
B1451435600049N00852138EA0000001419
B1451495600026N00851924EA0000001412
B1451545600015N00851744EA0000001401
B1452015600006N00851474EA0000001378
B1452065600001N00851274EA0000001395
B1452115559993N00851102EA0000001441
B1452165600018N00851005EA0000001468
B1452215600045N00851080EA0000001460
B1452265559976N00851164EA0000001467
B1452315559897N00851189EA0000001489
B1452365559885N00851071EA0000001484
B1452415559950N00851089EA0000001507
B1452465559936N00851195EA0000001511
B1452515559868N00851124EA0000001514
B1452565559916N00851037EA0000001544
B1453015559941N00851127EA0000001556
B1453065559867N00851153EA0000001572
B1453115559862N00851023EA0000001584
B1453165559918N00851029EA0000001603
B1453215559891N00851137EA0000001609
B1453265559825N00851066EA0000001618
B1453315559872N00850961EA0000001634
B1453365559918N00851022EA0000001644
B1453435559825N00851092EA0000001663
B1453485559792N00850975EA0000001664
B1453535559854N00850967EA0000001676
B1453585559822N00851074EA0000001692
B1454035559748N00851029EA0000001707
B1454085559771N00850923EA0000001712
B1454135559797N00851019EA0000001720
B1454185559754N00851117EA0000001742
B1454235559692N00851040EA0000001738
B1454285559727N00850926EA0000001746
B1454335559759N00851024EA0000001756
B1454385559682N00851065EA0000001764
B1454435559655N00850918EA0000001780
B1454485559702N00850844EA0000001790
B1454535559701N00850958EA0000001799
B1454585559617N00850948EA0000001818
B1455035559573N00850826EA0000001830
B1455085559556N00850672EA0000001823
B1455135559496N00850526EA0000001812
B1455185559409N00850414EA0000001803
B1455275559244N00850239EA0000001783
B1455335559131N00850124EA0000001774
B1455445558915N00849909EA0000001747
B1455525558750N00849733EA0000001732
B1456015558566N00849501EA0000001715
B1456085558428N00849309EA0000001701
B1456135558333N00849168EA0000001691
B1456235558142N00848870EA0000001656
B1456305558002N00848646EA0000001630
B1456355557900N00848481EA0000001617
B1456435557741N00848219EA0000001611
B1456485557640N00848069EA0000001602
B1456565557461N00847884EA0000001587
B1457025557322N00847798EA0000001583
B1457095557158N00847717EA0000001570
B1457205556908N00847539EA0000001548
B1457255556808N00847478EA0000001582
B1457305556760N00847580EA0000001567
B1457365556794N00847776EA0000001531
B1457435556874N00848021EA0000001497
B1457505556959N00848268EA0000001490
B1457555557019N00848436EA0000001495
B1458025557102N00848680EA0000001498
B1458085557170N00848888EA0000001494
B1458145557231N00849094EA0000001497
B1458205557285N00849299EA0000001478
B1458255557329N00849479EA0000001465
B1458305557375N00849659EA0000001455
B1458365557432N00849877EA0000001445
B1458415557478N00850060EA0000001441
B1458465557521N00850241EA0000001442
B1458525557563N00850464EA0000001440
B1458585557596N00850696EA0000001431
B1459035557622N00850892EA0000001419
B1459085557647N00851087EA0000001414
B1459145557677N00851320EA0000001402
B1459195557704N00851512EA0000001399
B1459255557731N00851718EA0000001415
B1459315557754N00851919EA0000001419
B1459375557774N00852114EA0000001441
B1459425557790N00852274EA0000001459
B1459515557812N00852549EA0000001464
B1459565557823N00852715EA0000001464
B1500035557837N00852966EA0000001445
B1500105557874N00853219EA0000001435
B1500165557901N00853439EA0000001442
B1500215557898N00853622EA0000001435
B1500265557875N00853811EA0000001432
B1500315557847N00854000EA0000001451
B1500365557819N00854165EA0000001475
B1500425557785N00854361EA0000001464
B1500485557762N00854575EA0000001443
B1500565557760N00854883EA0000001426
B1501015557771N00855072EA0000001419
B1501075557785N00855299EA0000001406
B1501155557805N00855606EA0000001397
B1501205557817N00855788EA0000001410
B1501255557829N00855962EA0000001414
B1501305557841N00856141EA0000001397
B1501365557863N00856365EA0000001377
B1501435557890N00856632EA0000001375
B1501495557918N00856849EA0000001367
B1501575557928N00857161EA0000001350
B1502025557902N00857357EA0000001341
B1502105557870N00857675EA0000001328
B1502175557872N00857959EA0000001307
B1502255557877N00858284EA0000001314
B1502315557883N00858504EA0000001340
B1502375557883N00858704EA0000001356
B1502425557877N00858858EA0000001382
B1502505557849N00859110EA0000001347
B1502575557812N00859374EA0000001323
B1503025557785N00859568EA0000001310
B1503085557751N00859805EA0000001295
B1503135557724N00900002EA0000001285
B1503185557700N00900194EA0000001278
B1503245557677N00900417EA0000001276
B1503295557656N00900593EA0000001272
B1503345557634N00900767EA0000001265
B1503395557610N00900943EA0000001248
B1503475557580N00901243EA0000001230
B1503545557554N00901496EA0000001240
B1504005557529N00901692EA0000001259
B1504055557507N00901859EA0000001247
B1504105557485N00902039EA0000001243
B1504155557461N00902221EA0000001236
B1504215557434N00902445EA0000001252
B1504265557412N00902617EA0000001266
B1504325557385N00902824EA0000001259
B1504375557362N00903002EA0000001247
B1504425557347N00903193EA0000001232
B1504475557335N00903391EA0000001214
B1504525557328N00903592EA0000001203
B1504575557318N00903788EA0000001196
B1505025557311N00903982EA0000001184
B1505095557324N00904251EA0000001163
B1505215557354N00904714EA0000001139
B1505265557367N00904904EA0000001130
B1505335557382N00905171EA0000001115
B1505395557388N00905402EA0000001100
B1505505557390N00905825EA0000001079
B1506065557392N00906417EA0000001056
B1506145557395N00906720EA0000001042
B1506225557395N00907035EA0000001032
B1506275557416N00907225EA0000001027
B1506345557450N00907480EA0000001036
B1506405557472N00907678EA0000001061
B1506465557482N00907856EA0000001089
B1506515557477N00907994EA0000001091
B1506565557451N00908137EA0000001082
B1507015557390N00908266EA0000001073
B1507065557315N00908377EA0000001089
B1507115557245N00908471EA0000001099
B1507175557154N00908583EA0000001105
B1507225557070N00908662EA0000001110
B1507295556952N00908768EA0000001119
B1507355556850N00908867EA0000001131
B1507415556752N00908956EA0000001161
B1507475556660N00909043EA0000001179
B1507525556587N00909129EA0000001182
B1508015556532N00909413EA0000001161
B1508075556514N00909634EA0000001156
B1508175556488N00910005EA0000001138
B1508285556461N00910413EA0000001114
B1508345556437N00910637EA0000001097
B1508425556403N00910931EA0000001091
B1509035556313N00911669EA0000001062
B1509085556291N00911845EA0000001056
B1509185556252N00912194EA0000001047
B1509265556227N00912471EA0000001035
B1509345556191N00912748EA0000001027
B1509425556157N00913029EA0000001018
B1509495556133N00913268EA0000001009
B1509545556119N00913440EA0000000999
B1510035556093N00913751EA0000000986
B1510125556057N00914067EA0000000974
B1510195556025N00914310EA0000000965
B1510245556003N00914487EA0000000952
B1510305555978N00914701EA0000000942
B1510355555957N00914881EA0000000929
B1510425555934N00915144EA0000000912
B1510475555922N00915333EA0000000906
B1510525555911N00915527EA0000000893
B1510575555901N00915727EA0000000887
B1511045555886N00916020EA0000000874
B1511095555874N00916229EA0000000892
B1511145555859N00916425EA0000000891
B1511205555840N00916678EA0000000874
B1511275555813N00916995EA0000000858
B1511325555792N00917227EA0000000847
B1511385555764N00917510EA0000000828
B1511455555730N00917855EA0000000786
B1511515555700N00918158EA0000000762
B1511565555677N00918411EA0000000755
B1512015555655N00918656EA0000000749
B1512065555633N00918900EA0000000739
B1512135555601N00919235EA0000000722
B1512195555572N00919524EA0000000697
B1512255555540N00919812EA0000000683
B1512305555509N00920041EA0000000709
B1512355555479N00920256EA0000000702
B1512435555428N00920620EA0000000673
B1512485555393N00920857EA0000000646
B1512545555350N00921152EA0000000610
B1513015555297N00921498EA0000000587
B1513065555258N00921746EA0000000571
B1513115555221N00921992EA0000000561
B1513195555158N00922372EA0000000543
B1513245555118N00922611EA0000000530
B1513295555082N00922854EA0000000512
B1513365555036N00923190EA0000000494
B1513435554990N00923522EA0000000480
B1513485554960N00923749EA0000000491
B1513555554922N00924057EA0000000468
B1514015554888N00924325EA0000000453
B1514065554858N00924546EA0000000432
B1514145554805N00924908EA0000000411
B1514205554766N00925182EA0000000398
B1514255554732N00925412EA0000000388
B1514315554692N00925684EA0000000377
B1514425554627N00926183EA0000000357
B1514515554580N00926588EA0000000351
B1514565554546N00926798EA0000000351
B1515025554469N00927017EA0000000345
B1515075554376N00927157EA0000000342
B1515135554254N00927176EA0000000369
B1515185554161N00927148EA0000000377
B1515265554009N00927084EA0000000366
B1515315553911N00927038EA0000000365
B1515365553821N00927088EA0000000350
B1515415553817N00927223EA0000000342
B1515465553891N00927181EA0000000343
B1515515553909N00927013EA0000000340
B1515575553914N00926806EA0000000342
B1516065553933N00926490EA0000000332
B1516125553950N00926284EA0000000327
B1516185553974N00926079EA0000000318
B1516255554003N00925850EA0000000333
B1516315554037N00925675EA0000000334
B1516385554116N00925520EA0000000320
B1516445554197N00925399EA0000000306
B1516505554283N00925279EA0000000289
B1516555554365N00925206EA0000000279
B1517015554475N00925185EA0000000270
B1517075554584N00925173EA0000000270
B1517125554640N00925273EA0000000267
B1517175554635N00925442EA0000000232
B1517235554613N00925677EA0000000183
B1517285554591N00925877EA0000000156
B1517365554562N00926187EA0000000122
B1517425554540N00926415EA0000000089
B1517475554519N00926592EA0000000085
B1517545554493N00926806EA0000000086
B1518025554471N00927001EA0000000086
B1518115554450N00927127EA0000000087
