AOGNOGN
HFDTE200825
HFFXA050
HFPLTPILOTINCHARGE:
HFGTYGLIDERTYPE:LS-8 18
HFGIDGLIDERID:OY-XXO
HFDTM100GPSDATUM:WGS-1984
HFRFWFIRMWAREVERSION:
HFRHWHARDWAREVERSION:
HFFTYFRTYPE:OGN-FLIGHTBOOK
HFGPSGENERIC
HFPRSPRESSALTSENSOR:
HFCIDCOMPETITIONID:LS8
B0931275554517N00926481EA0000000100
B0931285554515N00926506EA0000000109
B0931345554503N00926652EA0000000195
B0931395554492N00926767EA0000000263
B0931445554480N00926883EA0000000331
B0931495554474N00927007EA0000000388
B0931565554471N00927203EA0000000444
B0932035554472N00927377EA0000000487
B0932085554469N00927464EA0000000477
B0932155554435N00927623EA0000000444
B0932245554349N00927868EA0000000428
B0932305554277N00928024EA0000000438
B0932355554232N00928145EA0000000460
B0932405554273N00928216EA0000000465
B0932455554327N00928127EA0000000467
B0932515554281N00927985EA0000000495
B0932565554226N00928042EA0000000506
B0933015554255N00928122EA0000000504
B0933075554313N00928037EA0000000519
B0933125554269N00927919EA0000000517
B0933175554198N00927955EA0000000536
B0933225554220N00928043EA0000000538
B0933275554273N00927980EA0000000557
B0933325554246N00927849EA0000000558
B0933375554162N00927827EA0000000564
B0933425554126N00927922EA0000000583
B0933475554155N00927997EA0000000584
B0933545554212N00927897EA0000000607
B0934015554141N00927767EA0000000620
B0934065554084N00927823EA0000000632
B0934115554093N00927915EA0000000632
B0934165554147N00927904EA0000000648
B0934215554149N00927776EA0000000657
B0934265554080N00927736EA0000000662
B0934315554058N00927832EA0000000673
B0934365554106N00927838EA0000000689
B0934415554117N00927718EA0000000696
B0934465554053N00927640EA0000000704
B0934515554000N00927704EA0000000716
B0934565554020N00927779EA0000000723
B0935035554063N00927662EA0000000734
B0935085554003N00927579EA0000000747
B0935135553951N00927645EA0000000751
B0935185553973N00927721EA0000000762
B0935235554031N00927705EA0000000763
B0935285554098N00927665EA0000000770
B0935335554167N00927629EA0000000768
B0935385554243N00927584EA0000000753
B0935435554326N00927536EA0000000752
B0935495554423N00927475EA0000000752
B0935545554504N00927416EA0000000733
B0936015554623N00927324EA0000000717
B0936065554707N00927260EA0000000710
B0936135554826N00927186EA0000000707
B0936185554908N00927157EA0000000724
B0936235554965N00927088EA0000000751
B0936285554940N00926960EA0000000776
B0936335554870N00926971EA0000000785
B0936385554869N00927059EA0000000795
B0936435554912N00927011EA0000000801
B0936485554877N00926885EA0000000826
B0936535554808N00926902EA0000000832
B0936585554810N00926995EA0000000840
B0937035554856N00926954EA0000000858
B0937085554828N00926827EA0000000871
B0937135554754N00926840EA0000000881
B0937185554754N00926929EA0000000891
B0937235554803N00926894EA0000000896
B0937285554790N00926756EA0000000918
B0937335554717N00926734EA0000000929
B0937385554694N00926830EA0000000931
B0937435554741N00926860EA0000000942
B0937485554757N00926741EA0000000954
B0937545554672N00926674EA0000000977
B0938005554642N00926766EA0000000986
B0938085554707N00926696EA0000000993
B0938145554658N00926547EA0000001018
B0938205554576N00926578EA0000001019
B0938255554577N00926669EA0000001029
B0938305554630N00926664EA0000001026
B0938365554655N00926506EA0000001038
B0938415554590N00926428EA0000001059
B0938465554537N00926497EA0000001059
B0938515554557N00926578EA0000001071
B0938575554605N00926488EA0000001074
B0939025554562N00926364EA0000001089
B0939075554489N00926377EA0000001097
B0939125554475N00926468EA0000001105
B0939175554522N00926467EA0000001103
B0939225554539N00926336EA0000001114
B0939275554478N00926242EA0000001126
B0939325554416N00926297EA0000001122
B0939375554427N00926398EA0000001128
B0939435554455N00926515EA0000001113
B0939485554487N00926630EA0000001084
B0939535554529N00926756EA0000001082
B0939595554589N00926881EA0000001104
B0940045554601N00926983EA0000001134
B0940095554531N00926967EA0000001137
B0940145554536N00926837EA0000001154
B0940195554586N00926859EA0000001167
B0940245554553N00926938EA0000001178
B0940295554486N00926873EA0000001183
B0940345554502N00926748EA0000001190
B0940395554555N00926776EA0000001205
B0940445554533N00926855EA0000001215
B0940495554465N00926795EA0000001226
B0940545554474N00926674EA0000001230
B0940595554535N00926662EA0000001239
B0941045554559N00926733EA0000001263
B0941095554507N00926768EA0000001264
B0941145554454N00926655EA0000001277
B0941195554477N00926537EA0000001293
B0941245554534N00926520EA0000001302
B0941295554553N00926595EA0000001313
B0941355554497N00926651EA0000001316
B0941405554433N00926570EA0000001312
B0941455554444N00926433EA0000001333
B0941505554496N00926368EA0000001340
B0941555554553N00926390EA0000001336
B0942025554604N00926527EA0000001311
B0942085554638N00926676EA0000001295
B0942165554702N00926879EA0000001294
B0942215554751N00926993EA0000001294
B0942265554802N00927103EA0000001286
B0942315554857N00927216EA0000001275
B0942365554912N00927335EA0000001273
B0942435554982N00927506EA0000001291
B0942525555059N00927728EA0000001293
B0942595555116N00927917EA0000001273
B0943045555154N00928065EA0000001262
B0943105555195N00928251EA0000001257
B0943155555223N00928395EA0000001270
B0943205555248N00928533EA0000001257
B0943255555275N00928677EA0000001242
B0943335555316N00928920EA0000001221
B0943395555346N00929112EA0000001208
B0943465555380N00929334EA0000001193
B0943525555409N00929523EA0000001182
B0943585555440N00929710EA0000001172
B0944035555464N00929868EA0000001161
B0944085555487N00930014EA0000001181
B0944145555504N00930161EA0000001180
B0944195555501N00930295EA0000001180
B0944255555479N00930436EA0000001178
B0944305555444N00930572EA0000001172
B0944355555404N00930685EA0000001197
B0944405555360N00930781EA0000001188
B0944455555313N00930896EA0000001173
B0944505555262N00931029EA0000001164
B0944555555206N00931174EA0000001143
B0945015555140N00931360EA0000001136
B0945075555079N00931550EA0000001126
B0945125555031N00931710EA0000001115
B0945185554969N00931902EA0000001105
B0945235554921N00932055EA0000001118
B0945285554884N00932182EA0000001156
B0945335554856N00932281EA0000001177
B0945385554837N00932386EA0000001189
B0945455554827N00932543EA0000001196
B0945505554830N00932677EA0000001212
B0946015554842N00932972EA0000001203
B0946065554846N00933133EA0000001188
B0946195554846N00933494EA0000001235
B0946245554843N00933605EA0000001253
B0946315554839N00933765EA0000001235
B0946395554848N00933994EA0000001210
B0946445554862N00934160EA0000001189
B0946565554892N00934567EA0000001164
B0947105554930N00934982EA0000001170
B0947195554952N00935244EA0000001156
B0947265554962N00935481EA0000001149
B0947345554963N00935696EA0000001191
B0947395554965N00935838EA0000001190
B0947445554964N00935975EA0000001204
B0947505554959N00936124EA0000001223
B0947555554953N00936252EA0000001216
B0948005554943N00936379EA0000001244
B0948055554928N00936495EA0000001246
B0948135554896N00936709EA0000001215
B0948195554867N00936904EA0000001185
B0948245554843N00937074EA0000001193
B0948295554819N00937233EA0000001185
B0948365554784N00937476EA0000001163
B0948445554741N00937763EA0000001153
B0948495554720N00937941EA0000001156
B0948585554705N00938244EA0000001150
B0949045554711N00938444EA0000001145
B0949105554720N00938638EA0000001167
B0949175554719N00938810EA0000001201
B0949225554721N00938931EA0000001213
B0949275554726N00939064EA0000001203
B0949335554736N00939244EA0000001206
B0949405554752N00939467EA0000001225
B0949475554770N00939689EA0000001242
B0949545554795N00939910EA0000001256
B0949595554809N00940079EA0000001224
B0950045554826N00940265EA0000001214
B0950095554843N00940445EA0000001215
B0950185554870N00940750EA0000001205
B0950245554887N00940958EA0000001190
B0950295554901N00941136EA0000001180
B0950345554915N00941319EA0000001171
B0950395554931N00941496EA0000001167
B0950465554954N00941728EA0000001167
B0950545554984N00941982EA0000001165
B0950595555004N00942131EA0000001183
B0951045555020N00942260EA0000001219
B0951095555033N00942367EA0000001243
B0951145555055N00942479EA0000001241
B0951205555091N00942637EA0000001212
B0951295555152N00942902EA0000001212
B0951355555187N00943076EA0000001230
B0951465555230N00943379EA0000001253
B0951515555246N00943535EA0000001232
B0951565555262N00943698EA0000001248
B0952055555277N00943948EA0000001269
B0952105555284N00944100EA0000001268
B0952155555290N00944247EA0000001287
B0952215555301N00944426EA0000001282
B0952265555321N00944578EA0000001276
B0952315555351N00944726EA0000001276
B0952385555398N00944933EA0000001286
B0952445555436N00945081EA0000001298
B0952505555476N00945236EA0000001293
B0952555555510N00945377EA0000001283
B0953025555555N00945607EA0000001275
B0953075555585N00945776EA0000001272
B0953145555625N00946022EA0000001267
B0953195555653N00946189EA0000001280
B0953245555681N00946351EA0000001282
B0953315555715N00946573EA0000001282
B0953365555733N00946742EA0000001255
B0953415555752N00946925EA0000001255
B0953465555765N00947074EA0000001286
B0953515555781N00947223EA0000001268
B0953565555795N00947367EA0000001295
B0954025555812N00947535EA0000001279
B0954075555828N00947703EA0000001275
B0954135555842N00947898EA0000001268
B0954185555855N00948082EA0000001237
B0954235555873N00948270EA0000001249
B0954285555887N00948423EA0000001290
B0954345555901N00948576EA0000001301
B0954405555910N00948730EA0000001319
B0954455555916N00948868EA0000001311
B0954515555924N00949038EA0000001336
B0954585555937N00949245EA0000001324
B0955045555948N00949446EA0000001335
B0955095555953N00949611EA0000001337
B0955155555951N00949817EA0000001326
B0955215555949N00950026EA0000001357
B0955315555946N00950306EA0000001373
B0955365555937N00950470EA0000001386
B0955415555924N00950610EA0000001385
B0955475555910N00950798EA0000001343
B0955585555907N00951203EA0000001343
B0956045555908N00951382EA0000001364
B0956095555910N00951531EA0000001355
B0956165555914N00951781EA0000001329
B0956215555920N00951937EA0000001377
B0956275555928N00952085EA0000001394
B0956325555933N00952211EA0000001422
B0956375555935N00952344EA0000001415
B0956435555938N00952513EA0000001400
B0956485555941N00952679EA0000001364
B0956555555954N00952950EA0000001332
B0957025555975N00953214EA0000001336
B0957075555992N00953387EA0000001332
B0957125556013N00953559EA0000001336
B0957175556029N00953709EA0000001354
B0957225556044N00953841EA0000001379
B0957275556056N00953973EA0000001389
B0957345556071N00954177EA0000001361
B0957395556082N00954357EA0000001341
B0957445556097N00954533EA0000001360
B0957495556113N00954694EA0000001362
B0957575556144N00954975EA0000001351
B0958025556169N00955135EA0000001390
B0958075556188N00955277EA0000001408
B0958125556199N00955403EA0000001424
B0958215556198N00955678EA0000001404
B0958295556179N00955968EA0000001390
B0958355556174N00956197EA0000001373
B0958425556206N00956440EA0000001373
B0958495556269N00956656EA0000001344
B0959005556396N00956986EA0000001309
B0959055556460N00957120EA0000001295
B0959125556554N00957293EA0000001282
B0959175556625N00957416EA0000001290
B0959225556685N00957521EA0000001321
B0959285556747N00957636EA0000001311
B0959335556793N00957749EA0000001314
B0959395556834N00957874EA0000001321
B0959465556886N00958038EA0000001321
B0959515556925N00958164EA0000001314
B0959575556964N00958294EA0000001341
B1000025556999N00958400EA0000001339
B1000075557041N00958514EA0000001324
B1000145557095N00958672EA0000001346
B1000195557133N00958800EA0000001338
B1000265557177N00958979EA0000001364
B1000325557212N00959140EA0000001357
B1000375557243N00959286EA0000001336
B1000425557277N00959448EA0000001333
B1000475557309N00959609EA0000001358
B1000535557336N00959761EA0000001393
B1000585557356N00959893EA0000001383
B1001045557380N01000057EA0000001395
B1001095557402N01000193EA0000001380
B1001165557435N01000422EA0000001356
B1001245557478N01000700EA0000001349
B1001295557507N01000870EA0000001343
B1001355557544N01001068EA0000001327
B1001405557573N01001230EA0000001325
B1001495557628N01001522EA0000001299
B1001555557668N01001719EA0000001285
B1002035557722N01001984EA0000001266
B1002085557752N01002154EA0000001256
B1002155557785N01002395EA0000001254
B1002215557809N01002583EA0000001260
B1002315557843N01002919EA0000001226
B1002375557857N01003110EA0000001251
B1002425557863N01003250EA0000001247
B1002485557872N01003434EA0000001231
B1002575557865N01003716EA0000001234
B1003035557843N01003904EA0000001209
B1003085557822N01004077EA0000001196
B1003135557800N01004252EA0000001195
B1003185557779N01004426EA0000001196
B1003255557742N01004649EA0000001197
B1003365557731N01005015EA0000001170
B1003425557753N01005217EA0000001154
B1003495557786N01005454EA0000001142
B1003555557818N01005653EA0000001128
B1004015557857N01005860EA0000001107
B1004065557891N01006037EA0000001100
B1004135557931N01006281EA0000001088
B1004185557958N01006454EA0000001082
B1004235557987N01006624EA0000001070
B1004295558024N01006833EA0000001052
B1004365558068N01007078EA0000001034
B1004435558108N01007319EA0000001022
B1004485558128N01007474EA0000001053
B1004545558140N01007626EA0000001066
B1005015558154N01007795EA0000001067
B1005095558176N01007991EA0000001059
B1005145558195N01008111EA0000001088
B1005195558207N01008209EA0000001093
B1005245558225N01008321EA0000001084
B1005295558245N01008440EA0000001089
B1005345558267N01008567EA0000001072
B1005405558300N01008739EA0000001054
B1005455558301N01008875EA0000001078
B1005505558226N01008874EA0000001073
B1005555558194N01008737EA0000001071
B1006015558212N01008560EA0000001051
B1006065558231N01008397EA0000001038
B1006125558253N01008198EA0000001041
B1006205558283N01007947EA0000001044
B1006255558302N01007776EA0000001024
B1006315558328N01007564EA0000001010
B1006435558380N01007140EA0000000986
B1006515558411N01006853EA0000000973
B1006585558439N01006602EA0000000958
B1007035558461N01006420EA0000000951
B1007085558484N01006242EA0000000954
B1007135558506N01006072EA0000000955
B1007185558529N01005895EA0000000956
B1007235558514N01005733EA0000000990
B1007285558433N01005701EA0000001000
B1007335558411N01005796EA0000001011
B1007385558455N01005772EA0000001019
B1007435558436N01005643EA0000001035
B1007485558361N01005622EA0000001038
B1007535558335N01005723EA0000001045
B1007585558375N01005721EA0000001061
B1008035558371N01005599EA0000001067
B1008085558297N01005555EA0000001076
B1008135558260N01005649EA0000001075
B1008185558296N01005682EA0000001095
B1008235558319N01005584EA0000001097
B1008295558313N01005428EA0000001105
B1008355558308N01005246EA0000001097
B1008415558308N01005066EA0000001116
B1008475558311N01004890EA0000001112
B1008545558310N01004653EA0000001108
B1009005558315N01004470EA0000001139
B1009065558324N01004311EA0000001130
B1009125558345N01004127EA0000001095
B1009185558377N01003913EA0000001072
B1009245558410N01003691EA0000001050
B1009335558462N01003369EA0000001056
B1009385558490N01003199EA0000001055
B1009455558521N01002955EA0000001036
B1009525558544N01002705EA0000001037
B1009585558559N01002491EA0000001036
B1010035558569N01002303EA0000001033
B1010085558575N01002130EA0000001061
B1010135558585N01001987EA0000001077
B1010185558598N01001846EA0000001093
B1010235558592N01001702EA0000001101
B1010285558579N01001563EA0000001119
B1010335558505N01001536EA0000001129
B1010385558491N01001626EA0000001150
B1010435558543N01001624EA0000001144
B1010485558559N01001499EA0000001164
B1010535558495N01001433EA0000001181
B1010585558459N01001516EA0000001194
B1011035558504N01001544EA0000001198
B1011085558531N01001437EA0000001215
B1011135558471N01001362EA0000001229
B1011185558432N01001444EA0000001242
B1011235558475N01001474EA0000001252
B1011285558509N01001378EA0000001268
B1011335558513N01001250EA0000001281
B1011385558517N01001106EA0000001278
B1011445558532N01000897EA0000001250
B1011525558562N01000576EA0000001233
B1011575558583N01000371EA0000001231
B1012045558617N01000086EA0000001215
B1012145558671N00959692EA0000001206
B1012205558704N00959461EA0000001199
B1012255558729N00959267EA0000001192
B1012325558764N00959001EA0000001188
B1012405558801N00958700EA0000001178
B1012455558827N00958514EA0000001175
B1012515558855N00958292EA0000001168
B1012595558882N00957990EA0000001157
B1013045558899N00957801EA0000001154
B1013105558917N00957575EA0000001163
B1013155558930N00957400EA0000001186
B1013205558946N00957242EA0000001201
B1013255558959N00957081EA0000001203
B1013305558972N00956921EA0000001214
B1013375559002N00956693EA0000001209
B1013435559030N00956500EA0000001226
B1013495559055N00956310EA0000001225
B1013545559074N00956139EA0000001210
B1014015559100N00955874EA0000001192
B1014095559130N00955560EA0000001170
B1014145559152N00955366EA0000001166
B1014195559172N00955176EA0000001161
B1014245559198N00954988EA0000001149
B1014295559226N00954792EA0000001135
B1014355559260N00954555EA0000001128
B1014405559287N00954359EA0000001127
B1014495559334N00954013EA0000001125
B1014585559382N00953662EA0000001112
B1015055559419N00953386EA0000001106
B1015105559447N00953196EA0000001115
B1015155559479N00953007EA0000001109
B1015205559510N00952818EA0000001119
B1015255559557N00952668EA0000001131
B1015305559611N00952524EA0000001136
B1015355559639N00952380EA0000001147
B1015415559669N00952184EA0000001129
B1015465559699N00952015EA0000001121
B1015515559728N00951838EA0000001121
B1015565559760N00951663EA0000001119
B1016015559794N00951482EA0000001106
B1016075559831N00951267EA0000001112
B1016155559875N00950975EA0000001093
B1016215559910N00950742EA0000001085
B1016295559949N00950447EA0000001093
B1016355559981N00950239EA0000001080
B1016415600015N00950024EA0000001076
B1016465600031N00949847EA0000001102
B1016525600043N00949663EA0000001122
B1016575600069N00949528EA0000001133
B1017025600112N00949551EA0000001136
B1017075600051N00949593EA0000001157
B1017125600027N00949467EA0000001167
B1017175600075N00949442EA0000001178
B1017225600050N00949519EA0000001185
B1017275559982N00949451EA0000001199
B1017335600015N00949341EA0000001206
B1017385600025N00949414EA0000001216
B1017435559952N00949403EA0000001227
B1017495559956N00949258EA0000001239
B1017545559991N00949293EA0000001244
B1018005559913N00949313EA0000001256
B1018055559900N00949181EA0000001266
B1018105559946N00949170EA0000001270
B1018155559912N00949243EA0000001279
B1018205559845N00949169EA0000001285
B1018255559853N00949026EA0000001287
B1018315559886N00948846EA0000001274
B1018375559924N00948661EA0000001263
B1018425559960N00948495EA0000001244
B1018495600011N00948249EA0000001224
B1018555600054N00948029EA0000001215
B1019025600107N00947776EA0000001212
B1019085600150N00947558EA0000001206
B1019155600205N00947303EA0000001195
B1019225600261N00947053EA0000001196
B1019295600300N00946815EA0000001201
B1019345600334N00946647EA0000001184
B1019415600395N00946418EA0000001190
B1019465600435N00946283EA0000001197
B1019525600487N00946126EA0000001190
B1019575600530N00945990EA0000001181
B1020025600575N00945841EA0000001174
B1020075600621N00945686EA0000001176
B1020135600672N00945503EA0000001184
B1020185600718N00945344EA0000001182
B1020245600771N00945160EA0000001184
B1020305600827N00944969EA0000001167
B1020385600909N00944707EA0000001158
B1020465600993N00944444EA0000001138
B1020535601067N00944205EA0000001122
B1020585601119N00944034EA0000001115
B1021055601200N00943831EA0000001115
B1021135601296N00943593EA0000001084
B1021185601364N00943431EA0000001071
B1021245601445N00943226EA0000001057
B1021295601511N00943049EA0000001046
B1021365601603N00942798EA0000001034
B1021425601678N00942585EA0000001028
B1021495601765N00942333EA0000001009
B1021545601822N00942144EA0000000995
B1022005601895N00941919EA0000000983
B1022055601954N00941746EA0000001007
B1022115602011N00941558EA0000001014
B1022165602053N00941423EA0000001026
B1022245602115N00941187EA0000001024
B1022305602151N00941005EA0000001040
B1022365602209N00940873EA0000001046
B1022435602202N00940687EA0000001084
B1022515602150N00940788EA0000001109
B1022565602195N00940758EA0000001133
B1023015602188N00940640EA0000001152
B1023065602118N00940593EA0000001161
B1023155602101N00940738EA0000001178
B1023205602156N00940695EA0000001189
B1023265602136N00940544EA0000001210
B1023315602059N00940518EA0000001219
B1023395602039N00940663EA0000001237
B1023445602086N00940606EA0000001247
B1023495602047N00940493EA0000001264
B1023545601982N00940531EA0000001283
B1023595601996N00940620EA0000001281
B1024045602048N00940571EA0000001293
B1024115601993N00940431EA0000001308
B1024175601930N00940520EA0000001325
B1024225601964N00940583EA0000001332
B1024345601984N00940317EA0000001332
B1024425601984N00940062EA0000001349
B1024475601987N00939909EA0000001349
B1024525601992N00939748EA0000001372
B1024575601992N00939599EA0000001391
B1025045601995N00939379EA0000001388
B1025105602007N00939177EA0000001393
B1025155602017N00939016EA0000001381
B1025215602034N00938795EA0000001357
B1025265602044N00938600EA0000001347
B1025315602055N00938402EA0000001339
B1025375602071N00938180EA0000001349
B1025425602090N00938001EA0000001336
B1025485602117N00937767EA0000001313
B1025545602151N00937522EA0000001292
B1026005602189N00937286EA0000001297
B1026065602225N00937061EA0000001294
B1026115602250N00936882EA0000001305
B1026165602276N00936700EA0000001287
B1026235602323N00936435EA0000001278
B1026295602367N00936211EA0000001254
B1026345602409N00936013EA0000001236
B1026425602473N00935693EA0000001229
B1026495602530N00935428EA0000001228
B1026565602592N00935162EA0000001214
B1027035602653N00934885EA0000001199
B1027085602698N00934691EA0000001200
B1027155602756N00934424EA0000001191
B1027205602801N00934234EA0000001179
B1027265602858N00934007EA0000001167
B1027325602913N00933777EA0000001161
B1027385602965N00933550EA0000001170
B1027435603009N00933367EA0000001188
B1027485603045N00933206EA0000001215
B1027535603082N00933040EA0000001195
B1027585603125N00932858EA0000001175
B1028045603181N00932630EA0000001159
B1028105603238N00932399EA0000001161
B1028205603330N00932034EA0000001148
B1028255603381N00931848EA0000001132
B1028335603458N00931535EA0000001123
B1028385603499N00931340EA0000001119
B1028465603564N00931029EA0000001104
B1028515603604N00930835EA0000001086
B1028565603648N00930641EA0000001069
B1029025603697N00930413EA0000001070
B1029075603726N00930242EA0000001101
B1029125603750N00930105EA0000001128
B1029175603797N00930104EA0000001135
B1029235603735N00930170EA0000001144
B1029285603704N00930043EA0000001148
B1029335603734N00929926EA0000001155
B1029385603750N00929802EA0000001161
B1029435603751N00929660EA0000001159
B1029485603797N00929589EA0000001175
B1029535603857N00929562EA0000001179
B1029585603885N00929439EA0000001178
B1030045603873N00929257EA0000001169
B1030105603867N00929045EA0000001158
B1030195603868N00928701EA0000001139
B1030255603869N00928458EA0000001118
B1030305603864N00928257EA0000001106
B1030365603856N00928012EA0000001084
B1030475603835N00927525EA0000001044
B1030525603828N00927294EA0000001040
B1030575603819N00927064EA0000001037
B1031025603807N00926839EA0000001030
B1031115603785N00926427EA0000001014
B1031185603771N00926103EA0000001001
B1031235603764N00925877EA0000001000
B1031295603756N00925608EA0000000988
B1031355603749N00925331EA0000000971
B1031405603742N00925100EA0000000960
B1031455603737N00924869EA0000000946
B1031535603736N00924508EA0000000938
B1031585603747N00924298EA0000000959
B1032035603761N00924126EA0000000998
B1032085603809N00924027EA0000001003
B1032135603836N00923885EA0000001016
B1032185603786N00923751EA0000001025
B1032235603717N00923771EA0000001027
B1032285603735N00923831EA0000001027
B1032345603798N00923765EA0000001040
B1032395603793N00923627EA0000001046
B1032445603736N00923494EA0000001037
B1032495603705N00923346EA0000001056
B1032555603756N00923314EA0000001056
B1033005603708N00923388EA0000001058
B1033055603621N00923360EA0000001067
B1033105603567N00923241EA0000001069
B1033155603543N00923075EA0000001073
B1033215603457N00922980EA0000001080
B1033265603399N00922881EA0000001085
B1033335603394N00922656EA0000001053
B1033405603392N00922387EA0000001032
B1033455603384N00922183EA0000001019
B1033505603377N00921978EA0000001010
B1033565603364N00921727EA0000000994
B1034025603356N00921469EA0000000974
B1034075603350N00921247EA0000000967
B1034125603339N00921040EA0000000978
B1034195603319N00920757EA0000000974
B1034265603296N00920461EA0000000941
B1034315603281N00920248EA0000000968
B1034365603282N00920078EA0000000999
B1034425603288N00919884EA0000001002
B1034475603278N00919738EA0000001010
B1034535603263N00919542EA0000000971
B1034585603251N00919350EA0000000953
B1035045603238N00919105EA0000000925
B1035095603231N00918888EA0000000905
B1035145603220N00918673EA0000000894
B1035205603211N00918417EA0000000888
B1035255603212N00918222EA0000000928
B1035305603211N00918078EA0000000966
B1035355603146N00918030EA0000000965
B1035405603133N00918130EA0000000977
B1035455603189N00918109EA0000000986
B1035505603174N00917994EA0000000998
B1035555603106N00918004EA0000000999
B1036005603106N00918108EA0000001006
B1036055603165N00918122EA0000001018
B1036115603199N00918001EA0000001030
B1036165603145N00917921EA0000001034
B1036215603103N00918000EA0000001032
B1036265603095N00918120EA0000001041
B1036315603029N00918084EA0000001051
B1036375603071N00918006EA0000001059
B1036425603071N00918109EA0000001073
B1036475603004N00918097EA0000001083
B1036525603001N00917984EA0000001089
B1036585603045N00918046EA0000001097
B1037035602983N00918085EA0000001118
B1037095602952N00917962EA0000001116
B1037145603008N00917968EA0000001121
B1037195602985N00918068EA0000001138
B1037245602923N00918046EA0000001131
B1037295602892N00917915EA0000001130
B1037355602884N00917749EA0000001138
B1037445602880N00917485EA0000001147
B1037495602874N00917342EA0000001148
B1037585602868N00917028EA0000001119
B1038035602857N00916835EA0000001110
B1038115602842N00916539EA0000001120
B1038165602841N00916363EA0000001124
B1038235602829N00916121EA0000001099
B1038305602801N00915849EA0000001082
B1038365602771N00915610EA0000001067
B1038415602742N00915416EA0000001075
B1038465602710N00915241EA0000001092
B1038515602677N00915064EA0000001083
B1038565602651N00914891EA0000001081
B1039025602619N00914672EA0000001060
B1039085602577N00914440EA0000001047
B1039135602536N00914246EA0000001040
B1039185602495N00914049EA0000001028
B1039245602452N00913801EA0000001015
B1039315602404N00913504EA0000001008
B1039375602366N00913273EA0000001026
B1039425602341N00913081EA0000001014
B1039485602317N00912839EA0000001001
B1039545602298N00912595EA0000000996
B1040005602283N00912366EA0000000992
B1040055602273N00912174EA0000000977
B1040105602259N00911979EA0000000964
B1040205602227N00911587EA0000000943
B1040255602211N00911383EA0000000925
B1040315602193N00911131EA0000000912
B1040365602180N00910922EA0000000898
B1040425602165N00910669EA0000000886
B1040475602165N00910468EA0000000916
B1040525602174N00910297EA0000000944
B1040575602161N00910134EA0000000931
B1041025602189N00909990EA0000000937
B1041075602257N00909925EA0000000931
B1041125602299N00909800EA0000000927
B1041175602283N00909645EA0000000915
B1041245602229N00909413EA0000000883
B1041295602184N00909235EA0000000874
B1041345602133N00909077EA0000000883
B1041395602083N00908931EA0000000878
B1041445602022N00908803EA0000000870
B1041495601957N00908671EA0000000861
B1041545601888N00908534EA0000000849
B1042005601804N00908360EA0000000838
B1042055601729N00908202EA0000000824
B1042135601610N00907964EA0000000834
B1042185601538N00907835EA0000000817
B1042235601460N00907683EA0000000788
B1042285601384N00907522EA0000000793
B1042335601310N00907383EA0000000808
B1042385601239N00907267EA0000000832
B1042435601164N00907266EA0000000836
B1042485601167N00907362EA0000000859
B1042535601215N00907315EA0000000870
B1042585601179N00907194EA0000000878
B1043035601110N00907213EA0000000894
B1043085601122N00907293EA0000000906
B1043135601167N00907227EA0000000922
B1043185601125N00907113EA0000000923
B1043235601058N00907151EA0000000946
B1043285601071N00907229EA0000000958
B1043335601125N00907181EA0000000976
B1043385601104N00907062EA0000000992
B1043435601031N00907048EA0000000996
B1043485601022N00907132EA0000001023
B1043535601075N00907122EA0000001028
B1043585601073N00907001EA0000001050
B1044035601003N00906958EA0000001051
B1044085600973N00907040EA0000001077
B1044135601022N00907064EA0000001081
B1044195601040N00906921EA0000001106
B1044245600971N00906861EA0000001109
B1044295600939N00906944EA0000001128
B1044345600992N00906958EA0000001135
B1044395601003N00906829EA0000001154
B1044445600937N00906758EA0000001160
B1044495600893N00906829EA0000001180
B1044545600936N00906870EA0000001184
B1045005600965N00906734EA0000001197
B1045055600898N00906653EA0000001202
B1045105600829N00906695EA0000001217
B1045155600842N00906783EA0000001220
B1045205600901N00906748EA0000001237
B1045255600912N00906624EA0000001238
B1045305600848N00906536EA0000001246
B1045355600793N00906591EA0000001263
B1045405600818N00906662EA0000001272
B1045465600871N00906566EA0000001285
B1045515600834N00906446EA0000001293
B1045565600764N00906460EA0000001302
B1046015600762N00906553EA0000001315
B1046065600813N00906529EA0000001323
B1046115600811N00906395EA0000001330
B1046165600740N00906353EA0000001335
B1046215600721N00906446EA0000001348
B1046265600769N00906440EA0000001354
B1046315600779N00906311EA0000001365
B1046385600748N00906119EA0000001378
B1046445600732N00905961EA0000001398
B1046505600708N00905799EA0000001392
B1046575600699N00905601EA0000001409
B1047045600688N00905416EA0000001388
B1047105600688N00905237EA0000001389
B1047165600684N00905082EA0000001391
B1047225600692N00904895EA0000001376
B1047305600715N00904618EA0000001355
B1047355600725N00904449EA0000001355
B1047445600739N00904130EA0000001326
B1047525600744N00903826EA0000001312
B1047575600738N00903635EA0000001307
B1048075600737N00903257EA0000001295
B1048135600739N00903030EA0000001286
B1048225600738N00902697EA0000001277
B1048275600740N00902506EA0000001261
B1048335600747N00902263EA0000001246
B1048385600753N00902069EA0000001261
B1048455600745N00901841EA0000001274
B1048515600736N00901651EA0000001259
B1048565600721N00901476EA0000001246
B1049045600692N00901179EA0000001231
B1049105600669N00900953EA0000001218
B1049155600657N00900767EA0000001218
B1049215600644N00900569EA0000001222
B1049305600643N00900261EA0000001192
B1049365600646N00900029EA0000001189
B1049425600642N00859811EA0000001193
B1049525600635N00859441EA0000001184
B1050015600640N00859118EA0000001182
B1050065600630N00858936EA0000001170
B1050125600605N00858714EA0000001160
B1050175600577N00858529EA0000001152
B1050255600524N00858233EA0000001132
B1050305600486N00858043EA0000001127
B1050365600443N00857829EA0000001130
B1050425600398N00857621EA0000001122
B1050475600358N00857437EA0000001109
B1050525600318N00857248EA0000001105
B1050585600275N00857036EA0000001134
B1051055600231N00856815EA0000001149
B1051105600167N00856726EA0000001156
B1051155600100N00856637EA0000001143
B1051225600035N00856430EA0000001160
B1051285559996N00856275EA0000001178
B1051345559952N00856103EA0000001170
B1051395559908N00855943EA0000001175
B1051455559864N00855763EA0000001174
B1051515559833N00855556EA0000001146
B1051565559815N00855365EA0000001143
B1052035559793N00855102EA0000001125
B1052085559774N00854900EA0000001107
B1052145559750N00854648EA0000001079
B1052195559730N00854438EA0000001073
B1052275559699N00854111EA0000001055
B1052325559680N00853902EA0000001042
B1052385559662N00853661EA0000001049
B1052435559647N00853467EA0000001041
B1052485559632N00853265EA0000001040
B1052535559617N00853076EA0000001066
B1052585559603N00852921EA0000001082
B1053055559576N00852690EA0000001072
B1053105559555N00852531EA0000001097
B1053165559534N00852354EA0000001094
B1053215559515N00852183EA0000001077
B1053265559497N00851990EA0000001078
B1053325559479N00851782EA0000001110
B1053375559466N00851640EA0000001128
B1053435559445N00851478EA0000001129
B1053485559425N00851330EA0000001126
B1053535559404N00851171EA0000001136
B1053595559380N00850997EA0000001145
B1054055559358N00850803EA0000001129
B1054125559332N00850547EA0000001114
B1054195559314N00850272EA0000001102
B1054255559308N00850025EA0000001093
B1054365559306N00849632EA0000001128
B1054425559309N00849414EA0000001106
B1054485559313N00849199EA0000001129
B1054555559317N00848978EA0000001120
B1055095559320N00848433EA0000001060
B1055165559326N00848136EA0000001041
B1055275559341N00847657EA0000001013
B1055335559350N00847393EA0000000994
B1055385559356N00847194EA0000001022
B1055435559364N00847011EA0000001022
B1055485559371N00846840EA0000001046
B1055555559379N00846595EA0000001025
B1056005559388N00846413EA0000001051
B1056055559414N00846271EA0000001078
B1056105559465N00846295EA0000001087
B1056155559405N00846339EA0000001104
B1056205559402N00846218EA0000001122
B1056255559439N00846271EA0000001132
B1056305559373N00846295EA0000001147
B1056355559357N00846174EA0000001161
B1056405559410N00846161EA0000001169
B1056455559383N00846246EA0000001181
B1056505559327N00846164EA0000001190
B1056555559371N00846090EA0000001199
B1057005559370N00846182EA0000001215
B1057065559300N00846115EA0000001224
B1057125559351N00846033EA0000001239
B1057175559340N00846124EA0000001249
B1057225559276N00846067EA0000001258
B1057285559317N00845967EA0000001272
B1057335559321N00846054EA0000001283
B1057385559253N00846020EA0000001288
B1057435559269N00845904EA0000001301
B1057485559305N00845959EA0000001298
B1057535559243N00845998EA0000001317
B1057585559214N00845878EA0000001323
B1058035559266N00845828EA0000001327
B1058085559258N00845921EA0000001337
B1058135559194N00845868EA0000001335
B1058185559198N00845720EA0000001344
B1058265559222N00845472EA0000001341
B1058315559249N00845307EA0000001330
B1058375559289N00845101EA0000001323
B1058435559331N00844888EA0000001312
B1058535559399N00844510EA0000001296
B1058585559431N00844311EA0000001288
B1059075559483N00843945EA0000001274
B1059125559511N00843749EA0000001273
B1059175559539N00843553EA0000001255
B1059265559586N00843189EA0000001241
B1059315559609N00842987EA0000001234
B1059395559639N00842666EA0000001223
B1059455559656N00842430EA0000001217
B1059515559670N00842219EA0000001242
B1059595559680N00841966EA0000001251
B1100065559688N00841741EA0000001267
B1100165559696N00841459EA0000001309
B1100215559745N00841407EA0000001305
B1100275559728N00841518EA0000001314
B1100325559659N00841456EA0000001333
B1100375559675N00841335EA0000001348
B1100455559695N00841422EA0000001358
B1100505559626N00841366EA0000001370
B1100555559648N00841247EA0000001385
B1101015559677N00841327EA0000001390
B1101065559609N00841334EA0000001412
B1101115559599N00841208EA0000001416
B1101175559659N00841228EA0000001429
B1101225559614N00841293EA0000001443
B1101305559570N00841125EA0000001454
B1101355559626N00841103EA0000001462
B1101405559629N00841203EA0000001455
B1101465559544N00841222EA0000001482
B1101515559521N00841091EA0000001480
B1101565559579N00841045EA0000001490
B1102025559575N00841151EA0000001506
B1102075559512N00841125EA0000001514
B1102125559506N00840992EA0000001512
B1102185559576N00840907EA0000001520
B1102235559628N00840826EA0000001532
B1102285559646N00840696EA0000001530
B1102375559627N00840415EA0000001526
B1102425559612N00840253EA0000001506
B1102475559596N00840076EA0000001500
B1102525559582N00839898EA0000001489
B1102575559568N00839704EA0000001471
B1103075559542N00839295EA0000001452
B1103135559519N00839043EA0000001440
B1103195559506N00838824EA0000001468
B1103355559526N00838311EA0000001458
B1103445559540N00838021EA0000001459
B1103505559551N00837832EA0000001455
B1103565559541N00837625EA0000001444
B1104025559506N00837407EA0000001431
B1104075559465N00837224EA0000001445
B1104125559423N00837071EA0000001469
B1104215559333N00836782EA0000001437
B1104375559172N00836230EA0000001427
B1104425559123N00836053EA0000001425
B1105055558942N00835240EA0000001423
B1105175558855N00834792EA0000001416
B1105275558780N00834441EA0000001410
B1105335558733N00834225EA0000001396
B1105395558690N00834015EA0000001402
B1105445558653N00833843EA0000001405
B1106085558449N00833005EA0000001389
B1106195558339N00832599EA0000001394
B1106255558270N00832400EA0000001406
B1106325558191N00832214EA0000001446
B1106435558067N00831897EA0000001417
B1106505557968N00831685EA0000001395
B1106575557856N00831480EA0000001388
B1107045557756N00831299EA0000001415
B1107095557700N00831184EA0000001429
B1107175557611N00830997EA0000001416
B1107235557528N00830846EA0000001403
B1107295557441N00830693EA0000001396
B1107355557352N00830533EA0000001391
B1107435557231N00830313EA0000001385
B1107505557126N00830126EA0000001390
B1108005556982N00829849EA0000001368
B1108105556830N00829548EA0000001354
B1108165556742N00829379EA0000001356
B1108245556634N00829158EA0000001358
B1108295556570N00829023EA0000001363
B1108375556472N00828806EA0000001357
B1108425556408N00828676EA0000001361
B1108515556282N00828443EA0000001347
B1108565556211N00828314EA0000001346
B1109065556069N00828049EA0000001332
B1109155555933N00827825EA0000001322
B1109215555835N00827685EA0000001307
B1109275555728N00827543EA0000001301
B1109325555641N00827426EA0000001296
B1109415555483N00827218EA0000001291
B1110035555081N00826797EA0000001284
B1110295554617N00826408EA0000001313
B1110385554448N00826278EA0000001322
B1110455554320N00826199EA0000001311
B1110515554206N00826138EA0000001304
B1110565554113N00826091EA0000001304
B1111015554021N00826050EA0000001303
B1111075553913N00826009EA0000001297
B1111125553826N00825984EA0000001291
B1111175553736N00825960EA0000001279
B1111235553628N00825930EA0000001274
B1111285553538N00825908EA0000001275
B1111335553453N00825892EA0000001271
B1111415553313N00825880EA0000001261
B1111555553071N00825889EA0000001256
B1112015552966N00825903EA0000001249
B1112075552859N00825908EA0000001255
B1112165552712N00825908EA0000001285
B1112225552679N00825771EA0000001287
B1112295552729N00825817EA0000001314
B1112375552653N00825717EA0000001325
B1112425552708N00825676EA0000001339
B1112545552624N00825667EA0000001352
B1113045552683N00825652EA0000001367
B1113125552595N00825604EA0000001385
B1113255552616N00825632EA0000001406
B1113315552572N00825506EA0000001404
B1113425552608N00825584EA0000001426
B1113505552530N00825472EA0000001436
B1114035552579N00825537EA0000001455
B1114135552499N00825394EA0000001463
B1114235552544N00825477EA0000001489
B1114315552429N00825535EA0000001497
B1114395552298N00825570EA0000001502
B1114515552101N00825564EA0000001490
B1114575551994N00825567EA0000001487
B1115065551846N00825586EA0000001500
B1115125551747N00825639EA0000001489
B1115175551662N00825678EA0000001490
B1115235551568N00825701EA0000001481
B1115315551417N00825725EA0000001458
B1115385551272N00825739EA0000001447
B1115445551147N00825743EA0000001440
B1115545550937N00825757EA0000001424
B1116015550790N00825764EA0000001423
B1116065550689N00825778EA0000001421
B1116115550593N00825799EA0000001415
B1116175550477N00825813EA0000001404
B1116225550388N00825801EA0000001416
B1116295550290N00825762EA0000001402
B1116355550190N00825723EA0000001371
B1116425550059N00825662EA0000001348
B1116485549949N00825616EA0000001349
B1116555549834N00825587EA0000001346
B1117035549683N00825549EA0000001341
B1117095549595N00825549EA0000001380
B1117145549524N00825565EA0000001359
B1117195549426N00825587EA0000001343
B1117245549326N00825612EA0000001361
B1117315549227N00825658EA0000001378
B1117405549065N00825702EA0000001315
B1117465548926N00825742EA0000001318
B1117515548822N00825760EA0000001321
B1117585548675N00825793EA0000001309
B1118055548522N00825826EA0000001293
B1118105548411N00825847EA0000001283
B1118165548277N00825869EA0000001273
B1118235548120N00825884EA0000001261
B1118285548013N00825892EA0000001266
B1118365547849N00825889EA0000001260
B1118475547627N00825867EA0000001241
B1118535547497N00825848EA0000001222
B1119035547267N00825801EA0000001202
B1119105547111N00825797EA0000001208
B1119165546998N00825812EA0000001244
B1119225546891N00825842EA0000001243
B1119275546811N00825875EA0000001272
B1119365546663N00825921EA0000001277
B1119415546579N00825944EA0000001284
B1119475546471N00825987EA0000001262
B1119555546312N00826076EA0000001228
B1120005546208N00826131EA0000001216
B1120085546030N00826221EA0000001196
B1120135545914N00826282EA0000001189
B1120205545754N00826371EA0000001181
B1120295545546N00826481EA0000001168
B1120345545432N00826552EA0000001159
B1120425545262N00826692EA0000001156
B1120475545165N00826772EA0000001174
B1120525545078N00826850EA0000001180
B1121015544916N00826991EA0000001173
B1121075544804N00827052EA0000001185
B1121155544679N00827149EA0000001194
B1121225544562N00827208EA0000001205
B1121275544475N00827228EA0000001202
B1121385544290N00827425EA0000001156
B1121445544179N00827541EA0000001142
B1121515544042N00827662EA0000001128
B1121565543939N00827740EA0000001111
B1122035543791N00827837EA0000001097
B1122085543685N00827899EA0000001095
B1122145543563N00827978EA0000001085
B1122195543464N00828048EA0000001078
B1122275543302N00828164EA0000001066
B1122325543208N00828231EA0000001071
B1122395543075N00828332EA0000001051
B1122455542961N00828411EA0000001052
B1122505542865N00828478EA0000001038
B1123325542061N00828346EA0000001065
B1123405542121N00828349EA0000001080
B1123495542025N00828311EA0000001089
B1124055542010N00828211EA0000001104
B1124235542002N00828088EA0000001142
B1124375542004N00828103EA0000001166
B1125015541953N00827869EA0000001219
B1125235541944N00827713EA0000001246
B1125365541893N00827734EA0000001267
B1125415541934N00827642EA0000001270
B1125485541951N00827745EA0000001281
B1126065541925N00827678EA0000001298
B1126155541833N00827655EA0000001312
B1126305541845N00827723EA0000001329
B1126365541746N00827720EA0000001330
B1126425541647N00827749EA0000001321
B1126505541536N00827870EA0000001310
B1126555541470N00827985EA0000001277
B1127015541382N00828146EA0000001250
B1127095541268N00828366EA0000001250
B1127145541203N00828492EA0000001249
B1127225541101N00828683EA0000001244
B1127275541039N00828794EA0000001242
B1127365540919N00828985EA0000001222
B1127445540805N00829142EA0000001210
B1127495540736N00829236EA0000001201
B1127575540622N00829375EA0000001180
B1128035540533N00829473EA0000001168
B1128115540422N00829605EA0000001164
B1128195540317N00829752EA0000001165
B1128285540213N00829747EA0000001204
B1128365540269N00829712EA0000001224
B1128465540221N00829578EA0000001249
B1128525540255N00829640EA0000001250
B1128595540184N00829563EA0000001268
B1129085540240N00829559EA0000001283
B1129155540171N00829466EA0000001299
B1129235540236N00829460EA0000001313
B1129315540156N00829393EA0000001324
B1129395540225N00829342EA0000001334
B1129495540107N00829351EA0000001352
B1129555540015N00829362EA0000001361
B1130005539937N00829284EA0000001361
B1130155539701N00829293EA0000001376
B1130225539589N00829335EA0000001375
B1130285539542N00829439EA0000001390
B1130345539472N00829512EA0000001388
B1130395539407N00829569EA0000001394
B1130475539298N00829696EA0000001363
B1130525539219N00829787EA0000001354
B1131045539095N00829696EA0000001362
B1131225539265N00829229EA0000001327
B1131355539413N00828927EA0000001343
B1131415539490N00828852EA0000001346
B1131475539542N00828704EA0000001342
B1132035539635N00828590EA0000001366
B1132085539581N00828495EA0000001377
B1132135539618N00828395EA0000001378
B1132285539739N00828545EA0000001367
B1132335539677N00828599EA0000001372
B1132455539493N00828475EA0000001378
B1132535539505N00828578EA0000001374
B1132585539545N00828464EA0000001376
B1133185539516N00827924EA0000001388
B1133365539498N00827793EA0000001426
B1133525539478N00827694EA0000001458
B1134095539463N00827584EA0000001499
B1134195539528N00827554EA0000001518
B1134265539451N00827482EA0000001529
B1134355539512N00827448EA0000001545
B1134435539428N00827379EA0000001559
B1134535539496N00827357EA0000001574
B1135025539420N00827254EA0000001585
B1135125539463N00827302EA0000001590
B1135205539349N00827329EA0000001605
B1135265539268N00827365EA0000001621
B1135315539215N00827432EA0000001628
B1135385539133N00827529EA0000001651
B1135435539080N00827596EA0000001655
B1135495539004N00827688EA0000001674
B1135545538944N00827748EA0000001691
B1136005538866N00827837EA0000001668
B1136055538793N00827934EA0000001672
B1136105538722N00828033EA0000001650
B1136175538615N00828204EA0000001626
B1136225538535N00828333EA0000001617
B1136275538455N00828454EA0000001623
B1136335538364N00828590EA0000001622
B1136385538287N00828700EA0000001613
B1136455538173N00828860EA0000001591
B1136525538058N00829036EA0000001584
B1136595537955N00829204EA0000001594
B1137045537889N00829314EA0000001594
B1137105537809N00829453EA0000001580
B1137165537724N00829599EA0000001570
B1137225537636N00829754EA0000001556
B1137275537559N00829881EA0000001551
B1137325537490N00830016EA0000001545
B1137375537425N00830140EA0000001546
B1137435537346N00830294EA0000001532
B1137485537275N00830421EA0000001527
B1137535537200N00830543EA0000001520
B1137585537126N00830662EA0000001516
B1138065537010N00830863EA0000001495
B1138115536940N00830994EA0000001490
B1138175536857N00831149EA0000001481
B1138225536787N00831279EA0000001488
B1138275536724N00831386EA0000001506
B1138325536666N00831482EA0000001498
B1138375536602N00831588EA0000001474
B1138435536520N00831735EA0000001455
B1138485536452N00831865EA0000001457
B1138555536360N00832026EA0000001471
B1139015536280N00832156EA0000001466
B1139075536188N00832311EA0000001432
B1139125536104N00832449EA0000001438
B1139195536004N00832599EA0000001463
B1139265535908N00832759EA0000001440
B1139315535833N00832887EA0000001425
B1139365535753N00833009EA0000001426
B1139415535676N00833130EA0000001419
B1139485535573N00833307EA0000001408
B1139545535493N00833459EA0000001407
B1139595535430N00833581EA0000001398
B1140115535267N00833880EA0000001376
B1140165535201N00833985EA0000001403
B1140235535115N00834101EA0000001416
B1140305535029N00834222EA0000001427
B1140375534935N00834371EA0000001409
B1140435534856N00834495EA0000001449
B1140505534752N00834551EA0000001451
B1140555534707N00834659EA0000001452
B1141035534611N00834638EA0000001449
B1141145534690N00834621EA0000001459
B1141205534663N00834741EA0000001455
B1141255534606N00834825EA0000001433
B1141315534509N00834922EA0000001405
B1141405534347N00835087EA0000001376
B1141545534081N00835371EA0000001327
B1141595533979N00835477EA0000001316
B1142055533865N00835599EA0000001323
B1142155533694N00835772EA0000001364
B1142255533541N00835910EA0000001375
B1142415533271N00836176EA0000001316
B1142475533157N00836290EA0000001306
B1142575532970N00836485EA0000001279
B1143075532798N00836722EA0000001293
B1143145532689N00836866EA0000001291
B1143245532539N00837077EA0000001319
B1143515532426N00836971EA0000001374
B1143565532472N00836891EA0000001371
B1144035532482N00837007EA0000001385
B1144265532216N00837117EA0000001392
B1144315532260N00837028EA0000001392
B1144375532290N00837127EA0000001390
B1144425532274N00837244EA0000001374
B1144475532246N00837375EA0000001357
B1144525532208N00837508EA0000001348
B1144585532154N00837661EA0000001353
B1145035532075N00837706EA0000001359
B1145105531967N00837766EA0000001371
B1145235531815N00837875EA0000001386
B1145335531671N00837853EA0000001379
B1145405531604N00837997EA0000001374
B1145495531493N00838195EA0000001354
B1145565531408N00838365EA0000001353
B1146025531331N00838496EA0000001361
B1146125531186N00838685EA0000001364
B1148315528671N00840488EA0000001253
B1148445528699N00840403EA0000001277
B1149045528631N00840347EA0000001315
B1149235528577N00840295EA0000001351
B1149355528643N00840276EA0000001370
B1149405528582N00840208EA0000001387
B1149505528615N00840287EA0000001395
B1149595528554N00840126EA0000001419
B1150155528560N00840042EA0000001447
B1150205528492N00840083EA0000001467
B1150275528536N00840144EA0000001475
B1150455528498N00840080EA0000001512
B1150535528448N00839909EA0000001521
B1151045528444N00840000EA0000001534
B1151125528399N00839823EA0000001553
B1151175528329N00839856EA0000001559
B1151255528375N00839925EA0000001551
B1151325528364N00839723EA0000001562
B1151375528396N00839632EA0000001576
B1152145527819N00839894EA0000001525
B1152375527307N00839884EA0000001508
B1157335522465N00843183EA0000001467
B1158055522272N00843059EA0000001516
B1158125522181N00843056EA0000001534
B1158315522269N00842857EA0000001562
B1158375522183N00842836EA0000001575
B1158525522245N00842755EA0000001601
B1159015522134N00842728EA0000001617
B1159145522221N00842693EA0000001637
B1159225522125N00842629EA0000001665
B1159335522202N00842663EA0000001673
B1159385522185N00842524EA0000001686
B1159445522103N00842527EA0000001696
B1200065522153N00842307EA0000001720
B1200185522032N00842357EA0000001718
B1200235521994N00842470EA0000001709
B1200315521927N00842646EA0000001729
B1200375521867N00842776EA0000001728
B1200445521793N00842918EA0000001720
B1200565521632N00843190EA0000001694
B1201185521353N00843691EA0000001670
B1201425521059N00844244EA0000001645
B1202125520640N00844862EA0000001619
B1203035519828N00845933EA0000001535
B1203085519772N00846040EA0000001550
B1204295520925N00844987EA0000001539
B1209415525353N00841861EA0000001294
B1209515525308N00841942EA0000001329
B1209575525332N00841809EA0000001336
B1210075525286N00841842EA0000001345
B1210135525330N00841752EA0000001369
B1210225525264N00841782EA0000001374
B1210275525293N00841675EA0000001392
B1210385525236N00841708EA0000001400
B1210565525209N00841594EA0000001430
B1211135525197N00841491EA0000001455
B1211295525176N00841418EA0000001486
B1211445525159N00841354EA0000001509
B1211595525142N00841297EA0000001536
B1212045525165N00841178EA0000001551
B1212155525124N00841222EA0000001561
B1212215525151N00841080EA0000001579
B1212335525104N00841093EA0000001591
B1212505525086N00840996EA0000001623
B1213075525071N00840925EA0000001641
B1213245525045N00840816EA0000001656
B1216165527483N00838579EA0000001631
B1218405529883N00837391EA0000001532
B1218505530065N00837323EA0000001515
B1220235531516N00836647EA0000001541
B1220515531972N00836148EA0000001496
B1221225532500N00835639EA0000001467
B1221285532593N00835569EA0000001493
B1221375532542N00835416EA0000001528
B1221465532570N00835530EA0000001546
B1221515532585N00835414EA0000001559
B1221565532519N00835368EA0000001572
B1222135532536N00835318EA0000001603
B1222185532468N00835338EA0000001617
B1222365532455N00835232EA0000001647
B1222515532499N00835217EA0000001668
B1222585532408N00835172EA0000001682
B1223105532470N00835257EA0000001697
B1223195532590N00835147EA0000001695
B1223355532808N00835028EA0000001737
B1223585533188N00834810EA0000001681
B1225095534676N00833960EA0000001586
B1225145534773N00833871EA0000001573
B1225235534946N00833722EA0000001571
B1225365535192N00833520EA0000001557
B1225565535553N00833215EA0000001553
B1226055535719N00833084EA0000001537
B1226165535933N00832914EA0000001514
B1226225536052N00832814EA0000001511
B1226295536185N00832690EA0000001507
B1226375536341N00832541EA0000001489
B1226485536562N00832352EA0000001485
B1226535536658N00832274EA0000001479
B1227015536811N00832145EA0000001475
B1227075536927N00832062EA0000001467
B1227125537024N00831999EA0000001458
B1227245537256N00831819EA0000001436
B1227335537428N00831663EA0000001422
B1227425537590N00831531EA0000001436
B1227525537754N00831435EA0000001477
B1228005537873N00831361EA0000001454
B1228085538018N00831290EA0000001422
B1228165538179N00831204EA0000001398
B1228215538281N00831142EA0000001387
B1228265538376N00831078EA0000001390
B1228325538485N00830999EA0000001384
B1228405538624N00830871EA0000001377
B1228505538797N00830712EA0000001365
B1228555538871N00830640EA0000001362
B1229015538968N00830555EA0000001359
B1229065539039N00830471EA0000001385
B1229125539096N00830345EA0000001409
B1229175539145N00830397EA0000001417
B1229255539062N00830396EA0000001440
B1229315539095N00830276EA0000001466
B1229365539128N00830343EA0000001468
B1229465539029N00830290EA0000001496
B1229515539067N00830198EA0000001514
B1229595539097N00830306EA0000001528
B1230065539018N00830228EA0000001546
B1230115539054N00830134EA0000001561
B1230195539077N00830239EA0000001576
B1230255539009N00830164EA0000001585
B1230315539053N00830061EA0000001605
B1230425539017N00830149EA0000001618
B1230475539001N00830018EA0000001634
B1230555539089N00829925EA0000001635
B1231005539161N00829890EA0000001629
B1231095539310N00829842EA0000001606
B1231155539408N00829821EA0000001612
B1231235539549N00829800EA0000001589
B1231435539882N00829751EA0000001587
B1231505540006N00829744EA0000001546
B1232065540308N00829741EA0000001580
B1232125540402N00829725EA0000001586
B1232195540521N00829701EA0000001562
B1232245540617N00829689EA0000001548
B1232355540841N00829680EA0000001513
B1232435541013N00829672EA0000001493
B1232535541229N00829661EA0000001469
B1232585541326N00829647EA0000001490
B1233055541454N00829624EA0000001469
B1233115541577N00829604EA0000001452
B1233225541810N00829554EA0000001432
B1233285541935N00829526EA0000001424
B1233345542058N00829504EA0000001419
B1233445542258N00829496EA0000001398
B1233525542416N00829488EA0000001384
B1233595542554N00829478EA0000001373
B1234135542824N00829519EA0000001359
B1234485543386N00829809EA0000001368
B1235075543695N00829871EA0000001348
B1235135543803N00829914EA0000001326
B1235185543899N00829952EA0000001315
B1235235543995N00829984EA0000001318
B1235405544311N00830058EA0000001300
B1235455544403N00830077EA0000001289
B1235525544536N00830115EA0000001285
B1236015544703N00830165EA0000001271
B1236125544907N00830241EA0000001248
B1236205545061N00830286EA0000001238
B1236295545219N00830301EA0000001258
B1236345545300N00830306EA0000001239
B1236395545391N00830316EA0000001208
B1236485545556N00830357EA0000001195
B1236555545682N00830402EA0000001198
B1237105545895N00830475EA0000001236
B1237155545964N00830435EA0000001239
B1237365546078N00830355EA0000001220
B1237475545887N00830192EA0000001209
B1237525545809N00830135EA0000001225
B1238065545809N00830392EA0000001222
B1238115545740N00830455EA0000001228
B1238195545640N00830292EA0000001231
B1238245545566N00830271EA0000001226
B1238505545660N00830728EA0000001219
B1239145545741N00830896EA0000001252
B1239195545673N00830895EA0000001251
B1239255545684N00831000EA0000001264
B1239345545704N00830826EA0000001275
B1239395545635N00830806EA0000001285
B1239595545616N00830720EA0000001304
B1240155545552N00830957EA0000001319
B1240205545484N00830890EA0000001310
B1240435545636N00831068EA0000001289
B1241025545715N00831630EA0000001235
B1241225545872N00832251EA0000001204
B1241285545919N00832435EA0000001197
B1241465546059N00832966EA0000001175
B1241575546125N00833300EA0000001172
B1242135546163N00833733EA0000001178
B1242275546175N00834101EA0000001184
B1242365546218N00834276EA0000001204
B1242505546142N00834030EA0000001239
B1242595546144N00834160EA0000001249
B1243095546122N00833962EA0000001257
B1243145546058N00834015EA0000001265
B1243225545966N00833986EA0000001276
B1243335546022N00834011EA0000001295
B1243395545945N00834025EA0000001307
B1243515545981N00833968EA0000001324
B1243575545902N00833917EA0000001335
B1244075545963N00833874EA0000001355
B1244155545873N00833827EA0000001365
B1244305545847N00833808EA0000001384
B1244355545860N00833686EA0000001399
B1244435545877N00833782EA0000001410
B1244495545804N00833704EA0000001419
B1244595545865N00833674EA0000001437
B1245065545778N00833663EA0000001445
B1245115545795N00833542EA0000001456
B1245175545826N00833610EA0000001461
B1245235545745N00833591EA0000001473
B1245345545797N00833505EA0000001490
B1245415545712N00833530EA0000001498
B1245555545767N00833435EA0000001516
B1246025545678N00833428EA0000001507
B1246095545706N00833273EA0000001533
B1246365545949N00833597EA0000001535
B1246525546126N00833829EA0000001515
B1246575546186N00833906EA0000001495
B1248165547203N00835403EA0000001424
B1248245547307N00835548EA0000001411
B1248295547374N00835637EA0000001405
B1248495547645N00835995EA0000001381
B1248595547788N00836179EA0000001368
B1249075547900N00836317EA0000001367
B1249235548093N00836570EA0000001373
B1249365548252N00836796EA0000001352
B1249445548357N00836942EA0000001361
B1249565548510N00837126EA0000001376
B1250055548621N00837275EA0000001347
B1250105548681N00837376EA0000001334
B1250435549007N00838107EA0000001324
B1250535549071N00838353EA0000001311
B1251095549156N00838757EA0000001347
B1251145549093N00838750EA0000001347
B1251195549114N00838633EA0000001357
B1251245549155N00838681EA0000001368
B1251295549119N00838756EA0000001377
B1251345549063N00838691EA0000001369
B1251395549103N00838591EA0000001375
B1251495549197N00838693EA0000001383
B1252015549323N00838711EA0000001404
B1252065549259N00838710EA0000001407
B1252115549283N00838601EA0000001429
B1252175549317N00838696EA0000001435
B1252235549249N00838656EA0000001448
B1252325549319N00838664EA0000001468
B1252405549241N00838615EA0000001482
B1252495549311N00838644EA0000001503
B1252555549239N00838642EA0000001510
B1253015549268N00838517EA0000001523
B1253065549310N00838589EA0000001534
B1253145549227N00838582EA0000001545
B1253195549258N00838475EA0000001557
B1253255549307N00838550EA0000001569
B1253335549227N00838516EA0000001575
B1253385549269N00838423EA0000001596
B1253445549318N00838496EA0000001600
B1253515549243N00838517EA0000001602
B1253565549270N00838405EA0000001623
B1254025549312N00838484EA0000001630
B1254085549244N00838493EA0000001643
B1254145549254N00838359EA0000001659
B1254215549313N00838423EA0000001663
B1254285549238N00838427EA0000001668
B1254345549260N00838301EA0000001691
B1254405549310N00838369EA0000001688
B1254485549224N00838363EA0000001692
B1254535549237N00838248EA0000001719
B1255025549310N00838314EA0000001710
B1255085549237N00838328EA0000001708
B1255135549246N00838196EA0000001726
B1255195549310N00838205EA0000001736
B1255265549381N00838319EA0000001734
B1255405549527N00838582EA0000001689
B1255465549605N00838713EA0000001684
B1255545549703N00838885EA0000001675
B1256055549848N00839118EA0000001666
B1256115549928N00839233EA0000001663
B1256165549996N00839323EA0000001654
B1256295550178N00839552EA0000001642
B1256355550256N00839658EA0000001641
B1256425550344N00839790EA0000001625
B1256475550410N00839892EA0000001610
B1256555550510N00840072EA0000001601
B1257015550583N00840213EA0000001599
B1257095550686N00840396EA0000001586
B1257155550777N00840513EA0000001580
B1257205550853N00840601EA0000001595
B1257325550995N00840765EA0000001649
B1257385551063N00840825EA0000001656
B1257435551119N00840876EA0000001658
B1257485551177N00840941EA0000001654
B1257535551240N00841022EA0000001637
B1257585551305N00841115EA0000001622
B1258035551373N00841216EA0000001611
B1258135551506N00841427EA0000001600
B1258185551568N00841531EA0000001591
B1258235551630N00841634EA0000001582
B1258315551724N00841799EA0000001567
B1258365551791N00841899EA0000001553
B1258445551907N00842040EA0000001560
B1258525552017N00842160EA0000001538
B1259015552158N00842315EA0000001513
B1259065552232N00842404EA0000001519
B1259125552308N00842497EA0000001525
B1259175552376N00842570EA0000001504
B1259225552449N00842663EA0000001482
B1259275552522N00842767EA0000001499
B1259325552585N00842865EA0000001514
B1259385552646N00842955EA0000001552
B1259435552695N00843030EA0000001555
B1259505552762N00843167EA0000001550
B1259565552822N00843301EA0000001533
B1300015552875N00843431EA0000001522
B1300075552945N00843595EA0000001507
B1300195553095N00843922EA0000001489
B1300245553156N00844057EA0000001479
B1300305553232N00844218EA0000001472
B1300395553346N00844444EA0000001472
B1300445553412N00844567EA0000001468
B1300525553513N00844775EA0000001455
B1301025553626N00845015EA0000001479
B1301075553678N00845128EA0000001464
B1301125553733N00845251EA0000001472
B1301175553785N00845378EA0000001462
B1301225553840N00845511EA0000001453
B1301305553937N00845714EA0000001440
B1301365554011N00845859EA0000001447
B1301415554038N00845978EA0000001490
B1301465553980N00846038EA0000001502
B1301515553944N00845924EA0000001503
B1301595553991N00845970EA0000001514
B1302055553908N00845988EA0000001517
B1302105553888N00845867EA0000001530
B1302185553949N00845899EA0000001531
B1302235553974N00845991EA0000001543
B1302285554012N00846067EA0000001549
B1302345554028N00846187EA0000001556
B1302395554051N00846274EA0000001556
B1302465554116N00846403EA0000001542
B1302515554160N00846486EA0000001539
B1302575554219N00846604EA0000001509
B1303045554292N00846753EA0000001522
B1303095554335N00846841EA0000001546
B1303165554376N00846966EA0000001541
B1303225554429N00847071EA0000001539
B1303285554461N00847196EA0000001540
B1303345554525N00847291EA0000001529
B1303405554616N00847359EA0000001507
B1303465554715N00847433EA0000001501
B1303525554815N00847504EA0000001501
B1303595554928N00847594EA0000001496
B1304045555005N00847664EA0000001488
B1304095555086N00847737EA0000001473
B1304165555199N00847845EA0000001478
B1304225555283N00847922EA0000001479
B1304285555377N00848004EA0000001464
B1304335555457N00848075EA0000001463
B1304395555544N00848154EA0000001486
B1304455555619N00848218EA0000001502
B1304515555694N00848295EA0000001484
B1304585555792N00848414EA0000001463
B1305045555888N00848528EA0000001435
B1305115556002N00848655EA0000001426
B1305195556133N00848784EA0000001424
B1305255556228N00848873EA0000001414
B1305305556310N00848935EA0000001414
B1305365556396N00848998EA0000001423
B1305415556463N00849064EA0000001404
B1305465556533N00849140EA0000001397
B1305535556624N00849260EA0000001393
B1306005556708N00849361EA0000001392
B1306075556791N00849464EA0000001372
B1306125556855N00849550EA0000001359
B1306175556922N00849632EA0000001361
B1306225556982N00849712EA0000001364
B1306275557040N00849784EA0000001357
B1306335557114N00849881EA0000001332
B1306395557199N00849996EA0000001318
B1306465557295N00850097EA0000001345
B1306515557350N00850153EA0000001343
B1306565557410N00850227EA0000001305
B1307025557498N00850348EA0000001294
B1307085557579N00850433EA0000001307
B1307165557682N00850541EA0000001279
B1307225557774N00850622EA0000001265
B1307295557875N00850702EA0000001277
B1307345557938N00850753EA0000001271
B1307395558004N00850819EA0000001239
B1307445558085N00850903EA0000001205
B1307495558167N00850982EA0000001218
B1307555558258N00851057EA0000001206
B1308015558349N00851144EA0000001195
B1308065558423N00851217EA0000001190
B1308145558534N00851343EA0000001173
B1308205558616N00851440EA0000001160
B1308255558691N00851508EA0000001140
B1308305558772N00851580EA0000001124
B1308355558853N00851657EA0000001128
B1308405558928N00851719EA0000001141
B1308465559003N00851805EA0000001154
B1308515559063N00851892EA0000001140
B1308575559144N00851995EA0000001130
B1309045559246N00852108EA0000001121
B1309105559340N00852206EA0000001106
B1309175559450N00852321EA0000001102
B1309225559528N00852402EA0000001087
B1309305559659N00852537EA0000001070
B1309365559749N00852648EA0000001089
B1309425559820N00852746EA0000001098
B1309475559882N00852827EA0000001093
B1309525559938N00852910EA0000001113
B1309585600004N00852999EA0000001121
B1310035600048N00853079EA0000001133
B1310095600010N00853184EA0000001133
B1310145559951N00853117EA0000001135
B1310195559982N00852996EA0000001142
B1310245600040N00852980EA0000001153
B1310305600106N00853039EA0000001150
B1310355600162N00853098EA0000001155
B1310415600220N00853202EA0000001155
B1310465600269N00853287EA0000001163
B1310535600351N00853378EA0000001151
B1310585600415N00853456EA0000001148
B1311045600471N00853548EA0000001163
B1311095600504N00853640EA0000001149
B1311145600543N00853747EA0000001140
B1311205600628N00853778EA0000001135
B1311275600737N00853758EA0000001125
B1311335600832N00853736EA0000001110
B1311395600932N00853712EA0000001093
B1311455601035N00853685EA0000001082
B1311505601122N00853665EA0000001072
B1311575601245N00853645EA0000001063
B1312035601346N00853638EA0000001058
B1312165601572N00853640EA0000001021
B1312215601662N00853652EA0000001003
B1312265601753N00853668EA0000000989
B1312315601842N00853681EA0000000986
B1312365601926N00853693EA0000000975
B1312425602026N00853707EA0000000961
B1312485602127N00853716EA0000000948
B1312535602206N00853716EA0000000949
B1312585602276N00853717EA0000000945
B1313035602332N00853763EA0000000939
B1313115602419N00853885EA0000000925
B1313165602472N00853970EA0000000925
B1313235602543N00854085EA0000000935
B1313295602592N00854179EA0000000922
B1313355602651N00854286EA0000000912
B1313405602701N00854373EA0000000914
B1313465602756N00854464EA0000000937
B1313525602817N00854430EA0000000927
B1313575602873N00854361EA0000000913
B1314025602942N00854290EA0000000882
B1314085603033N00854192EA0000000870
B1314135603107N00854104EA0000000858
B1314195603197N00853995EA0000000847
B1314245603272N00853895EA0000000837
B1314305603362N00853761EA0000000827
B1314365603452N00853622EA0000000813
B1314425603540N00853485EA0000000820
B1314475603611N00853383EA0000000820
B1314535603695N00853253EA0000000835
B1314585603755N00853160EA0000000866
B1315035603808N00853195EA0000000880
B1315085603761N00853267EA0000000890
B1315135603732N00853153EA0000000911
B1315185603783N00853154EA0000000923
B1315235603751N00853241EA0000000938
B1315285603696N00853160EA0000000954
B1315335603733N00853082EA0000000965
B1315385603753N00853164EA0000000977
B1315445603675N00853150EA0000000993
B1315495603695N00853047EA0000001008
B1315545603734N00853106EA0000001014
B1315595603676N00853162EA0000001033
B1316055603645N00853037EA0000001051
B1316115603704N00853036EA0000001054
B1316165603670N00853124EA0000001071
B1316215603613N00853049EA0000001081
B1316265603643N00852959EA0000001099
B1316325603672N00853049EA0000001100
B1316375603602N00853062EA0000001109
B1316425603560N00852940EA0000001129
B1316475603591N00852842EA0000001139
B1316525603642N00852882EA0000001146
B1316575603603N00852962EA0000001152
B1317025603547N00852868EA0000001161
B1317075603550N00852727EA0000001178
B1317125603594N00852648EA0000001183
B1317175603640N00852704EA0000001194
B1317225603597N00852784EA0000001200
B1317285603555N00852658EA0000001212
B1317335603612N00852630EA0000001221
B1317385603618N00852730EA0000001229
B1317435603544N00852767EA0000001228
B1317485603481N00852693EA0000001252
B1317535603501N00852580EA0000001260
B1317585603555N00852595EA0000001265
B1318035603530N00852690EA0000001268
B1318085603468N00852613EA0000001277
B1318135603505N00852512EA0000001294
B1318185603549N00852560EA0000001304
B1318235603522N00852656EA0000001308
B1318285603453N00852615EA0000001315
B1318335603453N00852484EA0000001327
B1318395603516N00852392EA0000001341
B1318445603566N00852428EA0000001347
B1318505603611N00852542EA0000001359
B1318555603676N00852526EA0000001358
B1319005603730N00852564EA0000001376
B1319065603764N00852674EA0000001395
B1319115603813N00852640EA0000001410
B1319165603774N00852535EA0000001423
B1319215603717N00852600EA0000001434
B1319265603760N00852653EA0000001454
B1319315603763N00852541EA0000001465
B1319365603688N00852536EA0000001478
B1319425603706N00852644EA0000001505
B1319485603735N00852537EA0000001519
B1319535603666N00852485EA0000001534
B1319585603635N00852583EA0000001554
B1320035603683N00852608EA0000001568
B1320095603674N00852475EA0000001581
B1320145603602N00852479EA0000001593
B1320195603603N00852584EA0000001610
B1320265603662N00852523EA0000001623
B1320315603602N00852443EA0000001634
B1320365603566N00852540EA0000001657
B1320425603613N00852602EA0000001672
B1320475603643N00852500EA0000001676
B1320525603590N00852413EA0000001694
B1320575603535N00852478EA0000001708
B1321035603577N00852558EA0000001721
B1321085603605N00852460EA0000001728
B1321135603546N00852380EA0000001739
B1321185603494N00852451EA0000001759
B1321245603530N00852546EA0000001768
B1321305603585N00852458EA0000001769
B1321355603550N00852347EA0000001779
B1321405603471N00852357EA0000001792
B1321465603448N00852483EA0000001812
B1321515603498N00852530EA0000001818
B1321575603526N00852413EA0000001817
B1322025603466N00852341EA0000001826
B1322075603407N00852408EA0000001843
B1322125603423N00852509EA0000001848
B1322185603485N00852582EA0000001847
B1322265603580N00852687EA0000001828
B1322325603655N00852781EA0000001817
B1322375603720N00852856EA0000001801
B1322435603800N00852940EA0000001791
B1322495603877N00853017EA0000001790
B1322565603965N00853105EA0000001781
B1323035604060N00853190EA0000001771
B1323095604145N00853267EA0000001760
B1323155604234N00853360EA0000001747
B1323205604310N00853443EA0000001740
B1323265604401N00853537EA0000001728
B1323325604488N00853632EA0000001724
B1323405604594N00853765EA0000001723
B1323465604668N00853878EA0000001714
B1323515604728N00853969EA0000001718
B1323565604789N00854056EA0000001708
B1324015604850N00854149EA0000001695
B1324065604913N00854238EA0000001686
B1324115604976N00854329EA0000001676
B1324175605057N00854438EA0000001659
B1324235605142N00854547EA0000001657
B1324285605202N00854626EA0000001678
B1324345605270N00854715EA0000001660
B1324395605336N00854807EA0000001636
B1324445605404N00854898EA0000001659
B1324495605458N00854975EA0000001680
B1324545605512N00855058EA0000001675
B1325015605594N00855186EA0000001668
B1325065605656N00855292EA0000001660
B1325115605719N00855407EA0000001646
B1325165605785N00855532EA0000001632
B1325225605867N00855672EA0000001628
B1325275605936N00855783EA0000001620
B1325325606002N00855890EA0000001611
B1325375606073N00855998EA0000001596
B1325425606143N00856110EA0000001587
B1325495606239N00856265EA0000001580
B1325545606308N00856373EA0000001571
B1326025606423N00856540EA0000001560
B1326085606514N00856667EA0000001548
B1326135606591N00856772EA0000001539
B1326185606671N00856876EA0000001528
B1326245606768N00856999EA0000001524
B1326305606864N00857118EA0000001516
B1326355606940N00857211EA0000001516
B1326415607025N00857324EA0000001507
B1326465607096N00857426EA0000001492
B1326515607167N00857537EA0000001477
B1326595607282N00857714EA0000001466
B1327055607366N00857853EA0000001450
B1327125607466N00858016EA0000001437
B1327175607536N00858132EA0000001436
B1327225607607N00858247EA0000001431
B1327275607679N00858363EA0000001423
B1327345607780N00858519EA0000001415
B1327395607849N00858632EA0000001404
B1327445607918N00858748EA0000001400
B1327505607997N00858871EA0000001401
B1327575608088N00859007EA0000001405
B1328035608168N00859113EA0000001410
B1328085608224N00859192EA0000001437
B1328145608289N00859279EA0000001452
B1328195608354N00859301EA0000001467
B1328245608381N00859393EA0000001485
B1328295608314N00859446EA0000001484
B1328345608278N00859325EA0000001494
B1328405608341N00859265EA0000001508
B1328465608412N00859321EA0000001508
B1328515608472N00859405EA0000001513
B1328565608524N00859502EA0000001528
B1329015608571N00859572EA0000001555
B1329065608629N00859517EA0000001553
B1329115608600N00859383EA0000001562
B1329165608530N00859415EA0000001574
B1329215608547N00859515EA0000001584
B1329265608613N00859475EA0000001585
B1329315608610N00859336EA0000001603
B1329365608538N00859311EA0000001608
B1329415608520N00859419EA0000001617
B1329475608580N00859502EA0000001620
B1329525608635N00859574EA0000001623
B1329575608692N00859652EA0000001628
B1330035608769N00859778EA0000001602
B1330085608832N00859903EA0000001590
B1330135608896N00900034EA0000001587
B1330185608957N00900172EA0000001576
B1330235609019N00900310EA0000001569
B1330285609084N00900448EA0000001556
B1330345609162N00900613EA0000001543
B1330395609225N00900749EA0000001539
B1330455609304N00900910EA0000001526
B1330505609371N00901044EA0000001523
B1330555609439N00901176EA0000001517
B1331025609532N00901363EA0000001508
B1331085609611N00901521EA0000001511
B1331145609695N00901667EA0000001509
B1331195609763N00901786EA0000001518
B1331245609829N00901893EA0000001517
B1331295609882N00902008EA0000001534
B1331345609915N00902113EA0000001548
B1331405609960N00902233EA0000001548
B1331455610004N00902324EA0000001529
B1331505610062N00902409EA0000001548
B1331555610112N00902457EA0000001562
B1332015610183N00902510EA0000001549
B1332065610244N00902572EA0000001535
B1332135610343N00902695EA0000001513
B1332195610429N00902814EA0000001512
B1332245610495N00902923EA0000001509
B1332335610611N00903143EA0000001492
B1332395610686N00903296EA0000001484
B1332445610744N00903436EA0000001456
B1332495610803N00903579EA0000001470
B1332595610907N00903816EA0000001462
B1333045610963N00903938EA0000001459
B1333095611022N00904064EA0000001436
B1333145611082N00904204EA0000001423
B1333195611141N00904348EA0000001417
B1333265611215N00904548EA0000001407
B1333315611265N00904702EA0000001390
B1333365611311N00904863EA0000001390
B1333415611358N00905011EA0000001413
B1333465611366N00905134EA0000001450
B1333515611295N00905154EA0000001463
B1333565611280N00905033EA0000001466
B1334015611333N00905014EA0000001479
B1334065611365N00905099EA0000001484
B1334115611398N00905182EA0000001498
B1334165611427N00905276EA0000001499
B1334225611443N00905406EA0000001505
B1334275611469N00905520EA0000001498
B1334325611498N00905632EA0000001505
B1334375611530N00905755EA0000001488
B1334425611564N00905882EA0000001483
B1334475611600N00906020EA0000001457
B1334535611647N00906200EA0000001455
B1334585611687N00906342EA0000001474
B1335035611717N00906460EA0000001508
B1335085611755N00906523EA0000001526
B1335135611777N00906411EA0000001536
B1335185611705N00906381EA0000001559
B1335235611706N00906478EA0000001568
B1335285611748N00906417EA0000001584
B1335345611675N00906342EA0000001604
B1335395611659N00906444EA0000001613
B1335445611709N00906433EA0000001638
B1335495611691N00906308EA0000001645
B1335545611623N00906325EA0000001664
B1335595611638N00906418EA0000001675
B1336045611678N00906340EA0000001690
B1336105611608N00906253EA0000001699
B1336155611595N00906354EA0000001709
B1336205611645N00906322EA0000001730
B1336255611622N00906196EA0000001726
B1336305611550N00906192EA0000001742
B1336355611535N00906303EA0000001748
B1336415611592N00906377EA0000001776
B1336465611637N00906426EA0000001784
B1336515611689N00906482EA0000001770
B1336565611758N00906554EA0000001750
B1337025611852N00906650EA0000001740
B1337075611935N00906734EA0000001729
B1337125612018N00906827EA0000001717
B1337175612103N00906923EA0000001707
B1337235612206N00907037EA0000001699
B1337315612341N00907200EA0000001691
B1337385612464N00907339EA0000001685
B1337435612553N00907435EA0000001672
B1337485612641N00907530EA0000001664
B1337555612761N00907654EA0000001658
B1338025612884N00907779EA0000001640
B1338085612981N00907878EA0000001658
B1338145613065N00907965EA0000001659
B1338215613164N00908061EA0000001697
B1338275613234N00908139EA0000001689
B1338325613291N00908241EA0000001669
B1338405613376N00908468EA0000001646
B1338455613435N00908621EA0000001640
B1338525613514N00908843EA0000001631
B1338575613570N00909016EA0000001620
B1339045613651N00909263EA0000001611
B1339115613734N00909507EA0000001592
B1339235613886N00909918EA0000001575
B1339305613968N00910160EA0000001566
B1339355614023N00910333EA0000001562
B1339405614075N00910508EA0000001553
B1339465614138N00910721EA0000001542
B1339515614189N00910897EA0000001532
B1339565614242N00911073EA0000001522
B1340015614295N00911247EA0000001516
B1340075614360N00911453EA0000001503
B1340155614443N00911742EA0000001485
B1340215614502N00911966EA0000001476
B1340265614549N00912147EA0000001482
B1340325614606N00912367EA0000001467
B1340375614653N00912537EA0000001486
B1340425614693N00912697EA0000001483
B1340475614730N00912846EA0000001514
B1340525614761N00912978EA0000001533
B1340585614709N00913094EA0000001542
B1341045614664N00912974EA0000001556
B1341095614718N00912955EA0000001563
B1341145614715N00913078EA0000001569
B1341195614640N00913061EA0000001575
B1341245614655N00912950EA0000001593
B1341305614705N00913033EA0000001610
B1341355614648N00913109EA0000001612
B1341405614604N00913013EA0000001624
B1341465614662N00912983EA0000001640
B1341515614655N00913102EA0000001644
B1341565614582N00913099EA0000001649
B1342015614575N00912987EA0000001667
B1342065614632N00912975EA0000001679
B1342115614640N00913084EA0000001682
B1342165614566N00913105EA0000001680
B1342215614556N00912992EA0000001705
B1342265614611N00912974EA0000001719
B1342315614626N00913076EA0000001719
B1342375614541N00913103EA0000001715
B1342425614537N00912985EA0000001733
B1342475614596N00912988EA0000001743
B1342535614627N00913119EA0000001741
B1342585614651N00913267EA0000001724
B1343045614683N00913468EA0000001735
B1343105614717N00913672EA0000001707
B1343155614746N00913864EA0000001690
B1343205614779N00914054EA0000001698
B1343255614814N00914238EA0000001690
B1343315614861N00914460EA0000001675
B1343365614904N00914640EA0000001675
B1343415614941N00914810EA0000001675
B1343465614975N00914980EA0000001662
B1343535615023N00915219EA0000001641
B1343585615057N00915390EA0000001634
B1344045615090N00915563EA0000001668
B1344095615114N00915686EA0000001681
B1344175615151N00915874EA0000001663
B1344235615206N00916004EA0000001659
B1344295615273N00916117EA0000001640
B1344345615344N00916216EA0000001618
B1344425615461N00916396EA0000001604
B1344485615546N00916534EA0000001606
B1344535615619N00916643EA0000001618
B1344595615708N00916760EA0000001592
B1345045615790N00916862EA0000001576
B1345125615929N00917021EA0000001559
B1345185616035N00917125EA0000001555
B1345235616126N00917209EA0000001538
B1345295616238N00917308EA0000001531
B1345375616380N00917443EA0000001524
B1345435616480N00917552EA0000001514
B1345515616616N00917700EA0000001504
B1345565616695N00917784EA0000001499
B1346025616787N00917892EA0000001479
B1346095616890N00918051EA0000001453
B1346155616985N00918177EA0000001449
B1346205617059N00918275EA0000001452
B1346255617130N00918366EA0000001457
B1346305617204N00918452EA0000001461
B1346365617293N00918541EA0000001446
B1346425617395N00918637EA0000001417
B1346475617487N00918711EA0000001405
B1346545617610N00918826EA0000001387
B1346595617696N00918923EA0000001377
B1347045617780N00919024EA0000001374
B1347095617861N00919117EA0000001380
B1347145617931N00919206EA0000001377
B1347215618032N00919343EA0000001359
B1347265618109N00919444EA0000001345
B1347315618188N00919539EA0000001338
B1347385618297N00919666EA0000001330
B1347445618390N00919776EA0000001316
B1347525618515N00919930EA0000001300
B1348015618656N00920101EA0000001285
B1348105618790N00920278EA0000001272
B1348185618894N00920446EA0000001262
B1348245618967N00920568EA0000001286
B1348295618930N00920676EA0000001313
B1348345618850N00920618EA0000001316
B1348395618867N00920512EA0000001317
B1348445618893N00920582EA0000001315
B1348495618834N00920684EA0000001323
B1348565618834N00920801EA0000001338
B1349015618857N00920711EA0000001351
B1349065618790N00920638EA0000001359
B1349115618734N00920711EA0000001368
B1349175618766N00920786EA0000001364
B1349225618786N00920684EA0000001380
B1349285618704N00920622EA0000001391
B1349335618672N00920723EA0000001393
B1349385618712N00920742EA0000001405
B1349435618713N00920622EA0000001414
B1349485618638N00920583EA0000001425
B1349535618597N00920675EA0000001426
B1349585618631N00920732EA0000001436
B1350055618693N00920763EA0000001457
B1350115618719N00920627EA0000001461
B1350185618618N00920575EA0000001483
B1350235618609N00920683EA0000001485
B1350285618658N00920665EA0000001502
B1350335618643N00920530EA0000001507
B1350385618561N00920502EA0000001520
B1350435618530N00920600EA0000001528
B1350485618571N00920653EA0000001531
B1350545618590N00920519EA0000001544
B1350595618513N00920458EA0000001549
B1351045618468N00920547EA0000001554
B1351105618513N00920620EA0000001564
B1351175618566N00920700EA0000001571
B1351265618646N00920855EA0000001568
B1351315618691N00920939EA0000001581
B1351365618738N00921022EA0000001585
B1351425618798N00921149EA0000001563
B1351475618855N00921272EA0000001549
B1351525618916N00921398EA0000001539
B1352015619025N00921630EA0000001529
B1352075619094N00921793EA0000001524
B1352135619164N00921955EA0000001517
B1352185619223N00922086EA0000001513
B1352235619282N00922217EA0000001500
B1352315619377N00922431EA0000001490
B1352405619480N00922661EA0000001482
B1352495619578N00922889EA0000001475
B1352565619650N00923071EA0000001466
B1353035619729N00923247EA0000001461
B1353085619780N00923372EA0000001459
B1353145619851N00923503EA0000001454
B1353195619911N00923603EA0000001463
B1353245619967N00923693EA0000001463
B1353315620040N00923827EA0000001478
B1353365620070N00923928EA0000001482
B1353425620107N00924070EA0000001484
B1353505620169N00924212EA0000001483
B1353575620202N00924386EA0000001453
B1354025620226N00924538EA0000001433
B1354075620251N00924701EA0000001423
B1354135620283N00924902EA0000001414
B1354225620336N00925196EA0000001437
B1354275620364N00925329EA0000001455
B1354345620402N00925521EA0000001455
B1354395620429N00925662EA0000001459
B1354445620457N00925804EA0000001434
B1354495620491N00925970EA0000001407
B1354545620530N00926141EA0000001402
B1355005620577N00926341EA0000001393
B1355055620614N00926509EA0000001393
B1355105620654N00926669EA0000001387
B1355165620705N00926859EA0000001375
B1355215620746N00927013EA0000001369
B1355265620785N00927173EA0000001362
B1355315620826N00927334EA0000001364
B1355375620867N00927489EA0000001404
B1355425620901N00927604EA0000001380
B1355505620971N00927818EA0000001362
B1355585621036N00928021EA0000001351
B1356035621082N00928169EA0000001357
B1356105621137N00928329EA0000001397
B1356175621188N00928472EA0000001396
B1356235621233N00928618EA0000001372
B1356285621277N00928751EA0000001366
B1356335621318N00928881EA0000001358
B1356395621366N00929046EA0000001346
B1356445621402N00929192EA0000001347
B1356495621434N00929334EA0000001355
B1356545621486N00929438EA0000001359
B1357015621548N00929591EA0000001350
B1357075621580N00929769EA0000001345
B1357125621589N00929926EA0000001362
B1357175621597N00930068EA0000001373
B1357225621635N00930174EA0000001379
B1357275621590N00930284EA0000001385
B1357325621528N00930205EA0000001401
B1357375621568N00930155EA0000001414
B1357425621569N00930268EA0000001415
B1357475621490N00930274EA0000001424
B1357525621497N00930175EA0000001434
B1357585621527N00930270EA0000001442
B1358045621440N00930312EA0000001451
B1358115621451N00930185EA0000001460
B1358175621482N00930284EA0000001467
B1358225621411N00930347EA0000001471
B1358275621373N00930254EA0000001476
B1358325621422N00930235EA0000001479
B1358375621452N00930336EA0000001483
B1358425621480N00930461EA0000001467
B1358475621511N00930605EA0000001452
B1358545621555N00930821EA0000001428
B1358595621584N00930983EA0000001424
B1359045621602N00931128EA0000001452
B1359095621602N00931254EA0000001462
B1359145621583N00931384EA0000001448
B1359215621585N00931593EA0000001418
B1359275621607N00931781EA0000001396
B1359335621631N00931966EA0000001385
B1359385621655N00932120EA0000001376
B1359455621691N00932338EA0000001367
B1359545621731N00932624EA0000001357
B1400075621762N00933034EA0000001364
B1400135621766N00933209EA0000001375
B1400195621764N00933381EA0000001377
B1400265621760N00933582EA0000001369
B1400315621751N00933728EA0000001375
B1400365621745N00933869EA0000001373
B1400425621777N00934011EA0000001392
B1400475621826N00934067EA0000001399
B1400535621885N00934139EA0000001403
B1400585621921N00934239EA0000001392
B1401045621960N00934376EA0000001382
B1401145622046N00934651EA0000001350
B1401215622109N00934847EA0000001339
B1401315622203N00935104EA0000001321
B1401365622252N00935228EA0000001314
B1401485622367N00935523EA0000001296
B1401545622411N00935682EA0000001281
B1401595622444N00935826EA0000001267
B1402045622476N00935976EA0000001256
B1402115622511N00936189EA0000001241
B1402175622539N00936378EA0000001225
B1402255622563N00936647EA0000001198
B1402305622571N00936826EA0000001195
B1402355622568N00936993EA0000001209
B1402405622557N00937148EA0000001221
B1402455622491N00937239EA0000001237
B1402515622437N00937118EA0000001250
B1402565622479N00937126EA0000001253
B1403015622452N00937245EA0000001267
B1403065622377N00937206EA0000001272
B1403115622386N00937103EA0000001285
B1403165622418N00937165EA0000001280
B1403225622351N00937271EA0000001302
B1403275622303N00937168EA0000001302
B1403325622342N00937141EA0000001315
B1403375622348N00937252EA0000001317
B1403425622368N00937351EA0000001326
B1403475622360N00937465EA0000001328
B1403525622278N00937446EA0000001335
B1403575622287N00937330EA0000001348
B1404025622324N00937386EA0000001354
B1404075622259N00937457EA0000001365
B1404125622221N00937344EA0000001374
B1404175622267N00937319EA0000001380
B1404225622240N00937428EA0000001390
B1404275622162N00937385EA0000001407
B1404325622173N00937274EA0000001409
B1404375622205N00937343EA0000001413
B1404425622139N00937416EA0000001429
B1404485622086N00937293EA0000001435
B1404535622129N00937263EA0000001445
B1404585622111N00937369EA0000001442
B1405035622033N00937327EA0000001457
B1405095622055N00937214EA0000001466
B1405145622080N00937290EA0000001467
B1405195622013N00937346EA0000001474
B1405245621973N00937229EA0000001484
B1405305622020N00937179EA0000001498
B1405355622064N00937237EA0000001502
B1405405622108N00937287EA0000001502
B1405455622166N00937349EA0000001479
B1405505622238N00937424EA0000001469
B1405575622347N00937516EA0000001473
B1406035622438N00937594EA0000001473
B1406095622533N00937685EA0000001459
B1406145622618N00937756EA0000001468
B1406205622699N00937807EA0000001501
B1406275622796N00937871EA0000001473
B1406325622869N00937910EA0000001496
B1406375622939N00937945EA0000001493
B1406425623011N00937983EA0000001481
B1406485623113N00938042EA0000001445
B1406565623259N00938136EA0000001429
B1407025623369N00938206EA0000001421
B1407085623475N00938276EA0000001422
B1407145623575N00938331EA0000001410
B1407195623661N00938370EA0000001399
B1407265623783N00938419EA0000001381
B1407315623875N00938457EA0000001372
B1407385624002N00938509EA0000001360
B1407435624093N00938544EA0000001354
B1407495624199N00938589EA0000001351
B1407565624325N00938640EA0000001337
B1408015624415N00938672EA0000001329
B1408105624579N00938727EA0000001310
B1408165624679N00938772EA0000001332
B1408215624757N00938815EA0000001338
B1408265624825N00938850EA0000001370
B1408315624882N00938877EA0000001382
B1408365624938N00938924EA0000001372
B1408415625006N00938989EA0000001370
B1408475625084N00939061EA0000001359
B1408525625157N00939127EA0000001367
B1408585625223N00939190EA0000001393
B1409045625292N00939241EA0000001369
B1409095625361N00939296EA0000001375
B1409155625425N00939351EA0000001390
B1409205625483N00939410EA0000001371
B1409275625573N00939506EA0000001366
B1409345625674N00939612EA0000001342
B1409415625788N00939717EA0000001337
B1409465625865N00939787EA0000001352
B1409525625921N00939908EA0000001364
B1409575625966N00940007EA0000001372
B1410035626021N00940090EA0000001385
B1410095625939N00940144EA0000001385
B1410145625948N00940047EA0000001401
B1410195625971N00940126EA0000001408
B1410245625899N00940180EA0000001418
B1410295625876N00940077EA0000001414
B1410345625923N00940094EA0000001430
B1410405625950N00940214EA0000001442
B1410455626001N00940204EA0000001444
B1410505625977N00940088EA0000001456
B1410565625900N00940154EA0000001448
B1411015625916N00940288EA0000001463
B1411065625861N00940367EA0000001479
B1411125625850N00940246EA0000001494
B1411175625867N00940336EA0000001500
B1411225625791N00940320EA0000001521
B1411275625822N00940256EA0000001526
B1411325625806N00940370EA0000001544
B1411375625750N00940299EA0000001547
B1411425625795N00940272EA0000001574
B1411475625768N00940376EA0000001578
B1411525625708N00940311EA0000001590
B1411585625754N00940289EA0000001605
B1412035625717N00940389EA0000001613
B1412085625664N00940306EA0000001625
B1412145625710N00940288EA0000001637
B1412205625658N00940401EA0000001649
B1412265625631N00940283EA0000001655
B1412335625659N00940386EA0000001670
B1412385625587N00940379EA0000001685
B1412435625597N00940279EA0000001685
B1412485625650N00940298EA0000001700
B1412535625709N00940337EA0000001699
B1413005625807N00940387EA0000001696
B1413055625872N00940414EA0000001707
B1413105625935N00940444EA0000001703
B1413175626029N00940491EA0000001700
B1413235626110N00940508EA0000001702
B1413315626217N00940511EA0000001689
B1413395626337N00940520EA0000001657
B1413445626422N00940535EA0000001654
B1413505626516N00940562EA0000001654
B1413555626593N00940584EA0000001642
B1414025626698N00940619EA0000001640
B1414085626781N00940660EA0000001632
B1414145626872N00940709EA0000001611
B1414205626966N00940759EA0000001612
B1414255627032N00940802EA0000001631
B1414315627104N00940848EA0000001621
B1414365627168N00940884EA0000001604
B1414435627263N00940942EA0000001597
B1414495627341N00941005EA0000001596
B1414545627401N00941064EA0000001612
B1415005627470N00941131EA0000001613
B1415055627523N00941183EA0000001637
B1415105627574N00941218EA0000001639
B1415155627634N00941177EA0000001645
B1415225627700N00941144EA0000001668
B1415285627755N00941188EA0000001653
B1415335627825N00941230EA0000001620
B1415395627923N00941281EA0000001621
B1415455628020N00941335EA0000001610
B1415535628149N00941430EA0000001604
B1416015628282N00941529EA0000001593
B1416065628364N00941594EA0000001591
B1416135628476N00941695EA0000001591
B1416185628554N00941767EA0000001591
B1416245628645N00941855EA0000001572
B1416325628786N00941969EA0000001550
B1416385628897N00942054EA0000001538
B1416485629077N00942189EA0000001533
B1416535629163N00942251EA0000001533
B1417015629297N00942344EA0000001521
B1417065629380N00942400EA0000001514
B1417135629502N00942474EA0000001502
B1417215629638N00942554EA0000001498
B1417295629767N00942633EA0000001494
B1417345629849N00942686EA0000001485
B1417395629934N00942744EA0000001478
B1417445630017N00942803EA0000001470
B1417505630118N00942871EA0000001460
B1417585630252N00942951EA0000001454
B1418055630352N00943039EA0000001474
B1418115630427N00943130EA0000001475
B1418185630522N00943217EA0000001476
B1418265630578N00943390EA0000001509
B1418315630520N00943466EA0000001519
B1418365630454N00943412EA0000001524
B1418415630462N00943301EA0000001533
B1418475630516N00943352EA0000001544
B1418525630478N00943448EA0000001554
B1418575630409N00943408EA0000001556
B1419025630409N00943292EA0000001570
B1419075630458N00943292EA0000001580
B1419125630449N00943403EA0000001588
B1419175630377N00943421EA0000001596
B1419225630331N00943329EA0000001611
B1419285630370N00943213EA0000001613
B1419345630432N00943185EA0000001627
B1419405630503N00943229EA0000001638
B1419475630597N00943295EA0000001604
B1419525630681N00943340EA0000001594
B1420005630816N00943410EA0000001584
B1420075630934N00943486EA0000001579
B1420135631033N00943550EA0000001571
B1420185631118N00943604EA0000001581
B1420245631196N00943652EA0000001607
B1420305631288N00943697EA0000001590
B1420355631365N00943743EA0000001589
B1420415631469N00943809EA0000001558
B1420465631566N00943868EA0000001547
B1420535631700N00943952EA0000001552
B1420585631791N00943989EA0000001567
B1421045631892N00944024EA0000001588
B1421115631995N00944049EA0000001572
B1421165632079N00944069EA0000001568
B1421225632180N00944105EA0000001562
B1421275632263N00944143EA0000001560
B1421325632346N00944179EA0000001561
B1421385632446N00944220EA0000001543
B1421455632565N00944268EA0000001543
B1421535632698N00944324EA0000001537
B1421585632782N00944358EA0000001525
B1422045632887N00944392EA0000001528
B1422095632962N00944417EA0000001565
B1422155633019N00944338EA0000001568
B1422205633074N00944299EA0000001565
B1422275633167N00944346EA0000001547
B1422325633231N00944389EA0000001568
B1422385633309N00944429EA0000001569
B1422445633388N00944471EA0000001568
B1422505633470N00944521EA0000001558
B1422565633560N00944573EA0000001573
B1423045633659N00944639EA0000001601
B1423095633712N00944657EA0000001609
B1423155633743N00944540EA0000001613
B1423205633785N00944494EA0000001607
B1423255633843N00944535EA0000001587
B1423335633953N00944633EA0000001560
B1423395634043N00944705EA0000001554
B1423455634140N00944773EA0000001544
B1423505634221N00944824EA0000001548
B1423555634302N00944874EA0000001538
B1424015634405N00944931EA0000001521
B1424075634511N00944982EA0000001511
B1424165634667N00945052EA0000001498
B1424215634751N00945093EA0000001495
B1424295634884N00945156EA0000001487
B1424345634965N00945189EA0000001481
B1424405635067N00945235EA0000001469
B1424465635169N00945281EA0000001461
B1424515635257N00945319EA0000001453
B1424565635343N00945356EA0000001448
B1425055635497N00945422EA0000001435
B1425125635616N00945471EA0000001429
B1425205635745N00945525EA0000001419
B1425295635886N00945594EA0000001407
B1425365635987N00945647EA0000001407
B1425415636065N00945686EA0000001404
B1425475636160N00945729EA0000001383
B1425545636273N00945789EA0000001370
B1426025636395N00945856EA0000001360
B1426085636483N00945907EA0000001347
B1426175636618N00945994EA0000001314
B1426225636700N00946044EA0000001291
B1426295636818N00946106EA0000001271
B1426345636900N00946149EA0000001257
B1426425637037N00946214EA0000001225
B1426475637128N00946249EA0000001206
B1426565637294N00946309EA0000001190
B1427035637416N00946358EA0000001185
B1427085637502N00946391EA0000001179
B1427145637605N00946435EA0000001170
B1427235637760N00946506EA0000001154
B1427285637846N00946550EA0000001150
B1427355637962N00946627EA0000001142
B1427445638109N00946747EA0000001133
B1427515638223N00946840EA0000001127
B1427575638321N00946876EA0000001117
B1428025638397N00946894EA0000001123
B1428075638408N00946775EA0000001118
B1428125638328N00946687EA0000001103
B1428185638205N00946625EA0000001098
B1428245638089N00946562EA0000001090
B1428325637921N00946500EA0000001077
B1428375637812N00946495EA0000001071
B1428435637687N00946454EA0000001068
B1428485637583N00946401EA0000001054
B1428555637428N00946316EA0000001041
B1429015637292N00946238EA0000001032
B1429075637157N00946156EA0000001023
B1429135637022N00946072EA0000001016
B1429215636847N00945962EA0000001016
B1429265636739N00945885EA0000001011
B1429325636606N00945801EA0000001012
B1429375636549N00945681EA0000001047
B1429425636589N00945653EA0000001074
B1429475636561N00945760EA0000001078
B1429525636489N00945704EA0000001085
B1429575636511N00945643EA0000001107
B1430065636449N00945781EA0000001125
B1430115636430N00945688EA0000001131
B1430195636428N00945816EA0000001159
B1430245636371N00945748EA0000001163
B1430295636411N00945751EA0000001180
B1430345636364N00945855EA0000001196
B1430405636326N00945764EA0000001205
B1430455636360N00945824EA0000001219
B1430545636262N00945827EA0000001238
B1430595636303N00945819EA0000001246
B1431085636214N00945923EA0000001272
B1431135636222N00945843EA0000001281
B1431185636252N00945922EA0000001293
B1431245636173N00945988EA0000001307
B1431295636157N00945895EA0000001315
B1431345636204N00945929EA0000001324
B1431395636173N00946038EA0000001331
B1431455636117N00945951EA0000001346
B1431505636154N00945986EA0000001358
B1431575636067N00946058EA0000001367
B1432025636080N00945983EA0000001378
B1432075636090N00946091EA0000001391
B1432125636015N00946105EA0000001395
B1432175636030N00946033EA0000001403
B1432225636033N00946144EA0000001417
B1432275635963N00946121EA0000001412
B1432345636008N00946139EA0000001432
B1432415635919N00946218EA0000001445
B1432495635954N00946168EA0000001453
B1432545635926N00946293EA0000001467
B1433015635852N00946227EA0000001468
B1433075635900N00946254EA0000001480
B1433125635855N00946372EA0000001481
B1433255635619N00946418EA0000001467
B1433335635444N00946453EA0000001452
B1433415635268N00946490EA0000001464
B1433465635166N00946504EA0000001468
B1433545634991N00946525EA0000001442
B1434015634831N00946549EA0000001441
B1434085634682N00946574EA0000001423
B1434135634568N00946592EA0000001404
B1434205634406N00946613EA0000001397
B1434375634030N00946616EA0000001374
B1434475633825N00946619EA0000001385
B1434525633722N00946611EA0000001391
B1434585633601N00946584EA0000001375
B1435045633475N00946543EA0000001383
B1435105633365N00946565EA0000001392
B1435155633279N00946549EA0000001397
B1435215633193N00946444EA0000001402
B1435265633114N00946400EA0000001406
B1435315633078N00946511EA0000001413
B1435365633126N00946523EA0000001421
B1435445633072N00946382EA0000001433
B1435515632965N00946329EA0000001442
B1435575632865N00946276EA0000001432
B1436025632772N00946229EA0000001425
B1436085632678N00946185EA0000001459
B1436135632599N00946143EA0000001434
B1436195632480N00946064EA0000001402
B1436275632307N00945961EA0000001383
B1436335632175N00945899EA0000001381
B1436385632063N00945848EA0000001369
B1436485631835N00945746EA0000001349
B1436535631722N00945688EA0000001363
B1436585631619N00945639EA0000001379
B1437045631519N00945564EA0000001399
B1437125631376N00945452EA0000001385
B1437175631272N00945394EA0000001377
B1437265631065N00945307EA0000001348
B1437345630871N00945253EA0000001332
B1437425630676N00945222EA0000001324
B1437485630534N00945258EA0000001319
B1437575630329N00945366EA0000001316
B1438045630173N00945457EA0000001325
B1438095630064N00945521EA0000001329
B1438185629878N00945600EA0000001317
B1438245629742N00945645EA0000001324
B1438315629606N00945698EA0000001350
B1438365629529N00945778EA0000001369
B1438415629481N00945686EA0000001385
B1438465629523N00945720EA0000001417
B1438515629454N00945775EA0000001425
B1438565629456N00945673EA0000001457
B1439015629475N00945767EA0000001469
B1439065629398N00945783EA0000001499
B1439125629416N00945689EA0000001519
B1439175629426N00945796EA0000001537
B1439225629351N00945803EA0000001560
B1439285629373N00945707EA0000001581
B1439335629379N00945813EA0000001604
B1439385629304N00945811EA0000001623
B1439445629331N00945719EA0000001644
B1439495629342N00945827EA0000001663
B1439545629268N00945826EA0000001680
B1440005629297N00945737EA0000001701
B1440055629298N00945851EA0000001716
B1440105629225N00945845EA0000001734
B1440185629268N00945774EA0000001757
B1440235629245N00945891EA0000001769
B1440285629176N00945859EA0000001784
B1440335629192N00945759EA0000001801
B1440385629232N00945830EA0000001805
B1440445629173N00945940EA0000001833
B1440495629098N00945930EA0000001833
B1440555628990N00945918EA0000001832
B1441045628793N00945904EA0000001818
B1441105628650N00945886EA0000001796
B1441155628525N00945862EA0000001788
B1441205628407N00945829EA0000001790
B1441315628153N00945761EA0000001770
B1441385627992N00945729EA0000001762
B1441475627784N00945688EA0000001741
B1441535627647N00945653EA0000001738
B1441595627511N00945609EA0000001741
B1442045627401N00945573EA0000001738
B1442135627192N00945511EA0000001709
B1442195627051N00945460EA0000001706
B1442255626917N00945400EA0000001705
B1442305626805N00945341EA0000001699
B1442355626697N00945268EA0000001689
B1442415626573N00945173EA0000001706
B1442465626474N00945097EA0000001713
B1442515626395N00945037EA0000001759
B1442565626320N00944976EA0000001743
B1443015626226N00944895EA0000001717
B1443065626124N00944808EA0000001712
B1443115626019N00944729EA0000001698
B1443165625911N00944657EA0000001713
B1443225625791N00944582EA0000001709
B1443285625674N00944525EA0000001724
B1443365625510N00944511EA0000001693
B1443415625390N00944509EA0000001673
B1443485625221N00944471EA0000001662
B1443545625080N00944402EA0000001653
B1444025624906N00944280EA0000001650
B1444085624782N00944167EA0000001638
B1444145624663N00944047EA0000001628
B1444195624566N00943940EA0000001611
B1444255624441N00943832EA0000001614
B1444305624338N00943764EA0000001615
B1444395624135N00943655EA0000001583
B1444465623972N00943587EA0000001591
B1444515623861N00943544EA0000001583
B1444575623724N00943492EA0000001579
B1445045623567N00943437EA0000001575
B1445095623457N00943398EA0000001574
B1445145623347N00943360EA0000001566
B1445205623209N00943305EA0000001549
B1445265623065N00943252EA0000001536
B1445355622853N00943180EA0000001525
B1445425622688N00943115EA0000001501
B1445515622480N00943011EA0000001496
B1445575622348N00942935EA0000001488
B1446035622215N00942850EA0000001472
B1446095622079N00942760EA0000001463
B1446145621965N00942694EA0000001466
B1446195621856N00942630EA0000001475
B1446245621750N00942567EA0000001488
B1446295621664N00942499EA0000001522
B1446345621587N00942448EA0000001529
B1446395621505N00942408EA0000001528
B1446455621404N00942344EA0000001513
B1446505621310N00942294EA0000001517
B1446565621200N00942236EA0000001535
B1447015621120N00942198EA0000001553
B1447105620974N00942137EA0000001562
B1447165620864N00942104EA0000001544
B1447215620755N00942069EA0000001527
B1447265620637N00942027EA0000001508
B1447325620488N00941972EA0000001493
B1447375620364N00941925EA0000001489
B1447425620239N00941878EA0000001484
B1447505620039N00941816EA0000001474
B1447585619841N00941760EA0000001466
B1448035619721N00941722EA0000001463
B1448085619605N00941684EA0000001456
B1448145619466N00941631EA0000001462
B1448195619355N00941586EA0000001461
B1448245619253N00941551EA0000001504
B1448315619247N00941426EA0000001512
B1448365619265N00941525EA0000001513
B1448415619188N00941576EA0000001525
B1448465619103N00941540EA0000001538
B1448515619026N00941499EA0000001556
B1448575618925N00941440EA0000001524
B1449035618803N00941365EA0000001512
B1449085618692N00941302EA0000001499
B1449135618574N00941235EA0000001486
B1449195618436N00941162EA0000001507
B1449245618332N00941113EA0000001516
B1449365618093N00940968EA0000001511
B1449425617980N00940863EA0000001497
B1449505617832N00940688EA0000001492
B1449575617707N00940519EA0000001474
B1450065617561N00940265EA0000001463
B1450115617495N00940097EA0000001450
B1450165617438N00939918EA0000001440
B1450245617356N00939617EA0000001428
B1450315617289N00939350EA0000001413
B1450385617222N00939081EA0000001401
B1450445617162N00938852EA0000001396
B1450525617079N00938550EA0000001384
B1450575617028N00938359EA0000001376
B1451035616966N00938131EA0000001372
B1451105616897N00937872EA0000001370
B1451155616850N00937683EA0000001364
B1451205616805N00937489EA0000001359
B1451265616748N00937258EA0000001356
B1451315616699N00937067EA0000001348
B1451385616628N00936810EA0000001344
B1451455616555N00936557EA0000001333
B1451505616506N00936375EA0000001326
B1451555616461N00936193EA0000001343
B1452015616418N00936020EA0000001372
B1452065616384N00935875EA0000001357
B1452125616342N00935695EA0000001367
B1452175616300N00935547EA0000001361
B1452235616247N00935366EA0000001342
B1452315616176N00935085EA0000001294
B1452365616132N00934893EA0000001271
B1452425616080N00934666EA0000001269
B1452485616029N00934451EA0000001259
B1452535615986N00934270EA0000001246
B1452595615931N00934052EA0000001232
B1453045615888N00933870EA0000001223
B1453135615810N00933541EA0000001211
B1453225615732N00933217EA0000001199
B1453315615654N00932892EA0000001215
B1453365615649N00932741EA0000001245
B1453415615677N00932618EA0000001247
B1453465615647N00932479EA0000001261
B1453515615568N00932472EA0000001279
B1453565615555N00932585EA0000001292
B1454015615601N00932576EA0000001300
B1454065615588N00932460EA0000001312
B1454115615511N00932448EA0000001320
B1454165615492N00932559EA0000001329
B1454215615539N00932549EA0000001336
B1454265615508N00932440EA0000001348
B1454315615440N00932495EA0000001357
B1454365615462N00932580EA0000001364
B1454415615506N00932515EA0000001369
B1454465615481N00932385EA0000001378
B1454515615471N00932264EA0000001386
B1454565615521N00932181EA0000001385
B1455015615516N00932054EA0000001396
B1455065615455N00931956EA0000001399
B1455115615383N00931855EA0000001382
B1455165615308N00931732EA0000001365
B1455215615230N00931594EA0000001350
B1455265615156N00931445EA0000001361
B1455315615085N00931346EA0000001391
B1455365615007N00931273EA0000001400
B1455435614921N00931114EA0000001376
B1455495614835N00930953EA0000001359
B1455585614691N00930675EA0000001332
B1456055614571N00930455EA0000001324
B1456155614398N00930151EA0000001319
B1456205614314N00930009EA0000001318
B1456255614227N00929872EA0000001296
B1456325614101N00929670EA0000001282
B1456385613999N00929498EA0000001278
B1456455613883N00929295EA0000001266
B1456505613799N00929150EA0000001274
B1456565613747N00928969EA0000001313
B1457025613678N00928836EA0000001314
B1457075613598N00928762EA0000001304
B1457125613512N00928667EA0000001288
B1457175613426N00928575EA0000001297
B1457225613340N00928501EA0000001290
B1457275613242N00928432EA0000001281
B1457345613114N00928355EA0000001298
B1457395613058N00928252EA0000001298
B1457455613014N00928087EA0000001292
B1457505612927N00928036EA0000001292
B1457565612812N00928091EA0000001279
B1458015612709N00928158EA0000001258
B1458065612595N00928230EA0000001247
B1458115612481N00928302EA0000001237
B1458175612340N00928392EA0000001223
B1458235612197N00928468EA0000001217
B1458285612081N00928525EA0000001228
B1458335611979N00928584EA0000001233
B1458385611874N00928660EA0000001212
B1458435611768N00928744EA0000001216
B1458485611664N00928800EA0000001220
B1458575611462N00928809EA0000001187
B1459035611319N00928767EA0000001180
B1459105611180N00928710EA0000001208
B1459165611071N00928652EA0000001205
B1459225610970N00928576EA0000001215
B1459275610894N00928498EA0000001217
B1459345610773N00928424EA0000001186
B1459395610669N00928364EA0000001152
B1459445610557N00928302EA0000001148
B1459495610451N00928237EA0000001155
B1459545610345N00928173EA0000001160
B1459595610249N00928109EA0000001177
B1500075610118N00927948EA0000001154
B1500145609986N00927830EA0000001161
B1500195609892N00927779EA0000001172
B1500255609811N00927650EA0000001167
B1500305609729N00927549EA0000001162
B1500355609632N00927508EA0000001170
B1500405609540N00927521EA0000001165
B1500465609419N00927546EA0000001155
B1500565609223N00927528EA0000001166
B1501015609134N00927534EA0000001168
B1501065609045N00927523EA0000001176
B1501115609039N00927402EA0000001175
B1501175609077N00927477EA0000001192
B1501225609014N00927564EA0000001198
B1501275608952N00927652EA0000001202
B1501325608862N00927654EA0000001204
B1501375608813N00927545EA0000001203
B1501425608806N00927407EA0000001207
B1501475608738N00927348EA0000001205
B1501525608681N00927436EA0000001197
B1501575608617N00927522EA0000001202
B1502035608521N00927458EA0000001213
B1502085608444N00927491EA0000001213
B1502135608445N00927603EA0000001215
B1502185608492N00927579EA0000001214
B1502235608467N00927460EA0000001220
B1502315608345N00927424EA0000001230
B1502365608262N00927393EA0000001216
B1502415608173N00927337EA0000001221
B1502475608137N00927179EA0000001233
B1502525608087N00927072EA0000001235
B1502575608006N00927038EA0000001235
B1503025607928N00926976EA0000001221
B1503085607825N00926876EA0000001207
B1503155607692N00926795EA0000001210
B1503205607595N00926766EA0000001203
B1503275607447N00926746EA0000001182
B1503325607339N00926733EA0000001173
B1503375607232N00926711EA0000001166
B1503445607083N00926658EA0000001150
B1503495606977N00926610EA0000001146
B1503555606852N00926550EA0000001139
B1504025606706N00926459EA0000001131
B1504085606582N00926371EA0000001126
B1504155606437N00926261EA0000001126
B1504245606261N00926119EA0000001126
B1504315606130N00925986EA0000001121
B1504375606023N00925864EA0000001115
B1504425605929N00925756EA0000001099
B1504505605790N00925563EA0000001103
B1504555605708N00925443EA0000001098
B1505035605574N00925245EA0000001077
B1505115605436N00925055EA0000001074
B1505185605313N00924910EA0000001071
B1505235605231N00924812EA0000001073
B1505305605115N00924673EA0000001054
B1505365605015N00924555EA0000001043
B1505415604927N00924456EA0000001028
B1505475604822N00924328EA0000001015
B1505525604733N00924214EA0000001002
B1505575604643N00924096EA0000001008
B1506025604554N00923993EA0000001020
B1506075604465N00923929EA0000001032
B1506125604372N00923893EA0000001021
B1506195604231N00923848EA0000000997
B1506245604141N00923771EA0000000987
B1506305604065N00923601EA0000000967
B1506355604010N00923431EA0000000970
B1506405603957N00923278EA0000000991
B1506455603961N00923159EA0000001013
B1506505603997N00923217EA0000001012
B1506555603930N00923273EA0000001026
B1507005603900N00923164EA0000001029
B1507055603939N00923173EA0000001034
B1507105603900N00923275EA0000001041
B1507155603823N00923245EA0000001050
B1507205603828N00923141EA0000001051
B1507255603863N00923196EA0000001061
B1507305603826N00923309EA0000001067
B1507355603823N00923418EA0000001067
B1507405603877N00923397EA0000001065
B1507465603935N00923301EA0000001070
B1507515603940N00923188EA0000001075
B1507565603863N00923119EA0000001073
B1508025603803N00923000EA0000001083
B1508075603850N00922982EA0000001096
B1508125603820N00923085EA0000001109
B1508175603762N00923005EA0000001108
B1508225603807N00922965EA0000001128
B1508275603787N00923063EA0000001142
B1508325603714N00923012EA0000001141
B1508375603741N00922929EA0000001155
B1508425603749N00923028EA0000001161
B1508475603670N00923011EA0000001173
B1508525603677N00922903EA0000001183
B1508575603711N00922969EA0000001198
B1509025603643N00923026EA0000001207
B1509075603611N00922912EA0000001215
B1509125603658N00922913EA0000001233
B1509175603631N00923018EA0000001237
B1509235603547N00922974EA0000001254
B1509285603574N00922886EA0000001255
B1509345603598N00922999EA0000001271
B1509395603535N00923062EA0000001288
B1509445603507N00922953EA0000001284
B1509495603555N00922955EA0000001299
B1509545603570N00923067EA0000001308
B1509595603530N00923166EA0000001312
B1510045603457N00923105EA0000001313
B1510095603419N00922967EA0000001309
B1510145603388N00922822EA0000001324
B1510215603350N00922637EA0000001335
B1510265603319N00922495EA0000001308
B1510315603288N00922317EA0000001298
B1510385603247N00922087EA0000001321
B1510445603219N00921922EA0000001351
B1510495603244N00921824EA0000001364
B1510545603242N00921705EA0000001366
B1510595603168N00921699EA0000001391
B1511045603169N00921803EA0000001400
B1511105603213N00921728EA0000001409
B1511155603151N00921676EA0000001419
B1511205603131N00921787EA0000001431
B1511255603182N00921777EA0000001437
B1511305603155N00921666EA0000001450
B1511355603093N00921722EA0000001459
B1511415603140N00921791EA0000001470
B1511465603136N00921676EA0000001480
B1511515603066N00921699EA0000001495
B1511565603080N00921801EA0000001503
B1512015603126N00921751EA0000001514
B1512065603090N00921642EA0000001527
B1512115603028N00921682EA0000001539
B1512165603044N00921788EA0000001542
B1512235603076N00921669EA0000001548
B1512285603006N00921662EA0000001580
B1512335602999N00921770EA0000001580
B1512385603049N00921760EA0000001596
B1512435603027N00921643EA0000001597
B1512485602960N00921654EA0000001621
B1512535602946N00921764EA0000001618
B1512585602997N00921796EA0000001635
B1513035603010N00921684EA0000001638
B1513085602941N00921625EA0000001651
B1513155602889N00921761EA0000001655
B1513205602944N00921804EA0000001668
B1513255602958N00921692EA0000001670
B1513305602883N00921648EA0000001682
B1513355602848N00921754EA0000001691
B1513405602898N00921816EA0000001691
B1513455602924N00921712EA0000001704
B1513505602857N00921643EA0000001706
B1513575602779N00921771EA0000001718
B1514035602727N00921902EA0000001740
B1514085602686N00922010EA0000001736
B1514155602613N00922179EA0000001736
B1514205602549N00922277EA0000001750
B1514265602459N00922373EA0000001732
B1514325602352N00922478EA0000001717
B1514385602243N00922589EA0000001701
B1514435602148N00922682EA0000001693
B1514495602032N00922786EA0000001687
B1514545601933N00922811EA0000001697
B1514595601837N00922783EA0000001684
B1515045601738N00922800EA0000001672
B1515105601618N00922859EA0000001661
B1515185601459N00922956EA0000001650
B1515235601363N00922932EA0000001661
B1515285601302N00922812EA0000001653
B1515335601302N00922662EA0000001653
B1515395601339N00922503EA0000001650
B1515465601375N00922343EA0000001663
B1515515601393N00922227EA0000001647
B1515565601427N00922092EA0000001628
B1516015601465N00921958EA0000001630
B1516075601512N00921826EA0000001642
B1516125601543N00921725EA0000001636
B1516175601580N00921611EA0000001612
B1516225601629N00921496EA0000001609
B1516275601669N00921397EA0000001615
B1516335601714N00921265EA0000001589
B1516405601776N00921087EA0000001575
B1516485601841N00920880EA0000001570
B1516545601891N00920733EA0000001564
B1517005601938N00920588EA0000001564
B1517055601973N00920475EA0000001562
B1517105602011N00920365EA0000001549
B1517155602055N00920253EA0000001540
B1517205602099N00920147EA0000001544
B1517255602134N00920051EA0000001552
B1517305602170N00919954EA0000001542
B1517355602217N00919844EA0000001536
B1517405602257N00919740EA0000001548
B1517455602291N00919631EA0000001544
B1517505602326N00919525EA0000001540
B1517565602376N00919386EA0000001538
B1518015602412N00919272EA0000001558
B1518065602447N00919181EA0000001568
B1518115602478N00919076EA0000001574
B1518175602499N00918937EA0000001586
B1518225602516N00918810EA0000001579
B1518275602535N00918668EA0000001582
B1518325602550N00918542EA0000001586
B1518375602567N00918392EA0000001577
B1518445602573N00918178EA0000001592
B1518505602573N00917989EA0000001564
B1518565602570N00917787EA0000001584
B1519035602564N00917568EA0000001555
B1519095602561N00917343EA0000001554
B1519145602545N00917209EA0000001585
B1519195602529N00917095EA0000001572
B1519255602519N00916934EA0000001549
B1519345602502N00916703EA0000001552
B1519455602500N00916426EA0000001530
B1519515602499N00916283EA0000001523
B1519565602503N00916144EA0000001495
B1520025602518N00915959EA0000001492
B1520075602531N00915813EA0000001493
B1520125602542N00915672EA0000001484
B1520195602560N00915437EA0000001465
B1520245602573N00915247EA0000001455
B1520355602577N00914827EA0000001459
B1520405602578N00914647EA0000001451
B1520455602586N00914461EA0000001428
B1520505602600N00914263EA0000001412
B1520555602618N00914066EA0000001409
B1521015602653N00913841EA0000001402
B1521095602701N00913538EA0000001389
B1521145602734N00913347EA0000001381
B1521215602784N00913085EA0000001374
B1521265602812N00912898EA0000001375
B1521315602821N00912706EA0000001372
B1521385602813N00912436EA0000001371
B1521435602799N00912248EA0000001370
B1521515602763N00911953EA0000001368
B1521565602735N00911768EA0000001351
B1522015602706N00911580EA0000001339
B1522065602678N00911389EA0000001331
B1522145602634N00911093EA0000001322
B1522205602601N00910883EA0000001335
B1522265602562N00910683EA0000001334
B1522315602538N00910531EA0000001360
B1522375602513N00910357EA0000001344
B1522425602494N00910194EA0000001352
B1522475602478N00910057EA0000001381
B1522525602495N00909943EA0000001385
B1522595602446N00909770EA0000001389
B1523045602449N00909643EA0000001397
B1523095602497N00909547EA0000001401
B1523145602467N00909425EA0000001404
B1523195602401N00909479EA0000001417
B1523245602438N00909546EA0000001433
B1523295602462N00909447EA0000001441
B1523345602396N00909416EA0000001441
B1523395602382N00909518EA0000001458
B1523445602435N00909532EA0000001457
B1523495602442N00909424EA0000001474
B1523545602405N00909315EA0000001476
B1524005602392N00909170EA0000001481
B1524055602392N00909029EA0000001476
B1524135602393N00908810EA0000001487
B1524215602397N00908577EA0000001470
B1524275602400N00908378EA0000001448
B1524325602397N00908200EA0000001433
B1524405602387N00907908EA0000001415
B1524475602373N00907643EA0000001396
B1524555602360N00907334EA0000001381
B1525065602345N00906911EA0000001363
B1525125602339N00906684EA0000001356
B1525175602335N00906491EA0000001346
B1525235602329N00906256EA0000001339
B1525305602318N00905984EA0000001331
B1525365602309N00905755EA0000001329
B1525425602300N00905535EA0000001323
B1525485602281N00905322EA0000001344
B1525535602246N00905179EA0000001361
B1525595602189N00905006EA0000001340
B1526055602132N00904799EA0000001336
B1526105602094N00904632EA0000001344
B1526175602057N00904380EA0000001320
B1526265602037N00904036EA0000001300
B1526325602032N00903802EA0000001285
B1526405602026N00903486EA0000001259
B1526485602024N00903165EA0000001246
B1526535602028N00902981EA0000001249
B1526585602031N00902794EA0000001238
B1527065602031N00902516EA0000001251
B1527145602023N00902230EA0000001230
B1527205602018N00902006EA0000001224
B1527265602014N00901775EA0000001211
B1527315602010N00901582EA0000001202
B1527375602004N00901361EA0000001200
B1527435601996N00901144EA0000001196
B1527495601980N00900930EA0000001194
B1527545601961N00900746EA0000001182
B1527595601941N00900551EA0000001179
B1528045601922N00900368EA0000001202
B1528095601906N00900213EA0000001216
B1528145601891N00900055EA0000001219
B1528195601876N00859909EA0000001229
B1528245601874N00859776EA0000001235
B1528305601889N00859634EA0000001226
B1528365601902N00859461EA0000001198
B1528415601910N00859295EA0000001186
B1528465601917N00859120EA0000001181
B1528525601917N00858932EA0000001192
B1528585601914N00858732EA0000001164
B1529085601918N00858362EA0000001158
B1529145601927N00858147EA0000001154
B1529195601941N00857972EA0000001139
B1529255601950N00857746EA0000001124
B1529315601930N00857519EA0000001115
B1529375601899N00857291EA0000001098
B1529425601869N00857105EA0000001098
B1529475601839N00856927EA0000001092
B1529535601803N00856701EA0000001072
B1529595601771N00856470EA0000001062
B1530095601718N00856080EA0000001053
B1530145601692N00855892EA0000001049
B1530205601662N00855674EA0000001044
B1530255601633N00855505EA0000001046
B1530315601595N00855313EA0000001043
B1530405601531N00855018EA0000001032
B1530455601501N00854851EA0000001025
B1530505601477N00854678EA0000001013
B1530575601447N00854446EA0000001030
B1531025601417N00854295EA0000001023
B1531075601389N00854135EA0000001031
B1531135601403N00853980EA0000001035
B1531185601392N00853840EA0000001048
B1531235601319N00853743EA0000001047
B1531285601289N00853624EA0000001057
B1531335601343N00853615EA0000001047
B1531385601327N00853735EA0000001061
B1531435601246N00853740EA0000001062
B1531505601189N00853580EA0000001073
B1531555601169N00853449EA0000001068
B1532015601144N00853277EA0000001058
B1532065601131N00853122EA0000001056
B1532125601106N00852951EA0000001054
B1532185601050N00852789EA0000001045
B1532235600991N00852654EA0000001035
B1532295600965N00852486EA0000001043
B1532365601047N00852374EA0000001010
B1532445601168N00852274EA0000001003
B1532505601254N00852189EA0000000995
B1532555601324N00852115EA0000000989
B1533015601407N00852027EA0000000987
B1533065601473N00851948EA0000000997
B1533115601531N00851871EA0000001007
B1533165601589N00851877EA0000001013
B1533215601641N00851934EA0000001015
B1533265601695N00851876EA0000001023
B1533315601738N00851924EA0000001025
B1533365601672N00851984EA0000001028
B1533415601650N00851869EA0000001034
B1533465601695N00851791EA0000001035
B1533515601740N00851714EA0000001036
B1533565601803N00851721EA0000001040
B1534015601843N00851621EA0000001037
B1534065601885N00851527EA0000001051
B1534115601896N00851626EA0000001053
B1534165601827N00851601EA0000001058
B1534215601854N00851506EA0000001069
B1534265601878N00851597EA0000001080
B1534315601813N00851625EA0000001079
B1534365601793N00851501EA0000001082
B1534415601844N00851482EA0000001096
B1534465601811N00851580EA0000001101
B1534515601762N00851497EA0000001109
B1534565601803N00851424EA0000001125
B1535015601821N00851511EA0000001124
B1535065601750N00851523EA0000001138
B1535115601741N00851411EA0000001141
B1535165601790N00851440EA0000001154
B1535225601731N00851518EA0000001163
B1535285601699N00851396EA0000001174
B1535335601751N00851392EA0000001177
B1535385601730N00851498EA0000001188
B1535435601666N00851445EA0000001197
B1535485601694N00851357EA0000001206
B1535545601713N00851466EA0000001215
B1535595601643N00851476EA0000001226
B1536045601640N00851363EA0000001234
B1536105601682N00851423EA0000001244
B1536155601616N00851473EA0000001252
B1536205601594N00851363EA0000001266
B1536255601643N00851364EA0000001272
B1536305601610N00851469EA0000001280
B1536355601551N00851400EA0000001289
B1536415601597N00851332EA0000001303
B1536465601588N00851440EA0000001307
B1536515601515N00851420EA0000001324
B1536565601518N00851309EA0000001327
B1537015601562N00851358EA0000001336
B1537065601505N00851439EA0000001347
B1537125601467N00851321EA0000001356
B1537175601518N00851321EA0000001363
B1537225601483N00851426EA0000001371
B1537275601421N00851362EA0000001385
B1537325601453N00851284EA0000001386
B1537385601466N00851397EA0000001394
B1537435601390N00851402EA0000001401
B1537485601387N00851286EA0000001405
B1537535601437N00851304EA0000001411
B1537585601413N00851413EA0000001416
B1538045601340N00851343EA0000001423
B1538095601381N00851276EA0000001426
B1538155601412N00851377EA0000001441
B1538205601341N00851403EA0000001437
B1538255601332N00851290EA0000001436
B1538305601393N00851268EA0000001439
B1538365601424N00851360EA0000001451
B1538415601351N00851406EA0000001452
B1538465601301N00851303EA0000001461
B1538515601336N00851224EA0000001457
B1538565601379N00851274EA0000001468
B1539015601343N00851379EA0000001476
B1539065601268N00851344EA0000001461
B1539115601277N00851217EA0000001468
B1539165601329N00851153EA0000001482
B1539215601372N00851180EA0000001494
B1539265601337N00851283EA0000001487
B1539315601270N00851222EA0000001500
B1539365601304N00851144EA0000001511
B1539415601323N00851235EA0000001518
B1539465601249N00851273EA0000001519
B1539515601225N00851156EA0000001534
B1539565601274N00851130EA0000001542
B1540025601247N00851250EA0000001541
B1540075601172N00851191EA0000001551
B1540125601180N00851082EA0000001566
B1540175601230N00851099EA0000001569
B1540225601199N00851200EA0000001565
B1540275601123N00851143EA0000001570
B1540325601111N00851020EA0000001585
B1540375601159N00850980EA0000001588
B1540425601177N00851066EA0000001585
B1540475601161N00851196EA0000001590
B1540525601146N00851317EA0000001604
B1540585601130N00851475EA0000001592
B1541035601120N00851633EA0000001583
B1541085601108N00851804EA0000001580
B1541215601088N00852255EA0000001568
B1541275601086N00852466EA0000001548
B1541375601084N00852830EA0000001527
B1541455601083N00853113EA0000001522
B1541525601080N00853361EA0000001501
B1541585601077N00853587EA0000001491
B1542065601072N00853893EA0000001475
B1542115601068N00854087EA0000001467
B1542195601068N00854397EA0000001458
B1542245601074N00854593EA0000001442
B1542305601085N00854826EA0000001443
B1542365601095N00855047EA0000001439
B1542425601105N00855267EA0000001429
B1542475601122N00855451EA0000001421
B1542545601161N00855702EA0000001406
B1542595601196N00855881EA0000001401
B1543045601228N00856057EA0000001396
B1543105601265N00856268EA0000001388
B1543165601303N00856480EA0000001378
B1543235601344N00856727EA0000001376
B1543305601384N00856969EA0000001369
B1543355601410N00857140EA0000001365
B1543405601441N00857304EA0000001359
B1543465601482N00857493EA0000001351
B1543515601514N00857656EA0000001341
B1543565601545N00857826EA0000001329
B1544015601579N00858000EA0000001320
B1544065601614N00858173EA0000001311
B1544135601665N00858410EA0000001309
B1544195601712N00858598EA0000001303
B1544245601753N00858752EA0000001303
B1544295601774N00858894EA0000001341
B1544345601712N00858944EA0000001356
B1544395601683N00858831EA0000001357
B1544445601731N00858817EA0000001370
B1544495601714N00858920EA0000001373
B1544545601642N00858898EA0000001384
B1544595601645N00858791EA0000001384
B1545045601692N00858816EA0000001395
B1545095601663N00858911EA0000001398
B1545145601590N00858875EA0000001405
B1545195601597N00858772EA0000001408
B1545245601641N00858808EA0000001417
B1545315601567N00858891EA0000001419
B1545365601540N00858781EA0000001429
B1545415601587N00858760EA0000001439
B1545465601599N00858859EA0000001436
B1545515601593N00858992EA0000001423
B1545565601586N00859145EA0000001411
B1546035601576N00859381EA0000001406
B1546095601573N00859588EA0000001404
B1546155601580N00859799EA0000001401
B1546205601589N00859973EA0000001401
B1546265601604N00900175EA0000001387
B1546315601620N00900345EA0000001378
B1546395601668N00900602EA0000001368
B1546445601705N00900749EA0000001371
B1546495601743N00900891EA0000001363
B1546565601800N00901101EA0000001348
B1547025601848N00901285EA0000001347
B1547075601886N00901434EA0000001344
B1547145601941N00901643EA0000001337
B1547195601980N00901791EA0000001333
B1547255602024N00901971EA0000001329
B1547315602058N00902150EA0000001321
B1547365602085N00902307EA0000001314
B1547415602112N00902466EA0000001302
B1547465602142N00902630EA0000001289
B1547525602180N00902828EA0000001284
B1547575602205N00902989EA0000001288
B1548045602239N00903193EA0000001293
B1548115602268N00903402EA0000001298
B1548175602275N00903563EA0000001310
B1548225602276N00903701EA0000001313
B1548275602330N00903749EA0000001320
B1548325602355N00903633EA0000001330
B1548385602272N00903572EA0000001347
B1548435602228N00903675EA0000001355
B1548485602261N00903761EA0000001359
B1548535602309N00903698EA0000001367
B1548585602269N00903591EA0000001378
B1549035602196N00903634EA0000001377
B1549085602195N00903751EA0000001393
B1549135602250N00903772EA0000001399
B1549185602266N00903662EA0000001405
B1549235602197N00903604EA0000001415
B1549295602141N00903707EA0000001428
B1549355602097N00903844EA0000001427
B1549435602016N00904038EA0000001447
B1549495601960N00904191EA0000001456
B1549545601910N00904335EA0000001452
B1549595601860N00904490EA0000001458
B1550045601818N00904651EA0000001458
B1550095601780N00904819EA0000001465
B1550145601750N00904986EA0000001471
B1550195601724N00905148EA0000001472
B1550255601700N00905352EA0000001451
B1550305601683N00905532EA0000001443
B1550365601666N00905746EA0000001434
B1550415601653N00905927EA0000001420
B1550465601636N00906112EA0000001416
B1550525601611N00906332EA0000001403
B1550575601594N00906515EA0000001398
B1551035601575N00906728EA0000001392
B1551105601564N00906972EA0000001386
B1551175601560N00907208EA0000001378
B1551225601562N00907383EA0000001371
B1551315601565N00907706EA0000001355
B1551405601563N00908037EA0000001346
B1551455601559N00908219EA0000001343
B1551515601558N00908436EA0000001334
B1551565601564N00908616EA0000001331
B1552015601583N00908790EA0000001329
B1552065601616N00908948EA0000001335
B1552135601679N00909163EA0000001323
B1552205601754N00909373EA0000001318
B1552255601807N00909516EA0000001323
B1552335601888N00909742EA0000001307
B1552385601936N00909896EA0000001295
B1552465602010N00910155EA0000001275
B1552515602062N00910308EA0000001271
B1552575602123N00910485EA0000001263
B1553045602195N00910691EA0000001248
B1553115602270N00910904EA0000001230
B1553165602327N00911052EA0000001227
B1553235602407N00911256EA0000001214
B1553285602467N00911400EA0000001210
B1553345602539N00911569EA0000001205
B1553395602594N00911710EA0000001207
B1553465602669N00911913EA0000001203
B1553515602724N00912042EA0000001233
B1553565602740N00912167EA0000001257
B1554015602669N00912200EA0000001263
B1554065602659N00912083EA0000001264
B1554115602719N00912064EA0000001282
B1554165602745N00911973EA0000001284
B1554215602677N00911918EA0000001308
B1554265602635N00912012EA0000001311
B1554315602677N00912076EA0000001322
B1554365602697N00911975EA0000001325
B1554415602627N00911911EA0000001348
B1554465602572N00911989EA0000001353
B1554515602602N00912078EA0000001365
B1554565602641N00912007EA0000001375
B1555015602587N00911919EA0000001393
B1555065602525N00911987EA0000001402
B1555115602548N00912082EA0000001414
B1555165602590N00912019EA0000001423
B1555215602538N00911927EA0000001434
B1555265602479N00912006EA0000001449
B1555315602512N00912084EA0000001459
B1555375602542N00911983EA0000001468
B1555425602466N00911937EA0000001475
B1555475602422N00912038EA0000001493
B1555525602463N00912100EA0000001500
B1555575602488N00912006EA0000001506
B1556025602424N00911937EA0000001513
B1556075602367N00912023EA0000001523
B1556125602387N00912127EA0000001530
B1556175602434N00912082EA0000001537
B1556225602397N00911979EA0000001543
B1556275602321N00912008EA0000001553
B1556325602298N00912123EA0000001561
B1556375602344N00912175EA0000001558
B1556425602363N00912074EA0000001564
B1556475602301N00911987EA0000001572
B1556525602229N00912022EA0000001576
B1556575602223N00912137EA0000001591
B1557025602248N00912229EA0000001597
B1557075602269N00912332EA0000001601
B1557125602288N00912438EA0000001603
B1557175602303N00912564EA0000001584
B1557225602323N00912714EA0000001569
B1557275602342N00912864EA0000001567
B1557355602367N00913126EA0000001554
B1557405602377N00913296EA0000001548
B1557475602387N00913533EA0000001539
B1557535602395N00913741EA0000001528
B1558025602419N00914040EA0000001522
B1558125602420N00914372EA0000001523
B1558185602415N00914559EA0000001515
B1558255602409N00914785EA0000001499
B1558315602407N00914996EA0000001480
B1558375602407N00915200EA0000001480
B1558435602407N00915402EA0000001461
B1558515602407N00915683EA0000001450
B1558595602404N00915959EA0000001442
B1559055602410N00916163EA0000001429
B1559105602423N00916335EA0000001416
B1559155602435N00916503EA0000001423
B1559205602443N00916654EA0000001428
B1559255602450N00916810EA0000001417
B1559325602459N00917045EA0000001411
B1559375602468N00917209EA0000001405
B1559445602483N00917448EA0000001390
B1559515602501N00917701EA0000001377
B1559565602515N00917877EA0000001378
B1600025602542N00918078EA0000001369
B1600105602622N00918316EA0000001352
B1600155602682N00918458EA0000001345
B1600225602771N00918648EA0000001337
B1600285602847N00918809EA0000001333
B1600335602909N00918938EA0000001331
B1600385602975N00919063EA0000001322
B1600435603043N00919189EA0000001315
B1600495603128N00919336EA0000001311
B1600545603197N00919460EA0000001304
B1600595603267N00919587EA0000001297
B1601085603387N00919825EA0000001291
B1601155603465N00920007EA0000001302
B1601205603514N00920120EA0000001310
B1601255603568N00920223EA0000001303
B1601315603611N00920384EA0000001309
B1601365603643N00920508EA0000001314
B1601415603680N00920612EA0000001315
B1601465603627N00920708EA0000001303
B1601515603543N00920671EA0000001294
B1601575603452N00920571EA0000001297
B1602025603371N00920605EA0000001299
B1602075603366N00920728EA0000001303
B1602125603418N00920752EA0000001301
B1602185603462N00920637EA0000001297
B1602235603515N00920601EA0000001301
B1602285603564N00920549EA0000001294
B1602335603558N00920433EA0000001287
B1602395603487N00920309EA0000001280
B1602445603478N00920194EA0000001290
B1602505603526N00920267EA0000001302
B1602565603479N00920386EA0000001294
B1603025603446N00920524EA0000001295
B1603075603477N00920616EA0000001290
B1603125603522N00920714EA0000001271
B1603175603564N00920841EA0000001261
B1603235603606N00921008EA0000001245
B1603295603648N00921184EA0000001232
B1603365603700N00921384EA0000001227
B1603415603735N00921521EA0000001228
B1603465603771N00921653EA0000001225
B1603515603807N00921784EA0000001217
B1603575603850N00921946EA0000001211
B1604025603885N00922082EA0000001201
B1604085603920N00922258EA0000001191
B1604145603958N00922435EA0000001184
B1604215603999N00922639EA0000001177
B1604265604023N00922785EA0000001169
B1604315604037N00922942EA0000001154
B1604425604028N00923315EA0000001140
B1604475604015N00923480EA0000001137
B1604535604006N00923677EA0000001133
B1605035603985N00924010EA0000001123
B1605115603956N00924277EA0000001120
B1605175603937N00924475EA0000001113
B1605245603919N00924716EA0000001098
B1605335603904N00925037EA0000001084
B1605435603894N00925385EA0000001078
B1605485603888N00925550EA0000001076
B1605575603873N00925846EA0000001064
B1606035603863N00926044EA0000001056
B1606085603852N00926214EA0000001049
B1606165603832N00926486EA0000001038
B1606215603820N00926660EA0000001033
B1606285603812N00926904EA0000001024
B1606375603802N00927220EA0000001014
B1606435603798N00927422EA0000001015
B1606505603796N00927657EA0000001011
B1606555603800N00927816EA0000001014
B1607005603805N00927974EA0000001004
B1607075603818N00928204EA0000000992
B1607125603825N00928372EA0000000994
B1607195603836N00928580EA0000000998
B1607275603838N00928832EA0000001009
B1607335603858N00928980EA0000001020
B1607395603886N00929112EA0000001031
B1607445603817N00929156EA0000001034
B1607495603801N00929045EA0000001040
B1607545603846N00929078EA0000001053
B1607595603793N00929160EA0000001054
B1608045603756N00929063EA0000001065
B1608095603806N00929075EA0000001075
B1608155603743N00929158EA0000001080
B1608205603730N00929049EA0000001091
B1608255603772N00929100EA0000001104
B1608305603718N00929182EA0000001110
B1608355603675N00929090EA0000001118
B1608405603723N00929066EA0000001131
B1608455603714N00929176EA0000001146
B1608505603643N00929174EA0000001150
B1608555603640N00929069EA0000001159
B1609005603683N00929113EA0000001172
B1609055603635N00929205EA0000001183
B1609105603582N00929122EA0000001190
B1609155603626N00929080EA0000001205
B1609205603628N00929186EA0000001211
B1609255603551N00929202EA0000001223
B1609305603536N00929096EA0000001232
B1609355603586N00929110EA0000001244
B1609405603573N00929221EA0000001253
B1609455603499N00929233EA0000001264
B1609505603481N00929128EA0000001270
B1609555603532N00929122EA0000001281
B1610005603533N00929233EA0000001292
B1610055603465N00929276EA0000001300
B1610105603425N00929179EA0000001300
B1610155603467N00929135EA0000001315
B1610205603491N00929233EA0000001324
B1610255603438N00929312EA0000001332
B1610305603386N00929230EA0000001325
B1610355603418N00929159EA0000001354
B1610405603454N00929225EA0000001355
B1610455603413N00929325EA0000001365
B1610505603352N00929265EA0000001358
B1610555603373N00929165EA0000001378
B1611005603425N00929186EA0000001387
B1611055603408N00929303EA0000001391
B1611105603341N00929272EA0000001394
B1611165603372N00929178EA0000001419
B1611215603406N00929261EA0000001423
B1611265603353N00929340EA0000001429
B1611315603302N00929259EA0000001427
B1611365603336N00929178EA0000001448
B1611415603382N00929243EA0000001451
B1611465603346N00929346EA0000001459
B1611515603288N00929281EA0000001447
B1611565603330N00929209EA0000001465
B1612015603353N00929299EA0000001474
B1612075603296N00929420EA0000001469
B1612145603226N00929569EA0000001466
B1612215603182N00929759EA0000001449
B1612275603153N00929935EA0000001443
B1612325603130N00930085EA0000001434
B1612395603106N00930296EA0000001426
B1612465603081N00930514EA0000001411
B1612545603047N00930780EA0000001397
B1613025603009N00931061EA0000001381
B1613075602987N00931241EA0000001372
B1613155602965N00931532EA0000001363
B1613225602955N00931783EA0000001360
B1613295602938N00932025EA0000001356
B1613345602922N00932198EA0000001349
B1613425602891N00932475EA0000001341
B1613505602857N00932741EA0000001339
B1613555602833N00932905EA0000001336
B1614015602804N00933107EA0000001326
B1614115602757N00933445EA0000001325
B1614175602720N00933637EA0000001329
B1614225602683N00933785EA0000001327
B1614295602622N00933998EA0000001315
B1614345602576N00934151EA0000001316
B1614405602520N00934327EA0000001309
B1614465602455N00934506EA0000001296
B1614525602385N00934685EA0000001294
B1614585602313N00934850EA0000001291
B1615045602231N00935010EA0000001279
B1615095602159N00935143EA0000001274
B1615145602087N00935269EA0000001268
B1615195602010N00935391EA0000001251
B1615275601877N00935582EA0000001244
B1615325601797N00935693EA0000001246
B1615385601704N00935809EA0000001247
B1615435601623N00935904EA0000001238
B1615485601536N00935998EA0000001229
B1615555601415N00936126EA0000001228
B1616005601329N00936205EA0000001229
B1616075601213N00936301EA0000001231
B1616125601134N00936372EA0000001243
B1616185601044N00936464EA0000001237
B1616255600928N00936577EA0000001230
B1616305600845N00936658EA0000001230
B1616355600761N00936732EA0000001219
B1616405600670N00936799EA0000001212
B1616455600581N00936863EA0000001216
B1616505600491N00936918EA0000001216
B1616565600377N00936971EA0000001217
B1617025600274N00937019EA0000001221
B1617085600169N00937068EA0000001209
B1617145600059N00937113EA0000001210
B1617215559924N00937162EA0000001205
B1617275559807N00937199EA0000001207
B1617325559713N00937218EA0000001214
B1617375559620N00937233EA0000001213
B1617445559489N00937220EA0000001224
B1617495559399N00937192EA0000001226
B1617555559283N00937157EA0000001226
B1618065559065N00937121EA0000001230
B1618115558967N00937124EA0000001224
B1618175558855N00937171EA0000001210
B1618225558765N00937225EA0000001208
B1618275558675N00937254EA0000001217
B1618325558586N00937235EA0000001215
B1618395558487N00937102EA0000001204
B1618455558402N00936982EA0000001202
B1618505558330N00936885EA0000001193
B1618555558254N00936788EA0000001185
B1619045558116N00936627EA0000001183
B1619095558043N00936532EA0000001179
B1619145557976N00936433EA0000001176
B1619215557877N00936292EA0000001154
B1619265557805N00936187EA0000001150
B1619315557731N00936078EA0000001142
B1619375557640N00935941EA0000001137
B1619425557565N00935827EA0000001142
B1619475557492N00935719EA0000001152
B1619545557393N00935571EA0000001143
B1620025557280N00935397EA0000001134
B1620075557210N00935282EA0000001126
B1620125557146N00935159EA0000001119
B1620175557088N00935026EA0000001108
B1620265556982N00934784EA0000001098
B1620345556881N00934570EA0000001087
B1620405556805N00934403EA0000001082
B1620455556740N00934264EA0000001078
B1620505556675N00934127EA0000001075
B1620555556614N00934010EA0000001092
B1621015556549N00933882EA0000001086
B1621075556488N00933747EA0000001080
B1621125556434N00933626EA0000001074
B1621175556374N00933505EA0000001068
B1621225556312N00933383EA0000001065
B1621305556212N00933186EA0000001052
B1621385556111N00932980EA0000001043
B1621435556045N00932857EA0000001040
B1621505555947N00932685EA0000001028
B1621555555877N00932560EA0000001025
B1622025555782N00932384EA0000001017
B1622085555703N00932231EA0000001012
B1622145555626N00932073EA0000001002
B1622215555533N00931886EA0000000994
B1622275555454N00931726EA0000000985
B1622325555390N00931587EA0000000979
B1622395555302N00931392EA0000000975
B1622445555238N00931254EA0000000967
B1622495555174N00931117EA0000000964
B1622575555074N00930898EA0000000957
B1623025555013N00930766EA0000000956
B1623125554904N00930495EA0000000948
B1623175554852N00930355EA0000000944
B1623235554793N00930184EA0000000936
B1623285554747N00930032EA0000000928
B1623345554691N00929846EA0000000919
B1623395554647N00929689EA0000000915
B1623445554603N00929532EA0000000906
B1623495554562N00929367EA0000000899
B1623565554508N00929129EA0000000889
B1624015554472N00928958EA0000000882
B1624065554438N00928784EA0000000874
B1624165554370N00928437EA0000000862
B1624225554327N00928233EA0000000855
B1624275554301N00928063EA0000000848
B1624325554286N00927888EA0000000834
B1624385554267N00927668EA0000000823
B1624445554247N00927446EA0000000817
B1624505554248N00927235EA0000000812
B1624565554259N00927032EA0000000802
B1625015554269N00926866EA0000000797
B1625065554298N00926721EA0000000797
B1625115554353N00926627EA0000000794
B1625165554416N00926558EA0000000792
B1625215554458N00926447EA0000000789
B1625265554507N00926350EA0000000792
B1625315554563N00926387EA0000000788
B1625365554610N00926472EA0000000778
B1625415554680N00926458EA0000000766
B1625475554759N00926364EA0000000760
B1625525554823N00926283EA0000000754
B1625575554892N00926206EA0000000745
B1626025554965N00926129EA0000000738
B1626075555039N00926058EA0000000734
B1626135555129N00925972EA0000000725
B1626185555198N00925883EA0000000718
B1626235555266N00925786EA0000000708
B1626295555352N00925677EA0000000698
B1626345555422N00925586EA0000000697
B1626405555506N00925473EA0000000698
B1626455555573N00925385EA0000000717
B1626505555628N00925311EA0000000738
B1626555555673N00925343EA0000000745
B1627005555631N00925432EA0000000754
B1627055555573N00925362EA0000000753
B1627115555601N00925230EA0000000767
B1627165555641N00925161EA0000000770
B1627215555698N00925175EA0000000775
B1627265555746N00925127EA0000000775
B1627315555798N00925081EA0000000770
B1627375555876N00925063EA0000000748
B1627425555947N00925039EA0000000746
B1627475556008N00925002EA0000000745
B1627525556070N00924955EA0000000727
B1627575556134N00924910EA0000000718
B1628025556199N00924872EA0000000710
B1628075556266N00924836EA0000000698
B1628135556345N00924782EA0000000686
B1628185556414N00924751EA0000000680
B1628235556483N00924745EA0000000671
B1628295556565N00924723EA0000000670
B1628355556644N00924670EA0000000663
B1628405556712N00924627EA0000000664
B1628455556780N00924597EA0000000661
B1628545556903N00924560EA0000000658
B1629015556994N00924551EA0000000666
B1629065557046N00924494EA0000000663
B1629115557100N00924414EA0000000658
B1629165557161N00924412EA0000000660
B1629215557194N00924506EA0000000660
B1629265557202N00924623EA0000000671
B1629315557252N00924644EA0000000664
B1629365557262N00924534EA0000000673
B1629415557202N00924470EA0000000675
B1629465557148N00924541EA0000000676
B1629515557169N00924637EA0000000673
B1629565557187N00924740EA0000000685
B1630035557102N00924775EA0000000681
B1630085557116N00924679EA0000000697
B1630145557130N00924779EA0000000695
B1630195557056N00924798EA0000000706
B1630245557027N00924683EA0000000711
B1630295557066N00924652EA0000000725
B1630345557062N00924751EA0000000723
B1630395556991N00924752EA0000000727
B1630445556977N00924631EA0000000731
B1630495557019N00924600EA0000000744
B1630545557067N00924629EA0000000736
B1630595557122N00924664EA0000000717
B1631055557200N00924706EA0000000705
B1631105557253N00924776EA0000000706
B1631155557264N00924903EA0000000702
B1631205557238N00925031EA0000000704
B1631265557192N00925182EA0000000694
B1631325557153N00925340EA0000000691
B1631375557128N00925473EA0000000684
B1631425557110N00925612EA0000000681
B1631505557079N00925813EA0000000686
B1631575557050N00925990EA0000000680
B1632025557025N00926114EA0000000676
B1632135556960N00926382EA0000000666
B1632195556917N00926524EA0000000655
B1632255556879N00926673EA0000000649
B1632355556830N00926926EA0000000633
B1632405556811N00927052EA0000000631
B1632495556778N00927278EA0000000621
B1632545556754N00927405EA0000000618
B1632595556725N00927530EA0000000610
B1633045556693N00927661EA0000000600
B1633125556648N00927875EA0000000589
B1633185556618N00928030EA0000000585
B1633245556586N00928179EA0000000577
B1633315556540N00928354EA0000000569
B1633385556483N00928521EA0000000568
B1633445556426N00928660EA0000000564
B1633515556359N00928822EA0000000561
B1633565556309N00928938EA0000000557
B1634035556235N00929092EA0000000556
B1634085556183N00929198EA0000000549
