AOGNOGN
HFDTE200825
HFFXA050
HFPLTPILOTINCHARGE:
HFGTYGLIDERTYPE:ASH-26 E
HFGIDGLIDERID:OY-KVX
HFDTM100GPSDATUM:WGS-1984
HFRFWFIRMWAREVERSION:
HFRHWHARDWAREVERSION:
HFFTYFRTYPE:OGN-FLIGHTBOOK
HFGPSGENERIC
HFPRSPRESSALTSENSOR:
HFCIDCOMPETITIONID:MA
B0946475554521N00926634EA0000000100
B0946505554516N00926690EA0000000100
B0946565554501N00926824EA0000000103
B0947025554486N00926973EA0000000125
B0947095554475N00927126EA0000000145
B0947185554463N00927343EA0000000171
B0947255554449N00927504EA0000000196
B0947315554438N00927640EA0000000208
B0947385554426N00927808EA0000000232
B0947435554418N00927923EA0000000246
B0947565554421N00928210EA0000000261
B0948015554432N00928316EA0000000268
B0948075554454N00928439EA0000000281
B0948135554479N00928556EA0000000298
B0948185554501N00928650EA0000000306
B0948235554524N00928746EA0000000313
B0948325554555N00928924EA0000000331
B0948405554575N00929096EA0000000343
B0948475554591N00929248EA0000000358
B0948545554602N00929400EA0000000367
B0948595554592N00929512EA0000000372
B0949045554571N00929624EA0000000378
B0949135554516N00929814EA0000000390
B0949185554480N00929915EA0000000400
B0949235554444N00930016EA0000000401
B0949285554411N00930119EA0000000408
B0949335554376N00930224EA0000000426
B0949395554345N00930352EA0000000462
B0949445554375N00930431EA0000000477
B0949495554438N00930396EA0000000482
B0949545554460N00930255EA0000000497
B0949595554415N00930111EA0000000504
B0950045554331N00930038EA0000000511
B0950095554241N00930011EA0000000534
B0950145554165N00930066EA0000000555
B0950195554165N00930183EA0000000579
B0950245554227N00930204EA0000000609
B0950315554254N00930019EA0000000637
B0950365554188N00929905EA0000000654
B0950415554105N00929923EA0000000664
B0950465554073N00930035EA0000000692
B0950515554116N00930112EA0000000708
B0950565554176N00930038EA0000000738
B0951015554161N00929890EA0000000757
B0951065554083N00929840EA0000000765
B0951135554021N00929962EA0000000787
B0951185554056N00930044EA0000000803
B0951235554119N00930011EA0000000829
B0951285554149N00929897EA0000000834
B0951335554128N00929752EA0000000830
B0951385554049N00929680EA0000000842
B0951435553979N00929737EA0000000857
B0951495553950N00929860EA0000000877
B0951555554013N00929918EA0000000897
B0952035554019N00929710EA0000000925
B0952085553944N00929678EA0000000933
B0952135553900N00929773EA0000000950
B0952185553915N00929882EA0000000973
B0952245553978N00929895EA0000000972
B0952295554003N00929761EA0000000955
B0952345553956N00929634EA0000000969
B0952405553863N00929597EA0000000987
B0952455553802N00929668EA0000001008
B0952505553799N00929772EA0000001018
B0952555553851N00929791EA0000001017
B0953015553898N00929656EA0000000999
B0953065553862N00929497EA0000001014
B0953115553780N00929422EA0000001042
B0953175553694N00929451EA0000001059
B0953225553686N00929559EA0000001066
B0953275553746N00929590EA0000001083
B0953365553756N00929359EA0000001125
B0953415553677N00929326EA0000001134
B0953465553635N00929423EA0000001147
B0953515553666N00929513EA0000001161
B0953575553730N00929529EA0000001181
B0954055553735N00929315EA0000001184
B0954105553658N00929293EA0000001213
B0954155553613N00929388EA0000001225
B0954205553625N00929483EA0000001237
B0954255553681N00929484EA0000001235
B0954315553761N00929435EA0000001207
B0954365553839N00929420EA0000001198
B0954415553918N00929411EA0000001187
B0954465554000N00929406EA0000001182
B0954515554081N00929414EA0000001183
B0954585554193N00929436EA0000001173
B0955055554308N00929463EA0000001165
B0955115554407N00929492EA0000001160
B0955195554532N00929544EA0000001156
B0955255554624N00929590EA0000001154
B0955315554719N00929640EA0000001146
B0955365554792N00929695EA0000001141
B0955425554877N00929765EA0000001132
B0955475554945N00929826EA0000001123
B0955555555046N00929939EA0000001135
B0956005555104N00930003EA0000001136
B0956075555186N00930077EA0000001144
B0956125555240N00930120EA0000001148
B0956175555297N00930153EA0000001156
B0956225555360N00930166EA0000001174
B0956285555433N00930167EA0000001202
B0956335555469N00930062EA0000001212
B0956395555401N00929896EA0000001217
B0956455555313N00929942EA0000001243
B0956515555312N00930057EA0000001254
B0956565555372N00930079EA0000001268
B0957015555406N00929957EA0000001291
B0957065555362N00929810EA0000001297
B0957115555276N00929776EA0000001313
B0957175555220N00929875EA0000001338
B0957225555234N00929967EA0000001349
B0957275555299N00930014EA0000001335
B0957325555392N00930047EA0000001327
B0957375555496N00930078EA0000001323
B0957425555602N00930111EA0000001311
B0957495555753N00930151EA0000001303
B0957565555910N00930183EA0000001289
B0958015556023N00930207EA0000001285
B0958065556136N00930229EA0000001281
B0958145556315N00930254EA0000001279
B0958195556425N00930268EA0000001274
B0958245556533N00930282EA0000001272
B0958315556682N00930300EA0000001264
B0958405556872N00930302EA0000001244
B0958475557019N00930289EA0000001232
B0958535557144N00930270EA0000001223
B0959015557309N00930251EA0000001213
B0959095557479N00930239EA0000001200
B0959155557606N00930239EA0000001197
B0959235557774N00930252EA0000001188
B0959315557940N00930268EA0000001173
B0959425558169N00930295EA0000001150
B0959475558273N00930312EA0000001141
B0959545558420N00930331EA0000001128
B1000065558671N00930356EA0000001109
B1000115558774N00930371EA0000001101
B1000225558999N00930404EA0000001080
B1000275559101N00930424EA0000001072
B1000375559305N00930489EA0000001063
B1000435559425N00930554EA0000001068
B1000485559521N00930613EA0000001078
B1000535559615N00930667EA0000001086
B1000595559725N00930726EA0000001103
B1001055559815N00930774EA0000001136
B1001105559882N00930813EA0000001139
B1001155559953N00930850EA0000001137
B1001205600032N00930890EA0000001138
B1001255600110N00930935EA0000001155
B1001305600184N00930980EA0000001157
B1001395600325N00931049EA0000001151
B1001445600402N00931089EA0000001144
B1001495600483N00931128EA0000001137
B1001565600600N00931174EA0000001132
B1002015600679N00931204EA0000001131
B1002065600756N00931230EA0000001127
B1002135600863N00931265EA0000001112
B1002195600959N00931293EA0000001096
B1002255601062N00931322EA0000001078
B1002315601177N00931360EA0000001047
B1002375601301N00931405EA0000001028
B1002435601426N00931452EA0000001026
B1002535601627N00931531EA0000001013
B1002585601728N00931570EA0000001004
B1003065601881N00931660EA0000000993
B1003125601990N00931735EA0000000981
B1003195602119N00931825EA0000000973
B1003255602230N00931908EA0000000967
B1003305602321N00931974EA0000000971
B1003355602410N00932042EA0000000982
B1003415602502N00932115EA0000001010
B1003465602561N00932174EA0000001032
B1003515602617N00932211EA0000001039
B1003565602668N00932120EA0000001044
B1004015602641N00931966EA0000001047
B1004065602564N00931891EA0000001047
B1004115602480N00931913EA0000001048
B1004185602409N00932040EA0000001053
B1004235602399N00932143EA0000001058
B1004285602419N00932226EA0000001055
B1004355602505N00932218EA0000001045
B1004425602614N00932101EA0000001016
B1004485602726N00931996EA0000001001
B1004555602866N00931894EA0000000984
B1005015602994N00931814EA0000000964
B1005075603127N00931739EA0000000958
B1005135603257N00931667EA0000000953
B1005185603365N00931609EA0000000946
B1005255603517N00931523EA0000000930
B1005365603756N00931394EA0000000904
B1005415603862N00931342EA0000000906
B1005495604033N00931265EA0000000912
B1005565604174N00931203EA0000000931
B1006075604358N00931148EA0000000979
B1006125604416N00931172EA0000000987
B1006195604379N00931316EA0000000988
B1006245604288N00931293EA0000001004
B1006305604215N00931159EA0000001021
B1006375604263N00931004EA0000001028
B1006425604314N00931046EA0000001031
B1006475604297N00931152EA0000001033
B1006545604200N00931226EA0000001055
B1007015604110N00931129EA0000001053
B1007085604127N00930931EA0000001059
B1007135604193N00930886EA0000001065
B1007185604239N00930956EA0000001072
B1007235604215N00931066EA0000001075
B1007285604132N00931076EA0000001081
B1007335604079N00930959EA0000001095
B1007385604099N00930817EA0000001095
B1007435604161N00930742EA0000001101
B1007505604254N00930739EA0000001101
B1007555604324N00930746EA0000001100
B1008005604401N00930750EA0000001074
B1008055604503N00930760EA0000001040
B1008105604614N00930777EA0000001024
B1008165604747N00930801EA0000001011
B1008225604878N00930832EA0000000997
B1008285605010N00930864EA0000000986
B1008345605141N00930898EA0000000978
B1008405605269N00930929EA0000000971
B1008455605373N00930951EA0000000966
B1008515605499N00930977EA0000000956
B1008585605644N00931013EA0000000946
B1009055605789N00931053EA0000000937
B1009105605893N00931081EA0000000927
B1009185606061N00931120EA0000000912
B1009235606165N00931142EA0000000903
B1009295606286N00931190EA0000000896
B1009345606384N00931236EA0000000888
B1009395606482N00931283EA0000000879
B1009445606581N00931330EA0000000871
B1009535606759N00931408EA0000000863
B1009585606855N00931451EA0000000853
B1010035606954N00931491EA0000000845
B1010085607052N00931531EA0000000837
B1010145607169N00931587EA0000000826
B1010205607289N00931645EA0000000811
B1010255607387N00931695EA0000000801
B1010325607521N00931777EA0000000799
B1010375607612N00931840EA0000000795
B1010425607702N00931908EA0000000782
B1010475607798N00931970EA0000000769
B1010525607897N00932025EA0000000762
B1010575607992N00932086EA0000000762
B1011025608078N00932159EA0000000774
B1011075608153N00932224EA0000000793
B1011125608216N00932276EA0000000819
B1011175608276N00932263EA0000000831
B1011225608297N00932120EA0000000839
B1011275608226N00932022EA0000000856
B1011325608161N00932091EA0000000871
B1011375608186N00932184EA0000000877
B1011425608248N00932130EA0000000892
B1011475608250N00931978EA0000000906
B1011525608181N00931889EA0000000919
B1011575608119N00931969EA0000000927
B1012025608157N00932051EA0000000938
B1012085608212N00931920EA0000000954
B1012135608158N00931798EA0000000975
B1012185608079N00931830EA0000000982
B1012245608081N00931960EA0000000997
B1012305608160N00931925EA0000001011
B1012355608181N00931778EA0000001028
B1012405608115N00931683EA0000001038
B1012455608044N00931749EA0000001043
B1012505608061N00931859EA0000001061
B1012555608130N00931859EA0000001078
B1013015608166N00931699EA0000001082
B1013065608097N00931587EA0000001094
B1013115608018N00931637EA0000001106
B1013165608010N00931753EA0000001122
B1013215608077N00931755EA0000001131
B1013265608090N00931599EA0000001136
B1013335607977N00931542EA0000001147
B1013385607940N00931664EA0000001165
B1013435607991N00931730EA0000001173
B1013495608024N00931559EA0000001185
B1013545607942N00931475EA0000001201
B1013595607881N00931558EA0000001215
B1014055607927N00931657EA0000001226
B1014105607983N00931562EA0000001240
B1014155607951N00931406EA0000001250
B1014225607836N00931415EA0000001267
B1014275607840N00931532EA0000001273
B1014325607911N00931519EA0000001281
B1014375607927N00931362EA0000001296
B1014425607856N00931259EA0000001308
B1014495607778N00931367EA0000001318
B1014545607823N00931445EA0000001327
B1015015607899N00931316EA0000001344
B1015065607864N00931170EA0000001345
B1015115607779N00931168EA0000001351
B1015165607758N00931290EA0000001363
B1015225607833N00931337EA0000001371
B1015285607928N00931324EA0000001348
B1015335608019N00931318EA0000001331
B1015385608123N00931322EA0000001295
B1015445608258N00931343EA0000001298
B1015555608475N00931463EA0000001290
B1016005608562N00931545EA0000001292
B1016075608685N00931657EA0000001279
B1016155608830N00931790EA0000001272
B1016205608921N00931870EA0000001275
B1016255609011N00931947EA0000001273
B1016315609117N00932048EA0000001260
B1016365609207N00932138EA0000001240
B1016435609333N00932277EA0000001233
B1016485609406N00932399EA0000001227
B1016555609503N00932573EA0000001225
B1017045609631N00932787EA0000001226
B1017095609702N00932901EA0000001227
B1017175609779N00933122EA0000001241
B1017225609807N00933268EA0000001247
B1017295609831N00933456EA0000001261
B1017385609833N00933677EA0000001260
B1017445609843N00933810EA0000001259
B1017495609886N00933888EA0000001270
B1017565609965N00933936EA0000001280
B1018045610060N00933961EA0000001296
B1018135610170N00933981EA0000001290
B1018185610236N00934002EA0000001283
B1018255610326N00934054EA0000001271
B1018325610409N00934109EA0000001291
B1018385610472N00934147EA0000001300
B1018435610525N00934174EA0000001304
B1018485610583N00934202EA0000001306
B1018545610654N00934240EA0000001320
B1018595610714N00934280EA0000001290
B1019055610809N00934356EA0000001253
B1019115610916N00934445EA0000001238
B1019175611025N00934532EA0000001231
B1019225611115N00934604EA0000001229
B1019285611223N00934686EA0000001221
B1019355611347N00934781EA0000001216
B1019415611452N00934862EA0000001207
B1019495611595N00934967EA0000001192
B1019595611776N00935101EA0000001176
B1020045611864N00935165EA0000001168
B1020095611950N00935233EA0000001160
B1020175612087N00935343EA0000001152
B1020255612227N00935453EA0000001130
B1020315612336N00935538EA0000001123
B1020365612428N00935606EA0000001117
B1020415612519N00935673EA0000001125
B1020475612606N00935740EA0000001172
B1020525612664N00935787EA0000001183
B1020575612719N00935836EA0000001195
B1021025612776N00935859EA0000001205
B1021085612811N00935714EA0000001206
B1021135612745N00935611EA0000001220
B1021185612666N00935647EA0000001231
B1021235612643N00935757EA0000001238
B1021285612693N00935828EA0000001237
B1021365612745N00935664EA0000001245
B1021415612686N00935554EA0000001251
B1021465612604N00935510EA0000001266
B1021515612543N00935586EA0000001266
B1021565612573N00935687EA0000001274
B1022015612625N00935613EA0000001279
B1022065612588N00935479EA0000001286
B1022115612505N00935491EA0000001297
B1022165612510N00935604EA0000001295
B1022225612592N00935621EA0000001303
B1022295612690N00935651EA0000001283
B1022375612832N00935719EA0000001260
B1022435612948N00935780EA0000001244
B1022505613091N00935849EA0000001228
B1022565613215N00935904EA0000001226
B1023035613360N00935962EA0000001225
B1023095613484N00936006EA0000001216
B1023155613610N00936047EA0000001205
B1023215613734N00936088EA0000001197
B1023265613841N00936122EA0000001188
B1023315613945N00936155EA0000001188
B1023375614066N00936194EA0000001182
B1023425614167N00936223EA0000001176
B1023495614314N00936257EA0000001165
B1023545614416N00936277EA0000001166
B1023595614517N00936294EA0000001161
B1024045614617N00936310EA0000001153
B1024145614820N00936341EA0000001136
B1024205614942N00936353EA0000001132
B1024295615123N00936366EA0000001125
B1024345615222N00936371EA0000001121
B1024405615341N00936384EA0000001112
B1024475615479N00936407EA0000001105
B1024525615573N00936423EA0000001107
B1024595615706N00936440EA0000001101
B1025065615840N00936451EA0000001101
B1025115615936N00936458EA0000001104
B1025175616048N00936464EA0000001110
B1025225616132N00936470EA0000001113
B1025285616240N00936483EA0000001082
B1025335616340N00936492EA0000001077
B1025395616459N00936496EA0000001067
B1025445616560N00936503EA0000001056
B1025495616661N00936512EA0000001053
B1025575616821N00936527EA0000001057
B1026035616930N00936533EA0000001091
B1026105617039N00936531EA0000001083
B1026165617144N00936524EA0000001040
B1026225617269N00936519EA0000001023
B1026285617395N00936517EA0000001019
B1026345617521N00936519EA0000001010
B1026415617666N00936537EA0000001003
B1026475617791N00936549EA0000000994
B1026535617914N00936530EA0000000992
B1027015618074N00936454EA0000000980
B1027075618192N00936398EA0000000973
B1027145618327N00936358EA0000000962
B1027205618438N00936337EA0000000983
B1027255618514N00936323EA0000001019
B1027315618558N00936212EA0000001042
B1027365618494N00936121EA0000001050
B1027415618435N00936198EA0000001063
B1027465618453N00936302EA0000001071
B1027515618509N00936312EA0000001085
B1027575618502N00936149EA0000001096
B1028025618420N00936150EA0000001117
B1028075618413N00936272EA0000001128
B1028125618472N00936283EA0000001143
B1028175618482N00936157EA0000001161
B1028235618397N00936072EA0000001173
B1028285618343N00936165EA0000001188
B1028345618383N00936270EA0000001202
B1028395618433N00936216EA0000001210
B1028455618392N00936063EA0000001219
B1028505618312N00936078EA0000001235
B1028565618316N00936214EA0000001240
B1029015618374N00936182EA0000001258
B1029065618371N00936050EA0000001268
B1029115618294N00935981EA0000001272
B1029165618240N00936074EA0000001284
B1029225618279N00936178EA0000001295
B1029285618343N00936141EA0000001291
B1029345618433N00936089EA0000001256
B1029405618549N00936115EA0000001244
B1029455618653N00936156EA0000001218
B1029505618761N00936190EA0000001227
B1029555618866N00936218EA0000001228
B1030025619010N00936269EA0000001229
B1030085619135N00936308EA0000001217
B1030135619241N00936339EA0000001210
B1030185619345N00936367EA0000001207
B1030285619550N00936420EA0000001196
B1030355619696N00936442EA0000001185
B1030435619864N00936460EA0000001174
B1030495619990N00936480EA0000001167
B1030545620093N00936506EA0000001161
B1030595620195N00936535EA0000001158
B1031045620295N00936563EA0000001156
B1031105620413N00936595EA0000001151
B1031175620549N00936638EA0000001142
B1031225620645N00936665EA0000001132
B1031285620763N00936703EA0000001115
B1031335620862N00936739EA0000001097
B1031385620965N00936776EA0000001078
B1031435621069N00936814EA0000001069
B1031495621194N00936855EA0000001070
B1031555621318N00936888EA0000001080
B1032005621414N00936919EA0000001105
B1032085621541N00936960EA0000001118
B1032135621621N00936982EA0000001096
B1032195621738N00937014EA0000001067
B1032255621864N00937047EA0000001053
B1032315621991N00937075EA0000001051
B1032415622205N00937110EA0000001029
B1032485622356N00937133EA0000001019
B1032545622482N00937156EA0000001013
B1032595622585N00937174EA0000001009
B1033045622686N00937190EA0000001006
B1033095622788N00937206EA0000000996
B1033145622891N00937223EA0000000987
B1033205623018N00937248EA0000000975
B1033295623207N00937282EA0000000964
B1033345623311N00937302EA0000000957
B1033405623437N00937329EA0000000944
B1033565623769N00937399EA0000000916
B1034045623937N00937439EA0000000905
B1034095624041N00937458EA0000000904
B1034215624289N00937501EA0000000884
B1034285624433N00937530EA0000000878
B1034335624532N00937558EA0000000865
B1034475624815N00937645EA0000000840
B1034565624997N00937684EA0000000824
B1035045625164N00937711EA0000000810
B1035155625391N00937730EA0000000793
B1035235625555N00937732EA0000000788
B1035295625679N00937728EA0000000785
B1036135626549N00937750EA0000000748
B1036215626700N00937748EA0000000737
B1036385627010N00937736EA0000000718
B1036555627212N00937582EA0000000779
B1037055627074N00937510EA0000000792
B1037295627122N00937721EA0000000806
B1037385626996N00937621EA0000000828
B1037585627024N00937652EA0000000849
B1038045626944N00937564EA0000000858
B1038215626960N00937596EA0000000888
B1038265626889N00937532EA0000000892
B1038405626911N00937648EA0000000909
B1038455626907N00937524EA0000000927
B1038505626833N00937477EA0000000922
B1038575626802N00937622EA0000000935
B1039095626892N00937487EA0000000951
B1039145626823N00937423EA0000000959
B1039245626760N00937597EA0000000973
B1039355626825N00937449EA0000000984
B1039405626762N00937374EA0000000993
B1039455626696N00937443EA0000000994
B1039505626717N00937547EA0000001001
B1039555626775N00937513EA0000001002
B1040005626769N00937387EA0000001019
B1040055626695N00937342EA0000001021
B1040135626665N00937505EA0000001030
B1040205626743N00937483EA0000001036
B1040265626751N00937336EA0000001042
B1040325626672N00937249EA0000001043
B1040375626608N00937328EA0000001058
B1040425626623N00937443EA0000001058
B1040485626679N00937540EA0000001057
B1040545626736N00937651EA0000001046
B1040595626793N00937731EA0000001047
B1041055626856N00937834EA0000001036
B1041135626927N00938012EA0000001031
B1041415627097N00938817EA0000001027
B1041525627095N00939076EA0000001045
B1041575627100N00939193EA0000001046
B1042065627132N00939393EA0000001061
B1042135627164N00939538EA0000001069
B1042205627205N00939684EA0000001053
B1042255627262N00939770EA0000001050
B1042315627333N00939859EA0000001063
B1042415627423N00940007EA0000001093
B1042485627375N00940153EA0000001098
B1042565627291N00940008EA0000001120
B1043035627360N00939963EA0000001140
B1043095627348N00940105EA0000001141
B1043155627256N00940149EA0000001160
B1043205627190N00940060EA0000001163
B1043255627170N00939932EA0000001184
B1043305627217N00939870EA0000001190
B1043355627257N00939947EA0000001196
B1043405627223N00940064EA0000001205
B1043455627142N00940058EA0000001214
B1043525627106N00939889EA0000001230
B1043575627157N00939838EA0000001237
B1044025627200N00939912EA0000001241
B1044085627167N00940053EA0000001250
B1044155627057N00940097EA0000001263
B1044205626990N00940011EA0000001264
B1044255626964N00939885EA0000001280
B1044315627002N00939771EA0000001286
B1044405627058N00939924EA0000001296
B1044455626984N00940002EA0000001299
B1044505626903N00939933EA0000001304
B1044555626876N00939801EA0000001319
B1045005626895N00939689EA0000001318
B1045055626950N00939667EA0000001324
B1045125627020N00939790EA0000001319
B1045205627073N00939963EA0000001329
B1045295627144N00940141EA0000001330
B1045345627201N00940229EA0000001313
B1045405627292N00940358EA0000001290
B1045495627412N00940614EA0000001269
B1045575627489N00940875EA0000001266
B1046045627545N00941087EA0000001273
B1046095627572N00941230EA0000001293
B1046145627590N00941358EA0000001302
B1046195627617N00941477EA0000001291
B1046245627654N00941593EA0000001292
B1046305627693N00941726EA0000001301
B1046385627737N00941880EA0000001320
B1046435627771N00941971EA0000001311
B1046485627827N00942043EA0000001294
B1046535627900N00942118EA0000001264
B1046585627989N00942202EA0000001244
B1047055628117N00942322EA0000001267
B1047105628200N00942395EA0000001298
B1047165628290N00942472EA0000001290
B1047235628414N00942575EA0000001252
B1047285628509N00942654EA0000001249
B1047375628664N00942831EA0000001243
B1047445628758N00943014EA0000001237
B1047495628824N00943149EA0000001235
B1047555628896N00943313EA0000001232
B1048005628955N00943437EA0000001243
B1048065629015N00943564EA0000001272
B1048135629079N00943679EA0000001280
B1048205629156N00943766EA0000001289
B1048275629239N00943847EA0000001292
B1048335629307N00943921EA0000001276
B1048405629415N00944045EA0000001238
B1048455629500N00944145EA0000001245
B1048525629605N00944258EA0000001280
B1048595629705N00944351EA0000001262
B1049055629807N00944440EA0000001224
B1049105629905N00944527EA0000001214
B1049165630022N00944629EA0000001212
B1049215630109N00944713EA0000001232
B1049275630196N00944788EA0000001269
B1049345630270N00944857EA0000001308
B1049395630318N00944899EA0000001309
B1049445630385N00944938EA0000001278
B1049495630477N00944978EA0000001275
B1049545630568N00945020EA0000001305
B1050015630675N00945079EA0000001329
B1050085630777N00945137EA0000001321
B1050145630875N00945189EA0000001281
B1050205630992N00945259EA0000001261
B1050255631092N00945318EA0000001259
B1050315631209N00945382EA0000001254
B1050385631346N00945462EA0000001241
B1050445631464N00945527EA0000001230
B1050525631623N00945610EA0000001223
B1051015631805N00945704EA0000001202
B1051085631946N00945772EA0000001204
B1051145632063N00945820EA0000001210
B1051265632290N00945902EA0000001218
B1051315632385N00945931EA0000001210
B1051385632521N00945986EA0000001189
B1051445632634N00946048EA0000001187
B1051505632749N00946110EA0000001168
B1051565632872N00946167EA0000001153
B1052035633013N00946220EA0000001148
B1052085633112N00946248EA0000001140
B1052195633327N00946301EA0000001125
B1052255633445N00946333EA0000001114
B1052305633543N00946365EA0000001111
B1052365633661N00946401EA0000001097
B1052415633759N00946431EA0000001089
B1052485633892N00946476EA0000001086
B1052575634065N00946544EA0000001061
B1053085634276N00946621EA0000001050
B1053155634408N00946673EA0000001042
B1053225634540N00946731EA0000001038
B1053295634668N00946791EA0000001037
B1053395634848N00946867EA0000001037
B1053465634976N00946913EA0000001018
B1053535635108N00946955EA0000001006
B1053595635222N00946992EA0000000993
B1054065635360N00947034EA0000000985
B1054125635479N00947063EA0000000976
B1054185635600N00947094EA0000000962
B1054265635758N00947131EA0000000952
B1054335635891N00947167EA0000000956
B1054385635979N00947196EA0000000962
B1054435636063N00947213EA0000000979
B1054485636132N00947238EA0000000990
B1054535636203N00947267EA0000000975
B1054595636301N00947295EA0000000942
B1055075636458N00947321EA0000000924
B1055165636637N00947327EA0000000916
B1055255636814N00947314EA0000000905
B1055355637014N00947289EA0000000894
B1055415637131N00947254EA0000000911
B1055465637217N00947219EA0000000935
B1055525637305N00947181EA0000000964
B1055575637373N00947153EA0000000966
B1056025637448N00947142EA0000000962
B1056075637527N00947140EA0000000959
B1056135637633N00947133EA0000000915
B1056225637827N00947109EA0000000887
B1056295637975N00947098EA0000000883
B1056345638073N00947081EA0000000910
B1056405638169N00947055EA0000000932
B1056465638265N00947030EA0000000901
B1056535638400N00946992EA0000000886
B1056585638421N00946823EA0000000881
B1057045638276N00946721EA0000000844
B1057095638133N00946728EA0000000856
B1057145637998N00946709EA0000000853
B1057205637843N00946667EA0000000852
B1057255637715N00946627EA0000000845
B1057315637563N00946583EA0000000832
B1057365637440N00946554EA0000000828
B1057425637301N00946556EA0000000837
B1057475637228N00946666EA0000000840
B1057535637214N00946841EA0000000834
B1058035637246N00947095EA0000000830
B1058125637244N00947333EA0000000831
B1058205637222N00947535EA0000000854
B1058255637229N00947648EA0000000847
B1058315637295N00947618EA0000000857
B1058375637265N00947456EA0000000871
B1058425637196N00947367EA0000000882
B1058475637119N00947323EA0000000897
B1058525637056N00947396EA0000000893
B1058585637077N00947526EA0000000916
B1059035637129N00947512EA0000000917
B1059105637126N00947317EA0000000905
B1059155637048N00947241EA0000000916
B1059205636970N00947257EA0000000924
B1059255636924N00947366EA0000000923
B1059335636929N00947560EA0000000928
B1059405637012N00947636EA0000000904
B1059455637071N00947542EA0000000922
B1059515637069N00947373EA0000000941
B1100015636984N00947115EA0000000941
B1100065636909N00947037EA0000000936
B1100125636795N00946973EA0000000917
B1100205636634N00946842EA0000000927
B1100485636086N00946412EA0000000928
B1100585635859N00946244EA0000000920
B1101075635654N00946094EA0000000907
B1101155635465N00945965EA0000000884
B1101215635320N00945871EA0000000878
B1101265635201N00945788EA0000000872
B1101315635084N00945696EA0000000871
B1101365634968N00945610EA0000000882
B1101425634837N00945542EA0000000909
B1101495634701N00945469EA0000000930
B1101565634589N00945360EA0000000945
B1102015634511N00945284EA0000000948
B1102065634438N00945192EA0000000950
B1102135634328N00945081EA0000000966
B1102195634224N00945066EA0000000976
B1102245634171N00945168EA0000000977
B1102295634184N00945273EA0000000980
B1102345634230N00945295EA0000000978
B1102405634277N00945217EA0000000988
B1102465634311N00945112EA0000001000
B1102515634328N00945017EA0000001002
B1102565634282N00944899EA0000000989
B1103015634196N00944918EA0000001001
B1103065634175N00945039EA0000001005
B1103145634233N00944986EA0000001022
B1103195634167N00944903EA0000001022
B1103245634096N00944972EA0000001033
B1103295634090N00945091EA0000001031
B1103345634133N00945162EA0000001046
B1103395634176N00945120EA0000001049
B1103445634155N00944991EA0000001052
B1103525634052N00944846EA0000001071
B1104005633945N00944719EA0000001075
B1104065633857N00944597EA0000001049
B1104325633329N00943920EA0000000967
B1104425633131N00943642EA0000000954
B1104485633013N00943469EA0000000928
B1104555632871N00943283EA0000000923
B1105045632696N00943069EA0000000923
B1105095632600N00942963EA0000000923
B1105145632505N00942851EA0000000926
B1105205632406N00942724EA0000000957
B1105275632308N00942591EA0000000974
B1105335632231N00942463EA0000000964
B1105385632170N00942329EA0000000958
B1105435632111N00942191EA0000000959
B1105535631987N00941915EA0000000930
B1106005631901N00941661EA0000000904
B1106065631834N00941431EA0000000900
B1106145631761N00941140EA0000000925
B1106195631727N00940984EA0000000949
B1106255631697N00940815EA0000000962
B1106305631667N00940677EA0000000958
B1106355631616N00940550EA0000000968
B1106405631555N00940440EA0000000977
B1106475631465N00940290EA0000000974
B1106535631375N00940167EA0000000980
B1107235630936N00939493EA0000000959
B1107285630860N00939391EA0000000976
B1107345630783N00939274EA0000000997
B1107395630719N00939206EA0000001002
B1107445630662N00939293EA0000001002
B1107495630701N00939387EA0000001029
B1107545630743N00939308EA0000001043
B1108005630686N00939182EA0000001045
B1108075630612N00939300EA0000001071
B1108125630631N00939403EA0000001083
B1108175630687N00939389EA0000001083
B1108225630681N00939249EA0000001091
B1108285630590N00939198EA0000001113
B1108335630537N00939275EA0000001124
B1108385630565N00939381EA0000001126
B1108435630621N00939330EA0000001144
B1108485630600N00939196EA0000001145
B1108535630519N00939187EA0000001164
B1108595630506N00939323EA0000001175
B1109045630570N00939323EA0000001186
B1109095630577N00939191EA0000001197
B1109145630513N00939095EA0000001211
B1109205630426N00939126EA0000001222
B1109285630477N00939244EA0000001230
B1109335630505N00939123EA0000001245
B1109385630464N00939002EA0000001252
B1109435630384N00939030EA0000001259
B1109485630389N00939149EA0000001260
B1109535630453N00939146EA0000001282
B1110025630428N00938941EA0000001292
B1110085630334N00938980EA0000001310
B1110135630328N00939097EA0000001312
B1110185630382N00939126EA0000001331
B1110245630401N00938989EA0000001343
B1110295630333N00938910EA0000001346
B1110345630261N00938981EA0000001350
B1110405630274N00939118EA0000001356
B1110455630330N00939131EA0000001370
B1110535630311N00938937EA0000001376
B1110585630228N00938943EA0000001388
B1111045630200N00939081EA0000001387
B1111095630255N00939117EA0000001402
B1111145630279N00939007EA0000001406
B1111235630155N00938833EA0000001416
B1111325629989N00938732EA0000001408
B1111375629907N00938623EA0000001409
B1111445629838N00938398EA0000001385
B1111515629769N00938177EA0000001398
B1111565629712N00938049EA0000001410
B1112025629636N00937909EA0000001421
B1112085629558N00937778EA0000001417
B1112165629441N00937595EA0000001406
B1112215629364N00937483EA0000001391
B1112275629273N00937336EA0000001389
B1112365629129N00937094EA0000001366
B1112505628855N00936787EA0000001348
B1112585628690N00936630EA0000001357
B1113045628564N00936511EA0000001348
B1113135628367N00936331EA0000001354
B1113215628193N00936187EA0000001352
B1113345627915N00935930EA0000001337
B1113565627451N00935425EA0000001293
B1114015627346N00935302EA0000001294
B1114085627202N00935134EA0000001285
B1114155627052N00934957EA0000001267
B1114215626922N00934802EA0000001253
B1114265626811N00934681EA0000001249
B1114315626701N00934565EA0000001241
B1114385626550N00934391EA0000001225
B1114465626376N00934193EA0000001221
B1114565626153N00933959EA0000001203
B1115055625950N00933755EA0000001192
B1115115625818N00933626EA0000001191
B1115165625713N00933525EA0000001199
B1115215625612N00933429EA0000001192
B1115275625486N00933316EA0000001182
B1115325625378N00933225EA0000001181
B1115385625255N00933155EA0000001216
B1115435625165N00933146EA0000001235
B1115485625100N00933221EA0000001235
B1115535625102N00933342EA0000001225
B1115585625154N00933380EA0000001227
B1116065625206N00933226EA0000001228
B1116125625203N00933075EA0000001238
B1116175625190N00932951EA0000001251
B1116225625144N00932844EA0000001247
B1116275625061N00932788EA0000001234
B1116335624939N00932725EA0000001207
B1116395624797N00932646EA0000001187
B1116455624650N00932549EA0000001170
B1116505624527N00932461EA0000001160
B1116565624382N00932355EA0000001152
B1117015624263N00932269EA0000001142
B1117065624147N00932190EA0000001170
B1117125624024N00932110EA0000001187
B1117175623916N00932040EA0000001160
B1117265623699N00931881EA0000001136
B1117335623537N00931748EA0000001135
B1117405623376N00931611EA0000001126
B1117455623263N00931514EA0000001123
B1117535623081N00931367EA0000001111
B1118095622715N00931074EA0000001083
B1118145622602N00930983EA0000001085
B1118225622422N00930844EA0000001084
B1118275622309N00930758EA0000001090
B1118335622180N00930648EA0000001090
B1118395622049N00930549EA0000001091
B1118455621931N00930468EA0000001110
B1118535621792N00930392EA0000001117
B1118585621702N00930374EA0000001097
B1119035621591N00930364EA0000001079
B1119105621427N00930347EA0000001079
B1119155621307N00930342EA0000001076
B1119205621188N00930334EA0000001086
B1119255621081N00930324EA0000001115
B1119305620989N00930310EA0000001136
B1119355620903N00930298EA0000001151
B1119405620827N00930321EA0000001166
B1119465620800N00930458EA0000001175
B1119515620850N00930514EA0000001189
B1119585620890N00930379EA0000001206
B1120035620835N00930276EA0000001218
B1120085620758N00930298EA0000001230
B1120135620730N00930412EA0000001235
B1120185620775N00930476EA0000001241
B1120235620827N00930415EA0000001258
B1120285620823N00930291EA0000001265
B1120355620715N00930267EA0000001280
B1120465620762N00930416EA0000001303
B1120515620774N00930293EA0000001316
B1120595620657N00930245EA0000001332
B1121045620635N00930369EA0000001340
B1121105620699N00930413EA0000001349
B1121175620729N00930246EA0000001374
B1121245620631N00930180EA0000001381
B1121295620601N00930298EA0000001393
B1121345620654N00930346EA0000001403
B1121405620677N00930210EA0000001422
B1121465620588N00930157EA0000001433
B1121525620552N00930295EA0000001447
B1121585620616N00930323EA0000001451
B1122035620642N00930198EA0000001470
B1122085620600N00930082EA0000001486
B1122135620522N00930103EA0000001490
B1122205620527N00930254EA0000001506
B1122275620592N00930160EA0000001522
B1122325620575N00930027EA0000001536
B1122395620466N00930020EA0000001537
B1122455620469N00930161EA0000001549
B1122505620531N00930132EA0000001560
B1122565620556N00929985EA0000001577
B1123015620491N00929889EA0000001566
B1123065620414N00929959EA0000001580
B1123115620413N00930081EA0000001594
B1123175620480N00930117EA0000001608
B1123235620525N00930007EA0000001613
B1123285620475N00929879EA0000001615
B1123355620362N00929796EA0000001633
B1123405620285N00929736EA0000001621
B1123455620193N00929661EA0000001603
B1123515620059N00929553EA0000001572
B1124095619643N00929203EA0000001576
B1124155619502N00929078EA0000001571
B1124205619381N00928969EA0000001563
B1124265619235N00928828EA0000001555
B1124325619088N00928692EA0000001554
B1124375618964N00928586EA0000001540
B1124425618838N00928478EA0000001540
B1124475618715N00928369EA0000001542
B1124545618544N00928214EA0000001535
B1124595618422N00928103EA0000001524
B1125055618279N00927964EA0000001519
B1125105618165N00927859EA0000001519
B1125155618050N00927755EA0000001514
B1125215617908N00927629EA0000001506
B1125265617792N00927517EA0000001494
B1125315617676N00927404EA0000001477
B1125395617485N00927214EA0000001453
B1125465617318N00927048EA0000001442
B1125515617200N00926932EA0000001441
B1126135616690N00926383EA0000001412
B1126395616059N00925738EA0000001348
B1127095615336N00924965EA0000001296
B1127155615196N00924821EA0000001297
B1127205615083N00924705EA0000001289
B1127265614942N00924573EA0000001277
B1127325614801N00924446EA0000001271
B1127375614684N00924333EA0000001273
B1127425614569N00924221EA0000001281
B1127485614436N00924085EA0000001279
B1127535614324N00923969EA0000001269
B1127585614211N00923850EA0000001267
B1128055614050N00923684EA0000001259
B1128115613913N00923545EA0000001258
B1128165613798N00923427EA0000001256
B1128215613685N00923314EA0000001255
B1128265613569N00923214EA0000001250
B1128335613401N00923099EA0000001241
B1128385613281N00923023EA0000001238
B1128435613160N00922945EA0000001239
B1128485613038N00922869EA0000001237
B1128555612866N00922771EA0000001231
B1129025612690N00922671EA0000001220
B1129075612561N00922591EA0000001213
B1129145612381N00922483EA0000001213
B1129205612229N00922390EA0000001206
B1129265612079N00922304EA0000001198
B1129345611876N00922196EA0000001203
B1130135610902N00921654EA0000001172
B1130235610666N00921530EA0000001144
B1130285610543N00921466EA0000001140
B1130355610373N00921384EA0000001148
B1130405610255N00921330EA0000001155
B1130455610141N00921257EA0000001168
B1130565609939N00921032EA0000001175
B1131015609830N00920911EA0000001131
B1131065609713N00920790EA0000001114
B1131125609570N00920675EA0000001104
B1131195609397N00920596EA0000001104
B1131265609223N00920529EA0000001101
B1131345609025N00920453EA0000001103
B1131405608879N00920397EA0000001119
B1131455608771N00920358EA0000001143
B1131515608651N00920315EA0000001145
B1131565608548N00920284EA0000001138
B1132035608395N00920240EA0000001107
B1132085608272N00920199EA0000001080
B1132135608144N00920166EA0000001063
B1132185608016N00920131EA0000001052
B1132245607863N00920084EA0000001042
B1132295607735N00920043EA0000001034
B1132345607608N00919998EA0000001033
B1132395607487N00919950EA0000001035
B1132455607345N00919895EA0000001030
B1132505607227N00919847EA0000001019
B1132555607108N00919800EA0000001006
B1133035606918N00919717EA0000000984
B1133085606800N00919663EA0000000992
B1133135606692N00919612EA0000001007
B1133185606592N00919567EA0000001043
B1133235606508N00919530EA0000001060
B1133285606450N00919599EA0000001053
B1133335606475N00919702EA0000001050
B1133385606535N00919670EA0000001049
B1133445606562N00919512EA0000001062
B1133495606558N00919383EA0000001079
B1133545606499N00919272EA0000001041
B1133595606387N00919209EA0000001025
B1134045606263N00919169EA0000001013
B1134105606108N00919129EA0000001006
B1134155605981N00919090EA0000001008
B1134205605861N00919047EA0000000998
B1134275605691N00918995EA0000000975
B1134345605518N00918953EA0000000988
B1134395605398N00918929EA0000001004
B1134445605290N00918905EA0000001039
B1134505605183N00918885EA0000001047
B1134575605047N00918861EA0000001007
B1135035604909N00918822EA0000000982
B1135085604788N00918802EA0000000964
B1135135604664N00918784EA0000000942
B1135185604535N00918760EA0000000925
B1135245604380N00918732EA0000000907
B1135295604252N00918710EA0000000895
B1135405603970N00918663EA0000000881
B1135465603821N00918649EA0000000882
B1135515603699N00918638EA0000000871
B1136015603463N00918628EA0000000864
B1136085603308N00918641EA0000000866
B1136145603185N00918653EA0000000873
B1136195603092N00918658EA0000000890
B1136245603009N00918672EA0000000913
B1136305602919N00918687EA0000000938
B1136355602872N00918768EA0000000925
B1136405602910N00918848EA0000000916
B1136465602970N00918746EA0000000909
B1136515602944N00918592EA0000000917
B1136565602916N00918455EA0000000946
B1137015602898N00918331EA0000000953
B1137075602873N00918177EA0000000976
B1137125602809N00918097EA0000000972
B1137175602758N00918186EA0000000994
B1137235602818N00918226EA0000001021
B1137295602820N00918070EA0000001037
B1137345602744N00918015EA0000001050
B1137395602692N00918098EA0000001070
B1137455602716N00918197EA0000001083
B1137505602763N00918125EA0000001089
B1137555602726N00917988EA0000001109
B1138015602635N00917945EA0000001128
B1138065602610N00918058EA0000001120
B1138115602664N00918091EA0000001142
B1138165602705N00917995EA0000001159
B1138215602699N00917857EA0000001173
B1138275602604N00917800EA0000001177
B1138325602572N00917910EA0000001193
B1138375602617N00917975EA0000001199
B1138425602670N00917907EA0000001218
B1138475602679N00917775EA0000001231
B1138525602606N00917693EA0000001238
B1138575602550N00917776EA0000001256
B1139025602587N00917853EA0000001258
B1139075602640N00917775EA0000001276
B1139125602628N00917628EA0000001294
B1139175602551N00917585EA0000001300
B1139225602509N00917689EA0000001310
B1139285602562N00917740EA0000001320
B1139335602597N00917627EA0000001332
B1139385602583N00917484EA0000001348
B1139435602515N00917404EA0000001342
B1139485602444N00917482EA0000001341
B1139535602458N00917594EA0000001352
B1139585602514N00917619EA0000001366
B1140055602589N00917570EA0000001382
B1140115602604N00917414EA0000001362
B1140165602545N00917273EA0000001361
B1140235602441N00917105EA0000001362
B1140285602370N00916986EA0000001346
B1140355602257N00916801EA0000001327
B1140405602170N00916685EA0000001337
B1140455602097N00916577EA0000001360
B1140505602037N00916482EA0000001372
B1140555601970N00916389EA0000001355
B1141015601869N00916254EA0000001334
B1141085601745N00916063EA0000001315
B1141155601618N00915848EA0000001305
B1141205601524N00915699EA0000001293
B1141255601425N00915552EA0000001280
B1141315601307N00915375EA0000001266
B1141375601194N00915185EA0000001257
B1141465601034N00914873EA0000001246
B1141525600927N00914671EA0000001242
B1141575600836N00914499EA0000001233
B1142035600726N00914294EA0000001227
B1142095600614N00914091EA0000001215
B1142155600500N00913880EA0000001198
B1142205600405N00913701EA0000001188
B1142295600233N00913381EA0000001178
B1142345600140N00913204EA0000001170
B1142395600047N00913031EA0000001175
B1142455559942N00912824EA0000001190
B1142505559862N00912664EA0000001208
B1142555559788N00912523EA0000001218
B1143015559708N00912369EA0000001226
B1143075559624N00912217EA0000001222
B1143525558770N00910876EA0000001161
B1143595558660N00910699EA0000001174
B1144045558581N00910573EA0000001166
B1144275558141N00909922EA0000001100
B1144325558040N00909777EA0000001105
B1145365556809N00907870EA0000001006
B1145415556844N00907701EA0000001003
B1145465556941N00907662EA0000000982
B1145535557089N00907683EA0000000946
B1145585557198N00907706EA0000000945
B1146495558287N00907755EA0000000906
B1146555558375N00907744EA0000000932
B1147015558453N00907746EA0000000938
B1147075558528N00907769EA0000000947
B1147135558592N00907828EA0000000964
B1147185558643N00907881EA0000000967
B1147245558714N00907946EA0000000969
B1147315558797N00908018EA0000000987
B1147365558856N00908075EA0000000967
B1147425558952N00908165EA0000000936
B1147485559060N00908271EA0000000924
B1147545559166N00908378EA0000000916
B1147595559256N00908464EA0000000900
B1148095559438N00908638EA0000000871
B1148155559540N00908757EA0000000869
B1148255559685N00908952EA0000000875
B1148315559771N00909053EA0000000885
B1148365559831N00909126EA0000000912
B1148435559894N00909221EA0000000935
B1148485559943N00909277EA0000000921
B1148545600035N00909361EA0000000888
B1148595600125N00909432EA0000000883
B1149045600215N00909499EA0000000871
B1149125600365N00909607EA0000000839
B1149175600461N00909684EA0000000821
B1149225600556N00909770EA0000000802
B1149275600652N00909863EA0000000784
B1149335600772N00909969EA0000000769
B1149385600871N00910054EA0000000764
B1149435600968N00910132EA0000000763
B1149535601154N00910289EA0000000773
B1149585601234N00910359EA0000000817
B1150035601302N00910393EA0000000841
B1150085601343N00910289EA0000000846
B1150135601293N00910173EA0000000842
B1150185601218N00910198EA0000000848
B1150235601185N00910309EA0000000856
B1150305601182N00910472EA0000000880
B1150355601231N00910517EA0000000883
B1150405601259N00910394EA0000000889
B1150455601200N00910302EA0000000903
B1150505601128N00910353EA0000000908
B1150555601097N00910469EA0000000924
B1151005601139N00910541EA0000000930
B1151065601185N00910413EA0000000937
B1151115601116N00910328EA0000000956
B1151175601048N00910431EA0000000968
B1151225601082N00910530EA0000000970
B1151275601139N00910473EA0000000978
B1151325601134N00910331EA0000000995
B1151375601076N00910234EA0000001015
B1151425600999N00910272EA0000001010
B1151475600987N00910404EA0000001018
B1151525601032N00910465EA0000001021
B1151575601094N00910493EA0000001009
B1152055601202N00910532EA0000001023
B1152105601273N00910568EA0000000989
B1152155601366N00910607EA0000000967
B1152215601486N00910651EA0000000963
B1152265601583N00910697EA0000000967
B1152315601674N00910760EA0000000976
B1152375601764N00910847EA0000000997
B1152425601832N00910915EA0000000983
B1152485601930N00911000EA0000000976
B1152555602048N00911102EA0000000975
B1153015602152N00911197EA0000000969
B1153065602238N00911275EA0000000985
B1153115602311N00911356EA0000001015
B1153185602390N00911457EA0000001040
B1153235602458N00911428EA0000001042
B1153285602458N00911286EA0000001045
B1153335602387N00911235EA0000001031
B1153385602335N00911324EA0000001039
B1153435602327N00911444EA0000001054
B1153485602342N00911547EA0000001065
B1153555602393N00911656EA0000001070
B1154025602455N00911733EA0000001093
B1154075602511N00911681EA0000001079
B1154125602487N00911536EA0000001087
B1154175602410N00911518EA0000001110
B1154235602360N00911629EA0000001106
B1154285602404N00911710EA0000001123
B1154345602443N00911579EA0000001128
B1154395602377N00911491EA0000001140
B1154445602309N00911548EA0000001150
B1154495602291N00911657EA0000001164
B1154545602342N00911699EA0000001160
B1154595602375N00911579EA0000001172
B1155045602312N00911483EA0000001182
B1155095602233N00911505EA0000001201
B1155145602204N00911605EA0000001195
B1155195602257N00911662EA0000001203
B1155245602305N00911570EA0000001214
B1155305602287N00911406EA0000001233
B1155355602218N00911350EA0000001237
B1155405602170N00911447EA0000001234
B1155455602209N00911531EA0000001246
B1155505602269N00911508EA0000001262
B1155555602294N00911390EA0000001259
B1156005602235N00911297EA0000001271
B1156055602175N00911368EA0000001273
B1156105602207N00911465EA0000001280
B1156175602287N00911550EA0000001287
B1156235602370N00911632EA0000001258
B1156285602452N00911718EA0000001251
B1156335602537N00911813EA0000001254
B1156405602647N00911938EA0000001274
B1156455602716N00912015EA0000001275
B1156505602792N00912096EA0000001246
B1156565602901N00912208EA0000001225
B1157025603011N00912325EA0000001224
B1157075603105N00912423EA0000001220
B1157125603199N00912522EA0000001221
B1157185603306N00912638EA0000001232
B1157235603391N00912738EA0000001224
B1157285603479N00912837EA0000001218
B1157335603568N00912939EA0000001204
B1157385603658N00913040EA0000001191
B1157445603767N00913168EA0000001175
B1157515603889N00913314EA0000001168
B1157565603979N00913413EA0000001151
B1158015604068N00913518EA0000001138
B1158075604171N00913646EA0000001141
B1158125604247N00913745EA0000001144
B1158185604342N00913847EA0000001131
B1158235604425N00913929EA0000001125
B1158305604545N00914051EA0000001110
B1158365604653N00914161EA0000001101
B1158445604791N00914318EA0000001092
B1158495604873N00914425EA0000001084
B1158565604986N00914571EA0000001065
B1159015605066N00914671EA0000001054
B1159065605145N00914769EA0000001041
B1159115605226N00914867EA0000001038
B1159165605307N00914960EA0000001039
B1159215605390N00915052EA0000001033
B1159265605470N00915149EA0000001031
B1159335605580N00915285EA0000001007
B1159385605663N00915386EA0000000987
B1159435605746N00915488EA0000000973
B1159495605851N00915611EA0000000949
B1159545605938N00915719EA0000000932
B1159595606024N00915825EA0000000921
B1200065606148N00915972EA0000000901
B1200115606233N00916078EA0000000895
B1200165606313N00916198EA0000000889
B1200235606415N00916361EA0000000885
B1200305606510N00916518EA0000000879
B1200365606581N00916663EA0000000874
B1200415606627N00916794EA0000000901
B1200465606657N00916906EA0000000921
B1200545606702N00917072EA0000000907
B1201005606753N00917221EA0000000861
B1201085606842N00917455EA0000000857
B1201135606888N00917602EA0000000866
B1201195606929N00917761EA0000000890
B1201305607000N00917996EA0000000902
B1201375607051N00918131EA0000000905
B1201445607098N00918257EA0000000913
B1201505607138N00918365EA0000000906
B1201565607168N00918520EA0000000860
B1202015607195N00918682EA0000000856
B1202065607223N00918834EA0000000880
B1202125607255N00918977EA0000000921
B1202215607345N00918928EA0000000929
B1202265607301N00918812EA0000000925
B1202315607219N00918811EA0000000934
B1202395607116N00918900EA0000000954
B1202475607023N00919001EA0000000964
B1202535607034N00919129EA0000000938
B1202585607103N00919184EA0000000931
B1203045607197N00919245EA0000000925
B1203095607274N00919296EA0000000943
B1203155607352N00919346EA0000000976
B1203205607404N00919278EA0000000971
B1203255607367N00919145EA0000000978
B1203315607262N00919124EA0000000998
B1203365607192N00919191EA0000001017
B1203415607196N00919306EA0000001006
B1203465607264N00919286EA0000001024
B1203515607266N00919155EA0000001033
B1203565607188N00919079EA0000001043
B1204015607121N00919154EA0000001062
B1204075607144N00919281EA0000001050
B1204125607207N00919241EA0000001059
B1204175607205N00919107EA0000001074
B1204225607153N00918992EA0000001089
B1204275607081N00918932EA0000001106
B1204335607019N00919040EA0000001095
B1204385607057N00919132EA0000001094
B1204435607115N00919171EA0000001111
B1204515607208N00919216EA0000001077
B1204565607295N00919272EA0000001044
B1205015607391N00919341EA0000001030
B1205065607489N00919403EA0000001017
B1205135607631N00919486EA0000000995
B1205235607840N00919586EA0000000984
B1205285607942N00919632EA0000000972
B1205375608133N00919704EA0000000945
B1205465608321N00919766EA0000000949
B1205545608479N00919815EA0000000962
B1205595608574N00919843EA0000000952
B1206045608678N00919867EA0000000939
B1206105608805N00919893EA0000000932
B1206155608911N00919915EA0000000920
B1206205609016N00919929EA0000000918
B1206255609116N00919933EA0000000921
B1206305609213N00919941EA0000000913
B1206395609390N00919941EA0000000907
B1206465609525N00919932EA0000000898
B1206515609618N00919948EA0000000899
B1206565609709N00919972EA0000000902
B1207015609793N00920002EA0000000922
B1207065609864N00920028EA0000000932
B1207135609953N00920110EA0000000924
B1207205610051N00920232EA0000000893
B1207255610132N00920330EA0000000888
B1207315610231N00920452EA0000000886
B1207385610344N00920586EA0000000896
B1207435610422N00920679EA0000000886
B1207485610501N00920781EA0000000873
B1207545610596N00920910EA0000000873
B1208015610704N00921066EA0000000854
B1208065610775N00921195EA0000000852
B1208125610854N00921345EA0000000864
B1208185610929N00921477EA0000000889
B1208245610993N00921584EA0000000899
B1208305611050N00921688EA0000000896
B1208355611101N00921778EA0000000914
B1208405611145N00921865EA0000000935
B1208455611202N00921905EA0000000945
B1208505611248N00921797EA0000000951
B1208555611198N00921676EA0000000971
B1209015611113N00921712EA0000000979
B1209065611101N00921829EA0000000991
B1209115611139N00921913EA0000001002
B1209165611201N00921853EA0000001010
B1209215611181N00921726EA0000001023
B1209265611108N00921742EA0000001026
B1209315611102N00921865EA0000001044
B1209365611155N00921919EA0000001049
B1209425611192N00921780EA0000001061
B1209485611105N00921743EA0000001076
B1209535611078N00921852EA0000001095
B1209585611126N00921932EA0000001097
B1210035611173N00921842EA0000001105
B1210085611116N00921746EA0000001111
B1210135611049N00921799EA0000001124
B1210195611037N00921938EA0000001134
B1210245611089N00922010EA0000001111
B1210295611172N00922040EA0000001106
B1210345611264N00922076EA0000001082
B1210405611386N00922121EA0000001057
B1210455611493N00922165EA0000001045
B1210525611645N00922229EA0000001043
B1210585611772N00922283EA0000001053
B1211065611938N00922353EA0000001064
B1211115612038N00922396EA0000001063
B1211175612162N00922449EA0000001039
B1211235612288N00922509EA0000001027
B1211295612411N00922564EA0000001012
B1211345612513N00922608EA0000001014
B1211395612613N00922649EA0000001009
B1211455612734N00922695EA0000000998
B1211505612834N00922732EA0000000987
B1211575612977N00922782EA0000000966
B1212035613099N00922834EA0000000948
B1212115613266N00922898EA0000000936
B1212165613368N00922937EA0000000936
B1212235613503N00922990EA0000000932
B1212295613612N00923040EA0000000942
B1212355613708N00923118EA0000000952
B1212415613782N00923233EA0000000968
B1212475613842N00923356EA0000000970
B1212525613882N00923472EA0000000972
B1212585613931N00923628EA0000000941
B1213035613981N00923784EA0000000920
B1213095614044N00923976EA0000000918
B1213145614095N00924123EA0000000915
B1213195614146N00924268EA0000000913
B1213245614194N00924408EA0000000919
B1213295614245N00924539EA0000000932
B1213345614297N00924649EA0000000949
B1213395614348N00924734EA0000000974
B1213455614406N00924823EA0000000986
B1213505614451N00924895EA0000000997
B1213555614499N00924966EA0000001008
B1214005614546N00925035EA0000001028
B1214055614602N00925006EA0000001023
B1214105614589N00924876EA0000001025
B1214155614511N00924837EA0000001038
B1214205614445N00924910EA0000001033
B1214255614414N00925048EA0000001048
B1214305614404N00925183EA0000001068
B1214415614419N00925445EA0000001092
B1214465614485N00925440EA0000001097
B1214515614496N00925310EA0000001117
B1214565614435N00925224EA0000001131
B1215015614365N00925250EA0000001145
B1215065614346N00925376EA0000001146
B1215115614400N00925442EA0000001147
B1215165614460N00925387EA0000001163
B1215215614482N00925273EA0000001167
B1215265614423N00925175EA0000001173
B1215315614353N00925244EA0000001190
B1215375614386N00925367EA0000001205
B1215435614445N00925273EA0000001216
B1215485614410N00925150EA0000001232
B1215545614320N00925180EA0000001243
B1216015614310N00925342EA0000001257
B1216065614377N00925330EA0000001258
B1216115614383N00925195EA0000001279
B1216215614249N00925174EA0000001300
B1216265614270N00925290EA0000001312
B1216335614328N00925185EA0000001322
B1216425614208N00925153EA0000001346
B1216485614224N00925292EA0000001357
B1216535614285N00925267EA0000001361
B1216585614280N00925133EA0000001371
B1217055614168N00925093EA0000001393
B1217105614110N00925179EA0000001402
B1217155614139N00925280EA0000001394
B1217205614203N00925242EA0000001397
B1217255614217N00925114EA0000001411
B1217305614184N00924993EA0000001429
B1217355614104N00924987EA0000001425
B1217415614080N00925151EA0000001446
B1217465614136N00925182EA0000001456
B1217515614161N00925066EA0000001462
B1217575614086N00924969EA0000001481
B1218025614023N00925061EA0000001487
B1218075614058N00925159EA0000001491
B1218125614105N00925072EA0000001501
B1218175614065N00924949EA0000001519
B1218235613970N00924991EA0000001521
B1218285613973N00925126EA0000001533
B1218345614044N00925113EA0000001542
B1218395614049N00924984EA0000001549
B1218445613973N00924918EA0000001555
B1218495613914N00925022EA0000001554
B1218545613942N00925144EA0000001562
B1219015614004N00925250EA0000001578
B1219065614045N00925315EA0000001580
B1219115614085N00925397EA0000001544
B1219175614158N00925509EA0000001538
B1219225614211N00925606EA0000001551
B1219305614291N00925770EA0000001537
B1219375614378N00925939EA0000001517
B1219425614441N00926068EA0000001529
B1219505614545N00926266EA0000001530
B1219575614640N00926436EA0000001525
B1220025614716N00926550EA0000001541
B1220075614785N00926662EA0000001557
B1220125614846N00926764EA0000001554
B1220175614916N00926883EA0000001527
B1220235615013N00927037EA0000001516
B1220285615098N00927158EA0000001508
B1220335615188N00927259EA0000001506
B1220395615298N00927341EA0000001521
B1220455615407N00927405EA0000001529
B1220505615489N00927446EA0000001562
B1220575615595N00927492EA0000001555
B1221055615753N00927522EA0000001502
B1221115615888N00927551EA0000001467
B1221215616119N00927610EA0000001452
B1221265616232N00927635EA0000001446
B1221315616346N00927665EA0000001442
B1221365616459N00927701EA0000001440
B1221435616615N00927740EA0000001452
B1221495616739N00927773EA0000001477
B1221555616854N00927799EA0000001482
B1222025616991N00927827EA0000001453
B1222085617115N00927854EA0000001442
B1222135617218N00927885EA0000001433
B1222195617343N00927930EA0000001427
B1222245617445N00927966EA0000001423
B1222295617547N00928009EA0000001417
B1222355617670N00928063EA0000001408
B1222405617773N00928115EA0000001404
B1222455617875N00928165EA0000001397
B1222505617979N00928201EA0000001401
B1222575618120N00928247EA0000001406
B1223035618241N00928291EA0000001398
B1223095618354N00928341EA0000001408
B1223155618462N00928418EA0000001400
B1223215618558N00928549EA0000001403
B1223265618628N00928666EA0000001420
B1223315618682N00928764EA0000001461
B1223375618736N00928864EA0000001471
B1223425618782N00928951EA0000001471
B1223485618837N00929066EA0000001479
B1223565618896N00929237EA0000001495
B1224015618926N00929340EA0000001518
B1224085618964N00929473EA0000001542
B1224145618997N00929598EA0000001514
B1224215619062N00929794EA0000001494
B1224285619138N00929991EA0000001509
B1224335619184N00930129EA0000001536
B1224395619224N00930275EA0000001563
B1224465619262N00930434EA0000001586
B1224525619292N00930564EA0000001585
B1224575619334N00930702EA0000001546
B1225025619392N00930865EA0000001532
B1225075619455N00931034EA0000001516
B1225135619533N00931240EA0000001513
B1225185619598N00931410EA0000001504
B1225265619704N00931669EA0000001514
B1225335619791N00931885EA0000001528
B1225395619862N00932063EA0000001526
B1225445619923N00932214EA0000001514
B1225505620001N00932396EA0000001507
B1225565620081N00932574EA0000001500
B1226015620144N00932725EA0000001495
B1226075620218N00932902EA0000001491
B1226135620297N00933078EA0000001484
B1226185620359N00933225EA0000001491
B1226235620410N00933373EA0000001518
B1226285620448N00933502EA0000001548
B1226335620471N00933622EA0000001571
B1226385620450N00933747EA0000001564
B1226435620370N00933758EA0000001576
B1226495620337N00933610EA0000001579
B1226545620389N00933538EA0000001576
B1227015620477N00933637EA0000001578
B1227065620527N00933738EA0000001592
B1227125620573N00933854EA0000001624
B1227185620626N00933937EA0000001630
B1227265620651N00933750EA0000001630
B1227325620553N00933705EA0000001664
B1227375620491N00933774EA0000001679
B1227445620544N00933885EA0000001683
B1227495620570N00933758EA0000001703
B1227545620511N00933657EA0000001718
B1227595620439N00933716EA0000001734
B1228055620466N00933843EA0000001754
B1228105620520N00933768EA0000001762
B1228155620485N00933639EA0000001765
B1228205620400N00933649EA0000001783
B1228255620355N00933755EA0000001806
B1228305620387N00933848EA0000001811
B1228355620446N00933788EA0000001820
B1228405620429N00933651EA0000001828
B1228455620349N00933607EA0000001832
B1228505620271N00933656EA0000001850
B1228575620251N00933821EA0000001855
B1229025620315N00933850EA0000001865
B1229075620344N00933729EA0000001884
B1229125620288N00933625EA0000001878
B1229175620218N00933701EA0000001882
B1229225620254N00933806EA0000001894
B1229275620326N00933820EA0000001892
B1229325620411N00933838EA0000001862
B1229375620515N00933867EA0000001826
B1229425620631N00933910EA0000001801
B1229485620773N00933955EA0000001795
B1229545620910N00933996EA0000001796
B1230005621044N00934038EA0000001791
B1230065621174N00934079EA0000001789
B1230135621324N00934128EA0000001783
B1230195621451N00934178EA0000001769
B1230245621559N00934218EA0000001762
B1230305621687N00934259EA0000001758
B1230355621792N00934288EA0000001759
B1230405621894N00934318EA0000001759
B1230465622010N00934368EA0000001761
B1230515622105N00934410EA0000001760
B1230565622194N00934447EA0000001777
B1231015622280N00934472EA0000001793
B1231075622376N00934496EA0000001810
B1231135622472N00934511EA0000001783
B1231205622604N00934511EA0000001759
B1231285622772N00934524EA0000001729
B1231335622891N00934514EA0000001716
B1231385623006N00934494EA0000001724
B1231435623120N00934469EA0000001707
B1231505623282N00934420EA0000001705
B1231565623411N00934379EA0000001709
B1232015623516N00934351EA0000001702
B1232085623664N00934330EA0000001693
B1232135623769N00934336EA0000001690
B1232225623959N00934356EA0000001677
B1232275624065N00934369EA0000001675
B1232325624170N00934381EA0000001671
B1232375624273N00934387EA0000001664
B1232435624395N00934396EA0000001665
B1232485624497N00934392EA0000001664
B1232545624616N00934399EA0000001653
B1233015624754N00934432EA0000001645
B1233065624854N00934460EA0000001647
B1233115624947N00934478EA0000001673
B1233165625029N00934490EA0000001700
B1233215625106N00934502EA0000001673
B1233275625230N00934541EA0000001644
B1233325625339N00934573EA0000001657
B1233395625481N00934604EA0000001658
B1233475625648N00934656EA0000001658
B1233535625772N00934696EA0000001655
B1234005625923N00934740EA0000001626
B1234075626068N00934786EA0000001632
B1234125626168N00934817EA0000001629
B1234185626288N00934853EA0000001618
B1234295626511N00934910EA0000001613
B1234365626653N00934941EA0000001595
B1234435626799N00934977EA0000001588
B1234485626902N00935008EA0000001575
B1234545627029N00935048EA0000001569
B1235025627199N00935110EA0000001563
B1235095627349N00935166EA0000001569
B1235165627486N00935220EA0000001575
B1235255627662N00935284EA0000001559
B1235305627760N00935319EA0000001561
B1235375627896N00935366EA0000001551
B1235425627996N00935402EA0000001543
B1235485628111N00935439EA0000001547
B1235535628207N00935470EA0000001546
B1236015628362N00935517EA0000001535
B1236075628480N00935564EA0000001526
B1236135628595N00935609EA0000001525
B1236205628729N00935643EA0000001520
B1236255628826N00935658EA0000001523
B1236305628917N00935666EA0000001549
B1236355628989N00935668EA0000001583
B1236405629049N00935655EA0000001601
B1236455629077N00935542EA0000001599
B1236505629017N00935434EA0000001612
B1236555628943N00935477EA0000001619
B1237005628919N00935598EA0000001623
B1237055628960N00935677EA0000001634
B1237145629065N00935700EA0000001659
B1237205629134N00935704EA0000001631
B1237255629218N00935699EA0000001589
B1237325629363N00935695EA0000001569
B1237425629571N00935677EA0000001563
B1237495629717N00935673EA0000001556
B1237545629822N00935689EA0000001545
B1238025629987N00935749EA0000001551
B1238085630105N00935802EA0000001543
B1238155630242N00935865EA0000001537
B1238225630376N00935945EA0000001543
B1238295630513N00936034EA0000001526
B1238365630649N00936122EA0000001519
B1238435630779N00936221EA0000001514
B1238485630857N00936306EA0000001546
B1238545630922N00936395EA0000001574
B1238595630973N00936450EA0000001577
B1239045631030N00936482EA0000001575
B1239095631091N00936501EA0000001583
B1239145631149N00936515EA0000001605
B1239195631207N00936518EA0000001613
B1239265631230N00936355EA0000001618
B1239315631154N00936302EA0000001620
B1239375631071N00936401EA0000001627
B1239455631008N00936574EA0000001646
B1239525630970N00936731EA0000001658
B1239575630989N00936838EA0000001648
B1240045631054N00936752EA0000001660
B1240095631004N00936642EA0000001667
B1240145630917N00936667EA0000001671
B1240195630893N00936793EA0000001688
B1240245630946N00936838EA0000001684
B1240295630967N00936723EA0000001688
B1240345630892N00936646EA0000001693
B1240395630804N00936680EA0000001711
B1240445630732N00936739EA0000001724
B1240495630716N00936869EA0000001710
B1240555630791N00936935EA0000001733
B1241015630865N00936938EA0000001740
B1241065630939N00936941EA0000001708
B1241135631074N00936946EA0000001675
B1241205631220N00936956EA0000001666
B1241265631343N00936959EA0000001672
B1241325631452N00936963EA0000001691
B1241395631578N00936972EA0000001667
B1241455631699N00937004EA0000001644
B1241505631800N00937040EA0000001641
B1241575631934N00937087EA0000001647
B1242025632014N00937122EA0000001686
B1242105632117N00937187EA0000001683
B1242155632195N00937228EA0000001673
B1242435632747N00937532EA0000001603
B1242485632851N00937594EA0000001594
B1242545632977N00937663EA0000001579
B1243035633165N00937760EA0000001562
B1243085633268N00937811EA0000001559
B1243155633414N00937883EA0000001546
B1243205633519N00937929EA0000001544
B1243265633643N00937986EA0000001530
B1243325633769N00938042EA0000001525
B1243415633951N00938129EA0000001515
B1243485634091N00938212EA0000001502
B1243545634209N00938291EA0000001496
B1244015634352N00938382EA0000001498
B1244075634474N00938456EA0000001503
B1244135634595N00938525EA0000001491
B1244205634738N00938613EA0000001479
B1244325634980N00938785EA0000001465
B1244375635078N00938857EA0000001464
B1244435635197N00938941EA0000001455
B1244515635359N00939054EA0000001447
B1244595635523N00939172EA0000001439
B1245045635625N00939245EA0000001436
B1245115635766N00939340EA0000001431
B1245165635864N00939405EA0000001423
B1245215635963N00939471EA0000001406
B1245275636086N00939548EA0000001388
B1245345636230N00939639EA0000001381
B1245395636332N00939706EA0000001374
B1245445636438N00939766EA0000001361
B1245495636543N00939836EA0000001355
B1245545636642N00939910EA0000001346
B1246015636778N00940017EA0000001338
B1246085636910N00940136EA0000001326
B1246145637020N00940245EA0000001327
B1246195637107N00940342EA0000001345
B1246245637178N00940432EA0000001383
B1246305637244N00940528EA0000001397
B1246355637294N00940608EA0000001406
B1246405637340N00940688EA0000001423
B1246475637396N00940792EA0000001439
B1246525637439N00940866EA0000001453
B1246595637498N00940971EA0000001455
B1247065637569N00941105EA0000001455
B1247135637628N00941250EA0000001461
B1247185637678N00941359EA0000001422
B1247235637744N00941493EA0000001407
B1247285637818N00941628EA0000001408
B1247355637926N00941812EA0000001412
B1247405638004N00941940EA0000001407
B1247475638111N00942117EA0000001401
B1247585638279N00942373EA0000001386
B1248055638394N00942527EA0000001379
B1248145638533N00942721EA0000001386
B1248195638606N00942825EA0000001385
B1248285638733N00943019EA0000001380
B1248345638815N00943152EA0000001378
B1248395638882N00943259EA0000001398
B1248445638937N00943352EA0000001424
B1248495638985N00943438EA0000001438
B1248565639051N00943547EA0000001450
B1249015639100N00943622EA0000001473
B1249115639197N00943755EA0000001476
B1249165639270N00943827EA0000001443
B1249225639379N00943909EA0000001438
B1249285639491N00943990EA0000001435
B1249345639606N00944066EA0000001420
B1249405639726N00944135EA0000001405
B1249485639881N00944234EA0000001401
B1249585640069N00944360EA0000001385
B1250065640210N00944446EA0000001383
B1250115640292N00944494EA0000001401
B1250185640387N00944551EA0000001418
B1250245640467N00944576EA0000001427
B1250295640527N00944597EA0000001429
B1250355640601N00944623EA0000001438
B1250405640662N00944632EA0000001433
B1250475640769N00944608EA0000001389
B1250565640948N00944546EA0000001352
B1251015641051N00944501EA0000001338
B1251065641151N00944449EA0000001332
B1251135641287N00944371EA0000001321
B1251185641383N00944327EA0000001312
B1251285641574N00944253EA0000001291
B1251355641709N00944245EA0000001285
B1251405641800N00944248EA0000001307
B1251475641891N00944287EA0000001349
B1251535641948N00944334EA0000001367
B1251585641999N00944324EA0000001363
B1252035642001N00944187EA0000001365
B1252085641920N00944107EA0000001377
B1252135641846N00944189EA0000001384
B1252185641849N00944315EA0000001384
B1252245641913N00944355EA0000001399
B1252295641965N00944347EA0000001405
B1252365642040N00944316EA0000001424
B1252415642073N00944230EA0000001423
B1252465642019N00944105EA0000001423
B1252515641936N00944148EA0000001432
B1252565641919N00944277EA0000001440
B1253015641955N00944364EA0000001455
B1253065642008N00944375EA0000001452
B1253115642025N00944241EA0000001456
B1253165641950N00944152EA0000001463
B1253235641871N00944277EA0000001472
B1253295641921N00944357EA0000001480
B1253365641938N00944190EA0000001483
B1253415641857N00944137EA0000001487
B1253475641775N00944238EA0000001499
B1253525641726N00944339EA0000001509
B1253575641684N00944441EA0000001506
B1254025641693N00944550EA0000001501
B1254075641750N00944529EA0000001510
B1254135641763N00944365EA0000001528
B1254185641758N00944234EA0000001539
B1254245641751N00944080EA0000001538
B1254305641746N00943922EA0000001544
B1254365641749N00943783EA0000001538
B1254415641793N00943700EA0000001509
B1254475641880N00943715EA0000001500
B1254545641994N00943785EA0000001469
B1254595642087N00943838EA0000001455
B1255055642197N00943907EA0000001445
B1255105642286N00943972EA0000001435
B1255155642379N00944042EA0000001416
B1255225642515N00944138EA0000001409
B1255285642633N00944229EA0000001396
B1255335642729N00944301EA0000001399
B1255395642834N00944381EA0000001405
B1255445642917N00944443EA0000001408
B1255495643001N00944502EA0000001392
B1256005643201N00944656EA0000001369
B1256055643293N00944728EA0000001368
B1256125643422N00944820EA0000001363
B1256185643528N00944893EA0000001399
B1256245643611N00944952EA0000001434
B1256325643699N00945026EA0000001458
B1256375643754N00945067EA0000001462
B1256435643837N00945124EA0000001424
B1256485643924N00945180EA0000001430
B1256535644003N00945224EA0000001455
B1256595644083N00945262EA0000001460
B1257045644157N00945290EA0000001476
B1257095644225N00945309EA0000001487
B1257165644317N00945337EA0000001502
B1257245644425N00945358EA0000001525
B1257295644487N00945338EA0000001547
B1257345644475N00945210EA0000001530
B1257395644380N00945172EA0000001537
B1257465644291N00945316EA0000001570
B1257525644293N00945465EA0000001577
B1257575644361N00945492EA0000001588
B1258065644469N00945472EA0000001595
B1258115644553N00945481EA0000001548
B1258165644650N00945496EA0000001540
B1258215644747N00945511EA0000001533
B1258265644846N00945532EA0000001528
B1258325644965N00945554EA0000001536
B1258375645055N00945572EA0000001558
B1258425645133N00945590EA0000001587
B1258525645263N00945617EA0000001573
B1258575645353N00945631EA0000001551
B1259085645575N00945663EA0000001542
B1259145645702N00945677EA0000001527
B1259195645808N00945688EA0000001510
B1259255645937N00945695EA0000001508
B1259415646215N00945699EA0000001495
B1259475646328N00945692EA0000001489
B1259575646509N00945689EA0000001494
B1300045646619N00945682EA0000001509
B1300135646741N00945692EA0000001510
B1300185646804N00945706EA0000001506
B1300235646865N00945736EA0000001516
B1300295646930N00945779EA0000001528
B1300365647002N00945833EA0000001544
B1300415647060N00945870EA0000001523
B1300465647142N00945935EA0000001515
B1300515647225N00946034EA0000001518
B1300565647298N00946153EA0000001518
B1301025647369N00946327EA0000001505
B1301085647440N00946515EA0000001482
B1301175647548N00946817EA0000001479
B1301275647666N00947148EA0000001465
B1301365647776N00947437EA0000001457
B1301415647833N00947597EA0000001448
B1301475647898N00947788EA0000001438
B1301555647987N00948036EA0000001427
B1302055648107N00948350EA0000001417
B1302135648208N00948591EA0000001399
B1302185648274N00948744EA0000001379
B1302275648398N00949033EA0000001348
B1302505648731N00949803EA0000001313
B1303075648970N00950378EA0000001292
B1303175649107N00950715EA0000001283
B1303225649176N00950882EA0000001276
B1303395649410N00951438EA0000001260
B1303455649496N00951622EA0000001257
B1303505649565N00951770EA0000001257
B1304015649715N00952086EA0000001234
B1304095649825N00952330EA0000001221
B1304165649916N00952544EA0000001218
B1304235649999N00952756EA0000001208
B1304335650023N00953069EA0000001218
B1304445649798N00952837EA0000001187
B1304505649686N00952646EA0000001166
B1305025649462N00952257EA0000001141
B1305145649232N00951871EA0000001117
B1307145646991N00948545EA0000001080
B1307245646849N00948343EA0000001052
B1307325646710N00948123EA0000001042
B1307415646543N00947854EA0000001022
B1307555646266N00947469EA0000000992
B1308045646083N00947215EA0000000992
B1308115645965N00947028EA0000001041
B1308185645867N00946898EA0000001067
B1308265645769N00947012EA0000001066
B1308445645950N00946988EA0000001089
B1308495645981N00946912EA0000001082
B1308565645904N00946760EA0000001064
B1309025645787N00946712EA0000001066
B1309085645671N00946681EA0000001079
B1309175645507N00946619EA0000001095
B1309225645417N00946592EA0000001104
B1309325645240N00946554EA0000001110
B1309375645148N00946543EA0000001124
B1309445645023N00946535EA0000001132
B1309535644836N00946485EA0000001098
B1309595644693N00946424EA0000001091
B1310085644471N00946317EA0000001068
B1310135644340N00946262EA0000001054
B1310185644208N00946215EA0000001052
B1310245644064N00946154EA0000001079
B1313415642063N00945326EA0000001454
B1313465642053N00945194EA0000001460
B1313525641956N00945195EA0000001486
B1313575641940N00945323EA0000001497
B1314025641996N00945353EA0000001508
B1314085641994N00945192EA0000001523
B1314135641911N00945166EA0000001545
B1314215641884N00945344EA0000001555
B1314265641944N00945308EA0000001574
B1314315641923N00945170EA0000001587
B1314365641839N00945171EA0000001600
B1314415641817N00945309EA0000001609
B1314495641900N00945385EA0000001641
B1314545641916N00945267EA0000001639
B1314595641846N00945185EA0000001657
B1315045641775N00945255EA0000001677
B1315095641755N00945388EA0000001690
B1315145641794N00945469EA0000001696
B1315195641828N00945372EA0000001700
B1315245641771N00945261EA0000001719
B1315295641690N00945275EA0000001738
B1315345641652N00945392EA0000001735
B1315395641701N00945473EA0000001741
B1315475641702N00945292EA0000001752
B1315535641616N00945182EA0000001770
B1316015641497N00945041EA0000001765
B1316065641414N00944950EA0000001755
B1316115641317N00944850EA0000001738
B1316185641165N00944698EA0000001731
B1316245641028N00944559EA0000001730
B1316305640892N00944420EA0000001735
B1316355640779N00944300EA0000001721
B1316405640662N00944172EA0000001710
B1316465640522N00944023EA0000001704
B1316535640361N00943851EA0000001695
B1316595640224N00943716EA0000001701
B1317045640112N00943609EA0000001702
B1317095640002N00943503EA0000001699
B1317155639864N00943380EA0000001695
B1317255639640N00943168EA0000001710
B1317315639512N00943024EA0000001699
B1317475639153N00942703EA0000001696
B1318005638829N00942444EA0000001689
B1318055638699N00942343EA0000001668
B1318215638278N00941995EA0000001605
B1318265638149N00941898EA0000001592
B1318325637997N00941799EA0000001582
B1318375637871N00941720EA0000001574
B1318475637611N00941547EA0000001577
B1318545637436N00941419EA0000001579
B1319015637263N00941291EA0000001571
B1319075637118N00941177EA0000001571
B1319255636670N00940875EA0000001556
B1319325636494N00940779EA0000001554
B1319385636344N00940704EA0000001564
B1319455636167N00940653EA0000001554
B1319515636009N00940636EA0000001537
B1320005635764N00940626EA0000001518
B1320085635544N00940606EA0000001498
B1320135635403N00940594EA0000001484
B1320205635206N00940574EA0000001474
B1320255635064N00940561EA0000001466
B1320305634924N00940550EA0000001464
B1320385634706N00940534EA0000001457
B1320485634438N00940511EA0000001437
B1320545634278N00940500EA0000001430
B1321085633925N00940497EA0000001424
B1321135633807N00940501EA0000001422
B1321205633649N00940515EA0000001437
B1321265633531N00940531EA0000001445
B1321315633432N00940543EA0000001443
B1321385633282N00940561EA0000001446
B1321445633158N00940577EA0000001468
B1321495633070N00940584EA0000001484
B1321575632910N00940600EA0000001427
B1322065632675N00940592EA0000001403
B1322155632433N00940524EA0000001385
B1322215632280N00940440EA0000001382
B1322295632076N00940311EA0000001377
B1322355631931N00940217EA0000001375
B1322405631811N00940141EA0000001366
B1322455631693N00940054EA0000001356
B1322575631415N00939832EA0000001335
B1323035631279N00939720EA0000001325
B1323095631144N00939603EA0000001304
B1323165630987N00939462EA0000001309
B1323255630792N00939302EA0000001316
B1323315630660N00939199EA0000001314
B1323385630508N00939074EA0000001319
B1323455630355N00938944EA0000001298
B1323505630244N00938849EA0000001289
B1323565630106N00938743EA0000001274
B1324025629969N00938616EA0000001261
B1324085629837N00938471EA0000001247
B1324135629732N00938335EA0000001239
B1324205629581N00938154EA0000001229
B1324275629426N00937992EA0000001221
B1324335629291N00937862EA0000001212
B1324395629150N00937754EA0000001229
B1324445629036N00937680EA0000001234
B1324495628925N00937615EA0000001232
B1324585628721N00937494EA0000001215
B1325095628470N00937334EA0000001241
B1325145628367N00937271EA0000001242
B1325205628246N00937200EA0000001230
B1325275628097N00937108EA0000001210
B1325365627899N00936981EA0000001194
B1325415627785N00936913EA0000001210
B1325465627682N00936848EA0000001239
B1325535627561N00936780EA0000001270
B1325585627479N00936736EA0000001279
B1326045627381N00936692EA0000001299
B1326095627307N00936756EA0000001284
B1326165627169N00936855EA0000001221
B1326215627042N00936797EA0000001201
B1326285626876N00936661EA0000001194
B1326335626762N00936553EA0000001198
B1326405626606N00936397EA0000001202
B1326475626447N00936240EA0000001196
B1326545626286N00936094EA0000001189
B1327005626144N00935975EA0000001175
B1327085625948N00935826EA0000001153
B1327145625801N00935716EA0000001143
B1327225625609N00935566EA0000001130
B1327275625491N00935470EA0000001121
B1327345625328N00935316EA0000001107
B1327395625212N00935203EA0000001101
B1327455625073N00935078EA0000001097
B1327515624936N00934960EA0000001086
B1328015624709N00934761EA0000001073
B1328065624595N00934661EA0000001060
B1328125624455N00934536EA0000001047
B1328175624337N00934432EA0000001036
B1328225624217N00934328EA0000001028
B1328325623980N00934132EA0000001018
B1328435623717N00933948EA0000001017
B1328505623575N00933839EA0000001081
B1328575623501N00933967EA0000001108
B1329025623558N00934010EA0000001122
B1329075623582N00933896EA0000001159
B1329125623541N00933779EA0000001179
B1329185623438N00933813EA0000001181
B1329235623443N00933945EA0000001206
B1329285623502N00933951EA0000001239
B1329345623502N00933802EA0000001257
B1329405623400N00933795EA0000001278
B1329455623375N00933925EA0000001298
B1329505623424N00933987EA0000001326
B1329555623463N00933901EA0000001333
B1330005623412N00933771EA0000001351
B1330065623311N00933817EA0000001378
B1330115623298N00933946EA0000001400
B1330175623363N00933941EA0000001422
B1330225623350N00933802EA0000001439
B1330275623263N00933800EA0000001463
B1330345623272N00933954EA0000001476
B1330395623315N00933864EA0000001509
B1330445623257N00933763EA0000001525
B1330495623184N00933838EA0000001530
B1330545623211N00933954EA0000001547
B1331005623274N00933889EA0000001572
B1331055623245N00933758EA0000001583
B1331115623144N00933787EA0000001588
B1331175623155N00933932EA0000001618
B1331235623219N00933909EA0000001631
B1331285623202N00933774EA0000001632
B1331335623116N00933732EA0000001642
B1331385623050N00933815EA0000001659
B1331455623037N00933986EA0000001679
B1331505623071N00934066EA0000001691
B1331555623119N00934018EA0000001678
B1332005623093N00933869EA0000001665
B1332255622625N00933291EA0000001651
B1332305622510N00933140EA0000001643
B1332355622404N00932978EA0000001636
B1332405622303N00932803EA0000001624
B1333025621933N00931939EA0000001568
B1333085621843N00931705EA0000001574
B1333135621776N00931515EA0000001570
B1333185621711N00931327EA0000001557
B1333245621642N00931098EA0000001550
B1333295621597N00930904EA0000001563
B1333345621561N00930729EA0000001583
B1333415621508N00930513EA0000001593
B1333465621439N00930392EA0000001597
B1333515621356N00930299EA0000001609
B1333565621279N00930200EA0000001624
B1334025621193N00930090EA0000001643
B1334075621119N00929997EA0000001641
B1334125621032N00929880EA0000001606
B1334195620884N00929674EA0000001580
B1334245620774N00929516EA0000001570
B1334335620577N00929235EA0000001557
B1334385620467N00929082EA0000001547
B1334445620335N00928901EA0000001534
B1334535620137N00928625EA0000001521
B1335005619993N00928402EA0000001514
B1335065619876N00928201EA0000001504
B1335145619727N00927925EA0000001493
B1335195619637N00927756EA0000001489
B1335265619513N00927539EA0000001496
B1335315619430N00927392EA0000001494
B1335365619347N00927246EA0000001492
B1335415619266N00927100EA0000001488
B1335465619180N00926954EA0000001486
B1335525619086N00926792EA0000001519
B1335585619002N00926650EA0000001523
B1336035618930N00926533EA0000001524
B1336095618840N00926399EA0000001520
B1336195618693N00926138EA0000001503
B1336265618581N00925947EA0000001500
B1336315618512N00925812EA0000001531
B1336375618444N00925665EA0000001547
B1336425618378N00925558EA0000001536
B1336585618017N00925288EA0000001471
B1337045617868N00925178EA0000001466
B1337095617746N00925083EA0000001458
B1337155617602N00924972EA0000001450
B1337235617409N00924824EA0000001435
B1337285617290N00924723EA0000001431
B1337335617170N00924620EA0000001425
B1337385617052N00924519EA0000001424
B1337495616797N00924328EA0000001395
B1337565616624N00924214EA0000001375
B1338055616400N00924070EA0000001390
B1338105616285N00923985EA0000001400
B1338165616158N00923859EA0000001408
B1338225616036N00923728EA0000001427
B1338285615925N00923600EA0000001436
B1338355615801N00923440EA0000001410
B1338405615699N00923303EA0000001375
B1339065615155N00922548EA0000001361
B1339125615025N00922380EA0000001340
B1339185614890N00922210EA0000001322
B1339255614731N00922011EA0000001311
B1339325614578N00921811EA0000001306
B1339385614448N00921641EA0000001298
B1339445614320N00921465EA0000001290
B1339505614197N00921283EA0000001283
B1339555614097N00921130EA0000001282
B1340005613999N00920983EA0000001289
B1340065613891N00920827EA0000001311
B1340145613763N00920632EA0000001310
B1340195613678N00920511EA0000001285
B1340245613576N00920376EA0000001267
B1340295613469N00920241EA0000001273
B1340555613230N00919659EA0000001339
B1341425612620N00919677EA0000001333
B1341485612497N00919531EA0000001316
B1341545612371N00919376EA0000001307
B1342025612200N00919159EA0000001290
B1342105612031N00918936EA0000001282
B1342185611867N00918720EA0000001267
B1342235611766N00918583EA0000001252
B1342285611664N00918439EA0000001234
B1342355611519N00918233EA0000001207
B1342595611136N00917925EA0000001273
B1343045611203N00917964EA0000001298
B1343095611244N00917855EA0000001319
B1343145611210N00917732EA0000001326
B1343195611131N00917752EA0000001328
B1343255611128N00917896EA0000001336
B1343305611197N00917918EA0000001346
B1343355611259N00917851EA0000001369
B1343405611257N00917723EA0000001377
B1343455611178N00917684EA0000001379
B1343505611126N00917785EA0000001387
B1343565611153N00917927EA0000001399
B1344015611217N00917942EA0000001413
B1344075611241N00917788EA0000001420
B1344125611198N00917654EA0000001422
B1345445609263N00915846EA0000001374
B1345505609126N00915775EA0000001325
B1346075608722N00915485EA0000001309
B1346125608598N00915395EA0000001285
B1346175608471N00915289EA0000001262
B1346225608344N00915176EA0000001252
B1346275608217N00915062EA0000001243
B1346345608042N00914903EA0000001230
B1346395607923N00914788EA0000001226
B1346455607781N00914653EA0000001214
B1346505607668N00914541EA0000001205
B1346565607533N00914407EA0000001188
B1347015607423N00914281EA0000001170
B1347075607293N00914125EA0000001161
B1347125607185N00914002EA0000001153
B1347175607074N00913889EA0000001138
B1347235606939N00913764EA0000001130
B1347285606828N00913663EA0000001133
B1347335606728N00913574EA0000001170
B1347385606641N00913508EA0000001190
B1347435606567N00913567EA0000001203
B1347485606591N00913694EA0000001204
B1347535606656N00913662EA0000001213
B1347585606655N00913510EA0000001218
B1348045606598N00913355EA0000001244
B1348095606523N00913328EA0000001243
B1348145606474N00913442EA0000001247
B1348195606506N00913554EA0000001264
B1348245606567N00913546EA0000001278
B1348295606579N00913423EA0000001286
B1348345606512N00913345EA0000001296
B1348395606449N00913422EA0000001303
B1348445606460N00913546EA0000001314
B1348495606503N00913623EA0000001324
B1351575605597N00912143EA0000001540
B1352025605473N00912031EA0000001550
B1352295604803N00911467EA0000001532
B1352345604679N00911378EA0000001519
B1352405604528N00911268EA0000001504
B1352455604400N00911171EA0000001494
B1352505604272N00911073EA0000001479
B1352565604119N00910954EA0000001464
B1353025603967N00910834EA0000001453
B1353085603816N00910717EA0000001440
B1353455602899N00910022EA0000001385
B1354125602245N00909645EA0000001321
B1354185602096N00909597EA0000001298
B1354305601793N00909545EA0000001307
B1354415601590N00909573EA0000001386
B1354465601571N00909693EA0000001398
B1354515601635N00909708EA0000001409
B1354565601654N00909575EA0000001419
B1355015601595N00909470EA0000001447
B1355065601520N00909475EA0000001465
B1355115601495N00909593EA0000001478
B1355165601551N00909630EA0000001493
B1355215601579N00909513EA0000001509
B1355265601511N00909430EA0000001524
B1355325601469N00909551EA0000001548
B1355375601530N00909564EA0000001558
B1355435601517N00909390EA0000001566
B1355485601430N00909261EA0000001540
B1355545601279N00909099EA0000001517
B1355595601143N00908962EA0000001530
B1356065600947N00908776EA0000001525
B1356125600777N00908602EA0000001508
B1356195600574N00908382EA0000001493
B1356255600405N00908203EA0000001492
B1356355600158N00907907EA0000001495
B1356425559997N00907706EA0000001479
B1356475559880N00907562EA0000001463
B1356535559735N00907378EA0000001441
B1357015559542N00907132EA0000001422
B1357065559424N00906983EA0000001414
B1357115559307N00906840EA0000001415
B1357175559173N00906675EA0000001434
B1357225559064N00906539EA0000001445
B1357295558905N00906349EA0000001445
B1357345558790N00906210EA0000001447
B1357395558676N00906080EA0000001443
B1357445558562N00905950EA0000001437
B1357535558345N00905707EA0000001387
B1357585558218N00905562EA0000001372
B1358045558070N00905398EA0000001360
B1358095557949N00905260EA0000001344
B1358145557830N00905115EA0000001346
B1358205557699N00904940EA0000001353
B1358285557518N00904719EA0000001367
B1358355557361N00904522EA0000001384
B1358425557206N00904321EA0000001391
B1358485557070N00904152EA0000001399
B1358545556932N00903986EA0000001397
B1359005556792N00903819EA0000001374
B1359055556668N00903688EA0000001359
B1359105556546N00903559EA0000001347
B1359165556403N00903398EA0000001330
B1359235556237N00903218EA0000001305
B1359315556065N00903209EA0000001300
B1359365556117N00903353EA0000001282
B1359445556274N00903470EA0000001245
B1359495556374N00903546EA0000001230
B1359545556474N00903629EA0000001211
B1400035556653N00903768EA0000001197
B1400085556754N00903838EA0000001184
B1400155556897N00903950EA0000001176
B1400215557018N00904061EA0000001184
B1400265557116N00904154EA0000001193
B1400325557228N00904267EA0000001197
B1400375557321N00904369EA0000001211
B1400425557409N00904461EA0000001232
B1400485557514N00904561EA0000001239
B1400535557600N00904635EA0000001252
B1400585557683N00904708EA0000001248
B1401035557769N00904796EA0000001235
B1401105557893N00904937EA0000001221
B1401155557984N00905047EA0000001194
B1401215558094N00905186EA0000001179
B1401265558183N00905299EA0000001161
B1401315558275N00905417EA0000001145
B1401365558368N00905544EA0000001131
B1401425558479N00905690EA0000001127
B1401485558585N00905841EA0000001136
B1401535558665N00905950EA0000001180
B1403435600455N00908292EA0000001193
B1403485600482N00908162EA0000001204
B1403535600414N00908050EA0000001206
B1403585600333N00908088EA0000001230
B1404035600302N00908186EA0000001231
B1404095600338N00908301EA0000001229
B1404155600397N00908394EA0000001247
B1404215600460N00908470EA0000001254
B1404285600546N00908527EA0000001273
B1404345600605N00908601EA0000001269
B1404405600658N00908695EA0000001274
B1404455600712N00908767EA0000001274
B1405015600968N00909017EA0000001224
B1405065601053N00909095EA0000001241
B1405125601156N00909187EA0000001213
B1405175601255N00909266EA0000001193
B1405245601398N00909375EA0000001189
B1405305601518N00909467EA0000001180
B1405355601619N00909541EA0000001176
B1405405601716N00909615EA0000001173
B1405465601834N00909700EA0000001167
B1405525601951N00909786EA0000001162
B1405575602049N00909858EA0000001152
B1406035602166N00909947EA0000001142
B1406105602302N00910052EA0000001129
B1406175602432N00910174EA0000001115
B1406225602524N00910268EA0000001106
B1406275602613N00910369EA0000001112
B1406325602698N00910464EA0000001117
B1406385602796N00910570EA0000001116
B1406435602880N00910656EA0000001109
B1406485602970N00910742EA0000001097
B1406545603075N00910858EA0000001108
B1407235603520N00911381EA0000001156
B1407285603582N00911439EA0000001172
B1407335603642N00911477EA0000001189
B1407385603684N00911382EA0000001195
B1407435603635N00911262EA0000001207
B1407485603555N00911285EA0000001218
B1407535603508N00911389EA0000001237
B1407585603522N00911493EA0000001242
B1408035603580N00911437EA0000001242
B1408085603543N00911310EA0000001269
B1408135603462N00911312EA0000001293
B1408185603422N00911406EA0000001289
B1408245603487N00911474EA0000001298
B1408295603510N00911357EA0000001314
B1408345603462N00911240EA0000001334
B1408395603386N00911205EA0000001341
B1408455603347N00911338EA0000001353
B1408505603405N00911379EA0000001360
B1408565603434N00911241EA0000001377
B1409025603350N00911158EA0000001369
B1409085603306N00911292EA0000001403
B1409135603347N00911372EA0000001406
B1409185603405N00911443EA0000001404
B1409245603486N00911529EA0000001418
B1409315603576N00911606EA0000001449
B1409375603652N00911672EA0000001436
B1409445603781N00911737EA0000001397
B1409495603894N00911779EA0000001393
B1410015604164N00911849EA0000001379
B1410075604301N00911887EA0000001362
B1410135604439N00911929EA0000001354
B1410185604553N00911963EA0000001349
B1410235604665N00911999EA0000001349
B1410285604776N00912039EA0000001346
B1410345604910N00912088EA0000001335
B1410395605019N00912128EA0000001336
B1410445605126N00912167EA0000001328
B1410515605279N00912214EA0000001310
B1410565605388N00912245EA0000001296
B1411025605519N00912265EA0000001277
B1411085605652N00912274EA0000001261
B1411135605764N00912293EA0000001259
B1411195605895N00912335EA0000001255
B1411265606041N00912395EA0000001258
B1411315606141N00912436EA0000001266
B1411365606236N00912472EA0000001278
B1411415606325N00912489EA0000001298
B1411465606406N00912494EA0000001309
B1411525606497N00912461EA0000001339
B1411575606569N00912437EA0000001317
B1412025606662N00912470EA0000001262
B1412075606763N00912572EA0000001247
B1412125606854N00912697EA0000001249
B1412185606962N00912846EA0000001228
B1412235607055N00912974EA0000001214
B1412285607145N00913105EA0000001207
B1412345607255N00913269EA0000001184
B1412395607346N00913409EA0000001182
B1412445607432N00913546EA0000001173
B1412495607516N00913686EA0000001163
B1412555607616N00913853EA0000001153
B1413005607697N00913986EA0000001145
B1413055607776N00914119EA0000001129
B1413105607847N00914258EA0000001139
B1413155607907N00914397EA0000001148
B1413215607975N00914549EA0000001163
B1413265608024N00914662EA0000001170
B1413315608076N00914772EA0000001171
B1413365608129N00914877EA0000001177
B1413415608190N00914964EA0000001192
B1413465608248N00915039EA0000001215
B1413515608308N00915064EA0000001226
B1413575608323N00914911EA0000001224
B1414025608245N00914834EA0000001234
B1414075608172N00914886EA0000001246
B1414155608082N00915036EA0000001269
B1414205608032N00915131EA0000001284
B1414255608040N00915245EA0000001285
B1414305608096N00915205EA0000001306
B1414355608068N00915073EA0000001313
B1414405607981N00915072EA0000001332
B1414455607950N00915195EA0000001349
B1414505608000N00915254EA0000001361
B1414565608028N00915124EA0000001376
B1415015607960N00915029EA0000001390
B1415075607869N00915097EA0000001415
B1415125607881N00915218EA0000001421
B1415175607939N00915193EA0000001433
B1415225607934N00915057EA0000001445
B1415275607866N00914972EA0000001464
B1415325607790N00915037EA0000001476
B1415375607788N00915166EA0000001479
B1415425607849N00915182EA0000001488
B1415475607878N00915069EA0000001507
B1415525607844N00914942EA0000001524
B1415585607748N00914952EA0000001534
B1416035607736N00915082EA0000001547
B1416085607793N00915099EA0000001557
B1416135607808N00914967EA0000001572
B1416185607736N00914887EA0000001592
B1416245607671N00915006EA0000001601
B1416295607709N00915102EA0000001612
B1416345607762N00915035EA0000001627
B1416395607759N00914894EA0000001641
B1416445607683N00914829EA0000001651
B1416495607628N00914939EA0000001665
B1416545607666N00915033EA0000001678
B1416595607714N00914956EA0000001692
B1417045607681N00914819EA0000001697
B1417095607592N00914829EA0000001717
B1417155607581N00914980EA0000001725
B1417205607646N00914986EA0000001740
B1417255607663N00914854EA0000001745
B1417305607596N00914750EA0000001759
B1417355607518N00914801EA0000001776
B1417415607516N00914947EA0000001779
B1417465607582N00914950EA0000001787
B1417525607601N00914790EA0000001805
B1417595607497N00914726EA0000001817
B1418045607460N00914846EA0000001834
B1418095607507N00914922EA0000001840
B1418145607558N00914836EA0000001855
B1418195607534N00914702EA0000001866
B1418245607455N00914663EA0000001879
B1418295607401N00914760EA0000001887
B1418345607425N00914879EA0000001898
B1418405607493N00914975EA0000001893
B1418555607740N00915216EA0000001846
B1419015607860N00915314EA0000001828
B1419075607986N00915406EA0000001816
B1419125608094N00915480EA0000001811
B1419175608204N00915555EA0000001798
B1419225608317N00915629EA0000001786
B1419295608479N00915726EA0000001766
B1419345608592N00915795EA0000001761
B1419405608725N00915881EA0000001753
B1419455608833N00915955EA0000001748
B1419505608941N00916028EA0000001745
B1419555609050N00916099EA0000001736
B1420005609160N00916167EA0000001730
B1420065609295N00916235EA0000001728
B1420125609431N00916303EA0000001714
B1420195609592N00916394EA0000001698
B1420245609705N00916475EA0000001694
B1420305609834N00916576EA0000001690
B1420355609935N00916660EA0000001711
B1420425610062N00916791EA0000001710
B1420475610141N00916924EA0000001711
B1420535610221N00917102EA0000001708
B1421015610316N00917376EA0000001696
B1421065610376N00917556EA0000001679
B1421125610452N00917771EA0000001664
B1421185610523N00917985EA0000001656
B1421235610579N00918161EA0000001648
B1421315610667N00918432EA0000001642
B1421385610743N00918648EA0000001666
B1421435610792N00918787EA0000001692
B1421485610836N00918906EA0000001703
B1421535610891N00918996EA0000001710
B1421585610950N00919082EA0000001709
B1422035611020N00919174EA0000001689
B1422085611100N00919277EA0000001668
B1422195611292N00919505EA0000001663
B1422315611513N00919746EA0000001670
B1422405611665N00919964EA0000001670
B1422535611834N00920232EA0000001673
B1431485620904N00930843EA0000001202
B1431545620980N00930930EA0000001235
B1434505621080N00931380EA0000001564
B1434575621220N00931467EA0000001549
B1435035621343N00931550EA0000001552
B1435085621440N00931619EA0000001565
B1435155621565N00931714EA0000001565
B1435205621650N00931783EA0000001558
B1435255621739N00931855EA0000001547
B1435305621832N00931930EA0000001552
B1435355621924N00932006EA0000001568
B1435405622005N00932074EA0000001600
B1435455622071N00932130EA0000001607
B1435505622140N00932187EA0000001590
B1435555622221N00932257EA0000001565
B1436015622332N00932352EA0000001559
B1436065622428N00932431EA0000001552
B1436125622542N00932531EA0000001542
B1436175622638N00932617EA0000001530
B1436235622752N00932721EA0000001511
B1436285622845N00932803EA0000001496
B1436335622938N00932883EA0000001483
B1436385623035N00932966EA0000001468
B1436455623165N00933082EA0000001455
B1436505623255N00933166EA0000001440
B1436565623362N00933263EA0000001419
B1437525624388N00934234EA0000001396
B1437575624476N00934327EA0000001392
B1438025624564N00934425EA0000001366
B1438115624730N00934584EA0000001374
B1438165624816N00934673EA0000001371
B1438355625128N00934960EA0000001433
B1438565625377N00935125EA0000001513
B1439015625386N00935008EA0000001518
B1439065625320N00934926EA0000001525
B1439115625240N00934987EA0000001535
B1439185625225N00935169EA0000001565
B1439235625263N00935248EA0000001574
B1439295625323N00935187EA0000001569
B1439345625294N00935060EA0000001584
B1439395625209N00935040EA0000001602
B1439445625138N00935115EA0000001616
B1439495625145N00935244EA0000001622
B1439555625213N00935218EA0000001633
B1440015625183N00935064EA0000001642
B1440065625096N00935083EA0000001658
B1440115625074N00935220EA0000001672
B1440195625160N00935244EA0000001682
B1440245625153N00935107EA0000001690
B1440295625070N00935062EA0000001709
B1440375624990N00935224EA0000001728
B1440425625038N00935305EA0000001738
B1440485625093N00935219EA0000001737
B1440535625048N00935097EA0000001750
B1440585624964N00935137EA0000001765
B1441035624958N00935280EA0000001763
B1441085625035N00935356EA0000001741
B1441135625133N00935407EA0000001728
B1441185625234N00935456EA0000001719
B1441245625353N00935504EA0000001727
B1441305625471N00935550EA0000001736
B1441395625653N00935613EA0000001735
B1441445625755N00935643EA0000001735
B1441495625854N00935640EA0000001733
B1441545625951N00935617EA0000001722
B1442005626064N00935554EA0000001714
B1442065626173N00935482EA0000001719
B1442155626342N00935397EA0000001714
B1442215626458N00935402EA0000001721
B1442265626551N00935424EA0000001726
B1442325626659N00935473EA0000001720
B1442375626750N00935529EA0000001708
B1442435626859N00935606EA0000001703
B1442485626948N00935681EA0000001695
B1442565627093N00935807EA0000001676
B1443035627227N00935925EA0000001663
B1443095627340N00936026EA0000001659
B1443155627450N00936127EA0000001656
B1443235627597N00936256EA0000001651
B1443315627740N00936388EA0000001645
B1443365627829N00936471EA0000001643
B1443445627971N00936598EA0000001638
B1443575628204N00936788EA0000001623
B1444025628295N00936861EA0000001615
B1444075628388N00936929EA0000001606
B1444135628499N00937011EA0000001602
B1444185628591N00937079EA0000001598
B1444255628720N00937171EA0000001586
B1444365628926N00937324EA0000001570
B1444425629039N00937407EA0000001562
B1445015629400N00937678EA0000001538
B1445085629533N00937780EA0000001521
B1445135629628N00937848EA0000001514
B1445205629758N00937934EA0000001496
B1445255629851N00937985EA0000001489
B1445305629944N00938022EA0000001487
B1445385630089N00938089EA0000001476
B1445455630212N00938195EA0000001462
B1445505630297N00938295EA0000001449
B1445565630403N00938421EA0000001435
B1446035630530N00938561EA0000001423
B1446115630675N00938723EA0000001414
B1446175630783N00938840EA0000001412
B1446265630945N00939014EA0000001398
B1446365631123N00939202EA0000001386
B1446415631210N00939291EA0000001378
B1446525631408N00939492EA0000001359
B1447015631571N00939650EA0000001348
B1447085631697N00939782EA0000001338
B1447145631805N00939896EA0000001327
B1447245631991N00940086EA0000001309
B1447325632135N00940240EA0000001299
B1447405632273N00940382EA0000001288
B1447545632513N00940626EA0000001270
B1448005632619N00940739EA0000001267
B1448055632702N00940835EA0000001268
B1448105632786N00940933EA0000001264
B1448205632951N00941109EA0000001264
B1448285633085N00941239EA0000001253
B1448365633224N00941371EA0000001238
B1448495633450N00941604EA0000001257
B1448545633528N00941682EA0000001282
B1449005633604N00941760EA0000001318
B1449075633679N00941848EA0000001314
B1449125633741N00941918EA0000001289
B1449175633820N00942007EA0000001283
B1449225633902N00942088EA0000001303
B1450415635254N00943437EA0000001232
B1450485635356N00943530EA0000001259
B1450535635421N00943588EA0000001260
B1451035635563N00943738EA0000001226
B1451125635705N00943898EA0000001212
B1451175635785N00944002EA0000001196
B1451235635883N00944138EA0000001180
B1451285635967N00944245EA0000001176
B1451345636071N00944347EA0000001168
B1451405636176N00944446EA0000001158
B1451495636333N00944595EA0000001147
B1451545636420N00944680EA0000001139
B1452015636541N00944804EA0000001128
B1452115636716N00944978EA0000001125
B1452165636801N00945063EA0000001126
B1452255636949N00945229EA0000001117
B1452335637083N00945381EA0000001102
B1452395637187N00945501EA0000001081
B1452465637306N00945643EA0000001070
B1452535637422N00945788EA0000001057
B1452585637504N00945884EA0000001051
B1453055637618N00946009EA0000001038
B1453125637735N00946135EA0000001015
B1453205637878N00946277EA0000000998
B1453275638000N00946402EA0000000990
B1453365638146N00946556EA0000000996
B1453435638265N00946680EA0000000972
B1453525638393N00946904EA0000000973
B1453575638328N00947060EA0000000962
B1454045638154N00947112EA0000000946
B1454125637952N00947115EA0000000921
B1454195637779N00947076EA0000000914
B1454535637036N00946814EA0000000984
B1454585637023N00946699EA0000000994
B1455035637076N00946681EA0000000998
B1455095637096N00946816EA0000001013
B1455145637033N00946915EA0000001013
B1455215636907N00946931EA0000001029
B1455285636793N00946876EA0000001047
B1455345636763N00946734EA0000001038
B1455395636810N00946674EA0000001041
B1455445636857N00946732EA0000001051
B1455505636884N00946859EA0000001065
B1455555636854N00946992EA0000001064
B1456005636764N00947034EA0000001077
B1456055636702N00946933EA0000001086
B1456105636712N00946813EA0000001094
B1456165636775N00946822EA0000001105
B1456215636784N00946945EA0000001118
B1456265636729N00947055EA0000001129
B1456325636627N00947050EA0000001134
B1456375636588N00946933EA0000001137
B1456425636621N00946848EA0000001145
B1456485636671N00946927EA0000001156
B1456535636659N00947059EA0000001166
B1457025636518N00947083EA0000001173
B1457075636492N00946965EA0000001177
B1457125636533N00946898EA0000001181
B1457205636594N00947018EA0000001203
B1457255636581N00947144EA0000001193
B1457315636482N00947198EA0000001199
B1457365636415N00947113EA0000001208
B1457415636365N00947018EA0000001215
B1457535636166N00946885EA0000001199
B1458085635863N00946832EA0000001235
B1458145635827N00946688EA0000001227
B1458195635872N00946611EA0000001230
B1458245635924N00946657EA0000001226
B1458335635925N00946893EA0000001245
B1458385635900N00947019EA0000001248
B1458445635829N00947143EA0000001238
B1459425634545N00946416EA0000001148
B1459485634414N00946301EA0000001154
B1500235633727N00945900EA0000001111
B1512535622782N00945032EA0000001379
B1512595622659N00945004EA0000001343
B1513045622536N00944974EA0000001328
B1513105622396N00944941EA0000001343
B1513165622250N00944903EA0000001316
B1513215622126N00944878EA0000001303
B1513265621993N00944839EA0000001312
B1513315621875N00944816EA0000001296
B1514195620864N00944485EA0000001327
B1514255620718N00944400EA0000001312
B1515505618510N00943254EA0000001181
B1516015618230N00943113EA0000001173
B1516085618058N00943030EA0000001166
B1516145617911N00942964EA0000001164
B1516195617794N00942915EA0000001173
B1516285617592N00942838EA0000001169
B1516395617346N00942754EA0000001161
B1516445617235N00942714EA0000001154
B1516495617124N00942690EA0000001153
B1516595616907N00942690EA0000001169
B1517075616748N00942687EA0000001174
B1517135616621N00942678EA0000001152
B1517185616501N00942660EA0000001144
B1517235616380N00942639EA0000001151
B1517285616269N00942613EA0000001186
B1517335616179N00942604EA0000001203
B1517385616090N00942586EA0000001212
B1517435616002N00942566EA0000001202
B1518335614883N00942252EA0000001189
B1518455614591N00942170EA0000001172
B1520145612608N00941553EA0000001178
B1520205612464N00941479EA0000001180
B1520305612224N00941349EA0000001190
B1520365612086N00941280EA0000001190
B1520415611966N00941223EA0000001181
B1525355604459N00940021EA0000001144
B1526015603697N00939837EA0000001120
B1526115603407N00939765EA0000001130
B1526165603261N00939728EA0000001123
B1526225603084N00939680EA0000001110
B1526305602846N00939624EA0000001104
B1526355602697N00939587EA0000001099
B1526595601990N00939439EA0000001062
B1527045601844N00939406EA0000001061
B1527135601592N00939313EA0000001056
B1527185601478N00939172EA0000001059
B1527265601321N00938897EA0000001068
B1527345601179N00938602EA0000001085
B1527405601073N00938378EA0000001078
B1528055600610N00937371EA0000001048
B1528105600516N00937174EA0000001041
B1528155600422N00936978EA0000001026
B1528225600285N00936705EA0000001013
B1528305600130N00936396EA0000000994
B1528365600019N00936161EA0000000978
B1528495559775N00935648EA0000000941
B1528545559668N00935464EA0000000927
B1529015559516N00935214EA0000000909
B1529075559383N00935005EA0000000890
B1529125559271N00934835EA0000000879
B1529185559137N00934637EA0000000867
B1529245559006N00934431EA0000000847
B1529295558895N00934256EA0000000836
B1529375558720N00933974EA0000000817
B1529465558518N00933656EA0000000784
B1529515558404N00933480EA0000000778
B1529585558257N00933221EA0000000776
B1530035558157N00933032EA0000000771
B1530095558038N00932804EA0000000763
B1530155557914N00932583EA0000000757
B1530225557769N00932333EA0000000750
B1530305557605N00932046EA0000000732
B1530385557432N00931770EA0000000711
B1530435557322N00931596EA0000000696
B1530495557192N00931387EA0000000677
B1530585556997N00931062EA0000000650
B1531135556684N00930545EA0000000639
B1531215556505N00930251EA0000000611
B1531295556333N00929965EA0000000588
B1531345556229N00929787EA0000000570
B1531415556085N00929531EA0000000549
B1531465555985N00929345EA0000000540
B1531515555884N00929168EA0000000531
B1531565555782N00928994EA0000000523
B1532015555680N00928813EA0000000516
B1532115555489N00928465EA0000000527
B1532165555402N00928299EA0000000523
B1532225555295N00928099EA0000000509
B1532285555184N00927908EA0000000498
B1532335555090N00927754EA0000000486
B1532405554949N00927549EA0000000467
B1532455554845N00927405EA0000000458
B1533015554511N00927004EA0000000449
B1533115554323N00926768EA0000000451
B1533165554320N00926641EA0000000447
B1533235554379N00926491EA0000000414
B1533285554433N00926395EA0000000401
B1533335554489N00926304EA0000000388
B1533385554571N00926215EA0000000414
B1533435554639N00926132EA0000000412
B1533485554709N00926052EA0000000407
B1533535554780N00925978EA0000000404
B1533585554855N00925909EA0000000414
B1534055554950N00925810EA0000000411
B1534145555064N00925681EA0000000406
B1534215555148N00925581EA0000000397
B1534275555220N00925485EA0000000382
B1534325555284N00925418EA0000000373
B1534375555358N00925413EA0000000365
B1534425555428N00925426EA0000000364
B1534485555510N00925430EA0000000358
B1534535555576N00925448EA0000000354
B1534585555612N00925555EA0000000346
B1535035555605N00925691EA0000000339
B1535115555553N00925903EA0000000321
B1535185555479N00926078EA0000000308
B1535265555381N00926264EA0000000302
B1535315555320N00926374EA0000000308
B1535395555228N00926533EA0000000317
B1535465555157N00926680EA0000000297
B1537125554331N00927851EA0000000174
B1537185554358N00927687EA0000000167
B1537245554385N00927528EA0000000149
B1537295554404N00927396EA0000000131
B1537355554425N00927237EA0000000111
B1537405554441N00927101EA0000000099
B1537475554464N00926908EA0000000087
B1537545554487N00926727EA0000000084
B1538015554507N00926594EA0000000087
