AOGNOGN
HFDTE240825
HFFXA050
HFPLTPILOTINCHARGE:
HFGTYGLIDERTYPE:
HFGIDGLIDERID:
HFDTM100GPSDATUM:WGS-1984
HFRFWFIRMWAREVERSION:
HFRHWHARDWAREVERSION:
HFFTYFRTYPE:OGN-FLIGHTBOOK
HFGPSGENERIC
HFPRSPRESSALTSENSOR:
HFCIDCOMPETITIONID:
B1029465553125N01213939EA0000000017
B1029515553131N01213828EA0000000017
B1029515553131N01213828EA0000000017
B1029565553142N01213698EA0000000034
B1030025553154N01213546EA0000000065
B1030085553162N01213401EA0000000097
B1030145553135N01213259EA0000000118
B1030195553079N01213162EA0000000143
B1030255552986N01213109EA0000000180
B1030315552881N01213130EA0000000197
B1030385552761N01213249EA0000000224
B1030465552634N01213426EA0000000267
B1030515552556N01213538EA0000000288
B1030595552415N01213652EA0000000325
B1031045552327N01213652EA0000000353
B1031095552250N01213593EA0000000380
B1031165552174N01213451EA0000000415
B1031225552160N01213303EA0000000458
B1031295552191N01213147EA0000000485
B1031345552229N01213040EA0000000506
B1031405552249N01212897EA0000000535
B1031465552259N01212749EA0000000557
B1031515552264N01212624EA0000000575
B1032005552268N01212399EA0000000608
B1032065552246N01212284EA0000000622
B1032115552182N01212269EA0000000623
B1032165552123N01212352EA0000000624
B1032265552125N01212618EA0000000613
B1032325552161N01212769EA0000000600
B1032415552209N01213010EA0000000590
B1032465552235N01213137EA0000000589
B1032535552265N01213318EA0000000587
B1033015552299N01213538EA0000000593
B1033065552338N01213665EA0000000608
B1033115552395N01213697EA0000000619
B1033165552434N01213655EA0000000618
B1033245552423N01213539EA0000000627
B1033315552364N01213472EA0000000634
B1033365552303N01213470EA0000000647
B1033415552245N01213555EA0000000653
B1033485552217N01213739EA0000000673
B1033535552245N01213858EA0000000683
B1033595552309N01213926EA0000000697
B1034065552364N01213881EA0000000701
B1034135552358N01213773EA0000000711
B1034195552308N01213711EA0000000724
B1034245552247N01213710EA0000000725
B1034305552177N01213799EA0000000727
B1034395552151N01214037EA0000000729
B1034445552182N01214170EA0000000738
B1034495552242N01214255EA0000000748
B1034585552343N01214274EA0000000751
B1035035552339N01214173EA0000000744
B1035135552215N01214081EA0000000762
B1035215552096N01214113EA0000000769
B1035305551969N01214209EA0000000764
B1035365551889N01214270EA0000000759
B1035475551741N01214365EA0000000745
B1036045551660N01214119EA0000000728
B1036145551760N01214047EA0000000717
B1036225551856N01214097EA0000000708
B1036295551940N01214174EA0000000700
B1036385552044N01214292EA0000000696
B1036505552170N01214480EA0000000696
B1036555552225N01214557EA0000000696
B1037085552350N01214498EA0000000703
B1037175552386N01214382EA0000000711
B1037245552409N01214292EA0000000716
B1037335552475N01214211EA0000000716
B1037395552520N01214164EA0000000718
B1037525552601N01214036EA0000000720
B1037595552629N01213944EA0000000706
B1038075552620N01213816EA0000000703
B1038125552610N01213739EA0000000707
B1038195552597N01213637EA0000000712
B1038245552586N01213562EA0000000718
B1038295552528N01213555EA0000000730
B1038365552476N01213724EA0000000735
B1038415552500N01213856EA0000000744
B1038495552590N01213928EA0000000756
B1038545552635N01213893EA0000000750
B1039005552644N01213800EA0000000746
B1039065552619N01213717EA0000000755
B1039175552561N01213562EA0000000768
B1039235552538N01213467EA0000000775
B1039305552542N01213314EA0000000764
B1039355552569N01213200EA0000000771
B1039445552623N01213029EA0000000787
B1039515552662N01212895EA0000000776
B1039585552696N01212743EA0000000759
B1040055552719N01212581EA0000000751
B1040135552732N01212395EA0000000762
B1040185552728N01212294EA0000000768
B1040285552711N01212097EA0000000768
B1040355552705N01211952EA0000000773
B1040445552743N01211763EA0000000777
B1040495552778N01211667EA0000000775
B1040555552822N01211552EA0000000767
B1041025552870N01211410EA0000000752
B1041095552903N01211264EA0000000748
B1041225552890N01211001EA0000000743
B1041315552881N01210818EA0000000740
B1041435552890N01210585EA0000000743
B1041485552897N01210493EA0000000747
B1042005552920N01210282EA0000000743
B1042105552939N01210115EA0000000735
B1042245552971N01209888EA0000000723
B1042295552987N01209804EA0000000715
B1042345553007N01209724EA0000000703
B1042395553028N01209649EA0000000695
B1042455553054N01209557EA0000000686
B1042525553074N01209439EA0000000674
B1043085553063N01209162EA0000000661
B1043135553041N01209088EA0000000662
B1043205553012N01208988EA0000000665
B1043265552986N01208906EA0000000673
B1043325552934N01208832EA0000000669
B1043375552857N01208876EA0000000669
B1043425552811N01209005EA0000000675
B1043475552816N01209154EA0000000669
B1043565552909N01209310EA0000000658
B1044045552996N01209284EA0000000653
B1044195552991N01209064EA0000000661
B1044245552917N01209080EA0000000667
B1044355552903N01209358EA0000000663
B1044405552963N01209391EA0000000678
B1044495553021N01209281EA0000000694
B1044575552966N01209178EA0000000691
B1045025552900N01209210EA0000000691
B1045115552864N01209435EA0000000686
B1045175552924N01209500EA0000000692
B1045235552968N01209442EA0000000696
B1045285552968N01209363EA0000000693
B1045355552914N01209281EA0000000684
B1045545552830N01208954EA0000000667
B1046195552737N01208483EA0000000693
B1046245552686N01208424EA0000000684
B1046325552590N01208560EA0000000675
B1046395552629N01208725EA0000000669
B1046485552721N01208710EA0000000670
B1047085552719N01208410EA0000000676
B1047145552644N01208386EA0000000680
B1047195552577N01208451EA0000000675
B1047245552539N01208581EA0000000667
B1047305552565N01208743EA0000000658
B1047355552622N01208808EA0000000652
B1047435552713N01208803EA0000000653
B1047485552754N01208751EA0000000661
B1047565552757N01208626EA0000000674
B1048035552694N01208569EA0000000668
B1048085552628N01208632EA0000000671
B1048155552626N01208825EA0000000679
B1048205552683N01208855EA0000000684
B1048255552718N01208806EA0000000686
B1048345552732N01208679EA0000000682
B1048395552687N01208626EA0000000686
B1048475552591N01208718EA0000000685
B1048565552596N01208963EA0000000684
B1049045552676N01209047EA0000000699
B1049125552686N01208937EA0000000704
B1049175552630N01208916EA0000000701
B1049295552579N01209193EA0000000699
B1049345552628N01209273EA0000000714
B1049395552680N01209274EA0000000715
B1049485552709N01209157EA0000000719
B1049555552644N01209102EA0000000718
B1050005552583N01209173EA0000000720
B1050165552673N01209439EA0000000723
B1050295552678N01209274EA0000000728
B1050345552619N01209258EA0000000728
B1050475552565N01209545EA0000000727
B1050525552616N01209606EA0000000728
B1050585552666N01209582EA0000000728
B1051055552659N01209494EA0000000735
B1051115552601N01209453EA0000000736
B1051165552541N01209456EA0000000734
B1051215552484N01209540EA0000000728
B1051315552507N01209789EA0000000721
B1051365552560N01209806EA0000000723
B1051425552592N01209752EA0000000721
B1051475552588N01209688EA0000000720
B1051545552524N01209634EA0000000714
B1051595552459N01209648EA0000000710
B1052045552400N01209723EA0000000710
B1052115552360N01209902EA0000000703
B1052275552426N01210345EA0000000689
B1052475552518N01210905EA0000000702
B1052535552580N01210950EA0000000709
B1053025552555N01210839EA0000000711
B1053075552490N01210879EA0000000714
B1053135552450N01211027EA0000000709
B1053235552485N01211279EA0000000712
B1053365552613N01211412EA0000000726
B1053435552627N01211317EA0000000724
B1053485552575N01211291EA0000000714
B1053535552515N01211364EA0000000730
B1053585552493N01211492EA0000000742
B1054055552526N01211666EA0000000750
B1054105552578N01211723EA0000000758
B1054155552625N01211702EA0000000758
B1054205552648N01211638EA0000000757
B1054275552645N01211541EA0000000746
B1054325552613N01211483EA0000000735
B1054375552551N01211489EA0000000726
B1054435552489N01211608EA0000000736
B1054485552462N01211734EA0000000745
B1054535552498N01211843EA0000000755
B1055005552551N01211806EA0000000761
B1055055552522N01211754EA0000000763
B1055105552463N01211769EA0000000764
B1055175552410N01211929EA0000000777
B1055225552425N01212062EA0000000790
B1055275552473N01212146EA0000000792
B1055345552544N01212119EA0000000796
B1055395552572N01212039EA0000000786
B1055465552600N01211919EA0000000769
B1055515552618N01211832EA0000000757
B1055595552644N01211694EA0000000747
B1056055552658N01211593EA0000000736
B1056135552674N01211464EA0000000728
B1056195552678N01211377EA0000000720
B1056265552696N01211269EA0000000713
B1056315552715N01211194EA0000000715
B1056365552732N01211121EA0000000714
B1056425552755N01211040EA0000000717
B1056495552779N01210945EA0000000704
B1056595552798N01210803EA0000000703
B1057075552803N01210698EA0000000705
B1057195552801N01210538EA0000000708
B1057555552735N01210004EA0000000719
B1058005552692N01209955EA0000000718
B1058065552615N01209956EA0000000717
B1058115552558N01210034EA0000000715
B1058245552574N01210356EA0000000702
B1058315552647N01210434EA0000000714
B1058405552688N01210335EA0000000727
B1058455552635N01210290EA0000000731
B1058505552575N01210352EA0000000730
B1058595552592N01210570EA0000000731
B1059045552650N01210587EA0000000745
B1059155552636N01210406EA0000000759
B1059215552598N01210321EA0000000761
B1059495552405N01210006EA0000000769
B1059565552339N01209953EA0000000767
B1100025552261N01209983EA0000000757
B1100075552210N01210086EA0000000754
B1100125552198N01210228EA0000000748
B1100235552273N01210463EA0000000745
B1100285552321N01210531EA0000000745
B1100365552401N01210607EA0000000733
B1100425552456N01210696EA0000000733
B1100485552502N01210811EA0000000735
B1100565552558N01210985EA0000000739
B1101035552609N01211136EA0000000737
B1101105552669N01211260EA0000000751
B1101155552722N01211245EA0000000753
B1101205552732N01211174EA0000000751
B1101255552681N01211142EA0000000761
B1101305552629N01211225EA0000000765
B1101375552640N01211400EA0000000781
B1101425552691N01211466EA0000000785
B1101475552746N01211461EA0000000784
B1101545552766N01211366EA0000000780
B1102005552778N01211265EA0000000781
B1102085552793N01211140EA0000000788
B1102145552799N01211055EA0000000785
B1102215552820N01210955EA0000000772
B1102295552876N01210876EA0000000770
B1102355552923N01210834EA0000000764
B1102435552983N01210777EA0000000757
B1102485553006N01210726EA0000000761
B1103085552983N01210477EA0000000761
B1103215552963N01210293EA0000000737
B1103325552971N01210141EA0000000723
B1103375552987N01210075EA0000000718
B1103425553009N01210010EA0000000715
B1103485553032N01209929EA0000000710
B1103555553052N01209834EA0000000705
B1104375553069N01209277EA0000000728
B1104425553007N01209306EA0000000726
B1104555552989N01209592EA0000000714
B1105005553042N01209618EA0000000714
B1105075553097N01209551EA0000000728
B1105395553113N01209083EA0000000719
B1105445553105N01209014EA0000000724
B1105515553084N01208917EA0000000732
B1105565553054N01208857EA0000000741
B1106015552994N01208882EA0000000743
B1106105552990N01209085EA0000000752
B1106155553042N01209112EA0000000757
B1106315553093N01208910EA0000000772
B1106385553028N01208860EA0000000761
B1106435552966N01208910EA0000000775
B1106545552965N01209155EA0000000775
B1106595553025N01209177EA0000000773
B1107055553069N01209121EA0000000783
B1107115553074N01209022EA0000000772
B1107175553060N01208911EA0000000780
B1107275553011N01208740EA0000000792
B1107375552945N01208585EA0000000809
B1107435552974N01208489EA0000000797
B1107505553066N01208493EA0000000804
B1108025553121N01208832EA0000000818
B1108085553070N01209002EA0000000820
B1108175552919N01209053EA0000000822
B1108295552824N01208791EA0000000777
B1108345552783N01208686EA0000000798
B1108395552729N01208637EA0000000802
B1108465552635N01208590EA0000000784
B1108535552528N01208602EA0000000785
B1108585552468N01208678EA0000000782
B1109035552436N01208810EA0000000773
B1109105552447N01208998EA0000000762
B1109155552494N01209086EA0000000748
B1109255552605N01209102EA0000000723
B1109305552657N01209084EA0000000719
B1109435552796N01209083EA0000000706
B1109595552951N01209019EA0000000705
B1110055552999N01208959EA0000000720
B1110125552979N01208852EA0000000740
B1110175552911N01208885EA0000000765
B1110245552885N01209077EA0000000780
B1110325552975N01209229EA0000000782
B1110385553050N01209193EA0000000784
B1110445553066N01209062EA0000000784
B1110495553026N01208964EA0000000795
B1110545552964N01208906EA0000000786
B1110595552893N01208876EA0000000792
B1111065552789N01208881EA0000000804
B1111115552720N01208915EA0000000800
B1111185552623N01208950EA0000000787
B1111235552556N01208994EA0000000777
B1111285552498N01209100EA0000000751
B1111405552545N01209407EA0000000737
B1111485552626N01209533EA0000000724
B1111575552716N01209669EA0000000717
B1112025552765N01209743EA0000000721
B1112085552822N01209834EA0000000722
B1112145552878N01209927EA0000000724
B1112225552958N01210041EA0000000729
B1112275553013N01210046EA0000000726
B1112345553046N01209960EA0000000730
B1112405553003N01209892EA0000000738
B1112485552912N01209961EA0000000748
B1113105552911N01210526EA0000000777
B1113155552963N01210591EA0000000773
B1113285552984N01210457EA0000000768
B1113345552911N01210444EA0000000764
B1113395552847N01210501EA0000000771
B1113465552781N01210643EA0000000774
B1113575552780N01210932EA0000000767
B1114025552834N01211007EA0000000762
B1114085552893N01210980EA0000000752
B1114195552893N01210816EA0000000759
B1114255552872N01210732EA0000000754
B1114445552800N01210461EA0000000766
B1114525552793N01210333EA0000000771
B1114585552816N01210243EA0000000778
B1115045552863N01210181EA0000000785
B1115105552909N01210138EA0000000773
B1115155552951N01210096EA0000000770
B1115235553020N01210031EA0000000779
B1115315553086N01209982EA0000000788
B1115385553130N01209916EA0000000798
B1116015553142N01209609EA0000000763
B1116075553124N01209528EA0000000758
B1116125553104N01209463EA0000000760
B1116195553075N01209380EA0000000766
B1116295553037N01209242EA0000000768
B1116385553014N01209124EA0000000770
B1117315552962N01208386EA0000000835
B1117405552908N01208245EA0000000833
B1117495552766N01208310EA0000000818
B1118035552713N01208720EA0000000801
B1118215552930N01208929EA0000000810
B1118295553021N01209029EA0000000819
B1118405553060N01209329EA0000000815
B1118505552927N01209500EA0000000822
B1119015552842N01209297EA0000000823
B1119065552864N01209195EA0000000828
B1119125552935N01209148EA0000000833
B1119195553033N01209252EA0000000822
B1119265553094N01209474EA0000000816
B1119355553153N01209739EA0000000811
B1119405553170N01209892EA0000000805
B1119465553137N01210068EA0000000794
B1119525553049N01210125EA0000000786
B1120005552957N01210059EA0000000783
B1120065552886N01210024EA0000000778
B1120135552798N01210003EA0000000785
B1120185552736N01209997EA0000000793
B1120265552632N01210075EA0000000788
B1120325552582N01210239EA0000000788
B1120385552557N01210413EA0000000781
B1120435552534N01210558EA0000000772
B1120495552513N01210735EA0000000762
B1120555552498N01210902EA0000000745
B1121015552484N01211078EA0000000730
B1121075552483N01211255EA0000000722
B1121145552486N01211444EA0000000722
B1121205552495N01211609EA0000000713
B1121265552492N01211780EA0000000707
B1121365552492N01212066EA0000000693
B1121425552505N01212237EA0000000698
B1121475552536N01212359EA0000000708
B1121535552601N01212438EA0000000716
B1121585552643N01212403EA0000000716
B1122035552618N01212347EA0000000724
B1122085552559N01212385EA0000000734
B1122135552522N01212503EA0000000744
B1122195552555N01212643EA0000000759
B1122255552609N01212631EA0000000764
B1122315552576N01212568EA0000000763
B1122385552498N01212657EA0000000787
B1122435552480N01212785EA0000000786
B1122485552518N01212892EA0000000799
B1122535552571N01212896EA0000000798
B1123005552580N01212807EA0000000802
B1123055552527N01212783EA0000000808
B1123105552469N01212869EA0000000813
B1123165552471N01213044EA0000000826
B1123215552529N01213124EA0000000817
B1123275552615N01213098EA0000000808
B1123325552683N01213060EA0000000805
B1123375552752N01213043EA0000000803
B1123455552861N01213027EA0000000799
B1123555552982N01213022EA0000000785
B1124005553044N01213033EA0000000776
B1124065553114N01213049EA0000000773
B1124145553200N01213084EA0000000761
B1124245553300N01213187EA0000000751
B1124305553354N01213280EA0000000744
B1124405553437N01213462EA0000000743
B1124465553484N01213578EA0000000750
B1124515553532N01213647EA0000000756
B1124575553579N01213602EA0000000768
B1125025553558N01213532EA0000000777
B1125085553483N01213569EA0000000784
B1125145553443N01213709EA0000000796
B1125195553454N01213831EA0000000804
B1125245553505N01213878EA0000000804
B1125315553544N01213789EA0000000809
B1125365553511N01213717EA0000000821
B1125425553433N01213698EA0000000820
B1125485553351N01213806EA0000000819
B1125535553319N01213963EA0000000812
B1126025553302N01214247EA0000000823
B1126095553291N01214439EA0000000828
B1126165553283N01214632EA0000000820
B1126225553313N01214786EA0000000817
B1126305553407N01214900EA0000000810
B1126365553483N01214947EA0000000807
B1126445553581N01215038EA0000000795
B1126495553642N01215100EA0000000788
B1126565553724N01215205EA0000000782
B1127015553778N01215287EA0000000775
B1127105553873N01215444EA0000000764
B1127165553932N01215550EA0000000755
B1127235554003N01215661EA0000000749
B1127305554075N01215711EA0000000739
B1127355554092N01215649EA0000000724
B1127475553970N01215543EA0000000723
B1127565553866N01215488EA0000000710
B1128065553757N01215421EA0000000695
B1128125553698N01215373EA0000000692
B1128175553650N01215333EA0000000686
B1128315553518N01215221EA0000000667
B1128405553433N01215148EA0000000655
B1128475553357N01215104EA0000000650
B1128525553302N01215073EA0000000656
B1128585553225N01215038EA0000000657
B1129035553164N01215020EA0000000662
B1129085553108N01214991EA0000000649
B1129155553029N01214949EA0000000640
B1129245552914N01214944EA0000000623
B1129295552850N01214947EA0000000619
B1129355552774N01214960EA0000000612
B1129405552707N01214983EA0000000600
B1129465552623N01215010EA0000000592
B1129525552543N01215040EA0000000586
B1129595552445N01215087EA0000000574
B1130045552379N01215127EA0000000575
B1130125552274N01215181EA0000000563
B1130195552181N01215240EA0000000564
B1130245552120N01215278EA0000000571
B1130315552030N01215342EA0000000568
B1130365551965N01215387EA0000000584
B1130415551906N01215456EA0000000590
B1130465551901N01215588EA0000000597
B1130535551967N01215612EA0000000616
B1130585551945N01215550EA0000000622
B1131035551883N01215552EA0000000630
B1131125551802N01215714EA0000000625
B1131175551832N01215836EA0000000624
B1131235551894N01215854EA0000000643
B1131295551933N01215805EA0000000651
B1131345551905N01215739EA0000000655
B1131445551801N01215850EA0000000665
B1131495551814N01215970EA0000000668
B1131545551866N01216020EA0000000669
B1132015551893N01215951EA0000000681
B1132075551836N01215911EA0000000688
B1132125551776N01215929EA0000000684
B1132205551710N01216097EA0000000682
B1132255551741N01216210EA0000000680
B1132355551816N01216160EA0000000685
B1132405551785N01216104EA0000000682
B1132455551728N01216107EA0000000684
B1132525551657N01216227EA0000000684
B1132585551621N01216367EA0000000679
B1133035551626N01216499EA0000000673
B1133095551684N01216589EA0000000683
B1133175551757N01216580EA0000000704
B1133225551774N01216521EA0000000699
B1133285551722N01216489EA0000000705
B1133375551651N01216648EA0000000699
B1133445551694N01216784EA0000000712
B1133505551754N01216805EA0000000725
B1133565551786N01216756EA0000000730
B1134015551754N01216705EA0000000728
B1134065551699N01216723EA0000000729
B1134145551621N01216871EA0000000712
B1134195551611N01217020EA0000000721
B1134245551641N01217140EA0000000734
B1134305551704N01217197EA0000000748
B1134425551751N01217095EA0000000767
B1134475551710N01217062EA0000000762
B1134535551633N01217101EA0000000756
B1134585551591N01217200EA0000000756
B1135045551567N01217352EA0000000769
B1135095551586N01217482EA0000000772
B1135155551646N01217548EA0000000786
B1135425551675N01217276EA0000000794
B1135475551666N01217203EA0000000792
B1135535551655N01217115EA0000000798
B1135595551643N01217024EA0000000797
B1136075551632N01216898EA0000000818
B1136185551633N01216728EA0000000837
B1136235551639N01216657EA0000000828
B1136285551648N01216571EA0000000825
B1136345551656N01216475EA0000000821
B1136435551681N01216321EA0000000807
B1136495551696N01216224EA0000000805
B1137005551720N01216052EA0000000796
B1137065551734N01215954EA0000000781
B1137115551748N01215876EA0000000782
B1137175551762N01215783EA0000000779
B1137235551776N01215696EA0000000783
B1137285551786N01215625EA0000000780
B1137335551797N01215554EA0000000795
B1137405551811N01215466EA0000000804
B1137475551823N01215370EA0000000803
B1137535551839N01215284EA0000000805
B1137595551861N01215197EA0000000815
B1138045551889N01215123EA0000000820
B1138095551919N01215050EA0000000829
B1138145551950N01214978EA0000000829
B1138195551984N01214897EA0000000818
B1138245552021N01214814EA0000000810
B1138315552067N01214709EA0000000807
B1138425552138N01214576EA0000000789
B1138485552169N01214504EA0000000776
B1138545552198N01214428EA0000000769
B1138595552222N01214369EA0000000765
B1139055552254N01214300EA0000000762
B1139125552289N01214220EA0000000764
B1139225552334N01214104EA0000000770
B1139295552354N01214021EA0000000782
B1139345552359N01213961EA0000000781
B1139395552356N01213895EA0000000779
B1139455552317N01213838EA0000000756
B1139505552248N01213901EA0000000759
B1139565552171N01213982EA0000000771
B1140015552106N01214036EA0000000774
B1140065552044N01214031EA0000000759
B1140145551987N01213916EA0000000766
B1140225551992N01213795EA0000000776
B1140275552006N01213726EA0000000770
B1140355552034N01213638EA0000000771
B1140405552051N01213582EA0000000775
B1140495552069N01213473EA0000000773
B1140565552081N01213382EA0000000772
B1141015552086N01213320EA0000000771
B1141085552089N01213233EA0000000767
B1141135552095N01213173EA0000000769
B1141215552124N01213087EA0000000772
B1141315552128N01212966EA0000000770
B1141395552129N01212868EA0000000757
B1141495552133N01212736EA0000000754
B1142075552133N01212496EA0000000772
B1142125552130N01212435EA0000000786
B1142175552131N01212375EA0000000792
B1142235552136N01212297EA0000000800
B1142295552133N01212217EA0000000799
B1142345552086N01212172EA0000000803
B1142395552022N01212214EA0000000809
B1142465551958N01212371EA0000000814
B1142515551932N01212499EA0000000814
B1142565551936N01212631EA0000000815
B1143025551981N01212763EA0000000818
B1143085552046N01212834EA0000000828
B1143205552165N01212807EA0000000840
B1143265552209N01212746EA0000000842
B1143325552230N01212653EA0000000823
B1143375552245N01212555EA0000000814
B1143445552264N01212410EA0000000800
B1143535552293N01212240EA0000000792
B1144005552311N01212130EA0000000793
B1144065552288N01212055EA0000000803
B1144135552247N01211976EA0000000803
B1144205552208N01211899EA0000000809
B1144275552140N01211844EA0000000810
B1144325552079N01211841EA0000000814
B1144405551971N01211869EA0000000808
B1144475551880N01211912EA0000000802
B1144555551781N01211987EA0000000797
B1145035551729N01212166EA0000000795
B1145085551737N01212288EA0000000785
B1145185551825N01212474EA0000000763
B1145235551841N01212613EA0000000760
B1145325551835N01212863EA0000000770
B1145385551812N01213021EA0000000774
B1145525551773N01213377EA0000000770
B1146015551792N01213598EA0000000763
B1146095551824N01213789EA0000000755
B1146185551871N01214000EA0000000756
B1146235551910N01214100EA0000000763
B1146285551962N01214101EA0000000767
B1146335551972N01214034EA0000000766
B1146395551932N01213964EA0000000759
B1146455551864N01213974EA0000000756
B1146515551799N01214076EA0000000753
B1146565551762N01214198EA0000000750
B1147045551741N01214411EA0000000771
B1147095551753N01214534EA0000000782
B1147145551797N01214606EA0000000785
B1147225551859N01214556EA0000000791
B1147275551875N01214485EA0000000784
B1147345551823N01214415EA0000000788
B1147415551742N01214460EA0000000784
B1147465551689N01214557EA0000000785
B1147515551657N01214689EA0000000793
B1147565551668N01214818EA0000000804
B1148025551728N01214835EA0000000812
B1148085551700N01214771EA0000000823
B1148135551640N01214839EA0000000828
B1148185551626N01214978EA0000000839
B1148255551689N01215121EA0000000825
B1148305551761N01215148EA0000000824
B1148365551822N01215083EA0000000808
B1148425551825N01214956EA0000000792
B1148485551828N01214829EA0000000789
B1148545551827N01214723EA0000000787
B1149005551821N01214622EA0000000777
B1149085551808N01214487EA0000000764
B1149135551798N01214403EA0000000761
B1149215551794N01214277EA0000000757
B1149285551796N01214171EA0000000756
B1149335551795N01214093EA0000000757
B1149395551781N01214009EA0000000768
B1149445551745N01213945EA0000000772
B1149495551707N01213884EA0000000773
B1149555551662N01213809EA0000000770
B1150015551604N01213759EA0000000766
B1150075551529N01213773EA0000000756
B1150235551321N01213872EA0000000723
B1150325551201N01213912EA0000000704
B1150405551097N01213934EA0000000686
B1150505550968N01213954EA0000000662
B1150575550882N01213971EA0000000654
B1151065550781N01213965EA0000000650
B1151145550701N01213939EA0000000654
B1151215550639N01213886EA0000000670
B1151285550554N01213957EA0000000684
B1151345550567N01214108EA0000000702
B1151405550617N01214111EA0000000717
B1151455550611N01214044EA0000000734
B1151515550546N01214037EA0000000744
B1151565550505N01214156EA0000000747
B1152015550533N01214268EA0000000762
B1152065550575N01214271EA0000000783
B1152125550590N01214196EA0000000800
B1152175550571N01214135EA0000000801
B1152225550566N01214059EA0000000803
B1152305550583N01213951EA0000000804
B1152395550608N01213828EA0000000805
B1152455550622N01213754EA0000000811
B1152515550633N01213681EA0000000807
B1153025550655N01213534EA0000000818
B1153085550665N01213451EA0000000816
B1153155550672N01213353EA0000000810
B1153235550680N01213228EA0000000800
B1153345550670N01213053EA0000000784
B1153395550669N01212973EA0000000777
B1153445550668N01212892EA0000000765
B1153515550669N01212762EA0000000750
B1153575550672N01212656EA0000000745
B1154045550671N01212535EA0000000729
B1154115550666N01212416EA0000000732
B1154185550660N01212293EA0000000726
B1154255550655N01212179EA0000000725
B1154345550659N01212055EA0000000736
B1154425550659N01211948EA0000000742
B1154485550643N01211875EA0000000738
B1154595550566N01211777EA0000000742
B1155045550508N01211860EA0000000742
B1155095550487N01211986EA0000000747
B1155145550496N01212109EA0000000762
B1155205550546N01212179EA0000000766
B1155295550596N01212093EA0000000780
B1155395550520N01212071EA0000000779
B1155465550517N01212245EA0000000781
B1155545550591N01212324EA0000000795
B1155595550619N01212270EA0000000788
B1156085550548N01212230EA0000000785
B1156145550510N01212376EA0000000786
B1156195550524N01212507EA0000000790
B1156365550609N01212551EA0000000773
B1156415550551N01212567EA0000000772
B1156465550502N01212659EA0000000773
B1156545550483N01212854EA0000000789
B1157065550587N01213030EA0000000781
B1157125550648N01213062EA0000000774
B1157185550711N01213126EA0000000766
B1157455550992N01213367EA0000000715
B1157535551075N01213438EA0000000704
B1158115551264N01213579EA0000000692
B1158195551346N01213648EA0000000689
B1158245551399N01213704EA0000000694
B1158315551469N01213809EA0000000699
B1158365551516N01213904EA0000000704
B1158425551577N01213915EA0000000702
B1158475551587N01213846EA0000000694
B1158555551499N01213819EA0000000683
B1159015551443N01213942EA0000000684
B1159065551424N01214076EA0000000688
B1159125551424N01214242EA0000000698
B1159195551434N01214429EA0000000696
B1159275551454N01214630EA0000000675
B1159335551470N01214781EA0000000665
B1159435551498N01215032EA0000000645
B1159505551522N01215210EA0000000634
B1200005551567N01215461EA0000000641
B1200055551600N01215578EA0000000650
B1200105551657N01215627EA0000000653
B1200175551693N01215567EA0000000653
B1200225551651N01215536EA0000000666
B1200295551591N01215670EA0000000667
B1200345551610N01215802EA0000000683
B1200395551660N01215854EA0000000683
B1200455551702N01215816EA0000000680
B1200525551681N01215744EA0000000693
B1200575551631N01215747EA0000000699
B1201045551576N01215889EA0000000707
B1201095551583N01216025EA0000000709
B1201145551630N01216097EA0000000716
B1201255551690N01216039EA0000000711
B1201305551655N01215999EA0000000716
B1201355551600N01216024EA0000000723
B1201425551562N01216191EA0000000728
B1201485551600N01216330EA0000000731
B1202015551671N01216277EA0000000730
B1202075551611N01216268EA0000000735
B1202125551565N01216350EA0000000738
B1202185551523N01216498EA0000000748
B1202355551608N01216606EA0000000733
B1202405551567N01216569EA0000000743
B1202465551498N01216621EA0000000752
B1202525551444N01216733EA0000000755
B1202575551456N01216853EA0000000749
B1203035551516N01216887EA0000000745
B1203085551546N01216834EA0000000740
B1203135551527N01216769EA0000000737
B1203185551475N01216751EA0000000743
B1203255551415N01216882EA0000000748
B1203325551444N01217035EA0000000740
B1203375551494N01217093EA0000000735
B1203425551544N01217106EA0000000728
B1203475551577N01217061EA0000000725
B1203535551581N01216987EA0000000729
B1204025551567N01216877EA0000000728
B1204075551545N01216819EA0000000718
B1204155551452N01216821EA0000000706
B1204235551354N01216926EA0000000702
B1204315551343N01217135EA0000000703
B1204375551401N01217223EA0000000708
B1205075551525N01216929EA0000000685
B1205225551529N01216729EA0000000669
B1205295551531N01216629EA0000000671
B1205395551532N01216490EA0000000682
B1205465551530N01216392EA0000000673
B1205515551532N01216316EA0000000673
B1205565551535N01216238EA0000000679
B1206015551541N01216162EA0000000675
B1206085551547N01216061EA0000000680
B1206135551548N01215987EA0000000677
B1206195551552N01215899EA0000000677
B1206275551554N01215785EA0000000681
B1206355551555N01215678EA0000000685
B1206435551560N01215568EA0000000691
B1206505551570N01215467EA0000000696
B1206575551589N01215373EA0000000705
B1207055551611N01215279EA0000000697
B1207155551655N01215157EA0000000701
B1207215551677N01215087EA0000000711
B1207265551699N01215021EA0000000706
B1207315551709N01214943EA0000000722
B1207385551716N01214841EA0000000734
B1207445551729N01214754EA0000000745
B1207495551737N01214679EA0000000759
B1207555551742N01214596EA0000000770
B1208015551745N01214506EA0000000776
B1208075551747N01214417EA0000000793
B1208135551749N01214323EA0000000798
B1208185551753N01214247EA0000000804
B1208255551760N01214145EA0000000802
B1208325551771N01214043EA0000000810
B1208385551784N01213952EA0000000814
B1208465551795N01213824EA0000000837
B1208515551742N01213791EA0000000851
B1208565551671N01213852EA0000000846
B1209025551599N01214017EA0000000827
B1209085551571N01214248EA0000000819
B1209145551586N01214464EA0000000837
B1209195551625N01214611EA0000000834
B1209245551681N01214737EA0000000830
B1209315551789N01214836EA0000000823
B1209365551867N01214860EA0000000806
B1209435551950N01214769EA0000000789
B1209535551944N01214561EA0000000788
B1209585551901N01214505EA0000000781
B1210055551823N01214458EA0000000771
B1210105551763N01214447EA0000000769
B1210155551699N01214450EA0000000775
B1210205551634N01214465EA0000000779
B1210275551559N01214600EA0000000785
B1210335551582N01214754EA0000000782
B1210455551684N01214692EA0000000791
B1210525551670N01214582EA0000000802
B1210585551624N01214498EA0000000805
B1211035551553N01214530EA0000000805
B1211095551550N01214691EA0000000804
B1211145551604N01214748EA0000000826
B1211205551662N01214717EA0000000826
B1211275551663N01214603EA0000000842
B1211355551630N01214492EA0000000834
B1211405551611N01214402EA0000000820
B1211475551590N01214269EA0000000820
B1211525551577N01214166EA0000000808
B1212015551556N01213947EA0000000802
B1212095551529N01213767EA0000000796
B1212175551499N01213595EA0000000790
B1212265551474N01213413EA0000000801
B1212335551455N01213268EA0000000806
B1212385551445N01213169EA0000000823
B1212435551438N01213071EA0000000817
B1212495551447N01212943EA0000000805
B1212565551481N01212790EA0000000799
B1213025551514N01212669EA0000000809
B1213105551555N01212527EA0000000829
B1213175551589N01212409EA0000000838
B1213225551614N01212321EA0000000834
B1213275551641N01212221EA0000000821
B1213345551679N01212076EA0000000812
B1213425551731N01211901EA0000000787
B1213515551790N01211724EA0000000793
B1213565551821N01211652EA0000000802
B1214025551867N01211584EA0000000800
B1214085551914N01211508EA0000000809
B1214165551976N01211405EA0000000809
B1214255552041N01211261EA0000000823
B1214305552026N01211162EA0000000825
B1214355551968N01211084EA0000000821
B1214425551857N01211136EA0000000824
B1214475551811N01211268EA0000000817
B1215025551903N01211657EA0000000811
B1215075551972N01211732EA0000000821
B1215125552039N01211730EA0000000828
B1215175552074N01211647EA0000000826
B1215235552043N01211533EA0000000812
B1215325551899N01211601EA0000000821
B1215375551868N01211751EA0000000837
B1215425551886N01211906EA0000000843
B1215515552003N01212101EA0000000846
B1215585552103N01212196EA0000000849
B1216035552174N01212260EA0000000840
B1216135552326N01212371EA0000000820
B1216195552419N01212437EA0000000811
B1216285552558N01212550EA0000000798
B1216365552673N01212684EA0000000793
B1216455552788N01212851EA0000000784
B1216525552882N01212979EA0000000776
B1216595552971N01213109EA0000000768
B1217045553035N01213201EA0000000762
B1217095553098N01213288EA0000000756
B1217145553161N01213379EA0000000748
B1217205553234N01213478EA0000000742
B1217255553296N01213561EA0000000734
B1217315553367N01213657EA0000000723
B1217435553504N01213864EA0000000708
B1217495553573N01213964EA0000000698
B1217545553630N01214047EA0000000693
B1218015553710N01214136EA0000000682
B1218105553816N01214205EA0000000665
B1218165553884N01214247EA0000000663
B1218225553950N01214295EA0000000661
B1218275554005N01214337EA0000000666
B1218365554102N01214417EA0000000672
B1218415554158N01214419EA0000000675
B1218465554167N01214341EA0000000682
B1218515554110N01214333EA0000000699
B1218575554070N01214466EA0000000706
B1219025554083N01214591EA0000000712
B1219075554129N01214663EA0000000720
B1219135554180N01214643EA0000000729
B1219185554185N01214562EA0000000730
B1219255554116N01214516EA0000000739
B1219305554066N01214596EA0000000749
B1219355554054N01214725EA0000000751
B1219405554081N01214837EA0000000760
B1219475554150N01214878EA0000000768
B1219535554173N01214800EA0000000761
B1220015554098N01214741EA0000000770
B1220065554045N01214816EA0000000771
B1220125554016N01214965EA0000000777
B1220215554024N01215200EA0000000780
B1220265554064N01215300EA0000000785
B1220315554118N01215341EA0000000791
B1220385554161N01215270EA0000000800
B1220455554101N01215218EA0000000807
B1220505554043N01215295EA0000000823
B1220565554013N01215452EA0000000824
B1221015554026N01215593EA0000000822
B1221065554078N01215689EA0000000824
B1221125554158N01215725EA0000000828
B1221205554270N01215759EA0000000824
B1221295554398N01215795EA0000000807
B1221365554495N01215832EA0000000802
B1221475554634N01215894EA0000000787
B1221535554705N01215921EA0000000781
B1221585554765N01215937EA0000000772
B1222055554845N01215952EA0000000763
B1222105554900N01215957EA0000000765
B1222165554961N01215965EA0000000770
B1222215555012N01215973EA0000000769
B1222285555057N01215900EA0000000766
B1222385554951N01215838EA0000000754
B1222435554892N01215921EA0000000746
B1222485554857N01216049EA0000000740
B1222545554846N01216218EA0000000737
B1223025554870N01216414EA0000000735
B1223105554947N01216477EA0000000738
B1223155554965N01216418EA0000000736
B1223215554909N01216373EA0000000732
B1223275554842N01216471EA0000000730
B1223345554831N01216659EA0000000730
B1223395554837N01216781EA0000000725
B1223485554856N01217010EA0000000720
B1223565554887N01217190EA0000000711
B1224235555057N01217567EA0000000707
B1224355554993N01217448EA0000000709
B1224405554931N01217509EA0000000707
B1224465554887N01217648EA0000000689
B1224545554897N01217845EA0000000706
B1225105554882N01217748EA0000000715
B1225175554803N01217873EA0000000707
B1225275554808N01218098EA0000000710
B1225325554857N01218123EA0000000720
B1225455554834N01218004EA0000000744
B1226005554845N01218230EA0000000756
B1226065554880N01218174EA0000000761
B1226175554819N01218045EA0000000753
B1226275554681N01218112EA0000000722
B1226415554495N01218017EA0000000693
B1226525554359N01217910EA0000000682
B1226595554277N01217845EA0000000677
B1227095554158N01217777EA0000000653
B1227165554077N01217722EA0000000648
B1227255553984N01217642EA0000000634
B1227315553919N01217591EA0000000623
B1227375553851N01217549EA0000000618
B1227425553804N01217503EA0000000611
B1227485553754N01217430EA0000000605
B1228015553646N01217281EA0000000607
B1228085553585N01217210EA0000000613
B1228135553518N01217231EA0000000612
B1228205553479N01217406EA0000000615
B1228275553532N01217542EA0000000631
B1228325553586N01217562EA0000000632
B1228395553583N01217470EA0000000636
B1228445553523N01217488EA0000000640
B1228565553520N01217765EA0000000656
B1229015553572N01217794EA0000000656
B1229105553563N01217691EA0000000652
B1229155553501N01217708EA0000000660
B1229235553413N01217853EA0000000675
B1229305553400N01218040EA0000000676
B1229355553448N01218117EA0000000674
B1229405553486N01218092EA0000000675
B1229455553467N01218028EA0000000679
B1229505553408N01218049EA0000000684
B1230015553337N01218302EA0000000694
B1230065553364N01218414EA0000000692
B1230115553410N01218436EA0000000686
B1230165553426N01218373EA0000000678
B1230215553392N01218310EA0000000680
B1230265553336N01218302EA0000000685
B1230315553273N01218326EA0000000688
B1230365553209N01218393EA0000000689
B1230425553164N01218537EA0000000696
B1230485553181N01218681EA0000000702
B1230545553233N01218751EA0000000704
B1230595553275N01218746EA0000000698
B1231085553258N01218644EA0000000687
B1231135553201N01218623EA0000000697
B1231195553123N01218659EA0000000700
B1231255553073N01218803EA0000000701
B1231305553093N01218921EA0000000709
B1231355553138N01218953EA0000000714
B1231475553135N01218827EA0000000724
B1231525553078N01218811EA0000000732
B1231575553015N01218877EA0000000729
B1232035552997N01219029EA0000000735
B1232085553031N01219121EA0000000736
B1232135553074N01219156EA0000000741
B1232185553108N01219125EA0000000739
B1232235553100N01219055EA0000000744
B1232315553009N01219027EA0000000760
B1232365552954N01219110EA0000000757
B1232475552937N01219376EA0000000761
B1232535552983N01219466EA0000000773
B1232595553036N01219476EA0000000771
B1233045553057N01219423EA0000000768
B1233095553039N01219356EA0000000764
B1233145552986N01219325EA0000000772
B1233215552902N01219395EA0000000777
B1233295552854N01219583EA0000000775
B1233355552874N01219719EA0000000788
B1233405552921N01219774EA0000000790
B1233465552970N01219747EA0000000793
B1233515552974N01219678EA0000000788
B1233565552932N01219622EA0000000791
B1234015552868N01219639EA0000000796
B1234065552816N01219736EA0000000798
B1234125552808N01219886EA0000000808
B1234175552840N01219981EA0000000807
B1234235552900N01220017EA0000000811
B1234295552938N01219962EA0000000804
B1234345552923N01219891EA0000000799
B1234415552843N01219866EA0000000797
B1234465552787N01219949EA0000000802
B1234515552765N01220082EA0000000804
B1234585552795N01220242EA0000000814
B1235055552860N01220321EA0000000815
B1235105552905N01220307EA0000000803
B1235165552926N01220225EA0000000799
B1235325552886N01219994EA0000000776
B1235415552881N01219861EA0000000785
B1235465552833N01219813EA0000000785
B1235535552743N01219908EA0000000784
B1235585552731N01220035EA0000000792
B1236035552765N01220121EA0000000795
B1236105552823N01220113EA0000000803
B1236165552827N01220038EA0000000805
B1236215552776N01219999EA0000000809
B1236275552701N01220077EA0000000800
B1236325552698N01220202EA0000000803
B1236375552744N01220241EA0000000800
B1236445552799N01220189EA0000000792
B1236495552847N01220135EA0000000787
B1236555552905N01220075EA0000000795
B1237015552955N01220025EA0000000808
B1237075553001N01219987EA0000000809
B1237125553041N01219954EA0000000800
B1237185553088N01219910EA0000000800
B1237245553132N01219869EA0000000799
B1237305553180N01219825EA0000000796
B1237355553221N01219804EA0000000796
B1237415553276N01219830EA0000000806
B1237465553320N01219830EA0000000798
B1237525553337N01219762EA0000000790
B1238015553318N01219639EA0000000789
B1238065553327N01219579EA0000000786
B1238115553348N01219522EA0000000796
B1238165553366N01219469EA0000000802
B1238225553369N01219387EA0000000813
B1238285553356N01219313EA0000000812
B1239005553242N01218825EA0000000859
B1239075553230N01218695EA0000000846
B1239125553221N01218573EA0000000806
B1239175553208N01218435EA0000000823
B1239235553190N01218295EA0000000818
B1239285553176N01218179EA0000000808
B1239365553155N01218010EA0000000816
B1239415553143N01217915EA0000000815
B1239475553131N01217802EA0000000820
B1240085553076N01217460EA0000000842
B1240195553057N01217256EA0000000843
B1240295553055N01217009EA0000000854
B1240355553065N01216861EA0000000837
B1240425553085N01216665EA0000000838
B1240485553103N01216523EA0000000848
B1240535553122N01216408EA0000000844
B1240595553155N01216266EA0000000816
B1241045553192N01216133EA0000000801
B1241115553246N01215961EA0000000796
B1241165553282N01215850EA0000000802
B1241245553337N01215672EA0000000791
B1241355553415N01215434EA0000000804
B1241415553460N01215315EA0000000807
B1241495553531N01215157EA0000000811
B1241555553597N01215038EA0000000813
B1242015553658N01214921EA0000000813
B1242085553727N01214798EA0000000814
B1242135553780N01214717EA0000000812
B1242195553842N01214624EA0000000802
B1242255553903N01214523EA0000000786
B1242315553963N01214412EA0000000781
B1242405554043N01214243EA0000000775
B1242485554100N01214106EA0000000798
B1242535554128N01214031EA0000000794
B1243015554167N01213903EA0000000782
B1243065554192N01213812EA0000000780
B1243145554216N01213631EA0000000776
B1243315554222N01213250EA0000000786
B1243375554235N01213124EA0000000791
B1243425554250N01213034EA0000000783
B1243485554274N01212911EA0000000775
B1243575554308N01212734EA0000000778
B1244065554346N01212567EA0000000781
B1244125554365N01212454EA0000000792
B1244185554381N01212350EA0000000799
B1244235554394N01212258EA0000000798
B1244285554406N01212170EA0000000794
B1244355554438N01212047EA0000000784
B1244415554472N01211937EA0000000792
B1244465554502N01211859EA0000000804
B1244535554532N01211761EA0000000787
B1244585554561N01211670EA0000000773
B1245075554618N01211520EA0000000767
B1245135554653N01211423EA0000000759
B1245255554693N01211193EA0000000756
B1245305554706N01211096EA0000000747
B1245385554714N01210938EA0000000739
B1245435554712N01210849EA0000000734
B1245595554706N01210562EA0000000746
B1246085554706N01210400EA0000000726
B1246225554720N01210146EA0000000712
B1246305554739N01210006EA0000000698
B1246405554761N01209829EA0000000695
B1247145554699N01209299EA0000000723
B1247245554600N01209489EA0000000732
B1247295554614N01209619EA0000000740
B1247345554651N01209706EA0000000746
B1247415554718N01209737EA0000000749
B1247465554769N01209721EA0000000755
B1247535554765N01209628EA0000000762
B1247595554696N01209608EA0000000765
B1248135554584N01209865EA0000000785
B1248195554619N01209976EA0000000788
B1248245554668N01210001EA0000000786
B1248405554713N01209814EA0000000789
B1248465554643N01209783EA0000000788
B1248535554555N01209866EA0000000790
B1249075554487N01210222EA0000000802
B1249155554557N01210364EA0000000794
B1249215554628N01210396EA0000000805
B1249275554691N01210380EA0000000798
B1249325554747N01210390EA0000000791
B1249395554813N01210515EA0000000778
B1249445554851N01210630EA0000000776
B1249535554925N01210824EA0000000772
B1250085555037N01211154EA0000000761
B1250185555108N01211373EA0000000755
B1250235555143N01211481EA0000000758
B1250305555198N01211620EA0000000759
B1250355555239N01211715EA0000000751
B1250405555277N01211813EA0000000750
B1250525555322N01212115EA0000000728
B1251005555305N01212339EA0000000718
B1251065555280N01212506EA0000000716
B1251115555261N01212640EA0000000710
B1251175555237N01212813EA0000000709
B1251235555216N01212990EA0000000725
B1251285555225N01213123EA0000000737
B1251375555308N01213141EA0000000738
B1251435555274N01213065EA0000000739
B1251515555175N01213154EA0000000757
B1251565555127N01213257EA0000000766
B1252025555132N01213412EA0000000770
B1252085555189N01213466EA0000000762
B1252145555221N01213404EA0000000765
B1252195555201N01213341EA0000000768
B1252265555123N01213311EA0000000784
B1252355555008N01213399EA0000000785
B1252405554990N01213541EA0000000784
B1252465555036N01213643EA0000000794
B1252535555082N01213595EA0000000800
B1252585555061N01213524EA0000000812
B1253115554899N01213577EA0000000816
B1253185554825N01213722EA0000000806
B1253255554807N01213910EA0000000802
B1253335554867N01214054EA0000000792
B1253425554944N01214054EA0000000779
B1253495554970N01213975EA0000000782
B1253565554987N01213892EA0000000793
B1254015554985N01213823EA0000000792
B1254065554943N01213766EA0000000798
B1254185554799N01213901EA0000000790
B1254235554786N01214036EA0000000792
B1254385554907N01214205EA0000000792
B1254435554941N01214162EA0000000796
B1254535554937N01214023EA0000000813
B1254595554890N01213953EA0000000810
B1255075554797N01213932EA0000000815
B1255145554705N01214016EA0000000818
B1255205554642N01214141EA0000000811
B1255265554627N01214307EA0000000804
B1255325554661N01214444EA0000000797
B1255405554741N01214488EA0000000795
B1255475554792N01214423EA0000000801
B1255525554800N01214348EA0000000810
B1255585554796N01214246EA0000000799
B1256045554789N01214152EA0000000795
B1256115554778N01214043EA0000000780
B1256205554760N01213911EA0000000766
B1256325554720N01213730EA0000000775
B1256375554705N01213662EA0000000784
B1256455554687N01213550EA0000000789
B1256555554691N01213405EA0000000789
B1257015554698N01213318EA0000000799
B1257105554701N01213206EA0000000802
B1257165554702N01213126EA0000000804
B1257225554703N01213049EA0000000795
B1257285554702N01212969EA0000000791
B1257395554703N01212822EA0000000797
B1257455554702N01212744EA0000000815
B1257505554678N01212672EA0000000819
B1257565554596N01212664EA0000000825
B1258015554532N01212761EA0000000823
B1258065554511N01212912EA0000000824
B1258145554583N01213046EA0000000837
B1258195554628N01212994EA0000000826
B1258245554648N01212867EA0000000825
B1258315554637N01212686EA0000000839
B1258365554635N01212555EA0000000816
B1258415554649N01212411EA0000000810
B1258475554661N01212248EA0000000813
B1258545554673N01212070EA0000000816
B1259095554761N01211753EA0000000787
B1259155554780N01211623EA0000000795
B1259215554789N01211500EA0000000791
B1259275554799N01211376EA0000000783
B1259395554815N01211156EA0000000774
B1259445554820N01211075EA0000000771
B1259555554828N01210910EA0000000772
B1300045554820N01210772EA0000000764
B1300135554795N01210625EA0000000759
B1300235554773N01210445EA0000000763
B1300315554779N01210312EA0000000771
B1300425554804N01210141EA0000000804
B1300475554756N01210097EA0000000806
B1300525554688N01210122EA0000000807
B1301025554628N01210359EA0000000800
B1301095554678N01210495EA0000000810
B1301155554736N01210537EA0000000819
B1301215554795N01210529EA0000000822
B1301265554840N01210495EA0000000834
B1301325554875N01210426EA0000000824
B1301375554851N01210338EA0000000809
B1301435554765N01210275EA0000000792
B1301485554679N01210262EA0000000783
B1301535554594N01210267EA0000000782
B1302075554390N01210264EA0000000785
B1302185554232N01210235EA0000000784
B1302275554118N01210257EA0000000785
B1302345554029N01210297EA0000000784
B1302415553930N01210328EA0000000781
B1302465553863N01210368EA0000000783
B1303015553866N01210686EA0000000768
B1303075553925N01210739EA0000000760
B1303135553983N01210808EA0000000745
B1303185554030N01210887EA0000000746
B1303255554091N01210997EA0000000749
B1303365554178N01211174EA0000000752
B1303425554225N01211262EA0000000742
B1303495554285N01211359EA0000000743
B1303545554329N01211411EA0000000747
B1303595554361N01211370EA0000000752
B1304045554335N01211301EA0000000766
B1304095554270N01211310EA0000000758
B1304175554259N01211496EA0000000765
B1304235554309N01211530EA0000000775
B1304345554393N01211510EA0000000787
B1304395554371N01211440EA0000000801
B1304445554308N01211429EA0000000798
B1304505554243N01211545EA0000000801
B1304555554249N01211682EA0000000804
B1305005554287N01211767EA0000000823
B1305055554332N01211815EA0000000830
B1305115554383N01211783EA0000000838
B1305175554402N01211680EA0000000814
B1305255554456N01211505EA0000000795
B1305445554602N01211183EA0000000770
B1305535554670N01211024EA0000000746
B1306025554742N01210859EA0000000743
B1306255554927N01210489EA0000000735
B1306495555084N01210191EA0000000756
B1306565555121N01210105EA0000000771
B1307175555280N01209910EA0000000786
B1307355555466N01209848EA0000000786
B1307425555542N01209833EA0000000786
B1307495555618N01209813EA0000000784
B1307545555669N01209796EA0000000782
B1307595555719N01209779EA0000000779
B1308075555797N01209758EA0000000774
B1309065556333N01209510EA0000000745
B1309185556431N01209429EA0000000732
B1309255556504N01209475EA0000000725
B1309325556547N01209636EA0000000722
B1309395556506N01209825EA0000000724
B1309455556429N01209917EA0000000726
B1309515556346N01209965EA0000000725
B1309575556260N01209999EA0000000728
B1310105556074N01210069EA0000000722
B1310195555950N01210113EA0000000717
B1310245555881N01210144EA0000000716
B1310315555785N01210179EA0000000709
B1310395555667N01210235EA0000000705
B1310455555594N01210315EA0000000703
B1310525555513N01210430EA0000000684
B1310575555455N01210519EA0000000677
B1311025555400N01210607EA0000000675
B1311075555350N01210694EA0000000669
B1311355555064N01211228EA0000000640
B1311405555005N01211307EA0000000636
B1311495554883N01211355EA0000000629
B1311565554791N01211376EA0000000632
B1312045554697N01211467EA0000000648
B1312095554700N01211586EA0000000649
B1312155554754N01211625EA0000000650
B1312225554760N01211548EA0000000665
B1312315554684N01211492EA0000000683
B1312455554547N01211589EA0000000702
B1312505554548N01211706EA0000000710
B1312555554582N01211770EA0000000711
B1313015554628N01211756EA0000000711
B1313065554633N01211687EA0000000716
B1313125554587N01211634EA0000000729
B1313185554517N01211654EA0000000742
B1313235554457N01211730EA0000000747
B1313295554417N01211865EA0000000758
B1313355554424N01212009EA0000000758
B1313415554467N01212096EA0000000768
B1313495554533N01212080EA0000000761
B1313545554549N01212015EA0000000761
B1314025554501N01211923EA0000000779
B1314095554420N01211917EA0000000786
B1314145554355N01211958EA0000000797
B1314245554262N01212136EA0000000816
B1314295554239N01212250EA0000000817
B1314365554271N01212404EA0000000816
B1314415554324N01212446EA0000000821
B1314465554369N01212414EA0000000825
B1314535554391N01212298EA0000000826
B1315005554401N01212178EA0000000835
B1315075554458N01212120EA0000000835
B1315195554558N01212055EA0000000826
B1315335554664N01211960EA0000000825
B1315405554711N01211903EA0000000810
B1315545554795N01211744EA0000000795
B1316025554813N01211612EA0000000805
B1316145554820N01211412EA0000000808
B1316225554817N01211276EA0000000824
B1316275554814N01211196EA0000000829
B1316325554813N01211115EA0000000830
B1316415554809N01210978EA0000000819
B1316525554798N01210810EA0000000813
B1316575554785N01210738EA0000000810
B1317035554772N01210655EA0000000801
B1317095554764N01210563EA0000000797
B1317195554756N01210404EA0000000789
B1317265554761N01210288EA0000000785
B1317315554779N01210211EA0000000788
B1317405554814N01210083EA0000000794
B1317485554847N01209958EA0000000789
B1318035554898N01209760EA0000000793
B1318085554856N01209696EA0000000786
B1318215554702N01209843EA0000000800
B1318315554688N01210128EA0000000819
B1318365554727N01210224EA0000000817
B1318445554815N01210278EA0000000810
B1318515554888N01210384EA0000000800
B1318575554942N01210497EA0000000795
B1319035554985N01210615EA0000000794
B1319095555029N01210725EA0000000785
B1319185555103N01210889EA0000000776
B1319295555186N01211101EA0000000774
B1319355555227N01211215EA0000000767
B1319435555291N01211365EA0000000762
B1319495555346N01211459EA0000000768
B1319595555434N01211596EA0000000786
B1320065555499N01211698EA0000000787
B1320125555552N01211780EA0000000791
B1320185555606N01211869EA0000000789
B1320235555652N01211939EA0000000787
B1320295555699N01212038EA0000000794
B1320365555726N01212201EA0000000799
B1320415555742N01212321EA0000000802
B1320465555755N01212445EA0000000809
B1321065555708N01212911EA0000000827
B1321115555638N01212917EA0000000833
B1321195555600N01212771EA0000000835
B1321255555650N01212651EA0000000841
B1321405555857N01212614EA0000000847
B1321495555857N01212474EA0000000835
B1322005555706N01212623EA0000000823
B1322065555665N01212802EA0000000820
B1322145555628N01213044EA0000000823
B1322205555601N01213225EA0000000829
B1322335555506N01213607EA0000000830
B1322395555573N01213733EA0000000814
B1322485555673N01213619EA0000000793
B1322535555645N01213491EA0000000796
B1322585555573N01213422EA0000000798
B1323125555305N01213524EA0000000799
B1323255555105N01213743EA0000000798
B1323315555018N01213854EA0000000791
B1323365554948N01213956EA0000000784
B1323415554884N01214062EA0000000784
B1323485554802N01214200EA0000000776
B1323535554745N01214295EA0000000768
B1324025554622N01214444EA0000000760
B1324105554504N01214534EA0000000752
B1324165554423N01214597EA0000000746
B1324255554310N01214699EA0000000736
B1324315554235N01214761EA0000000726
B1324375554174N01214734EA0000000727
B1324435554135N01214663EA0000000722
B1324485554106N01214594EA0000000720
B1324535554082N01214523EA0000000723
B1324595554055N01214435EA0000000731
B1325045553996N01214410EA0000000742
B1325095553941N01214497EA0000000749
B1325145553941N01214638EA0000000758
B1325215554003N01214667EA0000000768
B1325265553989N01214604EA0000000775
B1325315553935N01214599EA0000000785
B1325385553861N01214729EA0000000789
B1325435553830N01214847EA0000000795
B1325485553825N01214984EA0000000786
B1325555553887N01215085EA0000000791
B1326015553935N01215048EA0000000785
B1326065553949N01214983EA0000000784
B1326125553930N01214904EA0000000804
B1326205553861N01214859EA0000000804
B1326255553804N01214939EA0000000806
B1326315553813N01215092EA0000000811
B1326365553854N01215081EA0000000815
B1326415553839N01215010EA0000000819
B1326475553780N01214973EA0000000825
B1326525553712N01215026EA0000000820
B1326575553695N01215167EA0000000830
B1327025553739N01215226EA0000000826
B1327075553774N01215171EA0000000817
B1327125553777N01215077EA0000000821
B1327195553765N01214938EA0000000836
B1327245553752N01214851EA0000000828
B1327295553736N01214738EA0000000810
B1327365553724N01214553EA0000000799
B1327445553718N01214378EA0000000836
B1327495553709N01214290EA0000000820
B1328015553689N01214035EA0000000788
B1328125553688N01213807EA0000000779
B1328215553692N01213649EA0000000783
B1328275553726N01213573EA0000000779
B1328325553785N01213589EA0000000780
B1328375553845N01213648EA0000000772
B1328445553928N01213732EA0000000769
B1328535554024N01213891EA0000000755
B1329015554106N01214032EA0000000747
B1329075554164N01214122EA0000000735
B1329185554271N01214280EA0000000734
B1329265554342N01214393EA0000000727
B1329315554383N01214466EA0000000737
B1329385554436N01214561EA0000000744
B1329435554477N01214582EA0000000743
B1329485554474N01214514EA0000000748
B1329565554378N01214503EA0000000737
B1330015554319N01214608EA0000000739
B1330065554292N01214737EA0000000740
B1330125554323N01214857EA0000000742
B1330175554361N01214842EA0000000747
B1330235554339N01214761EA0000000749
B1330335554226N01214723EA0000000743
B1330405554133N01214784EA0000000745
B1330455554066N01214833EA0000000739
B1330505554011N01214931EA0000000732
B1330555553999N01215071EA0000000728
B1331005554024N01215179EA0000000727
B1331055554064N01215186EA0000000718
B1331125554074N01215085EA0000000720
B1331175554057N01215014EA0000000718
B1331225554039N01214939EA0000000706
B1331295554001N01214829EA0000000694
B1331345553973N01214749EA0000000684
B1331515553877N01214480EA0000000650
B1331585553845N01214368EA0000000641
B1332035553825N01214288EA0000000634
B1332085553814N01214202EA0000000627
B1332145553801N01214099EA0000000622
B1332255553810N01213920EA0000000612
B1332315553824N01213830EA0000000612
B1332375553845N01213728EA0000000619
B1332425553862N01213653EA0000000633
B1332475553874N01213588EA0000000641
B1332535553885N01213508EA0000000645
B1332595553862N01213416EA0000000648
B1333055553782N01213416EA0000000659
B1333105553738N01213533EA0000000672
B1333175553787N01213654EA0000000683
B1333225553819N01213609EA0000000698
B1333285553789N01213532EA0000000710
B1333345553712N01213539EA0000000720
B1333395553674N01213655EA0000000737
B1333445553704N01213756EA0000000748
B1333495553749N01213747EA0000000756
B1333545553751N01213681EA0000000769
B1333595553711N01213633EA0000000772
B1334065553617N01213658EA0000000790
B1334115553572N01213767EA0000000796
B1334185553592N01213948EA0000000808
B1334235553644N01213994EA0000000816
B1334285553685N01213953EA0000000820
B1334345553686N01213851EA0000000826
B1334405553662N01213746EA0000000830
B1334455553639N01213644EA0000000826
B1334575553635N01213385EA0000000836
B1335055553643N01213232EA0000000836
B1335145553656N01213080EA0000000827
B1335215553658N01212964EA0000000821
B1335315553658N01212807EA0000000812
B1335375553648N01212721EA0000000809
B1335425553637N01212652EA0000000803
B1335495553626N01212550EA0000000788
B1335565553625N01212447EA0000000784
B1336055553641N01212315EA0000000778
B1336115553651N01212226EA0000000770
B1336185553676N01212114EA0000000768
B1336285553720N01211987EA0000000788
B1336355553750N01211892EA0000000788
B1336425553723N01211778EA0000000783
B1336485553658N01211716EA0000000800
B1336575553544N01211745EA0000000815
B1337045553494N01211927EA0000000820
B1337095553506N01212072EA0000000826
B1337145553559N01212165EA0000000809
B1337195553628N01212181EA0000000807
B1337245553693N01212215EA0000000806
B1337305553754N01212346EA0000000803
B1337405553852N01212562EA0000000802
B1337475553910N01212712EA0000000798
B1337545553965N01212856EA0000000778
B1337595554002N01212967EA0000000771
B1338045554038N01213070EA0000000769
B1338095554078N01213161EA0000000765
B1338165554140N01213272EA0000000754
B1338215554184N01213365EA0000000747
B1338265554223N01213471EA0000000747
B1338345554284N01213640EA0000000751
B1338405554332N01213767EA0000000751
B1338495554404N01213936EA0000000745
B1338555554465N01213957EA0000000738
B1339005554474N01213891EA0000000730
B1339065554416N01213832EA0000000718
B1339125554337N01213810EA0000000708
B1339205554227N01213780EA0000000701
B1339295554108N01213722EA0000000711
B1339355554039N01213672EA0000000717
B1339415553971N01213628EA0000000720
B1339465553910N01213600EA0000000715
B1339515553847N01213585EA0000000713
B1340005553733N01213582EA0000000706
B1340115553606N01213578EA0000000690
B1340195553511N01213569EA0000000677
B1340265553427N01213549EA0000000679
B1340325553356N01213525EA0000000667
B1340375553302N01213489EA0000000662
B1340425553253N01213447EA0000000655
B1340505553176N01213377EA0000000637
B1340565553127N01213305EA0000000631
B1341015553105N01213233EA0000000629
B1341065553092N01213167EA0000000628
B1341115553026N01213161EA0000000636
B1341165552968N01213239EA0000000641
B1341215552930N01213372EA0000000644
B1341275552947N01213535EA0000000643
B1341325552999N01213563EA0000000639
B1341375552998N01213498EA0000000634
B1341445552909N01213529EA0000000631
B1341505552854N01213665EA0000000641
B1341585552783N01213838EA0000000652
B1342055552713N01213979EA0000000660
B1342105552695N01214110EA0000000677
B1342155552734N01214194EA0000000684
B1342205552776N01214171EA0000000687
B1342255552752N01214109EA0000000694
B1342305552688N01214126EA0000000697
B1342365552619N01214201EA0000000715
B1342415552576N01214307EA0000000718
B1342465552591N01214440EA0000000726
B1342525552652N01214465EA0000000740
B1342575552657N01214392EA0000000745
B1343025552604N01214350EA0000000749
B1343095552518N01214418EA0000000769
B1343145552481N01214537EA0000000773
B1343195552501N01214667EA0000000779
B1343275552576N01214647EA0000000786
B1343325552540N01214576EA0000000796
B1343395552456N01214636EA0000000813
B1343445552407N01214738EA0000000817
B1343495552406N01214871EA0000000815
B1343545552455N01214970EA0000000822
B1344005552521N01214983EA0000000826
B1344055552548N01214914EA0000000826
B1344115552549N01214802EA0000000818
B1344185552567N01214648EA0000000822
B1344245552591N01214531EA0000000819
B1344315552620N01214400EA0000000817
B1344395552659N01214258EA0000000806
B1344485552703N01214089EA0000000798
B1344535552723N01214001EA0000000796
B1344585552739N01213911EA0000000795
B1345055552765N01213787EA0000000783
B1345125552786N01213656EA0000000794
B1345175552754N01213571EA0000000801
B1345255552645N01213522EA0000000800
B1345305552566N01213537EA0000000797
B1345355552488N01213589EA0000000793
B1345425552425N01213767EA0000000789
B1345475552445N01213896EA0000000788
B1345525552500N01213939EA0000000785
B1346005552564N01213858EA0000000791
B1346085552587N01213744EA0000000791
B1346165552609N01213631EA0000000788
B1346235552625N01213526EA0000000782
B1346285552641N01213453EA0000000780
B1346335552656N01213377EA0000000775
B1346405552675N01213278EA0000000778
B1346465552691N01213191EA0000000779
B1346555552714N01213068EA0000000780
B1347025552735N01212980EA0000000772
B1347095552756N01212893EA0000000760
B1347185552784N01212778EA0000000752
B1347245552808N01212698EA0000000741
B1347295552830N01212624EA0000000743
B1347375552859N01212502EA0000000747
B1347445552881N01212396EA0000000754
B1347505552899N01212305EA0000000751
B1347575552918N01212205EA0000000748
B1348025552931N01212136EA0000000742
B1348145552960N01211962EA0000000743
B1348205552973N01211885EA0000000749
B1348265552994N01211808EA0000000747
B1348315553014N01211746EA0000000754
B1348365553030N01211684EA0000000753
B1348435553056N01211599EA0000000755
B1348485553076N01211542EA0000000751
B1348565553108N01211445EA0000000745
B1349025553132N01211364EA0000000740
B1349095553159N01211264EA0000000738
B1349175553185N01211150EA0000000755
B1349225553203N01211081EA0000000757
B1349295553234N01210990EA0000000758
B1349365553252N01210903EA0000000749
B1349425553263N01210828EA0000000748
B1349485553271N01210752EA0000000741
B1350065553293N01210509EA0000000713
B1350145553322N01210413EA0000000699
B1350195553356N01210372EA0000000695
B1350255553408N01210351EA0000000694
B1350315553468N01210373EA0000000692
B1350385553495N01210289EA0000000702
B1350445553464N01210200EA0000000706
B1350495553403N01210191EA0000000701
B1350555553340N01210305EA0000000696
B1351045553299N01210537EA0000000696
B1351215553220N01211001EA0000000677
B1351295553155N01211196EA0000000672
B1351345553117N01211321EA0000000666
B1351395553090N01211453EA0000000661
B1351465553060N01211643EA0000000654
B1351515553037N01211779EA0000000648
B1351575553008N01211940EA0000000639
B1352055552970N01212149EA0000000629
B1352125552949N01212336EA0000000621
B1352175552945N01212471EA0000000614
B1352245552944N01212673EA0000000619
B1352295552935N01212813EA0000000629
B1352345552970N01212917EA0000000638
B1352405553033N01212913EA0000000655
B1352465553046N01212831EA0000000668
B1352525552991N01212759EA0000000690
B1352575552927N01212771EA0000000690
B1353025552876N01212879EA0000000700
B1353075552880N01213010EA0000000709
B1353125552927N01213074EA0000000726
B1353205552978N01213020EA0000000751
B1353265552976N01212935EA0000000768
B1353315552968N01212859EA0000000778
B1353365552959N01212792EA0000000786
B1353435552949N01212688EA0000000798
B1353485552941N01212617EA0000000794
B1353535552884N01212568EA0000000786
B1353585552819N01212633EA0000000793
B1354045552794N01212782EA0000000783
B1354105552797N01212935EA0000000777
B1354155552808N01213062EA0000000779
B1354225552819N01213229EA0000000790
B1354285552817N01213383EA0000000803
B1354335552798N01213520EA0000000815
B1354385552782N01213652EA0000000832
B1354445552754N01213813EA0000000834
B1354505552702N01213986EA0000000830
B1354555552646N01214132EA0000000833
B1355015552584N01214308EA0000000832
B1355065552543N01214456EA0000000851
B1355115552520N01214624EA0000000821
B1355185552503N01214896EA0000000843
B1355235552493N01215073EA0000000854
B1355285552468N01215262EA0000000838
B1355355552400N01215523EA0000000848
B1355425552329N01215732EA0000000852
B1355475552277N01215872EA0000000843
B1355565552195N01216187EA0000000810
B1356015552158N01216376EA0000000799
B1356095552110N01216657EA0000000796
B1356145552100N01216832EA0000000786
B1356195552139N01216980EA0000000776
B1356275552250N01217055EA0000000765
B1356325552296N01216993EA0000000756
B1356385552316N01216864EA0000000737
B1356465552329N01216679EA0000000720
B1356515552333N01216568EA0000000716
B1356575552336N01216452EA0000000714
B1357055552341N01216293EA0000000705
B1357175552346N01216049EA0000000700
B1357235552355N01215920EA0000000706
B1357305552365N01215782EA0000000712
B1357415552379N01215587EA0000000704
B1357485552380N01215470EA0000000696
B1357565552387N01215321EA0000000682
B1358015552386N01215228EA0000000676
B1358085552369N01215101EA0000000672
B1358135552327N01215028EA0000000671
B1358185552252N01215015EA0000000672
B1358255552146N01215072EA0000000687
B1358305552075N01215140EA0000000688
B1358355552014N01215245EA0000000690
B1358425551989N01215445EA0000000685
B1358475552031N01215535EA0000000682
B1358545552077N01215488EA0000000680
B1358595552061N01215420EA0000000688
B1359045552012N01215381EA0000000687
B1359095551941N01215401EA0000000682
B1359175551829N01215511EA0000000687
B1359225551794N01215648EA0000000680
B1359285551807N01215815EA0000000676
B1359335551847N01215902EA0000000668
B1359405551918N01215931EA0000000657
B1359495551987N01215865EA0000000652
B1359555552030N01215803EA0000000666
B1400035552086N01215713EA0000000670
B1400125552127N01215582EA0000000674
B1400175552078N01215524EA0000000674
B1400235552003N01215614EA0000000682
B1400285552003N01215746EA0000000690
B1400335552049N01215805EA0000000694
B1400425552101N01215733EA0000000695
B1400475552072N01215655EA0000000692
B1400525552003N01215661EA0000000698
B1400585551959N01215807EA0000000712
B1401035551983N01215913EA0000000717
B1401095552035N01215941EA0000000722
B1401185552073N01215837EA0000000721
B1401235552047N01215761EA0000000714
B1401285551976N01215768EA0000000718
B1401345551939N01215908EA0000000732
B1401395551970N01216002EA0000000734
B1401445552015N01216017EA0000000733
B1401545552068N01215914EA0000000748
B1402125552127N01215692EA0000000741
B1402225552143N01215566EA0000000774
B1402275552150N01215510EA0000000776
B1402355552175N01215415EA0000000776
B1402405552186N01215349EA0000000767
B1402455552191N01215274EA0000000764
B1402515552171N01215179EA0000000768
B1402565552151N01215107EA0000000768
B1403015552129N01215028EA0000000769
B1403075552101N01214931EA0000000769
B1403195552052N01214735EA0000000773
B1403265552034N01214626EA0000000772
B1403325552020N01214535EA0000000770
B1403385552001N01214444EA0000000763
B1403435551982N01214369EA0000000756
B1403495551958N01214276EA0000000750
B1403545551937N01214201EA0000000749
B1404005551910N01214112EA0000000741
B1404065551889N01214020EA0000000737
B1404185551874N01213837EA0000000729
B1404275551854N01213687EA0000000723
B1404325551840N01213602EA0000000736
B1404385551829N01213520EA0000000745
B1404445551826N01213434EA0000000733
B1404555551830N01213290EA0000000730
B1405095551832N01213093EA0000000721
B1405145551835N01213020EA0000000721
B1405245551852N01212881EA0000000717
B1405295551861N01212809EA0000000706
B1405365551869N01212702EA0000000702
B1405465551858N01212538EA0000000716
B1405525551793N01212492EA0000000718
B1405575551738N01212587EA0000000722
B1406025551750N01212713EA0000000725
B1406085551804N01212766EA0000000734
B1406135551844N01212731EA0000000743
B1406195551827N01212639EA0000000750
B1406255551745N01212659EA0000000749
B1406315551721N01212814EA0000000752
B1406395551790N01212917EA0000000782
B1406455551821N01212855EA0000000792
B1406535551728N01212845EA0000000790
B1406585551690N01212971EA0000000791
B1407035551714N01213086EA0000000802
B1407105551785N01213082EA0000000814
B1407155551788N01213004EA0000000825
B1407205551753N01212925EA0000000826
B1407275551690N01212811EA0000000828
B1407325551646N01212730EA0000000826
B1407395551586N01212612EA0000000814
B1407445551546N01212529EA0000000809
B1407505551499N01212428EA0000000801
B1407575551450N01212312EA0000000789
B1408075551377N01212155EA0000000771
B1408135551327N01212068EA0000000757
B1408185551285N01211985EA0000000749
B1408235551245N01211904EA0000000747
B1408385551131N01211662EA0000000723
B1408435551091N01211589EA0000000726
B1408525551024N01211455EA0000000717
B1408595550982N01211339EA0000000726
B1409095550918N01211169EA0000000761
B1409185550811N01211106EA0000000768
B1409235550756N01211215EA0000000768
B1409355550829N01211378EA0000000778
B1409435550853N01211279EA0000000802
B1409505550824N01211166EA0000000790
B1409575550823N01211037EA0000000797
B1410065550827N01210889EA0000000811
B1410115550825N01210805EA0000000819
B1410195550818N01210671EA0000000834
B1410245550811N01210583EA0000000845
B1410305550803N01210473EA0000000843
B1410405550786N01210292EA0000000836
B1410475550770N01210149EA0000000835
B1410535550749N01210020EA0000000843
B1410585550729N01209921EA0000000838
B1411045550717N01209774EA0000000830
B1411115550724N01209612EA0000000850
B1411165550746N01209519EA0000000858
B1411255550799N01209351EA0000000862
B1411385550902N01209058EA0000000818
B1411435550945N01208956EA0000000812
B1411495551003N01208838EA0000000799
B1412015551135N01208596EA0000000808
B1412105551251N01208463EA0000000816
B1412185551370N01208439EA0000000809
B1412235551442N01208468EA0000000803
B1412325551562N01208566EA0000000792
B1412375551629N01208571EA0000000781
B1412425551681N01208515EA0000000773
B1412515551735N01208356EA0000000759
B1412595551768N01208207EA0000000752
B1413075551796N01208060EA0000000755
B1413185551818N01207878EA0000000752
B1413285551833N01207729EA0000000742
B1413355551849N01207616EA0000000738
B1413415551863N01207515EA0000000747
B1413465551870N01207444EA0000000757
B1413535551875N01207345EA0000000752
B1413595551886N01207265EA0000000744
B1414055551911N01207183EA0000000746
B1414105551935N01207113EA0000000745
B1414155551958N01207043EA0000000746
B1414215551979N01206966EA0000000742
B1414315552016N01206839EA0000000729
B1414395552045N01206730EA0000000728
B1414445552066N01206658EA0000000736
B1414545552115N01206513EA0000000735
B1415015552136N01206393EA0000000748
B1415065552146N01206314EA0000000756
B1415175552106N01206140EA0000000760
B1415225552035N01206143EA0000000761
B1415355552011N01206416EA0000000764
B1415405552067N01206424EA0000000757
B1415515552076N01206266EA0000000764
B1415565552035N01206202EA0000000759
B1416025551972N01206150EA0000000750
B1416105551863N01206211EA0000000740
B1416165551813N01206351EA0000000743
B1416255551837N01206560EA0000000738
B1416335551913N01206628EA0000000735
B1416385551952N01206588EA0000000740
B1416435551965N01206521EA0000000744
B1416485551972N01206451EA0000000735
B1416565551940N01206324EA0000000724
B1417015551873N01206314EA0000000717
B1417065551812N01206398EA0000000708
B1417465551892N01207363EA0000000712
B1417515551938N01207419EA0000000712
B1417585551960N01207337EA0000000709
B1418055551881N01207354EA0000000707
B1418175551893N01207612EA0000000719
B1418235551949N01207638EA0000000708
B1418465551819N01207518EA0000000663
B1419005551803N01207877EA0000000669
B1419055551855N01207940EA0000000663
B1419195551805N01207861EA0000000642
B1419295551757N01208107EA0000000641
B1419365551774N01208288EA0000000631
B1420025551909N01208992EA0000000571
B1420535552215N01210324EA0000000531
B1421015552273N01210507EA0000000525
B1421095552333N01210684EA0000000520
B1421185552405N01210867EA0000000507
B1421235552439N01210979EA0000000495
B1421445552575N01211495EA0000000454
B1421525552629N01211681EA0000000442
B1421585552670N01211813EA0000000436
B1422105552729N01212111EA0000000426
B1422155552752N01212240EA0000000419
B1422215552781N01212401EA0000000423
B1422265552808N01212526EA0000000429
B1422335552863N01212663EA0000000429
B1422395552925N01212714EA0000000423
B1422445552977N01212734EA0000000416
B1422515553053N01212794EA0000000404
B1422565553106N01212798EA0000000401
B1423025553149N01212723EA0000000397
B1423085553163N01212621EA0000000391
B1423175553065N01212538EA0000000393
B1423235552978N01212583EA0000000392
B1423295552898N01212656EA0000000409
B1423355552818N01212725EA0000000414
B1423405552760N01212815EA0000000423
B1423455552769N01212936EA0000000420
B1423515552813N01212894EA0000000416
B1423565552776N01212819EA0000000427
B1424015552703N01212824EA0000000435
B1424085552634N01212977EA0000000441
B1424155552670N01213131EA0000000441
B1424205552706N01213097EA0000000437
B1424255552671N01213026EA0000000436
B1424335552572N01213102EA0000000449
B1424435552497N01213334EA0000000450
B1424485552490N01213471EA0000000446
B1424545552541N01213569EA0000000438
B1424595552566N01213508EA0000000444
B1425045552517N01213467EA0000000444
B1425115552424N01213475EA0000000447
B1425175552346N01213491EA0000000437
B1425225552286N01213568EA0000000427
B1425285552279N01213732EA0000000415
B1425335552329N01213816EA0000000411
B1425395552396N01213819EA0000000403
B1425445552446N01213791EA0000000396
B1425495552484N01213727EA0000000391
B1425545552500N01213652EA0000000403
B1426015552518N01213550EA0000000407
B1426065552502N01213467EA0000000409
B1426115552443N01213423EA0000000417
B1426165552387N01213514EA0000000420
B1426235552440N01213614EA0000000422
B1426295552453N01213528EA0000000433
B1426345552418N01213451EA0000000439
B1426405552334N01213466EA0000000441
B1426455552326N01213594EA0000000435
B1426505552375N01213625EA0000000442
B1426575552386N01213532EA0000000452
B1427055552322N01213434EA0000000447
B1427105552250N01213441EA0000000442
B1427155552190N01213536EA0000000432
B1427205552180N01213670EA0000000420
B1427265552225N01213783EA0000000412
B1427315552269N01213835EA0000000413
B1427365552318N01213876EA0000000421
B1427415552363N01213934EA0000000430
B1427495552438N01213970EA0000000436
B1427555552424N01213878EA0000000435
B1428005552355N01213886EA0000000441
B1428065552314N01214028EA0000000440
B1428125552325N01214180EA0000000453
B1428175552363N01214241EA0000000455
B1428225552391N01214186EA0000000458
B1428275552356N01214109EA0000000458
B1428325552283N01214133EA0000000457
B1428395552253N01214311EA0000000464
B1428445552283N01214418EA0000000471
B1428505552340N01214475EA0000000481
B1428565552370N01214412EA0000000478
B1429015552315N01214367EA0000000470
B1429065552255N01214455EA0000000477
B1429145552265N01214653EA0000000490
B1429195552302N01214732EA0000000500
B1429255552358N01214796EA0000000502
B1429325552419N01214765EA0000000508
B1429375552382N01214700EA0000000511
B1429425552318N01214760EA0000000504
B1429475552315N01214888EA0000000517
B1429525552352N01214974EA0000000525
B1429575552404N01215002EA0000000525
B1430045552427N01214918EA0000000528
B1430095552373N01214884EA0000000522
B1430145552317N01214970EA0000000522
B1430295552381N01215267EA0000000539
B1430385552430N01215192EA0000000533
B1430435552375N01215165EA0000000522
B1430485552323N01215269EA0000000531
B1430565552331N01215477EA0000000542
B1431035552389N01215583EA0000000540
B1431085552439N01215615EA0000000534
B1431135552476N01215579EA0000000522
B1431185552475N01215500EA0000000516
B1431235552427N01215450EA0000000511
B1431295552347N01215461EA0000000514
B1431345552280N01215483EA0000000507
B1431425552176N01215533EA0000000523
B1431485552099N01215582EA0000000529
B1431535552057N01215693EA0000000537
B1431585552067N01215821EA0000000538
B1432035552119N01215892EA0000000541
B1432105552185N01215844EA0000000541
B1432155552171N01215756EA0000000539
B1432205552105N01215745EA0000000548
B1432255552053N01215848EA0000000550
B1432315552052N01216008EA0000000565
B1432365552088N01216108EA0000000569
B1432415552136N01216148EA0000000570
B1432485552176N01216088EA0000000556
B1432545552136N01216007EA0000000556
B1433015552054N01215976EA0000000565
B1433065551993N01215972EA0000000568
B1433175551887N01216179EA0000000592
B1433225551928N01216269EA0000000602
B1433275551968N01216220EA0000000606
B1433325551927N01216155EA0000000604
B1433395551873N01216316EA0000000629
B1433445551922N01216389EA0000000638
B1433495551968N01216347EA0000000635
B1433545551931N01216279EA0000000645
B1434015551865N01216416EA0000000663
B1434075551905N01216535EA0000000671
B1434145551976N01216519EA0000000669
B1434245552089N01216511EA0000000663
B1434325552177N01216565EA0000000662
B1434375552231N01216595EA0000000666
B1434455552319N01216641EA0000000662
B1434525552390N01216683EA0000000659
B1435015552481N01216736EA0000000661
B1435095552558N01216825EA0000000668
B1435165552626N01216925EA0000000674
B1435265552666N01216835EA0000000672
B1435315552608N01216785EA0000000673
B1435375552566N01216691EA0000000678
B1435435552586N01216594EA0000000679
B1435485552635N01216572EA0000000683
B1435535552690N01216617EA0000000677
B1436015552731N01216811EA0000000674
B1436075552721N01216986EA0000000668
B1436125552763N01217085EA0000000668
B1436175552809N01217075EA0000000674
B1436225552815N01217000EA0000000670
B1436345552787N01216808EA0000000656
B1436405552772N01216716EA0000000655
B1436515552750N01216555EA0000000657
B1437025552730N01216391EA0000000652
B1437125552720N01216230EA0000000658
B1437195552716N01216120EA0000000661
B1437285552719N01215975EA0000000664
B1437345552726N01215890EA0000000666
B1437435552746N01215755EA0000000656
B1437515552764N01215636EA0000000651
B1437595552760N01215514EA0000000641
B1438045552749N01215431EA0000000641
B1438105552733N01215337EA0000000649
B1438165552690N01215252EA0000000656
B1438215552650N01215189EA0000000657
B1438275552575N01215169EA0000000652
B1438325552511N01215244EA0000000647
B1438385552492N01215404EA0000000639
B1438435552536N01215480EA0000000639
B1438505552573N01215425EA0000000642
B1438575552530N01215343EA0000000638
B1439025552476N01215313EA0000000634
B1439085552408N01215289EA0000000639
B1439155552333N01215253EA0000000642
B1439255552230N01215191EA0000000650
B1439345552130N01215145EA0000000667
B1439405552053N01215135EA0000000665
B1439455551990N01215213EA0000000671
B1439505551977N01215337EA0000000670
B1439575552027N01215438EA0000000661
B1440025552068N01215420EA0000000666
B1440075552092N01215364EA0000000665
B1440145552074N01215268EA0000000675
B1440195552024N01215224EA0000000675
B1440265551942N01215171EA0000000687
B1440315551875N01215173EA0000000691
B1440365551814N01215268EA0000000684
B1440445551794N01215494EA0000000683
B1440515551848N01215601EA0000000688
B1440575551905N01215621EA0000000686
B1441025551951N01215610EA0000000686
B1441115552001N01215519EA0000000690
B1441165551967N01215456EA0000000689
B1441225551883N01215454EA0000000685
B1441285551800N01215519EA0000000688
B1441335551747N01215623EA0000000693
B1441395551739N01215779EA0000000690
B1441445551763N01215887EA0000000691
B1441515551823N01215988EA0000000686
B1441565551870N01216035EA0000000688
B1442015551917N01216092EA0000000680
B1442065551965N01216149EA0000000687
B1442135552027N01216218EA0000000686
B1442185552078N01216270EA0000000687
B1442245552139N01216326EA0000000687
B1442305552205N01216361EA0000000693
B1442375552279N01216391EA0000000704
B1442425552328N01216379EA0000000711
B1442475552340N01216305EA0000000714
B1442525552294N01216236EA0000000717
B1442575552223N01216257EA0000000730
B1443045552172N01216429EA0000000742
B1443095552195N01216551EA0000000743
B1443145552248N01216606EA0000000752
B1443275552260N01216437EA0000000765
B1443325552217N01216377EA0000000769
B1443385552129N01216394EA0000000778
B1443435552074N01216497EA0000000790
B1443525552068N01216738EA0000000786
B1443575552106N01216837EA0000000784
B1444035552171N01216867EA0000000795
B1444135552193N01216727EA0000000800
B1444215552147N01216611EA0000000809
B1444265552116N01216530EA0000000809
B1444315552087N01216442EA0000000815
B1444395552051N01216274EA0000000812
B1444535552073N01215997EA0000000864
B1444595552101N01215898EA0000000860
B1445055552156N01215751EA0000000830
B1445145552217N01215503EA0000000854
B1445195552235N01215369EA0000000854
B1445245552247N01215237EA0000000870
B1445325552251N01215026EA0000000871
B1445385552266N01214842EA0000000837
B1445445552302N01214669EA0000000833
B1446015552474N01214261EA0000000798
B1446105552575N01214073EA0000000786
B1446185552655N01213937EA0000000802
B1446235552703N01213853EA0000000805
B1446295552761N01213752EA0000000810
B1446375552838N01213612EA0000000814
B1446445552903N01213468EA0000000818
B1446495552949N01213349EA0000000809
B1446555553003N01213185EA0000000808
B1447015553049N01213016EA0000000816
B1447075553101N01212855EA0000000813
B1447185553171N01212554EA0000000828
B1447235553199N01212412EA0000000830
B1447285553227N01212264EA0000000829
B1447355553262N01212047EA0000000845
B1447415553286N01211875EA0000000853
B1447475553260N01211692EA0000000860
B1447525553224N01211551EA0000000846
B1447595553174N01211351EA0000000826
B1448045553143N01211201EA0000000810
B1448115553157N01211001EA0000000796
B1448165553190N01210876EA0000000779
B1448215553228N01210754EA0000000763
B1448265553286N01210661EA0000000745
B1448315553359N01210615EA0000000735
B1448375553436N01210576EA0000000742
B1448445553514N01210549EA0000000743
B1448505553574N01210529EA0000000740
B1448565553636N01210499EA0000000740
B1449035553710N01210459EA0000000754
B1449085553760N01210428EA0000000756
B1449485553957N01209694EA0000000804
B1450035553992N01209312EA0000000798
B1450085553991N01209163EA0000000812
B1450425554028N01208232EA0000000799
B1450475554081N01208155EA0000000796
B1450525554137N01208105EA0000000790
B1450595554228N01208056EA0000000768
B1451045554297N01208026EA0000000756
B1451095554369N01207993EA0000000745
B1451165554466N01207934EA0000000749
B1451225554544N01207891EA0000000761
B1451285554618N01207839EA0000000769
B1451375554706N01207756EA0000000774
B1451425554749N01207709EA0000000770
B1452245555015N01207193EA0000000794
B1452375555084N01206992EA0000000773
B1452475555123N01206831EA0000000766
B1453335555280N01206037EA0000000729
B1453395555298N01205924EA0000000717
B1453455555308N01205804EA0000000721
B1453515555316N01205688EA0000000710
B1453595555327N01205519EA0000000721
B1454085555306N01205349EA0000000730
B1454135555244N01205331EA0000000734
B1454305555193N01205706EA0000000746
B1454395555280N01205815EA0000000754
B1454455555329N01205759EA0000000748
B1454515555309N01205655EA0000000752
B1454565555247N01205634EA0000000750
B1455165555131N01206044EA0000000768
B1455225555179N01206136EA0000000765
B1455395555179N01206012EA0000000763
B1455585555028N01206422EA0000000761
B1456045554980N01206578EA0000000756
B1456125554909N01206779EA0000000755
B1456185554856N01206924EA0000000753
B1456245554809N01207079EA0000000746
B1456315554754N01207257EA0000000747
B1456505554581N01207711EA0000000744
B1456565554534N01207863EA0000000739
B1457045554473N01208073EA0000000729
B1457125554408N01208277EA0000000731
B1457235554323N01208553EA0000000746
B1457295554276N01208704EA0000000755
B1457425554167N01209013EA0000000743
B1457485554117N01209164EA0000000738
B1457595554024N01209431EA0000000746
B1458065553965N01209602EA0000000743
B1458135553902N01209761EA0000000747
B1458195553844N01209899EA0000000749
B1458275553770N01210090EA0000000756
B1458335553722N01210239EA0000000752
B1458385553682N01210366EA0000000755
B1458445553641N01210517EA0000000780
B1458495553613N01210631EA0000000791
B1458575553560N01210824EA0000000809
B1459035553522N01210976EA0000000820
B1459105553492N01211156EA0000000826
B1459155553532N01211256EA0000000823
B1459205553591N01211269EA0000000822
B1459275553639N01211167EA0000000822
B1459325553651N01211080EA0000000817
B1459405553670N01210952EA0000000800
B1459455553687N01210867EA0000000788
B1459535553708N01210734EA0000000780
B1500045553710N01210544EA0000000765
B1500095553677N01210466EA0000000767
B1500145553639N01210394EA0000000770
B1500245553561N01210254EA0000000789
B1500315553494N01210168EA0000000787
B1500365553422N01210161EA0000000786
B1500415553365N01210264EA0000000790
B1500465553352N01210398EA0000000793
B1500525553369N01210555EA0000000789
B1501015553345N01210812EA0000000797
B1501095553275N01211033EA0000000816
B1501145553215N01211132EA0000000835
B1501195553142N01211169EA0000000844
B1501265553033N01211212EA0000000842
B1501315552937N01211285EA0000000804
B1501385552806N01211435EA0000000818
B1501435552738N01211559EA0000000818
B1501485552682N01211710EA0000000809
B1501565552608N01211985EA0000000798
B1502065552493N01212304EA0000000780
B1502115552432N01212457EA0000000771
B1502185552369N01212696EA0000000758
B1502255552326N01212940EA0000000754
B1502305552296N01213119EA0000000748
B1502375552250N01213373EA0000000747
B1502425552222N01213535EA0000000755
B1502515552177N01213803EA0000000750
B1502565552152N01213946EA0000000751
B1503035552116N01214136EA0000000755
B1503085552089N01214269EA0000000754
B1503165552050N01214502EA0000000750
B1503215552026N01214657EA0000000752
B1503265552000N01214802EA0000000762
B1503345551954N01215026EA0000000762
B1503395551923N01215169EA0000000761
B1503475551866N01215399EA0000000760
B1503555551812N01215628EA0000000774
B1504025551769N01215833EA0000000776
B1504075551737N01215971EA0000000781
B1504175551660N01216260EA0000000786
B1504235551611N01216435EA0000000789
B1504285551567N01216583EA0000000781
B1504385551480N01216878EA0000000781
B1504435551443N01217019EA0000000784
B1504495551400N01217191EA0000000776
B1504545551367N01217338EA0000000778
B1505015551320N01217533EA0000000775
B1505105551253N01217783EA0000000755
B1505155551213N01217923EA0000000741
B1505235551162N01218146EA0000000738
B1505285551178N01218283EA0000000730
B1505335551228N01218346EA0000000723
B1505425551294N01218265EA0000000694
B1505475551291N01218180EA0000000684
B1505595551292N01217983EA0000000648
B1506245551349N01217612EA0000000607
B1506325551382N01217499EA0000000597
B1506435551424N01217354EA0000000583
B1506555551472N01217190EA0000000568
B1507055551501N01217039EA0000000549
B1507305551583N01216630EA0000000525
B1507565551684N01216246EA0000000509
B1508095551730N01216036EA0000000473
B1508155551742N01215932EA0000000464
B1508215551754N01215826EA0000000453
B1508305551776N01215666EA0000000457
B1508375551795N01215555EA0000000454
B1508475551836N01215394EA0000000455
B1508575551883N01215241EA0000000458
B1509055551926N01215117EA0000000459
B1509115551959N01215026EA0000000462
B1509185552002N01214922EA0000000472
B1509235552033N01214850EA0000000481
B1509305552075N01214755EA0000000491
B1509385552126N01214659EA0000000490
B1509505552182N01214489EA0000000490
B1509555552203N01214422EA0000000490
B1510005552224N01214353EA0000000488
B1510125552276N01214190EA0000000484
B1510225552311N01214044EA0000000476
B1510295552340N01213948EA0000000476
B1510345552366N01213884EA0000000478
B1510425552405N01213772EA0000000482
B1510505552439N01213646EA0000000492
B1510555552405N01213570EA0000000499
B1511005552339N01213609EA0000000513
B1511055552335N01213735EA0000000526
B1511115552399N01213777EA0000000545
B1511165552412N01213707EA0000000550
B1511225552347N01213675EA0000000565
B1511275552313N01213775EA0000000576
B1511325552342N01213882EA0000000591
B1511395552406N01213900EA0000000599
B1511445552420N01213829EA0000000593
B1511495552371N01213779EA0000000590
B1511545552311N01213855EA0000000603
B1512005552297N01213999EA0000000626
B1512055552346N01214076EA0000000623
B1512105552389N01214035EA0000000628
B1512155552367N01213961EA0000000618
B1512215552285N01213976EA0000000619
B1512275552229N01214093EA0000000635
B1512325552241N01214213EA0000000646
B1512385552302N01214254EA0000000653
B1512445552321N01214166EA0000000649
B1512495552273N01214114EA0000000658
B1512545552210N01214149EA0000000659
B1513015552150N01214296EA0000000681
B1513065552156N01214418EA0000000684
B1513125552211N01214457EA0000000695
B1513185552224N01214374EA0000000703
B1513235552180N01214324EA0000000705
B1513285552116N01214350EA0000000720
B1513355552066N01214494EA0000000725
B1513405552080N01214621EA0000000739
B1513455552130N01214680EA0000000742
B1513525552188N01214623EA0000000748
B1513575552172N01214539EA0000000750
B1514035552099N01214511EA0000000757
B1514095552035N01214621EA0000000762
B1514145552046N01214758EA0000000771
B1514195552093N01214842EA0000000781
B1514275552169N01214814EA0000000776
B1514325552168N01214731EA0000000777
B1514375552125N01214679EA0000000775
B1514435552050N01214731EA0000000771
B1514535551986N01214979EA0000000786
B1515005552027N01215132EA0000000786
B1515115552117N01215053EA0000000775
B1515175552142N01214955EA0000000760
B1515245552178N01214841EA0000000746
B1515295552205N01214772EA0000000736
B1515345552247N01214722EA0000000729
B1515445552323N01214627EA0000000709
B1515525552325N01214506EA0000000699
B1515595552300N01214401EA0000000688
B1516085552283N01214253EA0000000683
B1516135552281N01214174EA0000000687
B1516205552286N01214070EA0000000698
B1516275552304N01213971EA0000000704
B1516335552328N01213887EA0000000706
B1516395552344N01213804EA0000000705
B1516465552382N01213724EA0000000703
B1516535552444N01213672EA0000000704
B1516595552499N01213633EA0000000718
B1517075552573N01213588EA0000000732
B1517175552654N01213512EA0000000746
B1517255552706N01213431EA0000000749
B1517305552733N01213368EA0000000748
B1517395552783N01213268EA0000000743
B1517495552831N01213154EA0000000736
B1518005552882N01213023EA0000000733
B1518075552916N01212937EA0000000729
B1518155552957N01212840EA0000000723
B1518235552997N01212741EA0000000716
B1518305553035N01212659EA0000000720
B1518405553089N01212552EA0000000735
B1518455553115N01212492EA0000000727
B1518505553093N01212415EA0000000726
B1518575553010N01212445EA0000000733
B1519025552971N01212553EA0000000734
B1519075552968N01212684EA0000000735
B1519145553027N01212800EA0000000740
B1519195553070N01212786EA0000000743
B1519255553080N01212706EA0000000737
B1519335553023N01212614EA0000000727
B1519385552961N01212621EA0000000730
B1519445552893N01212717EA0000000728
B1519505552837N01212838EA0000000732
B1519555552826N01212969EA0000000733
B1520005552863N01213071EA0000000733
B1520055552916N01213084EA0000000736
B1520135552956N01212993EA0000000741
B1520195552978N01212912EA0000000737
B1520265553021N01212822EA0000000733
B1520355553074N01212708EA0000000726
B1520425553114N01212627EA0000000716
B1520505553156N01212533EA0000000699
B1520565553176N01212454EA0000000684
B1521025553199N01212374EA0000000680
B1521085553225N01212293EA0000000673
B1521135553247N01212228EA0000000679
B1521215553299N01212134EA0000000679
B1521275553352N01212091EA0000000679
B1521385553457N01212071EA0000000655
B1521485553552N01212055EA0000000636
B1521535553596N01212029EA0000000634
B1522005553652N01211991EA0000000631
B1522065553700N01211949EA0000000627
B1522125553747N01211903EA0000000624
B1522275553844N01211767EA0000000628
B1522405553916N01211641EA0000000615
B1522515553964N01211513EA0000000614
B1523015554000N01211389EA0000000622
B1523065554015N01211325EA0000000627
B1523125554031N01211240EA0000000633
B1523175553993N01211181EA0000000637
B1523245553926N01211292EA0000000636
B1523295553953N01211404EA0000000638
B1523365554021N01211415EA0000000644
B1523415554042N01211349EA0000000653
B1523465554024N01211275EA0000000656
B1523515553966N01211255EA0000000665
B1523585553904N01211374EA0000000663
B1524035553917N01211494EA0000000667
B1524085553964N01211550EA0000000673
B1524145554008N01211511EA0000000684
B1524195553999N01211437EA0000000688
B1524245553948N01211393EA0000000695
B1524295553890N01211425EA0000000693
B1524365553855N01211577EA0000000693
B1524415553889N01211664EA0000000698
B1524495553951N01211649EA0000000706
B1524575553939N01211531EA0000000712
B1525025553893N01211488EA0000000720
B1525075553830N01211506EA0000000720
B1525125553791N01211612EA0000000721
B1525175553815N01211712EA0000000723
B1525245553878N01211709EA0000000725
B1525305553891N01211628EA0000000728
B1525355553864N01211557EA0000000734
B1525445553756N01211520EA0000000729
B1525495553695N01211597EA0000000718
B1525545553672N01211725EA0000000707
B1526015553715N01211853EA0000000706
B1526085553780N01211835EA0000000705
B1526135553819N01211793EA0000000712
B1526185553845N01211731EA0000000716
B1526255553864N01211600EA0000000709
B1526325553885N01211429EA0000000713
B1526415553922N01211190EA0000000704
B1526585554009N01210795EA0000000708
B1527115554070N01210547EA0000000710
B1527275554137N01210258EA0000000691
B1527375554178N01210071EA0000000686
B1528175554390N01209415EA0000000659
B1528255554456N01209321EA0000000671
B1528345554520N01209237EA0000000674
B1528395554558N01209197EA0000000670
B1528465554612N01209136EA0000000659
B1528515554650N01209090EA0000000656
B1529175554840N01208856EA0000000645
B1529265554914N01208816EA0000000646
B1529315554947N01208774EA0000000642
B1529365554934N01208702EA0000000642
B1529535554813N01208938EA0000000654
B1530105554877N01208937EA0000000646
B1530185554780N01209008EA0000000652
B1530265554746N01209209EA0000000655
B1530325554747N01209363EA0000000651
B1530375554769N01209476EA0000000649
B1530425554821N01209521EA0000000644
B1530505554854N01209425EA0000000638
B1530555554801N01209377EA0000000634
B1531005554737N01209425EA0000000627
B1531065554669N01209541EA0000000617
B1531115554601N01209631EA0000000615
B1531195554495N01209761EA0000000619
B1531295554367N01209924EA0000000611
B1531345554308N01210011EA0000000607
B1531405554240N01210126EA0000000604
B1531475554166N01210258EA0000000624
B1531595554060N01210492EA0000000629
B1532045554087N01210595EA0000000622
B1532095554133N01210584EA0000000622
B1532145554123N01210503EA0000000611
B1532195554060N01210472EA0000000616
B1532245553996N01210517EA0000000613
B1532335553920N01210707EA0000000611
B1532425553871N01210922EA0000000611
B1532505553833N01211133EA0000000602
B1532565553809N01211297EA0000000602
B1533025553786N01211456EA0000000600
B1533085553762N01211612EA0000000593
B1533155553728N01211798EA0000000585
B1533255553664N01212052EA0000000574
B1533315553621N01212215EA0000000572
B1533405553575N01212459EA0000000596
B1533465553550N01212610EA0000000600
B1533525553530N01212767EA0000000608
B1533575553513N01212897EA0000000617
B1534025553497N01213030EA0000000626
B1534075553520N01213146EA0000000625
B1534135553579N01213129EA0000000619
B1534185553571N01213045EA0000000616
B1534235553515N01213031EA0000000620
B1534305553455N01213169EA0000000622
B1534365553435N01213317EA0000000623
B1534435553407N01213498EA0000000623
B1534485553394N01213626EA0000000625
B1534585553358N01213877EA0000000622
B1535045553311N01214010EA0000000618
B1535095553270N01214114EA0000000616
B1535145553226N01214219EA0000000612
B1535215553165N01214364EA0000000612
B1535335553032N01214570EA0000000602
B1535385552968N01214652EA0000000604
B1535445552895N01214741EA0000000614
B1535515552815N01214842EA0000000618
B1535565552788N01214963EA0000000616
B1536035552828N01215114EA0000000619
B1536085552873N01215148EA0000000615
B1536135552912N01215119EA0000000613
B1536185552932N01215060EA0000000609
B1536235552909N01214986EA0000000604
B1536295552834N01214973EA0000000608
B1536345552773N01215025EA0000000612
B1536395552709N01215082EA0000000610
B1536465552616N01215171EA0000000611
B1536535552521N01215259EA0000000606
B1536585552455N01215328EA0000000604
B1537045552373N01215424EA0000000603
B1537115552281N01215528EA0000000604
B1537205552160N01215638EA0000000590
B1537315552024N01215839EA0000000579
B1537475551863N01216174EA0000000578
B1538045551720N01216555EA0000000567
B1538105551670N01216689EA0000000571
B1538155551640N01216809EA0000000580
B1538225551606N01216979EA0000000583
B1538285551572N01217127EA0000000585
B1538335551588N01217241EA0000000584
B1538385551636N01217247EA0000000586
B1538445551627N01217162EA0000000585
B1538495551561N01217162EA0000000588
B1538545551509N01217259EA0000000589
B1539015551482N01217432EA0000000592
B1539075551502N01217570EA0000000584
B1539135551558N01217609EA0000000578
B1539215551598N01217507EA0000000581
B1539265551633N01217451EA0000000572
B1539355551718N01217370EA0000000566
B1539415551772N01217318EA0000000557
B1539485551828N01217254EA0000000550
B1539545551875N01217202EA0000000545
B1540005551932N01217145EA0000000534
B1540055551980N01217099EA0000000533
B1540105552026N01217054EA0000000529
B1540155552074N01217009EA0000000526
B1540205552117N01216964EA0000000532
B1540295552175N01216881EA0000000531
B1540345552210N01216838EA0000000524
B1540405552254N01216788EA0000000511
B1540475552307N01216706EA0000000503
B1540525552334N01216636EA0000000506
B1540575552358N01216565EA0000000502
B1541055552396N01216448EA0000000497
B1541115552427N01216353EA0000000492
B1541175552453N01216261EA0000000488
B1541255552488N01216132EA0000000488
B1541375552546N01215943EA0000000490
B1541425552568N01215858EA0000000491
B1541485552587N01215757EA0000000490
B1541575552621N01215615EA0000000498
B1542055552653N01215496EA0000000492
B1542155552683N01215338EA0000000500
B1542255552715N01215174EA0000000509
B1542305552711N01215088EA0000000510
B1542355552652N01215073EA0000000525
B1542425552614N01215231EA0000000538
B1542475552650N01215330EA0000000542
B1542525552703N01215346EA0000000543
B1542595552718N01215245EA0000000551
B1543045552663N01215216EA0000000556
B1543095552602N01215266EA0000000568
B1543165552549N01215419EA0000000581
B1543225552534N01215568EA0000000580
B1543275552576N01215649EA0000000587
B1543345552627N01215591EA0000000591
B1543395552600N01215521EA0000000594
B1543445552542N01215509EA0000000610
B1543505552494N01215619EA0000000614
B1543555552522N01215721EA0000000616
B1544035552575N01215667EA0000000626
B1544085552539N01215612EA0000000635
B1544155552458N01215636EA0000000644
B1544205552413N01215728EA0000000649
B1544255552414N01215848EA0000000646
B1544305552453N01215927EA0000000658
B1544355552498N01215934EA0000000657
B1544425552525N01215851EA0000000669
B1544475552496N01215790EA0000000676
B1544525552441N01215780EA0000000684
B1544575552384N01215834EA0000000688
B1545025552348N01215936EA0000000690
B1545075552346N01216060EA0000000688
B1545145552396N01216184EA0000000698
B1545195552448N01216206EA0000000695
B1545265552503N01216155EA0000000699
B1545335552514N01216062EA0000000706
B1545415552452N01215992EA0000000715
B1545485552369N01216036EA0000000726
B1545535552325N01216127EA0000000731
B1545585552321N01216249EA0000000737
B1546055552379N01216349EA0000000743
B1546115552431N01216327EA0000000751
B1546175552445N01216256EA0000000756
B1546225552416N01216195EA0000000762
B1546275552363N01216182EA0000000773
B1546335552291N01216230EA0000000787
B1546405552241N01216371EA0000000792
B1546475552254N01216535EA0000000800
B1546525552296N01216610EA0000000804
B1546575552351N01216628EA0000000801
B1547045552410N01216585EA0000000808
B1547095552437N01216530EA0000000806
B1547585552508N01215697EA0000000805
B1548075552516N01215547EA0000000815
B1548135552520N01215449EA0000000803
B1548215552558N01215312EA0000000792
B1548265552594N01215244EA0000000787
B1548315552617N01215166EA0000000779
B1548395552651N01215042EA0000000759
B1548445552677N01214966EA0000000758
B1548515552740N01214913EA0000000754
B1548575552796N01214882EA0000000751
B1549035552854N01214837EA0000000743
B1549135552934N01214717EA0000000747
B1549185552959N01214645EA0000000761
B1549255552976N01214537EA0000000778
B1549305552956N01214456EA0000000773
B1549355552890N01214439EA0000000768
B1549405552828N01214519EA0000000757
B1549465552809N01214684EA0000000752
B1549515552846N01214784EA0000000762
B1549565552896N01214809EA0000000777
B1550035552964N01214800EA0000000787
B1550095552998N01214730EA0000000794
B1550145553007N01214652EA0000000789
B1550195553008N01214564EA0000000775
B1550255553014N01214452EA0000000771
B1550325553032N01214325EA0000000776
B1550405553072N01214199EA0000000780
B1550485553121N01214094EA0000000791
B1550535553151N01214029EA0000000781
B1550585553180N01213953EA0000000782
B1551045553207N01213861EA0000000787
B1551105553234N01213775EA0000000784
B1551155553252N01213705EA0000000784
B1551235553282N01213591EA0000000781
B1551285553302N01213519EA0000000775
B1551335553319N01213444EA0000000776
B1551385553339N01213372EA0000000769
B1551445553362N01213279EA0000000765
B1551495553387N01213202EA0000000764
B1551545553410N01213126EA0000000768
B1552015553443N01213027EA0000000765
B1552065553477N01212965EA0000000757
B1552125553521N01212880EA0000000766
B1552185553553N01212787EA0000000774
B1552235553569N01212706EA0000000787
B1552285553591N01212629EA0000000796
B1552355553630N01212534EA0000000803
B1552405553662N01212458EA0000000796
B1552485553711N01212332EA0000000797
B1552585553769N01212180EA0000000792
B1553035553792N01212102EA0000000797
B1553105553819N01211988EA0000000805
B1553205553868N01211820EA0000000815
B1553265553900N01211722EA0000000818
B1553355553966N01211585EA0000000838
B1553465554057N01211440EA0000000843
B1553515554103N01211372EA0000000824
B1553565554156N01211286EA0000000806
B1554055554253N01211129EA0000000801
B1554135554333N01210986EA0000000791
B1554245554444N01210794EA0000000781
B1554535554727N01210439EA0000000759
B1555035554664N01210300EA0000000748
B1555095554580N01210352EA0000000747
B1555155554513N01210487EA0000000747
B1555425554286N01211166EA0000000740
B1555535554195N01211441EA0000000729
B1556025554122N01211644EA0000000727
B1556115554048N01211857EA0000000713
B1556175553997N01212003EA0000000716
B1556225553954N01212119EA0000000712
B1556325553862N01212348EA0000000701
B1556385553802N01212484EA0000000701
B1556465553725N01212662EA0000000715
B1556515553682N01212783EA0000000716
B1557005553615N01213001EA0000000705
B1557065553575N01213163EA0000000700
B1557145553519N01213373EA0000000708
B1557235553435N01213580EA0000000713
B1557305553379N01213744EA0000000731
B1557355553385N01213879EA0000000735
B1557405553439N01213945EA0000000744
B1557455553484N01213917EA0000000736
B1557505553472N01213830EA0000000727
B1557575553383N01213833EA0000000745
B1558035553344N01213977EA0000000757
B1558085553379N01214090EA0000000762
B1558145553443N01214093EA0000000762
B1558195553451N01214015EA0000000754
B1558245553406N01213955EA0000000762
B1558315553317N01214015EA0000000772
B1558375553262N01214153EA0000000787
B1558435553210N01214304EA0000000791
B1558485553168N01214446EA0000000794
B1558535553127N01214591EA0000000790
B1558595553072N01214748EA0000000789
B1559055553006N01214894EA0000000787
B1559115552938N01215038EA0000000788
B1559165552881N01215159EA0000000790
B1559225552818N01215305EA0000000799
B1559275552777N01215443EA0000000796
B1559335552722N01215643EA0000000787
B1559395552656N01215844EA0000000787
B1559465552546N01216017EA0000000784
B1559525552453N01216157EA0000000776
B1559585552366N01216311EA0000000772
B1600045552294N01216477EA0000000782
B1600155552197N01216814EA0000000776
B1600205552159N01216967EA0000000775
B1600255552123N01217121EA0000000772
B1600305552089N01217279EA0000000767
B1600395552025N01217551EA0000000774
B1600485551966N01217814EA0000000776
B1601065551836N01218302EA0000000789
B1601135551786N01218492EA0000000793
B1601265551703N01218881EA0000000799
B1601315551683N01219035EA0000000797
B1601385551658N01219256EA0000000791
B1601465551645N01219505EA0000000794
B1601525551630N01219677EA0000000793
B1601595551625N01219872EA0000000781
B1602045551667N01219974EA0000000766
B1602095551724N01219991EA0000000755
B1602145551762N01219927EA0000000746
B1602195551764N01219838EA0000000743
B1602245551758N01219751EA0000000736
B1602385551736N01219501EA0000000706
B1602465551737N01219356EA0000000684
B1602515551763N01219275EA0000000680
B1602565551795N01219201EA0000000682
B1603075551859N01219051EA0000000678
B1603125551882N01218974EA0000000675
B1603195551914N01218859EA0000000665
B1603255551933N01218763EA0000000661
B1603315551947N01218662EA0000000659
B1603375551957N01218558EA0000000656
B1603435551967N01218460EA0000000651
B1603555551991N01218259EA0000000654
B1604015552005N01218167EA0000000659
B1604105552025N01218014EA0000000679
B1604195552048N01217867EA0000000694
B1604245552006N01217809EA0000000705
B1604295551947N01217871EA0000000716
B1604345551935N01217997EA0000000721
B1604395551971N01218091EA0000000729
B1604445552023N01218109EA0000000737
B1604575552052N01217931EA0000000754
B1605035552066N01217837EA0000000764
B1605095552081N01217750EA0000000767
B1605145552098N01217662EA0000000758
B1605255552125N01217484EA0000000750
B1605315552148N01217387EA0000000758
B1605395552171N01217266EA0000000756
B1605545552205N01217003EA0000000750
B1606025552231N01216866EA0000000748
B1606135552277N01216704EA0000000746
B1606235552315N01216561EA0000000741
B1606335552360N01216421EA0000000736
B1606405552391N01216328EA0000000740
B1606495552447N01216213EA0000000741
B1607005552500N01216053EA0000000746
B1607065552523N01215959EA0000000747
B1607175552567N01215802EA0000000753
B1607235552593N01215724EA0000000754
B1607285552622N01215666EA0000000746
B1607345552658N01215593EA0000000747
B1607395552686N01215532EA0000000746
B1607445552715N01215466EA0000000749
B1607535552762N01215354EA0000000746
B1608005552803N01215283EA0000000746
B1608055552833N01215230EA0000000743
B1608115552869N01215164EA0000000749
B1608165552899N01215109EA0000000745
B1608225552935N01215038EA0000000748
B1608295552975N01214953EA0000000758
B1608345552997N01214888EA0000000765
B1608435553033N01214767EA0000000776
B1608485553052N01214695EA0000000777
B1608555553079N01214596EA0000000767
B1609075553118N01214434EA0000000772
B1609175553165N01214328EA0000000777
B1609255553205N01214256EA0000000777
B1609325553240N01214190EA0000000775
B1609375553268N01214134EA0000000768
B1609455553309N01214035EA0000000779
B1609525553342N01213947EA0000000784
B1610005553382N01213841EA0000000784
B1610065553415N01213766EA0000000788
B1610115553445N01213704EA0000000789
B1610185553484N01213609EA0000000789
B1610235553509N01213547EA0000000784
B1610315553549N01213451EA0000000784
B1610405553594N01213353EA0000000789
B1610485553634N01213267EA0000000798
B1610575553679N01213165EA0000000795
B1611045553709N01213080EA0000000794
B1611095553732N01213015EA0000000796
B1611165553761N01212924EA0000000804
B1611225553787N01212843EA0000000802
B1611275553813N01212769EA0000000800
B1611345553848N01212662EA0000000794
B1611395553871N01212576EA0000000789
B1611485553910N01212426EA0000000787
B1611555553948N01212321EA0000000781
B1612075554011N01212154EA0000000780
B1612155554047N01212053EA0000000789
B1612265554106N01211916EA0000000790
B1612365554162N01211786EA0000000790
B1612445554210N01211695EA0000000789
B1613015554324N01211496EA0000000777
B1613085554375N01211409EA0000000778
B1613155554417N01211310EA0000000772
B1613275554480N01211154EA0000000783
B1613325554508N01211094EA0000000779
B1613405554558N01211001EA0000000774
B1613475554594N01210917EA0000000773
B1613585554646N01210774EA0000000766
B1614045554681N01210698EA0000000768
B1614135554714N01210564EA0000000761
B1614215554731N01210439EA0000000751
B1614285554726N01210316EA0000000744
B1614385554628N01210223EA0000000742
B1614435554560N01210249EA0000000740
B1614505554471N01210354EA0000000727
B1615085554292N01210795EA0000000703
B1615135554232N01210893EA0000000695
B1615295554055N01211215EA0000000684
B1615465553932N01211629EA0000000661
B1615565553862N01211884EA0000000645
B1616025553796N01212010EA0000000643
B1616105553690N01212101EA0000000629
B1616195553570N01212094EA0000000615
B1616245553512N01212055EA0000000609
B1616305553445N01211998EA0000000607
B1616365553373N01211952EA0000000609
B1616415553314N01211911EA0000000603
B1616485553229N01211844EA0000000588
B1616575553090N01211869EA0000000577
B1617025553019N01211928EA0000000583
B1617105552916N01212055EA0000000567
B1617155552849N01212133EA0000000560
B1617235552744N01212259EA0000000563
B1617305552665N01212357EA0000000561
B1617365552588N01212444EA0000000550
B1617445552481N01212549EA0000000552
B1617505552399N01212627EA0000000541
B1617565552313N01212695EA0000000531
B1618045552200N01212769EA0000000520
B1618125552090N01212855EA0000000508
B1618185552010N01212927EA0000000504
B1618255551921N01213023EA0000000498
B1618355551794N01213157EA0000000495
B1618425551720N01213308EA0000000489
B1618475551711N01213449EA0000000484
B1618525551742N01213564EA0000000475
B1618595551813N01213623EA0000000458
B1619055551869N01213587EA0000000448
B1619135551922N01213505EA0000000440
B1619185551951N01213451EA0000000436
B1619265551993N01213365EA0000000424
B1619315552019N01213314EA0000000416
B1619385552058N01213245EA0000000404
B1619435552084N01213192EA0000000395
B1619505552119N01213109EA0000000391
B1619575552153N01213030EA0000000381
B1620035552182N01212960EA0000000373
B1620085552209N01212910EA0000000369
B1620175552258N01212819EA0000000355
B1620235552292N01212758EA0000000345
B1620295552327N01212698EA0000000336
B1620365552367N01212625EA0000000323
B1620415552394N01212569EA0000000320
B1620525552454N01212451EA0000000306
B1620575552495N01212419EA0000000299
B1621085552606N01212403EA0000000286
B1621145552672N01212408EA0000000278
B1621195552713N01212350EA0000000274
B1621335552679N01212112EA0000000274
B1621425552603N01211999EA0000000265
B1621475552559N01211942EA0000000256
B1621535552489N01211904EA0000000246
B1621595552406N01211957EA0000000239
B1622085552336N01212178EA0000000228
B1622135552308N01212309EA0000000225
B1622235552304N01212576EA0000000221
B1622305552338N01212748EA0000000210
B1622395552420N01212914EA0000000194
B1622445552473N01212988EA0000000189
B1622495552527N01213065EA0000000191
B1622555552573N01213194EA0000000190
B1623015552574N01213363EA0000000184
B1623075552558N01213532EA0000000178
B1623125552542N01213669EA0000000171
B1623235552514N01213976EA0000000151
B1623285552511N01214112EA0000000149
B1623335552514N01214241EA0000000148
B1623405552532N01214420EA0000000137
B1623455552560N01214539EA0000000127
B1623505552612N01214610EA0000000121
B1623575552694N01214648EA0000000109
B1624025552757N01214669EA0000000104
B1624085552830N01214665EA0000000100
B1624165552927N01214636EA0000000089
B1624215552984N01214593EA0000000087
B1624265553021N01214512EA0000000081
B1624315553040N01214413EA0000000070
B1624485553082N01214068EA0000000031
B1624555553095N01213927EA0000000018
B1625025553104N01213812EA0000000014
