AOGNOGN
HFDTE190625
HFFXA050
HFPLTPILOTINCHARGE:
HFGTYGLIDERTYPE:AS 33
HFGIDGLIDERID:OY-PXE
HFDTM100GPSDATUM:WGS-1984
HFRFWFIRMWAREVERSION:
HFRHWHARDWAREVERSION:
HFFTYFRTYPE:OGN-FLIGHTBOOK
HFGPSGENERIC
HFPRSPRESSALTSENSOR:
HFCIDCOMPETITIONID:PE
B0929135600687N00901468EA0000000042
B0929165600684N00901408EA0000000041
B0929235600674N00901230EA0000000042
B0929285600663N00901079EA0000000049
B0929345600648N00900889EA0000000066
B0929415600628N00900666EA0000000095
B0929465600628N00900514EA0000000120
B0929525600649N00900349EA0000000142
B0929575600685N00900242EA0000000159
B0930045600760N00900141EA0000000170
B0930105600843N00900108EA0000000184
B0930155600919N00900116EA0000000192
B0930225601028N00900143EA0000000226
B0930285601118N00900161EA0000000245
B0930335601186N00900133EA0000000261
B0930395601251N00900048EA0000000273
B0930475601315N00859893EA0000000284
B0930525601341N00859775EA0000000288
B0930575601351N00859643EA0000000304
B0931035601356N00859481EA0000000324
B0931085601375N00859355EA0000000333
B0931145601421N00859231EA0000000341
B0931195601470N00859138EA0000000348
B0931245601519N00859036EA0000000361
B0931295601572N00858934EA0000000377
B0931355601637N00858813EA0000000398
B0931415601700N00858709EA0000000435
B0931465601756N00858629EA0000000453
B0931515601811N00858549EA0000000478
B0931565601852N00858477EA0000000498
B0932015601890N00858406EA0000000493
B0932075601945N00858322EA0000000489
B0932135602007N00858230EA0000000483
B0932185602071N00858170EA0000000485
B0932275602198N00858114EA0000000495
B0932325602270N00858091EA0000000501
B0932375602343N00858068EA0000000511
B0932425602419N00858030EA0000000519
B0932485602501N00857947EA0000000538
B0932535602534N00857836EA0000000556
B0932585602481N00857725EA0000000575
B0933035602378N00857746EA0000000592
B0933085602305N00857900EA0000000592
B0933135602296N00858089EA0000000602
B0933195602343N00858267EA0000000621
B0933245602408N00858324EA0000000619
B0933295602463N00858266EA0000000615
B0933345602485N00858156EA0000000627
B0933395602471N00858031EA0000000630
B0933455602481N00857870EA0000000629
B0933505602511N00857742EA0000000641
B0933555602554N00857636EA0000000643
B0934015602612N00857518EA0000000635
B0934065602667N00857426EA0000000637
B0934125602734N00857321EA0000000637
B0934185602796N00857205EA0000000634
B0934245602851N00857086EA0000000649
B0934295602894N00857002EA0000000660
B0934355602944N00856895EA0000000655
B0934415602997N00856785EA0000000670
B0934465603038N00856702EA0000000676
B0934525603087N00856611EA0000000674
B0934585603146N00856530EA0000000678
B0935035603194N00856473EA0000000698
B0935085603239N00856426EA0000000696
B0935135603281N00856386EA0000000709
B0935185603323N00856353EA0000000712
B0935235603368N00856316EA0000000713
B0935285603415N00856275EA0000000722
B0935335603465N00856229EA0000000739
B0935385603510N00856184EA0000000751
B0935475603586N00856107EA0000000753
B0935525603628N00856064EA0000000750
B0935585603683N00856002EA0000000729
B0936035603740N00855933EA0000000724
B0936105603818N00855824EA0000000724
B0936155603878N00855751EA0000000721
B0936205603935N00855671EA0000000717
B0936265603997N00855568EA0000000713
B0936325604059N00855469EA0000000715
B0936375604110N00855395EA0000000717
B0936425604167N00855335EA0000000714
B0936475604229N00855297EA0000000711
B0936535604311N00855265EA0000000701
B0936585604385N00855223EA0000000697
B0937035604455N00855175EA0000000717
B0937085604519N00855132EA0000000721
B0937135604579N00855091EA0000000725
B0937185604634N00855055EA0000000718
B0937245604708N00855009EA0000000700
B0937315604807N00854969EA0000000689
B0937385604927N00855021EA0000000669
B0937505605137N00855248EA0000000652
B0937565605232N00855397EA0000000653
B0938015605299N00855550EA0000000658
B0938065605341N00855742EA0000000668
B0938115605362N00855955EA0000000678
B0938165605408N00856131EA0000000683
B0938215605480N00856212EA0000000686
B0938265605541N00856180EA0000000675
B0938325605575N00856052EA0000000669
B0938385605590N00855918EA0000000688
B0938445605602N00855795EA0000000702
B0938515605623N00855656EA0000000708
B0938575605643N00855539EA0000000704
B0939035605677N00855423EA0000000679
B0939085605713N00855318EA0000000665
B0939135605758N00855218EA0000000657
B0939195605818N00855113EA0000000660
B0939245605868N00855025EA0000000665
B0939305605919N00854923EA0000000677
B0939355605956N00854841EA0000000675
B0939405605992N00854750EA0000000672
B0939485606039N00854603EA0000000683
B0939545606075N00854499EA0000000683
B0940005606109N00854387EA0000000689
B0940055606127N00854283EA0000000688
B0940105606105N00854165EA0000000685
B0940155606026N00854084EA0000000685
B0940205605921N00854070EA0000000687
B0940255605811N00854128EA0000000679
B0940305605707N00854255EA0000000669
B0940365605608N00854468EA0000000673
B0940425605554N00854714EA0000000670
B0940475605545N00854915EA0000000667
B0940535605578N00855130EA0000000660
B0941005605663N00855295EA0000000663
B0941055605734N00855340EA0000000658
B0941105605800N00855316EA0000000660
B0941165605854N00855226EA0000000664
B0941215605874N00855117EA0000000662
B0941265605856N00854989EA0000000657
B0941315605797N00854878EA0000000654
B0941365605694N00854853EA0000000655
B0941415605582N00854939EA0000000658
B0941475605470N00855110EA0000000668
B0941525605407N00855286EA0000000672
B0941575605406N00855467EA0000000685
B0942025605455N00855589EA0000000696
B0942075605517N00855612EA0000000699
B0942125605524N00855515EA0000000697
B0942175605447N00855438EA0000000697
B0942225605347N00855512EA0000000705
B0942275605296N00855688EA0000000714
B0942325605313N00855862EA0000000719
B0942375605376N00855937EA0000000726
B0942425605403N00855857EA0000000725
B0942475605339N00855768EA0000000730
B0942525605239N00855832EA0000000738
B0942575605193N00856006EA0000000748
B0943025605224N00856162EA0000000753
B0943075605284N00856204EA0000000765
B0943125605314N00856134EA0000000763
B0943185605288N00856003EA0000000754
B0943235605259N00855872EA0000000733
B0943305605246N00855654EA0000000724
B0943355605250N00855498EA0000000731
B0943405605222N00855361EA0000000753
B0943455605125N00855322EA0000000753
B0943505605024N00855407EA0000000738
B0943555604953N00855568EA0000000723
B0944015604911N00855794EA0000000716
B0944085604915N00856050EA0000000712
B0944135604953N00856199EA0000000710
B0944185605020N00856257EA0000000710
B0944235605074N00856208EA0000000712
B0944285605097N00856101EA0000000711
B0944355605118N00855918EA0000000693
B0944405605134N00855773EA0000000693
B0944465605159N00855595EA0000000688
B0944545605198N00855364EA0000000687
B0945035605245N00855115EA0000000667
B0945135605305N00854848EA0000000646
B0945205605357N00854679EA0000000629
B0945255605399N00854560EA0000000604
B0945305605448N00854426EA0000000575
B0945365605513N00854252EA0000000566
B0945415605560N00854100EA0000000564
B0945475605612N00853910EA0000000564
B0945525605654N00853763EA0000000576
B0945575605694N00853631EA0000000580
B0946035605755N00853489EA0000000586
B0946085605810N00853395EA0000000600
B0946145605878N00853297EA0000000608
B0946215605957N00853214EA0000000633
B0946275606014N00853135EA0000000627
B0946325606055N00853034EA0000000620
B0946385606092N00852909EA0000000645
B0946435606097N00852803EA0000000640
B0946485606030N00852708EA0000000644
B0946535605927N00852767EA0000000641
B0946585605863N00852935EA0000000635
B0947035605843N00853132EA0000000625
B0947095605787N00853364EA0000000629
B0947145605721N00853533EA0000000631
B0947195605650N00853688EA0000000650
B0947245605592N00853841EA0000000658
B0947295605591N00854019EA0000000652
B0947345605646N00854119EA0000000654
B0947395605695N00854080EA0000000641
B0947455605688N00853945EA0000000634
B0947535605630N00853769EA0000000641
B0947585605558N00853700EA0000000632
B0948035605456N00853743EA0000000628
B0948085605376N00853873EA0000000637
B0948155605301N00854097EA0000000630
B0948205605267N00854282EA0000000625
B0948265605250N00854510EA0000000626
B0948335605271N00854746EA0000000633
B0948385605317N00854859EA0000000629
B0948435605373N00854873EA0000000618
B0948485605401N00854784EA0000000592
B0948535605405N00854646EA0000000572
B0948585605400N00854502EA0000000569
B0949045605396N00854342EA0000000585
B0949105605387N00854192EA0000000593
B0949165605382N00854050EA0000000605
B0949215605383N00853943EA0000000602
B0949275605400N00853813EA0000000595
B0949335605431N00853710EA0000000598
B0949395605467N00853625EA0000000583
B0949445605500N00853549EA0000000578
B0949505605468N00853422EA0000000567
B0949555605377N00853368EA0000000553
B0950035605198N00853440EA0000000543
B0950085605090N00853529EA0000000536
B0950135604985N00853635EA0000000528
B0950185604887N00853759EA0000000519
B0950235604814N00853930EA0000000507
B0950285604778N00854131EA0000000494
B0950335604763N00854338EA0000000489
B0950395604750N00854585EA0000000475
B0950485604729N00854954EA0000000464
B0950555604712N00855240EA0000000460
B0951005604700N00855434EA0000000481
B0951055604698N00855604EA0000000490
B0951105604747N00855723EA0000000479
B0951155604799N00855693EA0000000488
B0951205604783N00855594EA0000000484
B0951265604695N00855512EA0000000483
B0951325604577N00855528EA0000000485
B0951375604479N00855612EA0000000488
B0951425604418N00855771EA0000000488
B0951475604414N00855953EA0000000483
B0951525604453N00856093EA0000000485
B0951585604528N00856139EA0000000487
B0952035604554N00856063EA0000000487
B0952085604490N00855980EA0000000491
B0952135604395N00856053EA0000000506
B0952195604367N00856268EA0000000493
B0952245604415N00856411EA0000000510
B0952305604474N00856386EA0000000510
B0952355604435N00856286EA0000000510
B0952405604339N00856325EA0000000528
B0952455604303N00856508EA0000000530
B0952505604360N00856612EA0000000539
B0952555604388N00856538EA0000000541
B0953005604325N00856453EA0000000548
B0953055604227N00856499EA0000000562
B0953105604183N00856674EA0000000560
B0953155604209N00856855EA0000000562
B0953215604286N00856908EA0000000572
B0953265604305N00856814EA0000000561
B0953315604250N00856716EA0000000564
B0953365604155N00856697EA0000000584
B0953415604068N00856808EA0000000581
B0953465604046N00856996EA0000000580
B0953515604093N00857139EA0000000585
B0953565604161N00857167EA0000000589
B0954015604193N00857089EA0000000591
B0954065604166N00856985EA0000000592
B0954115604088N00856920EA0000000598
B0954165603986N00856950EA0000000605
B0954215603933N00857120EA0000000607
B0954265603977N00857269EA0000000602
B0954315604043N00857260EA0000000619
B0954365604036N00857151EA0000000627
B0954415603942N00857106EA0000000632
B0954465603851N00857228EA0000000644
B0954515603846N00857417EA0000000645
B0954565603902N00857537EA0000000657
B0955015603965N00857538EA0000000665
B0955065603985N00857446EA0000000668
B0955115603936N00857347EA0000000669
B0955165603840N00857325EA0000000682
B0955215603748N00857432EA0000000683
B0955275603720N00857656EA0000000688
B0955325603765N00857793EA0000000699
B0955375603827N00857814EA0000000710
B0955425603829N00857716EA0000000706
B0955475603750N00857652EA0000000709
B0955525603647N00857706EA0000000720
B0955575603598N00857878EA0000000721
B0956025603626N00858050EA0000000716
B0956075603698N00858133EA0000000730
B0956125603745N00858079EA0000000741
B0956175603703N00857982EA0000000737
B0956225603602N00857966EA0000000743
B0956275603503N00858052EA0000000759
B0956325603447N00858212EA0000000751
B0956375603451N00858406EA0000000746
B0956425603509N00858522EA0000000763
B0956475603567N00858512EA0000000769
B0956525603556N00858409EA0000000764
B0956575603465N00858372EA0000000775
B0957025603380N00858495EA0000000787
B0957075603379N00858683EA0000000786
B0957125603446N00858763EA0000000794
B0957185603474N00858662EA0000000795
B0957235603396N00858591EA0000000797
B0957285603298N00858680EA0000000813
B0957335603284N00858868EA0000000815
B0957385603343N00858987EA0000000820
B0957435603394N00858941EA0000000823
B0957485603371N00858827EA0000000817
B0957535603290N00858756EA0000000834
B0957585603194N00858827EA0000000838
B0958045603159N00859049EA0000000841
B0958095603213N00859173EA0000000844
B0958145603275N00859168EA0000000848
B0958195603291N00859067EA0000000840
B0958245603239N00858965EA0000000851
B0958295603142N00858965EA0000000855
B0958345603058N00859098EA0000000858
B0958395603048N00859284EA0000000859
B0958445603107N00859385EA0000000862
B0958495603165N00859359EA0000000866
B0958545603170N00859253EA0000000864
B0958595603099N00859171EA0000000865
B0959045603002N00859228EA0000000877
B0959095602948N00859391EA0000000874
B0959145602960N00859571EA0000000872
B0959195603022N00859649EA0000000878
B0959245603072N00859610EA0000000871
B0959305603121N00859507EA0000000861
B0959365603171N00859405EA0000000879
B0959415603212N00859339EA0000000888
B0959465603253N00859278EA0000000885
B0959515603303N00859211EA0000000876
B0959575603382N00859158EA0000000864
B1000025603457N00859138EA0000000862
B1000105603582N00859111EA0000000860
B1000155603662N00859090EA0000000847
B1000225603778N00859049EA0000000827
B1000285603879N00859004EA0000000810
B1000365604022N00858931EA0000000787
B1000435604150N00858865EA0000000785
B1000485604241N00858823EA0000000781
B1000555604359N00858740EA0000000785
B1001005604421N00858653EA0000000815
B1001065604476N00858578EA0000000839
B1001115604518N00858511EA0000000828
B1001205604599N00858359EA0000000840
B1001255604647N00858304EA0000000857
B1001305604662N00858216EA0000000857
B1001355604594N00858138EA0000000846
B1001405604494N00858206EA0000000838
B1001455604434N00858377EA0000000835
B1001505604420N00858566EA0000000836
B1001555604441N00858739EA0000000842
B1002005604485N00858879EA0000000840
B1002055604550N00858950EA0000000846
B1002105604609N00858913EA0000000854
B1002155604599N00858800EA0000000859
B1002205604501N00858784EA0000000871
B1002255604430N00858950EA0000000880
B1002305604461N00859126EA0000000884
B1002355604532N00859150EA0000000900
B1002405604549N00859047EA0000000898
B1002455604464N00858984EA0000000912
B1002505604372N00859106EA0000000929
B1002555604368N00859303EA0000000928
B1003005604437N00859394EA0000000937
B1003055604486N00859329EA0000000952
B1003105604460N00859219EA0000000951
B1003155604359N00859214EA0000000953
B1003205604296N00859378EA0000000967
B1003255604320N00859550EA0000000949
B1003305604393N00859628EA0000000966
B1003355604438N00859577EA0000000977
B1003405604392N00859478EA0000000972
B1003455604290N00859510EA0000000982
B1003505604228N00859671EA0000000992
B1003555604240N00859848EA0000000995
B1004005604305N00859927EA0000000999
B1004055604345N00859866EA0000001002
B1004105604306N00859760EA0000001004
B1004175604187N00859692EA0000001019
B1004225604085N00859720EA0000001020
B1004275603992N00859824EA0000001037
B1004325603944N00859998EA0000001040
B1004375603963N00900174EA0000001034
B1004425604028N00900268EA0000001034
B1004475604083N00900227EA0000001033
B1004525604087N00900108EA0000001041
B1004575604028N00900000EA0000001047
B1005025603949N00859900EA0000001037
B1005075603859N00859793EA0000001021
B1005125603770N00859685EA0000001016
B1005195603669N00859502EA0000001002
B1005255603581N00859342EA0000000997
B1005325603465N00859176EA0000000996
B1005375603376N00859072EA0000000998
B1005435603271N00858963EA0000001003
B1005495603163N00858875EA0000001002
B1005545603067N00858816EA0000000996
B1005595602957N00858824EA0000000989
B1006045602859N00858952EA0000000979
B1006095602828N00859168EA0000000962
B1006155602870N00859411EA0000000942
B1006215602939N00859646EA0000000925
B1006265603000N00859844EA0000000916
B1006315603065N00900045EA0000000905
B1006365603133N00900248EA0000000892
B1006425603218N00900495EA0000000884
B1006545603366N00901011EA0000000865
B1006595603407N00901241EA0000000890
B1007045603430N00901452EA0000000910
B1007095603457N00901653EA0000000901
B1007145603497N00901856EA0000000886
B1007205603564N00902092EA0000000869
B1007265603642N00902321EA0000000854
B1007335603733N00902591EA0000000844
B1007405603813N00902854EA0000000866
B1007455603865N00903034EA0000000858
B1007505603923N00903223EA0000000847
B1007555603988N00903400EA0000000853
B1008005604049N00903571EA0000000854
B1008065604107N00903809EA0000000829
B1008115604136N00904037EA0000000811
B1008185604153N00904389EA0000000779
B1008245604156N00904707EA0000000760
B1008305604153N00905033EA0000000744
B1008375604142N00905420EA0000000724
B1008425604129N00905698EA0000000719
B1008485604107N00906024EA0000000714
B1008545604091N00906352EA0000000704
B1009005604077N00906676EA0000000704
B1009055604065N00906935EA0000000700
B1009105604059N00907197EA0000000680
B1009155604062N00907464EA0000000669
B1009215604067N00907789EA0000000654
B1009275604094N00908105EA0000000648
B1009335604138N00908411EA0000000645
B1009385604177N00908648EA0000000649
B1009445604204N00908947EA0000000638
B1009495604200N00909198EA0000000680
B1009545604192N00909389EA0000000737
B1010005604177N00909589EA0000000736
B1010055604163N00909762EA0000000719
B1010105604142N00909966EA0000000695
B1010155604119N00910190EA0000000686
B1010225604084N00910523EA0000000652
B1010275604055N00910780EA0000000632
B1010345604009N00911144EA0000000618
B1010395603972N00911405EA0000000611
B1010445603937N00911628EA0000000680
B1010505603904N00911820EA0000000705
B1010555603869N00911999EA0000000689
B1011005603831N00912182EA0000000721
B1011055603798N00912333EA0000000738
B1011105603763N00912496EA0000000726
B1011155603733N00912671EA0000000725
B1011205603713N00912855EA0000000721
B1011265603703N00913088EA0000000704
B1011325603709N00913336EA0000000709
B1011375603727N00913530EA0000000706
B1011425603748N00913726EA0000000720
B1011475603774N00913894EA0000000729
B1011545603844N00914099EA0000000693
B1011595603908N00914256EA0000000674
B1012045603976N00914422EA0000000656
B1012115604070N00914668EA0000000651
B1012165604132N00914843EA0000000640
B1012215604195N00915029EA0000000619
B1012275604269N00915258EA0000000608
B1012345604349N00915532EA0000000601
B1012395604401N00915735EA0000000595
B1012445604451N00915948EA0000000595
B1012495604491N00916149EA0000000644
B1012545604510N00916283EA0000000690
B1012595604548N00916387EA0000000660
B1013045604603N00916363EA0000000658
B1013095604570N00916253EA0000000666
B1013145604471N00916222EA0000000675
B1013195604372N00916299EA0000000697
B1013245604344N00916478EA0000000695
B1013295604396N00916580EA0000000704
B1013345604425N00916507EA0000000704
B1013395604371N00916401EA0000000711
B1013445604277N00916388EA0000000730
B1013495604205N00916536EA0000000732
B1013545604223N00916717EA0000000737
B1013595604283N00916732EA0000000744
B1014045604269N00916622EA0000000751
B1014095604179N00916584EA0000000768
B1014145604085N00916680EA0000000780
B1014195604043N00916861EA0000000784
B1014245604073N00917009EA0000000790
B1014295604131N00917039EA0000000791
B1014345604139N00916941EA0000000783
B1014395604059N00916869EA0000000801
B1014445603963N00916918EA0000000823
B1014495603899N00917075EA0000000817
B1014545603904N00917253EA0000000812
B1014595603961N00917384EA0000000799
B1015065604073N00917532EA0000000772
B1015125604186N00917652EA0000000735
B1015195604338N00917805EA0000000692
B1015265604488N00917965EA0000000694
B1015315604587N00918077EA0000000696
B1015365604686N00918189EA0000000683
B1015435604831N00918342EA0000000674
B1015495604954N00918469EA0000000688
B1015545605047N00918571EA0000000699
B1015595605136N00918678EA0000000691
B1016045605223N00918800EA0000000690
B1016095605309N00918932EA0000000694
B1016145605391N00919065EA0000000683
B1016195605471N00919211EA0000000677
B1016245605548N00919360EA0000000675
B1016295605620N00919518EA0000000684
B1016345605678N00919655EA0000000725
B1016405605730N00919787EA0000000730
B1016455605777N00919916EA0000000708
B1016525605845N00920150EA0000000684
B1016575605889N00920342EA0000000678
B1017025605928N00920542EA0000000666
B1017085605978N00920804EA0000000654
B1017175606045N00921203EA0000000673
B1017225606073N00921416EA0000000687
B1017305606102N00921712EA0000000718
B1017365606120N00921933EA0000000720
B1017415606134N00922129EA0000000721
B1017475606143N00922389EA0000000699
B1017575606142N00922859EA0000000687
B1018035606138N00923147EA0000000682
B1018085606136N00923385EA0000000680
B1018135606128N00923629EA0000000664
B1018205606113N00923993EA0000000643
B1018255606101N00924258EA0000000640
B1018315606085N00924573EA0000000639
B1018365606072N00924837EA0000000632
B1018425606050N00925158EA0000000616
B1018485606024N00925487EA0000000604
B1018555605985N00925861EA0000000607
B1019045605923N00926323EA0000000604
B1019105605877N00926624EA0000000593
B1019155605841N00926877EA0000000592
B1019205605807N00927107EA0000000608
B1019255605761N00927319EA0000000599
B1019305605678N00927512EA0000000583
B1019375605517N00927701EA0000000572
B1019425605396N00927810EA0000000575
B1019485605252N00927940EA0000000569
B1019535605134N00928059EA0000000599
B1019585605048N00928163EA0000000657
B1020035604998N00928313EA0000000646
B1020085605027N00928474EA0000000644
B1020145605085N00928425EA0000000656
B1020195605055N00928305EA0000000674
B1020245604963N00928294EA0000000688
B1020295604902N00928453EA0000000696
B1020345604946N00928582EA0000000702
B1020395605001N00928541EA0000000716
B1020445605004N00928430EA0000000732
B1020495604929N00928358EA0000000740
B1020545604836N00928473EA0000000750
B1020595604847N00928649EA0000000762
B1021045604906N00928638EA0000000780
B1021095604880N00928526EA0000000786
B1021145604776N00928542EA0000000794
B1021195604708N00928711EA0000000803
B1021245604719N00928883EA0000000813
B1021295604784N00928936EA0000000810
B1021345604810N00928833EA0000000830
B1021395604736N00928764EA0000000846
B1021445604639N00928868EA0000000844
B1021495604625N00929060EA0000000855
B1021545604684N00929149EA0000000862
B1021595604722N00929076EA0000000873
B1022045604654N00928992EA0000000887
B1022095604554N00929099EA0000000893
B1022145604540N00929295EA0000000905
B1022195604603N00929384EA0000000912
B1022245604647N00929313EA0000000926
B1022295604608N00929198EA0000000946
B1022345604514N00929180EA0000000968
B1022395604417N00929280EA0000000967
B1022445604358N00929455EA0000000973
B1022495604370N00929627EA0000000981
B1022545604431N00929705EA0000000980
B1022595604495N00929675EA0000000969
B1023045604506N00929553EA0000000991
B1023095604464N00929449EA0000001020
B1023145604378N00929426EA0000001016
B1023195604268N00929492EA0000000997
B1023245604153N00929617EA0000000982
B1023315603988N00929832EA0000000970
B1023365603867N00929989EA0000000971
B1023415603745N00930136EA0000000974
B1023465603622N00930276EA0000000959
B1023545603418N00930503EA0000000940
B1024005603261N00930678EA0000000930
B1024055603125N00930807EA0000000924
B1024115602962N00930954EA0000000931
B1024195602748N00931143EA0000000923
B1024245602612N00931272EA0000000911
B1024315602425N00931462EA0000000926
B1024385602250N00931610EA0000000960
B1024435602138N00931698EA0000000990
B1024485602047N00931777EA0000001007
B1024535601950N00931861EA0000000999
B1024585601852N00931954EA0000001014
B1025035601754N00932052EA0000000987
B1025095601606N00932180EA0000000939
B1025155601441N00932319EA0000000917
B1025205601304N00932443EA0000000903
B1025275601105N00932619EA0000000870
B1025345600898N00932796EA0000000850
B1025395600752N00932923EA0000000845
B1025445600608N00933047EA0000000832
B1025535600344N00933264EA0000000812
B1026005600132N00933410EA0000000800
B1026065559951N00933532EA0000000787
B1026115559799N00933612EA0000000788
B1026165559649N00933672EA0000000785
B1026245559407N00933755EA0000000778
B1026325559166N00933834EA0000000770
B1026385558984N00933889EA0000000765
B1026455558774N00933945EA0000000755
B1026535558532N00934006EA0000000736
B1027005558327N00934058EA0000000746
B1027075558134N00934140EA0000000741
B1027145557944N00934275EA0000000731
B1027195557817N00934397EA0000000739
B1027265557653N00934594EA0000000746
B1027315557544N00934760EA0000000735
B1027365557435N00934935EA0000000747
B1027415557343N00935090EA0000000790
B1027465557268N00935223EA0000000810
B1027525557174N00935380EA0000000792
B1027575557086N00935533EA0000000766
B1028045556951N00935775EA0000000740
B1028095556846N00935953EA0000000729
B1028145556741N00936133EA0000000729
B1028205556627N00936331EA0000000752
B1028285556483N00936590EA0000000728
B1028345556364N00936806EA0000000722
B1028405556249N00936993EA0000000746
B1028455556159N00937150EA0000000750
B1028505556075N00937305EA0000000776
B1028555556002N00937448EA0000000795
B1029005555981N00937625EA0000000793
B1029055556038N00937719EA0000000793
B1029115556071N00937627EA0000000798
B1029175555975N00937579EA0000000798
B1029225555883N00937684EA0000000804
B1029275555837N00937865EA0000000816
B1029335555844N00938082EA0000000827
B1029385555898N00938184EA0000000832
B1029435555953N00938147EA0000000830
B1029485555935N00938042EA0000000836
B1029535555846N00938010EA0000000831
B1029585555745N00938099EA0000000838
B1030035555679N00938255EA0000000849
B1030085555660N00938451EA0000000854
B1030135555704N00938599EA0000000851
B1030185555774N00938625EA0000000851
B1030235555811N00938546EA0000000854
B1030285555765N00938444EA0000000859
B1030335555667N00938431EA0000000859
B1030385555565N00938521EA0000000865
B1030435555500N00938692EA0000000872
B1030485555498N00938888EA0000000876
B1030535555551N00939023EA0000000870
B1030585555622N00939047EA0000000865
B1031035555655N00938964EA0000000874
B1031085555616N00938861EA0000000873
B1031135555520N00938839EA0000000874
B1031195555387N00938920EA0000000870
B1031255555260N00939028EA0000000887
B1031305555169N00939135EA0000000909
B1031365555122N00939357EA0000000900
B1031415555176N00939497EA0000000909
B1031465555227N00939447EA0000000914
B1031515555173N00939351EA0000000911
B1031565555070N00939410EA0000000925
B1032015555026N00939598EA0000000931
B1032065555080N00939736EA0000000937
B1032115555131N00939685EA0000000939
B1032165555095N00939574EA0000000936
B1032215554993N00939573EA0000000953
B1032265554904N00939703EA0000000955
B1032315554883N00939905EA0000000961
B1032365554938N00940035EA0000000967
B1032415555003N00940025EA0000000969
B1032465555013N00939924EA0000000973
B1032515554945N00939845EA0000000970
B1032565554833N00939874EA0000000965
B1033025554695N00939980EA0000000972
B1033075554580N00940072EA0000000978
B1033125554463N00940170EA0000000970
B1033175554336N00940270EA0000000953
B1033225554201N00940359EA0000000955
B1033275554072N00940447EA0000000972
B1033325553942N00940530EA0000000965
B1033375553804N00940614EA0000000942
B1033425553658N00940698EA0000000941
B1033475553523N00940772EA0000000986
B1033525553417N00940841EA0000001028
B1033575553323N00940911EA0000001035
B1034035553197N00941009EA0000000995
B1034105553016N00941139EA0000000982
B1034155552883N00941237EA0000000971
B1034215552713N00941348EA0000000948
B1034265552565N00941432EA0000000934
B1034325552381N00941527EA0000000913
B1034385552194N00941623EA0000000903
B1034445552011N00941725EA0000000899
B1034515551800N00941840EA0000000891
B1034595551559N00941969EA0000000876
B1035055551385N00942060EA0000000889
B1035105551245N00942137EA0000000881
B1035155551104N00942223EA0000000860
B1035205550959N00942316EA0000000849
B1035255550815N00942410EA0000000850
B1035315550641N00942517EA0000000838
B1035365550493N00942592EA0000000852
B1035425550323N00942669EA0000000851
B1035475550180N00942728EA0000000851
B1035525550041N00942778EA0000000867
B1036005549813N00942863EA0000000850
B1036055549664N00942933EA0000000851
B1036115549491N00943020EA0000000865
B1036195549267N00943141EA0000000857
B1036245549134N00943212EA0000000891
B1036305549013N00943286EA0000000920
B1036355548907N00943344EA0000000911
B1036455548749N00943546EA0000000951
B1036505548771N00943700EA0000000937
B1036555548842N00943758EA0000000951
B1037015548910N00943713EA0000000968
B1037065548932N00943625EA0000000972
B1037115548909N00943517EA0000000976
B1037165548847N00943425EA0000000968
B1037215548761N00943359EA0000000971
B1037265548665N00943331EA0000000980
B1037315548567N00943366EA0000000990
B1037365548503N00943504EA0000000989
B1037415548516N00943659EA0000000999
B1037465548581N00943706EA0000001005
B1037515548616N00943602EA0000001015
B1037565548543N00943509EA0000001023
B1038025548432N00943627EA0000001026
B1038075548437N00943800EA0000001043
B1038125548503N00943859EA0000001051
B1038175548537N00943749EA0000001063
B1038225548460N00943666EA0000001081
B1038275548358N00943741EA0000001083
B1038335548319N00943952EA0000001103
B1038385548380N00944033EA0000001105
B1038435548423N00943932EA0000001109
B1038485548364N00943815EA0000001131
B1038535548255N00943838EA0000001140
B1038585548184N00943996EA0000001150
B1039035548203N00944159EA0000001162
B1039085548274N00944162EA0000001167
B1039135548281N00944033EA0000001180
B1039185548198N00943951EA0000001190
B1039235548086N00943995EA0000001195
B1039285548014N00944150EA0000001207
B1039335548023N00944316EA0000001213
B1039385548089N00944361EA0000001217
B1039435548110N00944246EA0000001228
B1039485548036N00944146EA0000001237
B1039535547930N00944199EA0000001248
B1039585547885N00944371EA0000001252
B1040035547932N00944491EA0000001254
B1040085547983N00944429EA0000001269
B1040135547944N00944312EA0000001281
B1040185547844N00944283EA0000001283
B1040235547732N00944359EA0000001277
B1040295547592N00944496EA0000001252
B1040355547433N00944644EA0000001229
B1040465547129N00944920EA0000001214
B1040565546847N00945170EA0000001187
B1041015546700N00945283EA0000001175
B1041065546550N00945386EA0000001165
B1041135546340N00945521EA0000001153
B1041195546156N00945605EA0000001145
B1041255545980N00945660EA0000001158
B1041305545839N00945689EA0000001177
B1041355545729N00945707EA0000001242
B1041405545641N00945729EA0000001244
B1041455545531N00945763EA0000001201
B1041515545375N00945826EA0000001171
B1041585545176N00945919EA0000001139
B1042045544993N00946007EA0000001121
B1042105544811N00946091EA0000001118
B1042155544662N00946156EA0000001099
B1042205544507N00946218EA0000001080
B1042255544350N00946271EA0000001073
B1042305544195N00946304EA0000001069
B1042365544011N00946330EA0000001069
B1042435543796N00946363EA0000001053
B1042505543579N00946420EA0000001041
B1042585543331N00946483EA0000001029
B1043065543084N00946533EA0000001016
B1043135542869N00946567EA0000001003
B1043195542686N00946592EA0000000992
B1043265542475N00946604EA0000000989
B1043335542272N00946587EA0000001000
B1043405542097N00946568EA0000001036
B1043455541991N00946536EA0000001062
B1043505541900N00946485EA0000001079
B1043555541799N00946525EA0000001085
B1044005541738N00946688EA0000001088
B1044055541749N00946860EA0000001087
B1044105541807N00946959EA0000001083
B1044155541876N00946979EA0000001084
B1044205541932N00946931EA0000001097
B1044255541950N00946833EA0000001106
B1044305541919N00946722EA0000001111
B1044375541814N00946622EA0000001117
B1044435541688N00946611EA0000001133
B1044485541587N00946659EA0000001152
B1044545541521N00946850EA0000001147
B1044595541555N00947004EA0000001154
B1045045541617N00947030EA0000001164
B1045095541651N00946945EA0000001167
B1045145541626N00946821EA0000001188
B1045195541544N00946749EA0000001198
B1045245541437N00946772EA0000001211
B1045295541357N00946904EA0000001212
B1045355541324N00947137EA0000001200
B1045415541250N00947362EA0000001198
B1045485541106N00947563EA0000001184
B1045535540983N00947662EA0000001166
B1046025540733N00947765EA0000001155
B1046075540594N00947791EA0000001163
B1046125540461N00947812EA0000001166
B1046185540304N00947836EA0000001162
B1046275540063N00947835EA0000001159
B1046355539854N00947829EA0000001149
B1046405539721N00947823EA0000001130
B1046515539409N00947801EA0000001108
B1047015539124N00947791EA0000001094
B1047125538808N00947802EA0000001078
B1047175538660N00947831EA0000001068
B1047225538509N00947879EA0000001062
B1047275538360N00947940EA0000001062
B1047375538073N00948142EA0000001056
B1047445537877N00948322EA0000001047
B1047535537624N00948571EA0000001038
B1048015537400N00948792EA0000001039
B1048085537204N00948944EA0000001059
B1048135537074N00949043EA0000001073
B1048185536948N00949145EA0000001067
B1048275536710N00949344EA0000001040
B1048325536574N00949455EA0000001030
B1048425536301N00949665EA0000001020
B1048525536017N00949809EA0000000999
B1049015535758N00949875EA0000000997
B1049085535560N00949905EA0000000988
B1049165535330N00949926EA0000000975
B1049265535043N00949940EA0000000956
B1049325534871N00949946EA0000000952
B1049385534701N00949949EA0000000948
B1049455534510N00949953EA0000000988
B1049505534395N00949962EA0000001026
B1049575534256N00949987EA0000001055
B1050065534061N00950030EA0000001042
B1050115533949N00950067EA0000001057
B1050165533846N00950107EA0000001067
B1050235533702N00950177EA0000001057
B1050285533593N00950229EA0000001040
B1050335533472N00950281EA0000001018
B1050405533295N00950358EA0000001009
B1050475533122N00950436EA0000001017
B1050535532985N00950498EA0000001022
B1050595532844N00950587EA0000000990
B1051065532678N00950771EA0000000962
B1051145532511N00951077EA0000000931
B1051205532392N00951330EA0000000917
B1051255532296N00951546EA0000000907
B1051305532203N00951752EA0000000915
B1051355532109N00951956EA0000000898
B1051405532008N00952168EA0000000878
B1051485531831N00952502EA0000000854
B1051545531682N00952728EA0000000843
B1052055531406N00953097EA0000000842
B1052105531276N00953253EA0000000838
B1052175531094N00953479EA0000000838
B1052225530970N00953637EA0000000844
B1052305530776N00953894EA0000000838
B1052355530654N00954055EA0000000833
B1052405530529N00954221EA0000000820
B1052455530402N00954392EA0000000815
B1052505530277N00954557EA0000000813
B1052565530130N00954761EA0000000802
B1053025529978N00954965EA0000000787
B1053075529850N00955126EA0000000784
B1053135529697N00955306EA0000000773
B1053195529544N00955486EA0000000768
B1053265529362N00955699EA0000000759
B1053335529176N00955895EA0000000751
B1053405528989N00956051EA0000000756
B1053485528780N00956197EA0000000754
B1053555528590N00956317EA0000000733
B1054005528457N00956398EA0000000737
B1054065528299N00956492EA0000000726
B1054115528163N00956567EA0000000742
B1054165528050N00956632EA0000000797
B1054215527957N00956693EA0000000815
B1054275527832N00956800EA0000000788
B1054325527719N00956881EA0000000807
B1054385527600N00956962EA0000000830
B1054445527483N00957038EA0000000824
B1054495527381N00957105EA0000000827
B1054555527270N00957210EA0000000855
B1055015527221N00957415EA0000000849
B1055065527257N00957576EA0000000858
B1055115527319N00957635EA0000000871
B1055165527359N00957578EA0000000873
B1055215527331N00957470EA0000000877
B1055265527241N00957441EA0000000892
B1055315527161N00957565EA0000000904
B1055365527165N00957745EA0000000902
B1055415527231N00957837EA0000000912
B1055465527290N00957815EA0000000925
B1055525527309N00957712EA0000000925
B1055575527269N00957610EA0000000915
B1056025527194N00957538EA0000000907
B1056075527097N00957511EA0000000934
B1056125527013N00957604EA0000000957
B1056175526996N00957783EA0000000964
B1056225527059N00957870EA0000000975
B1056275527103N00957793EA0000000984
B1056325527043N00957707EA0000000999
B1056375526948N00957791EA0000001015
B1056425526943N00957972EA0000001041
B1056475527013N00958034EA0000001044
B1056525527047N00957939EA0000001057
B1056575526979N00957858EA0000001080
B1057025526883N00957933EA0000001099
B1057075526860N00958112EA0000001119
B1057125526922N00958212EA0000001130
B1057175526980N00958159EA0000001138
B1057225526947N00958050EA0000001154
B1057275526847N00958055EA0000001168
B1057325526773N00958202EA0000001192
B1057385526796N00958399EA0000001212
B1057445526878N00958396EA0000001214
B1057495526864N00958275EA0000001232
B1057545526769N00958257EA0000001242
B1057595526677N00958390EA0000001244
B1058055526587N00958623EA0000001257
B1058115526493N00958862EA0000001271
B1058165526413N00959061EA0000001272
B1058225526314N00959303EA0000001278
B1058275526232N00959507EA0000001270
B1058355526087N00959852EA0000001243
B1058445525913N01000268EA0000001214
B1058525525752N01000640EA0000001210
B1058575525652N01000867EA0000001207
B1059055525488N01001226EA0000001186
B1059115525367N01001498EA0000001177
B1059185525223N01001813EA0000001167
B1059245525100N01002079EA0000001159
B1059355524866N01002559EA0000001145
B1059415524741N01002819EA0000001140
B1059485524602N01003127EA0000001136
B1059535524505N01003344EA0000001137
B1100005524371N01003640EA0000001129
B1100055524274N01003849EA0000001121
B1100115524156N01004096EA0000001116
B1100175524039N01004340EA0000001111
B1100235523925N01004583EA0000001104
B1100295523799N01004814EA0000001092
B1100345523686N01004995EA0000001083
B1100395523566N01005168EA0000001081
B1100445523443N01005325EA0000001082
B1100525523246N01005561EA0000001080
B1100575523122N01005705EA0000001077
B1101025522999N01005842EA0000001069
B1101075522873N01005979EA0000001052
B1101125522744N01006128EA0000001035
B1101195522558N01006343EA0000001032
B1101245522432N01006492EA0000001053
B1101295522316N01006629EA0000001072
B1101355522198N01006787EA0000001088
B1101415522083N01006962EA0000001077
B1101475521963N01007154EA0000001078
B1101535521840N01007337EA0000001083
B1101585521735N01007484EA0000001078
B1102045521605N01007647EA0000001069
B1102115521444N01007822EA0000001058
B1102165521323N01007936EA0000001049
B1102245521122N01008118EA0000001024
B1102325520915N01008305EA0000001000
B1102385520760N01008428EA0000000995
B1102435520629N01008530EA0000000970
B1102495520463N01008672EA0000000956
B1102575520250N01008903EA0000000946
B1103025520122N01009060EA0000000933
B1103075519996N01009226EA0000000935
B1103125519880N01009382EA0000000965
B1103185519751N01009547EA0000000970
B1103235519637N01009681EA0000000960
B1103285519523N01009817EA0000000968
B1103345519397N01009958EA0000000998
B1103415519260N01010111EA0000000985
B1103465519157N01010222EA0000000982
B1103515519043N01010308EA0000000963
B1103565518919N01010364EA0000000950
B1104025518761N01010415EA0000000922
B1104095518565N01010468EA0000000902
B1104145518425N01010503EA0000000897
B1104205518261N01010565EA0000000897
B1104265518103N01010653EA0000000889
B1104315517970N01010744EA0000000876
B1104365517838N01010858EA0000000860
B1104425517676N01010995EA0000000848
B1104475517539N01011095EA0000000839
B1104545517345N01011215EA0000000829
B1105015517155N01011317EA0000000826
B1105095516935N01011436EA0000000816
B1105175516706N01011543EA0000000788
B1105225516561N01011601EA0000000775
B1105285516387N01011656EA0000000765
B1105365516156N01011746EA0000000745
B1105415516011N01011808EA0000000747
B1105465515872N01011857EA0000000751
B1105515515734N01011908EA0000000742
B1105565515597N01011982EA0000000753
B1106015515481N01012049EA0000000802
B1106075515358N01012125EA0000000823
B1106135515243N01012198EA0000000832
B1106185515140N01012267EA0000000812
B1106245515006N01012360EA0000000804
B1106305514866N01012458EA0000000787
B1106405514619N01012618EA0000000779
B1106475514449N01012728EA0000000767
B1106525514321N01012821EA0000000749
B1106595514164N01013034EA0000000745
B1107045514076N01013225EA0000000734
B1107115513956N01013516EA0000000705
B1107185513834N01013818EA0000000701
B1107235513748N01014023EA0000000703
B1107295513629N01014245EA0000000701
B1107345513525N01014399EA0000000733
B1107445513333N01014635EA0000000765
B1107495513239N01014743EA0000000769
B1107555513132N01014883EA0000000761
B1108015513019N01015041EA0000000733
B1108075512898N01015218EA0000000719
B1108165512708N01015490EA0000000685
B1108235512548N01015714EA0000000655
B1108295512405N01015904EA0000000640
B1108365512234N01016121EA0000000615
B1108435512062N01016355EA0000000597
B1108495511915N01016555EA0000000588
B1108595511674N01016877EA0000000587
B1109065511504N01017084EA0000000586
B1109145511324N01017331EA0000000582
B1109225511137N01017568EA0000000554
B1109275511005N01017674EA0000000546
B1109325510869N01017707EA0000000557
B1109375510757N01017693EA0000000601
B1109425510663N01017675EA0000000608
B1109485510540N01017651EA0000000590
B1109555510390N01017653EA0000000583
B1110005510278N01017714EA0000000569
B1110055510173N01017834EA0000000566
B1110115510061N01018015EA0000000551
B1110175509950N01018221EA0000000534
B1110255509806N01018522EA0000000508
B1110305509716N01018720EA0000000523
B1110365509629N01018927EA0000000564
B1110425509546N01019119EA0000000554
B1110475509467N01019285EA0000000568
B1110525509398N01019423EA0000000592
B1110585509314N01019593EA0000000566
B1111035509232N01019743EA0000000574
B1111135509069N01020039EA0000000560
B1111205508946N01020250EA0000000565
B1111265508832N01020401EA0000000570
B1111345508689N01020591EA0000000598
B1111395508648N01020762EA0000000591
B1111445508681N01020920EA0000000583
B1111495508753N01020957EA0000000585
B1111545508794N01020883EA0000000599
B1111595508771N01020779EA0000000610
B1112045508690N01020719EA0000000611
B1112095508590N01020809EA0000000613
B1112145508570N01020995EA0000000626
B1112215508656N01021086EA0000000620
B1112265508690N01021002EA0000000629
B1112315508642N01020901EA0000000639
B1112385508496N01020958EA0000000635
B1112435508442N01021137EA0000000651
B1112485508471N01021294EA0000000652
B1112555508567N01021336EA0000000652
B1113005508604N01021259EA0000000666
B1113055508554N01021165EA0000000665
B1113125508416N01021264EA0000000667
B1113175508394N01021453EA0000000668
B1113225508431N01021617EA0000000676
B1113275508497N01021690EA0000000686
B1113325508552N01021652EA0000000692
B1113375508527N01021541EA0000000690
B1113435508406N01021557EA0000000696
B1113485508340N01021716EA0000000704
B1113535508352N01021892EA0000000712
B1113585508414N01021971EA0000000715
B1114035508459N01021908EA0000000719
B1114085508426N01021803EA0000000716
B1114145508305N01021790EA0000000713
B1114195508205N01021893EA0000000729
B1114245508153N01022056EA0000000737
B1114295508188N01022206EA0000000726
B1114365508275N01022193EA0000000738
B1114415508265N01022087EA0000000739
B1114465508191N01022012EA0000000747
B1114515508094N01022006EA0000000750
B1114575507965N01022073EA0000000743
B1115035507834N01022183EA0000000740
B1115105507690N01022328EA0000000738
B1115155507590N01022450EA0000000741
B1115215507473N01022591EA0000000749
B1115275507351N01022737EA0000000738
B1115325507250N01022859EA0000000741
B1115395507116N01023038EA0000000736
B1115445507034N01023185EA0000000733
B1115495506968N01023355EA0000000719
B1115565506923N01023637EA0000000708
B1116015506909N01023850EA0000000695
B1116065506901N01024076EA0000000672
B1116115506896N01024316EA0000000664
B1116185506900N01024628EA0000000686
B1116245506901N01024886EA0000000675
B1116315506892N01025197EA0000000654
B1116375506879N01025480EA0000000628
B1116475506847N01025958EA0000000613
B1116535506823N01026244EA0000000614
B1116585506805N01026446EA0000000674
B1117035506835N01026589EA0000000682
B1117095506919N01026595EA0000000669
B1117145506932N01026485EA0000000678
B1117195506883N01026383EA0000000681
B1117305506669N01026406EA0000000679
B1117355506573N01026514EA0000000681
B1117405506517N01026687EA0000000684
B1117455506524N01026860EA0000000699
B1117505506571N01026974EA0000000701
B1117555506639N01027022EA0000000710
B1118005506683N01026960EA0000000703
B1118055506642N01026851EA0000000700
B1118135506489N01026869EA0000000726
B1118185506410N01026985EA0000000724
B1118245506384N01027196EA0000000721
B1118295506434N01027311EA0000000722
B1118345506503N01027331EA0000000725
B1118395506545N01027259EA0000000726
B1118445506501N01027153EA0000000724
B1118515506380N01027235EA0000000739
B1118565506359N01027406EA0000000736
B1119015506399N01027546EA0000000742
B1119085506496N01027591EA0000000739
B1119135506529N01027509EA0000000731
B1119195506488N01027378EA0000000720
B1119255506398N01027280EA0000000731
B1119305506310N01027231EA0000000739
B1119365506181N01027264EA0000000725
B1119425506064N01027438EA0000000724
B1119525505914N01027821EA0000000695
B1120025505785N01028246EA0000000692
B1120085505707N01028494EA0000000677
B1120185505563N01028902EA0000000678
B1120265505435N01029200EA0000000694
B1120335505321N01029453EA0000000676
B1120385505229N01029622EA0000000701
B1120435505160N01029782EA0000000744
B1120495505183N01029967EA0000000738
B1120545505251N01030001EA0000000730
B1120595505285N01029915EA0000000722
B1121065505228N01029747EA0000000722
B1121125505133N01029660EA0000000746
B1121235504930N01029791EA0000000739
B1121285504919N01029977EA0000000740
B1121345504982N01030125EA0000000752
B1121405505058N01030137EA0000000760
B1121455505077N01030024EA0000000753
B1121575504888N01030109EA0000000773
B1122025504907N01030269EA0000000789
B1122075504975N01030279EA0000000791
B1122145504979N01030114EA0000000803
B1122235504809N01030199EA0000000813
B1122285504807N01030376EA0000000826
B1122335504868N01030456EA0000000837
B1122385504925N01030396EA0000000836
B1122435504924N01030266EA0000000854
B1122515504781N01030291EA0000000858
B1122565504767N01030473EA0000000868
B1123015504833N01030578EA0000000883
B1123065504900N01030524EA0000000881
B1123115504856N01030398EA0000000902
B1123185504720N01030501EA0000000909
B1123235504704N01030680EA0000000928
B1123285504765N01030782EA0000000939
B1123335504835N01030737EA0000000944
B1123395504819N01030585EA0000000965
B1123515504598N01030710EA0000000970
B1123565504569N01030880EA0000000987
B1124015504600N01031026EA0000000982
B1124065504669N01031077EA0000000982
B1124135504756N01030994EA0000000988
B1124185504789N01030884EA0000001007
B1124235504747N01030771EA0000001009
B1124305504608N01030830EA0000001004
B1124355504581N01031002EA0000001009
B1124405504618N01031154EA0000001027
B1124475504718N01031211EA0000001047
B1124525504732N01031091EA0000001062
B1125045504529N01031171EA0000001082
B1125095504528N01031351EA0000001097
B1125145504593N01031453EA0000001109
B1125215504665N01031362EA0000001134
B1125265504611N01031250EA0000001141
B1125365504436N01031413EA0000001162
B1125425504425N01031620EA0000001182
B1125475504478N01031743EA0000001181
B1125525504552N01031764EA0000001196
B1125575504592N01031679EA0000001208
B1126025504559N01031554EA0000001216
B1126085504445N01031511EA0000001224
B1126165504324N01031707EA0000001238
B1126215504329N01031884EA0000001244
B1126265504389N01031999EA0000001254
B1126315504462N01032007EA0000001263
B1126365504496N01031908EA0000001268
B1126415504457N01031783EA0000001279
B1126475504343N01031741EA0000001282
B1126525504250N01031839EA0000001284
B1126585504189N01032051EA0000001287
B1127055504131N01032340EA0000001258
B1127145504057N01032745EA0000001240
B1127195504011N01032972EA0000001229
B1127245503956N01033201EA0000001222
B1127295503894N01033424EA0000001220
B1127375503793N01033784EA0000001210
B1127445503695N01034092EA0000001204
B1127495503622N01034314EA0000001195
B1127555503536N01034581EA0000001195
B1128005503466N01034799EA0000001194
B1128075503366N01035094EA0000001187
B1128175503227N01035513EA0000001180
B1128225503163N01035717EA0000001184
B1128275503130N01035918EA0000001200
B1128325503163N01036089EA0000001196
B1128375503241N01036160EA0000001190
B1128445503340N01036063EA0000001174
B1128495503382N01035921EA0000001155
B1128585503437N01035617EA0000001126
B1129065503473N01035330EA0000001116
B1129155503506N01035001EA0000001107
B1129215503522N01034785EA0000001106
B1129265503534N01034601EA0000001098
B1129325503550N01034381EA0000001089
B1129375503566N01034197EA0000001077
B1129425503587N01034013EA0000001069
B1129475503611N01033833EA0000001058
B1129525503638N01033649EA0000001037
B1129575503673N01033465EA0000001048
B1130025503704N01033307EA0000001091
B1130105503740N01033081EA0000001089
B1130175503781N01032867EA0000001071
B1130265503834N01032581EA0000001047
B1130315503865N01032418EA0000001031
B1130375503904N01032210EA0000001016
B1130435503941N01031995EA0000001007
B1130505503986N01031746EA0000000990
B1130565504019N01031532EA0000000980
B1131035504048N01031283EA0000000976
B1131145504092N01030899EA0000000964
B1131255504149N01030529EA0000000945
B1131345504201N01030232EA0000000957
B1131395504226N01030085EA0000000988
B1131445504246N01029968EA0000001020
B1131515504245N01029816EA0000001025
B1131565504173N01029738EA0000001029
B1132045504029N01029845EA0000001031
B1132095503992N01030019EA0000001023
B1132145504010N01030180EA0000001036
B1132195504062N01030269EA0000001042
B1132265504152N01030276EA0000001040
B1132335504215N01030171EA0000001046
B1132395504239N01030042EA0000001056
B1132445504259N01029930EA0000001054
B1132515504287N01029770EA0000001055
B1132595504316N01029596EA0000001049
B1133055504340N01029451EA0000001049
B1133105504364N01029332EA0000001053
B1133175504402N01029186EA0000001053
B1133235504435N01029076EA0000001050
B1133285504473N01028993EA0000001043
B1133375504564N01028878EA0000001049
B1133425504621N01028835EA0000001060
B1133495504709N01028791EA0000001040
B1133565504818N01028755EA0000001023
B1134015504901N01028734EA0000001026
B1134065504985N01028724EA0000001017
B1134125505095N01028718EA0000001001
B1134205505246N01028714EA0000001001
B1134255505333N01028709EA0000000998
B1134315505437N01028702EA0000000984
B1134375505538N01028696EA0000000982
B1134465505692N01028697EA0000000948
B1134515505785N01028709EA0000000944
B1134575505893N01028734EA0000000962
B1135025505974N01028759EA0000000976
B1135075506046N01028781EA0000000985
B1135135506133N01028793EA0000000983
B1135185506198N01028803EA0000000995
B1135255506290N01028770EA0000000970
B1135315506377N01028687EA0000000962
B1135375506459N01028591EA0000000972
B1135425506525N01028509EA0000000970
B1135485506597N01028410EA0000000968
B1135535506657N01028318EA0000000953
B1135585506722N01028217EA0000000933
B1136065506834N01028045EA0000000912
B1136155506967N01027855EA0000000907
B1136225507073N01027708EA0000000904
B1136285507164N01027581EA0000000903
B1136335507239N01027489EA0000000916
B1136395507333N01027406EA0000000914
B1136465507455N01027337EA0000000900
B1136515507553N01027302EA0000000898
B1136565507649N01027274EA0000000902
B1137015507743N01027252EA0000000896
B1137065507836N01027237EA0000000912
B1137135507950N01027235EA0000000926
B1137185508032N01027245EA0000000928
B1137245508132N01027257EA0000000930
B1137295508219N01027268EA0000000928
B1137355508325N01027283EA0000000912
B1137405508423N01027294EA0000000895
B1137475508566N01027293EA0000000897
B1137525508665N01027289EA0000000894
B1137575508763N01027280EA0000000888
B1138025508861N01027259EA0000000881
B1138085508976N01027228EA0000000862
B1138155509107N01027179EA0000000851
B1138215509219N01027129EA0000000851
B1138265509308N01027084EA0000000864
B1138315509379N01027027EA0000000896
B1138385509460N01026952EA0000000915
B1138455509541N01026871EA0000000911
B1138505509606N01026806EA0000000903
B1138565509681N01026737EA0000000924
B1139025509751N01026684EA0000000905
B1139085509844N01026640EA0000000879
B1139135509934N01026618EA0000000871
B1139235510116N01026604EA0000000868
B1139295510230N01026601EA0000000841
B1139365510376N01026579EA0000000822
B1139415510480N01026542EA0000000813
B1139465510580N01026497EA0000000815
B1139515510672N01026450EA0000000820
B1139595510820N01026362EA0000000789
B1140075510969N01026262EA0000000787
B1140135511080N01026201EA0000000784
B1140195511185N01026139EA0000000793
B1140265511284N01026080EA0000000811
B1140365511427N01026018EA0000000817
B1140415511495N01026002EA0000000838
B1140465511551N01025995EA0000000858
B1140535511630N01025977EA0000000842
B1140595511709N01025960EA0000000803
B1141065511826N01025948EA0000000789
B1141125511936N01025948EA0000000766
B1141195512070N01025957EA0000000754
B1141245512167N01025968EA0000000751
B1141305512284N01025992EA0000000740
B1141365512410N01026024EA0000000713
B1141445512578N01026070EA0000000709
B1141525512743N01026112EA0000000684
B1141575512850N01026137EA0000000677
B1142055513015N01026178EA0000000666
B1142115513140N01026220EA0000000659
B1142185513272N01026276EA0000000685
B1142275513427N01026370EA0000000685
B1142355513560N01026461EA0000000684
B1142405513643N01026527EA0000000683
B1142475513754N01026614EA0000000698
B1142525513831N01026672EA0000000691
B1142575513912N01026735EA0000000714
B1143025513971N01026770EA0000000732
B1143095513986N01026648EA0000000713
B1143145513900N01026614EA0000000723
B1143285513782N01027048EA0000000746
B1143335513835N01027172EA0000000745
B1143395513911N01027200EA0000000751
B1143445513951N01027141EA0000000742
B1143495513958N01027036EA0000000727
B1143545513917N01026928EA0000000732
B1144005513830N01026862EA0000000738
B1144065513717N01026855EA0000000742
B1144195513604N01027201EA0000000752
B1144245513671N01027283EA0000000760
B1144295513726N01027244EA0000000767
B1144345513714N01027138EA0000000763
B1144395513640N01027074EA0000000774
B1144455513527N01027108EA0000000787
B1144545513418N01027379EA0000000785
B1144595513441N01027537EA0000000790
B1145055513516N01027649EA0000000791
B1145105513583N01027696EA0000000800
B1145165513659N01027723EA0000000799
B1145215513722N01027713EA0000000779
B1145275513800N01027641EA0000000746
B1145335513879N01027527EA0000000717
B1145425513995N01027325EA0000000702
B1145495514077N01027152EA0000000684
B1145565514154N01026969EA0000000669
B1146015514210N01026831EA0000000653
B1146075514278N01026663EA0000000646
B1146125514331N01026527EA0000000638
B1146175514385N01026388EA0000000631
B1146235514451N01026215EA0000000626
B1146285514505N01026076EA0000000639
B1146345514564N01025919EA0000000645
B1146395514613N01025800EA0000000670
B1146445514647N01025714EA0000000711
B1146495514636N01025615EA0000000700
B1146545514561N01025539EA0000000689
B1147075514435N01025896EA0000000713
B1147125514492N01026018EA0000000714
B1147185514581N01026075EA0000000727
B1147235514642N01026043EA0000000732
B1147285514648N01025940EA0000000726
B1147335514602N01025839EA0000000718
B1147405514604N01025679EA0000000685
B1147455514645N01025566EA0000000680
B1147505514699N01025473EA0000000681
B1147575514788N01025352EA0000000660
B1148055514905N01025220EA0000000644
B1148145515045N01025097EA0000000654
B1148225515159N01025005EA0000000657
B1148285515245N01024936EA0000000653
B1148345515323N01024854EA0000000637
B1148395515354N01024731EA0000000625
B1148485515322N01024475EA0000000618
B1148555515282N01024274EA0000000605
B1149005515257N01024130EA0000000594
B1149055515233N01023985EA0000000585
B1149105515209N01023837EA0000000570
B1149165515188N01023643EA0000000546
B1149225515177N01023440EA0000000544
B1149275515172N01023277EA0000000558
B1149345515173N01023068EA0000000578
B1149395515175N01022937EA0000000604
B1149445515179N01022826EA0000000616
B1149515515181N01022661EA0000000609
B1149565515180N01022539EA0000000625
B1150015515177N01022426EA0000000643
B1150065515130N01022336EA0000000641
B1150155514971N01022461EA0000000644
B1150205514965N01022639EA0000000642
B1150255515022N01022752EA0000000641
B1150305515092N01022786EA0000000648
B1150365515164N01022757EA0000000663
B1150415515204N01022686EA0000000658
B1150475515148N01022572EA0000000661
B1150555515019N01022734EA0000000663
B1151005515034N01022911EA0000000673
B1151055515102N01022983EA0000000685
B1151105515152N01022925EA0000000683
B1151155515113N01022817EA0000000685
B1151235514971N01022925EA0000000695
B1151285514967N01023112EA0000000703
B1151335515028N01023199EA0000000723
B1151385515074N01023135EA0000000717
B1151435515028N01023028EA0000000717
B1151485514929N01023050EA0000000730
B1151565514864N01023325EA0000000734
B1152015514906N01023470EA0000000753
B1152065514974N01023495EA0000000752
B1152125515007N01023386EA0000000753
B1152175514968N01023277EA0000000763
B1152225514896N01023211EA0000000766
B1152295514759N01023236EA0000000772
B1152345514684N01023374EA0000000788
B1152395514684N01023555EA0000000789
B1152465514772N01023681EA0000000799
B1152515514823N01023632EA0000000799
B1152565514816N01023518EA0000000799
B1153025514760N01023387EA0000000811
B1153075514677N01023331EA0000000819
B1153145514546N01023487EA0000000820
B1153195514536N01023683EA0000000841
B1153245514594N01023788EA0000000851
B1153295514656N01023758EA0000000854
B1153365514668N01023600EA0000000871
B1153415514617N01023501EA0000000880
B1153465514517N01023529EA0000000893
B1153535514459N01023779EA0000000895
B1153585514512N01023915EA0000000906
B1154035514585N01023924EA0000000915
B1154105514620N01023778EA0000000924
B1154155514567N01023670EA0000000933
B1154205514463N01023686EA0000000940
B1154275514396N01023925EA0000000958
B1154325514454N01024044EA0000000965
B1154375514516N01024008EA0000000972
B1154445514494N01023842EA0000000982
B1154495514393N01023817EA0000000988
B1154585514272N01024094EA0000001011
B1155035514308N01024250EA0000001023
B1155085514376N01024293EA0000001029
B1155135514428N01024230EA0000001034
B1155185514442N01024117EA0000001049
B1155235514410N01024011EA0000001060
B1155285514312N01023988EA0000001062
B1155355514202N01024180EA0000001077
B1155405514207N01024364EA0000001081
B1155455514265N01024483EA0000001085
B1155525514365N01024487EA0000001090
B1155575514402N01024390EA0000001105
B1156025514386N01024269EA0000001110
B1156075514315N01024176EA0000001108
B1156125514211N01024177EA0000001111
B1156195514092N01024355EA0000001126
B1156265514071N01024610EA0000001136
B1156315514114N01024750EA0000001137
B1156365514179N01024814EA0000001139
B1156435514260N01024759EA0000001145
B1156495514275N01024623EA0000001154
B1156555514252N01024477EA0000001152
B1157005514231N01024339EA0000001135
B1157055514212N01024186EA0000001141
B1157105514194N01024024EA0000001149
B1157175514168N01023785EA0000001164
B1157255514138N01023510EA0000001158
B1157305514120N01023339EA0000001156
B1157395514098N01023013EA0000001118
B1157455514087N01022783EA0000001107
B1157515514075N01022551EA0000001094
B1157565514066N01022358EA0000001091
B1158015514058N01022167EA0000001084
B1158085514048N01021899EA0000001067
B1158135514045N01021704EA0000001059
B1158185514046N01021512EA0000001051
B1158255514049N01021245EA0000001039
B1158375514054N01020794EA0000001085
B1158425514062N01020639EA0000001123
B1158485514068N01020494EA0000001137
B1158535514090N01020372EA0000001115
B1158595514136N01020223EA0000001139
B1159045514171N01020128EA0000001158
B1159095514210N01020041EA0000001149
B1159175514303N01019903EA0000001142
B1159225514371N01019817EA0000001141
B1159275514446N01019734EA0000001136
B1159335514539N01019648EA0000001155
B1159385514612N01019590EA0000001167
B1159465514731N01019499EA0000001167
B1159535514841N01019436EA0000001184
B1159595514936N01019420EA0000001195
B1200065515053N01019421EA0000001195
B1200115515144N01019427EA0000001194
B1200165515237N01019412EA0000001190
B1200225515343N01019354EA0000001192
B1200285515438N01019269EA0000001207
B1200335515511N01019190EA0000001199
B1200395515600N01019080EA0000001177
B1200445515672N01018974EA0000001170
B1200505515754N01018837EA0000001157
B1200585515865N01018633EA0000001137
B1201055515953N01018438EA0000001125
B1201125516030N01018239EA0000001123
B1201175516080N01018099EA0000001118
B1201255516160N01017862EA0000001093
B1201305516210N01017708EA0000001086
B1201355516260N01017559EA0000001086
B1201405516310N01017416EA0000001079
B1201475516390N01017230EA0000001072
B1201525516453N01017105EA0000001060
B1201585516538N01016959EA0000001043
B1202055516636N01016783EA0000001023
B1202125516740N01016602EA0000000997
B1202175516817N01016470EA0000000991
B1202225516891N01016340EA0000000982
B1202275516965N01016209EA0000000975
B1202335517048N01016049EA0000000970
B1202395517128N01015886EA0000000963
B1202465517217N01015689EA0000000947
B1202525517293N01015511EA0000000931
B1202595517378N01015303EA0000000923
B1203045517436N01015160EA0000000921
B1203095517493N01015021EA0000000917
B1203145517553N01014886EA0000000909
B1203195517617N01014756EA0000000902
B1203245517681N01014629EA0000000895
B1203305517759N01014478EA0000000882
B1203385517871N01014272EA0000000864
B1203455517979N01014106EA0000000846
B1203505518060N01013991EA0000000828
B1203565518158N01013850EA0000000824
B1204045518275N01013673EA0000000848
B1204095518338N01013568EA0000000853
B1204145518402N01013469EA0000000860
B1204215518482N01013344EA0000000878
B1204275518556N01013266EA0000000866
B1204335518653N01013229EA0000000833
B1204385518752N01013224EA0000000806
B1204485518967N01013239EA0000000791
B1204535519078N01013258EA0000000789
B1205005519235N01013289EA0000000793
B1205055519344N01013298EA0000000794
B1205125519489N01013292EA0000000792
B1205175519592N01013280EA0000000781
B1205265519777N01013238EA0000000767
B1205345519937N01013175EA0000000750
B1205435520107N01013094EA0000000740
B1205505520235N01013020EA0000000717
B1205565520345N01012946EA0000000710
B1206015520436N01012886EA0000000702
B1206065520529N01012830EA0000000695
B1206125520640N01012770EA0000000684
B1206185520748N01012714EA0000000677
B1206235520838N01012667EA0000000676
B1206285520923N01012625EA0000000711
B1206345521006N01012579EA0000000718
B1206395521078N01012536EA0000000701
B1206455521171N01012468EA0000000693
B1206535521290N01012383EA0000000704
B1206585521355N01012331EA0000000714
B1207035521412N01012274EA0000000721
B1207095521483N01012213EA0000000731
B1207145521535N01012172EA0000000726
B1207205521605N01012109EA0000000702
B1207275521700N01012028EA0000000675
B1207335521787N01011962EA0000000669
B1207395521873N01011900EA0000000658
B1207485522005N01011807EA0000000630
B1207585522159N01011701EA0000000624
B1208055522256N01011619EA0000000627
B1208115522327N01011524EA0000000626
B1208185522401N01011382EA0000000620
B1208245522448N01011240EA0000000635
B1208295522470N01011133EA0000000643
B1208365522489N01010966EA0000000633
B1208425522498N01010819EA0000000656
B1208485522490N01010704EA0000000674
B1208535522437N01010617EA0000000674
B1208585522341N01010612EA0000000669
B1209035522259N01010739EA0000000685
B1209125522301N01010997EA0000000705
B1209175522358N01010953EA0000000708
B1209225522337N01010832EA0000000715
B1209275522250N01010777EA0000000720
B1209325522150N01010823EA0000000733
B1209375522079N01010970EA0000000731
B1209435522083N01011179EA0000000743
B1209485522146N01011233EA0000000754
B1209535522180N01011145EA0000000753
B1210005522101N01011003EA0000000772
B1210055522000N01011035EA0000000776
B1210105521929N01011180EA0000000775
B1210165521927N01011399EA0000000785
B1210215521973N01011519EA0000000808
B1210265522036N01011551EA0000000807
B1210315522064N01011456EA0000000812
B1210365522008N01011349EA0000000814
B1210415521902N01011361EA0000000830
B1210465521823N01011499EA0000000835
B1210515521825N01011675EA0000000848
B1210565521889N01011753EA0000000853
B1211015521946N01011700EA0000000863
B1211065521936N01011583EA0000000869
B1211115521855N01011511EA0000000876
B1211165521752N01011566EA0000000887
B1211215521687N01011723EA0000000893
B1211265521690N01011896EA0000000905
B1211315521745N01012008EA0000000908
B1211365521816N01012021EA0000000922
B1211415521863N01011953EA0000000930
B1211465521872N01011838EA0000000930
B1211515521832N01011719EA0000000936
B1211585521696N01011686EA0000000956
B1212045521612N01011855EA0000000962
B1212095521633N01012015EA0000000967
B1212145521701N01012056EA0000000979
B1212195521747N01011984EA0000000986
B1212245521737N01011856EA0000000988
B1212295521659N01011762EA0000001004
B1212345521557N01011816EA0000001016
B1212395521507N01011982EA0000001009
B1212445521534N01012148EA0000001019
B1212495521592N01012248EA0000001035
B1212545521658N01012287EA0000001039
B1213005521734N01012253EA0000001041
B1213065521788N01012156EA0000001046
B1213115521814N01012053EA0000001057
B1213165521815N01011945EA0000001069
B1213215521756N01011849EA0000001059
B1213265521657N01011851EA0000001071
B1213315521580N01011978EA0000001074
B1213375521557N01012195EA0000001067
B1213435521610N01012370EA0000001076
B1213485521678N01012434EA0000001082
B1213535521745N01012405EA0000001074
B1213595521804N01012285EA0000001069
B1214045521839N01012154EA0000001065
B1214115521884N01011948EA0000001058
B1214165521918N01011789EA0000001071
B1214225521954N01011607EA0000001083
B1214285521989N01011431EA0000001078
B1214345522026N01011245EA0000001075
B1214405522066N01011059EA0000001083
B1214465522106N01010885EA0000001101
B1214515522137N01010749EA0000001105
B1214575522177N01010577EA0000001112
B1215025522210N01010438EA0000001118
B1215105522270N01010221EA0000001117
B1215155522311N01010082EA0000001115
B1215205522354N01009942EA0000001121
B1215255522396N01009802EA0000001126
B1215315522445N01009630EA0000001131
B1215365522483N01009484EA0000001152
B1215415522518N01009350EA0000001177
B1215465522550N01009227EA0000001207
B1215515522578N01009114EA0000001224
B1215565522607N01008996EA0000001244
B1216025522646N01008865EA0000001247
B1216085522689N01008731EA0000001242
B1216145522737N01008588EA0000001242
B1216195522780N01008468EA0000001250
B1216255522828N01008333EA0000001255
B1216335522907N01008141EA0000001244
B1216385522957N01008017EA0000001241
B1216465523040N01007808EA0000001225
B1216515523100N01007670EA0000001206
B1216575523186N01007516EA0000001190
B1217045523302N01007367EA0000001179
B1217095523397N01007289EA0000001176
B1217145523496N01007234EA0000001174
B1217215523638N01007187EA0000001167
B1217275523758N01007159EA0000001158
B1217345523904N01007128EA0000001130
B1217415524053N01007100EA0000001118
B1217475524180N01007082EA0000001106
B1217535524310N01007063EA0000001096
B1218045524541N01007003EA0000001085
B1218105524663N01006954EA0000001091
B1218165524780N01006919EA0000001100
B1218235524916N01006887EA0000001089
B1218295525037N01006855EA0000001090
B1218345525136N01006830EA0000001090
B1218405525249N01006776EA0000001095
B1218475525358N01006656EA0000001114
B1218525525419N01006559EA0000001128
B1218595525489N01006426EA0000001138
B1219075525569N01006268EA0000001116
B1219155525654N01006091EA0000001085
B1219225525740N01005919EA0000001074
B1219275525802N01005800EA0000001095
B1219335525874N01005672EA0000001103
B1219405525965N01005518EA0000001104
B1219485526069N01005340EA0000001097
B1219575526185N01005145EA0000001107
B1220075526307N01004923EA0000001081
B1220165526419N01004704EA0000001060
B1220245526521N01004510EA0000001064
B1220315526606N01004341EA0000001078
B1220375526675N01004206EA0000001100
B1220425526714N01004105EA0000001138
B1220485526749N01004004EA0000001156
B1220535526782N01003913EA0000001159
B1221005526836N01003795EA0000001178
B1221055526882N01003714EA0000001170
B1221105526939N01003629EA0000001152
B1221155527005N01003539EA0000001133
B1221215527088N01003423EA0000001125
B1221265527157N01003325EA0000001118
B1221325527241N01003206EA0000001105
B1221385527322N01003069EA0000001092
B1221435527382N01002944EA0000001088
B1221505527469N01002779EA0000001081
B1221565527552N01002643EA0000001076
B1222045527670N01002476EA0000001073
B1222145527821N01002284EA0000001062
B1222215527927N01002159EA0000001056
B1222315528075N01001980EA0000001046
B1222365528145N01001885EA0000001044
B1222475528306N01001670EA0000001024
B1222555528419N01001509EA0000001024
B1223005528483N01001406EA0000001017
B1223055528549N01001301EA0000001008
B1223115528629N01001176EA0000001003
B1223255528821N01000896EA0000000974
B1223335528936N01000722EA0000000958
B1223405529032N01000561EA0000000952
B1223495529144N01000333EA0000000936
B1223555529205N01000156EA0000000930
B1224005529247N00959999EA0000000916
B1224085529309N00959733EA0000000901
B1224175529373N00959429EA0000000890
B1224235529415N00959225EA0000000882
B1224285529446N00959055EA0000000874
B1224355529488N00958811EA0000000862
B1224405529517N00958635EA0000000857
B1224495529569N00958324EA0000000850
B1224545529595N00958155EA0000000848
B1225015529632N00957924EA0000000839
B1225075529664N00957725EA0000000829
B1225155529709N00957464EA0000000819
B1225205529738N00957302EA0000000811
B1225265529771N00957105EA0000000807
B1225345529815N00956851EA0000000804
B1225435529864N00956567EA0000000795
B1225505529903N00956345EA0000000788
B1225565529938N00956163EA0000000786
B1226015529969N00956013EA0000000775
B1226105530032N00955738EA0000000757
B1226175530090N00955536EA0000000757
B1226225530134N00955400EA0000000756
B1226275530177N00955271EA0000000764
B1226335530227N00955133EA0000000765
B1226415530302N00954962EA0000000765
B1226485530368N00954815EA0000000772
B1226555530429N00954675EA0000000789
B1227015530463N00954559EA0000000786
B1227065530464N00954438EA0000000778
B1227115530434N00954325EA0000000771
B1227175530380N00954186EA0000000756
B1227225530320N00954069EA0000000764
B1227295530240N00953915EA0000000792
B1227365530114N00953882EA0000000801
B1227415530025N00954017EA0000000808
B1227465530010N00954211EA0000000813
B1227525530073N00954369EA0000000818
B1227575530146N00954372EA0000000827
B1228025530171N00954272EA0000000839
B1228095530072N00954177EA0000000848
B1228145529981N00954293EA0000000861
B1228195529966N00954485EA0000000868
B1228245530013N00954625EA0000000878
B1228295530085N00954657EA0000000889
B1228345530130N00954581EA0000000898
B1228395530099N00954468EA0000000906
B1228445530004N00954448EA0000000921
B1228495529916N00954563EA0000000934
B1228545529886N00954752EA0000000936
B1228595529924N00954911EA0000000947
B1229055530014N00954956EA0000000958
B1229105530056N00954869EA0000000967
B1229175529983N00954732EA0000000978
B1229225529882N00954794EA0000000993
B1229275529835N00954971EA0000000997
B1229325529858N00955152EA0000001003
B1229375529926N00955246EA0000001016
B1229425529995N00955236EA0000001017
B1229475530034N00955146EA0000001016
B1229525530030N00955029EA0000001017
B1229575529980N00954925EA0000001010
B1230025529896N00954859EA0000001007
B1230085529776N00954860EA0000001005
B1230135529670N00954931EA0000001015
B1230185529581N00955061EA0000001027
B1230235529531N00955246EA0000001025
B1230285529547N00955430EA0000001032
B1230335529605N00955540EA0000001035
B1230385529672N00955550EA0000001030
B1230435529713N00955466EA0000001025
B1230495529706N00955316EA0000001029
B1230545529688N00955177EA0000001024
B1230595529665N00955032EA0000001035
B1231055529637N00954869EA0000001056
B1231115529605N00954717EA0000001065
B1231165529530N00954633EA0000001078
B1231215529423N00954650EA0000001068
B1231265529327N00954775EA0000001072
B1231315529277N00954962EA0000001082
B1231365529270N00955162EA0000001076
B1231415529304N00955327EA0000001088
B1231465529363N00955427EA0000001080
B1231515529436N00955439EA0000001082
B1231565529496N00955381EA0000001086
B1232015529546N00955302EA0000001104
B1232065529585N00955224EA0000001115
B1232125529630N00955110EA0000001116
B1232175529668N00955015EA0000001125
B1232235529718N00954896EA0000001097
B1232325529813N00954682EA0000001063
B1232375529873N00954554EA0000001046
B1232425529936N00954424EA0000001044
B1232505530034N00954221EA0000001048
B1232575530124N00954049EA0000001048
B1233035530204N00953912EA0000001040
B1233095530288N00953777EA0000001046
B1233155530367N00953646EA0000001043
B1233215530448N00953519EA0000001041
B1233265530515N00953415EA0000001035
B1233315530585N00953313EA0000001026
B1233375530670N00953198EA0000001019
B1233425530748N00953103EA0000000996
B1233485530850N00952992EA0000000982
B1233535530939N00952906EA0000000977
B1234015531079N00952775EA0000000968
B1234095531222N00952642EA0000000956
B1234155531330N00952542EA0000000951
B1234215531433N00952439EA0000000960
B1234275531532N00952335EA0000000968
B1234325531616N00952250EA0000000977
B1234375531696N00952168EA0000000978
B1234435531794N00952073EA0000000967
B1234485531875N00952000EA0000000956
B1234535531959N00951927EA0000000940
B1234585532045N00951857EA0000000935
B1235045532152N00951774EA0000000918
B1235095532245N00951712EA0000000913
B1235175532394N00951618EA0000000914
B1235225532486N00951568EA0000000918
B1235275532575N00951525EA0000000938
B1235335532663N00951480EA0000000967
B1235395532742N00951433EA0000000977
B1235465532831N00951368EA0000000983
B1235515532898N00951309EA0000000976
B1235575532972N00951240EA0000001000
B1236025533023N00951187EA0000000998
B1236085533095N00951103EA0000001001
B1236155533172N00951008EA0000001026
B1236215533231N00950924EA0000001010
B1236315533345N00950745EA0000000975
B1236375533417N00950624EA0000000965
B1236425533477N00950522EA0000000949
B1236475533540N00950414EA0000000933
B1236535533620N00950284EA0000000925
B1236585533687N00950180EA0000000927
B1237055533783N00950041EA0000000925
B1237105533852N00949942EA0000000915
B1237235534037N00949673EA0000000889
B1237285534108N00949570EA0000000883
B1237345534192N00949446EA0000000871
B1237405534275N00949319EA0000000863
B1237455534340N00949213EA0000000861
B1237515534421N00949092EA0000000851
B1237585534516N00948955EA0000000843
B1238035534585N00948860EA0000000830
B1238135534728N00948662EA0000000802
B1238185534803N00948563EA0000000805
B1238245534888N00948451EA0000000806
B1238325535002N00948297EA0000000811
B1238405535105N00948132EA0000000811
B1238455535156N00948033EA0000000834
B1238505535189N00947951EA0000000842
B1238595535251N00947765EA0000000799
B1239045535281N00947640EA0000000807
B1239105535317N00947484EA0000000806
B1239155535343N00947357EA0000000817
B1239215535370N00947212EA0000000826
B1239265535393N00947099EA0000000842
B1239315535414N00946992EA0000000846
B1239365535437N00946877EA0000000851
B1239425535463N00946742EA0000000881
B1239495535409N00946573EA0000000879
B1239545535304N00946526EA0000000881
B1240035535125N00946687EA0000000885
B1240085535082N00946866EA0000000873
B1240145535098N00947083EA0000000860
B1240195535154N00947188EA0000000862
B1240245535218N00947229EA0000000871
B1240345535334N00947236EA0000000886
B1240425535421N00947169EA0000000883
B1240495535478N00947072EA0000000847
B1240545535522N00946959EA0000000829
B1240595535554N00946833EA0000000849
B1241045535582N00946729EA0000000876
B1241095535599N00946620EA0000000888
B1241145535557N00946502EA0000000900
B1241225535399N00946486EA0000000905
B1241365535262N00946906EA0000000865
B1241415535310N00947037EA0000000860
B1241465535377N00947086EA0000000875
B1241525535450N00947056EA0000000890
B1242005535519N00946954EA0000000911
B1242055535555N00946884EA0000000909
B1242105535588N00946799EA0000000916
B1242155535615N00946715EA0000000931
B1242215535642N00946603EA0000000924
B1242265535668N00946490EA0000000937
B1242315535691N00946400EA0000000969
B1242365535679N00946294EA0000000953
B1242425535638N00946138EA0000000948
B1242475535652N00946029EA0000000965
B1242545535709N00945951EA0000000974
B1243005535769N00945903EA0000000976
B1243055535820N00945879EA0000000994
B1243105535868N00945854EA0000000994
B1243165535928N00945806EA0000000995
B1243225535984N00945738EA0000001002
B1243305536055N00945634EA0000001001
B1243365536113N00945546EA0000000984
B1243425536175N00945453EA0000000989
B1243495536246N00945353EA0000000990
B1243555536310N00945260EA0000001013
B1244005536359N00945199EA0000001033
B1244065536425N00945111EA0000001041
B1244115536441N00944994EA0000001066
B1244165536381N00944877EA0000001071
B1244235536232N00944905EA0000001079
B1244285536160N00945064EA0000001065
B1244335536149N00945261EA0000001060
B1244385536191N00945417EA0000001061
B1244465536296N00945564EA0000001088
B1244535536378N00945526EA0000001092
B1244585536367N00945394EA0000001093
B1245055536237N00945306EA0000001093
B1245115536108N00945394EA0000001105
B1245185536028N00945629EA0000001107
B1245235536027N00945820EA0000001112
B1245315536097N00946050EA0000001133
B1245365536161N00946126EA0000001143
B1245415536224N00946104EA0000001141
B1245465536235N00945989EA0000001141
B1245515536178N00945881EA0000001148
B1245565536078N00945863EA0000001156
B1246015535975N00945956EA0000001165
B1246065535912N00946132EA0000001189
B1246115535909N00946313EA0000001204
B1246165535964N00946435EA0000001208
B1246215536038N00946455EA0000001212
B1246275536092N00946372EA0000001225
B1246325536134N00946281EA0000001206
B1246375536191N00946178EA0000001200
B1246435536267N00946047EA0000001205
B1246495536342N00945920EA0000001204
B1246545536407N00945823EA0000001194
B1247015536509N00945691EA0000001189
B1247075536606N00945591EA0000001195
B1247135536705N00945500EA0000001207
B1247195536807N00945420EA0000001203
B1247265536932N00945341EA0000001211
B1247315537026N00945300EA0000001200
B1247385537165N00945266EA0000001185
B1247445537283N00945212EA0000001167
B1247495537383N00945155EA0000001155
B1247545537483N00945089EA0000001146
B1248005537603N00945014EA0000001135
B1248055537701N00944949EA0000001133
B1248135537854N00944841EA0000001120
B1248205537985N00944744EA0000001107
B1248275538116N00944649EA0000001099
B1248335538229N00944565EA0000001088
B1248385538323N00944495EA0000001087
B1248445538435N00944418EA0000001085
B1248495538528N00944358EA0000001079
B1248555538641N00944290EA0000001074
B1249005538735N00944238EA0000001070
B1249055538827N00944190EA0000001063
B1249115538942N00944144EA0000001052
B1249175539061N00944116EA0000001040
B1249245539201N00944093EA0000001028
B1249295539298N00944079EA0000001026
B1249395539491N00944065EA0000001015
B1249465539626N00944063EA0000001005
B1249525539746N00944065EA0000000994
B1250005539912N00944076EA0000000980
B1250055540016N00944090EA0000000976
B1250145540201N00944122EA0000000962
B1250215540341N00944144EA0000000951
B1250275540464N00944161EA0000000957
B1250325540561N00944170EA0000000957
B1250385540677N00944176EA0000000952
B1250465540830N00944189EA0000000939
B1250525540945N00944195EA0000000925
B1251045541188N00944216EA0000000907
B1251115541326N00944216EA0000000898
B1251185541463N00944209EA0000000882
B1251235541563N00944204EA0000000870
B1251295541685N00944200EA0000000866
B1251455542008N00944199EA0000000838
B1251505542109N00944198EA0000000831
B1251585542269N00944199EA0000000822
B1252085542470N00944194EA0000000805
B1252135542569N00944196EA0000000801
B1252235542767N00944209EA0000000792
B1252325542946N00944230EA0000000786
B1252375543041N00944238EA0000000789
B1252425543138N00944244EA0000000807
B1252475543218N00944249EA0000000839
B1252535543306N00944231EA0000000826
B1252585543365N00944158EA0000000833
B1253035543382N00944050EA0000000842
B1253085543348N00943940EA0000000838
B1253135543271N00943865EA0000000837
B1253185543172N00943868EA0000000835
B1253235543073N00943954EA0000000830
B1253295542976N00944130EA0000000844
B1253345542927N00944314EA0000000859
B1253395542945N00944492EA0000000856
B1253445543013N00944589EA0000000848
B1253495543088N00944595EA0000000854
B1253545543139N00944542EA0000000860
B1253595543148N00944433EA0000000854
B1254045543098N00944328EA0000000859
B1254095543015N00944279EA0000000854
B1254145542915N00944316EA0000000846
B1254195542818N00944425EA0000000865
B1254245542744N00944569EA0000000888
B1254295542724N00944749EA0000000889
B1254345542774N00944877EA0000000891
B1254395542834N00944851EA0000000896
B1254445542830N00944738EA0000000894
B1254495542748N00944676EA0000000916
B1254545542652N00944765EA0000000929
B1254595542622N00944958EA0000000935
B1255045542672N00945093EA0000000946
B1255095542738N00945088EA0000000952
B1255145542763N00944990EA0000000958
B1255205542686N00944892EA0000000976
B1255255542585N00944953EA0000000989
B1255305542537N00945134EA0000001000
B1255355542568N00945296EA0000001007
B1255415542652N00945347EA0000001017
B1255465542687N00945263EA0000001025
B1255515542643N00945159EA0000001032
B1255565542540N00945148EA0000001040
B1256015542451N00945279EA0000001062
B1256065542445N00945462EA0000001070
B1256115542505N00945575EA0000001070
B1256165542573N00945562EA0000001091
B1256215542597N00945464EA0000001093
B1256265542556N00945349EA0000001103
B1256315542461N00945319EA0000001104
B1256365542355N00945403EA0000001105
B1256415542284N00945571EA0000001126
B1256465542272N00945757EA0000001140
B1256515542306N00945919EA0000001134
B1256565542372N00946003EA0000001150
B1257015542430N00945969EA0000001160
B1257065542435N00945858EA0000001165
B1257115542367N00945770EA0000001182
B1257165542267N00945804EA0000001200
B1257215542190N00945950EA0000001201
B1257275542166N00946180EA0000001201
B1257325542203N00946340EA0000001208
B1257375542269N00946421EA0000001213
B1257435542352N00946427EA0000001213
B1257485542412N00946392EA0000001209
B1257555542515N00946336EA0000001181
B1258005542604N00946296EA0000001165
B1258055542697N00946259EA0000001156
B1258115542815N00946228EA0000001139
B1258165542920N00946202EA0000001127
B1258225543052N00946175EA0000001114
B1258275543160N00946153EA0000001112
B1258325543266N00946128EA0000001115
B1258385543388N00946094EA0000001115
B1258465543548N00946042EA0000001105
B1258525543665N00945994EA0000001095
B1259015543838N00945913EA0000001085
B1259065543931N00945862EA0000001076
B1259115544026N00945814EA0000001061
B1259225544246N00945726EA0000001047
B1259275544347N00945694EA0000001039
B1259325544448N00945662EA0000001032
B1259385544570N00945626EA0000001024
B1259435544673N00945598EA0000001030
B1259485544771N00945575EA0000001043
B1259535544867N00945555EA0000001047
B1259585544963N00945536EA0000001040
B1300045545080N00945518EA0000001034
B1300105545197N00945496EA0000001024
B1300185545354N00945445EA0000001006
B1300235545449N00945406EA0000000997
B1300285545543N00945367EA0000000999
B1300365545693N00945303EA0000000990
B1300425545804N00945247EA0000000991
B1300475545893N00945201EA0000000994
B1300525545980N00945150EA0000000990
B1300575546072N00945096EA0000000975
B1301025546166N00945040EA0000000970
B1301075546254N00944987EA0000001000
B1301125546333N00944944EA0000001003
B1301175546416N00944901EA0000000994
B1301235546513N00944854EA0000000992
B1301285546595N00944810EA0000000982
B1301355546715N00944745EA0000000978
B1301405546800N00944698EA0000000968
B1301455546886N00944648EA0000000959
B1301515546987N00944585EA0000000965
B1301565547065N00944535EA0000000963
B1302015547143N00944475EA0000000960
B1302075547224N00944403EA0000000973
B1302125547283N00944342EA0000000970
B1302185547356N00944264EA0000000961
B1302255547443N00944166EA0000000940
B1302325547534N00944061EA0000000925
B1302375547596N00943988EA0000000925
B1302425547661N00943924EA0000000919
B1302485547752N00943862EA0000000906
B1302545547851N00943809EA0000000894
B1303025547987N00943760EA0000000891
B1303075548071N00943735EA0000000883
B1303135548175N00943703EA0000000869
B1303185548264N00943673EA0000000858
B1303235548354N00943641EA0000000847
B1303345548552N00943560EA0000000828
B1303395548644N00943521EA0000000819
B1303465548773N00943473EA0000000806
B1303525548883N00943439EA0000000800
B1303575548974N00943425EA0000000798
B1304045549104N00943421EA0000000794
B1304115549234N00943428EA0000000804
B1304165549318N00943437EA0000000798
B1304215549406N00943449EA0000000782
B1304265549499N00943464EA0000000769
B1304315549592N00943482EA0000000764
B1304385549720N00943509EA0000000758
B1304435549809N00943532EA0000000752
B1304485549900N00943556EA0000000734
B1304535549995N00943589EA0000000723
B1304585550089N00943624EA0000000723
B1305045550195N00943676EA0000000718
B1305105550304N00943739EA0000000705
B1305155550395N00943809EA0000000699
B1305215550507N00943896EA0000000690
B1305265550600N00943962EA0000000683
B1305315550693N00944020EA0000000675
B1305365550789N00944074EA0000000659
B1305425550912N00944133EA0000000642
B1305515551103N00944205EA0000000638
B1305575551229N00944247EA0000000634
B1306025551330N00944277EA0000000632
B1306085551446N00944304EA0000000627
B1306165551599N00944339EA0000000618
B1306215551696N00944367EA0000000613
B1306265551797N00944394EA0000000604
B1306395552058N00944457EA0000000577
B1306485552239N00944508EA0000000574
B1306545552353N00944550EA0000000575
B1307015552480N00944605EA0000000573
B1307095552625N00944675EA0000000569
B1307165552751N00944740EA0000000561
B1307245552896N00944824EA0000000548
B1307315553023N00944903EA0000000542
B1307365553112N00944963EA0000000538
B1307415553199N00945029EA0000000530
B1307465553290N00945098EA0000000527
B1307525553390N00945176EA0000000543
B1307575553463N00945238EA0000000535
B1308035553558N00945319EA0000000526
B1308085553632N00945388EA0000000533
B1308135553706N00945457EA0000000532
B1308185553774N00945520EA0000000548
B1308235553834N00945570EA0000000543
B1308285553899N00945605EA0000000530
B1308335553959N00945588EA0000000526
B1308385554001N00945509EA0000000503
B1308435554037N00945395EA0000000486
B1308495554075N00945242EA0000000472
B1308545554101N00945102EA0000000464
B1308595554120N00944964EA0000000470
B1309055554140N00944799EA0000000457
B1309115554161N00944633EA0000000454
B1309165554180N00944498EA0000000454
B1309235554201N00944325EA0000000468
B1309285554214N00944217EA0000000467
B1309345554219N00944077EA0000000457
B1309415554186N00943908EA0000000482
B1309465554149N00943805EA0000000495
B1309525554041N00943766EA0000000495
B1309575553953N00943887EA0000000509
B1310025553955N00944073EA0000000521
B1310075554020N00944163EA0000000533
B1310125554070N00944104EA0000000545
B1310175554042N00943998EA0000000561
B1310225553952N00943982EA0000000559
B1310275553861N00944092EA0000000569
B1310325553837N00944286EA0000000583
B1310375553885N00944429EA0000000600
B1310425553954N00944442EA0000000605
B1310475553967N00944339EA0000000620
B1310525553902N00944268EA0000000622
B1310575553797N00944290EA0000000616
B1311025553722N00944444EA0000000647
B1311075553731N00944623EA0000000660
B1311125553797N00944703EA0000000665
B1311175553845N00944640EA0000000674
B1311225553818N00944531EA0000000677
B1311275553723N00944513EA0000000673
B1311325553632N00944644EA0000000693
B1311375553608N00944830EA0000000720
B1311425553663N00944951EA0000000717
B1311475553725N00944915EA0000000721
B1311525553696N00944813EA0000000735
B1311585553578N00944849EA0000000732
B1312035553527N00945031EA0000000759
B1312085553572N00945170EA0000000763
B1312135553642N00945171EA0000000761
B1312185553652N00945071EA0000000771
B1312235553587N00944993EA0000000755
B1312285553477N00945005EA0000000762
B1312345553374N00945156EA0000000799
B1312395553376N00945329EA0000000806
B1312445553445N00945418EA0000000798
B1312495553498N00945356EA0000000803
B1312545553461N00945247EA0000000819
B1312595553372N00945202EA0000000825
B1313045553269N00945269EA0000000840
B1313095553236N00945445EA0000000859
B1313145553289N00945573EA0000000867
B1313195553359N00945572EA0000000868
B1313245553373N00945465EA0000000880
B1313295553302N00945383EA0000000885
B1313345553202N00945434EA0000000899
B1313395553153N00945605EA0000000916
B1313445553180N00945768EA0000000932
B1313495553250N00945817EA0000000932
B1313545553291N00945738EA0000000944
B1313595553249N00945635EA0000000945
B1314045553148N00945621EA0000000957
B1314095553062N00945741EA0000000979
B1314145553051N00945921EA0000000994
B1314195553111N00946032EA0000001002
B1314245553177N00946012EA0000001009
B1314295553183N00945901EA0000001013
B1314345553109N00945817EA0000001027
B1314395553010N00945842EA0000001055
B1314445552945N00945990EA0000001067
B1314495552962N00946166EA0000001076
B1314545553034N00946230EA0000001088
B1314595553085N00946157EA0000001102
B1315045553054N00946040EA0000001107
B1315095552957N00946025EA0000001122
B1315145552884N00946170EA0000001141
B1315195552896N00946349EA0000001153
B1315245552966N00946428EA0000001159
B1315295553031N00946374EA0000001165
B1315345553029N00946247EA0000001170
B1315395552962N00946149EA0000001165
B1315445552861N00946177EA0000001176
B1315505552767N00946347EA0000001195
B1315555552727N00946532EA0000001210
B1316005552735N00946722EA0000001223
B1316055552792N00946840EA0000001234
B1316105552861N00946844EA0000001235
B1316155552903N00946761EA0000001235
B1316205552938N00946658EA0000001227
B1316255552975N00946555EA0000001207
B1316315553036N00946422EA0000001174
B1316415553154N00946195EA0000001167
B1316485553239N00946040EA0000001143
B1316555553326N00945870EA0000001130
B1317005553388N00945745EA0000001127
B1317085553494N00945577EA0000001128
B1317155553595N00945451EA0000001119
B1317265553753N00945244EA0000001096
B1317325553832N00945119EA0000001085
B1317415553947N00944925EA0000001066
B1317485554035N00944765EA0000001050
B1317545554109N00944624EA0000001031
B1318005554182N00944475EA0000001020
B1318085554273N00944272EA0000001017
B1318175554367N00944036EA0000001016
B1318225554416N00943908EA0000001037
B1318295554474N00943736EA0000001037
B1318345554517N00943605EA0000001021
B1318395554564N00943461EA0000001006
B1318445554610N00943307EA0000001003
B1318505554670N00943115EA0000000996
B1318565554725N00942935EA0000001007
B1319015554763N00942794EA0000001001
B1319105554830N00942534EA0000000976
B1319155554872N00942385EA0000000969
B1319215554944N00942230EA0000000988
B1319265555010N00942119EA0000000999
B1319345555131N00941964EA0000000999
B1319415555237N00941822EA0000000988
B1319495555355N00941650EA0000000995
B1319565555448N00941503EA0000000994
B1320055555554N00941298EA0000000995
B1320105555605N00941183EA0000000998
B1320165555661N00941036EA0000000993
B1320225555715N00940886EA0000000998
B1320275555755N00940758EA0000001003
B1320325555781N00940636EA0000001028
B1320385555808N00940499EA0000001019
B1320445555841N00940350EA0000001025
B1320515555885N00940181EA0000001022
B1320565555923N00940052EA0000001024
B1321025555974N00939907EA0000001027
B1321075556019N00939789EA0000001018
B1321125556070N00939672EA0000000999
B1321175556127N00939547EA0000000979
B1321235556202N00939392EA0000000971
B1321285556266N00939266EA0000000973
B1321345556344N00939129EA0000000974
B1321395556409N00939020EA0000000966
B1321455556491N00938890EA0000000955
B1321505556562N00938782EA0000000943
B1321555556635N00938673EA0000000937
B1322035556751N00938499EA0000000930
B1322115556869N00938320EA0000000913
B1322175556960N00938181EA0000000904
B1322225557036N00938063EA0000000900
B1322325557183N00937828EA0000000882
B1322395557285N00937671EA0000000870
B1322445557358N00937562EA0000000866
B1322525557466N00937409EA0000000882
B1322585557538N00937309EA0000000878
B1323065557638N00937171EA0000000863
B1323125557711N00937056EA0000000865
B1323175557768N00936964EA0000000871
B1323225557824N00936871EA0000000873
B1323275557880N00936776EA0000000893
B1323325557929N00936693EA0000000922
B1323375557972N00936620EA0000000944
B1323445558023N00936512EA0000000946
B1323495558061N00936419EA0000000958
B1323545558091N00936328EA0000000983
B1323595558117N00936234EA0000000988
B1324045558149N00936134EA0000000998
B1324095558181N00936034EA0000000997
B1324145558213N00935928EA0000000969
B1324215558271N00935746EA0000000942
B1324265558318N00935613EA0000000937
B1324315558367N00935480EA0000000940
B1324385558438N00935301EA0000000947
B1324435558487N00935176EA0000000960
B1324485558531N00935054EA0000000962
B1324535558577N00934928EA0000000960
B1324585558628N00934804EA0000000967
B1325035558677N00934685EA0000000978
B1325125558747N00934469EA0000000997
B1325175558777N00934344EA0000001009
B1325225558802N00934215EA0000001024
B1325275558825N00934084EA0000001034
B1325335558855N00933917EA0000001018
B1325395558896N00933737EA0000001033
B1325445558931N00933599EA0000001054
B1325495558963N00933465EA0000001052
B1325555559001N00933297EA0000001053
B1326015559036N00933133EA0000001063
B1326075559069N00932976EA0000001061
B1326125559089N00932842EA0000001057
B1326175559105N00932700EA0000001048
B1326225559118N00932555EA0000001043
B1326285559132N00932383EA0000001041
B1326345559139N00932206EA0000001036
B1326395559145N00932060EA0000001039
B1326475559157N00931824EA0000001054
B1326525559163N00931677EA0000001064
B1326585559174N00931498EA0000001066
B1327035559183N00931346EA0000001077
B1327095559187N00931164EA0000001091
B1327145559191N00931011EA0000001093
B1327195559195N00930856EA0000001083
B1327245559198N00930690EA0000001070
B1327335559197N00930384EA0000001076
B1327385559191N00930213EA0000001064
B1327435559187N00930035EA0000001055
B1327505559184N00929791EA0000001053
B1327575559184N00929561EA0000001044
B1328025559188N00929392EA0000001018
B1328095559197N00929137EA0000000998
B1328155559214N00928920EA0000000987
B1328205559230N00928748EA0000000988
B1328265559247N00928554EA0000001001
B1328325559265N00928373EA0000001022
B1328385559281N00928191EA0000001026
B1328435559291N00928045EA0000001031
B1328515559310N00927812EA0000001022
B1328565559321N00927666EA0000001018
B1329015559338N00927519EA0000001009
B1329065559359N00927370EA0000001006
B1329175559412N00927052EA0000000988
B1329235559443N00926876EA0000000976
B1329315559481N00926627EA0000000981
B1329365559501N00926479EA0000000989
B1329415559519N00926333EA0000000994
B1329465559542N00926180EA0000000987
B1329515559566N00926034EA0000000990
B1329575559598N00925865EA0000000974
B1330035559638N00925702EA0000000963
B1330095559677N00925544EA0000000968
B1330145559707N00925416EA0000000960
B1330245559769N00925151EA0000000951
B1330295559797N00925014EA0000000940
B1330345559820N00924871EA0000000956
B1330395559836N00924748EA0000000969
B1330455559851N00924591EA0000000950
B1330505559868N00924453EA0000000936
B1330565559895N00924283EA0000000920
B1331015559921N00924143EA0000000918
B1331085559956N00923957EA0000000906
B1331175559998N00923711EA0000000909
B1331225600015N00923577EA0000000912
B1331285600026N00923406EA0000000902
B1331345600030N00923228EA0000000888
B1331395600033N00923067EA0000000865
B1331455600032N00922864EA0000000863
B1331515600032N00922661EA0000000850
B1331575600035N00922455EA0000000835
B1332035600037N00922252EA0000000826
B1332125600042N00921950EA0000000816
B1332195600052N00921720EA0000000801
B1332285600081N00921422EA0000000784
B1332345600102N00921230EA0000000778
B1332395600121N00921067EA0000000763
B1332455600138N00920866EA0000000750
B1332505600150N00920693EA0000000737
B1332565600166N00920477EA0000000727
B1333025600178N00920265EA0000000725
B1333085600191N00920057EA0000000715
B1333145600208N00919852EA0000000704
B1333205600223N00919647EA0000000692
B1333265600231N00919441EA0000000678
B1333325600240N00919229EA0000000657
B1333385600248N00919012EA0000000654
B1333445600255N00918799EA0000000645
B1333505600265N00918602EA0000000656
B1333555600272N00918453EA0000000647
B1334005600277N00918293EA0000000634
B1334055600283N00918150EA0000000681
B1334125600287N00918016EA0000000700
B1334185600286N00917872EA0000000710
B1334245600284N00917747EA0000000714
B1334305600278N00917611EA0000000712
B1334375600258N00917453EA0000000711
B1334425600236N00917333EA0000000685
B1334475600200N00917185EA0000000674
B1334525600154N00917038EA0000000680
B1334575600102N00916903EA0000000678
B1335035600038N00916734EA0000000654
B1335105559959N00916502EA0000000626
B1335175559876N00916263EA0000000626
B1335255559794N00915999EA0000000624
B1335315559738N00915806EA0000000618
B1335365559693N00915643EA0000000610
B1335415559650N00915478EA0000000601
B1335465559611N00915307EA0000000588
B1335535559563N00915058EA0000000575
B1335585559534N00914881EA0000000575
B1336035559510N00914712EA0000000571
B1336085559493N00914544EA0000000565
B1336135559488N00914377EA0000000558
B1336205559495N00914141EA0000000547
B1336265559499N00913956EA0000000562
B1336335559500N00913751EA0000000544
B1336395559513N00913567EA0000000548
B1336455559528N00913398EA0000000558
B1336505559540N00913254EA0000000562
B1336575559545N00913070EA0000000577
B1337025559548N00912936EA0000000580
B1337075559547N00912811EA0000000594
B1337125559547N00912680EA0000000584
B1337185559554N00912500EA0000000584
B1337265559558N00912274EA0000000621
B1337315559555N00912160EA0000000638
B1337375559551N00912020EA0000000642
B1337435559544N00911881EA0000000674
B1337485559538N00911776EA0000000670
B1337555559535N00911599EA0000000640
B1338015559530N00911424EA0000000625
B1338075559526N00911254EA0000000636
B1338145559523N00911069EA0000000628
B1338225559518N00910831EA0000000612
B1338275559516N00910683EA0000000633
B1338335559519N00910511EA0000000641
B1338385559524N00910369EA0000000647
B1338435559533N00910230EA0000000651
B1338495559544N00910061EA0000000644
B1338545559552N00909912EA0000000640
B1339005559559N00909731EA0000000656
B1339055559560N00909584EA0000000674
B1339135559559N00909343EA0000000681
B1339205559554N00909129EA0000000694
B1339255559550N00908979EA0000000700
B1339325559555N00908762EA0000000695
B1339375559562N00908610EA0000000704
B1339425559572N00908462EA0000000695
B1339475559588N00908308EA0000000688
B1339535559611N00908125EA0000000684
B1339585559635N00907980EA0000000678
B1340045559660N00907814EA0000000680
B1340105559683N00907651EA0000000664
B1340165559704N00907482EA0000000648
B1340215559717N00907334EA0000000632
B1340265559728N00907180EA0000000619
B1340345559745N00906938EA0000000631
B1340395559750N00906798EA0000000628
B1340445559758N00906657EA0000000619
B1340505559772N00906486EA0000000619
B1340555559784N00906342EA0000000619
B1341005559791N00906190EA0000000608
B1341065559789N00906001EA0000000599
B1341125559786N00905814EA0000000599
B1341185559780N00905633EA0000000594
B1341255559769N00905423EA0000000578
B1341315559758N00905236EA0000000575
B1341365559749N00905085EA0000000574
B1341455559744N00904803EA0000000541
B1341505559747N00904642EA0000000536
B1341565559752N00904462EA0000000539
B1342025559765N00904281EA0000000528
B1342075559781N00904126EA0000000522
B1342155559806N00903880EA0000000543
B1342215559822N00903697EA0000000550
B1342295559839N00903451EA0000000573
B1342355559846N00903277EA0000000585
B1342405559850N00903134EA0000000584
B1342475559855N00902924EA0000000576
B1342525559859N00902772EA0000000571
B1342575559864N00902621EA0000000562
B1343025559866N00902471EA0000000555
B1343085559868N00902290EA0000000547
B1343135559872N00902139EA0000000536
B1343195559879N00901953EA0000000525
B1343265559900N00901736EA0000000517
B1343315559919N00901580EA0000000513
B1343365559940N00901418EA0000000514
B1343415559958N00901256EA0000000516
B1343465559975N00901100EA0000000524
B1343515559990N00900949EA0000000536
B1343565600002N00900806EA0000000556
B1344015600016N00900677EA0000000561
B1344075600037N00900521EA0000000536
B1344135600063N00900362EA0000000501
B1344185600084N00900226EA0000000482
B1344255600112N00900051EA0000000464
B1344305600127N00859932EA0000000445
B1344355600142N00859813EA0000000422
B1344415600157N00859672EA0000000399
B1344485600170N00859500EA0000000395
B1344545600180N00859354EA0000000376
B1345005600215N00859220EA0000000350
B1345055600273N00859142EA0000000333
B1345115600365N00859120EA0000000314
B1345165600444N00859177EA0000000299
B1345215600510N00859301EA0000000287
B1345265600544N00859485EA0000000293
B1345325600531N00859728EA0000000300
B1345375600497N00859923EA0000000291
B1345425600457N00900115EA0000000281
B1345475600418N00900307EA0000000266
B1345525600383N00900506EA0000000249
B1345595600348N00900783EA0000000245
B1346045600330N00900974EA0000000237
B1346095600323N00901166EA0000000227
B1346145600328N00901357EA0000000220
B1346195600342N00901545EA0000000212
B1346245600360N00901729EA0000000204
B1346335600397N00902058EA0000000188
B1346385600430N00902225EA0000000185
B1346435600488N00902334EA0000000176
B1346515600612N00902373EA0000000165
B1346565600683N00902347EA0000000155
B1347015600728N00902258EA0000000144
B1347085600735N00902070EA0000000113
B1347155600721N00901873EA0000000084
B1347215600711N00901707EA0000000061
B1347275600697N00901543EA0000000046
B1347325600683N00901420EA0000000042
B1347375600674N00901328EA0000000041
