AOGNOGN
HFDTE170825
HFFXA050
HFPLTPILOTINCHARGE:
HFGTYGLIDERTYPE:Ventus 3T
HFGIDGLIDERID:OY-SJX
HFDTM100GPSDATUM:WGS-1984
HFRFWFIRMWAREVERSION:
HFRHWHARDWAREVERSION:
HFFTYFRTYPE:OGN-FLIGHTBOOK
HFGPSGENERIC
HFPRSPRESSALTSENSOR:
HFCIDCOMPETITIONID:VP
B1038225600611N00900577EA0000000040
B1038275600620N00900661EA0000000040
B1038275600620N00900661EA0000000040
B1038345600635N00900816EA0000000040
B1038395600649N00900953EA0000000042
B1038455600668N00901141EA0000000046
B1038505600691N00901309EA0000000051
B1038565600715N00901519EA0000000063
B1039015600740N00901693EA0000000072
B1039065600767N00901867EA0000000083
B1039145600832N00902143EA0000000097
B1039195600879N00902316EA0000000104
B1039265600965N00902525EA0000000123
B1039325601060N00902661EA0000000132
B1039415601229N00902747EA0000000150
B1039475601347N00902723EA0000000165
B1039525601449N00902674EA0000000171
B1039575601546N00902613EA0000000189
B1040035601660N00902528EA0000000200
B1040085601754N00902458EA0000000204
B1040135601850N00902396EA0000000210
B1040185601948N00902342EA0000000217
B1040235602046N00902293EA0000000227
B1040285602144N00902248EA0000000236
B1040355602285N00902194EA0000000241
B1040405602388N00902162EA0000000247
B1040455602492N00902127EA0000000264
B1040515602613N00902074EA0000000278
B1040575602730N00901988EA0000000285
B1041025602821N00901898EA0000000289
B1041075602908N00901784EA0000000289
B1041125602984N00901650EA0000000299
B1041185603065N00901463EA0000000321
B1041245603135N00901263EA0000000331
B1041295603191N00901096EA0000000335
B1041345603246N00900928EA0000000336
B1041395603294N00900756EA0000000356
B1041445603331N00900582EA0000000378
B1041495603353N00900397EA0000000383
B1041575603359N00900090EA0000000395
B1042025603350N00859897EA0000000403
B1042075603326N00859698EA0000000404
B1042135603281N00859472EA0000000423
B1042185603232N00859294EA0000000443
B1042245603161N00859096EA0000000460
B1042305603070N00858917EA0000000478
B1042365602961N00858775EA0000000497
B1042445602805N00858624EA0000000505
B1042495602701N00858558EA0000000512
B1042545602599N00858547EA0000000504
B1042595602497N00858568EA0000000489
B1043055602368N00858598EA0000000477
B1043105602260N00858632EA0000000476
B1043155602159N00858685EA0000000488
B1043205602081N00858790EA0000000487
B1043255601995N00858837EA0000000507
B1043305601914N00858784EA0000000505
B1043355601858N00858655EA0000000492
B1043405601839N00858496EA0000000489
B1043455601857N00858344EA0000000490
B1043505601913N00858233EA0000000484
B1043555601992N00858198EA0000000481
B1044025602100N00858285EA0000000473
B1044085602185N00858399EA0000000478
B1044135602268N00858438EA0000000489
B1044185602344N00858356EA0000000494
B1044235602353N00858192EA0000000484
B1044285602278N00858088EA0000000479
B1044335602186N00858134EA0000000470
B1044395602106N00858299EA0000000466
B1044445602054N00858463EA0000000472
B1044515602011N00858703EA0000000478
B1044565601951N00858829EA0000000502
B1045015601862N00858837EA0000000508
B1045065601793N00858731EA0000000501
B1045115601782N00858572EA0000000488
B1045165601837N00858455EA0000000482
B1045215601919N00858448EA0000000475
B1045265601994N00858521EA0000000478
B1045315602037N00858645EA0000000478
B1045365602018N00858790EA0000000473
B1045415601956N00858909EA0000000478
B1045475601931N00859087EA0000000482
B1045525601979N00859205EA0000000474
B1045575602059N00859259EA0000000465
B1046025602144N00859303EA0000000457
B1046095602265N00859374EA0000000454
B1046175602401N00859473EA0000000454
B1046225602491N00859463EA0000000453
B1046275602560N00859356EA0000000441
B1046325602578N00859183EA0000000429
B1046375602535N00859021EA0000000422
B1046425602453N00858918EA0000000411
B1046485602333N00858838EA0000000389
B1046555602178N00858785EA0000000374
B1047025602022N00858752EA0000000360
B1047075601912N00858720EA0000000368
B1047125601834N00858616EA0000000398
B1047175601814N00858464EA0000000404
B1047225601864N00858343EA0000000398
B1047275601944N00858345EA0000000400
B1047325601992N00858452EA0000000404
B1047375601984N00858593EA0000000397
B1047425601921N00858688EA0000000400
B1047475601838N00858714EA0000000410
B1047525601777N00858615EA0000000416
B1047575601780N00858469EA0000000410
B1048025601843N00858389EA0000000412
B1048075601909N00858440EA0000000414
B1048125601925N00858568EA0000000413
B1048175601889N00858689EA0000000421
B1048235601795N00858726EA0000000421
B1048285601728N00858634EA0000000416
B1048335601723N00858483EA0000000412
B1048385601785N00858398EA0000000410
B1048435601856N00858438EA0000000419
B1048495601880N00858585EA0000000423
B1048545601836N00858694EA0000000430
B1048595601758N00858708EA0000000428
B1049045601702N00858601EA0000000424
B1049095601713N00858459EA0000000418
B1049145601780N00858393EA0000000415
B1049195601850N00858441EA0000000422
B1049245601863N00858558EA0000000430
B1049295601805N00858629EA0000000431
B1049345601742N00858555EA0000000427
B1049395601746N00858418EA0000000428
B1049455601826N00858363EA0000000430
B1049505601884N00858437EA0000000433
B1049555601879N00858570EA0000000425
B1050005601817N00858669EA0000000419
B1050055601741N00858743EA0000000417
B1050115601639N00858741EA0000000413
B1050165601552N00858716EA0000000406
B1050215601467N00858743EA0000000397
B1050285601362N00858856EA0000000378
B1050335601280N00858939EA0000000376
B1050385601212N00859052EA0000000382
B1050435601154N00859172EA0000000389
B1050485601071N00859189EA0000000390
B1050535601005N00859095EA0000000388
B1050595600952N00858933EA0000000388
B1051045600878N00858861EA0000000377
B1051105600775N00858890EA0000000355
B1051175600663N00858986EA0000000356
B1051225600589N00859071EA0000000349
B1051285600505N00859187EA0000000336
B1051345600421N00859309EA0000000320
B1051395600353N00859419EA0000000314
B1051455600266N00859556EA0000000303
B1051505600191N00859663EA0000000314
B1051565600107N00859786EA0000000325
B1052015600048N00859902EA0000000328
B1052065600001N00900034EA0000000329
B1052115559970N00900171EA0000000342
B1052175559946N00900330EA0000000352
B1052225559936N00900460EA0000000366
B1052275559930N00900593EA0000000371
B1052335559932N00900755EA0000000381
B1052385559939N00900885EA0000000385
B1052435559953N00901013EA0000000393
B1052495559982N00901156EA0000000412
B1052545600031N00901253EA0000000420
B1052595600106N00901280EA0000000418
B1053045600177N00901218EA0000000420
B1053095600216N00901087EA0000000423
B1053145600214N00900936EA0000000428
B1053195600169N00900806EA0000000433
B1053245600095N00900728EA0000000433
B1053305559993N00900725EA0000000437
B1053355559917N00900782EA0000000443
B1053415559836N00900882EA0000000442
B1053465559784N00900998EA0000000446
B1053525559751N00901166EA0000000450
B1053585559757N00901338EA0000000463
B1054045559797N00901484EA0000000474
B1054125559891N00901644EA0000000472
B1054185559973N00901720EA0000000484
B1054235600039N00901779EA0000000482
B1054335600164N00901923EA0000000480
B1054385600223N00902006EA0000000477
B1054445600285N00902105EA0000000484
B1054495600335N00902193EA0000000484
B1054585600422N00902360EA0000000491
B1055045600478N00902478EA0000000494
B1055115600543N00902614EA0000000497
B1055175600599N00902728EA0000000495
B1055235600660N00902835EA0000000475
B1055285600719N00902938EA0000000451
B1055335600778N00903056EA0000000439
B1055395600845N00903213EA0000000432
B1055445600892N00903351EA0000000446
B1055515600951N00903536EA0000000451
B1055565601010N00903631EA0000000454
B1056025601041N00903789EA0000000443
B1056075601013N00903927EA0000000431
B1056125600932N00903985EA0000000424
B1056175600851N00903923EA0000000419
B1056245600794N00903725EA0000000403
B1056295600782N00903561EA0000000396
B1056375600763N00903280EA0000000386
B1056425600767N00903105EA0000000391
B1056475600824N00902987EA0000000396
B1056525600906N00902970EA0000000395
B1056575600977N00903066EA0000000389
B1057025601035N00903196EA0000000404
B1057075601116N00903231EA0000000412
B1057125601170N00903130EA0000000407
B1057175601148N00902981EA0000000402
B1057225601068N00902896EA0000000405
B1057275600980N00902903EA0000000417
B1057325600922N00903005EA0000000426
B1057375600935N00903138EA0000000431
B1057425601007N00903165EA0000000443
B1057475601057N00903071EA0000000440
B1057525601039N00902934EA0000000436
B1057575600963N00902860EA0000000434
B1058025600883N00902897EA0000000449
B1058075600859N00903028EA0000000455
B1058125600908N00903113EA0000000472
B1058175600969N00903070EA0000000479
B1058225600977N00902943EA0000000489
B1058275600920N00902864EA0000000494
B1058325600858N00902916EA0000000503
B1058375600857N00903036EA0000000501
B1058425600920N00903084EA0000000511
B1058475600971N00903006EA0000000522
B1058525600964N00902879EA0000000526
B1058575600903N00902805EA0000000535
B1059025600836N00902851EA0000000544
B1059075600827N00902974EA0000000547
B1059125600883N00903045EA0000000561
B1059175600945N00902993EA0000000563
B1059225600950N00902863EA0000000565
B1059275600888N00902775EA0000000570
B1059325600818N00902816EA0000000584
B1059375600807N00902935EA0000000590
B1059425600863N00903004EA0000000598
B1059475600921N00902941EA0000000602
B1059525600919N00902815EA0000000609
B1059575600861N00902726EA0000000610
B1100025600787N00902752EA0000000619
B1100085600760N00902898EA0000000625
B1100135600815N00902976EA0000000640
B1100185600878N00902921EA0000000651
B1100235600885N00902793EA0000000659
B1100285600830N00902702EA0000000663
B1100335600758N00902733EA0000000666
B1100385600739N00902862EA0000000668
B1100435600795N00902953EA0000000678
B1100485600870N00902921EA0000000688
B1100535600902N00902793EA0000000695
B1100595600850N00902644EA0000000689
B1101045600767N00902638EA0000000697
B1101095600714N00902737EA0000000703
B1101145600725N00902871EA0000000704
B1101195600790N00902946EA0000000721
B1101245600857N00902892EA0000000731
B1101305600859N00902729EA0000000734
B1101355600789N00902654EA0000000739
B1101405600716N00902702EA0000000742
B1101455600693N00902834EA0000000748
B1101505600734N00902944EA0000000759
B1101555600808N00902953EA0000000775
B1102005600857N00902856EA0000000779
B1102055600841N00902720EA0000000781
B1102105600770N00902657EA0000000784
B1102155600706N00902725EA0000000788
B1102205600703N00902852EA0000000797
B1102255600758N00902920EA0000000812
B1102305600821N00902869EA0000000819
B1102365600825N00902715EA0000000823
B1102415600763N00902642EA0000000825
B1102465600696N00902689EA0000000827
B1102515600680N00902810EA0000000833
B1102565600724N00902902EA0000000846
B1103015600790N00902883EA0000000858
B1103065600824N00902778EA0000000862
B1103115600805N00902650EA0000000858
B1103165600735N00902592EA0000000857
B1103215600671N00902647EA0000000862
B1103265600637N00902760EA0000000864
B1103315600654N00902877EA0000000870
B1103365600722N00902905EA0000000883
B1103415600774N00902824EA0000000890
B1103465600768N00902694EA0000000888
B1103515600703N00902615EA0000000885
B1103575600613N00902659EA0000000884
B1104025600556N00902746EA0000000889
B1104105600550N00902939EA0000000895
B1104155600597N00903024EA0000000900
B1104205600662N00903001EA0000000913
B1104255600691N00902888EA0000000922
B1104305600660N00902762EA0000000924
B1104355600588N00902712EA0000000932
B1104405600518N00902766EA0000000941
B1104455600489N00902883EA0000000942
B1104505600517N00902994EA0000000943
B1104555600573N00903061EA0000000947
B1105005600639N00903063EA0000000955
B1105055600692N00902985EA0000000964
B1105105600693N00902851EA0000000969
B1105155600633N00902766EA0000000972
B1105205600560N00902804EA0000000977
B1105255600533N00902928EA0000000992
B1105305600562N00903037EA0000001005
B1105355600626N00903057EA0000001009
B1105405600678N00902974EA0000001014
B1105455600682N00902839EA0000001016
B1105505600638N00902721EA0000001013
B1105555600562N00902698EA0000001016
B1106015600497N00902810EA0000001018
B1106065600470N00902938EA0000001029
B1106115600495N00903049EA0000001035
B1106165600561N00903073EA0000001036
B1106215600615N00903002EA0000001044
B1106265600619N00902871EA0000001043
B1106315600565N00902764EA0000001047
B1106365600483N00902763EA0000001052
B1106425600415N00902878EA0000001059
B1106475600398N00903008EA0000001061
B1106535600454N00903125EA0000001059
B1106595600529N00903188EA0000001064
B1107045600599N00903184EA0000001051
B1107105600691N00903137EA0000001035
B1107155600775N00903075EA0000001028
B1107235600906N00902946EA0000001024
B1107285600984N00902854EA0000001018
B1107345601076N00902739EA0000001013
B1107395601149N00902636EA0000001007
B1107445601219N00902524EA0000001018
B1107495601293N00902451EA0000001028
B1107555601393N00902404EA0000001001
B1108015601498N00902310EA0000000989
B1108065601580N00902218EA0000000992
B1108115601656N00902122EA0000000997
B1108185601760N00902086EA0000001024
B1108235601830N00902067EA0000001022
B1108285601897N00902008EA0000001007
B1108335601965N00901924EA0000000993
B1108405602057N00901786EA0000000990
B1108455602120N00901683EA0000000983
B1108505602183N00901582EA0000000976
B1108555602253N00901488EA0000000955
B1109005602331N00901390EA0000000952
B1109055602407N00901297EA0000000950
B1109105602480N00901207EA0000000940
B1109155602560N00901119EA0000000924
B1109205602651N00901049EA0000000918
B1109265602750N00900940EA0000000922
B1109315602824N00900838EA0000000933
B1109365602906N00900813EA0000000953
B1109415602971N00900737EA0000000967
B1109465602985N00900597EA0000000965
B1109525602978N00900406EA0000000964
B1109575602954N00900257EA0000000962
B1110025602875N00900180EA0000000945
B1110075602786N00900199EA0000000940
B1110125602735N00900311EA0000000936
B1110185602789N00900446EA0000000947
B1110235602857N00900521EA0000000953
B1110285602914N00900615EA0000000966
B1110335602916N00900744EA0000000977
B1110385602863N00900823EA0000000988
B1110435602790N00900804EA0000000994
B1110485602754N00900690EA0000001004
B1110545602789N00900559EA0000000997
B1110595602828N00900432EA0000000994
B1111045602809N00900287EA0000000995
B1111095602736N00900246EA0000000994
B1111145602676N00900339EA0000000988
B1111205602660N00900493EA0000001006
B1111275602681N00900674EA0000000995
B1111325602689N00900812EA0000000991
B1111375602667N00900949EA0000000992
B1111425602628N00901067EA0000000999
B1111475602564N00901139EA0000000988
B1111525602483N00901187EA0000000970
B1111575602396N00901245EA0000000951
B1112025602310N00901328EA0000000941
B1112085602211N00901438EA0000000926
B1112135602130N00901534EA0000000922
B1112185602049N00901634EA0000000920
B1112235601970N00901744EA0000000919
B1112285601895N00901861EA0000000919
B1112345601811N00901997EA0000000926
B1112405601729N00902127EA0000000926
B1112465601639N00902241EA0000000913
B1112545601502N00902375EA0000000901
B1112595601411N00902455EA0000000889
B1113055601301N00902551EA0000000892
B1113115601192N00902630EA0000000886
B1113165601098N00902690EA0000000879
B1113215601011N00902760EA0000000885
B1113265600927N00902831EA0000000877
B1113315600837N00902898EA0000000866
B1113365600743N00902959EA0000000864
B1113415600649N00903014EA0000000870
B1113465600558N00903066EA0000000867
B1113515600469N00903129EA0000000869
B1113575600363N00903189EA0000000868
B1114035600251N00903209EA0000000874
B1114105600132N00903224EA0000000883
B1114165600052N00903313EA0000000882
B1114215600057N00903450EA0000000860
B1114265600129N00903527EA0000000845
B1114325600236N00903522EA0000000844
B1114375600318N00903496EA0000000845
B1114425600388N00903418EA0000000835
B1114495600500N00903346EA0000000828
B1114545600584N00903355EA0000000826
B1114595600664N00903407EA0000000817
B1115045600746N00903480EA0000000810
B1115105600845N00903559EA0000000810
B1115155600932N00903591EA0000000814
B1115205601007N00903658EA0000000817
B1115255601059N00903772EA0000000819
B1115305601080N00903913EA0000000821
B1115355601066N00904055EA0000000827
B1115405601007N00904160EA0000000832
B1115455600927N00904174EA0000000836
B1115515600844N00904082EA0000000820
B1115565600780N00903964EA0000000806
B1116015600737N00903820EA0000000804
B1116075600741N00903638EA0000000798
B1116125600777N00903500EA0000000796
B1116185600860N00903401EA0000000795
B1116245600954N00903361EA0000000821
B1116305601010N00903473EA0000000842
B1116355600986N00903587EA0000000859
B1116405600918N00903622EA0000000859
B1116455600852N00903551EA0000000853
B1116505600848N00903418EA0000000856
B1116555600890N00903309EA0000000868
B1117005600956N00903281EA0000000887
B1117055601008N00903355EA0000000895
B1117105601010N00903474EA0000000900
B1117155600957N00903547EA0000000909
B1117205600887N00903511EA0000000909
B1117255600855N00903386EA0000000908
B1117305600877N00903260EA0000000922
B1117355600938N00903201EA0000000942
B1117405601000N00903238EA0000000952
B1117455601023N00903340EA0000000956
B1117505600990N00903440EA0000000957
B1117555600923N00903457EA0000000963
B1118005600868N00903373EA0000000973
B1118055600855N00903251EA0000000981
B1118105600887N00903128EA0000000998
B1118155600950N00903088EA0000001014
B1118205600990N00903171EA0000001015
B1118255600961N00903275EA0000001017
B1118315600877N00903280EA0000001014
B1118385600827N00903116EA0000001030
B1118435600846N00902995EA0000001043
B1118485600906N00902947EA0000001046
B1118535600964N00903003EA0000001041
B1118585600973N00903122EA0000001038
B1119035600919N00903202EA0000001039
B1119085600850N00903161EA0000001033
B1119175600837N00902920EA0000001051
B1119225600881N00902823EA0000001046
B1119275600946N00902791EA0000001038
B1119345601038N00902716EA0000001030
B1119395601092N00902612EA0000001015
B1119455601146N00902438EA0000001005
B1119505601180N00902291EA0000001005
B1119555601205N00902131EA0000000982
B1120005601225N00901956EA0000000975
B1120065601250N00901745EA0000000965
B1120135601280N00901512EA0000000975
B1120215601313N00901272EA0000000981
B1120265601336N00901131EA0000000983
B1120315601361N00900983EA0000000983
B1120395601402N00900757EA0000000983
B1120455601435N00900593EA0000000986
B1120505601455N00900465EA0000000981
B1120565601481N00900305EA0000000965
B1121015601499N00900163EA0000000959
B1121075601524N00900000EA0000000956
B1121135601564N00859852EA0000000944
B1121185601620N00859763EA0000000941
B1121245601702N00859700EA0000000937
B1121305601791N00859666EA0000000933
B1121355601870N00859659EA0000000929
B1121415601968N00859668EA0000000927
B1121465602048N00859681EA0000000937
B1121525602133N00859721EA0000000947
B1121575602200N00859780EA0000000947
B1122025602239N00859899EA0000000936
B1122075602218N00900039EA0000000944
B1122125602156N00900116EA0000000963
B1122175602081N00900098EA0000000971
B1122225602022N00900015EA0000000973
B1122275602009N00859891EA0000000973
B1122325602048N00859796EA0000000963
B1122375602113N00859741EA0000000966
B1122425602183N00859744EA0000000962
B1122475602252N00859794EA0000000951
B1122545602353N00859804EA0000000947
B1122595602423N00859823EA0000000939
B1123055602494N00859910EA0000000929
B1123105602545N00900017EA0000000918
B1123155602594N00900132EA0000000912
B1123225602671N00900287EA0000000898
B1123305602780N00900425EA0000000884
B1123355602849N00900506EA0000000882
B1123405602909N00900605EA0000000885
B1123455602912N00900737EA0000000889
B1123505602867N00900843EA0000000893
B1123555602796N00900877EA0000000895
B1124005602729N00900819EA0000000886
B1124055602667N00900740EA0000000899
B1124105602598N00900744EA0000000905
B1124155602553N00900844EA0000000909
B1124205602570N00900970EA0000000913
B1124265602645N00901000EA0000000921
B1124325602672N00900865EA0000000918
B1124375602610N00900786EA0000000930
B1124425602539N00900823EA0000000944
B1124475602510N00900945EA0000000947
B1124525602542N00901059EA0000000954
B1124585602619N00901043EA0000000951
B1125045602644N00900897EA0000000953
B1125095602617N00900778EA0000000963
B1125155602536N00900737EA0000000968
B1125205602481N00900816EA0000000970
B1125255602490N00900941EA0000000973
B1125305602548N00900994EA0000000983
B1125355602598N00900920EA0000000982
B1125405602579N00900795EA0000000988
B1125455602507N00900769EA0000001003
B1125505602453N00900852EA0000000995
B1125555602459N00900983EA0000001003
B1126005602511N00901044EA0000001015
B1126055602569N00901004EA0000001008
B1126105602586N00900878EA0000001010
B1126165602526N00900764EA0000001022
B1126215602453N00900782EA0000001018
B1126265602419N00900899EA0000001014
B1126315602449N00901024EA0000001023
B1126365602506N00901088EA0000001034
B1126415602565N00901131EA0000001036
B1126475602637N00901174EA0000001034
B1126535602715N00901215EA0000001020
B1126595602801N00901249EA0000001014
B1127045602881N00901290EA0000001014
B1127095602957N00901342EA0000001022
B1127145603028N00901399EA0000001035
B1127195603095N00901450EA0000001020
B1127255603174N00901520EA0000001023
B1127325603249N00901639EA0000001016
B1127375603299N00901736EA0000001011
B1127435603360N00901855EA0000000997
B1127495603428N00901977EA0000000987
B1127545603486N00902082EA0000000986
B1128015603566N00902230EA0000000991
B1128065603618N00902341EA0000000985
B1128125603697N00902444EA0000000975
B1128175603783N00902486EA0000000968
B1128245603907N00902502EA0000000968
B1128325604042N00902495EA0000000962
B1128395604159N00902491EA0000000953
B1128475604292N00902491EA0000000958
B1128535604386N00902493EA0000000955
B1128585604465N00902486EA0000000943
B1129045604564N00902473EA0000000932
B1129155604743N00902471EA0000000928
B1129215604842N00902476EA0000000937
B1129285604952N00902501EA0000000934
B1129335605030N00902521EA0000000937
B1129385605112N00902544EA0000000925
B1129435605199N00902524EA0000000918
B1129495605300N00902466EA0000000909
B1129545605382N00902416EA0000000911
B1129595605461N00902376EA0000000917
B1130045605531N00902417EA0000000926
B1130105605555N00902568EA0000000945
B1130155605509N00902666EA0000000953
B1130205605439N00902643EA0000000953
B1130255605416N00902523EA0000000958
B1130305605456N00902441EA0000000960
B1130355605514N00902466EA0000000968
B1130405605529N00902577EA0000000973
B1130455605473N00902645EA0000000971
B1130505605412N00902584EA0000000975
B1130555605407N00902465EA0000000981
B1131005605450N00902383EA0000000980
B1131055605510N00902398EA0000000988
B1131105605529N00902502EA0000000994
B1131155605484N00902600EA0000000989
B1131205605412N00902594EA0000000996
B1131255605369N00902500EA0000000996
B1131305605376N00902382EA0000000999
B1131365605441N00902305EA0000000997
B1131435605537N00902305EA0000001002
B1131505605601N00902419EA0000000998
B1131565605615N00902578EA0000000985
B1132015605591N00902726EA0000000990
B1132075605551N00902898EA0000000979
B1132145605484N00903085EA0000000978
B1132195605428N00903215EA0000000970
B1132245605371N00903344EA0000000965
B1132295605313N00903462EA0000000966
B1132365605229N00903618EA0000000963
B1132415605148N00903674EA0000000960
B1132465605055N00903678EA0000000950
B1132525604940N00903659EA0000000946
B1132575604847N00903632EA0000000946
B1133025604757N00903592EA0000000938
B1133075604666N00903559EA0000000932
B1133125604577N00903528EA0000000920
B1133175604488N00903479EA0000000910
B1133225604398N00903422EA0000000901
B1133275604307N00903365EA0000000898
B1133325604221N00903320EA0000000912
B1133375604144N00903285EA0000000932
B1133425604072N00903258EA0000000932
B1133485603979N00903270EA0000000935
B1133535603904N00903325EA0000000931
B1133585603869N00903444EA0000000944
B1134035603887N00903554EA0000000959
B1134085603944N00903596EA0000000963
B1134135604001N00903536EA0000000973
B1134185604010N00903408EA0000000986
B1134235603957N00903313EA0000000997
B1134285603886N00903333EA0000000998
B1134335603862N00903449EA0000001002
B1134385603906N00903526EA0000001008
B1134435603971N00903481EA0000001017
B1134485603987N00903357EA0000001033
B1134535603941N00903253EA0000001043
B1134585603868N00903258EA0000001052
B1135035603835N00903362EA0000001059
B1135085603873N00903441EA0000001069
B1135135603935N00903410EA0000001072
B1135185603954N00903288EA0000001085
B1135235603902N00903196EA0000001086
B1135285603827N00903238EA0000001094
B1135345603803N00903373EA0000001110
B1135395603854N00903429EA0000001114
B1135445603915N00903368EA0000001123
B1135495603921N00903239EA0000001135
B1135545603864N00903153EA0000001136
B1135595603791N00903188EA0000001137
B1136045603751N00903307EA0000001144
B1136095603773N00903414EA0000001158
B1136145603835N00903425EA0000001154
B1136195603874N00903314EA0000001164
B1136255603830N00903175EA0000001168
B1136305603754N00903183EA0000001170
B1136355603707N00903292EA0000001177
B1136405603715N00903411EA0000001184
B1136455603772N00903462EA0000001181
B1136525603851N00903352EA0000001183
B1136575603902N00903244EA0000001194
B1137025603902N00903120EA0000001207
B1137075603838N00903059EA0000001216
B1137125603777N00903124EA0000001217
B1137175603778N00903250EA0000001224
B1137225603835N00903302EA0000001238
B1137275603891N00903243EA0000001248
B1137325603901N00903126EA0000001248
B1137375603856N00903022EA0000001260
B1137425603784N00903004EA0000001264
B1137475603729N00903082EA0000001263
B1137525603727N00903203EA0000001272
B1137575603778N00903273EA0000001280
B1138035603856N00903257EA0000001295
B1138085603899N00903172EA0000001297
B1138135603891N00903048EA0000001302
B1138185603827N00902982EA0000001307
B1138235603756N00903031EA0000001315
B1138295603732N00903173EA0000001320
B1138345603775N00903266EA0000001333
B1138395603841N00903254EA0000001339
B1138445603881N00903155EA0000001348
B1138495603869N00903032EA0000001346
B1138545603806N00902960EA0000001354
B1138595603735N00902999EA0000001358
B1139045603702N00903116EA0000001360
B1139105603732N00903250EA0000001374
B1139155603769N00903346EA0000001387
B1139205603816N00903429EA0000001386
B1139255603882N00903425EA0000001382
B1139305603919N00903329EA0000001386
B1139355603907N00903216EA0000001378
B1139405603855N00903126EA0000001373
B1139455603784N00903087EA0000001380
B1139515603697N00903076EA0000001391
B1139565603627N00903066EA0000001389
B1140015603551N00903043EA0000001395
B1140065603478N00903042EA0000001400
B1140125603388N00903064EA0000001389
B1140195603296N00903192EA0000001364
B1140245603227N00903309EA0000001354
B1140305603122N00903426EA0000001328
B1140355603029N00903523EA0000001324
B1140425602899N00903635EA0000001324
B1140475602806N00903702EA0000001324
B1140535602697N00903775EA0000001326
B1140585602609N00903838EA0000001327
B1141065602474N00903952EA0000001319
B1141115602389N00904036EA0000001313
B1141165602301N00904117EA0000001300
B1141225602188N00904206EA0000001299
B1141285602079N00904294EA0000001294
B1141345601973N00904380EA0000001289
B1141405601867N00904459EA0000001293
B1141455601785N00904517EA0000001301
B1141505601702N00904568EA0000001301
B1141555601623N00904628EA0000001318
B1142005601587N00904742EA0000001326
B1142055601610N00904854EA0000001315
B1142105601677N00904886EA0000001322
B1142155601726N00904796EA0000001324
B1142225601737N00904606EA0000001337
B1142275601732N00904463EA0000001329
B1142325601689N00904336EA0000001330
B1142375601614N00904280EA0000001328
B1142425601534N00904301EA0000001325
B1142475601467N00904376EA0000001305
B1142525601418N00904500EA0000001279
B1142575601393N00904650EA0000001267
B1143025601374N00904799EA0000001258
B1143075601359N00904958EA0000001241
B1143125601345N00905131EA0000001228
B1143185601340N00905352EA0000001232
B1143245601339N00905558EA0000001235
B1143315601334N00905795EA0000001227
B1143365601330N00905956EA0000001225
B1143455601339N00906238EA0000001215
B1143505601341N00906399EA0000001206
B1143565601335N00906601EA0000001205
B1144035601284N00906816EA0000001200
B1144095601236N00907001EA0000001200
B1144145601205N00907161EA0000001200
B1144195601176N00907318EA0000001201
B1144255601112N00907479EA0000001198
B1144305601036N00907586EA0000001190
B1144365600938N00907694EA0000001187
B1144425600839N00907793EA0000001185
B1144495600722N00907911EA0000001163
B1144565600596N00908021EA0000001153
B1145015600508N00908101EA0000001150
B1145075600402N00908195EA0000001142
B1145155600258N00908312EA0000001139
B1145205600174N00908378EA0000001133
B1145275600057N00908470EA0000001129
B1145325559976N00908530EA0000001124
B1145375559893N00908585EA0000001116
B1145425559809N00908645EA0000001115
B1145475559728N00908708EA0000001118
B1145525559648N00908770EA0000001117
B1145575559560N00908816EA0000001113
B1146025559474N00908861EA0000001118
B1146075559386N00908899EA0000001125
B1146125559304N00908880EA0000001151
B1146175559277N00908760EA0000001162
B1146225559319N00908671EA0000001166
B1146275559375N00908712EA0000001166
B1146325559383N00908828EA0000001170
B1146385559335N00908957EA0000001184
B1146435559267N00908971EA0000001188
B1146485559228N00908861EA0000001193
B1146535559271N00908773EA0000001206
B1146585559320N00908830EA0000001220
B1147035559304N00908945EA0000001227
B1147095559217N00908938EA0000001234
B1147145559199N00908818EA0000001245
B1147205559262N00908766EA0000001259
B1147255559290N00908860EA0000001268
B1147305559247N00908957EA0000001267
B1147355559171N00908934EA0000001278
B1147405559146N00908822EA0000001285
B1147455559187N00908736EA0000001291
B1147505559238N00908768EA0000001306
B1147555559235N00908886EA0000001305
B1148005559169N00908945EA0000001318
B1148055559108N00908885EA0000001323
B1148105559102N00908763EA0000001322
B1148155559151N00908697EA0000001335
B1148205559198N00908750EA0000001342
B1148255559200N00908870EA0000001344
B1148305559148N00908958EA0000001359
B1148355559077N00908958EA0000001357
B1148405559033N00908859EA0000001358
B1148455559054N00908752EA0000001362
B1148505559113N00908726EA0000001368
B1148555559150N00908804EA0000001379
B1149015559121N00908941EA0000001379
B1149065559055N00909005EA0000001386
B1149125558967N00909042EA0000001381
B1149185558868N00909065EA0000001359
B1149235558775N00909086EA0000001348
B1149295558661N00909108EA0000001345
B1149365558538N00909130EA0000001345
B1149455558381N00909132EA0000001331
B1149505558294N00909136EA0000001342
B1149555558211N00909140EA0000001352
B1150005558151N00909223EA0000001356
B1150055558147N00909355EA0000001360
B1150105558200N00909440EA0000001361
B1150155558263N00909421EA0000001370
B1150205558298N00909312EA0000001389
B1150255558282N00909190EA0000001395
B1150305558226N00909094EA0000001403
B1150355558153N00909094EA0000001407
B1150405558110N00909190EA0000001415
B1150455558114N00909308EA0000001421
B1150505558166N00909386EA0000001411
B1150555558233N00909448EA0000001413
B1151005558271N00909565EA0000001435
B1151065558250N00909715EA0000001440
B1151115558177N00909783EA0000001436
B1151175558080N00909818EA0000001451
B1151225558008N00909885EA0000001456
B1151275557956N00909990EA0000001455
B1151335557899N00910126EA0000001459
B1151385557849N00910244EA0000001452
B1151435557799N00910362EA0000001448
B1151485557745N00910478EA0000001434
B1151535557682N00910600EA0000001422
B1151595557607N00910755EA0000001404
B1152045557539N00910883EA0000001397
B1152095557469N00911004EA0000001389
B1152145557398N00911132EA0000001380
B1152195557338N00911261EA0000001390
B1152265557267N00911438EA0000001395
B1152315557195N00911528EA0000001394
B1152365557108N00911569EA0000001392
B1152435556983N00911599EA0000001386
B1152495556876N00911621EA0000001383
B1152545556787N00911634EA0000001379
B1153015556660N00911647EA0000001368
B1153065556571N00911666EA0000001375
B1153135556451N00911697EA0000001372
B1153195556341N00911723EA0000001369
B1153245556254N00911740EA0000001372
B1153305556148N00911759EA0000001374
B1153365556044N00911788EA0000001385
B1153415555966N00911808EA0000001397
B1153465555892N00911782EA0000001392
B1153555555736N00911790EA0000001361
B1154025555608N00911879EA0000001345
B1154085555504N00911982EA0000001339
B1154135555418N00912068EA0000001337
B1154195555316N00912166EA0000001329
B1154245555230N00912241EA0000001321
B1154295555145N00912316EA0000001319
B1154345555062N00912390EA0000001321
B1154405554960N00912464EA0000001315
B1154465554860N00912534EA0000001320
B1154515554785N00912607EA0000001317
B1154565554711N00912683EA0000001311
B1155035554608N00912790EA0000001299
B1155085554541N00912879EA0000001294
B1155135554485N00912990EA0000001284
B1155185554443N00913110EA0000001293
B1155245554399N00913244EA0000001294
B1155315554335N00913388EA0000001292
B1155375554285N00913514EA0000001296
B1155425554259N00913633EA0000001302
B1155475554228N00913744EA0000001306
B1155525554174N00913835EA0000001308
B1155585554100N00913932EA0000001313
B1156035554059N00914050EA0000001322
B1156085554068N00914168EA0000001335
B1156135554125N00914201EA0000001342
B1156185554175N00914122EA0000001344
B1156235554163N00914000EA0000001349
B1156285554093N00913950EA0000001349
B1156335554029N00914014EA0000001352
B1156395554000N00914160EA0000001361
B1156445554019N00914264EA0000001374
B1156495554071N00914311EA0000001379
B1156545554126N00914262EA0000001381
B1157005554144N00914118EA0000001378
B1157085554119N00913903EA0000001384
B1157145554095N00913744EA0000001385
B1157195554063N00913618EA0000001389
B1157255553991N00913516EA0000001392
B1157305553914N00913488EA0000001399
B1157355553839N00913499EA0000001409
B1157405553776N00913564EA0000001412
B1157465553741N00913708EA0000001407
B1157515553732N00913842EA0000001402
B1157585553722N00914040EA0000001397
B1158035553715N00914187EA0000001400
B1158095553704N00914358EA0000001405
B1158145553694N00914498EA0000001406
B1158205553668N00914663EA0000001415
B1158255553632N00914790EA0000001416
B1158305553597N00914928EA0000001406
B1158365553563N00915098EA0000001408
B1158425553536N00915272EA0000001396
B1158475553523N00915419EA0000001389
B1158565553515N00915682EA0000001385
B1159025553512N00915854EA0000001379
B1159085553513N00916021EA0000001379
B1159175553513N00916284EA0000001358
B1159235553493N00916469EA0000001346
B1159315553460N00916717EA0000001328
B1159375553437N00916911EA0000001318
B1159435553409N00917102EA0000001320
B1159485553379N00917256EA0000001320
B1159535553347N00917406EA0000001320
B1159595553303N00917580EA0000001310
B1200075553237N00917803EA0000001309
B1200135553184N00917978EA0000001299
B1200185553136N00918099EA0000001316
B1200235553086N00918217EA0000001301
B1200305553017N00918403EA0000001284
B1200355552968N00918547EA0000001267
B1200405552920N00918694EA0000001255
B1200465552861N00918883EA0000001232
B1200525552812N00919086EA0000001228
B1200575552770N00919245EA0000001226
B1201035552713N00919426EA0000001219
B1201085552666N00919579EA0000001213
B1201135552617N00919728EA0000001209
B1201195552557N00919904EA0000001203
B1201245552508N00920042EA0000001197
B1201295552459N00920171EA0000001193
B1201355552397N00920319EA0000001190
B1201405552348N00920434EA0000001198
B1201455552298N00920551EA0000001193
B1201515552241N00920694EA0000001191
B1201565552195N00920824EA0000001191
B1202015552166N00920957EA0000001214
B1202065552198N00921065EA0000001234
B1202115552262N00921064EA0000001244
B1202185552280N00920900EA0000001238
B1202235552210N00920833EA0000001238
B1202285552135N00920852EA0000001258
B1202335552099N00920947EA0000001273
B1202385552136N00921042EA0000001282
B1202435552198N00921007EA0000001298
B1202495552199N00920856EA0000001311
B1202545552132N00920808EA0000001319
B1202595552083N00920889EA0000001333
B1203045552095N00921001EA0000001343
B1203095552158N00921034EA0000001354
B1203145552205N00920945EA0000001363
B1203195552195N00920814EA0000001365
B1203245552134N00920737EA0000001374
B1203295552066N00920768EA0000001383
B1203355552043N00920900EA0000001396
B1203405552080N00920990EA0000001403
B1203455552144N00920978EA0000001411
B1203505552172N00920861EA0000001412
B1203555552135N00920738EA0000001415
B1204015552051N00920732EA0000001427
B1204065552020N00920836EA0000001430
B1204115552052N00920939EA0000001434
B1204165552115N00920961EA0000001447
B1204215552171N00920899EA0000001447
B1204265552198N00920783EA0000001433
B1204325552173N00920612EA0000001423
B1204385552104N00920505EA0000001419
B1204455551994N00920486EA0000001405
B1204505551930N00920577EA0000001404
B1204565551910N00920741EA0000001412
B1205025551919N00920904EA0000001418
B1205085551952N00921068EA0000001421
B1205145551973N00921234EA0000001447
B1205195551937N00921352EA0000001459
B1205245551860N00921390EA0000001469
B1205295551800N00921321EA0000001478
B1205345551795N00921200EA0000001486
B1205395551846N00921137EA0000001510
B1205445551903N00921174EA0000001509
B1205495551932N00921295EA0000001523
B1205545551905N00921418EA0000001538
B1205595551838N00921486EA0000001538
B1206045551766N00921456EA0000001547
B1206095551729N00921347EA0000001538
B1206145551746N00921223EA0000001559
B1206195551800N00921181EA0000001573
B1206245551857N00921240EA0000001568
B1206295551884N00921364EA0000001587
B1206345551857N00921492EA0000001587
B1206395551786N00921567EA0000001587
B1206445551710N00921541EA0000001590
B1206495551667N00921432EA0000001587
B1206545551673N00921303EA0000001602
B1206595551714N00921219EA0000001615
B1207045551777N00921194EA0000001608
B1207095551840N00921251EA0000001612
B1207145551873N00921368EA0000001618
B1207195551875N00921506EA0000001610
B1207245551863N00921647EA0000001601
B1207315551839N00921863EA0000001580
B1207385551840N00922094EA0000001570
B1207445551847N00922295EA0000001547
B1207495551854N00922477EA0000001543
B1207545551868N00922657EA0000001542
B1208005551886N00922864EA0000001537
B1208055551901N00923039EA0000001527
B1208115551912N00923243EA0000001539
B1208165551921N00923410EA0000001531
B1208215551933N00923576EA0000001530
B1208265551948N00923737EA0000001525
B1208315551976N00923892EA0000001518
B1208365552019N00924033EA0000001519
B1208415552066N00924160EA0000001523
B1208465552111N00924284EA0000001521
B1208515552155N00924418EA0000001509
B1208565552204N00924553EA0000001508
B1209015552252N00924683EA0000001505
B1209065552304N00924802EA0000001507
B1209115552360N00924906EA0000001504
B1209175552430N00925029EA0000001497
B1209225552494N00925128EA0000001486
B1209275552563N00925226EA0000001485
B1209325552629N00925313EA0000001483
B1209375552695N00925396EA0000001479
B1209425552763N00925476EA0000001477
B1209485552849N00925579EA0000001458
B1209545552938N00925684EA0000001450
B1210015553043N00925787EA0000001445
B1210065553121N00925841EA0000001439
B1210115553200N00925889EA0000001430
B1210165553280N00925928EA0000001422
B1210215553361N00925974EA0000001423
B1210265553437N00926018EA0000001434
B1210315553499N00926067EA0000001442
B1210385553588N00926158EA0000001426
B1210445553678N00926234EA0000001403
B1210495553764N00926295EA0000001394
B1210555553862N00926350EA0000001398
B1211015553965N00926395EA0000001375
B1211085554082N00926440EA0000001384
B1211145554171N00926504EA0000001377
B1211205554246N00926616EA0000001378
B1211255554292N00926732EA0000001382
B1211315554298N00926891EA0000001390
B1211375554241N00927009EA0000001393
B1211435554148N00927003EA0000001386
B1211485554086N00926913EA0000001389
B1211555554062N00926732EA0000001398
B1212025554093N00926583EA0000001395
B1212085554144N00926484EA0000001387
B1212145554216N00926441EA0000001382
B1212205554295N00926426EA0000001378
B1212255554362N00926408EA0000001376
B1212315554444N00926397EA0000001376
B1212365554508N00926439EA0000001368
B1212415554554N00926536EA0000001363
B1212465554556N00926658EA0000001363
B1212515554514N00926761EA0000001355
B1212565554439N00926797EA0000001348
B1213015554369N00926747EA0000001354
B1213075554324N00926613EA0000001350
B1213125554328N00926478EA0000001348
B1213175554359N00926362EA0000001346
B1213225554408N00926273EA0000001335
B1213285554482N00926191EA0000001323
B1213345554557N00926133EA0000001318
B1213405554636N00926083EA0000001316
B1213455554701N00926046EA0000001320
B1213525554790N00925994EA0000001312
B1213575554853N00925946EA0000001311
B1214025554919N00925899EA0000001303
B1214085554996N00925832EA0000001300
B1214135555058N00925775EA0000001293
B1214185555119N00925708EA0000001288
B1214235555177N00925643EA0000001280
B1214285555235N00925574EA0000001270
B1214335555294N00925504EA0000001262
B1214385555350N00925429EA0000001256
B1214445555418N00925324EA0000001240
B1214505555490N00925213EA0000001236
B1214555555556N00925133EA0000001234
B1215005555625N00925055EA0000001235
B1215055555680N00924949EA0000001244
B1215115555701N00924801EA0000001258
B1215165555655N00924698EA0000001260
B1215215555582N00924688EA0000001259
B1215265555535N00924771EA0000001256
B1215315555532N00924887EA0000001242
B1215365555513N00925009EA0000001236
B1215415555458N00925093EA0000001239
B1215465555382N00925106EA0000001237
B1215515555313N00925041EA0000001231
B1215565555283N00924920EA0000001216
B1216015555308N00924803EA0000001201
B1216065555372N00924745EA0000001184
B1216115555442N00924735EA0000001175
B1216175555524N00924786EA0000001166
B1216245555620N00924841EA0000001161
B1216295555694N00924867EA0000001161
B1216345555765N00924888EA0000001173
B1216395555819N00924828EA0000001189
B1216445555821N00924705EA0000001190
B1216495555763N00924629EA0000001196
B1216545555696N00924666EA0000001188
B1216595555662N00924781EA0000001192
B1217055555691N00924905EA0000001197
B1217105555750N00924935EA0000001203
B1217155555797N00924859EA0000001219
B1217205555797N00924739EA0000001223
B1217255555748N00924648EA0000001232
B1217315555664N00924663EA0000001225
B1217365555628N00924768EA0000001231
B1217415555648N00924871EA0000001232
B1217465555703N00924924EA0000001236
B1217515555768N00924910EA0000001249
B1217565555807N00924821EA0000001254
B1218015555792N00924692EA0000001255
B1218065555733N00924624EA0000001266
B1218115555667N00924655EA0000001268
B1218165555631N00924766EA0000001269
B1218215555651N00924880EA0000001272
B1218265555715N00924903EA0000001276
B1218315555772N00924823EA0000001280
B1218365555811N00924708EA0000001283
B1218415555806N00924578EA0000001284
B1218465555756N00924480EA0000001286
B1218525555668N00924462EA0000001293
B1218575555612N00924546EA0000001299
B1219025555609N00924669EA0000001296
B1219075555663N00924738EA0000001293
B1219125555746N00924719EA0000001283
B1219175555814N00924623EA0000001291
B1219225555830N00924481EA0000001296
B1219285555797N00924309EA0000001301
B1219335555733N00924229EA0000001306
B1219385555654N00924258EA0000001311
B1219435555611N00924372EA0000001326
B1219485555638N00924486EA0000001330
B1219535555706N00924479EA0000001342
B1219585555725N00924358EA0000001359
B1220035555671N00924268EA0000001367
B1220085555603N00924309EA0000001379
B1220135555594N00924418EA0000001379
B1220185555653N00924463EA0000001384
B1220235555693N00924369EA0000001390
B1220285555650N00924253EA0000001394
B1220335555575N00924281EA0000001408
B1220385555565N00924397EA0000001415
B1220435555623N00924438EA0000001415
B1220495555650N00924297EA0000001425
B1220545555586N00924224EA0000001431
B1220595555522N00924305EA0000001433
B1221055555476N00924471EA0000001423
B1221105555442N00924631EA0000001430
B1221155555417N00924780EA0000001459
B1221205555396N00924923EA0000001463
B1221285555370N00925155EA0000001470
B1221335555356N00925300EA0000001462
B1221415555316N00925553EA0000001438
B1221465555292N00925716EA0000001436
B1221525555269N00925910EA0000001431
B1221585555246N00926100EA0000001428
B1222045555229N00926283EA0000001424
B1222105555211N00926467EA0000001418
B1222175555184N00926678EA0000001419
B1222225555166N00926821EA0000001426
B1222295555106N00927008EA0000001434
B1222345555045N00927118EA0000001454
B1222405554974N00927229EA0000001470
B1222455554908N00927325EA0000001472
B1222515554824N00927438EA0000001480
B1222575554743N00927553EA0000001480
B1223025554676N00927660EA0000001463
B1223085554591N00927801EA0000001461
B1223135554520N00927911EA0000001456
B1223205554411N00928053EA0000001448
B1223255554336N00928157EA0000001443
B1223325554240N00928311EA0000001432
B1223385554149N00928444EA0000001427
B1223435554085N00928549EA0000001451
B1223485554041N00928654EA0000001455
B1223555553964N00928786EA0000001453
B1224015553893N00928896EA0000001435
B1224065553834N00928987EA0000001426
B1224125553774N00929106EA0000001434
B1224175553731N00929209EA0000001435
B1224245553681N00929378EA0000001425
B1224305553640N00929540EA0000001426
B1224355553585N00929646EA0000001446
B1224405553504N00929654EA0000001447
B1224455553445N00929554EA0000001447
B1224505553453N00929413EA0000001452
B1224555553508N00929334EA0000001460
B1225005553567N00929362EA0000001471
B1225055553600N00929450EA0000001470
B1225105553616N00929582EA0000001463
B1225155553617N00929734EA0000001479
B1225205553607N00929862EA0000001492
B1225255553594N00930000EA0000001461
B1225305553581N00930164EA0000001439
B1225355553575N00930332EA0000001441
B1225425553572N00930569EA0000001432
B1225475553569N00930735EA0000001428
B1225565553568N00931019EA0000001433
B1226025553566N00931199EA0000001432
B1226095553570N00931411EA0000001427
B1226185553572N00931685EA0000001420
B1226245553577N00931870EA0000001412
B1226295553586N00932026EA0000001407
B1226345553595N00932189EA0000001399
B1226425553605N00932450EA0000001393
B1226485553599N00932648EA0000001393
B1226565553595N00932899EA0000001394
B1227045553591N00933141EA0000001381
B1227095553587N00933297EA0000001379
B1227165553585N00933505EA0000001378
B1227235553582N00933721EA0000001366
B1227285553577N00933879EA0000001367
B1227335553573N00934033EA0000001366
B1227405553568N00934241EA0000001362
B1227455553566N00934390EA0000001355
B1227505553557N00934528EA0000001365
B1227565553506N00934673EA0000001361
B1228015553449N00934777EA0000001367
B1228065553424N00934901EA0000001358
B1228125553452N00935053EA0000001340
B1228205553521N00935218EA0000001332
B1228265553588N00935327EA0000001313
B1228325553656N00935449EA0000001307
B1228375553710N00935549EA0000001306
B1228425553768N00935643EA0000001292
B1228475553837N00935726EA0000001280
B1228525553913N00935796EA0000001273
B1228575553991N00935858EA0000001269
B1229025554074N00935908EA0000001265
B1229085554176N00935963EA0000001246
B1229145554275N00936038EA0000001238
B1229195554355N00936103EA0000001227
B1229265554478N00936125EA0000001226
B1229315554565N00936082EA0000001227
B1229385554679N00935996EA0000001233
B1229445554766N00935894EA0000001234
B1229515554856N00935757EA0000001223
B1229575554926N00935630EA0000001225
B1230025554975N00935522EA0000001252
B1230085555047N00935488EA0000001263
B1230135555096N00935569EA0000001263
B1230185555095N00935688EA0000001271
B1230235555040N00935772EA0000001277
B1230285554968N00935758EA0000001284
B1230335554923N00935649EA0000001289
B1230385554943N00935530EA0000001305
B1230435555002N00935504EA0000001309
B1230485555045N00935597EA0000001304
B1230535555017N00935710EA0000001311
B1230585554945N00935726EA0000001307
B1231035554890N00935631EA0000001307
B1231105554903N00935451EA0000001329
B1231165554950N00935329EA0000001326
B1231215554996N00935224EA0000001321
B1231275555055N00935091EA0000001333
B1231325555094N00934974EA0000001342
B1231375555106N00934837EA0000001342
B1231425555140N00934729EA0000001334
B1231495555207N00934592EA0000001315
B1231545555266N00934510EA0000001303
B1231595555326N00934407EA0000001309
B1232045555394N00934372EA0000001318
B1232105555457N00934453EA0000001324
B1232155555470N00934567EA0000001308
B1232205555432N00934689EA0000001316
B1232255555362N00934736EA0000001324
B1232305555292N00934682EA0000001334
B1232355555258N00934569EA0000001338
B1232405555280N00934453EA0000001342
B1232455555342N00934423EA0000001340
B1232505555389N00934495EA0000001341
B1232555555387N00934622EA0000001327
B1233025555320N00934797EA0000001332
B1233075555263N00934904EA0000001341
B1233135555175N00934939EA0000001349
B1233185555109N00934865EA0000001347
B1233235555066N00934748EA0000001346
B1233315554998N00934544EA0000001329
B1233375554972N00934377EA0000001317
B1233425554970N00934224EA0000001298
B1233475554972N00934060EA0000001284
B1233525554981N00933891EA0000001272
B1233585554995N00933682EA0000001264
B1234045555006N00933469EA0000001250
B1234095555013N00933289EA0000001253
B1234165555023N00933047EA0000001245
B1234215555031N00932867EA0000001235
B1234285555042N00932630EA0000001239
B1234355555046N00932399EA0000001225
B1234415555053N00932200EA0000001214
B1234495555063N00931942EA0000001206
B1234565555065N00931711EA0000001183
B1235025555067N00931496EA0000001173
B1235075555071N00931326EA0000001167
B1235135555073N00931123EA0000001158
B1235185555072N00930956EA0000001148
B1235245555065N00930753EA0000001139
B1235305555055N00930549EA0000001131
B1235365555048N00930355EA0000001137
B1235425555043N00930178EA0000001136
B1235545555046N00929814EA0000001127
B1236045555050N00929505EA0000001142
B1236095555089N00929396EA0000001157
B1236145555158N00929394EA0000001150
B1236195555190N00929505EA0000001146
B1236245555150N00929616EA0000001136
B1236295555075N00929616EA0000001134
B1236365555010N00929468EA0000001149
B1236415554978N00929345EA0000001150
B1236475554949N00929186EA0000001146
B1236525554932N00929048EA0000001140
B1236575554918N00928896EA0000001127
B1237025554906N00928738EA0000001122
B1237075554894N00928583EA0000001117
B1237135554881N00928399EA0000001114
B1237185554870N00928244EA0000001112
B1237245554855N00928061EA0000001113
B1237335554847N00927777EA0000001105
B1237415554799N00927575EA0000001105
B1237465554741N00927465EA0000001096
B1237525554661N00927342EA0000001099
B1237575554595N00927251EA0000001105
B1238025554525N00927179EA0000001102
B1238085554427N00927148EA0000001103
B1238135554346N00927140EA0000001088
B1238185554261N00927124EA0000001074
B1238235554169N00927099EA0000001069
B1238285554082N00927077EA0000001082
B1238355553973N00927118EA0000001095
B1238405553954N00927239EA0000001101
B1238455554003N00927318EA0000001109
B1238515554064N00927242EA0000001109
B1238565554042N00927124EA0000001111
B1239015553985N00927025EA0000001108
B1239065553930N00926926EA0000001112
B1239115553858N00926896EA0000001115
B1239165553807N00926989EA0000001103
B1239215553829N00927125EA0000001093
B1239265553897N00927168EA0000001100
B1239315553967N00927116EA0000001088
B1239365553999N00926985EA0000001092
B1239415553995N00926845EA0000001091
B1239465553977N00926703EA0000001099
B1239515553999N00926568EA0000001100
B1239565554023N00926427EA0000001100
B1240015553994N00926287EA0000001105
B1240065553913N00926240EA0000001110
B1240115553849N00926316EA0000001116
B1240165553851N00926442EA0000001114
B1240215553908N00926491EA0000001110
B1240265553960N00926411EA0000001106
B1240315553967N00926264EA0000001094
B1240365553958N00926114EA0000001109
B1240425553990N00925971EA0000001113
B1240475554049N00925909EA0000001111
B1240525554118N00925913EA0000001115
B1240575554190N00925927EA0000001110
B1241035554268N00925987EA0000001106
B1241095554320N00926126EA0000001097
B1241155554361N00926290EA0000001092
B1241215554418N00926441EA0000001098
B1241265554468N00926565EA0000001109
B1241315554542N00926613EA0000001115
B1241365554596N00926527EA0000001126
B1241415554570N00926406EA0000001139
B1241465554494N00926405EA0000001153
B1241515554467N00926523EA0000001165
B1241565554519N00926604EA0000001167
B1242015554571N00926528EA0000001172
B1242065554537N00926420EA0000001189
B1242115554467N00926450EA0000001201
B1242165554458N00926575EA0000001211
B1242225554527N00926624EA0000001212
B1242275554557N00926514EA0000001222
B1242325554504N00926438EA0000001238
B1242375554445N00926508EA0000001247
B1242425554461N00926625EA0000001259
B1242475554524N00926630EA0000001257
B1242525554539N00926516EA0000001273
B1242585554466N00926463EA0000001285
B1243035554424N00926567EA0000001293
B1243085554463N00926659EA0000001304
B1243135554520N00926607EA0000001307
B1243185554497N00926492EA0000001319
B1243235554426N00926508EA0000001333
B1243285554415N00926630EA0000001343
B1243335554473N00926682EA0000001351
B1243395554512N00926573EA0000001367
B1243445554463N00926485EA0000001368
B1243495554395N00926535EA0000001386
B1243545554399N00926653EA0000001395
B1243595554461N00926681EA0000001402
B1244055554492N00926569EA0000001415
B1244105554443N00926475EA0000001415
B1244155554377N00926517EA0000001433
B1244215554392N00926652EA0000001439
B1244265554454N00926635EA0000001447
B1244315554460N00926516EA0000001453
B1244365554400N00926446EA0000001461
B1244415554329N00926483EA0000001476
B1244465554304N00926595EA0000001487
B1244515554346N00926684EA0000001494
B1244565554407N00926666EA0000001506
B1245025554424N00926541EA0000001503
B1245075554363N00926466EA0000001508
B1245125554297N00926519EA0000001519
B1245175554291N00926640EA0000001527
B1245225554349N00926698EA0000001533
B1245275554397N00926628EA0000001537
B1245325554385N00926501EA0000001529
B1245385554382N00926339EA0000001531
B1245445554417N00926173EA0000001515
B1245495554463N00926033EA0000001492
B1245545554518N00925872EA0000001475
B1246025554580N00925608EA0000001477
B1246075554594N00925440EA0000001471
B1246145554610N00925190EA0000001452
B1246205554628N00924966EA0000001445
B1246275554651N00924710EA0000001441
B1246355554677N00924411EA0000001425
B1246405554695N00924219EA0000001413
B1246455554711N00924027EA0000001418
B1246505554726N00923841EA0000001412
B1246565554746N00923623EA0000001413
B1247015554761N00923447EA0000001405
B1247065554781N00923270EA0000001398
B1247115554802N00923098EA0000001402
B1247185554840N00922862EA0000001394
B1247245554874N00922657EA0000001398
B1247315554878N00922422EA0000001400
B1247405554873N00922130EA0000001389
B1247455554867N00921958EA0000001381
B1247505554872N00921785EA0000001387
B1247575554877N00921568EA0000001396
B1248025554888N00921415EA0000001398
B1248085554902N00921227EA0000001395
B1248155554889N00921001EA0000001377
B1248235554850N00920745EA0000001369
B1248285554815N00920582EA0000001359
B1248345554773N00920389EA0000001377
B1248395554745N00920240EA0000001383
B1248455554711N00920064EA0000001396
B1248505554679N00919918EA0000001390
B1248555554639N00919767EA0000001386
B1249015554596N00919581EA0000001374
B1249065554558N00919413EA0000001361
B1249115554533N00919242EA0000001362
B1249165554525N00919071EA0000001350
B1249235554520N00918816EA0000001340
B1249305554512N00918568EA0000001333
B1249355554512N00918395EA0000001332
B1249415554521N00918200EA0000001327
B1249465554537N00918032EA0000001318
B1249515554556N00917870EA0000001319
B1249565554579N00917718EA0000001313
B1250025554618N00917541EA0000001305
B1250075554651N00917397EA0000001299
B1250135554688N00917229EA0000001307
B1250195554734N00917063EA0000001308
B1250265554784N00916875EA0000001314
B1250325554828N00916705EA0000001295
B1250375554869N00916559EA0000001289
B1250445554925N00916354EA0000001285
B1250495554964N00916206EA0000001270
B1250545555007N00916055EA0000001258
B1250595555042N00915898EA0000001264
B1251055555079N00915734EA0000001280
B1251105555105N00915592EA0000001269
B1251155555137N00915442EA0000001267
B1251205555168N00915301EA0000001278
B1251255555187N00915157EA0000001285
B1251305555213N00915025EA0000001285
B1251355555257N00914911EA0000001279
B1251405555300N00914798EA0000001270
B1251465555354N00914648EA0000001253
B1251525555400N00914489EA0000001258
B1251575555399N00914340EA0000001260
B1252035555345N00914183EA0000001264
B1252085555269N00914096EA0000001260
B1252135555181N00914096EA0000001265
B1252185555105N00914163EA0000001266
B1252235555068N00914294EA0000001266
B1252285555090N00914429EA0000001258
B1252335555156N00914499EA0000001256
B1252385555230N00914467EA0000001253
B1252455555299N00914312EA0000001252
B1252505555327N00914169EA0000001252
B1252555555351N00914025EA0000001259
B1253005555383N00913879EA0000001266
B1253055555436N00913778EA0000001288
B1253105555500N00913791EA0000001302
B1253155555520N00913898EA0000001308
B1253205555469N00913988EA0000001301
B1253255555392N00913958EA0000001307
B1253305555349N00913847EA0000001324
B1253355555373N00913727EA0000001326
B1253405555435N00913697EA0000001338
B1253455555468N00913786EA0000001342
B1253515555418N00913889EA0000001337
B1253565555345N00913845EA0000001338
B1254025555295N00913696EA0000001352
B1254075555287N00913566EA0000001356
B1254125555329N00913468EA0000001357
B1254175555393N00913418EA0000001361
B1254225555453N00913352EA0000001364
B1254275555508N00913259EA0000001369
B1254345555561N00913098EA0000001386
B1254395555525N00912980EA0000001402
B1254445555451N00912977EA0000001407
B1254495555423N00913080EA0000001409
B1254545555462N00913155EA0000001420
B1254595555521N00913110EA0000001421
B1255055555527N00912957EA0000001439
B1255105555460N00912889EA0000001440
B1255165555389N00912973EA0000001452
B1255215555399N00913073EA0000001456
B1255265555459N00913103EA0000001459
B1255315555514N00913041EA0000001478
B1255375555532N00912896EA0000001482
B1255425555486N00912783EA0000001488
B1255475555408N00912766EA0000001491
B1255525555356N00912853EA0000001499
B1255575555372N00912959EA0000001502
B1256025555436N00912955EA0000001511
B1256085555452N00912811EA0000001520
B1256145555369N00912726EA0000001518
B1256195555303N00912803EA0000001518
B1256245555311N00912918EA0000001528
B1256295555370N00912954EA0000001535
B1256345555427N00912890EA0000001545
B1256395555457N00912767EA0000001550
B1256465555472N00912558EA0000001541
B1256555555471N00912247EA0000001544
B1257015555468N00912054EA0000001541
B1257065555458N00911908EA0000001528
B1257115555445N00911749EA0000001511
B1257195555445N00911471EA0000001499
B1257245555452N00911298EA0000001493
B1257305555466N00911092EA0000001488
B1257355555479N00910918EA0000001477
B1257405555495N00910745EA0000001478
B1257455555512N00910570EA0000001473
B1257505555523N00910394EA0000001472
B1257565555534N00910196EA0000001474
B1258015555541N00910033EA0000001463
B1258065555552N00909849EA0000001435
B1258115555563N00909651EA0000001433
B1258165555571N00909461EA0000001433
B1258225555582N00909244EA0000001433
B1258285555591N00909032EA0000001424
B1258335555604N00908847EA0000001412
B1258395555618N00908628EA0000001417
B1258445555627N00908463EA0000001422
B1258495555639N00908297EA0000001407
B1258545555654N00908125EA0000001408
B1259005555666N00907930EA0000001412
B1259055555676N00907770EA0000001406
B1259105555688N00907606EA0000001402
B1259175555706N00907371EA0000001395
B1259225555724N00907206EA0000001396
B1259285555740N00907010EA0000001401
B1259335555750N00906857EA0000001394
B1259385555764N00906700EA0000001380
B1259445555789N00906514EA0000001380
B1259495555809N00906362EA0000001374
B1259545555830N00906204EA0000001363
B1300015555859N00905992EA0000001365
B1300095555876N00905756EA0000001360
B1300175555895N00905514EA0000001353
B1300235555913N00905336EA0000001365
B1300305555943N00905141EA0000001369
B1300355555993N00905050EA0000001372
B1300405556062N00905066EA0000001386
B1300455556092N00905175EA0000001391
B1300505556057N00905290EA0000001393
B1300555555982N00905311EA0000001393
B1301015555894N00905227EA0000001391
B1301065555818N00905155EA0000001392
B1301125555730N00905068EA0000001396
B1301175555667N00904966EA0000001397
B1301235555600N00904826EA0000001409
B1301285555586N00904691EA0000001418
B1301335555628N00904602EA0000001434
B1301385555691N00904604EA0000001443
B1301435555724N00904705EA0000001451
B1301485555688N00904819EA0000001456
B1301535555606N00904828EA0000001469
B1301585555556N00904724EA0000001477
B1302035555574N00904602EA0000001486
B1302085555633N00904566EA0000001502
B1302135555685N00904635EA0000001504
B1302185555680N00904765EA0000001510
B1302235555611N00904839EA0000001517
B1302285555533N00904780EA0000001531
B1302335555500N00904655EA0000001537
B1302385555531N00904531EA0000001541
B1302435555598N00904501EA0000001552
B1302485555652N00904580EA0000001555
B1302535555649N00904713EA0000001569
B1302585555586N00904795EA0000001572
B1303035555503N00904767EA0000001576
B1303095555474N00904607EA0000001584
B1303145555530N00904530EA0000001593
B1303205555593N00904621EA0000001597
B1303255555574N00904759EA0000001601
B1303315555480N00904833EA0000001608
B1303365555402N00904767EA0000001620
B1303425555379N00904604EA0000001625
B1303475555428N00904501EA0000001627
B1303525555499N00904443EA0000001630
B1303575555570N00904372EA0000001622
B1304025555648N00904277EA0000001607
B1304075555722N00904159EA0000001611
B1304125555790N00904029EA0000001603
B1304175555858N00903899EA0000001593
B1304235555937N00903734EA0000001575
B1304305556034N00903530EA0000001558
B1304365556120N00903358EA0000001542
B1304415556191N00903216EA0000001538
B1304465556256N00903071EA0000001539
B1304525556321N00902902EA0000001552
B1304575556375N00902770EA0000001536
B1305025556442N00902629EA0000001523
B1305075556508N00902490EA0000001525
B1305135556588N00902338EA0000001518
B1305185556656N00902219EA0000001515
B1305245556737N00902086EA0000001506
B1305315556841N00901927EA0000001487
B1305365556907N00901812EA0000001497
B1305415556964N00901697EA0000001497
B1305465557018N00901599EA0000001503
B1305525557082N00901486EA0000001485
B1305575557144N00901396EA0000001477
B1306025557203N00901304EA0000001478
B1306075557262N00901220EA0000001476
B1306135557344N00901139EA0000001463
B1306185557421N00901073EA0000001455
B1306245557517N00900998EA0000001452
B1306295557603N00900927EA0000001440
B1306345557691N00900851EA0000001448
B1306395557772N00900817EA0000001474
B1306445557839N00900861EA0000001477
B1306495557880N00900961EA0000001477
B1306545557880N00901090EA0000001469
B1306595557820N00901192EA0000001468
B1307045557731N00901191EA0000001481
B1307095557651N00901127EA0000001498
B1307145557618N00901006EA0000001515
B1307195557646N00900895EA0000001520
B1307245557706N00900871EA0000001523
B1307305557779N00900947EA0000001511
B1307355557856N00900967EA0000001494
B1307405557944N00900926EA0000001479
B1307475558071N00900842EA0000001456
B1307525558158N00900773EA0000001467
B1308045558334N00900603EA0000001465
B1308105558415N00900490EA0000001455
B1308165558499N00900365EA0000001439
B1308215558563N00900249EA0000001437
B1308275558642N00900116EA0000001429
B1308335558734N00900018EA0000001421
B1308385558815N00859955EA0000001414
B1308435558898N00859917EA0000001409
B1308485558982N00859902EA0000001409
B1308535559062N00859856EA0000001406
B1308585559136N00859771EA0000001397
B1309035559213N00859687EA0000001393
B1309115559347N00859658EA0000001394
B1309185559469N00859700EA0000001381
B1309245559572N00859753EA0000001375
B1309315559692N00859831EA0000001364
B1309365559772N00859899EA0000001367
B1309435559875N00900000EA0000001359
B1309485559951N00900075EA0000001349
B1309545600043N00900162EA0000001352
B1310015600147N00900244EA0000001360
B1310085600255N00900333EA0000001343
B1310145600356N00900418EA0000001340
B1310195600445N00900493EA0000001341
B1310245600537N00900551EA0000001344
B1310295600618N00900616EA0000001355
B1310345600693N00900672EA0000001355
B1310425600821N00900744EA0000001355
B1310475600872N00900850EA0000001362
B1310525600873N00900995EA0000001358
B1310575600823N00901118EA0000001355
B1311025600742N00901155EA0000001348
B1311075600675N00901077EA0000001347
B1311125600651N00900939EA0000001342
B1311185600616N00900776EA0000001345
B1311235600578N00900647EA0000001342
B1311315600512N00900432EA0000001334
B1311365600470N00900299EA0000001337
B1311415600427N00900168EA0000001330
B1311465600382N00900026EA0000001332
B1311535600299N00859866EA0000001337
B1311585600225N00859789EA0000001342
B1312035600149N00859805EA0000001343
B1312085600105N00859909EA0000001343
B1312135600124N00900025EA0000001347
B1312185600184N00900071EA0000001354
B1312235600244N00900026EA0000001354
B1312285600272N00859908EA0000001352
B1312335600245N00859776EA0000001346
B1312385600171N00859698EA0000001339
B1312435600083N00859643EA0000001328
B1312485559991N00859582EA0000001317
B1312555559862N00859489EA0000001310
B1313015559753N00859409EA0000001301
B1313075559644N00859321EA0000001296
B1313125559567N00859216EA0000001292
B1313195559506N00859027EA0000001281
B1313245559484N00858876EA0000001265
B1313315559466N00858661EA0000001247
B1313405559444N00858365EA0000001230
B1313475559412N00858138EA0000001218
B1313525559382N00857966EA0000001212
B1313575559344N00857813EA0000001233
B1314035559292N00857642EA0000001219
B1314085559248N00857482EA0000001222
B1314155559239N00857264EA0000001237
B1314225559264N00857065EA0000001243
B1314285559294N00856900EA0000001226
B1314345559335N00856740EA0000001221
B1314395559372N00856600EA0000001217
B1314455559428N00856453EA0000001226
B1314505559495N00856394EA0000001233
B1314555559554N00856436EA0000001258
B1315005559564N00856551EA0000001265
B1315065559499N00856635EA0000001272
B1315115559431N00856570EA0000001276
B1315165559417N00856446EA0000001279
B1315215559461N00856347EA0000001283
B1315265559524N00856341EA0000001300
B1315315559565N00856423EA0000001314
B1315365559562N00856540EA0000001326
B1315415559517N00856622EA0000001328
B1315465559445N00856621EA0000001334
B1315515559392N00856532EA0000001338
B1315565559391N00856403EA0000001337
B1316015559433N00856305EA0000001345
B1316065559494N00856262EA0000001355
B1316115559542N00856334EA0000001359
B1316165559526N00856456EA0000001374
B1316215559464N00856494EA0000001383
B1316265559411N00856417EA0000001383
B1316315559417N00856297EA0000001392
B1316365559477N00856273EA0000001398
B1316415559513N00856373EA0000001404
B1316465559479N00856483EA0000001416
B1316515559410N00856485EA0000001420
B1316565559366N00856383EA0000001412
B1317015559381N00856259EA0000001429
B1317065559440N00856211EA0000001432
B1317115559490N00856286EA0000001440
B1317165559468N00856408EA0000001443
B1317215559397N00856436EA0000001456
B1317265559342N00856361EA0000001462
B1317315559324N00856244EA0000001469
B1317365559360N00856150EA0000001473
B1317415559423N00856152EA0000001479
B1317465559462N00856244EA0000001487
B1317515559442N00856366EA0000001487
B1317565559372N00856410EA0000001496
B1318025559310N00856314EA0000001506
B1318085559298N00856159EA0000001505
B1318135559310N00856023EA0000001503
B1318185559328N00855889EA0000001508
B1318235559338N00855751EA0000001501
B1318295559350N00855584EA0000001487
B1318355559360N00855408EA0000001487
B1318445559365N00855122EA0000001460
B1318545559365N00854786EA0000001452
B1319015559367N00854546EA0000001449
B1319075559376N00854334EA0000001441
B1319125559386N00854154EA0000001439
B1319185559397N00853941EA0000001436
B1319235559405N00853768EA0000001439
B1319285559419N00853594EA0000001428
B1319335559435N00853417EA0000001421
B1319385559452N00853252EA0000001424
B1319445559477N00853068EA0000001422
B1319495559502N00852914EA0000001411
B1319545559525N00852754EA0000001410
B1319595559533N00852609EA0000001427
B1320045559583N00852537EA0000001417
B1320095559655N00852563EA0000001403
B1320145559734N00852596EA0000001399
B1320195559815N00852590EA0000001408
B1320265559912N00852548EA0000001418
B1320315559978N00852502EA0000001415
B1320365600045N00852429EA0000001415
B1320415600106N00852352EA0000001429
B1320465600167N00852270EA0000001422
B1320525600249N00852174EA0000001443
B1320585600333N00852135EA0000001445
B1321055600448N00852151EA0000001432
B1321105600534N00852177EA0000001430
B1321155600621N00852212EA0000001422
B1321205600710N00852253EA0000001415
B1321265600816N00852314EA0000001410
B1321355600972N00852405EA0000001395
B1321405601059N00852464EA0000001391
B1321465601161N00852525EA0000001394
B1321515601244N00852570EA0000001388
B1321565601327N00852613EA0000001384
B1322025601419N00852650EA0000001383
B1322075601493N00852687EA0000001368
B1322125601565N00852716EA0000001388
B1322175601622N00852771EA0000001389
B1322225601641N00852896EA0000001404
B1322275601594N00852997EA0000001415
B1322325601524N00852979EA0000001412
B1322375601487N00852873EA0000001414
B1322425601493N00852752EA0000001419
B1322475601545N00852696EA0000001419
B1322525601602N00852748EA0000001425
B1322575601596N00852872EA0000001431
B1323025601527N00852899EA0000001440
B1323075601490N00852800EA0000001445
B1323125601517N00852698EA0000001446
B1323175601576N00852662EA0000001454
B1323225601646N00852677EA0000001464
B1323275601717N00852672EA0000001489
B1323325601749N00852571EA0000001501
B1323385601704N00852437EA0000001513
B1323435601629N00852452EA0000001524
B1323495601599N00852594EA0000001533
B1323545601646N00852682EA0000001551
B1323595601707N00852646EA0000001559
B1324045601727N00852531EA0000001564
B1324095601687N00852418EA0000001574
B1324145601612N00852399EA0000001582
B1324195601557N00852485EA0000001596
B1324245601557N00852604EA0000001607
B1324295601607N00852668EA0000001619
B1324355601671N00852623EA0000001611
B1324405601720N00852525EA0000001608
B1324455601771N00852430EA0000001625
B1324505601830N00852402EA0000001635
B1324575601913N00852481EA0000001638
B1325035601982N00852567EA0000001647
B1325085602043N00852630EA0000001636
B1325145602128N00852707EA0000001614
B1325225602255N00852785EA0000001609
B1325275602333N00852823EA0000001615
B1325335602427N00852869EA0000001627
B1325395602529N00852906EA0000001625
B1325445602623N00852942EA0000001623
B1325495602718N00852974EA0000001627
B1325575602867N00853034EA0000001615
B1326025602958N00853067EA0000001604
B1326075603054N00853098EA0000001593
B1326135603163N00853128EA0000001602
B1326185603247N00853132EA0000001600
B1326245603348N00853122EA0000001588
B1326295603426N00853058EA0000001583
B1326355603505N00852909EA0000001562
B1326425603564N00852686EA0000001567
B1326495603610N00852464EA0000001573
B1326555603649N00852288EA0000001588
B1327005603673N00852137EA0000001594
B1327055603689N00851988EA0000001597
B1327115603705N00851796EA0000001590
B1327165603720N00851629EA0000001597
B1327225603725N00851437EA0000001587
B1327295603726N00851191EA0000001574
B1327365603730N00850947EA0000001580
B1327425603733N00850749EA0000001574
B1327515603746N00850439EA0000001569
B1327565603751N00850266EA0000001560
B1328025603759N00850048EA0000001551
B1328075603761N00849866EA0000001545
B1328125603764N00849683EA0000001540
B1328185603766N00849474EA0000001544
B1328245603770N00849273EA0000001538
B1328315603786N00849049EA0000001541
B1328365603810N00848905EA0000001544
B1328435603839N00848691EA0000001523
B1328485603852N00848521EA0000001516
B1328535603865N00848352EA0000001514
B1328585603876N00848178EA0000001513
B1329045603875N00847983EA0000001540
B1329095603867N00847846EA0000001555
B1329145603861N00847716EA0000001555
B1329205603855N00847538EA0000001534
B1329255603851N00847367EA0000001512
B1329305603848N00847172EA0000001495
B1329355603844N00846972EA0000001499
B1329515603842N00846456EA0000001550
B1329575603836N00846257EA0000001536
B1330025603828N00846063EA0000001503
B1330075603822N00845841EA0000001490
B1330125603811N00845621EA0000001489
B1330175603793N00845407EA0000001485
B1330225603772N00845194EA0000001476
B1330275603753N00844976EA0000001467
B1330325603735N00844756EA0000001460
B1330375603712N00844536EA0000001445
B1330445603688N00844230EA0000001442
B1330495603674N00844013EA0000001435
B1330555603659N00843764EA0000001441
B1331015603652N00843559EA0000001488
B1331065603656N00843426EA0000001493
B1331115603675N00843285EA0000001486
B1331185603717N00843098EA0000001495
B1331245603766N00842950EA0000001482
B1331305603824N00842767EA0000001464
B1331365603861N00842549EA0000001474
B1331425603888N00842333EA0000001502
B1331475603913N00842182EA0000001528
B1331535603955N00842013EA0000001513
B1332005604029N00841782EA0000001490
B1332055604090N00841611EA0000001477
B1332105604153N00841445EA0000001477
B1332155604213N00841295EA0000001483
B1332205604269N00841152EA0000001485
B1332265604337N00840985EA0000001476
B1332315604396N00840841EA0000001470
B1332375604463N00840671EA0000001465
B1332455604554N00840452EA0000001457
B1332525604637N00840279EA0000001458
B1332575604695N00840157EA0000001459
B1333035604764N00840015EA0000001467
B1333105604846N00839857EA0000001464
B1333155604907N00839740EA0000001473
B1333205604973N00839630EA0000001472
B1333255605040N00839521EA0000001466
B1333305605110N00839418EA0000001463
B1333355605184N00839332EA0000001458
B1333425605286N00839209EA0000001449
B1333475605357N00839110EA0000001446
B1333525605423N00839004EA0000001452
B1333585605493N00838874EA0000001467
B1334055605564N00838739EA0000001477
B1334105605617N00838641EA0000001470
B1334155605676N00838524EA0000001466
B1334205605737N00838398EA0000001468
B1334265605802N00838253EA0000001479
B1334315605859N00838131EA0000001471
B1334365605923N00838003EA0000001464
B1334435606021N00837824EA0000001472
B1334495606103N00837692EA0000001475
B1334555606187N00837556EA0000001457
B1335015606268N00837415EA0000001454
B1335095606371N00837232EA0000001453
B1335165606455N00837076EA0000001446
B1335215606516N00836968EA0000001434
B1335265606581N00836864EA0000001430
B1335335606672N00836736EA0000001436
B1335385606731N00836639EA0000001438
B1335435606799N00836576EA0000001444
B1335495606889N00836562EA0000001449
B1335545606959N00836557EA0000001462
B1336015607052N00836503EA0000001466
B1336075607113N00836383EA0000001452
B1336125607138N00836243EA0000001444
B1336175607128N00836086EA0000001419
B1336235607080N00835889EA0000001409
B1336285607029N00835740EA0000001413
B1336365606945N00835506EA0000001398
B1336435606871N00835292EA0000001381
B1336485606822N00835137EA0000001383
B1336535606800N00834972EA0000001376
B1336595606798N00834773EA0000001375
B1337045606802N00834619EA0000001377
B1337115606809N00834403EA0000001360
B1337165606798N00834244EA0000001354
B1337225606758N00834065EA0000001346
B1337275606707N00833931EA0000001339
B1337345606593N00833818EA0000001329
B1337405606487N00833793EA0000001330
B1337455606399N00833814EA0000001319
B1337515606318N00833943EA0000001310
B1337565606244N00834037EA0000001303
B1338025606138N00834101EA0000001292
B1338085606027N00834146EA0000001285
B1338145605922N00834220EA0000001291
B1338195605835N00834222EA0000001293
B1338245605760N00834138EA0000001278
B1338305605738N00833963EA0000001277
B1338355605790N00833864EA0000001267
B1338405605870N00833848EA0000001264
B1338455605932N00833937EA0000001265
B1338515605946N00834125EA0000001262
B1338575605925N00834323EA0000001258
B1339025605897N00834484EA0000001260
B1339115605854N00834763EA0000001249
B1339175605836N00834956EA0000001239
B1339235605812N00835155EA0000001230
B1339295605790N00835350EA0000001230
B1339345605770N00835511EA0000001228
B1339405605728N00835699EA0000001220
B1339465605680N00835889EA0000001210
B1339515605640N00836048EA0000001207
B1339575605592N00836236EA0000001197
B1340025605553N00836393EA0000001195
B1340085605508N00836574EA0000001194
B1340145605453N00836740EA0000001186
B1340225605374N00836965EA0000001174
B1340275605334N00837113EA0000001175
B1340345605286N00837319EA0000001170
B1340395605248N00837456EA0000001176
B1340465605185N00837641EA0000001181
B1340515605143N00837775EA0000001184
B1340575605093N00837917EA0000001213
B1341035605043N00838045EA0000001226
B1341085605016N00838164EA0000001244
B1341135605039N00838275EA0000001246
B1341185605101N00838292EA0000001255
B1341235605149N00838204EA0000001251
B1341295605150N00838040EA0000001255
B1341345605081N00837954EA0000001267
B1341395604998N00837997EA0000001275
B1341465604905N00838147EA0000001290
B1341515604847N00838263EA0000001300
B1341595604759N00838454EA0000001281
B1342065604676N00838644EA0000001265
B1342115604613N00838778EA0000001258
B1342165604549N00838910EA0000001250
B1342215604484N00839044EA0000001241
B1342265604424N00839176EA0000001248
B1342315604362N00839302EA0000001253
B1342365604302N00839421EA0000001272
B1342455604205N00839621EA0000001283
B1342505604148N00839732EA0000001280
B1342555604091N00839851EA0000001278
B1343045603986N00840068EA0000001268
B1343095603924N00840193EA0000001259
B1343145603852N00840306EA0000001247
B1343205603779N00840460EA0000001236
B1343255603724N00840598EA0000001229
B1343315603665N00840780EA0000001210
B1343365603618N00840937EA0000001200
B1343435603541N00841144EA0000001205
B1343485603490N00841274EA0000001228
B1343535603445N00841395EA0000001227
B1344015603366N00841606EA0000001199
B1344065603314N00841748EA0000001189
B1344125603256N00841924EA0000001185
B1344175603208N00842067EA0000001195
B1344225603166N00842204EA0000001212
B1344285603115N00842363EA0000001222
B1344335603072N00842490EA0000001229
B1344385603024N00842618EA0000001235
B1344445602971N00842775EA0000001240
B1344515602903N00842959EA0000001242
B1344575602853N00843122EA0000001245
B1345025602824N00843275EA0000001236
B1345105602797N00843529EA0000001242
B1345165602775N00843724EA0000001242
B1345235602751N00843934EA0000001266
B1345305602724N00844144EA0000001259
B1345365602689N00844347EA0000001258
B1345435602646N00844583EA0000001266
B1345485602611N00844745EA0000001260
B1345535602570N00844918EA0000001229
B1345585602527N00845104EA0000001222
B1346045602479N00845331EA0000001214
B1346095602438N00845515EA0000001217
B1346145602394N00845704EA0000001211
B1346205602339N00845929EA0000001215
B1346255602294N00846110EA0000001224
B1346315602241N00846314EA0000001234
B1346365602196N00846477EA0000001232
B1346415602151N00846623EA0000001251
B1346465602105N00846757EA0000001265
B1346515602059N00846891EA0000001242
B1346565602014N00847053EA0000001226
B1347015601973N00847230EA0000001214
B1347085601918N00847487EA0000001208
B1347145601872N00847715EA0000001205
B1347195601830N00847905EA0000001217
B1347255601784N00848116EA0000001223
B1347305601740N00848303EA0000001201
B1347365601690N00848543EA0000001191
B1347415601652N00848738EA0000001205
B1347485601605N00849001EA0000001205
B1347535601573N00849193EA0000001195
B1348005601528N00849470EA0000001178
B1348055601496N00849672EA0000001171
B1348105601467N00849871EA0000001168
B1348155601436N00850064EA0000001166
B1348215601399N00850289EA0000001168
B1348265601371N00850474EA0000001161
B1348315601346N00850657EA0000001159
B1348365601333N00850838EA0000001159
B1348425601324N00851053EA0000001154
B1348495601318N00851322EA0000001152
B1348565601318N00851593EA0000001151
B1349015601317N00851782EA0000001151
B1349095601318N00852079EA0000001146
B1349165601321N00852337EA0000001137
B1349245601323N00852609EA0000001139
B1349305601323N00852816EA0000001120
B1349365601321N00853028EA0000001105
B1349435601319N00853282EA0000001091
B1349515601316N00853576EA0000001081
B1349575601313N00853796EA0000001074
B1350025601311N00853981EA0000001065
B1350085601308N00854207EA0000001062
B1350155601312N00854472EA0000001058
B1350215601314N00854696EA0000001057
B1350285601305N00854950EA0000001057
B1350345601288N00855154EA0000001060
B1350405601251N00855347EA0000001062
B1350485601198N00855599EA0000001058
B1350535601162N00855752EA0000001052
B1350585601127N00855908EA0000001047
B1351045601083N00856093EA0000001039
B1351105601029N00856285EA0000001036
B1351165600969N00856454EA0000001059
B1351215600927N00856589EA0000001063
B1351265600926N00856726EA0000001063
B1351315600970N00856821EA0000001062
B1351385601063N00856912EA0000001039
B1351435601131N00857005EA0000001033
B1351495601195N00857154EA0000001033
B1351545601239N00857290EA0000001034
B1351595601284N00857429EA0000001031
B1352045601307N00857580EA0000001032
B1352095601345N00857711EA0000001020
B1352145601416N00857781EA0000001006
B1352205601515N00857790EA0000000985
B1352255601601N00857792EA0000000982
B1352305601672N00857734EA0000000970
B1352355601711N00857583EA0000000953
B1352405601707N00857413EA0000000965
B1352455601665N00857268EA0000000976
B1352505601603N00857153EA0000000998
B1352555601595N00857029EA0000001021
B1353005601639N00856950EA0000001040
B1353055601698N00856978EA0000001054
B1353105601708N00857107EA0000001071
B1353155601642N00857190EA0000001086
B1353205601575N00857138EA0000001098
B1353255601572N00857022EA0000001114
B1353305601625N00856981EA0000001128
B1353355601670N00857063EA0000001139
B1353405601658N00857196EA0000001158
B1353455601585N00857260EA0000001166
B1353505601520N00857206EA0000001177
B1353555601501N00857088EA0000001190
B1354005601540N00857010EA0000001207
B1354055601599N00857035EA0000001211
B1354105601628N00857160EA0000001226
B1354155601599N00857293EA0000001239
B1354205601524N00857355EA0000001245
B1354255601453N00857311EA0000001251
B1354305601422N00857208EA0000001268
B1354355601440N00857107EA0000001277
B1354405601497N00857067EA0000001288
B1354455601549N00857134EA0000001298
B1354505601541N00857268EA0000001310
B1354555601475N00857343EA0000001310
B1355025601376N00857288EA0000001314
B1355075601349N00857185EA0000001324
B1355125601376N00857093EA0000001333
B1355175601433N00857098EA0000001343
B1355225601454N00857218EA0000001336
B1355275601410N00857341EA0000001338
B1355325601335N00857367EA0000001342
B1355385601247N00857307EA0000001349
B1355435601184N00857233EA0000001366
B1355485601163N00857122EA0000001375
B1355535601199N00857040EA0000001381
B1355585601258N00857059EA0000001388
B1356035601284N00857170EA0000001402
B1356085601243N00857291EA0000001410
B1356135601164N00857327EA0000001425
B1356185601104N00857263EA0000001441
B1356235601088N00857154EA0000001440
B1356285601122N00857060EA0000001444
B1356335601181N00857043EA0000001442
B1356385601231N00857118EA0000001460
B1356435601235N00857237EA0000001473
B1356485601183N00857344EA0000001477
B1356535601100N00857363EA0000001491
B1356585601041N00857278EA0000001501
B1357035601042N00857162EA0000001507
B1357085601088N00857093EA0000001499
B1357155601168N00857061EA0000001512
B1357205601213N00856981EA0000001516
B1357265601223N00856832EA0000001521
B1357315601180N00856708EA0000001523
B1357365601101N00856652EA0000001534
B1357415601023N00856677EA0000001541
B1357465600965N00856776EA0000001540
B1357515600953N00856907EA0000001546
B1357565600997N00856993EA0000001537
B1358015601058N00857037EA0000001541
B1358065601102N00857123EA0000001545
B1358115601123N00857249EA0000001547
B1358165601099N00857381EA0000001570
B1358215601032N00857468EA0000001576
B1358265600950N00857476EA0000001589
B1358345600826N00857472EA0000001599
B1358395600745N00857464EA0000001592
B1358445600655N00857455EA0000001588
B1358505600547N00857442EA0000001598
B1358585600400N00857448EA0000001595
B1359065600243N00857461EA0000001583
B1359125600127N00857495EA0000001588
B1359185600014N00857533EA0000001589
B1359235559926N00857532EA0000001586
B1359285559850N00857449EA0000001574
B1359335559808N00857319EA0000001565
B1359385559791N00857152EA0000001529
B1359445559799N00856916EA0000001512
B1359495559813N00856722EA0000001513
B1359555559827N00856496EA0000001508
B1400005559836N00856303EA0000001497
B1400085559843N00855994EA0000001494
B1400165559842N00855699EA0000001503
B1400245559841N00855417EA0000001497
B1400305559836N00855219EA0000001494
B1400385559826N00854946EA0000001482
B1400445559815N00854745EA0000001480
B1400495559790N00854587EA0000001487
B1400545559751N00854457EA0000001497
B1400595559702N00854350EA0000001501
B1401045559659N00854233EA0000001498
B1401105559595N00854105EA0000001510
B1401165559520N00854000EA0000001523
B1401225559438N00853921EA0000001518
B1401275559358N00853865EA0000001511
B1401325559274N00853832EA0000001509
B1401385559170N00853798EA0000001497
B1401435559079N00853774EA0000001498
B1401485558993N00853738EA0000001509
B1401535558913N00853720EA0000001519
B1402005558796N00853698EA0000001513
B1402055558710N00853676EA0000001514
B1402115558607N00853650EA0000001515
B1402195558475N00853599EA0000001514
B1402265558356N00853545EA0000001509
B1402315558269N00853504EA0000001516
B1402365558185N00853472EA0000001527
B1402425558081N00853436EA0000001513
B1402485557971N00853394EA0000001498
B1402535557898N00853300EA0000001494
B1402595557880N00853139EA0000001495
B1403045557924N00853030EA0000001478
B1403115558039N00853048EA0000001462
B1403165558127N00853097EA0000001455
B1403225558237N00853164EA0000001437
B1403285558357N00853233EA0000001432
B1403335558459N00853286EA0000001428
B1403395558584N00853352EA0000001423
B1403445558687N00853402EA0000001426
B1403495558787N00853449EA0000001447
B1403545558878N00853487EA0000001454
B1403595558971N00853531EA0000001461
B1404065559085N00853588EA0000001484
B1404125559177N00853632EA0000001476
B1404185559274N00853672EA0000001477
B1404235559348N00853698EA0000001503
B1404285559413N00853664EA0000001516
B1404335559438N00853556EA0000001516
B1404385559391N00853459EA0000001527
B1404435559323N00853491EA0000001531
B1404485559304N00853626EA0000001530
B1404555559380N00853755EA0000001547
B1405005559445N00853809EA0000001551
B1405055559514N00853793EA0000001553
B1405105559580N00853725EA0000001533
B1405155559664N00853704EA0000001516
B1405205559754N00853721EA0000001503
B1405275559885N00853776EA0000001487
B1405335559994N00853852EA0000001478
B1405395600097N00853939EA0000001471
B1405465600203N00854051EA0000001475
B1405515600278N00854126EA0000001475
B1405565600351N00854210EA0000001486
B1406015600423N00854274EA0000001492
B1406065600500N00854285EA0000001486
B1406125600596N00854275EA0000001486
B1406185600682N00854195EA0000001481
B1406235600755N00854132EA0000001480
B1406305600855N00854010EA0000001480
B1406365600941N00853981EA0000001494
B1406415601011N00854019EA0000001487
B1406465601066N00854109EA0000001482
B1406515601104N00854228EA0000001475
B1406565601098N00854366EA0000001475
B1407015601032N00854461EA0000001479
B1407085600914N00854488EA0000001498
B1407135600833N00854482EA0000001503
B1407185600742N00854468EA0000001489
B1407235600644N00854447EA0000001495
B1407285600551N00854419EA0000001506
B1407335600462N00854386EA0000001494
B1407395600351N00854342EA0000001491
B1407465600226N00854289EA0000001489
B1407515600134N00854250EA0000001492
B1407585600007N00854198EA0000001504
B1408045559902N00854162EA0000001501
B1408115559772N00854124EA0000001488
B1408165559672N00854101EA0000001470
B1408215559573N00854081EA0000001468
B1408275559455N00854055EA0000001455
B1408325559358N00854021EA0000001450
B1408385559260N00853935EA0000001455
B1408465559169N00853774EA0000001460
B1408525559099N00853656EA0000001451
B1408575559020N00853587EA0000001460
B1409025558939N00853542EA0000001466
B1409085558841N00853502EA0000001469
B1409135558759N00853474EA0000001464
B1409185558674N00853439EA0000001454
B1409235558587N00853394EA0000001466
B1409295558491N00853357EA0000001469
B1409365558375N00853280EA0000001467
B1409425558289N00853170EA0000001468
B1409475558212N00853100EA0000001474
B1409545558090N00853117EA0000001464
B1409595558003N00853159EA0000001460
B1410075557859N00853137EA0000001445
B1410125557769N00853145EA0000001439
B1410185557758N00853303EA0000001417
B1410235557839N00853352EA0000001419
B1410305557948N00853393EA0000001415
B1410355558024N00853428EA0000001408
B1410405558102N00853440EA0000001402
B1410455558179N00853429EA0000001401
B1410505558253N00853418EA0000001397
B1410555558326N00853413EA0000001391
B1411025558423N00853358EA0000001388
B1411075558476N00853265EA0000001395
B1411125558478N00853134EA0000001411
B1411175558418N00853054EA0000001425
B1411225558348N00853105EA0000001438
B1411275558338N00853234EA0000001442
B1411325558400N00853287EA0000001443
B1411375558455N00853209EA0000001454
B1411425558432N00853090EA0000001459
B1411475558353N00853100EA0000001473
B1411525558332N00853228EA0000001486
B1411575558384N00853311EA0000001492
B1412025558447N00853259EA0000001496
B1412075558444N00853126EA0000001502
B1412125558376N00853056EA0000001514
B1412175558305N00853116EA0000001527
B1412225558287N00853251EA0000001530
B1412275558337N00853349EA0000001536
B1412325558404N00853328EA0000001544
B1412375558428N00853212EA0000001545
B1412435558354N00853111EA0000001543
B1412485558274N00853166EA0000001554
B1412535558264N00853304EA0000001564
B1412585558322N00853371EA0000001571
B1413035558371N00853300EA0000001578
B1413085558347N00853186EA0000001571
B1413135558268N00853176EA0000001569
B1413185558216N00853295EA0000001573
B1413235558240N00853419EA0000001576
B1413285558304N00853431EA0000001585
B1413335558336N00853329EA0000001579
B1413385558332N00853201EA0000001573
B1413435558329N00853056EA0000001566
B1413495558358N00852881EA0000001571
B1413555558415N00852741EA0000001574
B1414015558490N00852631EA0000001578
B1414065558518N00852496EA0000001586
B1414115558486N00852353EA0000001590
B1414165558407N00852280EA0000001596
B1414225558313N00852344EA0000001598
B1414275558279N00852473EA0000001597
B1414325558304N00852594EA0000001598
B1414375558370N00852631EA0000001598
B1414425558429N00852546EA0000001596
B1414475558423N00852400EA0000001597
B1414525558358N00852293EA0000001598
B1414575558266N00852285EA0000001602
B1415025558205N00852390EA0000001599
B1415075558214N00852524EA0000001593
B1415125558277N00852587EA0000001586
B1415175558353N00852534EA0000001576
B1415245558418N00852339EA0000001583
B1415295558455N00852189EA0000001580
B1415345558490N00852031EA0000001571
B1415395558531N00851875EA0000001557
B1415445558583N00851708EA0000001521
B1415505558663N00851484EA0000001501
B1415555558725N00851304EA0000001524
B1416015558778N00851130EA0000001564
B1416065558813N00850991EA0000001571
B1416125558850N00850816EA0000001561
B1416175558885N00850650EA0000001546
B1416225558919N00850473EA0000001542
B1416275558952N00850295EA0000001545
B1416325558985N00850121EA0000001548
B1416375559012N00849954EA0000001558
B1416425559040N00849788EA0000001544
B1416495559073N00849559EA0000001537
B1416545559096N00849397EA0000001533
B1416595559117N00849236EA0000001537
B1417045559136N00849072EA0000001525
B1417095559160N00848902EA0000001512
B1417145559185N00848734EA0000001518
B1417195559209N00848571EA0000001514
B1417255559238N00848377EA0000001500
B1417305559264N00848217EA0000001498
B1417355559291N00848064EA0000001508
B1417405559313N00847925EA0000001533
B1417455559325N00847805EA0000001546
B1417515559336N00847662EA0000001547
B1417575559348N00847502EA0000001547
B1418025559362N00847374EA0000001552
B1418075559383N00847241EA0000001551
B1418135559412N00847076EA0000001560
B1418185559432N00846933EA0000001565
B1418245559463N00846765EA0000001577
B1418295559497N00846632EA0000001568
B1418355559554N00846472EA0000001559
B1418415559615N00846315EA0000001554
B1418465559670N00846192EA0000001548
B1418515559725N00846066EA0000001542
B1418565559780N00845940EA0000001537
B1419015559828N00845808EA0000001537
B1419065559872N00845683EA0000001531
B1419115559918N00845560EA0000001523
B1419195559997N00845360EA0000001518
B1419245600058N00845271EA0000001523
B1419315600147N00845177EA0000001535
B1419395600249N00845067EA0000001529
B1419455600330N00844974EA0000001542
B1419505600399N00844948EA0000001547
B1419555600457N00845018EA0000001556
B1420015600466N00845154EA0000001561
B1420065600413N00845244EA0000001550
B1420115600337N00845229EA0000001560
B1420165600283N00845144EA0000001561
B1420215600269N00845017EA0000001567
B1420265600281N00844884EA0000001564
B1420315600304N00844751EA0000001560
B1420365600345N00844628EA0000001554
B1420435600420N00844464EA0000001555
B1420485600475N00844347EA0000001547
B1420545600534N00844174EA0000001532
B1421005600576N00843979EA0000001522
B1421055600592N00843805EA0000001516
B1421145600612N00843500EA0000001510
B1421195600621N00843337EA0000001513
B1421255600630N00843147EA0000001510
B1421305600634N00842991EA0000001507
B1421365600631N00842804EA0000001507
B1421425600625N00842626EA0000001505
B1421515600621N00842348EA0000001497
B1421575600613N00842164EA0000001496
B1422065600593N00841893EA0000001491
B1422115600578N00841745EA0000001484
B1422165600555N00841603EA0000001483
B1422235600523N00841401EA0000001472
B1422305600490N00841193EA0000001465
B1422355600459N00841057EA0000001468
B1422415600421N00840896EA0000001462
B1422475600386N00840733EA0000001462
B1422525600358N00840591EA0000001457
B1422585600322N00840417EA0000001450
B1423035600293N00840277EA0000001446
B1423095600291N00840108EA0000001435
B1423165600325N00839901EA0000001414
B1423215600364N00839748EA0000001403
B1423265600411N00839597EA0000001397
B1423335600476N00839381EA0000001395
B1423405600539N00839169EA0000001401
B1423455600586N00839015EA0000001393
B1423505600635N00838865EA0000001392
B1423555600684N00838719EA0000001387
B1424015600746N00838550EA0000001378
B1424065600795N00838412EA0000001380
B1424125600853N00838252EA0000001379
B1424195600919N00838066EA0000001372
B1424245600966N00837927EA0000001369
B1424295601014N00837793EA0000001378
B1424345601063N00837679EA0000001409
B1424395601103N00837573EA0000001421
B1424445601133N00837452EA0000001429
B1424495601147N00837324EA0000001432
B1424545601177N00837199EA0000001433
B1424595601239N00837126EA0000001443
B1425045601301N00837157EA0000001453
B1425095601320N00837266EA0000001454
B1425145601272N00837365EA0000001453
B1425195601196N00837371EA0000001464
B1425245601126N00837302EA0000001458
B1425305601087N00837153EA0000001474
B1425385601094N00836933EA0000001466
B1425455601123N00836728EA0000001455
B1425515601153N00836537EA0000001446
B1425565601182N00836381EA0000001445
B1426035601252N00836205EA0000001451
B1426085601306N00836086EA0000001454
B1426155601377N00835914EA0000001446
B1426205601409N00835771EA0000001438
B1426265601434N00835592EA0000001426
B1426315601472N00835448EA0000001420
B1426375601497N00835260EA0000001434
B1426435601493N00835078EA0000001439
B1426485601463N00834935EA0000001420
B1426535601481N00834795EA0000001400
B1426585601543N00834732EA0000001382
B1427035601611N00834784EA0000001369
B1427095601633N00834936EA0000001366
B1427155601600N00835094EA0000001363
B1427205601557N00835221EA0000001358
B1427265601497N00835380EA0000001358
B1427325601438N00835526EA0000001369
B1427385601384N00835662EA0000001367
B1427435601337N00835783EA0000001350
B1427485601293N00835913EA0000001343
B1427565601216N00836132EA0000001330
B1428015601170N00836270EA0000001358
B1428075601178N00836405EA0000001377
B1428125601238N00836404EA0000001378
B1428175601265N00836280EA0000001384
B1428225601218N00836162EA0000001398
B1428275601132N00836153EA0000001407
B1428325601084N00836257EA0000001411
B1428375601114N00836357EA0000001414
B1428425601176N00836333EA0000001420
B1428475601196N00836199EA0000001426
B1428525601139N00836087EA0000001437
B1428585601041N00836113EA0000001445
B1429035601015N00836226EA0000001450
B1429085601057N00836303EA0000001448
B1429145601119N00836225EA0000001457
B1429195601102N00836083EA0000001458
B1429255601005N00836028EA0000001466
B1429305600949N00836117EA0000001477
B1429355600973N00836216EA0000001470
B1429405601036N00836202EA0000001481
B1429465601067N00836061EA0000001480
B1429515601024N00835929EA0000001492
B1429565600952N00835858EA0000001503
B1430025600865N00835909EA0000001504
B1430085600813N00836032EA0000001509
B1430155600760N00836188EA0000001493
B1430205600731N00836319EA0000001474
B1430265600704N00836494EA0000001466
B1430345600668N00836714EA0000001470
B1430415600633N00836897EA0000001476
B1430495600572N00837093EA0000001478
B1430545600525N00837213EA0000001480
B1431015600443N00837360EA0000001483
B1431065600393N00837479EA0000001487
B1431125600327N00837607EA0000001497
B1431185600251N00837715EA0000001503
B1431235600177N00837779EA0000001520
B1431285600094N00837780EA0000001522
B1431335600021N00837711EA0000001530
B1431395559963N00837581EA0000001529
B1431455559916N00837425EA0000001523
B1431505559846N00837333EA0000001514
B1431555559766N00837369EA0000001505
B1432005559746N00837492EA0000001501
B1432055559800N00837581EA0000001487
B1432105559881N00837605EA0000001482
B1432155559966N00837606EA0000001486
B1432225600073N00837541EA0000001502
B1432285600157N00837443EA0000001515
B1432345600230N00837338EA0000001535
B1432395600287N00837262EA0000001539
B1432475600395N00837199EA0000001534
B1432535600478N00837162EA0000001538
B1432585600550N00837102EA0000001532
B1433035600629N00837032EA0000001530
B1433085600703N00836962EA0000001534
B1433135600774N00836893EA0000001533
B1433185600844N00836837EA0000001535
B1433235600907N00836746EA0000001536
B1433295600953N00836583EA0000001532
B1433345600984N00836437EA0000001539
B1433395601013N00836297EA0000001548
B1433445601040N00836162EA0000001550
B1433495601071N00836024EA0000001542
B1433545601115N00835887EA0000001535
B1433595601162N00835755EA0000001536
B1434045601210N00835628EA0000001532
B1434105601263N00835462EA0000001524
B1434185601323N00835234EA0000001525
B1434245601360N00835065EA0000001524
B1434315601403N00834863EA0000001520
B1434385601449N00834662EA0000001513
B1434445601510N00834515EA0000001506
B1434505601567N00834368EA0000001508
B1434565601604N00834189EA0000001493
B1435015601633N00834032EA0000001488
B1435065601686N00833925EA0000001485
B1435115601759N00833928EA0000001470
B1435165601815N00834015EA0000001461
B1435215601835N00834152EA0000001454
B1435275601839N00834330EA0000001441
B1435325601838N00834493EA0000001425
B1435395601839N00834730EA0000001418
B1435445601841N00834896EA0000001411
B1435515601839N00835136EA0000001396
B1435575601833N00835347EA0000001389
B1436025601831N00835522EA0000001382
B1436075601828N00835695EA0000001375
B1436125601818N00835874EA0000001368
B1436205601799N00836162EA0000001360
B1436265601784N00836376EA0000001356
B1436315601775N00836548EA0000001360
B1436365601761N00836726EA0000001341
B1436415601745N00836912EA0000001339
B1436485601713N00837163EA0000001341
B1436535601691N00837335EA0000001338
B1436595601667N00837539EA0000001333
B1437045601647N00837706EA0000001329
B1437095601627N00837868EA0000001324
B1437165601600N00838085EA0000001335
B1437225601575N00838265EA0000001341
B1437275601556N00838420EA0000001343
B1437335601536N00838589EA0000001360
B1437395601507N00838761EA0000001348
B1437445601483N00838913EA0000001353
B1437515601447N00839121EA0000001343
B1437595601420N00839381EA0000001324
B1438045601407N00839554EA0000001311
B1438095601393N00839723EA0000001322
B1438145601378N00839882EA0000001317
B1438195601358N00840052EA0000001294
B1438285601332N00840394EA0000001274
B1438335601322N00840583EA0000001273
B1438385601312N00840770EA0000001268
B1438445601302N00841000EA0000001258
B1438525601288N00841310EA0000001251
B1438575601277N00841497EA0000001249
B1439035601258N00841714EA0000001242
B1439095601232N00841930EA0000001228
B1439165601196N00842172EA0000001226
B1439215601166N00842337EA0000001224
B1439265601135N00842500EA0000001224
B1439315601105N00842662EA0000001221
B1439385601060N00842894EA0000001214
B1439435601030N00843061EA0000001213
B1439495600998N00843260EA0000001211
B1439555600962N00843456EA0000001204
B1440005600932N00843622EA0000001196
B1440055600902N00843788EA0000001181
B1440105600871N00843963EA0000001174
B1440175600834N00844211EA0000001172
B1440225600812N00844387EA0000001171
B1440285600791N00844598EA0000001173
B1440355600766N00844844EA0000001172
B1440415600747N00845062EA0000001161
B1440465600732N00845252EA0000001153
B1440515600722N00845444EA0000001153
B1440575600709N00845670EA0000001151
B1441035600703N00845896EA0000001142
B1441105600695N00846166EA0000001131
B1441185600686N00846475EA0000001127
B1441255600678N00846742EA0000001129
B1441335600676N00847023EA0000001135
B1441385600680N00847201EA0000001128
B1441435600684N00847389EA0000001114
B1441485600694N00847579EA0000001101
B1441535600703N00847764EA0000001096
B1441595600717N00847975EA0000001088
B1442045600729N00848151EA0000001078
B1442115600737N00848400EA0000001066
B1442175600742N00848604EA0000001072
B1442235600753N00848802EA0000001061
B1442285600761N00848973EA0000001053
B1442345600767N00849181EA0000001044
B1442395600767N00849356EA0000001039
B1442445600776N00849521EA0000001046
B1442495600805N00849656EA0000001066
B1442545600871N00849688EA0000001088
B1442595600907N00849581EA0000001097
B1443045600850N00849488EA0000001096
B1443095600788N00849574EA0000001110
B1443145600810N00849691EA0000001127
B1443195600869N00849660EA0000001143
B1443245600849N00849540EA0000001149
B1443295600773N00849557EA0000001146
B1443345600761N00849693EA0000001156
B1443405600832N00849749EA0000001177
B1443455600860N00849636EA0000001190
B1443505600809N00849537EA0000001201
B1443555600736N00849577EA0000001202
B1444005600737N00849707EA0000001209
B1444055600802N00849727EA0000001223
B1444105600816N00849606EA0000001242
B1444165600739N00849549EA0000001252
B1444225600707N00849678EA0000001260
B1444275600763N00849720EA0000001272
B1444325600786N00849608EA0000001279
B1444385600710N00849547EA0000001296
B1444435600676N00849658EA0000001297
B1444485600726N00849728EA0000001314
B1444545600756N00849605EA0000001320
B1444595600690N00849543EA0000001344
B1445045600637N00849617EA0000001349
B1445105600631N00849770EA0000001353
B1445155600637N00849914EA0000001338
B1445205600645N00850087EA0000001335
B1445265600657N00850295EA0000001342
B1445345600660N00850586EA0000001317
B1445395600662N00850775EA0000001305
B1445465600671N00851035EA0000001295
B1445515600678N00851212EA0000001293
B1445565600688N00851382EA0000001284
B1446015600699N00851557EA0000001272
B1446095600710N00851834EA0000001269
B1446165600720N00852070EA0000001252
B1446225600726N00852262EA0000001255
B1446275600729N00852408EA0000001253
B1446335600739N00852576EA0000001249
B1446385600743N00852716EA0000001245
B1446465600746N00852944EA0000001243
B1446525600750N00853119EA0000001229
B1446575600765N00853275EA0000001211
B1447035600794N00853481EA0000001191
B1447085600818N00853644EA0000001195
B1447135600841N00853807EA0000001178
B1447185600828N00853984EA0000001182
B1447235600774N00854136EA0000001188
B1447295600689N00854273EA0000001211
B1447355600598N00854362EA0000001222
B1447405600519N00854412EA0000001226
B1447465600419N00854445EA0000001230
B1447535600301N00854448EA0000001220
B1448005600174N00854479EA0000001211
B1448065600064N00854521EA0000001207
B1448145559909N00854531EA0000001205
B1448195559822N00854456EA0000001213
B1448245559783N00854304EA0000001221
B1448295559808N00854154EA0000001229
B1448345559870N00854064EA0000001233
B1448395559947N00854052EA0000001222
B1448445600016N00854132EA0000001218
B1448495600048N00854269EA0000001222
B1448545600036N00854418EA0000001219
B1449015559956N00854593EA0000001216
B1449065559884N00854697EA0000001222
B1449115559806N00854784EA0000001236
B1449165559723N00854761EA0000001252
B1449215559685N00854641EA0000001254
B1449265559716N00854520EA0000001256
B1449315559780N00854497EA0000001269
B1449365559821N00854586EA0000001281
B1449415559805N00854713EA0000001287
B1449465559736N00854776EA0000001299
B1449515559667N00854725EA0000001304
B1449565559652N00854600EA0000001301
B1450015559703N00854517EA0000001303
B1450065559769N00854552EA0000001310
B1450115559780N00854676EA0000001323
B1450165559727N00854762EA0000001336
B1450215559653N00854740EA0000001339
B1450265559615N00854630EA0000001344
B1450315559632N00854514EA0000001342
B1450375559707N00854451EA0000001344
B1450425559767N00854492EA0000001354
B1450475559784N00854616EA0000001351
B1450525559735N00854727EA0000001363
B1450575559655N00854736EA0000001369
B1451025559594N00854642EA0000001372
B1451085559582N00854485EA0000001376
B1451135559624N00854380EA0000001376
B1451185559686N00854328EA0000001382
B1451235559746N00854363EA0000001377
B1451285559772N00854468EA0000001370
B1451335559755N00854593EA0000001376
B1451385559711N00854691EA0000001389
B1451435559638N00854718EA0000001385
B1451485559570N00854644EA0000001388
B1451535559551N00854514EA0000001393
B1451585559583N00854398EA0000001394
B1452035559642N00854370EA0000001406
B1452085559687N00854442EA0000001397
B1452135559687N00854572EA0000001396
B1452185559634N00854661EA0000001414
B1452235559559N00854657EA0000001407
B1452285559505N00854547EA0000001409
B1452335559518N00854414EA0000001411
B1452385559577N00854357EA0000001421
B1452435559629N00854410EA0000001421
B1452495559645N00854554EA0000001423
B1452545559602N00854657EA0000001434
B1452595559529N00854674EA0000001437
B1453045559464N00854597EA0000001430
B1453105559446N00854435EA0000001435
B1453155559482N00854322EA0000001440
B1453205559542N00854283EA0000001443
B1453255559601N00854325EA0000001437
B1453315559641N00854455EA0000001421
B1453365559630N00854595EA0000001420
B1453415559580N00854715EA0000001430
B1453465559525N00854815EA0000001444
B1453515559497N00854935EA0000001451
B1453565559523N00855050EA0000001447
B1454015559589N00855065EA0000001455
B1454065559627N00854973EA0000001457
B1454115559608N00854851EA0000001461
B1454165559537N00854798EA0000001463
B1454215559468N00854864EA0000001469
B1454265559452N00854990EA0000001470
B1454315559498N00855082EA0000001472
B1454365559566N00855072EA0000001475
B1454415559607N00854974EA0000001478
B1454465559596N00854843EA0000001474
B1454515559525N00854766EA0000001468
B1454565559434N00854795EA0000001473
B1455035559323N00854866EA0000001495
B1455095559230N00854923EA0000001502
B1455155559138N00854979EA0000001512
B1455205559061N00855025EA0000001515
B1455265558971N00855084EA0000001516
B1455315558892N00855135EA0000001514
B1455365558807N00855189EA0000001515
B1455425558705N00855245EA0000001514
B1455475558615N00855294EA0000001505
B1455535558502N00855357EA0000001503
B1455585558406N00855414EA0000001500
B1456055558274N00855481EA0000001501
B1456175558051N00855613EA0000001489
B1456235557940N00855683EA0000001481
B1456295557831N00855759EA0000001481
B1456405557636N00855891EA0000001471
B1456465557535N00855979EA0000001466
B1456525557427N00856058EA0000001452
B1456585557316N00856140EA0000001447
B1457045557204N00856217EA0000001440
B1457105557095N00856284EA0000001442
B1457185556949N00856377EA0000001433
B1457235556868N00856465EA0000001443
B1457295556774N00856561EA0000001440
B1457345556691N00856613EA0000001435
B1457395556608N00856655EA0000001435
B1457445556536N00856737EA0000001441
B1457495556479N00856852EA0000001453
B1457545556401N00856892EA0000001463
B1457595556332N00856813EA0000001456
B1458045556323N00856676EA0000001466
B1458095556369N00856593EA0000001478
B1458145556433N00856617EA0000001490
B1458195556452N00856735EA0000001500
B1458245556400N00856839EA0000001507
B1458295556322N00856830EA0000001512
B1458345556279N00856719EA0000001509
B1458395556302N00856602EA0000001527
B1458445556355N00856565EA0000001536
B1458495556392N00856661EA0000001537
B1458545556359N00856774EA0000001549
B1458595556284N00856802EA0000001555
B1459045556223N00856731EA0000001557
B1459095556215N00856609EA0000001564
B1459145556259N00856545EA0000001577
B1459195556315N00856590EA0000001571
B1459245556335N00856711EA0000001576
B1459295556290N00856818EA0000001584
B1459345556212N00856822EA0000001585
B1459395556161N00856719EA0000001584
B1459445556173N00856603EA0000001599
B1459495556229N00856586EA0000001602
B1459545556274N00856677EA0000001604
B1459595556263N00856805EA0000001613
B1500045556201N00856886EA0000001612
B1500095556122N00856851EA0000001612
B1500155556095N00856705EA0000001611
B1500205556124N00856606EA0000001627
B1500255556180N00856604EA0000001621
B1500305556216N00856713EA0000001622
B1500375556163N00856867EA0000001630
B1500425556096N00856945EA0000001632
B1500475556016N00856990EA0000001615
B1500545555897N00856903EA0000001599
B1500595555811N00856846EA0000001596
B1501045555716N00856839EA0000001587
B1501095555625N00856887EA0000001584
B1501145555559N00856995EA0000001582
B1501195555503N00857116EA0000001579
B1501265555421N00857277EA0000001564
B1501315555355N00857381EA0000001571
B1501365555290N00857478EA0000001566
B1501415555207N00857489EA0000001576
B1501465555153N00857392EA0000001567
B1501515555158N00857258EA0000001569
B1501565555207N00857160EA0000001577
B1502025555284N00857154EA0000001577
B1502075555326N00857249EA0000001566
B1502125555344N00857395EA0000001550
B1502185555404N00857532EA0000001558
B1502255555493N00857647EA0000001549
B1502315555583N00857728EA0000001548
B1502365555647N00857803EA0000001552
B1502445555752N00857940EA0000001540
B1502495555824N00857992EA0000001542
B1502545555897N00858017EA0000001540
B1502595555967N00858031EA0000001545
B1503045556032N00858078EA0000001543
B1503095556099N00858104EA0000001546
B1503155556178N00858079EA0000001543
B1503205556238N00858026EA0000001545
B1503275556320N00857933EA0000001537
B1503335556385N00857843EA0000001540
B1503385556434N00857757EA0000001528
B1503445556495N00857645EA0000001527
B1503535556587N00857498EA0000001522
B1503585556640N00857425EA0000001520
B1504035556700N00857360EA0000001516
B1504095556783N00857320EA0000001517
B1504145556852N00857344EA0000001515
B1504195556920N00857365EA0000001517
B1504245556985N00857335EA0000001529
B1504295557003N00857214EA0000001529
B1504345556939N00857129EA0000001547
B1504395556868N00857194EA0000001541
B1504445556871N00857334EA0000001540
B1504495556929N00857392EA0000001547
B1504545556980N00857322EA0000001545
B1504595556973N00857192EA0000001560
B1505045556910N00857115EA0000001570
B1505095556832N00857131EA0000001572
B1505145556788N00857246EA0000001567
B1505195556808N00857367EA0000001569
B1505245556869N00857420EA0000001570
B1505305556942N00857366EA0000001564
B1505375557019N00857243EA0000001565
B1505425557074N00857154EA0000001567
B1505475557128N00857067EA0000001557
B1505535557197N00856956EA0000001547
B1505585557255N00856859EA0000001543
B1506065557345N00856700EA0000001540
B1506125557412N00856586EA0000001532
B1506185557473N00856466EA0000001537
B1506255557541N00856327EA0000001536
B1506305557585N00856235EA0000001555
B1506355557634N00856172EA0000001556
B1506405557695N00856196EA0000001548
B1506455557760N00856215EA0000001549
B1506505557814N00856143EA0000001547
B1506555557858N00856036EA0000001546
B1507015557911N00855902EA0000001555
B1507075557962N00855765EA0000001570
B1507125558006N00855665EA0000001583
B1507195558076N00855534EA0000001577
B1507255558145N00855446EA0000001591
B1507305558202N00855378EA0000001596
B1507355558234N00855261EA0000001599
B1507405558197N00855138EA0000001604
B1507455558118N00855129EA0000001613
B1507505558080N00855237EA0000001624
B1507555558113N00855336EA0000001628
B1508005558176N00855309EA0000001633
B1508055558185N00855182EA0000001633
B1508105558114N00855105EA0000001635
B1508165558046N00855197EA0000001650
B1508215558070N00855303EA0000001657
B1508265558131N00855298EA0000001660
B1508315558154N00855183EA0000001658
B1508365558103N00855077EA0000001657
B1508415558025N00855084EA0000001665
B1508465557988N00855188EA0000001671
B1508515558029N00855271EA0000001676
B1508565558081N00855212EA0000001678
B1509015558065N00855079EA0000001678
B1509065557992N00855036EA0000001684
B1509115557937N00855118EA0000001685
B1509165557953N00855228EA0000001688
B1509215558013N00855208EA0000001684
B1509265558007N00855073EA0000001678
B1509315557927N00855022EA0000001680
B1509385557847N00855143EA0000001689
B1509445557800N00855280EA0000001692
B1509505557757N00855412EA0000001694
B1509555557716N00855532EA0000001684
B1510015557668N00855676EA0000001682
B1510065557620N00855787EA0000001684
B1510115557551N00855869EA0000001692
B1510175557454N00855874EA0000001689
B1510225557379N00855801EA0000001688
B1510285557281N00855758EA0000001681
B1510335557189N00855758EA0000001673
B1510395557078N00855776EA0000001686
B1510445556989N00855789EA0000001690
B1510525556844N00855811EA0000001680
B1510575556748N00855823EA0000001673
B1511045556608N00855838EA0000001666
B1511095556514N00855796EA0000001665
B1511145556445N00855682EA0000001660
B1511205556391N00855506EA0000001645
B1511255556353N00855343EA0000001629
B1511305556313N00855174EA0000001624
B1511395556249N00854889EA0000001620
B1511455556206N00854707EA0000001620
B1511505556182N00854567EA0000001616
B1511555556196N00854439EA0000001623
B1512005556249N00854377EA0000001613
B1512075556351N00854443EA0000001590
B1512125556422N00854536EA0000001581
B1512175556490N00854638EA0000001581
B1512235556569N00854761EA0000001574
B1512305556656N00854897EA0000001580
B1512365556719N00855014EA0000001599
B1512425556770N00855129EA0000001604
B1512475556817N00855222EA0000001613
B1512535556871N00855330EA0000001611
B1512585556920N00855424EA0000001600
B1513045556982N00855539EA0000001598
B1513105557040N00855654EA0000001598
B1513155557085N00855765EA0000001599
B1513205557128N00855875EA0000001596
B1513255557175N00855983EA0000001593
B1513305557228N00856071EA0000001615
B1513355557285N00856074EA0000001630
B1513405557314N00855980EA0000001633
B1513455557277N00855874EA0000001637
B1513505557196N00855877EA0000001639
B1513555557168N00855999EA0000001648
B1514005557219N00856072EA0000001655
B1514055557262N00855996EA0000001666
B1514105557225N00855884EA0000001662
B1514155557137N00855891EA0000001668
B1514205557105N00856015EA0000001679
B1514255557144N00856109EA0000001687
B1514305557203N00856082EA0000001693
B1514355557208N00855963EA0000001695
B1514405557146N00855869EA0000001696
B1514455557062N00855898EA0000001700
B1514515557035N00856050EA0000001709
B1514565557083N00856122EA0000001714
B1515015557137N00856065EA0000001720
B1515065557129N00855943EA0000001728
B1515115557058N00855871EA0000001721
B1515165556981N00855928EA0000001728
B1515215556963N00856056EA0000001724
B1515265557010N00856138EA0000001733
B1515325557085N00856139EA0000001744
B1515375557142N00856119EA0000001751
B1515465557244N00856053EA0000001745
B1515515557304N00856010EA0000001743
B1515565557368N00855956EA0000001739
B1516015557431N00855898EA0000001740
B1516065557485N00855812EA0000001746
B1516115557516N00855691EA0000001746
B1516165557498N00855549EA0000001745
B1516215557432N00855463EA0000001733
B1516265557344N00855464EA0000001728
B1516315557255N00855509EA0000001722
B1516385557138N00855588EA0000001733
B1516435557061N00855646EA0000001731
B1516505556956N00855746EA0000001731
B1516585556841N00855870EA0000001734
B1517055556746N00855980EA0000001734
B1517105556678N00856040EA0000001727
B1517155556604N00856103EA0000001717
B1517225556503N00856204EA0000001723
B1517275556417N00856241EA0000001721
B1517325556337N00856193EA0000001725
B1517375556299N00856076EA0000001722
B1517425556320N00855968EA0000001723
B1517475556378N00855938EA0000001713
B1517525556440N00855996EA0000001712
B1517595556481N00856171EA0000001712
B1518045556502N00856309EA0000001711
B1518095556528N00856449EA0000001710
B1518145556524N00856592EA0000001728
B1518195556462N00856691EA0000001726
B1518245556381N00856682EA0000001722
B1518295556341N00856565EA0000001715
B1518345556370N00856454EA0000001720
B1518405556438N00856404EA0000001732
B1518455556503N00856425EA0000001721
B1518505556562N00856514EA0000001735
B1518565556587N00856663EA0000001742
B1519015556541N00856787EA0000001739
B1519065556457N00856810EA0000001733
B1519115556391N00856733EA0000001725
B1519165556382N00856606EA0000001726
B1519215556423N00856515EA0000001728
B1519275556494N00856468EA0000001747
B1519325556553N00856456EA0000001756
B1519425556673N00856454EA0000001765
B1519475556736N00856459EA0000001775
B1519545556824N00856466EA0000001773
B1520005556902N00856475EA0000001778
B1520095557020N00856501EA0000001781
B1520155557100N00856524EA0000001772
B1520205557172N00856567EA0000001763
B1520255557227N00856679EA0000001759
B1520345557239N00856921EA0000001778
B1520415557209N00857122EA0000001758
B1520475557189N00857306EA0000001761
B1520525557175N00857453EA0000001759
B1520575557161N00857603EA0000001750
B1521025557148N00857753EA0000001744
B1521075557140N00857906EA0000001732
B1521135557135N00858092EA0000001725
B1521185557138N00858242EA0000001729
B1521245557163N00858410EA0000001729
B1521315557224N00858542EA0000001737
B1521365557284N00858590EA0000001732
B1521425557363N00858580EA0000001726
B1521475557428N00858543EA0000001722
B1521525557493N00858494EA0000001721
B1521585557563N00858415EA0000001724
B1522035557598N00858315EA0000001730
B1522085557592N00858187EA0000001727
B1522135557553N00858067EA0000001734
B1522185557505N00857948EA0000001728
B1522235557456N00857825EA0000001727
B1522295557395N00857679EA0000001716
B1522345557344N00857549EA0000001713
B1522395557296N00857418EA0000001711
B1522465557229N00857229EA0000001704
B1522515557172N00857107EA0000001700
B1522565557095N00857028EA0000001701
B1523015557016N00856968EA0000001702
B1523065556935N00856920EA0000001701
B1523115556852N00856876EA0000001693
B1523165556770N00856838EA0000001694
B1523215556689N00856793EA0000001700
B1523265556614N00856753EA0000001713
B1523315556538N00856718EA0000001712
B1523375556439N00856687EA0000001707
B1523545556163N00856684EA0000001719
B1524005556058N00856694EA0000001720
B1524055555969N00856688EA0000001719
B1524115555865N00856671EA0000001713
B1524175555764N00856686EA0000001708
B1524225555685N00856719EA0000001708
B1524305555564N00856815EA0000001699
B1524355555490N00856886EA0000001696
B1524405555416N00856955EA0000001687
B1524475555358N00857128EA0000001694
B1524525555355N00857260EA0000001699
B1524575555389N00857359EA0000001702
B1525035555461N00857386EA0000001697
B1525085555509N00857308EA0000001689
B1525135555530N00857176EA0000001680
B1525185555541N00857034EA0000001679
B1525255555545N00856831EA0000001674
B1525305555548N00856680EA0000001667
B1525365555550N00856505EA0000001668
B1525475555551N00856187EA0000001667
B1525525555547N00856055EA0000001664
B1525575555530N00855916EA0000001655
B1526025555501N00855783EA0000001654
B1526075555465N00855655EA0000001648
B1526125555425N00855522EA0000001639
B1526175555384N00855388EA0000001637
B1526225555360N00855242EA0000001633
B1526275555384N00855120EA0000001650
B1526345555457N00855025EA0000001648
B1526425555562N00855010EA0000001657
B1526475555619N00854965EA0000001654
B1526525555661N00854866EA0000001658
B1526585555675N00854710EA0000001666
B1527035555696N00854591EA0000001668
B1527085555753N00854531EA0000001671
B1527135555808N00854583EA0000001673
B1527185555808N00854707EA0000001680
B1527235555744N00854776EA0000001683
B1527285555670N00854723EA0000001682
B1527335555646N00854594EA0000001692
B1527385555682N00854491EA0000001690
B1527435555746N00854489EA0000001691
B1527485555778N00854586EA0000001701
B1527535555753N00854699EA0000001702
B1527585555679N00854733EA0000001702
B1528035555619N00854639EA0000001706
B1528085555627N00854505EA0000001708
B1528135555685N00854450EA0000001712
B1528185555735N00854508EA0000001715
B1528235555726N00854629EA0000001717
B1528285555657N00854693EA0000001721
B1528335555581N00854644EA0000001721
B1528395555554N00854482EA0000001724
B1528445555595N00854383EA0000001723
B1528495555658N00854349EA0000001724
B1528545555716N00854396EA0000001722
B1528595555749N00854495EA0000001737
B1529055555780N00854617EA0000001736
B1529105555803N00854728EA0000001730
B1529165555831N00854882EA0000001720
B1529215555854N00855010EA0000001721
B1529265555863N00855144EA0000001721
B1529315555834N00855268EA0000001715
B1529365555764N00855351EA0000001701
B1529415555677N00855357EA0000001701
B1529465555589N00855358EA0000001700
B1529515555500N00855352EA0000001700
B1530005555347N00855299EA0000001690
B1530075555229N00855241EA0000001666
B1530125555135N00855238EA0000001666
B1530175555049N00855301EA0000001665
B1530245554957N00855456EA0000001662
B1530295554937N00855596EA0000001648
B1530355554980N00855748EA0000001637
B1530435555063N00855942EA0000001619
B1530485555130N00856040EA0000001613
B1530535555202N00856105EA0000001608
B1530585555276N00856144EA0000001609
B1531035555344N00856184EA0000001606
B1531095555421N00856245EA0000001601
B1531145555484N00856291EA0000001596
B1531195555548N00856260EA0000001586
B1531245555590N00856155EA0000001587
B1531315555628N00855988EA0000001598
B1531365555663N00855881EA0000001604
B1531415555720N00855820EA0000001611
B1531465555784N00855857EA0000001617
B1531525555804N00855999EA0000001613
B1531575555753N00856101EA0000001600
B1532025555672N00856086EA0000001594
B1532075555627N00855981EA0000001607
B1532125555624N00855865EA0000001616
B1532175555668N00855781EA0000001617
B1532225555734N00855799EA0000001624
B1532275555758N00855912EA0000001623
B1532325555713N00856021EA0000001614
B1532375555631N00856030EA0000001612
B1532445555557N00855895EA0000001629
B1532495555551N00855776EA0000001632
B1532545555598N00855693EA0000001630
B1532595555662N00855719EA0000001634
B1533045555689N00855832EA0000001635
B1533095555660N00855952EA0000001637
B1533145555593N00856020EA0000001636
B1533195555515N00855988EA0000001636
B1533255555457N00855855EA0000001648
B1533305555444N00855728EA0000001651
B1533355555480N00855629EA0000001654
B1533405555543N00855624EA0000001654
B1533455555585N00855717EA0000001650
B1533505555566N00855846EA0000001648
B1533565555477N00855899EA0000001653
B1534015555400N00855846EA0000001665
B1534065555343N00855756EA0000001665
B1534115555336N00855633EA0000001668
B1534165555387N00855569EA0000001668
B1534215555442N00855625EA0000001667
B1534265555448N00855750EA0000001678
B1534315555405N00855852EA0000001686
B1534365555327N00855881EA0000001675
B1534415555265N00855792EA0000001680
B1534495555251N00855591EA0000001687
B1534545555240N00855464EA0000001688
B1535005555226N00855309EA0000001695
B1535055555221N00855176EA0000001694
B1535105555257N00855064EA0000001702
B1535155555321N00855025EA0000001696
B1535205555383N00855076EA0000001698
B1535265555406N00855210EA0000001705
B1535315555366N00855317EA0000001709
B1535365555294N00855359EA0000001707
B1535415555214N00855318EA0000001707
B1535465555160N00855215EA0000001709
B1535535555123N00855034EA0000001719
B1535595555097N00854874EA0000001716
B1536055555069N00854715EA0000001720
B1536105555047N00854579EA0000001716
B1536165555029N00854411EA0000001716
B1536235555016N00854208EA0000001711
B1536285555006N00854062EA0000001707
B1536335554999N00853907EA0000001695
B1536385554990N00853747EA0000001689
B1536435554989N00853593EA0000001687
B1536485555033N00853479EA0000001679
B1536535555105N00853467EA0000001673
B1536585555152N00853549EA0000001670
B1537045555138N00853705EA0000001653
B1537095555104N00853839EA0000001646
B1537145555071N00853975EA0000001643
B1537215555029N00854166EA0000001646
B1537265555003N00854295EA0000001645
B1537315554981N00854423EA0000001644
B1537375554960N00854580EA0000001638
B1537475554942N00854846EA0000001632
B1537545554967N00855019EA0000001637
B1538015555019N00855169EA0000001634
B1538065555056N00855272EA0000001641
B1538115555086N00855383EA0000001634
B1538185555154N00855486EA0000001644
B1538245555232N00855530EA0000001642
B1538295555300N00855509EA0000001650
B1538345555336N00855401EA0000001642
B1538395555307N00855270EA0000001642
B1538445555235N00855221EA0000001639
B1538495555167N00855282EA0000001637
B1538545555147N00855401EA0000001640
B1538595555167N00855524EA0000001642
B1539045555219N00855608EA0000001643
B1539095555284N00855590EA0000001646
B1539185555375N00855412EA0000001636
B1539255555438N00855255EA0000001635
B1539305555496N00855163EA0000001635
B1539355555569N00855152EA0000001631
B1539405555629N00855230EA0000001625
B1539455555647N00855364EA0000001621
B1539505555602N00855471EA0000001623
B1539555555536N00855546EA0000001620
B1540005555461N00855590EA0000001618
B1540055555377N00855577EA0000001613
B1540115555283N00855522EA0000001616
B1540165555202N00855477EA0000001604
B1540215555120N00855441EA0000001606
B1540275555021N00855399EA0000001609
B1540325554952N00855328EA0000001616
B1540375554934N00855199EA0000001620
B1540425554976N00855116EA0000001616
B1540475555039N00855131EA0000001612
B1540525555069N00855228EA0000001618
B1540575555050N00855338EA0000001612
B1541025554985N00855412EA0000001610
B1541075554910N00855444EA0000001618
B1541125554837N00855415EA0000001617
B1541175554791N00855313EA0000001611
B1541225554791N00855188EA0000001607
B1541275554814N00855071EA0000001602
B1541345554821N00854882EA0000001579
B1541395554804N00854734EA0000001575
B1541475554780N00854493EA0000001560
B1541535554758N00854301EA0000001551
B1542005554734N00854072EA0000001540
B1542075554706N00853838EA0000001537
B1542145554675N00853603EA0000001524
B1542195554657N00853432EA0000001518
B1542255554637N00853235EA0000001516
B1542315554620N00853052EA0000001516
B1542375554615N00852876EA0000001512
B1542465554614N00852616EA0000001517
B1542525554613N00852452EA0000001523
B1542585554608N00852292EA0000001532
B1543035554605N00852164EA0000001526
B1543155554607N00851829EA0000001535
B1543205554628N00851704EA0000001546
B1543265554702N00851665EA0000001550
B1543315554739N00851756EA0000001556
B1543365554714N00851872EA0000001549
B1543415554637N00851927EA0000001547
B1543485554536N00851838EA0000001557
B1543535554503N00851716EA0000001563
B1543585554536N00851601EA0000001560
B1544035554604N00851583EA0000001566
B1544085554641N00851675EA0000001571
B1544135554616N00851787EA0000001568
B1544185554539N00851817EA0000001564
B1544235554469N00851731EA0000001569
B1544285554413N00851635EA0000001575
B1544345554354N00851505EA0000001567
B1544425554299N00851296EA0000001574
B1544475554304N00851159EA0000001578
B1544525554360N00851079EA0000001578
B1544575554422N00851100EA0000001582
B1545025554448N00851205EA0000001579
B1545085554423N00851349EA0000001580
B1545135554394N00851466EA0000001588
B1545185554392N00851595EA0000001572
B1545235554417N00851725EA0000001567
B1545285554460N00851849EA0000001565
B1545335554509N00851970EA0000001565
B1545385554557N00852091EA0000001571
B1545435554613N00852200EA0000001572
B1545505554693N00852345EA0000001582
B1545555554756N00852442EA0000001591
B1546005554812N00852537EA0000001601
B1546055554864N00852629EA0000001600
B1546105554916N00852724EA0000001591
B1546155554972N00852825EA0000001571
B1546215555043N00852953EA0000001563
B1546275555111N00853081EA0000001560
B1546325555164N00853191EA0000001562
B1546385555224N00853313EA0000001563
B1546445555290N00853433EA0000001551
B1546505555360N00853558EA0000001544
B1546555555419N00853658EA0000001539
B1547015555488N00853785EA0000001524
B1547065555547N00853899EA0000001513
B1547125555630N00854010EA0000001511
B1547175555697N00854098EA0000001507
B1547255555798N00854249EA0000001501
B1547315555869N00854366EA0000001501
B1547365555930N00854474EA0000001482
B1547445556034N00854654EA0000001479
B1547495556094N00854759EA0000001480
B1547545556152N00854867EA0000001477
B1547595556207N00854971EA0000001478
B1548055556268N00855096EA0000001471
B1548105556324N00855201EA0000001462
B1548165556385N00855324EA0000001459
B1548215556427N00855446EA0000001441
B1548265556471N00855572EA0000001433
B1548325556527N00855719EA0000001427
B1548375556574N00855838EA0000001435
B1548425556598N00855950EA0000001459
B1548475556569N00856067EA0000001460
B1548535556474N00856110EA0000001467
B1548585556408N00856013EA0000001467
B1549035556414N00855881EA0000001473
B1549085556475N00855846EA0000001472
B1549135556517N00855927EA0000001482
B1549185556491N00856048EA0000001478
B1549235556404N00856076EA0000001481
B1549285556343N00855967EA0000001489
B1549335556361N00855838EA0000001485
B1549385556425N00855825EA0000001491
B1549435556463N00855911EA0000001503
B1549485556444N00856032EA0000001500
B1549535556373N00856099EA0000001509
B1549585556293N00856055EA0000001510
B1550035556259N00855924EA0000001512
B1550085556287N00855811EA0000001514
B1550135556349N00855797EA0000001512
B1550185556389N00855887EA0000001524
B1550235556367N00856007EA0000001525
B1550285556295N00856070EA0000001531
B1550335556216N00856023EA0000001533
B1550385556176N00855897EA0000001535
B1550435556193N00855777EA0000001535
B1550495556265N00855737EA0000001526
B1550545556319N00855797EA0000001537
B1550595556320N00855914EA0000001538
B1551045556255N00855997EA0000001539
B1551095556172N00855959EA0000001540
B1551145556131N00855834EA0000001546
B1551195556151N00855710EA0000001549
B1551255556222N00855673EA0000001546
B1551305556264N00855763EA0000001545
B1551355556250N00855893EA0000001551
B1551405556181N00855962EA0000001552
B1551455556100N00855910EA0000001551
B1551505556063N00855775EA0000001554
B1551555556091N00855655EA0000001558
B1552005556153N00855624EA0000001553
B1552055556206N00855691EA0000001558
B1552105556228N00855807EA0000001562
B1552155556193N00855921EA0000001562
B1552235556061N00855960EA0000001561
B1552285555985N00856008EA0000001565
B1552335555929N00856105EA0000001571
B1552385555876N00856204EA0000001566
B1552435555795N00856237EA0000001565
B1552485555720N00856168EA0000001558
B1552545555699N00856009EA0000001554
B1552595555741N00855915EA0000001548
B1553045555804N00855919EA0000001539
B1553105555826N00856056EA0000001545
B1553155555780N00856158EA0000001539
B1553215555675N00856176EA0000001529
B1553275555562N00856165EA0000001513
B1553325555464N00856148EA0000001504
B1553385555350N00856129EA0000001497
B1553445555242N00856061EA0000001484
B1553495555152N00856036EA0000001483
B1553545555075N00856098EA0000001478
B1554005554979N00856172EA0000001463
B1554085554840N00856250EA0000001452
B1554145554731N00856291EA0000001444
B1554195554639N00856321EA0000001439
B1554245554550N00856347EA0000001439
B1554315554427N00856374EA0000001438
B1554365554338N00856377EA0000001435
B1554435554214N00856383EA0000001435
B1554505554089N00856390EA0000001431
B1554565553983N00856389EA0000001435
B1555025553878N00856407EA0000001436
B1555075553792N00856412EA0000001448
B1555125553735N00856326EA0000001450
B1555175553739N00856193EA0000001451
B1555225553802N00856133EA0000001461
B1555275553858N00856202EA0000001466
B1555325553852N00856334EA0000001470
B1555375553785N00856403EA0000001474
B1555425553714N00856350EA0000001477
B1555475553702N00856221EA0000001472
B1555525553758N00856144EA0000001484
B1555575553819N00856194EA0000001489
B1556025553826N00856323EA0000001497
B1556075553774N00856418EA0000001501
B1556125553696N00856401EA0000001493
B1556175553658N00856280EA0000001501
B1556225553689N00856168EA0000001509
B1556275553754N00856154EA0000001512
B1556325553794N00856252EA0000001521
B1556375553767N00856372EA0000001528
B1556425553695N00856413EA0000001529
B1556475553635N00856334EA0000001527
B1556525553635N00856205EA0000001529
B1556575553685N00856124EA0000001537
B1557025553748N00856158EA0000001539
B1557075553764N00856278EA0000001546
B1557125553712N00856374EA0000001553
B1557175553636N00856361EA0000001551
B1557225553595N00856248EA0000001550
B1557275553616N00856123EA0000001554
B1557325553681N00856086EA0000001559
B1557375553731N00856163EA0000001567
B1557425553726N00856289EA0000001570
B1557475553666N00856376EA0000001577
B1557525553590N00856361EA0000001576
B1557575553546N00856255EA0000001575
B1558025553551N00856125EA0000001584
B1558075553603N00856049EA0000001584
B1558125553668N00856071EA0000001589
B1558175553701N00856171EA0000001592
B1558225553679N00856292EA0000001593
B1558275553613N00856354EA0000001598
B1558325553541N00856322EA0000001592
B1558385553496N00856181EA0000001596
B1558435553513N00856061EA0000001602
B1558495553587N00856021EA0000001604
B1558545553633N00856107EA0000001604
B1558595553619N00856229EA0000001607
B1559045553555N00856291EA0000001607
B1559105553464N00856257EA0000001601
B1559155553384N00856216EA0000001609
B1559215553294N00856169EA0000001614
B1559265553220N00856129EA0000001617
B1559315553154N00856050EA0000001612
B1559365553135N00855917EA0000001616
B1559415553169N00855809EA0000001618
B1559505553286N00855793EA0000001618
B1559555553353N00855834EA0000001606
B1600005553428N00855883EA0000001602
B1600065553512N00855938EA0000001609
B1600125553600N00855990EA0000001606
B1600195553701N00856063EA0000001609
B1600275553814N00856144EA0000001609
B1600325553882N00856197EA0000001605
B1600385553970N00856252EA0000001591
B1600435554046N00856288EA0000001585
B1600495554136N00856325EA0000001576
B1600545554214N00856354EA0000001569
B1601025554342N00856396EA0000001567
B1601075554421N00856423EA0000001562
B1601125554501N00856456EA0000001551
B1601185554598N00856500EA0000001541
B1601235554675N00856539EA0000001545
B1601305554778N00856601EA0000001530
B1601375554880N00856671EA0000001535
B1601435554958N00856726EA0000001539
B1601495555033N00856800EA0000001535
B1601555555101N00856878EA0000001545
B1602015555167N00856958EA0000001548
B1602075555236N00857041EA0000001544
B1602145555318N00857150EA0000001543
B1602205555387N00857250EA0000001543
B1602275555466N00857369EA0000001540
B1602325555524N00857460EA0000001543
B1602395555604N00857594EA0000001531
B1602455555679N00857718EA0000001526
B1602525555764N00857865EA0000001524
B1602595555851N00858008EA0000001517
B1603105555996N00858207EA0000001507
B1603165556071N00858321EA0000001503
B1603215556130N00858425EA0000001495
B1603265556188N00858539EA0000001489
B1603315556246N00858662EA0000001480
B1603365556298N00858792EA0000001479
B1603455556384N00859028EA0000001475
B1603505556427N00859159EA0000001473
B1603575556490N00859341EA0000001464
B1604035556542N00859499EA0000001464
B1604085556585N00859624EA0000001462
B1604155556645N00859814EA0000001448
B1604215556695N00859981EA0000001441
B1604285556755N00900175EA0000001436
B1604345556802N00900344EA0000001429
B1604395556832N00900495EA0000001428
B1604445556859N00900643EA0000001426
B1604545556923N00900934EA0000001415
B1604595556954N00901080EA0000001411
B1605045556989N00901225EA0000001407
B1605105557032N00901393EA0000001406
B1605165557084N00901555EA0000001397
B1605225557139N00901720EA0000001386
B1605285557211N00901859EA0000001386
B1605375557325N00902055EA0000001378
B1605455557433N00902214EA0000001378
B1605505557501N00902306EA0000001370
B1605555557569N00902400EA0000001366
B1606015557651N00902505EA0000001367
B1606075557732N00902607EA0000001363
B1606125557799N00902683EA0000001364
B1606175557871N00902738EA0000001360
B1606235557961N00902793EA0000001351
B1606295558054N00902850EA0000001338
B1606365558163N00902921EA0000001331
B1606415558239N00902979EA0000001327
B1606465558315N00903035EA0000001324
B1606515558390N00903097EA0000001317
B1606585558493N00903187EA0000001315
B1607035558566N00903254EA0000001308
B1607135558713N00903383EA0000001299
B1607185558784N00903450EA0000001293
B1607235558854N00903527EA0000001288
B1607295558933N00903631EA0000001289
B1607375559033N00903765EA0000001289
B1607445559119N00903898EA0000001277
B1607515559211N00904030EA0000001273
B1607565559278N00904120EA0000001278
B1608015559349N00904172EA0000001278
B1608075559432N00904250EA0000001275
B1608145559530N00904345EA0000001269
B1608225559649N00904421EA0000001259
B1608275559728N00904447EA0000001252
B1608335559823N00904472EA0000001248
B1608415559952N00904501EA0000001234
B1608475600054N00904515EA0000001221
B1608525600142N00904532EA0000001212
B1608575600231N00904555EA0000001205
B1609025600318N00904587EA0000001208
B1609075600370N00904683EA0000001222
B1609125600363N00904821EA0000001220
B1609185600283N00904921EA0000001211
B1609235600203N00904918EA0000001211
B1609285600155N00904812EA0000001198
B1609335600169N00904693EA0000001192
B1609395600236N00904609EA0000001182
B1609455600313N00904535EA0000001179
B1609505600378N00904468EA0000001175
B1609565600457N00904394EA0000001166
B1610025600543N00904328EA0000001150
B1610085600634N00904276EA0000001143
B1610155600744N00904234EA0000001136
B1610215600837N00904210EA0000001133
B1610265600914N00904202EA0000001128
B1610315600990N00904198EA0000001124
B1610375601081N00904198EA0000001120
B1610425601157N00904201EA0000001107
B1610475601236N00904183EA0000001098
B1610525601305N00904115EA0000001098
B1610575601351N00903996EA0000001090
B1611025601375N00903845EA0000001078
B1611075601414N00903705EA0000001074
B1611135601485N00903583EA0000001074
B1611185601557N00903528EA0000001074
B1611235601634N00903540EA0000001070
B1611285601704N00903614EA0000001066
B1611335601747N00903741EA0000001061
B1611385601751N00903895EA0000001063
B1611435601710N00904036EA0000001062
B1611485601637N00904116EA0000001064
B1611535601550N00904096EA0000001059
B1611585601490N00903984EA0000001055
B1612055601483N00903783EA0000001052
B1612105601504N00903647EA0000001046
B1612155601522N00903507EA0000001043
B1612205601542N00903368EA0000001042
B1612255601566N00903236EA0000001039
B1612315601606N00903087EA0000001036
B1612375601655N00902942EA0000001027
B1612425601709N00902845EA0000001024
B1612475601774N00902773EA0000001021
B1612535601843N00902660EA0000001013
B1612585601889N00902544EA0000001010
B1613075601956N00902320EA0000001002
B1613125602000N00902195EA0000000992
B1613185602054N00902036EA0000000986
B1613235602098N00901906EA0000000989
B1613295602157N00901758EA0000000978
B1613375602244N00901571EA0000000973
B1613455602342N00901389EA0000000954
B1613505602407N00901281EA0000000951
B1613555602456N00901152EA0000000950
B1614025602479N00900927EA0000000936
B1614075602474N00900753EA0000000928
B1614145602468N00900502EA0000000918
B1614195602469N00900329EA0000000924
B1614245602492N00900186EA0000000940
B1614295602552N00900133EA0000000944
B1614345602607N00900194EA0000000943
B1614395602606N00900323EA0000000938
B1614445602540N00900410EA0000000935
B1614495602461N00900380EA0000000936
B1614545602420N00900268EA0000000926
B1615005602419N00900099EA0000000918
B1615065602424N00859912EA0000000901
B1615135602424N00859681EA0000000893
B1615185602426N00859515EA0000000896
B1615255602423N00859304EA0000000897
B1615335602423N00859069EA0000000891
B1615385602451N00858938EA0000000883
B1615435602510N00858856EA0000000875
B1615485602582N00858843EA0000000871
B1615555602688N00858859EA0000000861
B1616015602774N00858810EA0000000860
B1616065602832N00858713EA0000000855
B1616115602873N00858588EA0000000857
B1616175602915N00858432EA0000000857
B1616225602946N00858310EA0000000858
B1616275603004N00858240EA0000000853
B1616325603069N00858249EA0000000851
B1616375603116N00858337EA0000000848
B1616425603122N00858466EA0000000842
B1616475603080N00858595EA0000000829
B1616525602999N00858667EA0000000826
B1616575602909N00858662EA0000000829
B1617025602834N00858582EA0000000828
B1617095602783N00858393EA0000000823
B1617155602765N00858214EA0000000823
B1617225602753N00858010EA0000000819
B1617275602751N00857865EA0000000820
B1617325602780N00857759EA0000000826
B1617375602838N00857712EA0000000817
B1617425602899N00857656EA0000000812
B1617485602951N00857528EA0000000804
B1617535602961N00857384EA0000000793
B1617585602930N00857237EA0000000788
B1618035602857N00857127EA0000000776
B1618115602696N00857105EA0000000767
B1618165602600N00857155EA0000000759
B1618215602510N00857221EA0000000753
B1618265602427N00857307EA0000000747
B1618345602302N00857464EA0000000750
B1618395602213N00857512EA0000000759
B1618445602128N00857456EA0000000760
B1618495602088N00857327EA0000000760
B1618545602110N00857208EA0000000757
B1618595602169N00857177EA0000000758
B1619045602215N00857248EA0000000756
B1619115602214N00857421EA0000000764
B1619165602162N00857519EA0000000765
B1619215602078N00857533EA0000000760
B1619265602006N00857438EA0000000760
B1619315601990N00857306EA0000000764
B1619365602026N00857216EA0000000760
B1619415602082N00857231EA0000000759
B1619465602107N00857336EA0000000763
B1619515602075N00857448EA0000000768
B1619565601996N00857484EA0000000770
B1620015601919N00857410EA0000000764
B1620065601898N00857276EA0000000769
B1620115601935N00857187EA0000000763
B1620165601991N00857209EA0000000764
B1620215602009N00857320EA0000000768
B1620265601976N00857432EA0000000774
B1620315601898N00857468EA0000000775
B1620365601824N00857389EA0000000775
B1620415601805N00857258EA0000000775
B1620465601845N00857175EA0000000769
B1620515601900N00857203EA0000000773
B1620575601917N00857331EA0000000777
B1621025601872N00857429EA0000000777
B1621075601791N00857448EA0000000776
B1621125601724N00857359EA0000000780
B1621175601712N00857236EA0000000779
B1621225601752N00857155EA0000000775
B1621275601805N00857177EA0000000776
B1621325601823N00857283EA0000000776
B1621375601788N00857393EA0000000783
B1621425601712N00857437EA0000000777
B1621475601634N00857375EA0000000779
B1621525601603N00857256EA0000000783
B1621575601630N00857159EA0000000775
B1622025601688N00857158EA0000000775
B1622075601720N00857243EA0000000779
B1622125601706N00857356EA0000000782
B1622175601642N00857432EA0000000777
B1622225601558N00857408EA0000000775
B1622275601510N00857294EA0000000779
B1622325601524N00857178EA0000000778
B1622375601579N00857144EA0000000776
B1622425601625N00857203EA0000000781
B1622475601631N00857313EA0000000783
B1622525601586N00857415EA0000000782
B1622575601504N00857446EA0000000779
B1623025601430N00857373EA0000000780
B1623085601407N00857223EA0000000778
B1623135601445N00857136EA0000000777
B1623185601501N00857140EA0000000777
B1623235601530N00857230EA0000000779
B1623285601512N00857346EA0000000779
B1623335601449N00857426EA0000000778
B1623385601366N00857406EA0000000777
B1623435601318N00857296EA0000000775
B1623485601332N00857178EA0000000776
B1623535601385N00857143EA0000000772
B1623585601429N00857208EA0000000769
B1624075601431N00857420EA0000000778
B1624125601395N00857528EA0000000771
B1624185601299N00857568EA0000000769
B1624235601230N00857491EA0000000774
B1624295601209N00857340EA0000000768
B1624345601247N00857249EA0000000764
B1624395601302N00857255EA0000000764
B1624445601336N00857339EA0000000767
B1624495601331N00857451EA0000000771
B1624545601274N00857540EA0000000766
B1624595601192N00857548EA0000000767
B1625045601128N00857460EA0000000764
B1625095601113N00857326EA0000000763
B1625145601146N00857226EA0000000759
B1625195601201N00857212EA0000000760
B1625245601245N00857274EA0000000762
B1625295601249N00857385EA0000000762
B1625345601202N00857484EA0000000765
B1625395601122N00857505EA0000000763
B1625445601052N00857427EA0000000761
B1625495601031N00857296EA0000000758
B1625545601065N00857196EA0000000755
B1625595601121N00857190EA0000000758
B1626045601161N00857263EA0000000759
B1626095601177N00857371EA0000000760
B1626145601185N00857488EA0000000753
B1626205601185N00857643EA0000000748
B1626285601183N00857859EA0000000747
B1626345601181N00858015EA0000000750
B1626425601167N00858229EA0000000743
B1626505601194N00858425EA0000000740
B1626575601248N00858571EA0000000736
B1627045601315N00858689EA0000000732
B1627095601371N00858755EA0000000724
B1627145601437N00858751EA0000000719
B1627195601490N00858672EA0000000710
B1627245601506N00858540EA0000000697
B1627295601458N00858408EA0000000693
B1627375601327N00858280EA0000000683
B1627445601188N00858272EA0000000674
B1627515601047N00858292EA0000000676
B1627565600949N00858288EA0000000681
B1628015600878N00858202EA0000000685
B1628065600845N00858068EA0000000676
B1628115600788N00857952EA0000000669
B1628175600685N00857889EA0000000667
B1628225600597N00857915EA0000000668
B1628285600519N00858031EA0000000667
B1628335600489N00858164EA0000000662
B1628385600488N00858306EA0000000653
B1628445600499N00858475EA0000000648
B1628525600490N00858704EA0000000641
B1628595600466N00858911EA0000000630
B1629055600442N00859096EA0000000624
B1629115600450N00859267EA0000000629
B1629185600507N00859421EA0000000616
B1629235600560N00859517EA0000000612
B1629295600627N00859621EA0000000605
B1629345600681N00859704EA0000000602
B1629405600745N00859806EA0000000598
B1629465600807N00859905EA0000000595
B1629515600856N00859990EA0000000592
B1629565600901N00900082EA0000000589
B1630015600940N00900181EA0000000584
B1630065600974N00900288EA0000000585
B1630135601012N00900441EA0000000581
B1630215601044N00900632EA0000000576
B1630285601066N00900806EA0000000568
B1630335601074N00900936EA0000000566
B1630385601073N00901066EA0000000562
B1630435601062N00901201EA0000000553
B1630505601045N00901387EA0000000557
B1630575601044N00901565EA0000000547
B1631035601037N00901724EA0000000543
B1631095601031N00901883EA0000000541
B1631165601013N00902069EA0000000538
B1631215600994N00902203EA0000000532
B1631275600966N00902371EA0000000530
B1631335600942N00902535EA0000000530
B1631385600923N00902672EA0000000523
B1631435600904N00902812EA0000000519
B1631485600883N00902948EA0000000513
B1631535600831N00903066EA0000000506
B1632005600718N00903143EA0000000505
B1632065600612N00903154EA0000000501
B1632125600505N00903166EA0000000497
B1632225600323N00903160EA0000000489
B1632285600216N00903149EA0000000492
B1632335600128N00903142EA0000000487
B1632385600053N00903061EA0000000481
B1632435600021N00902928EA0000000475
B1632485600040N00902808EA0000000475
B1632575600136N00902720EA0000000455
B1633025600191N00902772EA0000000448
B1633075600203N00902898EA0000000438
B1633125600147N00903013EA0000000436
B1633185600042N00903052EA0000000431
B1633235559953N00903004EA0000000425
B1633305559849N00902866EA0000000419
B1633365559785N00902716EA0000000412
B1633425559741N00902557EA0000000405
B1633475559718N00902417EA0000000398
B1633525559709N00902275EA0000000394
B1633575559734N00902156EA0000000396
B1634025559787N00902094EA0000000391
B1634075559849N00902107EA0000000390
B1634145559920N00902211EA0000000382
B1634205559985N00902299EA0000000369
B1634255600053N00902310EA0000000364
B1634305600103N00902224EA0000000363
B1634355600116N00902086EA0000000354
B1634425600074N00901880EA0000000348
B1634505600010N00901659EA0000000339
B1634575559955N00901463EA0000000336
B1635025559925N00901317EA0000000333
B1635075559900N00901166EA0000000332
B1635135559873N00900988EA0000000330
B1635195559848N00900813EA0000000321
B1635245559839N00900670EA0000000314
B1635295559864N00900555EA0000000308
B1635345559917N00900505EA0000000302
B1635395559975N00900531EA0000000289
B1635445600013N00900625EA0000000280
B1635495600046N00900728EA0000000280
B1635545600101N00900765EA0000000277
B1635595600152N00900700EA0000000267
B1636045600157N00900564EA0000000263
B1636095600118N00900430EA0000000260
B1636155600066N00900272EA0000000255
B1636225600032N00900077EA0000000251
B1636275600030N00859932EA0000000245
B1636355600038N00859699EA0000000243
B1636425600064N00859513EA0000000237
B1636475600093N00859391EA0000000234
B1636565600184N00859244EA0000000234
B1637025600247N00859158EA0000000230
B1637075600298N00859092EA0000000229
B1637125600356N00859064EA0000000226
B1637175600413N00859089EA0000000222
B1637225600461N00859156EA0000000218
B1637315600494N00859352EA0000000207
B1637375600507N00859512EA0000000190
B1637425600523N00859660EA0000000170
B1637515600549N00859951EA0000000128
B1637575600565N00900139EA0000000111
B1638025600576N00900288EA0000000085
B1638095600586N00900496EA0000000051
B1638155600591N00900659EA0000000040
B1638235600602N00900814EA0000000040
