AOGNOGN
HFDTE170825
HFFXA050
HFPLTPILOTINCHARGE:
HFGTYGLIDERTYPE:SB-5 e
HFGIDGLIDERID:D-8947
HFDTM100GPSDATUM:WGS-1984
HFRFWFIRMWAREVERSION:
HFRHWHARDWAREVERSION:
HFFTYFRTYPE:OGN-FLIGHTBOOK
HFGPSGENERIC
HFPRSPRESSALTSENSOR:
HFCIDCOMPETITIONID:OV
B1031445600613N00900681EA0000000047
B1031445600613N00900681EA0000000047
B1031495600629N00900811EA0000000049
B1031545600642N00900957EA0000000060
B1032005600659N00901137EA0000000076
B1032055600679N00901285EA0000000093
B1032105600703N00901433EA0000000104
B1032165600734N00901613EA0000000125
B1032215600761N00901767EA0000000140
B1032295600809N00902007EA0000000167
B1032345600844N00902151EA0000000177
B1032405600888N00902321EA0000000194
B1032465600940N00902480EA0000000214
B1032535601019N00902642EA0000000232
B1033005601112N00902776EA0000000247
B1033065601204N00902837EA0000000261
B1033115601288N00902838EA0000000270
B1033175601390N00902804EA0000000278
B1033225601474N00902760EA0000000286
B1033315601619N00902649EA0000000305
B1033365601693N00902566EA0000000318
B1033425601775N00902445EA0000000331
B1033505601879N00902274EA0000000346
B1033555601941N00902160EA0000000357
B1034025602021N00901986EA0000000376
B1034085602078N00901818EA0000000391
B1034135602123N00901672EA0000000411
B1034185602160N00901521EA0000000431
B1034245602191N00901332EA0000000451
B1034295602207N00901164EA0000000465
B1034345602214N00900993EA0000000478
B1034405602213N00900788EA0000000507
B1034465602190N00900586EA0000000538
B1034515602151N00900451EA0000000561
B1034565602082N00900412EA0000000567
B1035015602024N00900476EA0000000558
B1035085601989N00900638EA0000000554
B1035145601985N00900778EA0000000553
B1035195601955N00900886EA0000000543
B1035255601870N00900922EA0000000527
B1035315601783N00900855EA0000000515
B1035365601723N00900772EA0000000503
B1035415601681N00900661EA0000000489
B1035465601666N00900531EA0000000481
B1035515601669N00900401EA0000000482
B1035565601671N00900279EA0000000489
B1036015601622N00900196EA0000000488
B1036065601563N00900260EA0000000479
B1036115601579N00900375EA0000000474
B1036185601670N00900406EA0000000474
B1036235601731N00900354EA0000000472
B1036295601753N00900215EA0000000472
B1036345601696N00900148EA0000000469
B1036395601636N00900220EA0000000466
B1036445601652N00900338EA0000000464
B1036495601714N00900390EA0000000462
B1036545601782N00900369EA0000000465
B1036595601827N00900276EA0000000473
B1037045601801N00900159EA0000000475
B1037095601731N00900167EA0000000477
B1037145601714N00900282EA0000000475
B1037195601768N00900346EA0000000476
B1037245601825N00900287EA0000000486
B1037305601813N00900144EA0000000493
B1037355601746N00900126EA0000000493
B1037405601716N00900229EA0000000488
B1037465601772N00900328EA0000000494
B1037515601835N00900316EA0000000503
B1037565601858N00900208EA0000000505
B1038015601810N00900125EA0000000513
B1038065601756N00900180EA0000000511
B1038115601768N00900283EA0000000515
B1038165601824N00900276EA0000000518
B1038215601842N00900162EA0000000523
B1038265601790N00900084EA0000000525
B1038315601738N00900147EA0000000525
B1038365601754N00900252EA0000000525
B1038415601815N00900264EA0000000529
B1038465601848N00900162EA0000000533
B1038515601804N00900070EA0000000539
B1038565601747N00900116EA0000000540
B1039015601761N00900219EA0000000538
B1039065601823N00900214EA0000000542
B1039115601837N00900094EA0000000547
B1039175601765N00900042EA0000000550
B1039225601738N00900142EA0000000549
B1039275601782N00900218EA0000000553
B1039325601839N00900181EA0000000559
B1039375601842N00900065EA0000000563
B1039425601782N00900024EA0000000566
B1039475601743N00900114EA0000000565
B1039525601781N00900198EA0000000570
B1039575601837N00900149EA0000000572
B1040025601831N00900027EA0000000574
B1040075601768N00859989EA0000000578
B1040125601728N00900078EA0000000578
B1040175601763N00900164EA0000000581
B1040225601822N00900128EA0000000584
B1040275601828N00900008EA0000000588
B1040325601766N00859967EA0000000592
B1040385601736N00900083EA0000000593
B1040435601790N00900129EA0000000595
B1040485601835N00900040EA0000000600
B1040535601801N00859932EA0000000606
B1040585601738N00859965EA0000000601
B1041035601741N00900075EA0000000606
B1041085601800N00900103EA0000000610
B1041135601840N00900008EA0000000614
B1041185601803N00859902EA0000000618
B1041235601739N00859935EA0000000614
B1041285601740N00900045EA0000000614
B1041335601799N00900080EA0000000619
B1041385601839N00859987EA0000000625
B1041435601805N00859874EA0000000626
B1041485601737N00859888EA0000000620
B1041535601716N00859999EA0000000619
B1041585601747N00900099EA0000000621
B1042035601809N00900115EA0000000625
B1042085601844N00900024EA0000000623
B1042135601818N00859909EA0000000624
B1042195601741N00859892EA0000000631
B1042245601717N00859996EA0000000634
B1042295601758N00900079EA0000000635
B1042345601817N00900036EA0000000640
B1042395601813N00859917EA0000000640
B1042445601746N00859883EA0000000648
B1042495601703N00859968EA0000000656
B1042545601719N00900076EA0000000658
B1042595601778N00900102EA0000000658
B1043045601818N00900015EA0000000658
B1043095601790N00859906EA0000000655
B1043155601709N00859869EA0000000665
B1043205601665N00859951EA0000000672
B1043255601690N00900056EA0000000667
B1043305601754N00900042EA0000000667
B1043355601767N00859920EA0000000675
B1043405601719N00859828EA0000000680
B1043455601650N00859814EA0000000689
B1043505601608N00859898EA0000000685
B1043555601639N00859995EA0000000683
B1044005601700N00859975EA0000000680
B1044055601731N00859861EA0000000684
B1044105601697N00859754EA0000000693
B1044155601634N00859767EA0000000695
B1044205601625N00859877EA0000000692
B1044265601695N00859912EA0000000697
B1044315601729N00859812EA0000000700
B1044365601688N00859713EA0000000712
B1044415601629N00859749EA0000000713
B1044465601638N00859858EA0000000714
B1044515601701N00859861EA0000000716
B1044565601727N00859744EA0000000721
B1045015601676N00859657EA0000000737
B1045065601621N00859710EA0000000738
B1045115601638N00859815EA0000000743
B1045175601708N00859792EA0000000751
B1045225601709N00859672EA0000000762
B1045275601648N00859637EA0000000775
B1045325601615N00859726EA0000000776
B1045375601652N00859810EA0000000783
B1045425601711N00859781EA0000000791
B1045475601717N00859664EA0000000798
B1045535601644N00859615EA0000000814
B1045595601619N00859733EA0000000821
B1046045601671N00859790EA0000000828
B1046095601719N00859717EA0000000837
B1046145601696N00859603EA0000000843
B1046195601629N00859592EA0000000856
B1046255601606N00859710EA0000000865
B1046315601671N00859755EA0000000869
B1046375601698N00859626EA0000000880
B1046425601640N00859560EA0000000880
B1046475601588N00859632EA0000000892
B1046525601608N00859733EA0000000896
B1046575601670N00859728EA0000000902
B1047025601684N00859620EA0000000906
B1047075601626N00859550EA0000000904
B1047125601567N00859607EA0000000913
B1047175601578N00859715EA0000000919
B1047225601639N00859721EA0000000917
B1047275601660N00859607EA0000000923
B1047325601606N00859533EA0000000928
B1047375601549N00859598EA0000000929
B1047435601570N00859723EA0000000936
B1047485601627N00859717EA0000000936
B1047535601649N00859614EA0000000939
B1047585601604N00859527EA0000000942
B1048035601536N00859553EA0000000943
B1048085601514N00859658EA0000000945
B1048135601557N00859724EA0000000942
B1048195601615N00859658EA0000000946
B1048245601604N00859545EA0000000948
B1048295601539N00859508EA0000000949
B1048345601488N00859588EA0000000946
B1048395601506N00859688EA0000000948
B1048445601564N00859683EA0000000951
B1048495601592N00859584EA0000000955
B1048545601559N00859482EA0000000952
B1048595601486N00859470EA0000000948
B1049045601442N00859560EA0000000948
B1049095601458N00859667EA0000000944
B1049145601500N00859748EA0000000947
B1049195601550N00859807EA0000000948
B1049245601612N00859775EA0000000938
B1049305601652N00859642EA0000000946
B1049355601659N00859519EA0000000953
B1049405601630N00859410EA0000000947
B1049455601560N00859400EA0000000946
B1049505601514N00859498EA0000000937
B1049555601515N00859621EA0000000936
B1050005601547N00859725EA0000000938
B1050055601590N00859812EA0000000943
B1050135601664N00859932EA0000000941
B1050205601728N00900043EA0000000927
B1050265601773N00900153EA0000000923
B1050345601820N00900313EA0000000916
B1050435601854N00900505EA0000000912
B1050495601854N00900642EA0000000908
B1050545601834N00900757EA0000000899
B1051035601762N00900942EA0000000888
B1051085601717N00901036EA0000000884
B1051135601673N00901129EA0000000881
B1051205601610N00901262EA0000000873
B1051265601552N00901378EA0000000865
B1051325601494N00901493EA0000000858
B1051415601416N00901668EA0000000850
B1051505601351N00901853EA0000000835
B1051565601318N00901987EA0000000834
B1052015601296N00902099EA0000000832
B1052075601272N00902230EA0000000831
B1052135601250N00902354EA0000000826
B1052195601228N00902481EA0000000819
B1052285601198N00902679EA0000000821
B1052345601179N00902806EA0000000817
B1052435601146N00903003EA0000000803
B1052545601101N00903244EA0000000804
B1052595601081N00903351EA0000000812
B1053045601059N00903455EA0000000824
B1053095601053N00903565EA0000000820
B1053145601107N00903626EA0000000812
B1053195601167N00903567EA0000000814
B1053245601181N00903441EA0000000820
B1053305601112N00903334EA0000000819
B1053355601044N00903351EA0000000832
B1053405601029N00903456EA0000000837
B1053455601082N00903499EA0000000833
B1053505601120N00903399EA0000000833
B1053555601091N00903278EA0000000840
B1054015601012N00903215EA0000000841
B1054065600956N00903305EA0000000852
B1054115600985N00903407EA0000000859
B1054165601044N00903366EA0000000864
B1054215601033N00903242EA0000000868
B1054265600962N00903208EA0000000874
B1054315600917N00903310EA0000000881
B1054365600954N00903403EA0000000883
B1054415601015N00903352EA0000000885
B1054465601010N00903225EA0000000891
B1054515600944N00903160EA0000000904
B1054565600871N00903182EA0000000910
B1055015600849N00903295EA0000000918
B1055075600914N00903345EA0000000923
B1055135600943N00903218EA0000000934
B1055185600885N00903142EA0000000950
B1055235600818N00903193EA0000000954
B1055285600814N00903313EA0000000958
B1055335600870N00903360EA0000000961
B1055385600913N00903270EA0000000959
B1055435600889N00903144EA0000000977
B1055485600824N00903083EA0000000990
B1055535600761N00903143EA0000000985
B1055585600759N00903267EA0000000988
B1056045600826N00903313EA0000000990
B1056105600860N00903185EA0000000991
B1056155600815N00903075EA0000001004
B1056205600742N00903090EA0000001012
B1056255600716N00903207EA0000001007
B1056305600766N00903279EA0000001007
B1056355600814N00903205EA0000001014
B1056405600787N00903082EA0000001023
B1056455600715N00903075EA0000001029
B1056515600685N00903217EA0000001026
B1056565600732N00903288EA0000001030
B1057015600787N00903235EA0000001036
B1057065600779N00903110EA0000001046
B1057115600711N00903065EA0000001050
B1057175600654N00903181EA0000001052
B1057225600684N00903286EA0000001053
B1057275600745N00903272EA0000001052
B1057325600754N00903152EA0000001062
B1057375600693N00903070EA0000001070
B1057425600627N00903123EA0000001073
B1057475600620N00903245EA0000001070
B1057525600675N00903297EA0000001070
B1057575600723N00903226EA0000001069
B1058025600708N00903100EA0000001085
B1058075600639N00903040EA0000001087
B1058125600572N00903102EA0000001087
B1058185600559N00903249EA0000001085
B1058235600606N00903321EA0000001080
B1058285600663N00903285EA0000001069
B1058335600672N00903166EA0000001082
B1058385600628N00903070EA0000001093
B1058435600557N00903069EA0000001085
B1058485600513N00903176EA0000001081
B1058535600533N00903285EA0000001074
B1058585600597N00903301EA0000001061
B1059055600654N00903181EA0000001074
B1059105600669N00903072EA0000001083
B1059155600694N00902970EA0000001082
B1059225600775N00902933EA0000001083
B1059275600827N00902975EA0000001084
B1059325600861N00903058EA0000001085
B1059375600904N00903125EA0000001088
B1059425600961N00903087EA0000001088
B1059475600967N00902965EA0000001076
B1059525600908N00902879EA0000001073
B1059575600834N00902866EA0000001070
B1100055600729N00902939EA0000001057
B1100105600673N00903023EA0000001062
B1100165600618N00903135EA0000001064
B1100235600571N00903284EA0000001072
B1100285600592N00903393EA0000001067
B1100335600653N00903408EA0000001069
B1100385600691N00903315EA0000001076
B1100435600657N00903206EA0000001084
B1100485600581N00903201EA0000001092
B1100535600542N00903302EA0000001095
B1100585600577N00903405EA0000001087
B1101035600639N00903373EA0000001090
B1101085600634N00903249EA0000001099
B1101145600547N00903203EA0000001100
B1101195600471N00903246EA0000001100
B1101255600386N00903307EA0000001097
B1101305600315N00903367EA0000001078
B1101395600181N00903469EA0000001071
B1101455600094N00903530EA0000001074
B1101505600021N00903575EA0000001068
B1101565559938N00903626EA0000001070
B1102045559821N00903678EA0000001075
B1102115559718N00903717EA0000001083
B1102185559616N00903754EA0000001091
B1102235559553N00903693EA0000001090
B1102285559546N00903574EA0000001085
B1102345559606N00903496EA0000001080
B1102405559665N00903548EA0000001071
B1102455559698N00903647EA0000001061
B1102505559731N00903746EA0000001068
B1102555559760N00903838EA0000001076
B1103005559789N00903929EA0000001078
B1103065559833N00904027EA0000001071
B1103115559865N00904124EA0000001063
B1103175559903N00904239EA0000001060
B1103225559931N00904338EA0000001055
B1103315559972N00904516EA0000001059
B1103385559998N00904662EA0000001054
B1103445600026N00904781EA0000001050
B1103515600077N00904898EA0000001051
B1103575600138N00904934EA0000001053
B1104025600177N00904862EA0000001054
B1104085600159N00904726EA0000001044
B1104145600081N00904641EA0000001043
B1104225559964N00904613EA0000001048
B1104275559908N00904692EA0000001042
B1104325559910N00904815EA0000001033
B1104405559988N00904897EA0000001031
B1104485600076N00904925EA0000001038
B1104535600115N00905010EA0000001034
B1104585600101N00905133EA0000001034
B1105035600037N00905193EA0000001027
B1105085559965N00905160EA0000001021
B1105145559909N00905061EA0000001014
B1105195559868N00904966EA0000000998
B1105245559825N00904864EA0000000986
B1105315559767N00904713EA0000000971
B1105375559726N00904584EA0000000967
B1105445559716N00904421EA0000000946
B1105505559760N00904299EA0000000935
B1105555559812N00904228EA0000000937
B1106015559875N00904160EA0000000937
B1106065559928N00904107EA0000000939
B1106125559989N00904041EA0000000941
B1106185600049N00903973EA0000000951
B1106235600107N00903980EA0000000947
B1106285600136N00904081EA0000000940
B1106335600109N00904194EA0000000947
B1106385600044N00904247EA0000000957
B1106435559979N00904188EA0000000958
B1106485559973N00904064EA0000000961
B1106535600030N00904019EA0000000960
B1106595600080N00904123EA0000000958
B1107045600057N00904236EA0000000966
B1107095559993N00904290EA0000000969
B1107145559926N00904233EA0000000965
B1107195559907N00904108EA0000000964
B1107255559957N00904015EA0000000977
B1107305600015N00904046EA0000000971
B1107355600035N00904157EA0000000970
B1107405559999N00904264EA0000000980
B1107465559913N00904300EA0000000982
B1107515559849N00904217EA0000000985
B1107565559842N00904093EA0000000986
B1108015559889N00904026EA0000000995
B1108065559937N00904083EA0000000994
B1108115559934N00904202EA0000000991
B1108165559879N00904280EA0000000997
B1108215559805N00904298EA0000001003
B1108265559739N00904238EA0000001000
B1108315559719N00904124EA0000000999
B1108365559749N00904026EA0000000995
B1108435559819N00903930EA0000000999
B1108485559871N00903873EA0000001002
B1108535559922N00903823EA0000001002
B1108585559978N00903777EA0000001000
B1109035600031N00903724EA0000001001
B1109095600093N00903659EA0000001002
B1109195600196N00903555EA0000001000
B1109245600246N00903504EA0000000997
B1109305600307N00903443EA0000000989
B1109355600357N00903386EA0000000982
B1109405600407N00903329EA0000000979
B1109455600460N00903280EA0000000991
B1109505600511N00903229EA0000001001
B1109555600522N00903119EA0000001008
B1110005600464N00903047EA0000001013
B1110055600394N00903101EA0000001006
B1110115600374N00903254EA0000001005
B1110175600421N00903365EA0000001015
B1110225600480N00903357EA0000001025
B1110275600503N00903255EA0000001027
B1110325600454N00903173EA0000001042
B1110375600395N00903227EA0000001043
B1110425600393N00903351EA0000001049
B1110475600449N00903387EA0000001059
B1110525600481N00903287EA0000001059
B1110575600434N00903190EA0000001070
B1111035600356N00903253EA0000001077
B1111085600361N00903377EA0000001085
B1111135600418N00903404EA0000001094
B1111185600450N00903311EA0000001095
B1111235600412N00903206EA0000001096
B1111285600340N00903217EA0000001106
B1111335600308N00903332EA0000001103
B1111385600345N00903435EA0000001110
B1111435600404N00903411EA0000001115
B1111485600413N00903291EA0000001112
B1111535600353N00903212EA0000001118
B1111585600288N00903262EA0000001124
B1112035600274N00903389EA0000001122
B1112085600321N00903469EA0000001130
B1112145600375N00903389EA0000001126
B1112195600349N00903267EA0000001124
B1112245600278N00903221EA0000001134
B1112315600199N00903330EA0000001123
B1112365600208N00903458EA0000001122
B1112415600268N00903504EA0000001123
B1112475600314N00903397EA0000001121
B1112525600284N00903280EA0000001118
B1112575600213N00903235EA0000001122
B1113025600147N00903293EA0000001120
B1113075600134N00903420EA0000001112
B1113125600185N00903492EA0000001118
B1113175600239N00903440EA0000001117
B1113225600241N00903321EA0000001114
B1113275600187N00903233EA0000001112
B1113325600114N00903257EA0000001113
B1113375600082N00903373EA0000001105
B1113425600116N00903473EA0000001110
B1113475600172N00903463EA0000001108
B1113525600190N00903350EA0000001100
B1113575600149N00903236EA0000001096
B1114025600081N00903193EA0000001100
B1114075600010N00903233EA0000001090
B1114135559948N00903352EA0000001083
B1114205559882N00903494EA0000001078
B1114275559814N00903632EA0000001079
B1114345559747N00903765EA0000001074
B1114455559632N00903964EA0000001060
B1114515559570N00904071EA0000001052
B1114585559498N00904190EA0000001054
B1115045559439N00904286EA0000001060
B1115095559407N00904382EA0000001054
B1115145559413N00904493EA0000001045
B1115225559487N00904602EA0000001035
B1115285559558N00904624EA0000001029
B1115385559678N00904622EA0000001011
B1115435559739N00904608EA0000001003
B1115495559813N00904588EA0000000997
B1115545559872N00904571EA0000000998
B1115595559925N00904547EA0000000996
B1116095600038N00904464EA0000000978
B1116145600092N00904421EA0000000979
B1116195600152N00904399EA0000000979
B1116245600210N00904353EA0000000985
B1116295600229N00904237EA0000000979
B1116345600184N00904145EA0000000975
B1116395600113N00904167EA0000000966
B1116445600071N00904263EA0000000972
B1116495600044N00904372EA0000000974
B1116545600025N00904485EA0000000973
B1116595600010N00904594EA0000000983
B1117045600004N00904698EA0000000978
B1117095600048N00904779EA0000000978
B1117145600111N00904763EA0000000984
B1117205600134N00904628EA0000000980
B1117255600087N00904537EA0000000980
B1117305600021N00904563EA0000000985
B1117355559995N00904669EA0000000985
B1117405600031N00904756EA0000000987
B1117465600100N00904701EA0000000984
B1117515600091N00904579EA0000000982
B1117565600027N00904535EA0000000984
B1118015559967N00904597EA0000000988
B1118065559937N00904700EA0000000996
B1118115559942N00904809EA0000000992
B1118165559992N00904870EA0000000996
B1118225600043N00904778EA0000000999
B1118275600019N00904665EA0000000995
B1118325559948N00904644EA0000000995
B1118375559905N00904736EA0000001003
B1118425559932N00904831EA0000000999
B1118475559994N00904826EA0000001004
B1118535600015N00904698EA0000001006
B1118585559963N00904620EA0000001003
B1119035559898N00904659EA0000001008
B1119085559887N00904771EA0000001008
B1119135559935N00904834EA0000001011
B1119185559986N00904783EA0000001014
B1119235559985N00904667EA0000001009
B1119285559924N00904602EA0000001009
B1119335559859N00904646EA0000001016
B1119385559840N00904752EA0000001016
B1119435559879N00904835EA0000001014
B1119485559940N00904817EA0000001014
B1119545559964N00904689EA0000001014
B1119595559917N00904593EA0000001010
B1120075559823N00904669EA0000001016
B1120125559833N00904783EA0000001020
B1120175559888N00904823EA0000001022
B1120225559932N00904751EA0000001020
B1120275559915N00904634EA0000001015
B1120325559848N00904593EA0000001017
B1120375559793N00904667EA0000001020
B1120425559801N00904777EA0000001027
B1120475559857N00904815EA0000001028
B1120525559903N00904744EA0000001028
B1120575559925N00904631EA0000001020
B1121025559966N00904532EA0000001014
B1121075600013N00904447EA0000001013
B1121125600061N00904364EA0000001010
B1121195600128N00904252EA0000001007
B1121255600180N00904155EA0000001005
B1121305600223N00904079EA0000000996
B1121365600276N00903990EA0000000989
B1121435600339N00903885EA0000000974
B1121515600412N00903753EA0000000959
B1121575600464N00903652EA0000000956
B1122025600505N00903571EA0000000949
B1122075600548N00903487EA0000000942
B1122145600605N00903368EA0000000942
B1122195600645N00903282EA0000000947
B1122245600673N00903185EA0000000955
B1122295600644N00903074EA0000000953
B1122345600567N00903053EA0000000952
B1122395600520N00903150EA0000000969
B1122445600544N00903255EA0000000976
B1122495600605N00903259EA0000000981
B1122545600628N00903151EA0000000986
B1122595600577N00903056EA0000000986
B1123045600503N00903082EA0000000993
B1123105600480N00903220EA0000001002
B1123165600547N00903268EA0000001005
B1123225600579N00903145EA0000001013
B1123275600521N00903065EA0000001010
B1123325600450N00903122EA0000001021
B1123375600444N00903243EA0000001021
B1123425600501N00903308EA0000001023
B1123475600554N00903242EA0000001028
B1123525600541N00903118EA0000001035
B1123575600469N00903076EA0000001033
B1124025600410N00903166EA0000001043
B1124075600426N00903284EA0000001045
B1124125600490N00903292EA0000001049
B1124175600513N00903183EA0000001056
B1124225600459N00903100EA0000001060
B1124275600391N00903154EA0000001069
B1124325600386N00903276EA0000001073
B1124375600444N00903320EA0000001073
B1124435600488N00903198EA0000001074
B1124485600445N00903095EA0000001082
B1124535600372N00903116EA0000001083
B1124585600348N00903235EA0000001085
B1125035600393N00903321EA0000001090
B1125085600450N00903280EA0000001094
B1125135600454N00903164EA0000001097
B1125185600393N00903099EA0000001099
B1125235600329N00903159EA0000001105
B1125285600328N00903282EA0000001105
B1125345600400N00903317EA0000001105
B1125395600429N00903205EA0000001108
B1125445600380N00903115EA0000001115
B1125495600312N00903162EA0000001122
B1125545600307N00903287EA0000001122
B1125595600364N00903338EA0000001124
B1126045600409N00903252EA0000001129
B1126095600383N00903134EA0000001128
B1126145600309N00903126EA0000001136
B1126195600268N00903230EA0000001142
B1126245600297N00903337EA0000001139
B1126295600359N00903328EA0000001138
B1126345600372N00903211EA0000001141
B1126395600312N00903132EA0000001137
B1126445600241N00903178EA0000001150
B1126495600222N00903298EA0000001145
B1126545600269N00903381EA0000001147
B1126595600326N00903346EA0000001149
B1127045600332N00903229EA0000001150
B1127095600274N00903151EA0000001144
B1127145600205N00903199EA0000001157
B1127195600190N00903312EA0000001150
B1127245600234N00903402EA0000001147
B1127295600295N00903382EA0000001147
B1127345600305N00903268EA0000001150
B1127395600244N00903191EA0000001144
B1127445600176N00903246EA0000001147
B1127495600160N00903367EA0000001146
B1127545600205N00903455EA0000001144
B1127595600265N00903426EA0000001142
B1128045600270N00903308EA0000001140
B1128105600191N00903241EA0000001136
B1128155600133N00903316EA0000001143
B1128205600132N00903432EA0000001131
B1128265600201N00903493EA0000001131
B1128315600249N00903430EA0000001129
B1128365600248N00903308EA0000001120
B1128415600186N00903233EA0000001118
B1128475600107N00903302EA0000001117
B1128545600075N00903473EA0000001107
B1129015600061N00903646EA0000001103
B1129075600049N00903795EA0000001092
B1129155600034N00903996EA0000001080
B1129205600027N00904119EA0000001073
B1129275600017N00904286EA0000001068
B1129345600006N00904448EA0000001064
B1129415559997N00904607EA0000001061
B1129545559995N00904905EA0000001060
B1129595559991N00905017EA0000001053
B1130055559996N00905149EA0000001049
B1130135600017N00905319EA0000001039
B1130185600030N00905426EA0000001032
B1130265600030N00905604EA0000001027
B1130315600019N00905712EA0000001027
B1130375600010N00905835EA0000001029
B1130435600012N00905964EA0000001013
B1130485600050N00906045EA0000001009
B1130535600108N00906040EA0000001000
B1130595600160N00905945EA0000000991
B1131085600227N00905777EA0000000979
B1131165600287N00905624EA0000000971
B1131245600345N00905469EA0000000968
B1131315600397N00905330EA0000000966
B1131365600434N00905233EA0000000967
B1131415600469N00905142EA0000000978
B1131475600484N00905017EA0000000974
B1131525600440N00904923EA0000000979
B1131575600370N00904927EA0000000979
B1132025600328N00905021EA0000000979
B1132075600344N00905129EA0000000985
B1132125600404N00905152EA0000000987
B1132175600438N00905052EA0000000999
B1132225600396N00904953EA0000001009
B1132275600328N00904981EA0000001012
B1132325600316N00905095EA0000001020
B1132375600372N00905142EA0000001020
B1132425600417N00905058EA0000001029
B1132475600383N00904950EA0000001038
B1132525600313N00904959EA0000001043
B1132575600288N00905071EA0000001048
B1133025600334N00905151EA0000001051
B1133075600391N00905101EA0000001055
B1133125600381N00904981EA0000001066
B1133175600313N00904950EA0000001074
B1133225600272N00905041EA0000001083
B1133275600303N00905135EA0000001086
B1133325600364N00905112EA0000001086
B1133375600368N00904995EA0000001093
B1133425600305N00904943EA0000001102
B1133475600256N00905027EA0000001107
B1133525600277N00905132EA0000001113
B1133575600341N00905139EA0000001111
B1134025600365N00905029EA0000001119
B1134075600311N00904948EA0000001121
B1134125600251N00905004EA0000001128
B1134175600259N00905113EA0000001129
B1134225600323N00905137EA0000001129
B1134275600357N00905043EA0000001132
B1134325600319N00904937EA0000001130
B1134375600249N00904938EA0000001136
B1134425600218N00905044EA0000001147
B1134475600255N00905136EA0000001149
B1134525600320N00905111EA0000001150
B1134575600327N00904998EA0000001151
B1135025600267N00904932EA0000001156
B1135075600209N00904992EA0000001169
B1135125600215N00905106EA0000001174
B1135175600274N00905146EA0000001174
B1135225600317N00905073EA0000001166
B1135275600291N00904956EA0000001167
B1135335600208N00904919EA0000001177
B1135385600152N00904989EA0000001190
B1135435600155N00905101EA0000001197
B1135495600224N00905142EA0000001198
B1135545600259N00905056EA0000001195
B1135595600222N00904944EA0000001193
B1136045600149N00904942EA0000001204
B1136095600118N00905049EA0000001211
B1136145600158N00905139EA0000001207
B1136195600220N00905108EA0000001210
B1136245600228N00904995EA0000001216
B1136295600171N00904923EA0000001221
B1136345600106N00904969EA0000001229
B1136395600096N00905083EA0000001236
B1136445600147N00905147EA0000001229
B1136495600204N00905096EA0000001229
B1136545600208N00904982EA0000001236
B1136595600148N00904915EA0000001233
B1137055600071N00904989EA0000001245
B1137105600077N00905108EA0000001247
B1137155600132N00905160EA0000001242
B1137205600184N00905103EA0000001241
B1137255600176N00904989EA0000001241
B1137305600112N00904936EA0000001240
B1137355600052N00905002EA0000001248
B1137405600059N00905119EA0000001244
B1137455600119N00905159EA0000001237
B1137505600163N00905071EA0000001234
B1137565600178N00904914EA0000001227
B1138035600191N00904724EA0000001228
B1138085600197N00904592EA0000001230
B1138145600209N00904431EA0000001229
B1138205600220N00904268EA0000001225
B1138305600238N00904001EA0000001214
B1138355600248N00903872EA0000001206
B1138415600259N00903719EA0000001199
B1138465600266N00903594EA0000001194
B1138535600268N00903414EA0000001186
B1139025600231N00903184EA0000001173
B1139085600190N00903037EA0000001161
B1139145600145N00902895EA0000001159
B1139225600080N00902708EA0000001146
B1139295600020N00902548EA0000001135
B1139345559974N00902433EA0000001127
B1139445559886N00902202EA0000001107
B1139545559800N00901974EA0000001105
B1139595559758N00901860EA0000001101
B1140065559694N00901701EA0000001100
B1140115559652N00901590EA0000001100
B1140165559614N00901480EA0000001095
B1140225559573N00901346EA0000001086
B1140275559538N00901229EA0000001082
B1140325559500N00901111EA0000001074
B1140375559459N00900987EA0000001075
B1140425559421N00900873EA0000001077
B1140495559372N00900717EA0000001069
B1140555559334N00900584EA0000001070
B1141005559303N00900477EA0000001083
B1141055559277N00900374EA0000001091
B1141105559302N00900275EA0000001091
B1141155559366N00900263EA0000001091
B1141205559409N00900351EA0000001096
B1141255559397N00900466EA0000001101
B1141315559325N00900532EA0000001105
B1141365559267N00900469EA0000001114
B1141415559269N00900350EA0000001122
B1141475559335N00900304EA0000001130
B1141525559382N00900381EA0000001135
B1141575559376N00900500EA0000001132
B1142025559318N00900586EA0000001131
B1142075559249N00900605EA0000001141
B1142125559190N00900539EA0000001141
B1142175559176N00900417EA0000001147
B1142225559223N00900340EA0000001152
B1142275559278N00900388EA0000001155
B1142325559278N00900505EA0000001163
B1142385559201N00900552EA0000001169
B1142435559152N00900463EA0000001172
B1142485559168N00900343EA0000001177
B1142535559230N00900319EA0000001182
B1142585559269N00900409EA0000001189
B1143035559245N00900516EA0000001191
B1143085559177N00900558EA0000001193
B1143135559114N00900499EA0000001200
B1143185559098N00900379EA0000001202
B1143235559137N00900293EA0000001208
B1143285559199N00900302EA0000001206
B1143335559235N00900396EA0000001213
B1143385559221N00900504EA0000001213
B1143435559165N00900578EA0000001216
B1143485559093N00900577EA0000001218
B1143545559037N00900469EA0000001217
B1143595559042N00900344EA0000001216
B1144045559090N00900268EA0000001223
B1144095559152N00900255EA0000001223
B1144145559217N00900274EA0000001222
B1144195559280N00900293EA0000001222
B1144255559349N00900252EA0000001224
B1144305559395N00900184EA0000001225
B1144365559446N00900092EA0000001224
B1144425559496N00859993EA0000001218
B1144485559545N00859877EA0000001207
B1144555559602N00859739EA0000001210
B1145025559654N00859604EA0000001206
B1145085559699N00859493EA0000001220
B1145145559742N00859382EA0000001219
B1145225559795N00859225EA0000001212
B1145305559854N00859065EA0000001200
B1145365559892N00858929EA0000001190
B1145425559917N00858777EA0000001180
B1145485559931N00858623EA0000001176
B1145535559939N00858500EA0000001172
B1145595559944N00858354EA0000001160
B1146065559949N00858173EA0000001148
B1146145559948N00857976EA0000001149
B1146195559946N00857852EA0000001141
B1146245559956N00857726EA0000001133
B1146295559977N00857607EA0000001134
B1146345600001N00857499EA0000001136
B1146455600055N00857265EA0000001127
B1146515600093N00857134EA0000001123
B1146565600131N00857030EA0000001121
B1147015600169N00856927EA0000001120
B1147065600207N00856829EA0000001119
B1147115600257N00856749EA0000001112
B1147215600386N00856730EA0000001094
B1147285600465N00856809EA0000001094
B1147355600537N00856904EA0000001095
B1147405600583N00856977EA0000001100
B1147535600702N00857149EA0000001090
B1147595600755N00857226EA0000001079
B1148075600831N00857340EA0000001071
B1148135600884N00857437EA0000001072
B1148205600941N00857550EA0000001078
B1148255600982N00857629EA0000001080
B1148325601052N00857713EA0000001075
B1148415601134N00857844EA0000001068
B1148485601180N00857992EA0000001061
B1148545601210N00858127EA0000001065
B1149005601237N00858263EA0000001057
B1149065601263N00858412EA0000001041
B1149125601288N00858559EA0000001035
B1149175601307N00858677EA0000001033
B1149225601329N00858798EA0000001021
B1149285601356N00858946EA0000001022
B1149365601394N00859129EA0000001018
B1149415601416N00859242EA0000001015
B1149465601437N00859355EA0000001016
B1149515601458N00859468EA0000001011
B1149565601480N00859587EA0000001002
B1150025601510N00859724EA0000001003
B1150095601548N00859871EA0000000990
B1150145601586N00859977EA0000000990
B1150195601623N00900077EA0000001001
B1150245601662N00900166EA0000001011
B1150295601720N00900188EA0000001017
B1150355601747N00900059EA0000001023
B1150405601683N00900000EA0000001031
B1150455601634N00900092EA0000001038
B1150505601663N00900192EA0000001049
B1150555601722N00900161EA0000001056
B1151015601717N00900018EA0000001070
B1151065601653N00859992EA0000001080
B1151115601607N00900082EA0000001081
B1151175601639N00900198EA0000001091
B1151225601697N00900161EA0000001098
B1151275601696N00900043EA0000001107
B1151325601634N00900002EA0000001115
B1151375601587N00900090EA0000001119
B1151425601608N00900190EA0000001122
B1151475601669N00900173EA0000001127
B1151525601677N00900059EA0000001141
B1151575601621N00859998EA0000001145
B1152025601566N00900063EA0000001150
B1152075601580N00900168EA0000001147
B1152125601641N00900168EA0000001152
B1152175601652N00900051EA0000001159
B1152235601578N00900000EA0000001165
B1152285601536N00900091EA0000001169
B1152335601562N00900191EA0000001168
B1152385601627N00900200EA0000001174
B1152435601663N00900103EA0000001181
B1152485601621N00900008EA0000001184
B1152535601556N00900049EA0000001187
B1152585601557N00900161EA0000001187
B1153045601633N00900186EA0000001191
B1153095601666N00900085EA0000001206
B1153145601623N00859996EA0000001210
B1153195601562N00900046EA0000001214
B1153245601567N00900153EA0000001217
B1153305601639N00900175EA0000001218
B1153355601681N00900085EA0000001235
B1153405601653N00859983EA0000001242
B1153455601586N00859993EA0000001241
B1153505601567N00900101EA0000001243
B1153555601613N00900174EA0000001248
B1154015601679N00900105EA0000001266
B1154065601669N00859987EA0000001275
B1154115601605N00859966EA0000001276
B1154165601577N00900072EA0000001277
B1154215601624N00900149EA0000001281
B1154275601697N00900095EA0000001297
B1154325601709N00859975EA0000001302
B1154375601651N00859918EA0000001307
B1154425601606N00900002EA0000001306
B1154475601632N00900110EA0000001313
B1154525601697N00900104EA0000001322
B1154575601711N00859986EA0000001330
B1155025601655N00859930EA0000001334
B1155075601617N00900020EA0000001332
B1155135601671N00900123EA0000001342
B1155195601728N00900027EA0000001350
B1155245601691N00859932EA0000001358
B1155295601628N00859965EA0000001360
B1155345601622N00900083EA0000001363
B1155395601679N00900149EA0000001370
B1155445601740N00900086EA0000001371
B1155495601734N00859965EA0000001379
B1155545601667N00859941EA0000001380
B1155595601628N00900044EA0000001392
B1156045601665N00900143EA0000001398
B1156095601735N00900137EA0000001395
B1156155601818N00900076EA0000001401
B1156215601897N00900013EA0000001399
B1156265601960N00859947EA0000001392
B1156325602016N00859830EA0000001388
B1156375602051N00859723EA0000001386
B1156425602084N00859618EA0000001378
B1156495602138N00859476EA0000001377
B1156565602193N00859369EA0000001381
B1157025602256N00859302EA0000001376
B1157105602350N00859225EA0000001376
B1157155602407N00859181EA0000001389
B1157235602497N00859124EA0000001402
B1157385602680N00859009EA0000001402
B1157435602740N00858973EA0000001399
B1157485602801N00858936EA0000001393
B1157535602865N00858904EA0000001390
B1158005602955N00858840EA0000001385
B1158065603029N00858772EA0000001385
B1158145603125N00858675EA0000001385
B1158225603219N00858568EA0000001375
B1158275603290N00858535EA0000001374
B1158325603357N00858538EA0000001382
B1158375603402N00858620EA0000001382
B1158425603396N00858734EA0000001373
B1158475603337N00858815EA0000001366
B1158525603263N00858827EA0000001367
B1158595603177N00858750EA0000001367
B1159045603132N00858656EA0000001360
B1159125603097N00858462EA0000001353
B1159185603089N00858312EA0000001346
B1159275603093N00858089EA0000001348
B1159325603102N00857972EA0000001359
B1159375603093N00857851EA0000001351
B1159425603039N00857764EA0000001350
B1159475602971N00857761EA0000001343
B1159525602927N00857850EA0000001339
B1159575602940N00857956EA0000001337
B1200025602989N00858023EA0000001337
B1200085603050N00858095EA0000001332
B1200165603126N00858210EA0000001337
B1200215603169N00858283EA0000001336
B1200265603213N00858361EA0000001339
B1200335603281N00858449EA0000001342
B1200385603309N00858548EA0000001339
B1200435603311N00858674EA0000001332
B1200495603328N00858823EA0000001329
B1200555603349N00858968EA0000001325
B1201025603378N00859127EA0000001327
B1201095603411N00859285EA0000001317
B1201155603442N00859419EA0000001313
B1201235603487N00859589EA0000001306
B1201285603517N00859690EA0000001302
B1201335603547N00859790EA0000001300
B1201385603577N00859889EA0000001290
B1201455603622N00900036EA0000001289
B1201505603652N00900137EA0000001293
B1201565603687N00900263EA0000001288
B1202015603716N00900370EA0000001294
B1202065603743N00900476EA0000001292
B1202115603773N00900574EA0000001290
B1202165603802N00900676EA0000001286
B1202225603835N00900792EA0000001290
B1202275603859N00900885EA0000001297
B1202335603914N00900946EA0000001292
B1202405604000N00900933EA0000001296
B1202455604057N00900962EA0000001294
B1202505604105N00901027EA0000001305
B1202555604149N00901086EA0000001312
B1203005604207N00901053EA0000001308
B1203055604216N00900928EA0000001315
B1203105604159N00900841EA0000001320
B1203155604089N00900885EA0000001324
B1203205604071N00901003EA0000001329
B1203265604128N00901081EA0000001334
B1203315604180N00901010EA0000001334
B1203365604169N00900880EA0000001340
B1203425604084N00900831EA0000001349
B1203475604040N00900926EA0000001353
B1203525604066N00901028EA0000001356
B1203575604127N00901014EA0000001360
B1204025604138N00900888EA0000001359
B1204075604078N00900802EA0000001366
B1204125604008N00900848EA0000001369
B1204175604000N00900967EA0000001376
B1204235604064N00901019EA0000001377
B1204285604105N00900923EA0000001377
B1204335604068N00900808EA0000001383
B1204385603991N00900805EA0000001380
B1204435603949N00900912EA0000001386
B1204485603967N00901018EA0000001392
B1204555604048N00901033EA0000001387
B1205005604111N00901025EA0000001382
B1205055604167N00901078EA0000001381
B1205105604204N00901173EA0000001370
B1205155604206N00901298EA0000001372
B1205215604181N00901436EA0000001383
B1205285604152N00901588EA0000001398
B1205335604152N00901701EA0000001396
B1205385604207N00901751EA0000001395
B1205435604253N00901667EA0000001399
B1205485604229N00901549EA0000001398
B1205535604160N00901518EA0000001405
B1205585604111N00901609EA0000001414
B1206035604126N00901720EA0000001414
B1206085604188N00901741EA0000001410
B1206135604224N00901643EA0000001411
B1206185604189N00901532EA0000001405
B1206235604115N00901511EA0000001419
B1206285604057N00901587EA0000001423
B1206335604047N00901705EA0000001428
B1206385604087N00901787EA0000001425
B1206435604149N00901780EA0000001420
B1206495604196N00901675EA0000001419
B1206565604233N00901529EA0000001405
B1207035604296N00901401EA0000001397
B1207085604348N00901320EA0000001388
B1207155604425N00901204EA0000001385
B1207215604491N00901110EA0000001378
B1207265604546N00901038EA0000001374
B1207325604612N00900956EA0000001378
B1207395604688N00900863EA0000001393
B1207445604739N00900791EA0000001379
B1207495604789N00900701EA0000001375
B1207545604837N00900612EA0000001373
B1207595604881N00900510EA0000001369
B1208055604925N00900377EA0000001370
B1208105604958N00900271EA0000001370
B1208175604996N00900113EA0000001367
B1208225605017N00859992EA0000001372
B1208275605024N00859864EA0000001360
B1208325604981N00859746EA0000001359
B1208375604907N00859714EA0000001357
B1208425604843N00859782EA0000001344
B1208485604825N00859919EA0000001334
B1208535604868N00859996EA0000001337
B1209005604948N00900012EA0000001344
B1209055605005N00859965EA0000001346
B1209115605075N00859884EA0000001330
B1209165605137N00859838EA0000001319
B1209275605278N00859806EA0000001317
B1209375605396N00859804EA0000001312
B1209475605521N00859805EA0000001298
B1209555605619N00859809EA0000001288
B1210035605718N00859808EA0000001283
B1210095605788N00859809EA0000001283
B1210155605856N00859818EA0000001279
B1210215605924N00859805EA0000001280
B1210265605977N00859748EA0000001274
B1210325606032N00859644EA0000001270
B1210375606064N00859538EA0000001264
B1210425606054N00859409EA0000001267
B1210475606032N00859284EA0000001281
B1210525606007N00859165EA0000001302
B1210575605945N00859121EA0000001312
B1211025605904N00859212EA0000001309
B1211075605936N00859314EA0000001326
B1211125605996N00859333EA0000001344
B1211175606039N00859254EA0000001355
B1211225606010N00859142EA0000001373
B1211275605938N00859154EA0000001384
B1211325605923N00859277EA0000001392
B1211395606000N00859349EA0000001415
B1211445606040N00859263EA0000001427
B1211495606013N00859150EA0000001440
B1211545605938N00859143EA0000001453
B1212005605912N00859283EA0000001464
B1212055605961N00859350EA0000001474
B1212105606016N00859296EA0000001483
B1212155606002N00859183EA0000001487
B1212205605930N00859140EA0000001500
B1212265605845N00859213EA0000001509
B1212315605786N00859302EA0000001521
B1212365605729N00859395EA0000001526
B1212415605668N00859482EA0000001526
B1212465605602N00859553EA0000001522
B1212515605529N00859605EA0000001515
B1212575605433N00859639EA0000001511
B1213025605353N00859658EA0000001509
B1213115605211N00859660EA0000001510
B1213175605121N00859664EA0000001517
B1213225605049N00859672EA0000001515
B1213275604978N00859698EA0000001515
B1213355604862N00859735EA0000001510
B1213405604787N00859762EA0000001503
B1213455604711N00859799EA0000001505
B1213515604624N00859848EA0000001496
B1213585604517N00859901EA0000001480
B1214035604441N00859930EA0000001474
B1214085604367N00859962EA0000001470
B1214135604293N00859998EA0000001467
B1214185604217N00900038EA0000001455
B1214235604138N00900092EA0000001450
B1214315604017N00900181EA0000001453
B1214375603931N00900246EA0000001450
B1214445603825N00900318EA0000001444
B1214495603753N00900363EA0000001448
B1214555603668N00900419EA0000001444
B1215005603598N00900467EA0000001450
B1215055603535N00900515EA0000001447
B1215115603456N00900589EA0000001437
B1215205603333N00900702EA0000001432
B1215265603251N00900773EA0000001418
B1215315603181N00900835EA0000001405
B1215365603107N00900901EA0000001392
B1215425603019N00900987EA0000001383
B1215505602900N00901102EA0000001369
B1215555602825N00901170EA0000001366
B1216015602743N00901248EA0000001362
B1216065602672N00901317EA0000001353
B1216145602560N00901425EA0000001351
B1216225602449N00901521EA0000001341
B1216335602292N00901665EA0000001321
B1216395602210N00901739EA0000001327
B1216445602143N00901793EA0000001331
B1216505602062N00901859EA0000001341
B1216555602002N00901920EA0000001346
B1217015601976N00902059EA0000001347
B1217065602022N00902139EA0000001346
B1217115602082N00902093EA0000001344
B1217165602085N00901973EA0000001348
B1217225602016N00901897EA0000001358
B1217275601943N00901908EA0000001358
B1217325601871N00901955EA0000001364
B1217385601795N00902028EA0000001366
B1217455601721N00902147EA0000001354
B1217515601647N00902238EA0000001344
B1217575601565N00902303EA0000001339
B1218035601480N00902362EA0000001336
B1218085601410N00902409EA0000001336
B1218175601282N00902487EA0000001317
B1218245601179N00902537EA0000001318
B1218305601098N00902581EA0000001329
B1218375601006N00902641EA0000001329
B1218425600938N00902692EA0000001323
B1218525600784N00902770EA0000001303
B1218585600687N00902799EA0000001295
B1219045600591N00902829EA0000001284
B1219105600494N00902865EA0000001277
B1219165600401N00902902EA0000001274
B1219225600307N00902935EA0000001269
B1219315600166N00902980EA0000001271
B1219385600058N00903014EA0000001272
B1219435559978N00903039EA0000001265
B1219485559899N00903067EA0000001262
B1219535559822N00903092EA0000001259
B1220015559701N00903090EA0000001253
B1220065559626N00903079EA0000001257
B1220115559551N00903068EA0000001269
B1220205559420N00903074EA0000001279
B1220285559307N00903097EA0000001294
B1220355559220N00903157EA0000001298
B1220445559127N00903297EA0000001299
B1220535559043N00903458EA0000001310
B1220585559028N00903570EA0000001310
B1221035559077N00903622EA0000001316
B1221085559113N00903526EA0000001318
B1221145559055N00903399EA0000001328
B1221195558980N00903427EA0000001334
B1221245558963N00903540EA0000001338
B1221305559026N00903590EA0000001339
B1221365559091N00903507EA0000001344
B1221415559116N00903393EA0000001355
B1221465559076N00903285EA0000001365
B1221515559004N00903312EA0000001368
B1221565558999N00903431EA0000001371
B1222015559057N00903466EA0000001379
B1222065559104N00903386EA0000001384
B1222115559105N00903253EA0000001393
B1222165559053N00903150EA0000001398
B1222215558977N00903150EA0000001400
B1222265558928N00903243EA0000001398
B1222315558931N00903361EA0000001401
B1222365558972N00903441EA0000001407
B1222415559029N00903446EA0000001416
B1222465559064N00903361EA0000001421
B1222515559025N00903255EA0000001421
B1222565558945N00903267EA0000001427
B1223025558915N00903400EA0000001431
B1223075558961N00903460EA0000001434
B1223125559007N00903389EA0000001436
B1223175558980N00903267EA0000001443
B1223225558902N00903242EA0000001449
B1223275558859N00903345EA0000001448
B1223325558895N00903433EA0000001450
B1223385558953N00903355EA0000001450
B1223435558924N00903231EA0000001460
B1223485558846N00903215EA0000001464
B1223535558806N00903322EA0000001459
B1223585558846N00903404EA0000001462
B1224035558898N00903347EA0000001463
B1224085558888N00903217EA0000001467
B1224155558785N00903181EA0000001472
B1224205558757N00903292EA0000001465
B1224255558803N00903361EA0000001469
B1224305558851N00903294EA0000001474
B1224355558829N00903171EA0000001474
B1224415558737N00903162EA0000001476
B1224475558713N00903292EA0000001469
B1224525558762N00903343EA0000001473
B1224575558820N00903305EA0000001484
B1225025558858N00903218EA0000001492
B1225075558854N00903095EA0000001493
B1225125558794N00903008EA0000001492
B1225175558719N00903045EA0000001488
B1225225558701N00903164EA0000001484
B1225275558750N00903222EA0000001482
B1225325558798N00903142EA0000001486
B1225375558821N00903017EA0000001485
B1225445558845N00902825EA0000001484
B1225595558853N00902440EA0000001470
B1226075558888N00902252EA0000001466
B1226125558918N00902144EA0000001459
B1226195558963N00901987EA0000001444
B1226265559004N00901818EA0000001436
B1226315559035N00901697EA0000001434
B1226365559064N00901576EA0000001433
B1226415559089N00901456EA0000001428
B1226485559123N00901286EA0000001424
B1226535559150N00901166EA0000001417
B1226595559183N00901024EA0000001418
B1227065559222N00900857EA0000001408
B1227125559255N00900711EA0000001400
B1227175559281N00900590EA0000001391
B1227225559308N00900469EA0000001383
B1227305559354N00900281EA0000001369
B1227405559419N00900050EA0000001360
B1227495559471N00859852EA0000001342
B1227545559501N00859743EA0000001335
B1228035559552N00859547EA0000001347
B1228105559594N00859395EA0000001345
B1228175559640N00859239EA0000001360
B1228225559672N00859126EA0000001358
B1228275559734N00859084EA0000001360
B1228325559779N00859166EA0000001362
B1228375559771N00859288EA0000001361
B1228425559716N00859366EA0000001360
B1228485559632N00859365EA0000001346
B1228565559529N00859244EA0000001354
B1229015559472N00859150EA0000001362
B1229065559443N00859033EA0000001364
B1229115559482N00858937EA0000001368
B1229165559542N00858982EA0000001378
B1229215559532N00859098EA0000001381
B1229275559450N00859109EA0000001387
B1229325559414N00859001EA0000001393
B1229375559440N00858890EA0000001399
B1229425559498N00858872EA0000001409
B1229475559528N00858962EA0000001412
B1229525559497N00859066EA0000001413
B1229575559430N00859079EA0000001420
B1230025559379N00858993EA0000001423
B1230075559378N00858867EA0000001424
B1230125559423N00858780EA0000001427
B1230175559482N00858779EA0000001432
B1230225559518N00858867EA0000001432
B1230275559504N00858980EA0000001436
B1230325559442N00859041EA0000001437
B1230405559339N00858963EA0000001451
B1230465559313N00858823EA0000001450
B1230515559329N00858709EA0000001451
B1230565559376N00858644EA0000001456
B1231015559428N00858652EA0000001461
B1231065559469N00858726EA0000001460
B1231115559470N00858836EA0000001460
B1231165559422N00858922EA0000001462
B1231235559321N00858941EA0000001465
B1231295559251N00858846EA0000001470
B1231355559230N00858701EA0000001462
B1231405559247N00858580EA0000001455
B1231475559299N00858444EA0000001460
B1231545559368N00858357EA0000001452
B1232005559432N00858289EA0000001440
B1232055559486N00858238EA0000001429
B1232105559546N00858192EA0000001419
B1232195559653N00858107EA0000001408
B1232245559711N00858064EA0000001403
B1232305559777N00858015EA0000001396
B1232355559835N00857973EA0000001392
B1232415559905N00857914EA0000001382
B1232495559996N00857819EA0000001365
B1232545600050N00857752EA0000001356
B1233005600111N00857659EA0000001359
B1233105600196N00857492EA0000001380
B1233155600232N00857398EA0000001378
B1233215600269N00857273EA0000001379
B1233275600292N00857136EA0000001393
B1233325600305N00857027EA0000001405
B1233375600354N00856958EA0000001406
B1233425600412N00857000EA0000001410
B1233475600425N00857123EA0000001410
B1233525600375N00857218EA0000001427
B1233575600306N00857188EA0000001438
B1234025600275N00857068EA0000001443
B1234075600305N00856952EA0000001452
B1234125600369N00856922EA0000001454
B1234175600420N00856994EA0000001451
B1234225600424N00857114EA0000001452
B1234275600391N00857221EA0000001462
B1234325600330N00857271EA0000001472
B1234375600271N00857217EA0000001481
B1234425600261N00857092EA0000001483
B1234475600308N00857008EA0000001496
B1234525600366N00857033EA0000001499
B1234575600392N00857141EA0000001499
B1235025600365N00857254EA0000001509
B1235075600301N00857298EA0000001515
B1235125600237N00857248EA0000001526
B1235175600210N00857136EA0000001529
B1235225600233N00857026EA0000001537
B1235285600305N00856999EA0000001541
B1235335600347N00857083EA0000001540
B1235385600336N00857207EA0000001543
B1235435600277N00857277EA0000001553
B1235495600201N00857212EA0000001560
B1235545600184N00857088EA0000001561
B1235595600216N00856989EA0000001571
B1236045600276N00856971EA0000001570
B1236095600323N00857040EA0000001563
B1236145600343N00857157EA0000001562
B1236195600357N00857279EA0000001564
B1236265600395N00857448EA0000001560
B1236315600431N00857557EA0000001558
B1236375600481N00857684EA0000001548
B1236425600524N00857783EA0000001545
B1236475600564N00857877EA0000001543
B1236535600608N00857996EA0000001536
B1237005600656N00858143EA0000001529
B1237095600717N00858338EA0000001521
B1237145600753N00858442EA0000001521
B1237225600812N00858606EA0000001518
B1237285600856N00858728EA0000001511
B1237345600881N00858881EA0000001506
B1237405600876N00859048EA0000001505
B1237455600860N00859182EA0000001502
B1237515600835N00859339EA0000001494
B1237565600810N00859467EA0000001491
B1238015600784N00859591EA0000001487
B1238065600756N00859712EA0000001484
B1238115600730N00859834EA0000001489
B1238165600701N00859948EA0000001492
B1238215600672N00900069EA0000001488
B1238265600645N00900191EA0000001489
B1238345600604N00900379EA0000001488
B1238395600576N00900496EA0000001484
B1238455600545N00900637EA0000001481
B1238525600508N00900805EA0000001478
B1238595600471N00900972EA0000001478
B1239085600431N00901178EA0000001486
B1239135600410N00901283EA0000001494
B1239195600394N00901413EA0000001488
B1239275600439N00901578EA0000001491
B1239325600498N00901639EA0000001489
B1239385600571N00901611EA0000001497
B1239445600584N00901478EA0000001500
B1239495600521N00901436EA0000001510
B1239545600474N00901539EA0000001508
B1239595600506N00901653EA0000001513
B1240045600574N00901651EA0000001508
B1240105600604N00901523EA0000001511
B1240155600573N00901419EA0000001519
B1240205600512N00901382EA0000001525
B1240255600449N00901460EA0000001517
B1240305600445N00901597EA0000001529
B1240355600500N00901661EA0000001530
B1240405600550N00901595EA0000001520
B1240455600532N00901475EA0000001520
B1240515600450N00901434EA0000001536
B1240585600383N00901566EA0000001530
B1241035600403N00901701EA0000001534
B1241085600462N00901764EA0000001531
B1241135600524N00901746EA0000001519
B1241195600544N00901624EA0000001506
B1241245600490N00901538EA0000001502
B1241375600313N00901627EA0000001507
B1241445600246N00901764EA0000001506
B1241505600178N00901860EA0000001487
B1241555600112N00901928EA0000001483
B1242015600034N00902002EA0000001478
B1242095559934N00902102EA0000001469
B1242165559855N00902205EA0000001449
B1242255559745N00902321EA0000001460
B1242305559688N00902374EA0000001470
B1242365559664N00902503EA0000001473
B1242425559741N00902555EA0000001489
B1242475559784N00902452EA0000001504
B1242525559754N00902334EA0000001512
B1242575559684N00902332EA0000001523
B1243025559654N00902440EA0000001529
B1243075559694N00902536EA0000001542
B1243125559760N00902515EA0000001551
B1243175559772N00902391EA0000001552
B1243235559700N00902314EA0000001569
B1243285559650N00902384EA0000001572
B1243335559665N00902503EA0000001576
B1243385559733N00902527EA0000001588
B1243435559774N00902433EA0000001584
B1243525559697N00902255EA0000001591
B1243575559627N00902256EA0000001595
B1244065559527N00902403EA0000001588
B1244125559446N00902478EA0000001610
B1244175559377N00902514EA0000001619
B1244245559275N00902478EA0000001624
B1244295559222N00902392EA0000001624
B1244345559197N00902270EA0000001620
B1244395559217N00902150EA0000001616
B1244445559271N00902074EA0000001613
B1244505559349N00902012EA0000001607
B1244575559441N00901937EA0000001603
B1245035559521N00901866EA0000001597
B1245115559625N00901752EA0000001581
B1245165559686N00901670EA0000001576
B1245225559754N00901579EA0000001574
B1245275559806N00901505EA0000001560
B1245345559882N00901400EA0000001532
B1245405559954N00901328EA0000001528
B1245465600029N00901272EA0000001521
B1245515600092N00901227EA0000001526
B1245575600161N00901174EA0000001536
B1246025600220N00901133EA0000001535
B1246075600280N00901086EA0000001539
B1246125600321N00900991EA0000001535
B1246175600336N00900862EA0000001531
B1246225600335N00900728EA0000001522
B1246275600330N00900595EA0000001516
B1246325600323N00900463EA0000001509
B1246385600311N00900306EA0000001505
B1246435600301N00900178EA0000001501
B1246535600295N00859923EA0000001489
B1246595600313N00859778EA0000001482
B1247065600381N00859656EA0000001473
B1247135600477N00859597EA0000001470
B1247185600546N00859568EA0000001475
B1247245600625N00859534EA0000001482
B1247315600718N00859496EA0000001477
B1247365600784N00859467EA0000001482
B1247435600875N00859418EA0000001485
B1247485600938N00859386EA0000001479
B1247535601001N00859351EA0000001472
B1247595601081N00859301EA0000001481
B1248055601157N00859251EA0000001495
B1248105601208N00859172EA0000001487
B1248155601215N00859043EA0000001485
B1248205601172N00858939EA0000001490
B1248255601100N00858921EA0000001485
B1248305601047N00859001EA0000001488
B1248355601048N00859120EA0000001490
B1248405601097N00859215EA0000001495
B1248455601158N00859282EA0000001494
B1248515601230N00859359EA0000001495
B1248565601285N00859432EA0000001487
B1249045601368N00859575EA0000001463
B1249135601457N00859749EA0000001447
B1249185601507N00859842EA0000001443
B1249235601557N00859929EA0000001439
B1249305601618N00900060EA0000001433
B1249355601649N00900173EA0000001427
B1249435601684N00900360EA0000001426
B1249505601711N00900515EA0000001416
B1249565601736N00900655EA0000001405
B1250025601764N00900793EA0000001398
B1250085601791N00900937EA0000001388
B1250175601835N00901152EA0000001378
B1250285601893N00901416EA0000001370
B1250345601920N00901553EA0000001385
B1250405601944N00901681EA0000001399
B1250465602011N00901724EA0000001398
B1250515602050N00901632EA0000001388
B1250565602019N00901520EA0000001378
B1251015601946N00901493EA0000001370
B1251065601878N00901544EA0000001379
B1251115601824N00901627EA0000001392
B1251175601801N00901763EA0000001392
B1251225601851N00901837EA0000001392
B1251275601907N00901771EA0000001395
B1251325601892N00901640EA0000001408
B1251375601816N00901602EA0000001420
B1251435601769N00901728EA0000001424
B1251485601822N00901807EA0000001424
B1251535601873N00901734EA0000001436
B1251585601841N00901612EA0000001438
B1252035601757N00901611EA0000001452
B1252085601724N00901728EA0000001458
B1252145601780N00901815EA0000001461
B1252195601829N00901741EA0000001465
B1252245601805N00901618EA0000001468
B1252295601727N00901597EA0000001479
B1252345601683N00901698EA0000001485
B1252395601713N00901808EA0000001481
B1252445601777N00901795EA0000001484
B1252495601789N00901675EA0000001490
B1252545601726N00901601EA0000001489
B1252595601657N00901672EA0000001497
B1253065601672N00901833EA0000001499
B1253125601746N00901860EA0000001504
B1253185601822N00901827EA0000001506
B1253255601914N00901872EA0000001491
B1253305601971N00901951EA0000001484
B1253365602027N00902049EA0000001478
B1253445602101N00902171EA0000001470
B1253545602196N00902328EA0000001490
B1254025602287N00902413EA0000001497
B1254115602410N00902408EA0000001475
B1254165602487N00902377EA0000001472
B1254215602564N00902337EA0000001477
B1254265602623N00902260EA0000001495
B1254315602633N00902143EA0000001510
B1254365602591N00902039EA0000001516
B1254415602515N00901995EA0000001525
B1254475602419N00902030EA0000001524
B1254525602354N00902124EA0000001513
B1254585602279N00902221EA0000001512
B1255035602208N00902249EA0000001507
B1255095602123N00902243EA0000001517
B1255145602059N00902223EA0000001525
B1255205601993N00902132EA0000001522
B1255265601981N00901984EA0000001525
B1255315602015N00901878EA0000001530
B1255365602071N00901843EA0000001541
B1255425602137N00901891EA0000001535
B1255485602182N00901992EA0000001534
B1255535602216N00902087EA0000001520
B1256005602291N00902194EA0000001505
B1256055602349N00902257EA0000001505
B1256115602413N00902329EA0000001516
B1256165602465N00902376EA0000001521
B1256215602521N00902355EA0000001522
B1256275602530N00902226EA0000001533
B1256335602450N00902172EA0000001532
B1256385602396N00902259EA0000001533
B1256435602407N00902374EA0000001530
B1256485602467N00902421EA0000001530
B1256535602517N00902362EA0000001540
B1256585602506N00902246EA0000001542
B1257045602421N00902216EA0000001543
B1257095602381N00902330EA0000001540
B1257155602430N00902437EA0000001544
B1257205602483N00902385EA0000001548
B1257255602470N00902271EA0000001549
B1257305602402N00902229EA0000001549
B1257355602346N00902323EA0000001544
B1257405602352N00902453EA0000001547
B1257455602409N00902511EA0000001543
B1257505602468N00902454EA0000001542
B1257565602511N00902323EA0000001533
B1258035602551N00902169EA0000001546
B1258105602588N00902012EA0000001533
B1258175602621N00901841EA0000001518
B1258225602651N00901717EA0000001507
B1258275602682N00901593EA0000001498
B1258325602714N00901470EA0000001496
B1258385602751N00901322EA0000001488
B1258475602817N00901101EA0000001471
B1258545602871N00900930EA0000001463
B1258595602909N00900804EA0000001459
B1259045602944N00900685EA0000001460
B1259095602977N00900571EA0000001458
B1259145603012N00900458EA0000001451
B1259235603073N00900252EA0000001435
B1259295603110N00900117EA0000001429
B1259355603143N00859977EA0000001423
B1259405603171N00859859EA0000001421
B1259455603199N00859741EA0000001426
B1259555603258N00859531EA0000001427
B1300015603297N00859407EA0000001424
B1300065603330N00859304EA0000001422
B1300135603376N00859153EA0000001421
B1300185603409N00859036EA0000001424
B1300235603440N00858924EA0000001438
B1300285603450N00858809EA0000001444
B1300335603406N00858705EA0000001437
B1300385603329N00858707EA0000001436
B1300435603286N00858806EA0000001428
B1300495603301N00858946EA0000001425
B1300555603350N00859054EA0000001419
B1301015603411N00859140EA0000001427
B1301075603476N00859213EA0000001434
B1301125603537N00859239EA0000001432
B1301175603594N00859168EA0000001429
B1301225603591N00859035EA0000001437
B1301275603525N00858984EA0000001437
B1301325603469N00859063EA0000001439
B1301375603473N00859184EA0000001439
B1301425603530N00859255EA0000001441
B1301475603600N00859247EA0000001440
B1301525603652N00859154EA0000001445
B1301575603634N00859036EA0000001447
B1302025603564N00859014EA0000001446
B1302075603521N00859112EA0000001450
B1302135603555N00859244EA0000001453
B1302185603628N00859282EA0000001447
B1302255603728N00859348EA0000001453
B1302315603803N00859421EA0000001451
B1302375603867N00859528EA0000001436
B1302425603903N00859645EA0000001428
B1302475603922N00859773EA0000001422
B1302535603936N00859927EA0000001414
B1303025603953N00900157EA0000001396
B1303075603963N00900282EA0000001384
B1303145603978N00900454EA0000001376
B1303195603989N00900570EA0000001364
B1303245604003N00900686EA0000001354
B1303295604018N00900800EA0000001344
B1303355604037N00900935EA0000001338
B1303405604056N00901041EA0000001335
B1303455604078N00901145EA0000001333
B1303545604122N00901334EA0000001343
B1304005604159N00901452EA0000001344
B1304065604208N00901557EA0000001344
B1304115604268N00901595EA0000001339
B1304165604334N00901569EA0000001336
B1304215604385N00901488EA0000001341
B1304265604387N00901364EA0000001340
B1304315604330N00901269EA0000001338
B1304375604237N00901284EA0000001343
B1304425604196N00901389EA0000001337
B1304475604211N00901509EA0000001336
B1304535604264N00901622EA0000001332
B1304585604297N00901735EA0000001335
B1305035604332N00901837EA0000001349
B1305085604391N00901819EA0000001357
B1305135604395N00901695EA0000001352
B1305185604325N00901644EA0000001355
B1305235604264N00901716EA0000001362
B1305285604256N00901845EA0000001360
B1305335604308N00901929EA0000001369
B1305385604364N00901857EA0000001382
B1305435604340N00901733EA0000001388
B1305485604266N00901735EA0000001388
B1305535604240N00901857EA0000001391
B1305585604292N00901937EA0000001400
B1306035604353N00901882EA0000001411
B1306085604351N00901755EA0000001415
B1306135604285N00901710EA0000001411
B1306185604227N00901793EA0000001413
B1306235604226N00901919EA0000001411
B1306295604290N00902023EA0000001422
B1306345604354N00902011EA0000001416
B1306395604381N00901891EA0000001401
B1306445604344N00901772EA0000001395
B1306505604257N00901747EA0000001396
B1306575604156N00901800EA0000001403
B1307045604067N00901866EA0000001410
B1307105603991N00901914EA0000001413
B1307165603917N00901968EA0000001418
B1307215603864N00902052EA0000001421
B1307265603858N00902179EA0000001418
B1307335603933N00902271EA0000001424
B1307385603980N00902199EA0000001422
B1307435603966N00902077EA0000001420
B1307485603900N00902020EA0000001424
B1307535603830N00902064EA0000001424
B1307595603779N00902204EA0000001416
B1308045603725N00902311EA0000001413
B1308095603658N00902396EA0000001411
B1308155603572N00902479EA0000001396
B1308215603474N00902530EA0000001378
B1308305603321N00902577EA0000001358
B1308385603182N00902605EA0000001349
B1308445603081N00902628EA0000001342
B1308515602966N00902655EA0000001338
B1308595602834N00902696EA0000001319
B1309045602750N00902721EA0000001314
B1309115602633N00902757EA0000001298
B1309175602533N00902786EA0000001290
B1309225602453N00902813EA0000001282
B1309275602374N00902841EA0000001275
B1309425602130N00902919EA0000001246
B1309485602028N00902948EA0000001239
B1309535601945N00902977EA0000001230
B1310015601812N00903026EA0000001221
B1310085601700N00903072EA0000001207
B1310165601572N00903123EA0000001192
B1310225601480N00903161EA0000001191
B1310285601390N00903193EA0000001192
B1310345601300N00903215EA0000001212
B1310395601231N00903259EA0000001215
B1310455601209N00903393EA0000001216
B1310505601267N00903438EA0000001221
B1310555601310N00903346EA0000001232
B1311015601268N00903214EA0000001245
B1311065601195N00903234EA0000001243
B1311115601176N00903350EA0000001248
B1311165601231N00903395EA0000001256
B1311225601262N00903269EA0000001270
B1311275601198N00903190EA0000001282
B1311325601134N00903247EA0000001285
B1311375601140N00903355EA0000001291
B1311425601199N00903363EA0000001295
B1311475601222N00903242EA0000001309
B1311525601161N00903161EA0000001315
B1311575601099N00903231EA0000001321
B1312025601120N00903330EA0000001322
B1312075601181N00903299EA0000001332
B1312125601194N00903174EA0000001341
B1312175601129N00903101EA0000001344
B1312235601068N00903204EA0000001345
B1312285601107N00903290EA0000001354
B1312335601168N00903258EA0000001365
B1312385601181N00903136EA0000001369
B1312435601118N00903059EA0000001371
B1312485601053N00903121EA0000001373
B1312545601070N00903251EA0000001385
B1312595601130N00903238EA0000001394
B1313045601146N00903118EA0000001396
B1313095601090N00903033EA0000001398
B1313145601024N00903077EA0000001398
B1313195601023N00903191EA0000001401
B1313245601078N00903225EA0000001413
B1313305601117N00903106EA0000001407
B1313355601064N00903007EA0000001411
B1313405600994N00903037EA0000001414
B1313465600989N00903166EA0000001417
B1313515601047N00903179EA0000001416
B1313565601072N00903066EA0000001422
B1314015601024N00902966EA0000001425
B1314065600951N00902981EA0000001422
B1314115600928N00903098EA0000001426
B1314165600977N00903152EA0000001433
B1314215601024N00903070EA0000001432
B1314265600989N00902954EA0000001442
B1314315600914N00902968EA0000001441
B1314365600896N00903085EA0000001444
B1314415600950N00903130EA0000001453
B1314465600993N00903037EA0000001456
B1314515600953N00902919EA0000001458
B1314565600874N00902930EA0000001465
B1315015600847N00903043EA0000001465
B1315065600895N00903109EA0000001470
B1315125600953N00903007EA0000001475
B1315175600919N00902881EA0000001484
B1315235600831N00902887EA0000001488
B1315295600815N00903028EA0000001483
B1315345600871N00903069EA0000001492
B1315395600913N00902976EA0000001497
B1315455600863N00902839EA0000001498
B1315515600774N00902875EA0000001502
B1315565600766N00902994EA0000001505
B1316015600820N00903036EA0000001511
B1316065600865N00902955EA0000001514
B1316115600845N00902825EA0000001513
B1316165600771N00902769EA0000001514
B1316235600702N00902886EA0000001511
B1316285600739N00902977EA0000001515
B1316335600798N00902941EA0000001516
B1316385600803N00902810EA0000001520
B1316435600756N00902686EA0000001511
B1316485600710N00902548EA0000001505
B1316545600668N00902375EA0000001497
B1317005600636N00902198EA0000001488
B1317055600621N00902053EA0000001481
B1317115600616N00901884EA0000001467
B1317165600616N00901740EA0000001458
B1317215600624N00901598EA0000001455
B1317285600643N00901398EA0000001443
B1317345600661N00901230EA0000001438
B1317415600683N00901040EA0000001427
B1317475600707N00900883EA0000001419
B1317525600727N00900756EA0000001415
B1317595600754N00900579EA0000001402
B1318065600789N00900401EA0000001396
B1318135600829N00900238EA0000001396
B1318185600861N00900122EA0000001391
B1318245600900N00859986EA0000001396
B1318295600931N00859876EA0000001407
B1318345600989N00859807EA0000001413
B1318395601058N00859847EA0000001419
B1318445601074N00859975EA0000001434
B1318515600995N00900101EA0000001441
B1318575600908N00900051EA0000001454
B1319025600877N00859936EA0000001460
B1319075600896N00859812EA0000001470
B1319125600952N00859748EA0000001478
B1319175601017N00859781EA0000001479
B1319235601040N00859923EA0000001497
B1319285600995N00900028EA0000001497
B1319335600914N00900056EA0000001501
B1319395600837N00859963EA0000001510
B1319445600820N00859840EA0000001517
B1319505600861N00859720EA0000001522
B1319555600925N00859698EA0000001522
B1320005600981N00859772EA0000001527
B1320055600990N00859896EA0000001541
B1320105600940N00859998EA0000001543
B1320185600818N00859958EA0000001549
B1320245600793N00859815EA0000001563
B1320295600829N00859725EA0000001563
B1320345600893N00859722EA0000001562
B1320395600933N00859819EA0000001565
B1320445600912N00859949EA0000001574
B1320495600843N00900015EA0000001580
B1320575600728N00859938EA0000001586
B1321025600700N00859820EA0000001587
B1321095600728N00859661EA0000001583
B1321145600758N00859546EA0000001586
B1321215600793N00859378EA0000001593
B1321265600809N00859253EA0000001603
B1321325600821N00859108EA0000001613
B1321375600825N00858962EA0000001580
B1321495600837N00858577EA0000001574
B1322015600849N00858220EA0000001573
B1322095600850N00857993EA0000001574
B1322165600852N00857806EA0000001569
B1322225600854N00857656EA0000001564
B1322295600857N00857487EA0000001551
B1322385600870N00857280EA0000001546
B1322435600873N00857168EA0000001549
B1322505600867N00857017EA0000001560
B1322555600858N00856911EA0000001556
B1323025600858N00856740EA0000001549
B1323075600904N00856644EA0000001540
B1323185601056N00856586EA0000001526
B1323245601139N00856592EA0000001524
B1323305601221N00856597EA0000001541
B1323355601284N00856576EA0000001550
B1323415601325N00856463EA0000001545
B1323475601335N00856317EA0000001535
B1323525601345N00856183EA0000001525
B1323575601356N00856050EA0000001536
B1324025601367N00855927EA0000001538
B1324125601386N00855674EA0000001534
B1324215601422N00855445EA0000001509
B1324265601443N00855319EA0000001502
B1324315601466N00855199EA0000001498
B1324365601489N00855084EA0000001496
B1324425601512N00854940EA0000001506
B1324475601504N00854823EA0000001521
B1324525601442N00854762EA0000001522
B1324575601380N00854840EA0000001523
B1325025601393N00854957EA0000001518
B1325075601456N00854959EA0000001525
B1325125601499N00854871EA0000001544
B1325175601483N00854753EA0000001544
B1325225601407N00854725EA0000001549
B1325275601364N00854825EA0000001556
B1325325601400N00854906EA0000001557
B1325385601466N00854835EA0000001569
B1325435601453N00854711EA0000001577
B1325485601376N00854686EA0000001573
B1325535601333N00854792EA0000001585
B1325585601368N00854871EA0000001585
B1326035601432N00854837EA0000001585
B1326085601450N00854717EA0000001602
B1326135601398N00854631EA0000001597
B1326185601322N00854654EA0000001597
B1326245601296N00854802EA0000001599
B1326295601348N00854871EA0000001608
B1326355601413N00854788EA0000001617
B1326405601402N00854666EA0000001624
B1326455601333N00854611EA0000001615
B1326505601271N00854686EA0000001616
B1326565601296N00854808EA0000001615
B1327035601357N00854725EA0000001626
B1327085601322N00854605EA0000001616
B1327135601237N00854566EA0000001607
B1327195601154N00854677EA0000001614
B1327245601162N00854790EA0000001629
B1327295601215N00854810EA0000001634
B1327355601260N00854702EA0000001637
B1327415601269N00854550EA0000001634
B1327475601279N00854394EA0000001626
B1327525601293N00854264EA0000001618
B1328015601316N00854024EA0000001620
B1328075601329N00853873EA0000001625
B1328125601338N00853752EA0000001619
B1328205601353N00853556EA0000001602
B1328265601372N00853417EA0000001600
B1328325601403N00853292EA0000001593
B1328375601452N00853212EA0000001591
B1328435601529N00853189EA0000001594
B1328505601619N00853199EA0000001585
B1328555601684N00853215EA0000001572
B1329015601763N00853241EA0000001573
B1329095601862N00853276EA0000001562
B1329145601924N00853301EA0000001571
B1329195601980N00853321EA0000001574
B1329245602034N00853285EA0000001568
B1329295602094N00853265EA0000001564
B1329345602153N00853320EA0000001561
B1329405602194N00853455EA0000001566
B1329455602212N00853577EA0000001558
B1329515602227N00853735EA0000001561
B1329595602237N00853933EA0000001574
B1330055602242N00854077EA0000001577
B1330115602248N00854216EA0000001583
B1330165602264N00854319EA0000001576
B1330215602276N00854437EA0000001571
B1330265602280N00854561EA0000001571
B1330325602285N00854717EA0000001568
B1330395602287N00854904EA0000001576
B1330445602290N00855032EA0000001583
B1330495602315N00855140EA0000001585
B1330545602376N00855167EA0000001585
B1330595602416N00855072EA0000001582
B1331055602366N00854948EA0000001588
B1331105602288N00854971EA0000001592
B1331155602253N00855094EA0000001593
B1331205602290N00855194EA0000001601
B1331265602357N00855155EA0000001597
B1331315602354N00855037EA0000001604
B1331365602290N00854990EA0000001610
B1331415602226N00855062EA0000001599
B1331465602218N00855199EA0000001603
B1331515602266N00855276EA0000001608
B1331565602333N00855289EA0000001599
B1332015602404N00855298EA0000001598
B1332075602486N00855319EA0000001584
B1332145602583N00855367EA0000001566
B1332195602649N00855408EA0000001579
B1332245602701N00855444EA0000001597
B1332305602763N00855487EA0000001595
B1332355602813N00855541EA0000001604
B1332405602859N00855615EA0000001608
B1332465602914N00855721EA0000001599
B1332515602955N00855806EA0000001605
B1332565602991N00855885EA0000001602
B1333015603028N00855969EA0000001597
B1333065603071N00856046EA0000001587
B1333115603132N00856079EA0000001580
B1333175603210N00856015EA0000001563
B1333225603268N00855914EA0000001554
B1333275603329N00855803EA0000001548
B1333335603364N00855656EA0000001566
B1333385603337N00855532EA0000001569
B1333435603265N00855488EA0000001579
B1333485603200N00855556EA0000001582
B1333535603190N00855688EA0000001579
B1333585603245N00855761EA0000001586
B1334045603310N00855686EA0000001587
B1334095603299N00855552EA0000001588
B1334145603228N00855492EA0000001596
B1334195603164N00855575EA0000001594
B1334245603175N00855708EA0000001599
B1334315603262N00855708EA0000001605
B1334365603276N00855586EA0000001603
B1334415603219N00855492EA0000001600
B1334465603138N00855536EA0000001604
B1334515603111N00855665EA0000001605
B1334565603159N00855755EA0000001604
B1335015603219N00855708EA0000001605
B1335065603217N00855578EA0000001604
B1335115603147N00855505EA0000001606
B1335165603071N00855550EA0000001613
B1335235602983N00855666EA0000001603
B1335295602892N00855744EA0000001598
B1335345602814N00855789EA0000001591
B1335405602716N00855818EA0000001586
B1335455602631N00855831EA0000001573
B1335505602546N00855844EA0000001573
B1335565602447N00855861EA0000001574
B1336025602352N00855858EA0000001580
B1336085602258N00855850EA0000001579
B1336145602164N00855835EA0000001579
B1336195602087N00855783EA0000001569
B1336245602029N00855680EA0000001555
B1336295601990N00855553EA0000001545
B1336355601952N00855403EA0000001539
B1336405601920N00855284EA0000001536
B1336455601888N00855162EA0000001531
B1336505601853N00855045EA0000001528
B1336565601806N00854902EA0000001520
B1337015601767N00854782EA0000001506
B1337065601728N00854655EA0000001496
B1337155601663N00854426EA0000001491
B1337215601627N00854281EA0000001488
B1337285601590N00854113EA0000001471
B1337355601552N00853928EA0000001458
B1337415601513N00853776EA0000001457
B1337465601483N00853652EA0000001451
B1337515601450N00853524EA0000001442
B1337585601402N00853349EA0000001439
B1338045601363N00853206EA0000001438
B1338115601315N00853048EA0000001416
B1338215601232N00852826EA0000001399
B1338265601185N00852712EA0000001398
B1338315601141N00852603EA0000001402
B1338365601094N00852505EA0000001408
B1338445601012N00852359EA0000001409
B1338555600916N00852123EA0000001408
B1339035600884N00851929EA0000001396
B1339095600875N00851771EA0000001385
B1339175600878N00851565EA0000001382
B1339235600877N00851410EA0000001381
B1339285600866N00851279EA0000001387
B1339335600858N00851156EA0000001388
B1339385600904N00851069EA0000001377
B1339435600966N00851102EA0000001370
B1339485600983N00851215EA0000001371
B1339545600951N00851350EA0000001364
B1340005600904N00851477EA0000001364
B1340055600869N00851580EA0000001362
B1340115600827N00851707EA0000001360
B1340205600779N00851920EA0000001337
B1340265600760N00852074EA0000001327
B1340335600742N00852255EA0000001331
B1340425600718N00852473EA0000001328
B1340495600697N00852630EA0000001336
B1340555600690N00852757EA0000001337
B1341005600703N00852853EA0000001328
B1341055600709N00852970EA0000001313
B1341105600697N00853094EA0000001309
B1341165600672N00853241EA0000001298
B1341215600650N00853358EA0000001292
B1341305600620N00853562EA0000001288
B1341385600593N00853738EA0000001287
B1341445600557N00853874EA0000001287
B1341495600525N00853982EA0000001298
B1341545600549N00854085EA0000001296
B1341595600611N00854076EA0000001297
B1342045600630N00853960EA0000001298
B1342095600578N00853868EA0000001299
B1342145600507N00853899EA0000001299
B1342195600487N00854018EA0000001302
B1342245600537N00854091EA0000001303
B1342305600592N00854004EA0000001304
B1342355600560N00853894EA0000001306
B1342405600488N00853888EA0000001305
B1342455600455N00853997EA0000001306
B1342505600502N00854073EA0000001307
B1342575600561N00853961EA0000001307
B1343025600519N00853854EA0000001308
B1343075600446N00853858EA0000001311
B1343125600414N00853963EA0000001313
B1343175600457N00854050EA0000001315
B1343245600516N00853949EA0000001318
B1343295600474N00853854EA0000001317
B1343345600403N00853877EA0000001318
B1343405600380N00854010EA0000001329
B1343465600446N00854064EA0000001325
B1343515600476N00853965EA0000001326
B1343575600419N00853857EA0000001331
B1344025600351N00853888EA0000001333
B1344075600329N00854001EA0000001342
B1344125600373N00854076EA0000001339
B1344205600435N00853961EA0000001336
B1344255600395N00853860EA0000001337
B1344305600324N00853857EA0000001340
B1344355600282N00853952EA0000001342
B1344405600305N00854061EA0000001342
B1344455600364N00854071EA0000001341
B1344515600389N00853940EA0000001339
B1344565600344N00853837EA0000001339
B1345015600273N00853801EA0000001344
B1345065600207N00853846EA0000001345
B1345115600184N00853961EA0000001343
B1345165600230N00854040EA0000001343
B1345225600289N00853961EA0000001344
B1345275600265N00853841EA0000001339
B1345325600194N00853801EA0000001346
B1345375600136N00853868EA0000001347
B1345425600135N00853984EA0000001342
B1345475600191N00854035EA0000001343
B1345545600235N00853907EA0000001341
B1345595600190N00853803EA0000001341
B1346045600118N00853793EA0000001343
B1346095600072N00853882EA0000001343
B1346145600088N00853993EA0000001333
B1346195600152N00854016EA0000001334
B1346245600191N00853927EA0000001335
B1346295600171N00853803EA0000001331
B1346345600111N00853729EA0000001336
B1346395600040N00853731EA0000001336
B1346445559988N00853809EA0000001339
B1346505559980N00853947EA0000001330
B1346575600040N00854059EA0000001323
B1347025600095N00854105EA0000001323
B1347085600168N00854104EA0000001322
B1347135600213N00854019EA0000001324
B1347185600186N00853907EA0000001326
B1347235600117N00853898EA0000001322
B1347285600074N00853993EA0000001318
B1347335600084N00854116EA0000001313
B1347395600113N00854268EA0000001309
B1347455600138N00854421EA0000001316
B1347505600151N00854547EA0000001319
B1347565600160N00854696EA0000001313
B1348055600201N00854914EA0000001303
B1348115600257N00855031EA0000001315
B1348165600308N00855111EA0000001317
B1348215600368N00855094EA0000001316
B1348275600377N00854960EA0000001310
B1348325600319N00854894EA0000001301
B1348375600252N00854950EA0000001297
B1348425600241N00855073EA0000001299
B1348475600279N00855177EA0000001295
B1348545600351N00855289EA0000001303
B1348595600404N00855356EA0000001297
B1349065600481N00855458EA0000001284
B1349125600542N00855558EA0000001279
B1349195600602N00855675EA0000001276
B1349265600660N00855790EA0000001265
B1349355600743N00855933EA0000001249
B1349435600816N00856073EA0000001237
B1349505600876N00856203EA0000001232
B1349565600925N00856312EA0000001225
B1350015600967N00856406EA0000001223
B1350105601046N00856558EA0000001237
B1350155601100N00856597EA0000001243
B1350205601144N00856535EA0000001249
B1350255601124N00856422EA0000001252
B1350305601052N00856392EA0000001259
B1350355601005N00856490EA0000001261
B1350405601028N00856602EA0000001263
B1350455601085N00856608EA0000001266
B1350505601101N00856507EA0000001274
B1350555601047N00856428EA0000001280
B1351015600974N00856504EA0000001287
B1351065600985N00856626EA0000001287
B1351115601042N00856655EA0000001294
B1351165601071N00856571EA0000001297
B1351225601022N00856460EA0000001301
B1351275600951N00856485EA0000001312
B1351325600927N00856602EA0000001312
B1351385600979N00856693EA0000001318
B1351445601020N00856608EA0000001321
B1351495600976N00856509EA0000001320
B1351545600899N00856541EA0000001328
B1351595600887N00856666EA0000001333
B1352045600939N00856715EA0000001337
B1352095600970N00856632EA0000001342
B1352145600925N00856536EA0000001341
B1352195600848N00856562EA0000001346
B1352245600829N00856685EA0000001352
B1352295600877N00856752EA0000001353
B1352355600920N00856665EA0000001360
B1352405600883N00856565EA0000001358
B1352455600803N00856573EA0000001362
B1352505600767N00856690EA0000001367
B1352555600799N00856791EA0000001367
B1353005600853N00856772EA0000001370
B1353055600854N00856667EA0000001371
B1353105600789N00856603EA0000001374
B1353155600722N00856662EA0000001375
B1353205600712N00856787EA0000001377
B1353255600756N00856861EA0000001376
B1353305600804N00856820EA0000001377
B1353355600798N00856714EA0000001377
B1353405600735N00856651EA0000001373
B1353455600663N00856705EA0000001375
B1353505600642N00856832EA0000001375
B1353555600678N00856930EA0000001376
B1354005600731N00856915EA0000001373
B1354055600745N00856820EA0000001369
B1354105600698N00856732EA0000001364
B1354155600622N00856748EA0000001366
B1354205600584N00856865EA0000001362
B1354255600608N00856981EA0000001365
B1354305600661N00856986EA0000001359
B1354355600680N00856892EA0000001349
B1354405600636N00856803EA0000001350
B1354475600539N00856759EA0000001350
B1354575600391N00856701EA0000001341
B1355025600322N00856656EA0000001337
B1355095600226N00856586EA0000001335
B1355165600137N00856496EA0000001329
B1355225600069N00856402EA0000001325
B1355305559977N00856280EA0000001321
B1355375559896N00856170EA0000001316
B1355425559841N00856088EA0000001311
B1355485559774N00855989EA0000001300
B1355535559724N00855899EA0000001302
B1355585559681N00855813EA0000001301
B1356035559639N00855721EA0000001292
B1356095559596N00855595EA0000001285
B1356145559563N00855486EA0000001282
B1356195559533N00855378EA0000001278
B1356265559496N00855224EA0000001268
B1356335559463N00855068EA0000001252
B1356425559420N00854867EA0000001235
B1356475559396N00854760EA0000001229
B1356525559373N00854653EA0000001218
B1356595559340N00854494EA0000001220
B1357045559320N00854384EA0000001219
B1357105559299N00854250EA0000001212
B1357155559287N00854130EA0000001202
B1357215559285N00853988EA0000001207
B1357265559293N00853875EA0000001211
B1357335559310N00853700EA0000001217
B1357395559319N00853550EA0000001230
B1357445559296N00853433EA0000001242
B1357495559232N00853380EA0000001250
B1357545559173N00853445EA0000001252
B1357595559186N00853561EA0000001256
B1358045559250N00853574EA0000001265
B1358095559283N00853461EA0000001278
B1358145559239N00853361EA0000001290
B1358195559168N00853392EA0000001294
B1358245559160N00853502EA0000001302
B1358295559219N00853532EA0000001299
B1358345559249N00853420EA0000001311
B1358395559195N00853341EA0000001321
B1358445559137N00853408EA0000001320
B1358495559157N00853514EA0000001329
B1358545559215N00853488EA0000001333
B1358595559211N00853367EA0000001339
B1359045559144N00853327EA0000001343
B1359095559097N00853416EA0000001342
B1359145559127N00853518EA0000001350
B1359195559186N00853499EA0000001359
B1359245559190N00853378EA0000001360
B1359295559125N00853321EA0000001363
B1359345559076N00853408EA0000001369
B1359395559105N00853506EA0000001373
B1359445559163N00853482EA0000001377
B1359495559168N00853366EA0000001385
B1359545559108N00853296EA0000001387
B1359595559044N00853340EA0000001389
B1400045559036N00853464EA0000001389
B1400095559085N00853523EA0000001397
B1400145559132N00853462EA0000001399
B1400195559119N00853337EA0000001398
B1400245559045N00853301EA0000001402
B1400295558997N00853397EA0000001406
B1400345559021N00853505EA0000001410
B1400395559081N00853512EA0000001412
B1400445559113N00853413EA0000001416
B1400495559077N00853299EA0000001423
B1400545559004N00853293EA0000001427
B1401015558975N00853447EA0000001434
B1401065559027N00853495EA0000001434
B1401155559053N00853315EA0000001442
B1401205558982N00853286EA0000001445
B1401255558940N00853385EA0000001449
B1401305558972N00853479EA0000001454
B1401355559027N00853460EA0000001458
B1401405559038N00853350EA0000001463
B1401465558966N00853276EA0000001466
B1401515558907N00853350EA0000001470
B1401565558915N00853463EA0000001472
B1402015558973N00853492EA0000001472
B1402085559000N00853359EA0000001482
B1402135558939N00853295EA0000001481
B1402185558875N00853357EA0000001486
B1402235558876N00853476EA0000001484
B1402285558933N00853520EA0000001486
B1402355558970N00853382EA0000001497
B1402405558913N00853306EA0000001505
B1402455558851N00853374EA0000001506
B1402515558881N00853498EA0000001507
B1402565558939N00853461EA0000001508
B1403015558935N00853344EA0000001520
B1403065558866N00853304EA0000001527
B1403115558818N00853395EA0000001528
B1403165558841N00853505EA0000001529
B1403215558902N00853499EA0000001535
B1403265558913N00853391EA0000001547
B1403315558852N00853336EA0000001550
B1403365558795N00853418EA0000001548
B1403415558815N00853531EA0000001558
B1403465558874N00853518EA0000001555
B1403515558880N00853404EA0000001564
B1403575558804N00853357EA0000001576
B1404025558767N00853459EA0000001572
B1404075558806N00853547EA0000001587
B1404125558858N00853507EA0000001583
B1404175558845N00853392EA0000001588
B1404225558771N00853370EA0000001592
B1404275558734N00853470EA0000001602
B1404325558775N00853558EA0000001606
B1404375558835N00853531EA0000001610
B1404425558839N00853415EA0000001622
B1404475558778N00853355EA0000001620
B1404555558704N00853483EA0000001636
B1405005558744N00853570EA0000001639
B1405055558802N00853534EA0000001642
B1405115558781N00853400EA0000001650
B1405165558714N00853348EA0000001653
B1405225558631N00853297EA0000001663
B1405275558563N00853244EA0000001660
B1405335558478N00853188EA0000001660
B1405415558356N00853215EA0000001651
B1405485558255N00853271EA0000001649
B1405545558167N00853315EA0000001644
B1406005558078N00853353EA0000001640
B1406055558005N00853375EA0000001644
B1406145557875N00853424EA0000001638
B1406195557819N00853513EA0000001633
B1406245557811N00853643EA0000001625
B1406315557884N00853750EA0000001619
B1406375557949N00853830EA0000001619
B1406425558001N00853899EA0000001618
B1406475558056N00853950EA0000001614
B1406535558126N00853986EA0000001611
B1407005558211N00854010EA0000001607
B1407075558294N00854024EA0000001608
B1407135558367N00854045EA0000001603
B1407195558435N00854069EA0000001601
B1407245558496N00854084EA0000001598
B1407305558569N00854106EA0000001595
B1407355558625N00854123EA0000001594
B1407435558713N00854160EA0000001587
B1407515558800N00854221EA0000001584
B1407565558851N00854273EA0000001581
B1408015558904N00854317EA0000001580
B1408085558987N00854302EA0000001581
B1408155559062N00854266EA0000001578
B1408215559119N00854206EA0000001582
B1408265559155N00854132EA0000001580
B1408385559172N00853879EA0000001577
B1408435559163N00853768EA0000001572
B1408485559146N00853657EA0000001571
B1408545559103N00853540EA0000001580
B1409025559007N00853454EA0000001591
B1409095558906N00853461EA0000001585
B1409145558835N00853500EA0000001585
B1409195558764N00853543EA0000001577
B1409255558672N00853570EA0000001566
B1409325558562N00853586EA0000001561
B1409385558470N00853596EA0000001557
B1409475558336N00853602EA0000001551
B1409535558254N00853616EA0000001561
B1409595558173N00853628EA0000001554
B1410045558112N00853573EA0000001547
B1410105558090N00853433EA0000001547
B1410195558092N00853227EA0000001541
B1410285558100N00853015EA0000001525
B1410355558106N00852850EA0000001520
B1410485558108N00852550EA0000001530
B1410535558108N00852436EA0000001533
B1410585558068N00852330EA0000001531
B1411035557992N00852298EA0000001528
B1411085557926N00852362EA0000001525
B1411135557912N00852473EA0000001527
B1411215557982N00852577EA0000001522
B1411265558036N00852612EA0000001523
B1411315558091N00852587EA0000001524
B1411365558106N00852472EA0000001527
B1411415558042N00852389EA0000001530
B1411465557969N00852445EA0000001532
B1411515557962N00852565EA0000001535
B1411565558013N00852617EA0000001533
B1412015558059N00852540EA0000001537
B1412065558035N00852416EA0000001541
B1412115557957N00852383EA0000001541
B1412165557899N00852469EA0000001545
B1412215557909N00852578EA0000001541
B1412275557979N00852582EA0000001539
B1412325558009N00852477EA0000001546
B1412375557983N00852361EA0000001548
B1412425557910N00852314EA0000001548
B1412475557843N00852380EA0000001547
B1412525557837N00852493EA0000001547
B1412575557878N00852563EA0000001542
B1413045557964N00852569EA0000001540
B1413115558044N00852590EA0000001545
B1413165558096N00852604EA0000001538
B1413225558165N00852629EA0000001533
B1413275558221N00852651EA0000001535
B1413325558274N00852689EA0000001542
B1413375558326N00852723EA0000001549
B1413445558398N00852677EA0000001546
B1413495558454N00852628EA0000001550
B1413565558495N00852497EA0000001554
B1414015558452N00852388EA0000001554
B1414065558372N00852372EA0000001562
B1414115558321N00852453EA0000001571
B1414185558351N00852580EA0000001565
B1414235558409N00852563EA0000001569
B1414295558429N00852423EA0000001569
B1414345558370N00852340EA0000001579
B1414395558301N00852380EA0000001581
B1414445558287N00852491EA0000001580
B1414505558348N00852541EA0000001580
B1414565558388N00852439EA0000001583
B1415015558354N00852328EA0000001588
B1415065558282N00852292EA0000001594
B1415115558215N00852354EA0000001586
B1415165558201N00852467EA0000001584
B1415215558237N00852556EA0000001574
B1415265558290N00852630EA0000001573
B1415315558343N00852711EA0000001571
B1415385558407N00852847EA0000001578
B1415435558449N00852944EA0000001583
B1415485558490N00853042EA0000001586
B1415535558538N00853124EA0000001593
B1415585558601N00853127EA0000001590
B1416035558633N00853032EA0000001588
B1416085558599N00852935EA0000001584
B1416135558523N00852940EA0000001591
B1416185558479N00853045EA0000001600
B1416235558499N00853170EA0000001605
B1416285558563N00853193EA0000001597
B1416335558593N00853087EA0000001588
B1416385558544N00852995EA0000001599
B1416435558473N00853009EA0000001605
B1416485558431N00853120EA0000001604
B1416535558447N00853250EA0000001606
B1416595558516N00853294EA0000001603
B1417045558548N00853199EA0000001589
B1417115558558N00853024EA0000001583
B1417165558572N00852907EA0000001590
B1417215558586N00852789EA0000001576
B1417305558607N00852560EA0000001559
B1417365558617N00852411EA0000001559
B1417435558624N00852238EA0000001556
B1417505558631N00852052EA0000001548
B1417575558639N00851862EA0000001541
B1418025558638N00851726EA0000001531
B1418075558636N00851593EA0000001524
B1418135558633N00851434EA0000001514
B1418225558634N00851205EA0000001504
B1418275558641N00851085EA0000001496
B1418345558674N00850926EA0000001490
B1418415558721N00850793EA0000001490
B1418475558764N00850678EA0000001485
B1418545558824N00850553EA0000001476
B1418595558887N00850525EA0000001468
B1419045558943N00850593EA0000001455
B1419105558968N00850739EA0000001456
B1419165558966N00850893EA0000001447
B1419225558961N00851042EA0000001450
B1419275558958N00851164EA0000001458
B1419325558969N00851281EA0000001460
B1419385559034N00851326EA0000001443
B1419435559072N00851239EA0000001437
B1419505559031N00851095EA0000001440
B1419565558952N00851020EA0000001446
B1420015558883N00850967EA0000001453
B1420105558816N00850775EA0000001455
B1420155558753N00850715EA0000001439
B1420205558693N00850780EA0000001430
B1420275558704N00850950EA0000001430
B1420325558741N00851046EA0000001434
B1420375558791N00851106EA0000001439
B1420425558840N00851066EA0000001449
B1420475558835N00850956EA0000001456
B1420525558765N00850911EA0000001459
B1420575558710N00850996EA0000001454
B1421025558723N00851118EA0000001451
B1421085558789N00851176EA0000001458
B1421145558844N00851105EA0000001467
B1421195558825N00850998EA0000001464
B1421245558750N00850968EA0000001474
B1421295558708N00851072EA0000001482
B1421345558743N00851162EA0000001486
B1421395558794N00851124EA0000001485
B1421445558789N00851009EA0000001484
B1421495558718N00850949EA0000001491
B1421545558656N00851023EA0000001499
B1421595558658N00851150EA0000001501
B1422045558709N00851191EA0000001505
B1422095558749N00851113EA0000001504
B1422145558726N00851005EA0000001512
B1422195558653N00850982EA0000001518
B1422245558601N00851074EA0000001521
B1422295558619N00851192EA0000001520
B1422345558675N00851206EA0000001521
B1422395558699N00851109EA0000001521
B1422445558661N00851007EA0000001527
B1422495558586N00850996EA0000001533
B1422545558539N00851102EA0000001533
B1422595558568N00851206EA0000001533
B1423045558623N00851182EA0000001532
B1423095558621N00851068EA0000001535
B1423145558551N00851020EA0000001546
B1423195558486N00851095EA0000001551
B1423245558492N00851219EA0000001547
B1423295558548N00851237EA0000001542
B1423355558559N00851103EA0000001542
B1423425558477N00850990EA0000001553
B1423475558401N00851005EA0000001544
B1423525558353N00851107EA0000001539
B1423595558347N00851281EA0000001520
B1424065558302N00851441EA0000001522
B1424115558258N00851521EA0000001517
B1424175558186N00851582EA0000001507
B1424225558124N00851623EA0000001516
B1424275558082N00851697EA0000001515
B1424325558101N00851792EA0000001513
B1424375558160N00851790EA0000001516
B1424435558173N00851644EA0000001525
B1424485558106N00851557EA0000001520
B1424535558036N00851601EA0000001529
B1424585558028N00851710EA0000001530
B1425035558080N00851756EA0000001520
B1425085558128N00851663EA0000001526
B1425145558110N00851492EA0000001529
B1425195558040N00851414EA0000001531
B1425245557959N00851418EA0000001534
B1425295557880N00851441EA0000001539
B1425345557805N00851481EA0000001544
B1425395557761N00851580EA0000001541
B1425445557798N00851676EA0000001551
B1425495557860N00851646EA0000001550
B1425545557868N00851511EA0000001547
B1425595557811N00851405EA0000001549
B1426045557732N00851385EA0000001557
B1426095557679N00851462EA0000001556
B1426145557691N00851570EA0000001544
B1426195557753N00851592EA0000001543
B1426275557826N00851445EA0000001540
B1426335557856N00851299EA0000001539
B1426385557871N00851175EA0000001547
B1426435557886N00851043EA0000001550
B1426485557909N00850917EA0000001540
B1426535557911N00850778EA0000001530
B1426585557856N00850686EA0000001530
B1427035557780N00850694EA0000001519
B1427095557714N00850790EA0000001506
B1427165557652N00850922EA0000001493
B1427225557612N00851042EA0000001488
B1427285557571N00851169EA0000001484
B1427335557535N00851272EA0000001495
B1427385557514N00851379EA0000001492
B1427435557539N00851476EA0000001489
B1427485557600N00851481EA0000001494
B1427575557631N00851277EA0000001473
B1428025557561N00851217EA0000001473
B1428095557474N00851308EA0000001474
B1428165557405N00851446EA0000001469
B1428215557355N00851546EA0000001475
B1428275557299N00851661EA0000001477
B1428325557229N00851708EA0000001480
B1428375557157N00851668EA0000001480
B1428425557124N00851554EA0000001478
B1428475557152N00851447EA0000001475
B1428525557209N00851436EA0000001475
B1428585557256N00851535EA0000001473
B1429035557245N00851657EA0000001476
B1429085557191N00851745EA0000001480
B1429145557100N00851729EA0000001477
B1429195557060N00851619EA0000001476
B1429245557076N00851502EA0000001474
B1429295557133N00851465EA0000001471
B1429355557186N00851558EA0000001470
B1429405557183N00851684EA0000001477
B1429455557136N00851782EA0000001482
B1429505557060N00851800EA0000001474
B1429555556997N00851718EA0000001476
B1430005556989N00851596EA0000001473
B1430055557035N00851510EA0000001471
B1430135557133N00851478EA0000001471
B1430205557222N00851477EA0000001481
B1430255557280N00851498EA0000001479
B1430315557351N00851549EA0000001487
B1430365557403N00851510EA0000001502
B1430415557409N00851393EA0000001499
B1430475557339N00851277EA0000001497
B1430525557256N00851311EA0000001497
B1430585557231N00851458EA0000001501
B1431035557278N00851529EA0000001501
B1431095557343N00851473EA0000001511
B1431145557332N00851348EA0000001513
B1431195557253N00851302EA0000001512
B1431245557195N00851398EA0000001516
B1431295557219N00851505EA0000001516
B1431345557274N00851489EA0000001524
B1431405557279N00851349EA0000001530
B1431465557193N00851268EA0000001526
B1431515557126N00851350EA0000001530
B1431565557137N00851468EA0000001528
B1432015557196N00851507EA0000001527
B1432105557304N00851472EA0000001544
B1432155557361N00851442EA0000001535
B1432215557435N00851400EA0000001519
B1432265557501N00851365EA0000001518
B1432325557575N00851326EA0000001518
B1432375557637N00851304EA0000001518
B1432435557712N00851289EA0000001518
B1432485557773N00851288EA0000001515
B1432535557819N00851357EA0000001515
B1432585557813N00851472EA0000001516
B1433035557751N00851538EA0000001521
B1433095557672N00851480EA0000001519
B1433145557657N00851358EA0000001522
B1433195557701N00851276EA0000001520
B1433245557762N00851301EA0000001518
B1433305557773N00851429EA0000001523
B1433355557721N00851513EA0000001525
B1433405557648N00851506EA0000001522
B1433465557596N00851386EA0000001528
B1433515557612N00851272EA0000001529
B1433575557684N00851238EA0000001521
B1434025557724N00851330EA0000001520
B1434085557693N00851461EA0000001527
B1434135557622N00851480EA0000001529
B1434195557557N00851386EA0000001532
B1434245557550N00851267EA0000001534
B1434295557591N00851180EA0000001529
B1434345557654N00851169EA0000001525
B1434395557702N00851237EA0000001520
B1434445557740N00851336EA0000001508
B1434505557779N00851469EA0000001503
B1434565557808N00851614EA0000001497
B1435055557837N00851844EA0000001489
B1435125557852N00852025EA0000001484
B1435175557841N00852152EA0000001487
B1435235557802N00852289EA0000001479
B1435305557747N00852447EA0000001478
B1435355557707N00852555EA0000001478
B1435405557662N00852658EA0000001480
B1435455557614N00852751EA0000001484
B1435505557567N00852846EA0000001487
B1435565557547N00852983EA0000001490
B1436015557595N00853042EA0000001491
B1436065557642N00852972EA0000001493
B1436115557622N00852852EA0000001493
B1436175557538N00852836EA0000001497
B1436235557511N00852977EA0000001495
B1436295557572N00853033EA0000001496
B1436345557608N00852932EA0000001496
B1436395557566N00852826EA0000001496
B1436445557491N00852851EA0000001490
B1436505557475N00853001EA0000001494
B1436555557531N00853043EA0000001496
B1437025557565N00852890EA0000001495
B1437075557501N00852814EA0000001497
B1437125557433N00852870EA0000001495
B1437175557422N00852993EA0000001497
B1437235557488N00853032EA0000001500
B1437305557506N00852873EA0000001501
B1437355557442N00852811EA0000001499
B1437405557377N00852877EA0000001500
B1437455557369N00852992EA0000001503
B1437505557414N00853055EA0000001506
B1437555557463N00853001EA0000001501
B1438005557458N00852879EA0000001501
B1438055557395N00852815EA0000001502
B1438105557329N00852860EA0000001497
B1438155557312N00852981EA0000001497
B1438205557352N00853061EA0000001503
B1438255557405N00853054EA0000001501
B1438315557462N00852964EA0000001488
B1438365557529N00852944EA0000001478
B1438415557598N00852985EA0000001472
B1438465557663N00853050EA0000001469
B1438565557786N00853192EA0000001462
B1439015557846N00853263EA0000001460
B1439065557902N00853331EA0000001456
B1439135557979N00853430EA0000001447
B1439245558097N00853600EA0000001422
B1439305558163N00853692EA0000001414
B1439395558265N00853822EA0000001396
B1439445558320N00853890EA0000001394
B1439495558371N00853954EA0000001414
B1439545558424N00853967EA0000001419
B1440015558452N00853822EA0000001426
B1440065558391N00853750EA0000001425
B1440115558326N00853816EA0000001429
B1440165558331N00853932EA0000001434
B1440215558386N00853958EA0000001443
B1440265558419N00853863EA0000001445
B1440315558386N00853746EA0000001448
B1440365558312N00853745EA0000001448
B1440415558279N00853853EA0000001456
B1440465558315N00853935EA0000001461
B1440515558368N00853902EA0000001468
B1440575558372N00853761EA0000001466
B1441025558309N00853689EA0000001469
B1441075558243N00853738EA0000001467
B1441125558236N00853853EA0000001473
B1441175558285N00853894EA0000001475
B1441225558324N00853809EA0000001477
B1441275558296N00853688EA0000001477
B1441325558225N00853658EA0000001479
B1441375558171N00853742EA0000001477
B1441435558195N00853862EA0000001479
B1441485558251N00853852EA0000001483
B1441535558277N00853747EA0000001485
B1441585558242N00853634EA0000001483
B1442035558170N00853617EA0000001483
B1442085558122N00853708EA0000001481
B1442135558142N00853806EA0000001483
B1442185558198N00853806EA0000001481
B1442235558229N00853706EA0000001480
B1442285558197N00853590EA0000001479
B1442335558126N00853565EA0000001477
B1442385558070N00853649EA0000001470
B1442465558078N00853829EA0000001470
B1442535558118N00853969EA0000001472
B1442585558150N00854065EA0000001474
B1443035558184N00854152EA0000001478
B1443085558237N00854177EA0000001480
B1443135558280N00854104EA0000001483
B1443185558265N00853981EA0000001486
B1443235558196N00853919EA0000001483
B1443285558125N00853974EA0000001476
B1443385558104N00854206EA0000001480
B1443435558150N00854270EA0000001482
B1443485558202N00854216EA0000001483
B1443545558188N00854068EA0000001488
B1443595558118N00854009EA0000001489
B1444045558047N00854063EA0000001489
B1444095558027N00854183EA0000001488
B1444145558065N00854275EA0000001487
B1444195558127N00854278EA0000001488
B1444245558153N00854169EA0000001491
B1444295558101N00854068EA0000001493
B1444345558025N00854088EA0000001493
B1444395557989N00854199EA0000001494
B1444445558015N00854304EA0000001493
B1444495558074N00854318EA0000001494
B1444545558108N00854222EA0000001496
B1444595558077N00854107EA0000001499
B1445045558005N00854077EA0000001498
B1445095557948N00854155EA0000001496
B1445145557940N00854273EA0000001500
B1445195557982N00854352EA0000001497
B1445245558039N00854326EA0000001500
B1445305558041N00854185EA0000001500
B1445355557972N00854117EA0000001495
B1445405557901N00854168EA0000001499
B1445455557881N00854286EA0000001500
B1445505557920N00854377EA0000001498
B1445555557979N00854350EA0000001500
B1446025557967N00854188EA0000001506
B1446075557891N00854156EA0000001500
B1446125557833N00854241EA0000001503
B1446175557826N00854364EA0000001502
B1446225557838N00854493EA0000001497
B1446275557853N00854626EA0000001495
B1446335557872N00854786EA0000001490
B1446395557889N00854950EA0000001486
B1446465557896N00855150EA0000001483
B1446545557902N00855372EA0000001479
B1447045557902N00855654EA0000001459
B1447145557901N00855929EA0000001449
B1447225557887N00856144EA0000001442
B1447275557878N00856278EA0000001437
B1447325557867N00856412EA0000001427
B1447385557847N00856572EA0000001418
B1447445557826N00856727EA0000001414
B1447515557807N00856902EA0000001414
B1447595557785N00857105EA0000001409
B1448075557759N00857310EA0000001413
B1448125557743N00857440EA0000001411
B1448205557737N00857647EA0000001427
B1448255557786N00857713EA0000001439
B1448305557837N00857647EA0000001437
B1448365557808N00857500EA0000001438
B1448415557728N00857485EA0000001441
B1448465557675N00857589EA0000001449
B1448515557697N00857713EA0000001454
B1448565557759N00857710EA0000001469
B1449015557773N00857597EA0000001475
B1449065557715N00857521EA0000001481
B1449115557648N00857578EA0000001489
B1449165557642N00857707EA0000001488
B1449215557700N00857756EA0000001501
B1449275557731N00857631EA0000001511
B1449325557672N00857555EA0000001518
B1449375557609N00857621EA0000001526
B1449425557611N00857748EA0000001524
B1449475557670N00857788EA0000001538
B1449525557706N00857702EA0000001544
B1449575557676N00857590EA0000001548
B1450025557604N00857582EA0000001555
B1450075557566N00857691EA0000001555
B1450135557610N00857815EA0000001560
B1450185557672N00857787EA0000001569
B1450245557673N00857642EA0000001573
B1450295557603N00857600EA0000001579
B1450345557547N00857687EA0000001582
B1450395557560N00857819EA0000001576
B1450445557628N00857850EA0000001586
B1450495557669N00857755EA0000001597
B1450545557641N00857641EA0000001599
B1450595557568N00857621EA0000001602
B1451045557514N00857713EA0000001606
B1451095557524N00857842EA0000001605
B1451145557587N00857876EA0000001610
B1451195557622N00857775EA0000001614
B1451245557579N00857668EA0000001617
B1451305557496N00857712EA0000001623
B1451355557490N00857848EA0000001618
B1451405557550N00857903EA0000001623
B1451455557591N00857815EA0000001630
B1451505557554N00857709EA0000001627
B1451555557480N00857707EA0000001636
B1452005557436N00857813EA0000001630
B1452055557463N00857935EA0000001629
B1452105557527N00857935EA0000001631
B1452155557537N00857817EA0000001635
B1452205557476N00857746EA0000001631
B1452255557407N00857799EA0000001634
B1452305557383N00857923EA0000001633
B1452355557424N00858020EA0000001637
B1452405557480N00858001EA0000001638
B1452455557494N00857893EA0000001637
B1452505557441N00857807EA0000001626
B1452555557369N00857847EA0000001626
B1453005557353N00857978EA0000001624
B1453065557404N00858098EA0000001622
B1453115557458N00858181EA0000001618
B1453175557527N00858279EA0000001611
B1453255557617N00858411EA0000001607
B1453335557698N00858559EA0000001596
B1453385557750N00858652EA0000001587
B1453475557836N00858840EA0000001575
B1453545557900N00858989EA0000001564
B1454045557973N00859220EA0000001556
B1454095558003N00859339EA0000001550
B1454145558031N00859458EA0000001542
B1454195558060N00859579EA0000001538
B1454255558087N00859727EA0000001531
B1454315558111N00859876EA0000001524
B1454405558198N00900024EA0000001518
B1454455558260N00900047EA0000001516
B1454505558320N00900070EA0000001507
B1454555558377N00900125EA0000001501
B1455005558429N00900194EA0000001493
B1455065558490N00900281EA0000001483
B1455135558562N00900380EA0000001468
B1455245558684N00900537EA0000001449
B1455315558771N00900601EA0000001448
B1455365558832N00900618EA0000001457
B1455415558892N00900624EA0000001457
B1455465558943N00900690EA0000001458
B1455515558943N00900811EA0000001457
B1456025558795N00900885EA0000001452
B1456075558740N00900807EA0000001457
B1456125558735N00900686EA0000001458
B1456175558779N00900607EA0000001451
B1456225558839N00900621EA0000001451
B1456275558873N00900721EA0000001453
B1456325558865N00900846EA0000001452
B1456375558811N00900932EA0000001450
B1456425558738N00900955EA0000001450
B1456475558670N00900905EA0000001451
B1456525558645N00900783EA0000001452
B1456575558672N00900671EA0000001453
B1457025558730N00900640EA0000001448
B1457075558780N00900712EA0000001449
B1457125558779N00900838EA0000001451
B1457175558720N00900914EA0000001458
B1457225558651N00900870EA0000001462
B1457275558629N00900747EA0000001462
B1457325558659N00900637EA0000001462
B1457375558720N00900615EA0000001465
B1457425558771N00900695EA0000001466
B1457475558772N00900828EA0000001470
B1457525558714N00900906EA0000001479
B1457575558646N00900861EA0000001480
B1458035558630N00900720EA0000001487
B1458085558679N00900643EA0000001488
B1458135558746N00900681EA0000001496
B1458185558767N00900806EA0000001497
B1458235558725N00900920EA0000001502
B1458285558652N00900934EA0000001506
B1458335558598N00900850EA0000001510
B1458385558597N00900726EA0000001515
B1458435558651N00900655EA0000001518
B1458485558712N00900708EA0000001524
B1458535558721N00900835EA0000001526
B1458585558665N00900920EA0000001529
B1459035558593N00900889EA0000001531
B1459085558562N00900775EA0000001538
B1459135558593N00900673EA0000001545
B1459185558657N00900673EA0000001548
B1459235558696N00900779EA0000001547
B1459285558672N00900907EA0000001547
B1459335558603N00900952EA0000001549
B1459385558538N00900895EA0000001551
B1459455558524N00900732EA0000001555
B1459505558574N00900664EA0000001561
B1459555558636N00900705EA0000001562
B1500015558655N00900856EA0000001561
B1500075558589N00900956EA0000001561
B1500135558510N00900897EA0000001562
B1500185558482N00900784EA0000001564
B1500235558507N00900676EA0000001568
B1500285558572N00900652EA0000001567
B1500335558630N00900736EA0000001567
B1500385558630N00900873EA0000001566
B1500435558573N00900959EA0000001565
B1500485558502N00900935EA0000001567
B1500575558423N00900754EA0000001569
B1501035558395N00900610EA0000001576
B1501095558321N00900513EA0000001565
B1501145558263N00900416EA0000001553
B1501225558217N00900184EA0000001540
B1501305558174N00859949EA0000001537
B1501395558116N00859704EA0000001527
B1501465558070N00859518EA0000001522
B1501525558030N00859362EA0000001517
B1501585557987N00859206EA0000001513
B1502055557934N00859023EA0000001507
B1502105557895N00858894EA0000001504
B1502185557833N00858685EA0000001497
B1502235557797N00858557EA0000001495
B1502325557734N00858325EA0000001488
B1502385557687N00858179EA0000001486
B1502455557634N00858016EA0000001488
B1502505557599N00857907EA0000001497
B1502555557567N00857797EA0000001505
B1503005557509N00857725EA0000001508
B1503055557440N00857775EA0000001501
B1503105557427N00857907EA0000001492
B1503155557478N00857987EA0000001482
B1503205557535N00857936EA0000001487
B1503255557556N00857827EA0000001498
B1503315557546N00857689EA0000001508
B1503365557492N00857621EA0000001510
B1503415557424N00857656EA0000001504
B1503475557397N00857797EA0000001493
B1503525557448N00857874EA0000001475
B1503575557508N00857820EA0000001475
B1504045557553N00857674EA0000001486
B1504105557583N00857547EA0000001484
B1504155557607N00857432EA0000001467
B1504205557639N00857317EA0000001455
B1504255557668N00857202EA0000001445
B1504315557669N00857042EA0000001440
B1504365557659N00856915EA0000001436
B1504415557646N00856791EA0000001429
B1504485557626N00856612EA0000001418
B1504535557612N00856490EA0000001416
B1505005557622N00856322EA0000001410
B1505055557650N00856217EA0000001413
B1505115557696N00856109EA0000001423
B1505165557734N00856026EA0000001436
B1505225557735N00855884EA0000001422
B1505305557768N00855697EA0000001419
B1505355557817N00855620EA0000001417
B1505405557872N00855561EA0000001419
B1505455557926N00855513EA0000001420
B1505515557999N00855449EA0000001413
B1505575558071N00855385EA0000001421
B1506025558128N00855335EA0000001424
B1506105558222N00855279EA0000001436
B1506155558277N00855231EA0000001445
B1506215558288N00855097EA0000001454
B1506265558228N00855022EA0000001453
B1506315558159N00855072EA0000001447
B1506365558148N00855199EA0000001454
B1506415558187N00855293EA0000001460
B1506465558250N00855293EA0000001467
B1506515558270N00855180EA0000001476
B1506565558215N00855093EA0000001478
B1507015558145N00855135EA0000001484
B1507065558134N00855254EA0000001487
B1507115558184N00855323EA0000001496
B1507165558234N00855261EA0000001501
B1507215558217N00855141EA0000001506
B1507265558145N00855108EA0000001513
B1507315558093N00855194EA0000001522
B1507365558100N00855305EA0000001526
B1507425558167N00855349EA0000001538
B1507475558202N00855255EA0000001536
B1507525558164N00855139EA0000001543
B1507575558093N00855144EA0000001551
B1508025558064N00855257EA0000001555
B1508075558106N00855338EA0000001564
B1508125558162N00855296EA0000001566
B1508175558170N00855171EA0000001571
B1508225558120N00855075EA0000001569
B1508275558044N00855086EA0000001574
B1508325558010N00855195EA0000001579
B1508375558051N00855276EA0000001583
B1508425558105N00855223EA0000001585
B1508475558092N00855096EA0000001582
B1508535558004N00855050EA0000001590
B1508585557946N00855123EA0000001596
B1509035557958N00855228EA0000001601
B1509085558018N00855228EA0000001605
B1509135558035N00855117EA0000001605
B1509185557980N00855030EA0000001604
B1509235557911N00855069EA0000001609
B1509285557897N00855182EA0000001611
B1509335557949N00855234EA0000001612
B1509385557991N00855140EA0000001611
B1509435557965N00855019EA0000001614
B1509485557892N00854987EA0000001610
B1509535557837N00855072EA0000001616
B1509585557849N00855181EA0000001617
B1510035557910N00855192EA0000001621
B1510085557943N00855086EA0000001618
B1510135557907N00854970EA0000001617
B1510185557833N00854947EA0000001620
B1510235557773N00855010EA0000001625
B1510295557751N00855133EA0000001627
B1510345557799N00855188EA0000001622
B1510395557842N00855098EA0000001627
B1510445557805N00854984EA0000001626
B1510495557730N00854979EA0000001627
B1510555557666N00855095EA0000001622
B1511005557626N00855217EA0000001622
B1511055557585N00855333EA0000001630
B1511115557531N00855456EA0000001629
B1511175557475N00855583EA0000001623
B1511225557427N00855688EA0000001637
B1511275557388N00855793EA0000001645
B1511325557397N00855912EA0000001646
B1511385557467N00855933EA0000001649
B1511435557476N00855817EA0000001652
B1511485557409N00855749EA0000001654
B1511535557340N00855818EA0000001664
B1511585557344N00855946EA0000001661
B1512035557407N00855981EA0000001671
B1512085557442N00855894EA0000001678
B1512135557402N00855790EA0000001681
B1512185557324N00855797EA0000001689
B1512245557295N00855936EA0000001688
B1512295557348N00856004EA0000001695
B1512345557394N00855943EA0000001702
B1512405557356N00855810EA0000001703
B1512455557276N00855823EA0000001707
B1512515557250N00855968EA0000001707
B1512575557315N00856021EA0000001720
B1513025557339N00855924EA0000001726
B1513075557286N00855844EA0000001725
B1513125557213N00855898EA0000001726
B1513175557202N00856023EA0000001720
B1513225557259N00856067EA0000001729
B1513275557295N00855978EA0000001738
B1513325557250N00855882EA0000001744
B1513375557173N00855912EA0000001739
B1513425557145N00856040EA0000001739
B1513475557183N00856133EA0000001743
B1513525557241N00856100EA0000001749
B1513585557233N00855954EA0000001748
B1514035557157N00855935EA0000001753
B1514085557111N00856054EA0000001746
B1514135557152N00856157EA0000001745
B1514185557212N00856107EA0000001749
B1514265557158N00855903EA0000001738
B1514315557079N00855799EA0000001745
B1514375557000N00855681EA0000001754
B1514425556944N00855576EA0000001748
B1514475556891N00855453EA0000001743
B1514555556773N00855304EA0000001733
B1515005556691N00855231EA0000001728
B1515065556598N00855150EA0000001728
B1515125556510N00855073EA0000001742
B1515175556439N00855016EA0000001745
B1515225556358N00854997EA0000001742
B1515275556291N00855076EA0000001739
B1515325556286N00855206EA0000001730
B1515375556330N00855305EA0000001731
B1515425556374N00855393EA0000001734
B1515495556434N00855511EA0000001727
B1515545556480N00855585EA0000001723
B1515595556526N00855653EA0000001722
B1516045556575N00855722EA0000001713
B1516105556636N00855812EA0000001704
B1516155556688N00855886EA0000001710
B1516225556758N00855986EA0000001706
B1516275556806N00856066EA0000001704
B1516325556846N00856154EA0000001703
B1516385556890N00856272EA0000001706
B1516445556931N00856395EA0000001719
B1516495556967N00856500EA0000001714
B1516545557004N00856613EA0000001707
B1516595557031N00856745EA0000001695
B1517065557049N00856943EA0000001689
B1517125557056N00857110EA0000001695
B1517235557058N00857401EA0000001689
B1517305557064N00857584EA0000001679
B1517365557070N00857743EA0000001672
B1517415557087N00857870EA0000001672
B1517465557128N00857975EA0000001676
B1517525557188N00858073EA0000001680
B1517575557238N00858143EA0000001685
B1518025557292N00858182EA0000001681
B1518095557377N00858231EA0000001668
B1518175557464N00858335EA0000001668
B1518225557516N00858399EA0000001673
B1518305557607N00858398EA0000001675
B1518395557696N00858297EA0000001685
B1518445557742N00858228EA0000001689
B1518505557747N00858086EA0000001689
B1518555557680N00858016EA0000001693
B1519015557604N00858105EA0000001696
B1519065557618N00858225EA0000001694
B1519115557678N00858253EA0000001702
B1519165557716N00858164EA0000001703
B1519225557659N00858034EA0000001705
B1519275557580N00858065EA0000001702
B1519325557555N00858196EA0000001702
B1519375557595N00858288EA0000001708
B1519425557655N00858269EA0000001710
B1519475557670N00858150EA0000001710
B1519525557608N00858058EA0000001708
B1519575557529N00858102EA0000001712
B1520025557511N00858230EA0000001712
B1520075557560N00858305EA0000001716
B1520125557613N00858257EA0000001724
B1520185557594N00858116EA0000001721
B1520235557517N00858087EA0000001724
B1520285557466N00858181EA0000001723
B1520335557486N00858298EA0000001720
B1520385557546N00858324EA0000001724
B1520435557582N00858232EA0000001728
B1520485557546N00858118EA0000001730
B1520535557468N00858111EA0000001733
B1520585557420N00858212EA0000001731
B1521035557438N00858328EA0000001730
B1521085557501N00858345EA0000001728
B1521145557529N00858215EA0000001736
B1521215557469N00858047EA0000001735
B1521265557424N00857924EA0000001729
B1521325557373N00857762EA0000001728
B1521385557323N00857602EA0000001732
B1521445557274N00857446EA0000001736
B1521495557233N00857315EA0000001730
B1521545557195N00857181EA0000001727
B1522045557124N00856923EA0000001725
B1522095557091N00856793EA0000001721
B1522145557058N00856665EA0000001722
B1522195557028N00856550EA0000001730
B1522255556996N00856415EA0000001733
B1522305556974N00856298EA0000001735
B1522365556952N00856151EA0000001733
B1522415556939N00856023EA0000001730
B1522465556935N00855894EA0000001726
B1522515556933N00855760EA0000001723
B1522565556958N00855633EA0000001720
B1523015556993N00855512EA0000001723
B1523085556970N00855323EA0000001727
B1523155556884N00855185EA0000001714
B1523205556810N00855114EA0000001712
B1523255556739N00855051EA0000001710
B1523355556597N00854941EA0000001696
B1523405556523N00854914EA0000001690
B1523455556461N00854994EA0000001677
B1523525556457N00855182EA0000001678
B1523575556479N00855308EA0000001670
B1524025556504N00855433EA0000001669
B1524115556546N00855645EA0000001675
B1524165556570N00855763EA0000001680
B1524215556593N00855880EA0000001677
B1524275556621N00856024EA0000001673
B1524365556661N00856235EA0000001673
B1524435556696N00856405EA0000001669
B1524495556726N00856557EA0000001676
B1524565556767N00856727EA0000001671
B1525025556802N00856878EA0000001661
B1525085556837N00857027EA0000001655
B1525135556868N00857151EA0000001651
B1525195556896N00857307EA0000001646
B1525255556918N00857462EA0000001649
B1525305556937N00857581EA0000001664
B1525355556964N00857678EA0000001669
B1525405557021N00857704EA0000001670
B1525455557061N00857614EA0000001678
B1525505557027N00857500EA0000001680
B1525555556953N00857504EA0000001687
B1526005556919N00857608EA0000001685
B1526055556957N00857693EA0000001689
B1526105557013N00857657EA0000001691
B1526155557015N00857537EA0000001693
B1526205556951N00857479EA0000001695
B1526255556890N00857545EA0000001696
B1526305556883N00857659EA0000001701
B1526355556927N00857711EA0000001701
B1526405556974N00857647EA0000001703
B1526455556962N00857538EA0000001709
B1526505556898N00857502EA0000001705
B1526555556852N00857584EA0000001707
B1527005556872N00857682EA0000001705
B1527055556929N00857686EA0000001706
B1527115556952N00857563EA0000001703
B1527165556894N00857501EA0000001707
B1527215556842N00857568EA0000001703
B1527285556855N00857725EA0000001700
B1527345556882N00857853EA0000001701
B1527395556906N00857955EA0000001705
B1527465556947N00858103EA0000001689
B1527515556983N00858212EA0000001691
B1527565557013N00858324EA0000001697
B1528015557032N00858441EA0000001701
B1528085557045N00858610EA0000001705
B1528135557058N00858731EA0000001697
B1528195557082N00858878EA0000001691
B1528245557105N00858997EA0000001689
B1528315557139N00859159EA0000001688
B1528365557167N00859271EA0000001685
B1528415557198N00859384EA0000001681
B1528465557228N00859499EA0000001676
B1528545557279N00859686EA0000001664
B1529025557326N00859879EA0000001658
B1529095557368N00900042EA0000001654
B1529145557397N00900160EA0000001650
B1529225557444N00900348EA0000001642
B1529275557474N00900465EA0000001637
B1529325557505N00900580EA0000001635
B1529385557546N00900715EA0000001629
B1529435557582N00900824EA0000001623
B1529495557625N00900956EA0000001617
B1529585557688N00901155EA0000001606
B1530045557729N00901290EA0000001601
B1530135557797N00901482EA0000001590
B1530185557836N00901587EA0000001583
B1530265557898N00901756EA0000001569
B1530345557960N00901919EA0000001556
B1530395558001N00902022EA0000001551
B1530445558041N00902121EA0000001551
B1530495558082N00902218EA0000001541
B1530545558121N00902325EA0000001532
B1530595558161N00902431EA0000001525
B1531055558210N00902558EA0000001517
B1531105558251N00902665EA0000001510
B1531155558293N00902768EA0000001506
B1531215558343N00902892EA0000001498
B1531265558389N00902992EA0000001493
B1531315558434N00903091EA0000001488
B1531375558489N00903213EA0000001478
B1531445558550N00903353EA0000001470
B1531495558592N00903451EA0000001462
B1531545558634N00903547EA0000001457
B1532005558682N00903654EA0000001447
B1532055558721N00903741EA0000001443
B1532125558777N00903856EA0000001434
B1532175558818N00903940EA0000001422
B1532235558867N00904050EA0000001416
B1532285558909N00904140EA0000001413
B1532335558949N00904229EA0000001409
B1532385558993N00904321EA0000001401
B1532445559049N00904427EA0000001405
B1532495559092N00904506EA0000001413
B1532545559104N00904622EA0000001409
B1532595559058N00904729EA0000001412
B1533045558981N00904734EA0000001414
B1533095558939N00904633EA0000001417
B1533145558964N00904525EA0000001419
B1533195559027N00904525EA0000001421
B1533265559028N00904688EA0000001425
B1533315558955N00904723EA0000001432
B1533365558907N00904635EA0000001435
B1533415558926N00904524EA0000001435
B1533465558987N00904496EA0000001439
B1533515559030N00904584EA0000001441
B1533565559004N00904706EA0000001439
B1534015558929N00904733EA0000001442
B1534065558882N00904635EA0000001443
B1534115558905N00904526EA0000001446
B1534165558968N00904512EA0000001451
B1534215559011N00904605EA0000001448
B1534265558994N00904733EA0000001446
B1534315558924N00904788EA0000001444
B1534365558859N00904719EA0000001440
B1534415558857N00904589EA0000001441
B1534475558906N00904462EA0000001444
B1534525558951N00904362EA0000001447
B1534575558995N00904262EA0000001444
B1535055559067N00904102EA0000001440
B1535105559110N00904000EA0000001436
B1535175559168N00903860EA0000001428
B1535225559210N00903760EA0000001416
B1535275559253N00903659EA0000001403
B1535335559307N00903539EA0000001405
B1535385559348N00903441EA0000001408
B1535445559393N00903318EA0000001416
B1535495559427N00903215EA0000001423
B1535555559469N00903089EA0000001411
B1536025559515N00902931EA0000001410
B1536085559549N00902804EA0000001414
B1536135559578N00902691EA0000001417
B1536205559624N00902541EA0000001425
B1536255559627N00902415EA0000001429
B1536305559574N00902315EA0000001429
B1536355559499N00902330EA0000001432
B1536415559473N00902465EA0000001430
B1536465559519N00902547EA0000001426
B1536515559586N00902528EA0000001433
B1536565559621N00902428EA0000001440
B1537015559587N00902310EA0000001437
B1537065559508N00902294EA0000001435
B1537115559468N00902399EA0000001436
B1537165559500N00902501EA0000001438
B1537215559563N00902494EA0000001444
B1537265559585N00902378EA0000001444
B1537315559533N00902270EA0000001440
B1537365559456N00902281EA0000001445
B1537415559422N00902388EA0000001443
B1537465559446N00902497EA0000001443
B1537525559517N00902532EA0000001448
B1537575559560N00902452EA0000001449
B1538025559541N00902326EA0000001446
B1538075559470N00902254EA0000001444
B1538125559397N00902286EA0000001447
B1538175559368N00902398EA0000001440
B1538225559379N00902517EA0000001440
B1538275559424N00902597EA0000001442
B1538325559483N00902616EA0000001446
B1538395559569N00902612EA0000001442
B1538445559634N00902604EA0000001450
B1538495559694N00902573EA0000001456
B1538545559727N00902468EA0000001451
B1538595559696N00902349EA0000001443
B1539045559618N00902325EA0000001435
B1539095559559N00902414EA0000001433
B1539155559559N00902568EA0000001435
B1539215559605N00902689EA0000001441
B1539285559681N00902786EA0000001436
B1539385559800N00902902EA0000001419
B1539435559859N00902954EA0000001419
B1539485559916N00902995EA0000001418
B1539545559986N00903040EA0000001416
B1539595600044N00903077EA0000001412
B1540055600117N00903122EA0000001402
B1540105600183N00903145EA0000001403
B1540155600245N00903160EA0000001402
B1540225600331N00903180EA0000001396
B1540315600438N00903188EA0000001395
B1540405600541N00903130EA0000001383
B1540455600595N00903069EA0000001377
B1540535600682N00902982EA0000001384
B1540585600733N00902933EA0000001383
B1541035600785N00902876EA0000001376
B1541115600871N00902780EA0000001365
B1541165600926N00902722EA0000001359
B1541245601021N00902649EA0000001349
B1541315601109N00902611EA0000001342
B1541365601173N00902580EA0000001338
B1541435601263N00902537EA0000001334
B1541495601341N00902489EA0000001326
B1541565601431N00902430EA0000001320
B1542035601518N00902369EA0000001313
B1542085601579N00902325EA0000001310
B1542145601652N00902276EA0000001302
B1542235601770N00902207EA0000001297
B1542295601842N00902161EA0000001290
B1542345601904N00902114EA0000001285
B1542395601965N00902061EA0000001281
B1542445602023N00902007EA0000001279
B1542515602101N00901927EA0000001278
B1542585602165N00901840EA0000001280
B1543045602219N00901757EA0000001268
B1543115602289N00901664EA0000001260
B1543185602372N00901602EA0000001253
B1543235602434N00901563EA0000001250
B1543285602497N00901524EA0000001246
B1543345602574N00901473EA0000001241
B1543395602640N00901431EA0000001240
B1543445602703N00901386EA0000001237
B1543495602766N00901339EA0000001229
B1543555602845N00901280EA0000001220
B1544005602911N00901229EA0000001212
B1544055602981N00901239EA0000001204
B1544105603042N00901316EA0000001194
B1544165603087N00901464EA0000001188
B1544215603097N00901610EA0000001187
B1544265603105N00901750EA0000001184
B1544315603151N00901840EA0000001183
B1544365603217N00901812EA0000001174
B1544415603252N00901695EA0000001167
B1544465603243N00901554EA0000001164
B1544535603212N00901360EA0000001157
B1544595603180N00901196EA0000001152
B1545045603158N00901057EA0000001148
B1545125603134N00900829EA0000001138
B1545175603123N00900684EA0000001140
B1545265603109N00900424EA0000001126
B1545315603100N00900276EA0000001123
B1545365603085N00900133EA0000001119
B1545415603056N00859997EA0000001110
B1545465602998N00859891EA0000001099
B1545515602916N00859847EA0000001088
B1545565602830N00859859EA0000001080
B1546065602687N00859992EA0000001070
B1546115602624N00900076EA0000001070
B1546175602547N00900167EA0000001070
B1546235602464N00900259EA0000001067
B1546285602400N00900348EA0000001075
B1546345602375N00900484EA0000001085
B1546395602428N00900535EA0000001089
B1546445602473N00900448EA0000001098
B1546495602438N00900333EA0000001097
B1546545602358N00900330EA0000001097
B1547005602301N00900452EA0000001104
B1547055602311N00900563EA0000001108
B1547105602372N00900567EA0000001114
B1547155602387N00900444EA0000001125
B1547205602319N00900373EA0000001130
B1547255602259N00900448EA0000001136
B1547305602280N00900550EA0000001143
B1547355602339N00900520EA0000001153
B1547405602336N00900393EA0000001163
B1547455602265N00900338EA0000001168
B1547505602211N00900425EA0000001169
B1547555602245N00900524EA0000001173
B1548005602304N00900466EA0000001183
B1548055602281N00900330EA0000001191
B1548105602201N00900315EA0000001198
B1548155602169N00900426EA0000001202
B1548205602220N00900481EA0000001209
B1548255602261N00900386EA0000001216
B1548305602217N00900272EA0000001224
B1548355602144N00900301EA0000001228
B1548405602137N00900418EA0000001232
B1548455602194N00900439EA0000001236
B1548505602225N00900327EA0000001240
B1548555602171N00900222EA0000001241
B1549005602099N00900272EA0000001245
B1549055602100N00900389EA0000001251
B1549105602159N00900407EA0000001263
B1549165602184N00900267EA0000001267
B1549215602123N00900176EA0000001268
B1549265602051N00900226EA0000001269
B1549315602049N00900346EA0000001274
B1549365602105N00900393EA0000001288
B1549415602146N00900299EA0000001296
B1549465602103N00900185EA0000001295
B1549515602025N00900203EA0000001303
B1549565602011N00900316EA0000001310
B1550015602064N00900355EA0000001318
B1550075602088N00900223EA0000001320
B1550125602023N00900135EA0000001322
B1550175601957N00900190EA0000001335
B1550225601968N00900295EA0000001337
B1550275602029N00900289EA0000001346
B1550325602035N00900165EA0000001347
B1550375601964N00900101EA0000001348
B1550425601908N00900179EA0000001358
B1550475601932N00900274EA0000001364
B1550525601991N00900240EA0000001371
B1550575601995N00900113EA0000001365
B1551025601925N00900037EA0000001369
B1551075601863N00900100EA0000001377
B1551125601875N00900206EA0000001379
B1551175601937N00900217EA0000001390
B1551225601971N00900116EA0000001390
B1551275601930N00859997EA0000001384
B1551325601855N00900007EA0000001391
B1551375601834N00900117EA0000001390
B1551425601872N00900209EA0000001397
B1551475601936N00900209EA0000001402
B1551525601977N00900112EA0000001408
B1551575601951N00859986EA0000001401
B1552025601874N00859954EA0000001395
B1552075601819N00900045EA0000001392
B1552155601812N00900245EA0000001391
B1552215601839N00900386EA0000001399
B1552345601919N00900661EA0000001399
B1552395601961N00900751EA0000001396
B1552455602025N00900826EA0000001388
B1552505602086N00900861EA0000001380
B1552555602149N00900877EA0000001376
B1553035602255N00900879EA0000001366
B1553085602323N00900867EA0000001361
B1553165602431N00900840EA0000001355
B1553215602500N00900844EA0000001346
B1553265602562N00900906EA0000001335
B1553315602629N00900965EA0000001323
B1553365602701N00900948EA0000001319
B1553425602767N00900849EA0000001312
B1553475602799N00900725EA0000001306
B1553535602798N00900554EA0000001306
B1553585602775N00900417EA0000001301
B1554045602735N00900255EA0000001297
B1554095602693N00900126EA0000001294
B1554195602599N00859874EA0000001285
B1554245602549N00859754EA0000001280
B1554295602494N00859639EA0000001272
B1554345602441N00859524EA0000001269
B1554435602343N00859324EA0000001260
B1554495602268N00859203EA0000001252
B1554555602187N00859092EA0000001244
B1555025602091N00858976EA0000001236
B1555105601974N00858852EA0000001217
B1555155601897N00858777EA0000001210
B1555215601802N00858703EA0000001202
B1555265601719N00858657EA0000001192
B1555325601616N00858620EA0000001183
B1555375601531N00858606EA0000001182
B1555445601412N00858609EA0000001173
B1555515601292N00858619EA0000001164
B1555565601211N00858662EA0000001155
B1556015601163N00858784EA0000001143
B1556085601149N00858982EA0000001132
B1556145601152N00859144EA0000001124
B1556195601158N00859278EA0000001116
B1556245601168N00859408EA0000001114
B1556325601175N00859610EA0000001105
B1556415601180N00859843EA0000001104
B1556475601192N00859992EA0000001108
B1556555601233N00900159EA0000001117
B1557015601249N00900294EA0000001120
B1557065601222N00900420EA0000001123
B1557115601229N00900540EA0000001128
B1557165601278N00900606EA0000001127
B1557215601341N00900612EA0000001123
B1557275601418N00900587EA0000001122
B1557325601482N00900561EA0000001124
B1557385601556N00900530EA0000001132
B1557435601615N00900506EA0000001133
B1557485601668N00900445EA0000001129
B1557545601702N00900310EA0000001128
B1557595601688N00900174EA0000001118
B1558085601573N00900003EA0000001115
B1558155601467N00859931EA0000001116
B1558225601362N00859858EA0000001112
B1558285601272N00859797EA0000001109
B1558345601181N00859737EA0000001105
B1558395601104N00859684EA0000001103
B1558445601028N00859632EA0000001106
B1558495600953N00859586EA0000001111
B1558565600849N00859549EA0000001111
B1559015600783N00859482EA0000001107
B1559065600724N00859387EA0000001103
B1559145600623N00859243EA0000001089
B1559205600539N00859160EA0000001079
B1559255600474N00859084EA0000001068
B1559305600450N00858958EA0000001056
B1559355600486N00858854EA0000001045
B1559425600581N00858855EA0000001027
B1559485600655N00858910EA0000001023
B1559555600739N00858988EA0000001009
B1600025600821N00859073EA0000000994
B1600085600891N00859151EA0000000981
B1600155600977N00859236EA0000000967
B1600205601040N00859295EA0000000957
B1600315601177N00859410EA0000000943
B1600375601250N00859474EA0000000934
B1600425601310N00859537EA0000000925
B1600475601370N00859599EA0000000922
B1600535601444N00859667EA0000000920
B1600595601515N00859725EA0000000918
B1601065601594N00859788EA0000000927
B1601115601647N00859827EA0000000930
B1601175601712N00859869EA0000000922
B1601235601785N00859901EA0000000914
B1601295601863N00859913EA0000000909
B1601395601993N00859951EA0000000897
B1601445602050N00900010EA0000000893
B1601495602089N00900108EA0000000882
B1601555602101N00900264EA0000000871
B1602015602077N00900428EA0000000866
B1602065602043N00900559EA0000000861
B1602145601977N00900760EA0000000851
B1602205601925N00900906EA0000000840
B1602255601878N00901027EA0000000836
B1602305601828N00901140EA0000000834
B1602355601776N00901252EA0000000826
B1602405601724N00901367EA0000000820
B1602465601660N00901506EA0000000815
B1602535601586N00901666EA0000000814
B1603055601457N00901931EA0000000804
B1603115601391N00902063EA0000000800
B1603175601325N00902197EA0000000795
B1603225601267N00902305EA0000000791
B1603335601135N00902534EA0000000780
B1603395601059N00902651EA0000000775
B1603455600982N00902765EA0000000767
B1603545600856N00902924EA0000000749
B1604025600730N00903025EA0000000741
B1604105600600N00903106EA0000000735
B1604155600518N00903152EA0000000735
B1604225600401N00903203EA0000000723
B1604285600299N00903243EA0000000721
B1604345600196N00903255EA0000000714
B1604395600111N00903206EA0000000705
B1604465600011N00903067EA0000000695
B1604515559955N00902946EA0000000694
B1604565559910N00902815EA0000000690
B1605035559848N00902631EA0000000682
B1605085559812N00902492EA0000000673
B1605185559770N00902205EA0000000658
B1605245559749N00902034EA0000000650
B1605305559729N00901857EA0000000640
B1605365559710N00901679EA0000000633
B1605465559672N00901385EA0000000620
B1605515559650N00901242EA0000000614
B1605585559621N00901045EA0000000599
B1606045559601N00900875EA0000000588
B1606115559575N00900678EA0000000581
B1606165559515N00900576EA0000000575
B1606215559436N00900619EA0000000570
B1606285559416N00900810EA0000000555
B1606335559427N00900941EA0000000552
B1606385559443N00901069EA0000000546
B1606435559463N00901193EA0000000539
B1606495559486N00901343EA0000000528
B1606555559504N00901494EA0000000516
B1607045559534N00901724EA0000000504
B1607115559555N00901903EA0000000500
B1607165559582N00902020EA0000000497
B1607215559641N00902073EA0000000497
B1607265559705N00902039EA0000000498
B1607315559742N00901930EA0000000496
B1607365559726N00901793EA0000000494
B1607415559651N00901719EA0000000490
B1607465559574N00901785EA0000000482
B1607515559569N00901926EA0000000474
B1607585559648N00902045EA0000000478
B1608055559724N00902147EA0000000479
B1608105559786N00902150EA0000000477
B1608155559830N00902049EA0000000472
B1608225559824N00901844EA0000000471
B1608275559802N00901696EA0000000474
B1608325559781N00901550EA0000000478
B1608385559753N00901379EA0000000483
B1608445559726N00901211EA0000000483
B1608495559707N00901070EA0000000478
B1608555559688N00900898EA0000000472
B1609025559658N00900699EA0000000473
B1609075559637N00900564EA0000000476
B1609125559628N00900430EA0000000481
B1609185559646N00900278EA0000000470
B1609235559675N00900162EA0000000467
B1609285559726N00900090EA0000000462
B1609335559791N00900112EA0000000452
B1609385559835N00900215EA0000000440
B1609435559845N00900356EA0000000430
B1609505559833N00900559EA0000000422
B1609585559819N00900780EA0000000420
B1610045559807N00900947EA0000000416
B1610105559792N00901117EA0000000416
B1610175559779N00901313EA0000000410
B1610235559774N00901477EA0000000404
B1610285559784N00901608EA0000000400
B1610335559839N00901684EA0000000402
B1610385559904N00901642EA0000000403
B1610455559932N00901459EA0000000402
B1610505559926N00901307EA0000000392
B1610565559908N00901122EA0000000387
B1611035559878N00900915EA0000000389
B1611085559812N00900821EA0000000392
B1611135559734N00900890EA0000000395
B1611205559701N00901090EA0000000386
B1611275559712N00901290EA0000000379
B1611325559726N00901425EA0000000379
B1611385559748N00901579EA0000000378
B1611435559780N00901702EA0000000369
B1611485559830N00901800EA0000000361
B1611535559900N00901789EA0000000358
B1611585559926N00901662EA0000000356
B1612035559864N00901559EA0000000349
B1612085559788N00901622EA0000000344
B1612135559803N00901743EA0000000325
B1612185559873N00901745EA0000000318
B1612245559893N00901575EA0000000303
B1612295559884N00901411EA0000000293
B1612345559883N00901244EA0000000285
B1612395559885N00901078EA0000000284
B1612455559880N00900878EA0000000276
B1612545559874N00900591EA0000000264
B1613025559868N00900334EA0000000254
B1613075559879N00900175EA0000000246
B1613145559911N00859966EA0000000238
B1613195559943N00859827EA0000000232
B1613305600057N00859574EA0000000219
B1613365600130N00859455EA0000000207
B1613415600198N00859372EA0000000193
B1613475600291N00859311EA0000000183
B1613525600371N00859287EA0000000177
B1613575600450N00859312EA0000000171
B1614055600541N00859480EA0000000155
B1614115600575N00859650EA0000000141
B1614185600597N00859861EA0000000125
B1614235600611N00900014EA0000000113
B1614305600628N00900229EA0000000094
B1614375600642N00900443EA0000000076
B1614425600653N00900594EA0000000066
B1614505600672N00900838EA0000000051
B1614585600689N00901072EA0000000041
B1615065600700N00901277EA0000000039
B1615145600700N00901440EA0000000040
B1615195600690N00901512EA0000000040
