AOGNOGN
HFDTE290625
HFFXA050
HFPLTPILOTINCHARGE:
HFGTYGLIDERTYPE:Mosquito
HFGIDGLIDERID:D-4430
HFDTM100GPSDATUM:WGS-1984
HFRFWFIRMWAREVERSION:
HFRHWHARDWAREVERSION:
HFFTYFRTYPE:OGN-FLIGHTBOOK
HFGPSGENERIC
HFPRSPRESSALTSENSOR:
HFCIDCOMPETITIONID:30
B0840385600820N00900079EA0000000939
B0840435600837N00859961EA0000000948
B0840485600849N00859855EA0000000950
B0840535600844N00859752EA0000000945
B0840585600898N00859700EA0000000931
B0841035600961N00859763EA0000000937
B0841085600965N00859938EA0000000910
B0841145600916N00900174EA0000000895
B0841235600837N00900521EA0000000884
B0841315600775N00900821EA0000000883
B0841365600733N00901003EA0000000880
B0841425600676N00901216EA0000000877
B0841475600631N00901397EA0000000868
B0841535600584N00901627EA0000000853
B0842025600532N00901986EA0000000857
B0842085600506N00902242EA0000000845
B0842135600475N00902463EA0000000838
B0842195600426N00902726EA0000000837
B0842245600385N00902930EA0000000863
B0842295600345N00903130EA0000000853
B0842355600295N00903393EA0000000851
B0842425600266N00903714EA0000000858
B0842475600278N00903940EA0000000863
B0842525600296N00904162EA0000000871
B0842585600322N00904427EA0000000874
B0843045600346N00904693EA0000000867
B0843105600367N00904959EA0000000869
B0843155600383N00905183EA0000000868
B0843215600394N00905447EA0000000871
B0843275600402N00905705EA0000000871
B0843335600412N00905959EA0000000867
B0843395600410N00906216EA0000000861
B0843455600370N00906461EA0000000857
B0843505600317N00906657EA0000000843
B0843565600242N00906886EA0000000832
B0844055600153N00907259EA0000000829
B0844115600101N00907491EA0000000865
B0844165600060N00907646EA0000000897
B0844225600016N00907794EA0000000912
B0844285559960N00907977EA0000000882
B0844345559903N00908225EA0000000863
B0844405559861N00908500EA0000000869
B0844475559815N00908788EA0000000906
B0844525559780N00908970EA0000000932
B0844575559751N00909123EA0000000931
B0845035559719N00909358EA0000000904
B0845085559698N00909576EA0000000911
B0845135559686N00909768EA0000000965
B0845185559678N00909916EA0000000986
B0845235559671N00910067EA0000000989
B0845285559655N00910232EA0000000962
B0845335559625N00910447EA0000000925
B0845385559592N00910686EA0000000922
B0845455559535N00911012EA0000000919
B0845515559473N00911281EA0000000918
B0845565559423N00911511EA0000000912
B0846015559385N00911748EA0000000907
B0846075559349N00912031EA0000000900
B0846135559320N00912315EA0000000895
B0846185559301N00912547EA0000000892
B0846235559283N00912777EA0000000881
B0846285559261N00913006EA0000000871
B0846335559235N00913231EA0000000868
B0846385559211N00913457EA0000000867
B0846445559182N00913705EA0000000900
B0846505559153N00913941EA0000000889
B0846555559132N00914155EA0000000881
B0847035559129N00914458EA0000000941
B0847085559123N00914618EA0000000953
B0847145559108N00914840EA0000000911
B0847195559089N00915067EA0000000900
B0847265559035N00915372EA0000000896
B0847325558992N00915631EA0000000884
B0847375558933N00915826EA0000000877
B0847425558844N00915973EA0000000882
B0847475558758N00916108EA0000000888
B0847535558661N00916278EA0000000881
B0848025558520N00916557EA0000000874
B0848095558413N00916776EA0000000858
B0848145558333N00916944EA0000000832
B0848205558228N00917146EA0000000828
B0848275558109N00917388EA0000000811
B0848335558023N00917624EA0000000811
B0848395557967N00917860EA0000000848
B0848445557928N00918057EA0000000829
B0848505557877N00918315EA0000000823
B0848575557819N00918616EA0000000820
B0849035557773N00918877EA0000000815
B0849095557726N00919135EA0000000821
B0849145557683N00919342EA0000000822
B0849195557630N00919539EA0000000824
B0849255557561N00919764EA0000000833
B0849305557507N00919948EA0000000832
B0849355557456N00920136EA0000000823
B0849405557405N00920322EA0000000824
B0849455557356N00920505EA0000000829
B0849515557300N00920724EA0000000830
B0849575557246N00920937EA0000000833
B0850025557205N00921117EA0000000836
B0850075557169N00921282EA0000000844
B0850185557092N00921643EA0000000844
B0850275557027N00921939EA0000000827
B0850325556987N00922113EA0000000824
B0850375556951N00922285EA0000000829
B0850425556916N00922437EA0000000844
B0850475556887N00922580EA0000000846
B0850535556841N00922747EA0000000850
B0850585556788N00922860EA0000000860
B0851035556746N00922991EA0000000855
B0851085556710N00923136EA0000000872
B0851135556676N00923269EA0000000883
B0851195556637N00923427EA0000000889
B0851245556607N00923567EA0000000894
B0851315556565N00923799EA0000000863
B0851375556521N00924035EA0000000864
B0851425556484N00924231EA0000000876
B0851485556453N00924460EA0000000889
B0851535556426N00924623EA0000000921
B0851595556379N00924784EA0000000930
B0852045556332N00924913EA0000000944
B0852105556279N00925084EA0000000931
B0852155556226N00925258EA0000000934
B0852215556172N00925440EA0000000986
B0852265556120N00925571EA0000000994
B0852315556062N00925683EA0000000997
B0852365555998N00925838EA0000000963
B0852435555901N00926106EA0000000961
B0852485555838N00926310EA0000000968
B0852555555758N00926602EA0000000974
B0853025555693N00926907EA0000000971
B0853095555664N00927232EA0000000968
B0853165555653N00927564EA0000000958
B0853215555649N00927808EA0000000952
B0853285555647N00928155EA0000000934
B0853345555628N00928456EA0000000924
B0853395555604N00928702EA0000000922
B0853445555579N00928939EA0000000920
B0853495555553N00929172EA0000000911
B0853545555531N00929409EA0000000896
B0854005555503N00929709EA0000000883
B0854055555471N00929959EA0000000874
B0854105555428N00930199EA0000000865
B0854155555437N00930440EA0000000863
B0854215555480N00930703EA0000000890
B0854265555466N00930887EA0000000922
B0854315555428N00931060EA0000000911
B0854365555430N00931295EA0000000849
B0854425555443N00931632EA0000000853
B0854495555452N00932015EA0000000862
B0854545555459N00932264EA0000000876
B0854595555467N00932492EA0000000875
B0855045555491N00932708EA0000000863
B0855145555590N00933109EA0000000850
B0855195555631N00933295EA0000000877
B0855255555673N00933514EA0000000872
B0855305555703N00933667EA0000000912
B0855365555733N00933833EA0000000920
B0855415555755N00933972EA0000000925
B0855465555775N00934105EA0000000940
B0855515555796N00934233EA0000000948
B0855575555819N00934400EA0000000949
B0856025555831N00934563EA0000000943
B0856125555831N00934956EA0000000921
B0856185555820N00935186EA0000000957
B0856265555789N00935449EA0000000962
B0856325555773N00935664EA0000000958
B0856425555739N00936071EA0000000933
B0856535555702N00936558EA0000000918
B0856595555681N00936825EA0000000913
B0857045555669N00937044EA0000000905
B0857105555657N00937310EA0000000893
B0857165555646N00937583EA0000000875
B0857215555637N00937813EA0000000861
B0857275555626N00938092EA0000000845
B0857325555617N00938324EA0000000834
B0857385555609N00938599EA0000000818
B0857455555601N00938922EA0000000802
B0857525555595N00939244EA0000000779
B0857585555590N00939507EA0000000815
B0858045555592N00939695EA0000000865
B0858115555603N00939883EA0000000885
B0858175555607N00940063EA0000000902
B0858255555569N00940284EA0000000926
B0858335555513N00940518EA0000000935
B0858415555452N00940802EA0000000909
B0858485555398N00941102EA0000000908
B0858575555333N00941496EA0000000909
B0859035555299N00941768EA0000000899
B0859085555304N00941998EA0000000891
B0859175555330N00942410EA0000000879
B0859225555341N00942638EA0000000873
B0859285555355N00942912EA0000000864
B0859335555368N00943141EA0000000869
B0859385555377N00943354EA0000000885
B0859435555383N00943553EA0000000883
B0859485555387N00943753EA0000000890
B0859565555373N00944043EA0000000906
B0900015555352N00944214EA0000000919
B0900065555328N00944368EA0000000932
B0900115555301N00944513EA0000000957
B0900165555274N00944654EA0000000958
B0900245555232N00944926EA0000000929
B0900295555203N00945127EA0000000921
B0900375555161N00945461EA0000000919
B0900495555117N00945961EA0000000923
B0900545555087N00946171EA0000000926
B0901005555047N00946407EA0000000927
B0901055555013N00946604EA0000000920
B0901105554963N00946786EA0000000924
B0901195554873N00947087EA0000000922
B0901245554851N00947286EA0000000911
B0901415554813N00948024EA0000000887
B0901585554776N00948702EA0000000925
B0902035554783N00948863EA0000000925
B0902135554804N00949184EA0000000940
B0902185554821N00949329EA0000000953
B0902265554838N00949555EA0000000958
B0902355554823N00949832EA0000000936
B0902415554796N00950056EA0000000909
B0902535554750N00950540EA0000000922
B0902585554738N00950726EA0000000929
B0903035554730N00950922EA0000000930
B0903085554725N00951113EA0000000946
B0903145554729N00951314EA0000000968
B0903195554741N00951460EA0000000984
B0903245554751N00951603EA0000000983
B0903315554753N00951817EA0000000989
B0903375554749N00952003EA0000000992
B0903445554725N00952204EA0000001024
B0903515554700N00952411EA0000001020
B0903565554687N00952577EA0000001003
B0904015554671N00952771EA0000000984
B0904085554639N00953053EA0000000997
B0904135554616N00953254EA0000000987
B0904185554592N00953458EA0000000989
B0904255554558N00953738EA0000000985
B0904345554486N00954071EA0000000989
B0904395554449N00954261EA0000000989
B0904445554425N00954452EA0000000997
B0904495554409N00954638EA0000001007
B0904545554401N00954817EA0000001007
B0904595554406N00955015EA0000000989
B0905045554423N00955233EA0000000983
B0905125554448N00955542EA0000001028
B0905175554462N00955723EA0000001022
B0905225554478N00955923EA0000001008
B0905285554502N00956183EA0000000990
B0905335554523N00956408EA0000000981
B0905395554543N00956676EA0000000977
B0905455554564N00956941EA0000000967
B0905515554585N00957207EA0000000958
B0905575554604N00957477EA0000000948
B0906035554627N00957750EA0000000942
B0906095554659N00958007EA0000000941
B0906145554704N00958193EA0000000949
B0906205554757N00958398EA0000000966
B0906255554792N00958540EA0000000987
B0906335554826N00958789EA0000000994
B0906425554822N00959090EA0000000975
B0906535554778N00959535EA0000000958
B0906585554755N00959737EA0000000955
B0907045554732N00959979EA0000000961
B0907095554713N01000171EA0000000965
B0907155554691N01000389EA0000000959
B0907205554673N01000565EA0000000957
B0907265554689N01000768EA0000000952
B0907315554715N01000939EA0000000943
B0907405554755N01001247EA0000000940
B0907555554837N01001832EA0000000911
B0908005554856N01002041EA0000000903
B0908055554876N01002248EA0000000897
B0908115554898N01002496EA0000000887
B0908165554914N01002704EA0000000879
B0908215554929N01002912EA0000000876
B0908275554875N01003125EA0000000847
B0908325554792N01003091EA0000000837
B0908375554755N01002993EA0000000841
B0908425554733N01002892EA0000000823
B0908535554687N01002668EA0000000814
B0908595554656N01002544EA0000000810
B0909065554616N01002395EA0000000811
B0909145554574N01002242EA0000000822
B0909215554536N01002104EA0000000805
B0909265554507N01001997EA0000000807
B0909325554474N01001875EA0000000793
B0909375554454N01001768EA0000000790
B0909435554432N01001641EA0000000791
B0909495554412N01001519EA0000000800
B0910005554372N01001314EA0000000794
B0910065554347N01001173EA0000000776
B0910195554289N01000890EA0000000764
B0910255554261N01000770EA0000000755
B0910345554180N01000610EA0000000737
B0910395554106N01000559EA0000000723
B0911455552865N01000919EA0000000652
B0911575552701N01001016EA0000000675
B0912025552661N01000976EA0000000690
B0912075552668N01000911EA0000000696
B0912125552690N01000849EA0000000690
B0912175552697N01000763EA0000000692
B0912235552697N01000671EA0000000708
B0912285552693N01000606EA0000000720
B0912345552687N01000527EA0000000722
B0912435552683N01000391EA0000000739
B0912515552679N01000278EA0000000766
B0912565552674N01000216EA0000000777
B0913045552669N01000077EA0000000780
B0913095552670N00959995EA0000000785
B0913145552676N00959904EA0000000768
B0913195552686N00959782EA0000000761
B0913295552697N00959550EA0000000791
B0913345552701N00959448EA0000000799
B0913405552707N00959342EA0000000786
B0913455552713N00959220EA0000000744
B0913525552721N00959022EA0000000757
B0914005552720N00958844EA0000000787
B0914065552712N00958732EA0000000798
B0914135552709N00958603EA0000000785
B0914185552730N00958513EA0000000776
B0914265552788N00958363EA0000000749
B0914325552842N00958257EA0000000754
B0914405552927N00958144EA0000000748
B0914455552992N00958095EA0000000761
B0914525553068N00958043EA0000000766
B0914585553130N00957996EA0000000778
B0915045553185N00957960EA0000000782
B0915095553220N00957908EA0000000763
B0915145553242N00957813EA0000000720
B0915205553256N00957651EA0000000688
B0915325553275N00957336EA0000000645
B0915405553305N00957136EA0000000611
B0915595553257N00956675EA0000000574
B0916055553266N00956534EA0000000557
B0916105553274N00956426EA0000000571
B0916155553275N00956339EA0000000591
B0916245553250N00956232EA0000000610
B0916335553224N00956130EA0000000606
B0916425553158N00956039EA0000000594
B0916475553117N00955984EA0000000580
B0916525553058N00955935EA0000000565
B0917015552934N00955846EA0000000555
B0917175552706N00955688EA0000000526
B0917225552628N00955639EA0000000511
B0917275552547N00955588EA0000000498
B0917335552450N00955532EA0000000477
B0917385552368N00955484EA0000000460
B0917435552288N00955431EA0000000446
B0917535552122N00955338EA0000000415
B0917595552017N00955293EA0000000398
B0918045551926N00955253EA0000000381
B0918115551804N00955200EA0000000392
B0918165551728N00955183EA0000000404
B0918225551644N00955165EA0000000417
B0918275551598N00955124EA0000000415
B0918325551602N00955053EA0000000411
B0918375551574N00954984EA0000000416
B0918425551519N00954948EA0000000429
B0918475551532N00954892EA0000000426
B0918525551587N00954961EA0000000434
B0918575551572N00955106EA0000000440
B0919025551496N00955141EA0000000453
B0919085551495N00955062EA0000000450
B0919135551552N00955099EA0000000456
B0919185551553N00955254EA0000000462
B0919245551471N00955330EA0000000481
B0919295551446N00955270EA0000000478
B0919345551494N00955250EA0000000477
B0919405551549N00955372EA0000000498
B0919455551555N00955517EA0000000503
B0919505551504N00955638EA0000000500
B0919565551443N00955596EA0000000515
B0920015551483N00955557EA0000000521
B0920065551518N00955659EA0000000533
B0920125551460N00955812EA0000000538
B0920175551411N00955774EA0000000550
B0920225551439N00955718EA0000000555
B0920285551490N00955819EA0000000560
B0920345551438N00955981EA0000000561
B0920395551379N00955957EA0000000577
B0920445551398N00955894EA0000000575
B0920515551462N00955988EA0000000590
B0920565551471N00956141EA0000000588
B0921015551468N00956300EA0000000599
B0921065551472N00956444EA0000000607
B0921135551488N00956647EA0000000602
B0921185551467N00956794EA0000000612
B0921245551401N00956933EA0000000613
B0921335551281N00957008EA0000000633
B0921385551265N00956937EA0000000631
B0921435551315N00956922EA0000000651
B0921505551330N00957113EA0000000653
B0921555551264N00957192EA0000000672
B0922065551277N00957093EA0000000695
B0922115551314N00957205EA0000000695
B0922165551281N00957358EA0000000702
B0922215551211N00957395EA0000000719
B0922275551186N00957311EA0000000719
B0922335551240N00957287EA0000000732
B0922385551280N00957398EA0000000740
B0922455551214N00957573EA0000000752
B0922505551163N00957541EA0000000768
B0922555551184N00957475EA0000000765
B0923005551240N00957497EA0000000777
B0923065551255N00957661EA0000000786
B0923115551191N00957768EA0000000795
B0923175551129N00957723EA0000000803
B0923225551134N00957641EA0000000811
B0923275551149N00957568EA0000000818
B0923325551134N00957489EA0000000821
B0923375551129N00957409EA0000000817
B0923425551138N00957305EA0000000802
B0923475551148N00957189EA0000000804
B0923525551161N00957071EA0000000806
B0923585551179N00956933EA0000000823
B0924035551198N00956832EA0000000839
B0924085551215N00956748EA0000000861
B0924145551227N00956677EA0000000877
B0924195551237N00956604EA0000000859
B0924245551252N00956515EA0000000856
B0924315551270N00956363EA0000000851
B0924365551270N00956249EA0000000878
B0924415551269N00956170EA0000000891
B0924475551266N00956060EA0000000878
B0924525551257N00955970EA0000000877
B0924575551251N00955883EA0000000871
B0925045551267N00955740EA0000000850
B0925105551295N00955586EA0000000834
B0925165551327N00955439EA0000000826
B0925225551369N00955297EA0000000824
B0925285551426N00955182EA0000000824
B0925345551490N00955078EA0000000819
B0925395551547N00954998EA0000000816
B0925455551614N00954906EA0000000828
B0925515551675N00954833EA0000000830
B0925565551729N00954767EA0000000816
B0926015551787N00954692EA0000000811
B0926065551846N00954619EA0000000815
B0926115551903N00954556EA0000000844
B0926165551947N00954517EA0000000862
B0926225552000N00954456EA0000000844
B0926275552061N00954407EA0000000834
B0926335552138N00954346EA0000000839
B0926385552203N00954292EA0000000843
B0926435552266N00954242EA0000000845
B0926515552369N00954173EA0000000855
B0926575552446N00954130EA0000000856
B0927025552505N00954095EA0000000857
B0927085552579N00954023EA0000000819
B0927135552637N00953912EA0000000803
B0927205552706N00953748EA0000000806
B0927265552762N00953616EA0000000806
B0927335552827N00953469EA0000000809
B0927405552891N00953321EA0000000799
B0927465552946N00953189EA0000000798
B0927515552990N00953089EA0000000809
B0927585553046N00952961EA0000000821
B0928035553083N00952877EA0000000818
B0928095553124N00952774EA0000000822
B0928165553174N00952647EA0000000818
B0928215553210N00952549EA0000000817
B0928265553243N00952449EA0000000830
B0928325553276N00952354EA0000000853
B0928425553298N00952218EA0000000849
B0928475553278N00952144EA0000000850
B0928565553218N00952037EA0000000866
B0929125553086N00951776EA0000000816
B0929225552986N00951581EA0000000811
B0929275552937N00951482EA0000000813
B0929425552788N00951232EA0000000798
B0929545552678N00950966EA0000000774
B0930075552568N00950665EA0000000794
B0930125552525N00950576EA0000000802
B0930215552440N00950458EA0000000815
B0930375552331N00950195EA0000000762
B0930455552330N00949999EA0000000781
B0930515552332N00949859EA0000000776
B0931035552331N00949617EA0000000825
B0931095552325N00949532EA0000000838
B0931255552326N00949313EA0000000847
B0931325552325N00949182EA0000000847
B0931515552320N00948891EA0000000891
B0932075552347N00948664EA0000000914
B0932125552362N00948589EA0000000930
B0932195552394N00948482EA0000000900
B0932285552474N00948319EA0000000894
B0932365552547N00948187EA0000000912
B0932425552597N00948113EA0000000938
B0932475552639N00948065EA0000000938
B0932535552689N00948003EA0000000939
B0932585552723N00947940EA0000000949
B0933065552727N00947823EA0000000955
B0933165552718N00947664EA0000000976
B0933245552718N00947554EA0000000987
B0933315552721N00947434EA0000000995
B0933365552726N00947339EA0000000984
B0933475552731N00947073EA0000000980
B0933575552725N00946812EA0000000988
B0934025552721N00946675EA0000000988
B0934095552722N00946490EA0000001001
B0934155552729N00946336EA0000001001
B0934275552756N00946039EA0000001024
B0934345552775N00945884EA0000001048
B0934415552792N00945735EA0000001037
B0934485552809N00945573EA0000001043
B0934555552819N00945406EA0000001022
B0935035552833N00945174EA0000000993
B0935095552839N00944995EA0000000986
B0935155552844N00944820EA0000000986
B0935215552847N00944655EA0000000994
B0935325552860N00944372EA0000000991
B0935375552871N00944230EA0000000983
B0935425552882N00944084EA0000000991
B0935485552895N00943914EA0000001001
B0935565552915N00943698EA0000001020
B0936105552951N00943330EA0000001022
B0936205552969N00943084EA0000001025
B0936265552981N00942894EA0000001015
B0936315552992N00942740EA0000001027
B0936415553005N00942454EA0000001012
B0936485553013N00942255EA0000001014
B0936555553018N00942068EA0000001017
B0937005553026N00941942EA0000001023
B0937065553040N00941801EA0000001037
B0937135553061N00941673EA0000001070
B0937185553081N00941596EA0000001074
B0937235553106N00941526EA0000001076
B0937285553138N00941429EA0000001059
B0937335553178N00941304EA0000001060
B0937385553213N00941177EA0000001085
B0937435553234N00941100EA0000001143
B0937495553259N00941025EA0000001143
B0937545553287N00940916EA0000001102
B0937595553323N00940762EA0000001092
B0938055553366N00940577EA0000001102
B0938105553398N00940422EA0000001091
B0938195553456N00940135EA0000001084
B0938265553500N00939910EA0000001067
B0938315553533N00939747EA0000001052
B0938465553624N00939265EA0000001035
B0938595553697N00938864EA0000001010
B0939095553762N00938554EA0000001000
B0939165553817N00938368EA0000001001
B0939225553879N00938224EA0000000987
B0939285553944N00938087EA0000000987
B0939335553997N00937984EA0000000978
B0939395554063N00937854EA0000000955
B0939455554126N00937727EA0000000944
B0939505554182N00937629EA0000000950
B0939555554228N00937549EA0000000969
B0940015554249N00937446EA0000000984
B0940075554247N00937320EA0000000943
B0940145554248N00937108EA0000000912
B0940215554245N00936889EA0000000910
B0940355554239N00936505EA0000000909
B0940435554232N00936284EA0000000870
B0940505554230N00936085EA0000000857
B0940555554226N00935947EA0000000846
B0941055554218N00935690EA0000000842
B0941165554221N00935449EA0000000851
B0941215554228N00935343EA0000000827
B0941265554237N00935216EA0000000820
B0941325554251N00935063EA0000000822
B0941395554265N00934900EA0000000821
B0941465554276N00934765EA0000000845
B0941525554290N00934666EA0000000829
B0941575554312N00934563EA0000000824
B0942025554340N00934468EA0000000832
B0942075554372N00934374EA0000000820
B0942135554422N00934234EA0000000793
B0942185554465N00934111EA0000000795
B0942235554507N00933996EA0000000807
B0942285554549N00933893EA0000000814
B0942345554603N00933771EA0000000798
B0942395554644N00933663EA0000000793
B0942445554684N00933556EA0000000782
B0942505554731N00933423EA0000000770
B0942585554792N00933242EA0000000748
B0943035554826N00933128EA0000000744
B0943125554859N00932906EA0000000754
B0943175554857N00932802EA0000000778
B0943225554849N00932731EA0000000804
B0943275554846N00932660EA0000000787
B0943325554860N00932556EA0000000773
B0943375554882N00932451EA0000000782
B0943435554911N00932339EA0000000797
B0943485554934N00932267EA0000000816
B0943535554955N00932207EA0000000807
B0943585554991N00932117EA0000000775
B0944085555088N00931910EA0000000789
B0944135555136N00931816EA0000000794
B0944185555179N00931726EA0000000801
B0944235555219N00931635EA0000000791
B0944285555262N00931538EA0000000783
B0944345555312N00931424EA0000000789
B0944395555341N00931355EA0000000826
B0944485555364N00931246EA0000000803
B0944535555354N00931155EA0000000800
B0944585555347N00931071EA0000000789
B0945035555333N00930949EA0000000756
B0945085555310N00930797EA0000000737
B0945155555272N00930596EA0000000763
B0945205555248N00930480EA0000000786
B0945255555223N00930393EA0000000804
B0945305555197N00930311EA0000000809
B0945355555171N00930227EA0000000795
B0945415555141N00930099EA0000000770
B0945485555098N00929946EA0000000770
B0945535555073N00929856EA0000000791
B0945585555072N00929795EA0000000789
B0946045555139N00929733EA0000000764
B0946095555205N00929689EA0000000781
B0946155555264N00929659EA0000000825
B0946205555308N00929638EA0000000831
B0946255555358N00929605EA0000000823
B0946305555422N00929541EA0000000805
B0946355555482N00929452EA0000000820
B0946415555536N00929342EA0000000818
B0946465555570N00929259EA0000000858
B0946525555600N00929189EA0000000871
B0946575555625N00929120EA0000000865
B0947025555658N00929014EA0000000824
B0947075555698N00928885EA0000000814
B0947165555762N00928665EA0000000800
B0947215555797N00928547EA0000000794
B0947285555848N00928377EA0000000782
B0947345555888N00928226EA0000000784
B0947405555911N00928073EA0000000783
B0947465555915N00927890EA0000000759
B0947535555895N00927659EA0000000758
B0948015555868N00927400EA0000000767
B0948065555845N00927242EA0000000777
B0948115555822N00927125EA0000000835
B0948175555828N00927039EA0000000840
B0948235555840N00926939EA0000000837
B0948305555865N00926837EA0000000863
B0948365555881N00926763EA0000000864
B0948415555902N00926679EA0000000831
B0948465555940N00926549EA0000000799
B0948535555994N00926349EA0000000794
B0948585556030N00926213EA0000000796
B0949035556065N00926086EA0000000807
B0949095556096N00925948EA0000000806
B0949145556121N00925845EA0000000796
B0949195556150N00925738EA0000000783
B0949255556188N00925607EA0000000765
B0949315556239N00925471EA0000000755
B0949365556282N00925370EA0000000791
B0949415556312N00925303EA0000000809
B0949475556349N00925227EA0000000785
B0949525556390N00925136EA0000000753
B0949575556438N00925028EA0000000745
B0950075556534N00924819EA0000000741
B0950155556617N00924655EA0000000737
B0950205556668N00924553EA0000000738
B0950275556739N00924409EA0000000739
B0950325556789N00924309EA0000000732
B0950385556851N00924189EA0000000736
B0950435556903N00924084EA0000000733
B0950485556959N00923985EA0000000729
B0950565557041N00923825EA0000000724
B0951015557083N00923718EA0000000718
B0951075557118N00923580EA0000000710
B0951125557147N00923460EA0000000715
B0951175557173N00923353EA0000000722
B0951235557199N00923232EA0000000726
B0951295557226N00923130EA0000000745
B0951345557240N00923065EA0000000763
B0951405557286N00923014EA0000000757
B0951455557332N00922969EA0000000743
B0951505557388N00922907EA0000000736
B0951575557466N00922817EA0000000753
B0952025557517N00922776EA0000000783
B0952075557559N00922746EA0000000794
B0952135557607N00922712EA0000000810
B0952185557650N00922681EA0000000815
B0952235557702N00922657EA0000000806
B0952295557778N00922597EA0000000792
B0952345557847N00922533EA0000000794
B0952395557911N00922485EA0000000825
B0952445557947N00922442EA0000000821
B0952495557976N00922355EA0000000785
B0952575558042N00922202EA0000000772
B0953025558092N00922125EA0000000771
B0953075558151N00922067EA0000000778
B0953145558234N00921976EA0000000758
B0953225558325N00921839EA0000000752
B0953285558383N00921723EA0000000745
B0953335558431N00921611EA0000000737
B0953395558488N00921478EA0000000736
B0953445558536N00921364EA0000000728
B0953515558598N00921206EA0000000719
B0953595558662N00921026EA0000000723
B0954045558694N00920926EA0000000746
B0954105558716N00920853EA0000000780
B0954165558730N00920784EA0000000780
B0954215558727N00920718EA0000000787
B0954265558714N00920653EA0000000802
B0954315558701N00920588EA0000000815
B0954365558694N00920518EA0000000821
B0954425558712N00920440EA0000000831
B0954475558728N00920376EA0000000831
B0954545558758N00920247EA0000000800
B0955035558802N00920045EA0000000787
B0955105558841N00919885EA0000000786
B0955185558883N00919698EA0000000776
B0955245558915N00919545EA0000000778
B0955295558939N00919416EA0000000784
B0955345558956N00919291EA0000000781
B0955395558972N00919165EA0000000769
B0955455559010N00919019EA0000000753
B0955505559048N00918897EA0000000759
B0955555559048N00918785EA0000000805
B0956005559015N00918724EA0000000826
B0956055558972N00918667EA0000000823
B0956105558966N00918594EA0000000831
B0956175558966N00918497EA0000000830
B0956225558977N00918400EA0000000798
B0956285559020N00918264EA0000000812
B0956335559060N00918173EA0000000831
B0956385559095N00918082EA0000000821
B0956445559123N00917944EA0000000802
B0956505559163N00917803EA0000000797
B0956555559203N00917694EA0000000803
B0957005559237N00917595EA0000000828
B0957065559264N00917524EA0000000858
B0957115559255N00917455EA0000000844
B0957175559198N00917333EA0000000806
B0957225559146N00917199EA0000000792
B0957285559084N00917037EA0000000793
B0957335559031N00916907EA0000000785
B0957405558956N00916727EA0000000773
B0957475558883N00916549EA0000000767
B0957555558810N00916345EA0000000742
B0958015558772N00916177EA0000000713
B0958065558713N00916056EA0000000703
B0958115558645N00915966EA0000000734
B0958175558594N00915898EA0000000765
B0958225558564N00915845EA0000000762
B0958275558545N00915778EA0000000752
B0958325558536N00915699EA0000000754
B0958375558533N00915617EA0000000742
B0958425558536N00915508EA0000000726
B0958495558547N00915340EA0000000723
B0958555558547N00915188EA0000000702
B0959005558540N00915054EA0000000689
B0959065558537N00914889EA0000000677
B0959115558532N00914751EA0000000677
B0959175558513N00914585EA0000000670
B0959225558488N00914447EA0000000668
B0959275558458N00914317EA0000000685
B0959335558425N00914190EA0000000708
B0959385558406N00914083EA0000000691
B0959445558395N00913926EA0000000677
B0959505558383N00913764EA0000000660
B0959575558375N00913580EA0000000657
B1000085558372N00913309EA0000000664
B1000155558369N00913138EA0000000663
B1000255558371N00912904EA0000000667
B1000335558372N00912713EA0000000664
B1000385558365N00912608EA0000000666
B1000445558341N00912486EA0000000655
B1000515558308N00912347EA0000000647
B1000565558271N00912245EA0000000622
B1001015558237N00912133EA0000000614
B1001065558214N00912018EA0000000598
B1001125558218N00911875EA0000000576
B1001235558284N00911635EA0000000533
B1001285558303N00911524EA0000000522
B1001335558316N00911415EA0000000512
B1001405558329N00911264EA0000000501
B1001455558330N00911160EA0000000497
B1001515558329N00911035EA0000000481
B1001565558337N00910932EA0000000477
B1002035558345N00910794EA0000000462
B1002085558350N00910690EA0000000456
B1002145558353N00910570EA0000000449
B1002205558355N00910457EA0000000455
B1002285558355N00910337EA0000000454
B1002365558353N00910193EA0000000435
B1002435558309N00910073EA0000000431
B1002495558246N00910001EA0000000431
B1002555558182N00909953EA0000000431
B1003015558113N00909912EA0000000420
B1003065558055N00909873EA0000000413
B1003125557971N00909862EA0000000405
B1003175557895N00909877EA0000000397
B1003235557818N00909858EA0000000398
B1003285557755N00909858EA0000000391
B1003365557633N00909939EA0000000388
B1003435557534N00910003EA0000000397
B1003485557470N00910015EA0000000401
B1003535557446N00909962EA0000000402
B1003585557495N00909974EA0000000391
B1004035557519N00910121EA0000000400
B1004095557454N00910266EA0000000404
B1004145557390N00910255EA0000000407
B1004195557383N00910195EA0000000411
B1004245557433N00910205EA0000000402
B1004295557462N00910348EA0000000395
B1004345557408N00910490EA0000000414
B1004405557321N00910536EA0000000418
B1004465557303N00910459EA0000000422
B1004515557354N00910474EA0000000419
B1004565557379N00910623EA0000000412
B1005025557333N00910810EA0000000425
B1005075557299N00910961EA0000000418
B1005125557233N00911064EA0000000407
B1005175557182N00911019EA0000000404
B1005225557210N00910977EA0000000410
B1005285557277N00911044EA0000000410
B1005345557339N00911134EA0000000416
B1005405557398N00911213EA0000000417
B1005465557463N00911286EA0000000407
B1005515557511N00911384EA0000000408
B1006015557597N00911599EA0000000392
B1006075557613N00911808EA0000000380
B1006145557670N00911994EA0000000373
B1006195557727N00912078EA0000000367
B1006245557785N00912160EA0000000364
B1006295557830N00912295EA0000000357
B1006355557893N00912424EA0000000359
B1006425557974N00912506EA0000000356
B1006485558047N00912540EA0000000354
B1006565558122N00912510EA0000000351
B1007015558148N00912463EA0000000348
B1007065558164N00912397EA0000000336
B1007145558135N00912270EA0000000338
B1007215558144N00912181EA0000000353
B1007265558187N00912153EA0000000348
B1007315558220N00912268EA0000000350
B1007365558168N00912400EA0000000347
B1007415558109N00912378EA0000000358
B1007465558119N00912309EA0000000360
B1007515558169N00912354EA0000000365
B1007565558163N00912509EA0000000361
B1008025558077N00912556EA0000000372
B1008075558053N00912484EA0000000379
B1008125558093N00912457EA0000000377
B1008185558134N00912610EA0000000380
B1008245558059N00912719EA0000000390
B1008295558024N00912651EA0000000398
B1008355558080N00912666EA0000000410
B1008405558083N00912826EA0000000413
B1008455558009N00912891EA0000000414
B1008505557987N00912819EA0000000425
B1008555558034N00912822EA0000000436
B1009015558067N00912983EA0000000440
B1009065558001N00913055EA0000000448
B1009115557981N00912990EA0000000454
B1009175558040N00912994EA0000000462
B1009225558076N00913124EA0000000467
B1009275558044N00913263EA0000000485
B1009335557969N00913256EA0000000483
B1009395558002N00913211EA0000000494
B1009445558047N00913318EA0000000503
B1009495558003N00913435EA0000000513
B1009555557950N00913367EA0000000524
B1010005557995N00913366EA0000000532
B1010055558007N00913505EA0000000549
B1010105557937N00913546EA0000000553
B1010155557939N00913472EA0000000572
B1010205557992N00913540EA0000000586
B1010255557969N00913688EA0000000604
B1010315557895N00913668EA0000000622
B1010365557936N00913651EA0000000639
B1010425557954N00913816EA0000000657
B1010475557880N00913874EA0000000671
B1010525557863N00913803EA0000000693
B1010585557924N00913882EA0000000701
B1011035557888N00914016EA0000000716
B1011085557821N00913992EA0000000732
B1011145557858N00913942EA0000000744
B1011195557900N00914062EA0000000764
B1011245557852N00914187EA0000000770
B1011305557783N00914141EA0000000792
B1011355557817N00914103EA0000000803
B1011405557862N00914215EA0000000815
B1011465557805N00914359EA0000000817
B1011525557738N00914302EA0000000840
B1011575557758N00914246EA0000000861
B1012025557801N00914215EA0000000871
B1012095557860N00914145EA0000000854
B1012145557909N00914053EA0000000847
B1012205557971N00913936EA0000000838
B1012275558041N00913792EA0000000814
B1012325558085N00913674EA0000000814
B1012385558129N00913525EA0000000811
B1012455558169N00913342EA0000000797
B1012505558195N00913207EA0000000796
B1012565558225N00913046EA0000000790
B1013015558245N00912907EA0000000786
B1013105558272N00912671EA0000000804
B1013175558295N00912515EA0000000806
B1013235558319N00912379EA0000000782
B1013315558351N00912190EA0000000778
B1013365558376N00912078EA0000000774
B1013445558413N00911901EA0000000779
B1013495558431N00911796EA0000000780
B1013565558451N00911656EA0000000782
B1014015558463N00911553EA0000000765
B1014075558485N00911403EA0000000759
B1014125558502N00911285EA0000000780
B1014185558521N00911172EA0000000802
B1014245558541N00911062EA0000000766
B1014295558562N00910942EA0000000752
B1014345558586N00910816EA0000000751
B1014395558610N00910700EA0000000758
B1014465558646N00910544EA0000000744
B1014525558679N00910410EA0000000744
B1014595558717N00910264EA0000000754
B1015055558758N00910146EA0000000756
B1015115558806N00910040EA0000000754
B1015165558848N00909938EA0000000737
B1015225558906N00909811EA0000000743
B1015275558957N00909719EA0000000760
B1015335559011N00909654EA0000000787
B1015395559067N00909599EA0000000770
B1015465559149N00909511EA0000000741
B1015525559232N00909430EA0000000728
B1015595559334N00909337EA0000000713
B1016055559419N00909254EA0000000717
B1016115559498N00909179EA0000000711
B1016165559562N00909098EA0000000695
B1016215559615N00909000EA0000000692
B1016275559661N00908875EA0000000700
B1016335559704N00908758EA0000000703
B1016385559738N00908657EA0000000692
B1016435559769N00908542EA0000000674
B1016505559794N00908364EA0000000661
B1016555559806N00908236EA0000000664
B1017015559818N00908098EA0000000672
B1017065559823N00908001EA0000000668
B1017115559831N00907897EA0000000656
B1017165559840N00907794EA0000000659
B1017235559869N00907673EA0000000654
B1017285559879N00907571EA0000000648
B1017335559854N00907460EA0000000655
B1017385559823N00907360EA0000000641
B1017435559793N00907240EA0000000628
B1017485559768N00907124EA0000000630
B1017545559752N00906985EA0000000643
B1018005559755N00906892EA0000000650
B1018075559804N00906787EA0000000617
B1018125559870N00906699EA0000000605
B1018185559955N00906614EA0000000616
B1018245600039N00906548EA0000000617
B1018305600111N00906484EA0000000639
B1018365600171N00906432EA0000000645
B1018425600224N00906382EA0000000649
B1018475600256N00906325EA0000000643
B1018545600299N00906206EA0000000628
B1019005600332N00906084EA0000000631
B1019055600357N00905983EA0000000646
B1019105600374N00905917EA0000000675
B1019185600382N00905825EA0000000681
B1019305600381N00905656EA0000000658
B1019355600398N00905559EA0000000639
B1019415600425N00905440EA0000000634
B1019465600455N00905344EA0000000628
B1019565600524N00905168EA0000000616
B1020025600571N00905075EA0000000606
B1020095600633N00904959EA0000000601
B1020155600682N00904870EA0000000601
B1020235600748N00904745EA0000000584
B1020295600793N00904642EA0000000585
B1020345600806N00904554EA0000000597
B1020485600806N00904364EA0000000600
B1020555600797N00904264EA0000000595
B1021005600788N00904196EA0000000601
B1021085600778N00904110EA0000000623
B1021145600781N00904042EA0000000624
B1021205600823N00903981EA0000000602
B1021265600890N00903900EA0000000587
B1021335600967N00903797EA0000000587
B1021385601020N00903725EA0000000586
B1021435601072N00903654EA0000000578
B1021485601125N00903581EA0000000566
B1021545601194N00903511EA0000000589
B1022005601256N00903473EA0000000602
B1022065601311N00903430EA0000000609
B1022125601360N00903363EA0000000607
B1022185601421N00903293EA0000000608
B1022235601467N00903259EA0000000623
B1022305601536N00903215EA0000000607
B1022355601588N00903167EA0000000585
B1022405601646N00903093EA0000000565
B1022455601708N00903011EA0000000567
B1022515601780N00902916EA0000000573
B1022575601846N00902840EA0000000595
B1023045601918N00902775EA0000000591
B1023095601969N00902726EA0000000595
B1023145602011N00902675EA0000000611
B1023195602047N00902627EA0000000619
B1023245602085N00902576EA0000000624
B1023325602144N00902499EA0000000629
B1023385602179N00902423EA0000000627
B1023465602220N00902311EA0000000636
B1023515602248N00902244EA0000000648
B1023575602288N00902174EA0000000662
B1024025602324N00902114EA0000000666
B1024075602356N00902054EA0000000676
B1024125602388N00902002EA0000000682
B1024185602429N00901940EA0000000687
B1024245602467N00901862EA0000000685
B1024305602499N00901788EA0000000702
B1024365602538N00901719EA0000000699
B1024435602591N00901644EA0000000702
B1024505602653N00901559EA0000000681
B1024595602740N00901420EA0000000676
B1025065602801N00901303EA0000000677
B1025115602843N00901227EA0000000690
B1025165602882N00901157EA0000000686
B1025225602926N00901081EA0000000683
B1025295602983N00900960EA0000000664
B1025355603035N00900859EA0000000684
B1025425603092N00900734EA0000000671
B1025505603158N00900584EA0000000668
B1025575603203N00900433EA0000000668
B1026035603232N00900294EA0000000663
B1026105603267N00900127EA0000000657
B1026155603291N00900009EA0000000673
B1026215603310N00859903EA0000000697
B1026265603330N00859834EA0000000691
B1026315603356N00859746EA0000000655
B1026395603420N00859568EA0000000641
B1026455603473N00859451EA0000000637
B1026515603524N00859344EA0000000639
B1026585603580N00859217EA0000000623
B1027045603629N00859115EA0000000649
B1027095603656N00859069EA0000000672
B1027155603690N00859014EA0000000671
B1027205603720N00858951EA0000000664
B1027255603749N00858880EA0000000665
B1027305603777N00858809EA0000000671
B1027365603791N00858717EA0000000672
B1027415603779N00858621EA0000000668
B1027465603745N00858539EA0000000690
B1027525603723N00858454EA0000000692
B1028025603691N00858291EA0000000688
B1028075603679N00858202EA0000000671
B1028135603683N00858058EA0000000640
B1028195603696N00857908EA0000000644
B1028275603729N00857746EA0000000667
B1028345603767N00857658EA0000000683
B1028405603805N00857581EA0000000680
B1028475603847N00857504EA0000000693
B1028535603881N00857452EA0000000688
B1028585603913N00857398EA0000000691
B1029045603946N00857340EA0000000687
B1029105603984N00857274EA0000000682
B1029155604010N00857202EA0000000659
B1029225604013N00857045EA0000000639
B1029335604008N00856788EA0000000631
B1029385604005N00856679EA0000000624
B1029445604003N00856544EA0000000615
B1029495604002N00856434EA0000000614
B1029545604004N00856332EA0000000615
B1030105604003N00856044EA0000000652
B1030155603985N00855994EA0000000645
B1030215603932N00855942EA0000000659
B1030265603941N00855878EA0000000649
B1030315603961N00855801EA0000000664
B1030375603977N00855719EA0000000662
B1030435603991N00855646EA0000000687
B1030485604002N00855583EA0000000678
B1030545604014N00855474EA0000000648
B1031015604031N00855303EA0000000635
B1031065604041N00855179EA0000000647
B1031115604049N00855075EA0000000683
B1031185604053N00854994EA0000000716
B1031235604090N00854948EA0000000709
B1031305604103N00854838EA0000000721
B1031365604101N00854752EA0000000734
B1031445604101N00854652EA0000000697
B1031505604109N00854508EA0000000688
B1031565604120N00854363EA0000000689
B1032035604136N00854204EA0000000690
B1032085604147N00854091EA0000000689
B1032135604157N00853976EA0000000698
B1032185604165N00853886EA0000000725
B1032265604182N00853739EA0000000709
B1032315604193N00853620EA0000000715
B1032405604200N00853488EA0000000745
B1032465604205N00853380EA0000000757
B1032535604204N00853265EA0000000780
B1033035604205N00853138EA0000000799
B1033085604215N00853067EA0000000797
B1033145604224N00852989EA0000000803
B1033195604235N00852897EA0000000772
B1033245604241N00852780EA0000000758
B1033335604246N00852564EA0000000764
B1033395604244N00852426EA0000000776
B1033475604245N00852242EA0000000780
B1033555604262N00852067EA0000000792
B1034005604275N00852004EA0000000812
B1034065604295N00851922EA0000000786
B1034115604317N00851804EA0000000761
B1034195604344N00851580EA0000000750
B1034245604354N00851437EA0000000766
B1034365604356N00851242EA0000000839
B1034435604346N00851148EA0000000825
B1034495604340N00851022EA0000000796
B1034585604339N00850784EA0000000795
B1035045604343N00850636EA0000000820
B1035105604347N00850521EA0000000849
B1035155604350N00850420EA0000000834
B1035205604356N00850296EA0000000834
B1035255604362N00850189EA0000000865
B1035305604362N00850099EA0000000878
B1035355604357N00850031EA0000000902
B1035405604344N00849962EA0000000915
B1035465604330N00849873EA0000000930
B1035515604320N00849810EA0000000948
B1035565604309N00849746EA0000000950
B1036025604307N00849659EA0000000961
B1036085604325N00849582EA0000000984
B1036135604344N00849534EA0000000991
B1036195604366N00849449EA0000000985
B1036255604396N00849343EA0000000964
B1036325604440N00849193EA0000000959
B1036385604478N00849069EA0000000971
B1036455604524N00848923EA0000000973
B1036515604563N00848804EA0000001001
B1036565604590N00848736EA0000001023
B1037015604621N00848663EA0000000995
B1037075604672N00848530EA0000000978
B1037145604732N00848373EA0000000991
B1037255604830N00848156EA0000000988
B1037315604876N00848038EA0000000981
B1037405604949N00847863EA0000000961
B1037455604990N00847755EA0000000942
B1037545605067N00847558EA0000000933
B1038015605123N00847419EA0000000934
B1038115605202N00847209EA0000000923
B1038325605386N00846744EA0000000895
B1038375605431N00846633EA0000000891
B1038425605472N00846519EA0000000890
B1038525605554N00846310EA0000000913
B1038575605585N00846223EA0000000935
B1039035605614N00846152EA0000000967
B1039105605644N00846080EA0000000981
B1039225605706N00845932EA0000000934
B1039315605787N00845748EA0000000919
B1039375605841N00845629EA0000000925
B1039445605867N00845493EA0000000941
B1039495605786N00845466EA0000000942
B1039545605684N00845516EA0000000953
B1040025605544N00845628EA0000000969
B1040075605471N00845734EA0000000991
B1040125605409N00845841EA0000001012
B1040195605332N00846025EA0000000985
B1040255605283N00846282EA0000000958
B1040325605224N00846601EA0000000976
B1040375605187N00846827EA0000000954
B1040445605116N00847170EA0000000932
B1040515605019N00847511EA0000000905
B1040565604944N00847752EA0000000894
B1041015604869N00847991EA0000000884
B1041105604729N00848425EA0000000861
B1041165604639N00848716EA0000000852
B1041255604514N00849159EA0000000829
B1041305604446N00849404EA0000000816
B1041365604367N00849695EA0000000807
B1041435604276N00850029EA0000000799
B1041485604209N00850260EA0000000801
B1041555604126N00850580EA0000000811
B1042035604033N00850946EA0000000802
B1042125603949N00851381EA0000000797
B1042175603906N00851626EA0000000795
B1042265603823N00852071EA0000000784
B1042315603779N00852323EA0000000802
B1042375603737N00852538EA0000000877
B1042425603699N00852696EA0000000877
B1042485603639N00852934EA0000000831
B1042545603570N00853224EA0000000827
B1042595603515N00853466EA0000000831
B1043045603461N00853704EA0000000827
B1043115603390N00854046EA0000000824
B1043165603347N00854290EA0000000831
B1043225603296N00854581EA0000000831
B1043295603243N00854924EA0000000836
B1043345603202N00855164EA0000000833
B1043405603156N00855454EA0000000833
B1043475603121N00855802EA0000000822
B1043525603105N00856049EA0000000820
B1044025603074N00856528EA0000000819
B1044085603061N00856816EA0000000814
B1044135603051N00857052EA0000000821
B1044185603019N00857282EA0000000835
B1044235602973N00857461EA0000000896
B1044305602914N00857653EA0000000921
B1044365602858N00857813EA0000000922
B1044425602798N00858000EA0000000895
B1044505602728N00858298EA0000000894
B1044565602700N00858499EA0000000923
B1045015602693N00858654EA0000000914
B1045065602692N00858836EA0000000887
B1045125602689N00859098EA0000000869
B1045195602686N00859419EA0000000860
B1045255602669N00859710EA0000000847
B1045305602645N00859964EA0000000863
B1045355602623N00900158EA0000000940
B1045405602604N00900307EA0000000939
B1045455602582N00900500EA0000000879
B1045505602561N00900747EA0000000881
B1045565602546N00901027EA0000000912
B1046015602537N00901257EA0000000906
B1046085602516N00901595EA0000000899
B1046145602486N00901897EA0000000885
B1046205602449N00902229EA0000000869
B1046265602413N00902561EA0000000875
B1046325602382N00902879EA0000000874
B1046385602352N00903184EA0000000875
B1046455602324N00903526EA0000000871
B1046505602302N00903773EA0000000852
B1046585602262N00904176EA0000000839
B1047055602220N00904520EA0000000843
B1047125602172N00904852EA0000000839
B1047175602150N00905081EA0000000853
B1047245602111N00905402EA0000000835
B1047305602063N00905687EA0000000826
B1047375601994N00906013EA0000000812
B1047435601933N00906294EA0000000803
B1047505601866N00906622EA0000000798
B1047595601786N00907040EA0000000787
B1048065601724N00907369EA0000000778
B1048125601672N00907645EA0000000771
B1048175601627N00907873EA0000000761
B1048245601560N00908189EA0000000755
B1048295601511N00908406EA0000000750
B1048345601454N00908618EA0000000744
B1048415601369N00908918EA0000000723
B1048475601292N00909180EA0000000712
B1048535601212N00909436EA0000000703
B1048595601134N00909684EA0000000690
B1049065601039N00909970EA0000000680
B1049135600942N00910246EA0000000659
B1049195600861N00910483EA0000000660
B1049255600776N00910701EA0000000664
B1049315600688N00910901EA0000000662
B1049365600619N00911064EA0000000669
B1049415600555N00911219EA0000000690
B1049465600501N00911340EA0000000710
B1049545600421N00911544EA0000000721
B1050005600367N00911720EA0000000723
B1050055600340N00911884EA0000000720
B1050105600309N00912067EA0000000712
B1050165600268N00912307EA0000000706
B1050245600215N00912629EA0000000712
B1050295600184N00912818EA0000000735
B1050365600154N00913042EA0000000742
B1050425600120N00913253EA0000000722
B1050475600079N00913452EA0000000700
B1050545600018N00913747EA0000000697
B1051015559957N00914030EA0000000691
B1051065559903N00914218EA0000000686
B1051145559862N00914537EA0000000687
B1051195559849N00914727EA0000000699
B1051255559798N00914947EA0000000688
B1051305559741N00915120EA0000000689
B1051355559681N00915284EA0000000689
B1051425559590N00915510EA0000000685
B1051505559478N00915750EA0000000692
B1051565559405N00915939EA0000000704
B1052015559350N00916106EA0000000701
B1052065559304N00916271EA0000000711
B1052115559264N00916453EA0000000702
B1052185559221N00916720EA0000000709
B1052235559191N00916913EA0000000707
B1052295559152N00917136EA0000000695
B1052345559088N00917314EA0000000677
B1052415558983N00917551EA0000000680
B1052465558922N00917682EA0000000730
B1052515558872N00917790EA0000000734
B1052565558817N00917895EA0000000748
B1053015558761N00918007EA0000000747
B1053065558699N00918120EA0000000751
B1053145558601N00918329EA0000000767
B1053195558540N00918461EA0000000790
B1053255558482N00918615EA0000000803
B1053305558448N00918765EA0000000829
B1053365558411N00918951EA0000000840
B1053415558385N00919113EA0000000862
B1053485558343N00919337EA0000000875
B1053535558314N00919493EA0000000883
B1053585558284N00919664EA0000000845
B1054035558253N00919881EA0000000825
B1054105558212N00920209EA0000000819
B1054155558185N00920447EA0000000836
B1054205558164N00920652EA0000000869
B1054255558149N00920845EA0000000855
B1054305558125N00921056EA0000000844
B1054365558113N00921342EA0000000818
B1054415558106N00921585EA0000000814
B1054465558099N00921825EA0000000806
B1054515558094N00922063EA0000000800
B1054575558084N00922342EA0000000796
B1055025558074N00922572EA0000000787
B1055075558066N00922802EA0000000780
B1055145558054N00923122EA0000000770
B1055195558045N00923354EA0000000771
B1055245558041N00923579EA0000000780
B1055305558029N00923850EA0000000773
B1055375558015N00924168EA0000000776
B1055425558004N00924398EA0000000773
B1055475557989N00924629EA0000000768
B1055535557974N00924897EA0000000787
B1055595557962N00925150EA0000000784
B1056045557950N00925361EA0000000802
B1056105557932N00925577EA0000000838
B1056165557923N00925770EA0000000839
B1056215557918N00925948EA0000000846
B1056285557894N00926211EA0000000835
B1056335557863N00926428EA0000000828
B1056395557803N00926670EA0000000841
B1056465557712N00926940EA0000000831
B1056515557652N00927149EA0000000825
B1056565557579N00927355EA0000000813
B1057025557481N00927594EA0000000810
B1057105557351N00927917EA0000000794
B1057175557243N00928219EA0000000798
B1057225557168N00928438EA0000000792
B1057305557056N00928801EA0000000784
B1057355556988N00929019EA0000000795
B1057405556922N00929222EA0000000805
B1057455556865N00929414EA0000000818
B1057515556806N00929616EA0000000846
B1057575556762N00929800EA0000000849
B1058045556697N00930030EA0000000807
B1058135556549N00930346EA0000000785
B1058195556444N00930555EA0000000786
B1058245556360N00930716EA0000000783
B1058295556277N00930875EA0000000776
B1058345556196N00931035EA0000000769
B1058405556108N00931243EA0000000768
B1058455556037N00931392EA0000000808
B1058505555980N00931501EA0000000832
B1058565555934N00931666EA0000000836
B1059015555912N00931834EA0000000845
B1059065555893N00932000EA0000000847
B1059125555878N00932215EA0000000852
B1059185555867N00932451EA0000000820
B1059235555855N00932695EA0000000795
B1059285555847N00932946EA0000000799
B1059345555837N00933230EA0000000811
B1059415555826N00933541EA0000000809
B1059475555818N00933800EA0000000799
B1059525555815N00934005EA0000000804
B1059575555815N00934196EA0000000798
B1100085555822N00934647EA0000000780
B1100145555833N00934886EA0000000778
B1100195555817N00935081EA0000000776
B1100245555794N00935271EA0000000774
B1100305555764N00935491EA0000000770
B1100355555750N00935680EA0000000758
B1100415555782N00935902EA0000000749
B1100465555818N00936092EA0000000731
B1100565555892N00936494EA0000000710
B1101025555931N00936741EA0000000703
B1101155556000N00937298EA0000000683
B1101245556052N00937683EA0000000674
B1101345556103N00938116EA0000000663
B1101395556124N00938332EA0000000659
B1101455556149N00938582EA0000000656
B1101515556169N00938830EA0000000637
B1101595556194N00939171EA0000000629
B1102085556217N00939540EA0000000623
B1102155556239N00939810EA0000000617
B1102215556259N00940029EA0000000614
B1102365556313N00940596EA0000000596
B1102435556327N00940837EA0000000614
B1102485556332N00941000EA0000000631
B1102535556339N00941158EA0000000656
B1102585556366N00941293EA0000000669
B1103055556429N00941472EA0000000684
B1103135556439N00941734EA0000000683
B1103205556397N00941972EA0000000669
B1103255556366N00942148EA0000000672
B1103315556334N00942348EA0000000679
B1103385556292N00942583EA0000000654
B1103455556235N00942861EA0000000632
B1103595556087N00943401EA0000000620
B1104055556020N00943617EA0000000631
B1104105555962N00943788EA0000000632
B1104155555903N00943962EA0000000622
B1104205555851N00944145EA0000000635
B1104255555804N00944307EA0000000661
B1104305555765N00944460EA0000000662
B1104365555718N00944660EA0000000658
B1104425555676N00944865EA0000000673
B1104475555649N00945026EA0000000674
B1104565555610N00945360EA0000000665
B1105185555555N00946163EA0000000670
B1105275555556N00946481EA0000000685
B1105345555566N00946716EA0000000702
B1105405555575N00946895EA0000000708
B1105475555573N00947124EA0000000714
B1106015555556N00947574EA0000000766
B1106095555602N00947770EA0000000789
B1106445555319N00948808EA0000000835
B1106525555257N00949122EA0000000816
B1107155555077N00950136EA0000000816
B1107235555023N00950499EA0000000808
B1107285554987N00950724EA0000000800
B1107335554953N00950955EA0000000798
B1107445554891N00951449EA0000000803
B1107495554867N00951666EA0000000835
B1107565554846N00951910EA0000000859
B1108055554813N00952232EA0000000843
B1108125554770N00952484EA0000000865
B1108175554739N00952636EA0000000882
B1108235554704N00952831EA0000000882
B1108295554668N00953021EA0000000888
B1108345554621N00953175EA0000000883
B1108395554565N00953327EA0000000895
B1108465554484N00953524EA0000000908
B1108525554420N00953686EA0000000926
B1108575554370N00953817EA0000000935
B1109025554323N00953956EA0000000942
B1109075554275N00954100EA0000000944
B1109125554227N00954258EA0000000959
B1109185554167N00954445EA0000000950
B1109235554119N00954644EA0000000921
B1109305554083N00954978EA0000000925
B1109355554062N00955211EA0000000937
B1109445554032N00955615EA0000000954
B1109505554015N00955876EA0000000957
B1109585553983N00956228EA0000000953
B1110055553950N00956539EA0000000958
B1110115553927N00956803EA0000000949
B1110175553906N00957061EA0000000937
B1110235553888N00957329EA0000000920
B1110295553874N00957601EA0000000910
B1110345553876N00957821EA0000000910
B1110395553898N00958026EA0000000934
B1110455553927N00958232EA0000000936
B1110555554011N00958578EA0000000913
B1111015554077N00958782EA0000000919
B1111065554133N00958945EA0000000936
B1111115554184N00959097EA0000000959
B1111165554224N00959234EA0000000974
B1111215554261N00959376EA0000000959
B1111265554301N00959536EA0000000947
B1111315554343N00959708EA0000000937
B1111395554408N00959976EA0000000935
B1111485554480N01000280EA0000000921
B1112015554572N01000740EA0000000907
B1112075554614N01000968EA0000000901
B1112145554659N01001240EA0000000886
B1112225554711N01001554EA0000000868
B1112275554744N01001753EA0000000866
B1112345554791N01002022EA0000000842
B1112405554830N01002255EA0000000830
B1112465554869N01002480EA0000000822
B1112535554906N01002741EA0000000823
B1112585554926N01002929EA0000000835
B1113035554943N01003088EA0000000866
B1113115555007N01003226EA0000000867
B1113175555010N01003167EA0000000878
B1113225554955N01003138EA0000000893
B1113285554887N01003113EA0000000911
B1113395554780N01003000EA0000000866
B1113575554549N01002710EA0000000829
B1114075554415N01002575EA0000000814
B1114365554069N01002112EA0000000759
B1114495553916N01001918EA0000000754
B1115135553623N01001577EA0000000749
B1115185553571N01001509EA0000000758
B1115245553519N01001443EA0000000777
B1115325553451N01001358EA0000000786
B1115385553407N01001298EA0000000791
B1115445553361N01001229EA0000000781
B1115515553301N01001141EA0000000759
B1115565553249N01001065EA0000000746
B1116045553166N01000944EA0000000737
B1116105553103N01000857EA0000000710
B1116165553037N01000762EA0000000703
B1116245552960N01000648EA0000000697
B1116295552931N01000565EA0000000680
B1116365552949N01000417EA0000000664
B1116425552963N01000299EA0000000673
B1116485552967N01000190EA0000000676
B1116575552968N01000064EA0000000715
B1117085552981N00959934EA0000000723
B1117165552998N00959832EA0000000733
B1117215553011N00959764EA0000000735
B1117265553021N00959698EA0000000729
B1117335553039N00959561EA0000000711
B1117415553070N00959387EA0000000717
B1117465553099N00959302EA0000000735
B1117515553127N00959222EA0000000738
B1117565553152N00959151EA0000000766
B1118035553175N00959089EA0000000784
B1118105553201N00959000EA0000000779
B1118165553218N00958919EA0000000799
B1118235553239N00958838EA0000000810
B1118285553259N00958780EA0000000801
B1118335553285N00958690EA0000000781
B1118385553313N00958577EA0000000782
B1118435553337N00958475EA0000000811
B1118505553367N00958343EA0000000821
B1118575553394N00958238EA0000000872
B1119025553413N00958186EA0000000890
B1119085553435N00958106EA0000000907
B1119145553449N00958038EA0000000918
B1119205553466N00957936EA0000000892
B1119295553505N00957707EA0000000876
B1119365553538N00957518EA0000000879
B1119415553560N00957378EA0000000880
B1119465553578N00957235EA0000000890
B1119515553591N00957115EA0000000933
B1119585553603N00956977EA0000000951
B1120055553617N00956837EA0000000967
B1120105553622N00956751EA0000000989
B1120155553631N00956649EA0000000961
B1120205553656N00956512EA0000000934
B1120265553694N00956328EA0000000941
B1120315553728N00956181EA0000000960
B1120365553758N00956071EA0000001016
B1120415553775N00956013EA0000001054
B1120465553792N00955951EA0000001029
B1120525553830N00955803EA0000000981
B1121065553881N00955355EA0000000981
B1121125553891N00955162EA0000000989
B1121175553895N00955010EA0000001010
B1121225553899N00954865EA0000001020
B1121305553903N00954674EA0000001071
B1121355553912N00954565EA0000001076
B1121405553928N00954455EA0000001094
B1121485553947N00954334EA0000001133
B1121545553945N00954248EA0000001143
B1121595553953N00954165EA0000001137
B1122045553975N00954053EA0000001107
B1122095554002N00953914EA0000001094
B1122205554052N00953596EA0000001085
B1122275554082N00953385EA0000001083
B1122345554103N00953171EA0000001066
B1122415554117N00952949EA0000001048
B1122495554146N00952696EA0000001047
B1122555554180N00952522EA0000001069
B1123005554203N00952404EA0000001064
B1123055554234N00952265EA0000001036
B1123125554287N00952044EA0000001027
B1123195554352N00951831EA0000001039
B1123245554399N00951699EA0000001067
B1123295554447N00951586EA0000001062
B1123355554503N00951443EA0000001053
B1123415554563N00951308EA0000001081
B1123495554641N00951158EA0000001051
B1123555554709N00951000EA0000001038
B1124005554758N00950855EA0000001036
B1124075554814N00950636EA0000001043
B1124125554844N00950478EA0000001048
B1124235554906N00950119EA0000001046
B1124315554969N00949864EA0000001042
B1124365555027N00949716EA0000001048
B1124425555093N00949568EA0000001092
B1124545555206N00949322EA0000001072
B1124595555261N00949192EA0000001057
B1125085555355N00948961EA0000001058
B1125145555417N00948806EA0000001066
B1125195555462N00948678EA0000001065
B1125245555508N00948542EA0000001049
B1125295555560N00948389EA0000001047
B1125345555612N00948235EA0000001059
B1125405555659N00948102EA0000001111
B1125465555718N00947980EA0000001069
B1125535555802N00947799EA0000001074
B1126005555886N00947618EA0000001085
B1126075555971N00947438EA0000001083
B1126135556042N00947279EA0000001089
B1126195556115N00947112EA0000001087
B1126245556171N00946976EA0000001095
B1126295556227N00946844EA0000001088
B1126355556299N00946681EA0000001090
B1126405556360N00946547EA0000001073
B1126455556426N00946412EA0000001063
B1126555556549N00946144EA0000001070
B1127025556626N00945953EA0000001057
B1127075556681N00945814EA0000001056
B1127145556755N00945622EA0000001050
B1127225556831N00945394EA0000001041
B1127275556878N00945251EA0000001037
B1127365556933N00945022EA0000001055
B1127425556949N00944879EA0000001039
B1127505556984N00944659EA0000001020
B1127555557010N00944521EA0000001019
B1128015557041N00944368EA0000001022
B1128065557062N00944232EA0000000995
B1128115557082N00944088EA0000000994
B1128195557111N00943877EA0000001005
B1128245557131N00943748EA0000000993
B1128325557161N00943533EA0000000997
B1128375557172N00943407EA0000001010
B1128425557183N00943288EA0000001014
B1128495557199N00943105EA0000001010
B1128545557211N00942979EA0000001020
B1128595557225N00942873EA0000001026
B1129045557242N00942772EA0000001007
B1129105557261N00942627EA0000000977
B1129175557275N00942424EA0000000965
B1129225557280N00942286EA0000000982
B1129385557321N00941855EA0000000962
B1129525557339N00941499EA0000000965
B1129595557371N00941314EA0000000975
B1130055557409N00941178EA0000000975
B1130105557448N00941061EA0000000949
B1130165557502N00940901EA0000000922
B1130225557569N00940738EA0000000906
B1130295557644N00940581EA0000000927
B1130355557701N00940444EA0000000897
B1130405557755N00940311EA0000000898
B1130455557806N00940200EA0000000923
B1130505557848N00940099EA0000000938
B1130595557921N00939908EA0000000937
B1131045557958N00939788EA0000000944
B1131095557998N00939669EA0000000943
B1131185558076N00939459EA0000000946
B1131265558147N00939290EA0000000973
B1131345558221N00939123EA0000000976
B1131405558291N00939008EA0000000988
B1131465558367N00938922EA0000001013
B1131515558431N00938865EA0000001013
B1131565558499N00938802EA0000000990
B1132025558585N00938715EA0000000984
B1132095558679N00938620EA0000000999
B1132185558741N00938477EA0000000973
B1132245558771N00938313EA0000000969
B1132315558788N00938158EA0000001002
B1132365558797N00938070EA0000000989
B1132415558819N00937948EA0000000954
B1132565558884N00937513EA0000000939
B1133015558903N00937367EA0000000942
B1133065558914N00937225EA0000000941
B1133165558917N00936960EA0000001008
B1133225558905N00936848EA0000001034
B1133275558894N00936764EA0000001045
B1133355558897N00936550EA0000000984
B1133405558908N00936376EA0000000986
B1133465558923N00936170EA0000000990
B1133545558938N00935905EA0000000989
B1133595558950N00935742EA0000000985
B1134065558964N00935514EA0000000980
B1134125558979N00935313EA0000000962
B1134195559005N00935074EA0000000939
B1134275559036N00934813EA0000000927
B1134355559069N00934546EA0000000899
B1134405559081N00934376EA0000000897
B1134485559089N00934103EA0000000863
B1134585559090N00933757EA0000000823
B1135065559089N00933490EA0000000818
B1135145559070N00933255EA0000000833
B1135205559054N00933087EA0000000846
B1135285559026N00932926EA0000000889
B1135355558992N00932808EA0000000921
B1135415559001N00932725EA0000000925
B1135515559052N00932506EA0000000873
B1135575559091N00932321EA0000000856
B1136035559128N00932142EA0000000855
B1136085559159N00931993EA0000000851
B1136145559196N00931813EA0000000851
B1136195559225N00931670EA0000000843
B1136255559251N00931495EA0000000813
B1136315559270N00931305EA0000000810
B1136395559283N00931124EA0000000906
B1136445559286N00931056EA0000000911
B1136505559298N00930960EA0000000912
B1136585559333N00930842EA0000000917
B1137075559372N00930719EA0000000923
B1137125559398N00930614EA0000000920
B1137175559420N00930516EA0000000958
B1137225559438N00930447EA0000000983
B1137295559465N00930354EA0000001007
B1137345559479N00930277EA0000001028
B1137445559485N00930122EA0000001038
B1137525559494N00930003EA0000001064
B1137575559508N00929943EA0000001065
B1138055559552N00929780EA0000001017
B1138125559612N00929580EA0000000998
B1138195559670N00929382EA0000000992
B1138265559725N00929180EA0000000969
B1138355559797N00928919EA0000000935
B1138435559875N00928688EA0000000915
B1138515559965N00928459EA0000000899
B1138595600045N00928239EA0000000889
B1139065600092N00928040EA0000000888
B1139115600118N00927914EA0000000910
B1139195600157N00927730EA0000000934
B1139255600178N00927607EA0000000968
B1139305600203N00927517EA0000000965
B1139355600243N00927439EA0000000997
B1139415600279N00927368EA0000000987
B1139555600409N00927028EA0000000954
B1140075600517N00926742EA0000000943
B1140145600580N00926574EA0000000928
B1140205600621N00926423EA0000000917
B1140265600652N00926267EA0000000905
B1140345600687N00926057EA0000000890
B1140435600756N00925878EA0000000901
B1140535600839N00925692EA0000000886
B1141015600880N00925520EA0000000880
B1141105600904N00925283EA0000000854
B1141155600917N00925138EA0000000846
B1141235600930N00924907EA0000000848
B1141325600971N00924677EA0000000870
B1141385601006N00924556EA0000000861
B1141455601049N00924389EA0000000858
B1141535601066N00924188EA0000000850
B1142035601059N00923922EA0000000832
B1142175601050N00923499EA0000000769
B1142265601041N00923221EA0000000754
B1142385601034N00922878EA0000000741
B1142435601035N00922753EA0000000736
B1142505601053N00922585EA0000000728
B1142565601091N00922456EA0000000720
B1143045601168N00922309EA0000000702
B1143105601228N00922202EA0000000699
B1143205601317N00922046EA0000000725
B1143285601372N00921959EA0000000738
B1143335601388N00921869EA0000000739
B1143415601407N00921751EA0000000741
B1143465601418N00921657EA0000000735
B1143515601418N00921576EA0000000744
B1143565601419N00921480EA0000000707
B1144035601421N00921308EA0000000703
B1144085601417N00921205EA0000000717
B1144145601398N00921096EA0000000726
B1144205601361N00920992EA0000000737
B1144285601324N00920888EA0000000738
B1144345601312N00920785EA0000000736
B1144475601349N00920507EA0000000697
B1144585601380N00920234EA0000000698
B1145045601390N00920099EA0000000739
B1145125601421N00920022EA0000000764
B1145175601426N00919959EA0000000755
B1145225601412N00919875EA0000000764
B1145275601397N00919800EA0000000768
B1145335601373N00919691EA0000000739
B1145395601336N00919562EA0000000733
B1145475601271N00919409EA0000000723
B1145565601197N00919225EA0000000692
B1146055601129N00919030EA0000000692
B1146185601067N00918782EA0000000710
B1146285601088N00918651EA0000000735
B1146345601109N00918566EA0000000739
B1146405601120N00918466EA0000000761
B1146455601132N00918396EA0000000781
B1146585601169N00918181EA0000000749
B1147035601187N00918067EA0000000746
B1147125601222N00917864EA0000000743
B1147205601249N00917690EA0000000739
B1147275601278N00917533EA0000000722
B1147345601309N00917377EA0000000728
B1147395601333N00917278EA0000000728
B1147455601359N00917148EA0000000716
B1147505601377N00917033EA0000000726
B1147565601388N00916931EA0000000770
B1148035601397N00916832EA0000000760
B1148085601404N00916721EA0000000749
B1148135601410N00916590EA0000000759
B1148185601420N00916488EA0000000799
B1148245601431N00916400EA0000000828
B1148295601438N00916323EA0000000826
B1148345601447N00916229EA0000000815
B1148405601462N00916072EA0000000793
B1148455601474N00915927EA0000000803
B1148515601484N00915757EA0000000803
B1148565601484N00915609EA0000000804
B1149015601481N00915462EA0000000803
B1149095601474N00915229EA0000000803
B1149155601469N00915053EA0000000799
B1149225601464N00914846EA0000000802
B1149325601455N00914580EA0000000811
B1149385601435N00914424EA0000000808
B1149455601367N00914254EA0000000811
B1149515601298N00914134EA0000000800
B1150015601171N00913917EA0000000767
B1150065601105N00913811EA0000000755
B1150145601001N00913665EA0000000775
B1150195600944N00913604EA0000000801
B1150275600856N00913522EA0000000805
B1150325600803N00913488EA0000000816
B1150425600747N00913380EA0000000828
B1150495600768N00913265EA0000000809
B1150545600791N00913164EA0000000796
B1151015600827N00912999EA0000000777
B1151085600857N00912822EA0000000771
B1151155600872N00912650EA0000000784
B1151305600872N00912342EA0000000832
B1151385600852N00912185EA0000000790
B1151435600839N00912054EA0000000782
B1151495600827N00911903EA0000000788
B1151545600819N00911784EA0000000789
B1151595600812N00911658EA0000000795
B1152065600802N00911514EA0000000826
B1152115600803N00911416EA0000000815
B1152185600820N00911230EA0000000796
B1152245600841N00911069EA0000000829
B1152295600852N00910978EA0000000865
B1152345600877N00910932EA0000000875
B1152405600918N00910886EA0000000855
B1152465600978N00910793EA0000000832
B1152535601050N00910672EA0000000838
B1152585601100N00910589EA0000000828
B1153035601154N00910491EA0000000815
B1153095601225N00910370EA0000000825
B1153165601306N00910243EA0000000837
B1153225601370N00910154EA0000000867
B1153275601417N00910090EA0000000886
B1153325601453N00910043EA0000000904
B1153385601496N00909991EA0000000892
B1153435601539N00909929EA0000000892
B1153485601582N00909858EA0000000886
B1153545601636N00909777EA0000000913
B1153595601671N00909720EA0000000919
B1154055601714N00909647EA0000000896
B1154105601764N00909557EA0000000857
B1154185601853N00909371EA0000000833
B1154275601942N00909160EA0000000834
B1154325601983N00909048EA0000000868
B1154375602012N00908982EA0000000909
B1154425602040N00908923EA0000000909
B1154485602066N00908827EA0000000922
B1154545602081N00908720EA0000000933
B1154595602095N00908647EA0000000932
B1155055602121N00908519EA0000000902
B1155115602152N00908370EA0000000910
B1155165602177N00908233EA0000000912
B1155215602198N00908135EA0000000981
B1155275602212N00908069EA0000001008
B1155325602221N00908010EA0000001011
B1155375602239N00907937EA0000001005
B1155425602258N00907852EA0000000991
B1155485602274N00907705EA0000000973
B1155535602285N00907577EA0000000997
B1155585602307N00907468EA0000001006
B1156065602347N00907293EA0000001007
B1156125602387N00907143EA0000000994
B1156195602434N00906984EA0000001029
B1156255602459N00906858EA0000001022
B1156305602485N00906756EA0000001054
B1156355602505N00906696EA0000001081
B1156405602525N00906647EA0000001081
B1156455602555N00906576EA0000001044
B1156525602610N00906429EA0000001026
B1156575602652N00906323EA0000001014
B1157045602709N00906181EA0000001023
B1157095602752N00906090EA0000001027
B1157145602805N00906017EA0000001042
B1157195602860N00905955EA0000001046
B1157245602914N00905891EA0000001068
B1157295602966N00905836EA0000001092
B1157345602996N00905778EA0000001106
B1157395603001N00905703EA0000001098
B1157455602981N00905596EA0000001080
B1157515602933N00905446EA0000001042
B1157575602872N00905265EA0000001034
B1158025602814N00905118EA0000001034
B1158105602712N00904894EA0000001021
B1158155602646N00904756EA0000001011
B1158225602546N00904564EA0000000986
B1158285602458N00904406EA0000000973
B1158345602375N00904248EA0000000960
B1158405602301N00904087EA0000000953
B1158455602243N00903962EA0000000952
B1158515602168N00903813EA0000000928
B1158585602071N00903638EA0000000907
B1159045601984N00903498EA0000000899
B1159095601909N00903387EA0000000888
B1159145601829N00903288EA0000000887
B1159195601753N00903198EA0000000895
B1159275601625N00903085EA0000000888
B1159335601518N00903021EA0000000867
B1159425601353N00902913EA0000000851
B1159475601280N00902827EA0000000841
B1159525601272N00902686EA0000000802
B1200015601327N00902406EA0000000787
B1200095601358N00902155EA0000000795
B1200145601374N00902003EA0000000793
B1200205601402N00901809EA0000000785
B1200275601420N00901599EA0000000801
B1200345601409N00901383EA0000000800
B1200395601384N00901262EA0000000845
B1200455601377N00901168EA0000000861
B1200505601384N00901077EA0000000822
B1200555601393N00900934EA0000000792
B1201015601404N00900737EA0000000780
B1201065601406N00900570EA0000000771
B1201125601403N00900366EA0000000759
B1201185601395N00900168EA0000000759
B1201235601389N00900016EA0000000765
B1201285601381N00859874EA0000000759
B1201335601371N00859731EA0000000748
B1201385601360N00859588EA0000000752
B1201435601349N00859457EA0000000758
B1201515601315N00859259EA0000000749
B1201575601270N00859111EA0000000752
B1202025601234N00859001EA0000000774
B1202075601209N00858901EA0000000771
B1202125601186N00858801EA0000000767
B1202195601142N00858654EA0000000766
B1202255601098N00858528EA0000000759
B1202305601091N00858424EA0000000748
B1202365601140N00858326EA0000000715
B1202425601209N00858239EA0000000707
B1202495601295N00858156EA0000000711
B1202545601354N00858105EA0000000707
B1202595601409N00858042EA0000000694
B1203045601472N00857983EA0000000691
B1203115601564N00857914EA0000000709
B1203165601622N00857887EA0000000735
B1203245601707N00857900EA0000000761
B1203295601756N00857885EA0000000766
B1203345601751N00857816EA0000000791
B1203395601684N00857845EA0000000808
B1203465601705N00858024EA0000000839
B1203515601726N00857973EA0000000849
B1203565601661N00858023EA0000000863
B1204025601700N00858168EA0000000894
B1204075601710N00858114EA0000000914
B1204125601648N00858202EA0000000922
B1204185601702N00858313EA0000000945
B1204235601696N00858255EA0000000968
B1204285601632N00858348EA0000000983
B1204345601688N00858464EA0000001009
B1204395601684N00858409EA0000001029
B1204445601623N00858510EA0000001030
B1204505601683N00858603EA0000001046
B1204555601700N00858534EA0000001066
B1205005601712N00858448EA0000001014
B1205065601740N00858262EA0000000976
B1205125601767N00858058EA0000000971
B1205175601784N00857894EA0000000973
B1205225601798N00857727EA0000000977
B1205275601811N00857562EA0000000963
B1205355601814N00857308EA0000000982
B1205425601814N00857119EA0000001005
B1205475601823N00856983EA0000000980
B1205545601846N00856776EA0000000953
B1205595601867N00856630EA0000000949
B1206055601891N00856453EA0000000945
B1206105601911N00856309EA0000000952
B1206185601955N00856094EA0000000950
B1206265602019N00855885EA0000000945
B1206365602110N00855635EA0000000961
B1206445602183N00855449EA0000000962
B1206515602248N00855283EA0000000943
B1206565602290N00855152EA0000000936
B1207015602318N00855016EA0000000953
B1207075602323N00854883EA0000000990
B1207135602310N00854758EA0000000979
B1207195602288N00854629EA0000000967
B1207245602261N00854501EA0000000945
B1207305602233N00854327EA0000000936
B1207395602217N00854061EA0000000930
B1207475602207N00853832EA0000000920
B1207545602203N00853629EA0000000887
B1208025602218N00853396EA0000000873
B1208095602232N00853209EA0000000873
B1208145602244N00853080EA0000000870
B1208205602258N00852918EA0000000866
B1208265602264N00852743EA0000000859
B1208325602252N00852571EA0000000855
B1208405602225N00852339EA0000000828
B1208465602196N00852165EA0000000822
B1208515602173N00852026EA0000000809
B1208575602134N00851865EA0000000803
B1209085602069N00851580EA0000000784
B1209155602046N00851398EA0000000764
B1209205602037N00851270EA0000000757
B1209295602015N00851035EA0000000744
B1209365602005N00850849EA0000000738
B1209415602000N00850717EA0000000731
B1209475601998N00850566EA0000000724
B1209555602002N00850365EA0000000704
B1210025602009N00850199EA0000000695
B1210105602018N00850009EA0000000681
B1210165602017N00849866EA0000000683
B1210215602019N00849757EA0000000691
B1210265602025N00849670EA0000000696
B1210315602034N00849582EA0000000695
B1210365602044N00849490EA0000000710
B1210425602043N00849407EA0000000733
B1210475602036N00849328EA0000000737
B1210535602027N00849236EA0000000748
B1210585602015N00849157EA0000000755
B1211055601995N00849029EA0000000743
B1211125601977N00848873EA0000000773
B1211185601963N00848769EA0000000807
B1211235601953N00848696EA0000000819
B1211285601940N00848623EA0000000835
B1211345601922N00848549EA0000000860
B1211425601904N00848424EA0000000874
B1211495601895N00848323EA0000000899
B1211555601890N00848218EA0000000891
B1212025601888N00848096EA0000000910
B1212105601894N00847969EA0000000924
B1212225601900N00847788EA0000000924
B1212275601905N00847698EA0000000921
B1212325601911N00847587EA0000000898
B1212375601921N00847446EA0000000881
B1212425601932N00847307EA0000000886
B1212475601942N00847160EA0000000876
B1212525601952N00847008EA0000000875
B1213005601967N00846766EA0000000869
B1213065601988N00846595EA0000000882
B1213115602010N00846480EA0000000892
B1213175602046N00846347EA0000000878
B1213225602081N00846227EA0000000875
B1213315602159N00846035EA0000000862
B1213385602225N00845895EA0000000851
B1213495602331N00845674EA0000000856
B1213545602374N00845589EA0000000879
B1214055602477N00845385EA0000000834
B1214105602524N00845265EA0000000828
B1214175602580N00845092EA0000000822
B1214235602622N00844942EA0000000827
B1214295602657N00844810EA0000000847
B1214345602682N00844699EA0000000823
B1214395602712N00844567EA0000000813
B1214465602751N00844391EA0000000821
B1214535602775N00844202EA0000000819
B1214585602789N00844069EA0000000832
B1215065602806N00843865EA0000000833
B1215115602818N00843739EA0000000834
B1215165602830N00843615EA0000000824
B1215225602846N00843452EA0000000825
B1215285602862N00843291EA0000000840
B1215335602869N00843169EA0000000862
B1215405602869N00843030EA0000000867
B1215485602868N00842867EA0000000895
B1215555602858N00842754EA0000000889
B1216005602851N00842653EA0000000864
B1216065602847N00842507EA0000000850
B1216125602847N00842353EA0000000844
B1216215602861N00842121EA0000000845
B1216265602879N00841995EA0000000835
B1216315602904N00841861EA0000000827
B1216365602933N00841728EA0000000821
B1216455602994N00841489EA0000000797
B1216505603030N00841361EA0000000793
B1216585603081N00841172EA0000000788
B1217065603129N00840987EA0000000767
B1217355603219N00840290EA0000000773
B1217405603192N00840206EA0000000803
B1217465603164N00840123EA0000000826
B1217515603152N00840052EA0000000835
B1217575603144N00839965EA0000000837
B1218065603144N00839825EA0000000878
B1218115603148N00839754EA0000000880
B1218195603161N00839637EA0000000894
B1218265603170N00839535EA0000000893
B1218315603178N00839448EA0000000869
B1218375603197N00839292EA0000000834
B1218425603224N00839137EA0000000840
B1219225603485N00838052EA0000000880
B1219375603493N00837843EA0000000958
B1219425603496N00837777EA0000000967
B1219505603531N00837641EA0000000912
B1219585603578N00837390EA0000000921
B1220035603595N00837247EA0000000932
B1220085603615N00837105EA0000000915
B1220165603659N00836879EA0000000922
B1220225603686N00836726EA0000000930
B1220385603785N00836353EA0000000910
B1220435603818N00836226EA0000000894
B1220525603885N00835981EA0000000866
B1220595603928N00835778EA0000000846
B1221095603992N00835489EA0000000823
B1221155604030N00835320EA0000000808
B1221225604075N00835116EA0000000797
B1221305604135N00834878EA0000000791
B1221365604174N00834692EA0000000780
B1221415604205N00834536EA0000000773
B1221465604236N00834378EA0000000756
B1221515604265N00834218EA0000000744
B1221565604285N00834059EA0000000743
B1222015604293N00833917EA0000000759
B1222105604297N00833687EA0000000766
B1222165604338N00833546EA0000000741
B1222215604364N00833415EA0000000725
B1222305604398N00833177EA0000000741
B1222355604394N00833077EA0000000789
B1222455604396N00832954EA0000000823
B1222515604404N00832904EA0000000824
B1222585604419N00832807EA0000000802
B1223045604448N00832685EA0000000791
B1223115604486N00832517EA0000000770
B1223175604523N00832366EA0000000764
B1223245604563N00832194EA0000000762
B1223345604620N00831966EA0000000761
B1223465604690N00831706EA0000000748
B1223525604729N00831569EA0000000726
B1224035604802N00831320EA0000000733
B1224085604832N00831229EA0000000753
B1224155604863N00831128EA0000000762
B1224245604918N00830993EA0000000744
B1224325604970N00830828EA0000000719
B1224445605067N00830580EA0000000702
B1224505605117N00830460EA0000000697
B1224565605185N00830380EA0000000695
B1225025605244N00830520EA0000000717
B1225085605181N00830725EA0000000707
B1225135605103N00830856EA0000000699
B1225255604898N00831124EA0000000682
B1225305604817N00831250EA0000000683
B1225355604744N00831392EA0000000691
B1225415604671N00831558EA0000000707
B1225465604618N00831697EA0000000707
B1225515604571N00831851EA0000000697
B1225575604527N00832067EA0000000696
B1226025604506N00832249EA0000000716
B1226075604486N00832412EA0000000718
B1226155604404N00832674EA0000000693
B1226205604334N00832853EA0000000680
B1226305604186N00833207EA0000000670
B1226355604105N00833381EA0000000659
B1226465603939N00833786EA0000000669
B1226535603857N00834013EA0000000714
B1226585603811N00834166EA0000000722
B1227035603769N00834332EA0000000731
B1227095603724N00834522EA0000000736
B1227155603665N00834760EA0000000667
B1227205603599N00835007EA0000000686
B1227255603540N00835220EA0000000713
B1227325603466N00835497EA0000000706
B1227415603374N00835839EA0000000704
B1227465603327N00836025EA0000000686
B1227535603261N00836283EA0000000699
B1228035603187N00836635EA0000000688
B1228115603148N00836926EA0000000708
B1228185603106N00837147EA0000000714
B1228245603062N00837334EA0000000733
B1228315603011N00837550EA0000000738
B1228375602962N00837741EA0000000742
B1228465602894N00838028EA0000000730
B1228525602842N00838244EA0000000716
B1229005602761N00838553EA0000000707
B1229065602691N00838790EA0000000712
B1229125602618N00839026EA0000000708
B1229175602555N00839230EA0000000700
B1229245602467N00839524EA0000000703
B1229305602391N00839770EA0000000708
B1229415602266N00840233EA0000000708
B1229515602174N00840673EA0000000697
B1230085601995N00841406EA0000000710
B1230135601944N00841622EA0000000706
B1230365601829N00842620EA0000000774
B1230425601817N00842814EA0000000771
B1230485601798N00843022EA0000000792
B1230545601770N00843245EA0000000780
B1231005601728N00843496EA0000000785
B1231075601668N00843796EA0000000775
B1231165601579N00844175EA0000000764
B1231215601522N00844386EA0000000761
B1231265601463N00844596EA0000000771
B1231325601395N00844844EA0000000776
B1231375601351N00845046EA0000000807
B1231425601317N00845234EA0000000804
B1231475601278N00845442EA0000000771
B1231535601224N00845731EA0000000766
B1232035601141N00846214EA0000000792
B1232095601096N00846496EA0000000804
B1232155601052N00846772EA0000000809
B1232205601016N00846998EA0000000820
B1232255600982N00847214EA0000000813
B1232325600932N00847547EA0000000807
B1232405600881N00847917EA0000000822
B1232515600737N00848316EA0000000872
B1232565600678N00848424EA0000000896
B1233015600615N00848556EA0000000870
B1233065600543N00848741EA0000000845
B1233125600464N00848999EA0000000844
B1233175600400N00849202EA0000000864
B1233265600299N00849479EA0000000904
B1233315600255N00849628EA0000000902
B1233385600206N00849873EA0000000889
B1233435600171N00850071EA0000000863
B1233495600135N00850353EA0000000850
B1233555600117N00850644EA0000000850
B1234005600125N00850890EA0000000850
B1234105600127N00851379EA0000000854
B1234155600098N00851625EA0000000872
B1234205600059N00851837EA0000000922
B1234265600029N00852016EA0000000952
B1234325559973N00852220EA0000000929
B1234375559914N00852412EA0000000919
B1234425559860N00852613EA0000000934
B1234475559804N00852816EA0000000937
B1234535559730N00853059EA0000000936
B1234585559661N00853262EA0000000926
B1235045559583N00853523EA0000000911
B1235105559510N00853787EA0000000918
B1235175559425N00854071EA0000000940
B1235235559329N00854269EA0000000949
B1235285559256N00854433EA0000000965
B1235345559176N00854637EA0000000962
B1235395559113N00854814EA0000000959
B1235445559058N00855003EA0000000943
B1235515559007N00855319EA0000000914
B1235565558992N00855559EA0000000911
B1236035558980N00855897EA0000000920
B1236085558966N00856138EA0000000922
B1236145558947N00856428EA0000000931
B1236195558933N00856678EA0000000922
B1236275558897N00857080EA0000000940
B1236345558845N00857418EA0000000932
B1236415558787N00857762EA0000000937
B1236485558733N00858104EA0000000943
B1236535558717N00858341EA0000000968
B1236595558727N00858600EA0000000957
B1237065558760N00858920EA0000000941
B1237115558797N00859146EA0000000928
B1237165558845N00859366EA0000000927
B1237225558907N00859606EA0000000944
B1237285558980N00859856EA0000000919
B1237355559079N00900156EA0000000912
B1237495559286N00900760EA0000000880
B1237575559404N00901110EA0000000858
B1238025559476N00901324EA0000000848
B1238105559607N00901627EA0000000833
B1238165559718N00901814EA0000000816
B1238225559824N00902012EA0000000812
B1238305559945N00902294EA0000000817
B1238355559988N00902496EA0000000834
B1238405559989N00902696EA0000000857
B1238455559959N00902891EA0000000854
B1238515559898N00903116EA0000000861
B1238575559838N00903316EA0000000885
B1239035559787N00903518EA0000000854
B1239085559742N00903735EA0000000826
B1239145559692N00904017EA0000000826
B1239195559662N00904249EA0000000831
B1239255559651N00904522EA0000000832
B1239315559658N00904784EA0000000835
B1239405559674N00905170EA0000000825
B1239465559686N00905425EA0000000816
B1239545559700N00905769EA0000000789
B1240005559709N00906028EA0000000780
B1240055559716N00906237EA0000000774
B1240115559726N00906483EA0000000788
B1240165559729N00906662EA0000000809
B1240225559723N00906866EA0000000827
B1240305559709N00907130EA0000000814
B1240365559715N00907341EA0000000807
B1240415559735N00907509EA0000000817
B1240465559768N00907654EA0000000821
B1240525559806N00907845EA0000000817
B1240575559846N00908025EA0000000797
B1241045559857N00908345EA0000000789
B1241125559822N00908715EA0000000789
B1241175559792N00908935EA0000000798
B1241225559760N00909135EA0000000802
B1241285559718N00909383EA0000000774
B1241335559684N00909599EA0000000766
B1241385559648N00909823EA0000000753
B1241435559610N00910033EA0000000780
B1241515559559N00910325EA0000000786
B1241565559524N00910510EA0000000790
B1242015559487N00910711EA0000000761
B1242075559441N00910989EA0000000745
B1242135559395N00911277EA0000000737
B1242185559356N00911511EA0000000743
B1242235559318N00911739EA0000000736
B1242295559276N00912016EA0000000724
B1242355559240N00912294EA0000000717
B1242415559205N00912569EA0000000723
B1242465559180N00912764EA0000000770
B1242515559158N00912927EA0000000795
B1242565559142N00913078EA0000000796
B1243015559130N00913256EA0000000819
B1243075559111N00913450EA0000000838
B1243125559090N00913619EA0000000841
B1243185559063N00913815EA0000000850
B1243255559026N00914080EA0000000828
B1243315558966N00914325EA0000000816
B1243415558834N00914741EA0000000808
B1243465558762N00914946EA0000000799
B1243525558674N00915191EA0000000797
B1243575558600N00915390EA0000000802
B1244035558508N00915624EA0000000801
B1244115558375N00915930EA0000000796
B1244165558291N00916115EA0000000798
B1244225558189N00916336EA0000000793
B1244285558094N00916532EA0000000843
B1244345558014N00916701EA0000000843
B1244395557945N00916865EA0000000828
B1244445557884N00917054EA0000000827
B1244505557838N00917309EA0000000816
B1244555557807N00917541EA0000000803
B1245005557779N00917781EA0000000788
B1245065557744N00918066EA0000000778
B1245115557710N00918313EA0000000765
B1245165557673N00918568EA0000000755
B1245225557623N00918873EA0000000739
B1245305557529N00919249EA0000000734
B1245365557444N00919507EA0000000728
B1245415557371N00919722EA0000000716
B1245465557302N00919931EA0000000716
B1245545557204N00920244EA0000000709
B1245595557147N00920444EA0000000687
B1246045557086N00920650EA0000000663
B1246105557009N00920897EA0000000665
B1246165556934N00921128EA0000000677
B1246215556876N00921307EA0000000673
B1246265556818N00921492EA0000000679
B1246315556769N00921648EA0000000705
B1246365556726N00921804EA0000000710
B1246445556669N00922060EA0000000726
B1246495556647N00922226EA0000000734
B1246545556656N00922394EA0000000736
B1246595556671N00922562EA0000000734
B1247075556697N00922834EA0000000706
B1247125556719N00923021EA0000000692
B1247175556743N00923208EA0000000677
B1247225556767N00923392EA0000000686
B1247275556785N00923565EA0000000689
B1247355556809N00923851EA0000000663
B1247415556837N00924066EA0000000660
B1247465556858N00924242EA0000000677
B1247525556866N00924455EA0000000667
B1247585556872N00924670EA0000000664
B1248055556835N00924921EA0000000649
B1248105556783N00925088EA0000000640
B1248165556712N00925292EA0000000625
B1248225556631N00925487EA0000000617
B1248285556544N00925668EA0000000602
B1248345556448N00925848EA0000000582
B1248395556368N00926002EA0000000564
B1248485556228N00926271EA0000000576
B1248535556163N00926412EA0000000569
B1248585556092N00926562EA0000000550
B1249065555986N00926840EA0000000536
B1249135555916N00927055EA0000000574
B1249225555833N00927324EA0000000563
B1249285555776N00927499EA0000000556
B1249365555679N00927714EA0000000559
B1249435555587N00927900EA0000000543
B1249495555494N00928039EA0000000543
B1249555555404N00928181EA0000000532
B1250075555193N00928418EA0000000507
B1250125555101N00928501EA0000000513
B1250185555009N00928624EA0000000525
B1250235554946N00928720EA0000000531
B1250285554862N00928742EA0000000510
B1250335554769N00928713EA0000000492
B1250395554638N00928674EA0000000468
B1250445554540N00928637EA0000000508
B1250505554550N00928565EA0000000522
B1250565554615N00928660EA0000000540
B1251025554579N00928845EA0000000555
B1251085554502N00928848EA0000000559
B1251145554536N00928817EA0000000559
B1251195554573N00928947EA0000000576
B1251245554534N00929095EA0000000581
B1251315554464N00929064EA0000000591
B1251365554507N00929051EA0000000595
B1251415554555N00929133EA0000000604
B1251465554541N00929294EA0000000596
B1251555554512N00929601EA0000000618
B1252025554439N00929773EA0000000627
B1252075554398N00929718EA0000000625
B1252125554446N00929722EA0000000643
B1252185554483N00929884EA0000000647
B1252245554497N00930094EA0000000653
B1252295554467N00930247EA0000000657
B1252395554400N00930203EA0000000662
B1252445554460N00930216EA0000000674
B1252505554524N00930349EA0000000673
B1252565554564N00930567EA0000000663
B1253015554587N00930748EA0000000675
B1253085554620N00930998EA0000000647
B1253135554639N00931193EA0000000633
B1253185554653N00931393EA0000000614
B1253235554667N00931600EA0000000597
B1253315554690N00931911EA0000000595
B1253385554710N00932171EA0000000599
B1253435554725N00932346EA0000000591
B1253515554766N00932630EA0000000566
B1253565554799N00932806EA0000000559
B1254025554830N00933017EA0000000564
B1254085554855N00933230EA0000000556
B1254155554863N00933489EA0000000547
B1254205554848N00933676EA0000000570
B1254265554823N00933863EA0000000587
B1254365554728N00933850EA0000000587
B1254425554788N00933857EA0000000601
B1254475554831N00933993EA0000000617
B1254525554887N00934055EA0000000624
B1254595554854N00933995EA0000000641
B1255055554784N00934132EA0000000658
B1255175554851N00934233EA0000000679
B1255225554785N00934239EA0000000679
B1255315554767N00934489EA0000000696
B1255425554746N00934456EA0000000712
B1255475554700N00934599EA0000000726
B1255565554768N00934761EA0000000736
B1256045554702N00934717EA0000000749
B1256135554624N00934967EA0000000774
B1256185554650N00935114EA0000000744
B1256315554595N00935567EA0000000720
B1256375554524N00935778EA0000000735
B1256445554455N00935972EA0000000776
B1256505554399N00936118EA0000000779
B1257045554247N00936472EA0000000814
B1257225554061N00936973EA0000000855
B1257285554078N00937158EA0000000863
B1257335554104N00937315EA0000000865
B1257385554119N00937477EA0000000871
B1257455554151N00937719EA0000000869
B1257515554174N00937930EA0000000866
B1257575554200N00938166EA0000000846
B1258025554222N00938376EA0000000854
B1258075554237N00938573EA0000000848
B1258125554254N00938782EA0000000829
B1258175554265N00938999EA0000000821
B1258265554266N00939387EA0000000824
B1258325554257N00939637EA0000000853
B1258375554251N00939818EA0000000877
B1258425554248N00939999EA0000000882
B1258495554247N00940235EA0000000912
B1258565554293N00940429EA0000000905
B1259025554326N00940628EA0000000899
B1259085554365N00940853EA0000000882
B1259165554436N00941167EA0000000872
B1259225554495N00941396EA0000000868
B1259275554532N00941606EA0000000851
B1259325554565N00941823EA0000000844
B1259385554601N00942081EA0000000828
B1259435554624N00942298EA0000000823
B1259495554644N00942557EA0000000812
B1259545554663N00942777EA0000000801
B1259595554677N00942995EA0000000799
B1300085554711N00943385EA0000000776
B1300155554736N00943706EA0000000760
B1300215554745N00943984EA0000000752
B1300415554725N00944891EA0000000736
B1300485554705N00945175EA0000000734
B1300585554635N00945555EA0000000743
B1301055554580N00945786EA0000000755
B1301145554511N00946069EA0000000767
B1301275554453N00946501EA0000000779
B1301355554456N00946783EA0000000750
B1301415554462N00947035EA0000000725
B1301465554468N00947260EA0000000719
B1301515554470N00947482EA0000000724
B1301565554473N00947702EA0000000739
B1302025554470N00947934EA0000000785
B1302085554500N00948103EA0000000787
B1302175554540N00948408EA0000000754
B1302235554533N00948666EA0000000729
B1302315554535N00949021EA0000000712
B1302455554504N00949674EA0000000693
B1302535554479N00950024EA0000000714
B1302585554467N00950194EA0000000749
B1303035554492N00950325EA0000000746
B1303085554541N00950424EA0000000760
B1303155554552N00950637EA0000000757
B1303235554542N00950939EA0000000734
B1303285554533N00951148EA0000000736
B1303415554518N00951692EA0000000714
B1303475554510N00951948EA0000000706
B1303535554505N00952203EA0000000705
B1303585554497N00952384EA0000000722
B1304035554485N00952559EA0000000713
B1304085554472N00952734EA0000000728
B1304145554459N00952934EA0000000707
B1304195554438N00953117EA0000000717
B1304265554436N00953344EA0000000744
B1304315554489N00953358EA0000000752
B1304365554441N00953314EA0000000771
B1304415554386N00953438EA0000000783
B1304475554426N00953606EA0000000782
B1304525554458N00953563EA0000000800
B1304575554398N00953541EA0000000805
B1305025554327N00953655EA0000000827
B1305075554270N00953791EA0000000844
B1305165554333N00953967EA0000000856
B1305215554307N00953901EA0000000870
B1305275554234N00954052EA0000000894
B1305325554277N00954171EA0000000905
B1305375554298N00954110EA0000000911
B1305425554227N00954134EA0000000925
B1305495554224N00954362EA0000000941
B1305545554279N00954374EA0000000952
B1306025554197N00954367EA0000000968
B1306085554147N00954554EA0000001000
B1306135554158N00954719EA0000001004
B1306195554213N00954758EA0000001007
B1306255554156N00954713EA0000001016
B1306305554111N00954864EA0000001030
B1306365554135N00955070EA0000001038
B1306415554139N00955251EA0000001037
B1306465554117N00955440EA0000001023
B1306515554117N00955642EA0000001014
B1306585554167N00955917EA0000000995
B1307045554211N00956168EA0000000980
B1307105554248N00956405EA0000000972
B1307155554277N00956603EA0000000958
B1307215554313N00956840EA0000000946
B1307265554341N00957042EA0000000940
B1307315554369N00957244EA0000000933
B1307385554415N00957524EA0000000919
B1307435554457N00957717EA0000000912
B1307495554505N00957945EA0000000906
B1307545554543N00958134EA0000000893
B1308045554616N00958517EA0000000887
B1308135554676N00958856EA0000000873
B1308185554700N00959052EA0000000865
B1308265554733N00959369EA0000000854
B1308335554760N00959637EA0000000850
B1308405554779N00959901EA0000000851
B1308475554789N01000166EA0000000848
B1308545554790N01000433EA0000000860
B1308595554788N01000608EA0000000861
B1309095554786N01000982EA0000000835
B1309155554776N01001211EA0000000847
B1309215554765N01001415EA0000000874
B1309295554764N01001674EA0000000870
B1309385554790N01001956EA0000000881
B1309445554815N01002140EA0000000891
B1309495554835N01002284EA0000000892
B1309565554867N01002487EA0000000892
B1310095554912N01002906EA0000000872
B1310155554937N01003104EA0000000865
B1310235555011N01003197EA0000000862
B1310295555008N01003122EA0000000849
B1310375554958N01002955EA0000000815
B1310445554912N01002792EA0000000806
B1310515554857N01002622EA0000000795
B1310585554799N01002443EA0000000772
B1311055554733N01002257EA0000000775
B1311105554695N01002158EA0000000818
B1311155554660N01002083EA0000000829
B1311205554632N01002018EA0000000842
B1311295554589N01001873EA0000000794
B1311345554573N01001753EA0000000782
B1311405554564N01001612EA0000000783
B1311455554561N01001501EA0000000788
B1311545554559N01001341EA0000000837
B1312005554558N01001277EA0000000847
B1312065554564N01001218EA0000000844
B1312115554571N01001145EA0000000841
B1312165554573N01001068EA0000000845
B1312245554579N01000972EA0000000876
B1312315554583N01000892EA0000000868
B1312385554580N01000779EA0000000840
B1312465554580N01000586EA0000000821
B1312535554576N01000440EA0000000822
B1312585554571N01000345EA0000000826
B1313075554557N01000173EA0000000806
B1313145554530N01000028EA0000000802
B1313205554483N00959918EA0000000799
B1313375554310N00959578EA0000000745
B1313425554260N00959473EA0000000734
B1313515554185N00959282EA0000000702
B1314065554053N00958967EA0000000666
B1314115554010N00958866EA0000000662
B1314185553949N00958725EA0000000649
B1314295553851N00958502EA0000000621
B1314395553756N00958304EA0000000600
B1314515553722N00958028EA0000000573
B1314565553730N00957919EA0000000577
B1315025553737N00957813EA0000000581
B1315085553741N00957715EA0000000579
B1315265553754N00957413EA0000000559
B1315515553702N00956996EA0000000559
B1315595553675N00956888EA0000000558
B1316055553643N00956808EA0000000573
B1316325553562N00957067EA0000000611
B1316405553605N00957007EA0000000614
B1317275553552N00957537EA0000000673
B1317325553550N00957485EA0000000683
B1317435553626N00957408EA0000000652
B1317495553691N00957376EA0000000681
B1317545553726N00957355EA0000000679
B1318175553922N00957117EA0000000661
B1318265553988N00957053EA0000000674
B1319195554406N00956537EA0000000635
B1319255554435N00956490EA0000000635
B1319365554478N00956379EA0000000608
B1319435554515N00956257EA0000000602
B1319485554540N00956178EA0000000629
B1319545554546N00956127EA0000000640
B1320065554537N00955934EA0000000635
B1320125554524N00955845EA0000000663
B1320185554519N00955782EA0000000656
B1320285554483N00955636EA0000000626
B1320335554467N00955547EA0000000624
B1320385554452N00955470EA0000000619
B1320465554402N00955359EA0000000602
B1320525554343N00955291EA0000000591
B1320575554285N00955224EA0000000598
B1321025554234N00955178EA0000000609
B1321085554175N00955130EA0000000604
B1321135554123N00955092EA0000000597
B1321235554014N00954985EA0000000559
B1321335553903N00954852EA0000000542
B1321415553796N00954775EA0000000536
B1321565553574N00954682EA0000000506
B1322025553476N00954656EA0000000494
B1322115553339N00954627EA0000000483
B1322205553199N00954621EA0000000472
B1322295553059N00954650EA0000000459
B1322345552981N00954720EA0000000456
B1322415552891N00954892EA0000000470
B1322475552804N00954992EA0000000476
B1322525552753N00954952EA0000000491
B1322575552789N00954907EA0000000506
B1323025552824N00955039EA0000000513
B1323085552751N00955168EA0000000529
B1323135552730N00955089EA0000000556
B1323195552790N00955152EA0000000568
B1323245552751N00955307EA0000000587
B1323295552688N00955279EA0000000587
B1323345552725N00955234EA0000000603
B1323425552724N00955459EA0000000621
B1323475552647N00955476EA0000000618
B1323525552649N00955401EA0000000634
B1324005552706N00955575EA0000000661
B1324055552650N00955697EA0000000667
B1324165552619N00955611EA0000000687
B1324215552660N00955715EA0000000709
B1324325552538N00955815EA0000000725
B1324475552557N00956033EA0000000761
B1324525552484N00956008EA0000000771
B1325005552523N00955964EA0000000798
B1325055552551N00956110EA0000000796
B1325115552471N00956232EA0000000818
B1325165552423N00956171EA0000000830
B1325225552460N00956136EA0000000847
B1325275552496N00956262EA0000000835
B1325325552441N00956400EA0000000845
B1325375552371N00956375EA0000000865
B1325435552344N00956294EA0000000884
B1325485552347N00956205EA0000000832
B1325535552365N00956064EA0000000825
B1325585552385N00955915EA0000000828
B1326055552418N00955705EA0000000832
B1326115552444N00955534EA0000000844
B1326185552472N00955349EA0000000845
B1326245552489N00955190EA0000000859
B1326295552505N00955058EA0000000865
B1326345552521N00954926EA0000000873
B1326425552543N00954710EA0000000871
B1326475552559N00954569EA0000000864
B1326535552578N00954407EA0000000871
B1327005552601N00954211EA0000000855
B1327085552629N00953991EA0000000862
B1327135552640N00953846EA0000000870
B1327205552672N00953655EA0000000879
B1327285552729N00953441EA0000000871
B1327345552775N00953282EA0000000866
B1327425552831N00953070EA0000000860
B1327475552867N00952929EA0000000848
B1327535552909N00952761EA0000000844
B1327585552941N00952631EA0000000842
B1328045552977N00952468EA0000000840
B1328115553016N00952279EA0000000848
B1328175553057N00952120EA0000000844
B1328235553105N00951963EA0000000835
B1328415553234N00951434EA0000000837
B1328515553301N00951143EA0000000853
B1329025553362N00950820EA0000000861
B1329095553401N00950618EA0000000869
B1329175553442N00950388EA0000000859
B1329235553464N00950200EA0000000849
B1329365553503N00949788EA0000000837
B1329445553528N00949531EA0000000827
B1329495553548N00949374EA0000000816
B1329555553582N00949188EA0000000812
B1330025553638N00948984EA0000000801
B1330125553713N00948669EA0000000786
B1330215553783N00948400EA0000000795
B1330265553823N00948259EA0000000815
B1332505554287N00944011EA0000000791
B1332555554297N00943875EA0000000803
B1333055554319N00943600EA0000000817
B1333155554336N00943349EA0000000835
B1333335554362N00942922EA0000000797
B1333415554374N00942701EA0000000784
B1333475554384N00942536EA0000000766
B1333545554395N00942348EA0000000771
B1334005554409N00942208EA0000000797
B1334075554417N00942069EA0000000810
B1334145554421N00941940EA0000000835
B1334225554426N00941819EA0000000832
B1334315554447N00941589EA0000000827
B1334375554458N00941462EA0000000894
B1334435554462N00941389EA0000000920
B1334515554468N00941251EA0000000893
B1334585554481N00941056EA0000000882
B1335165554520N00940492EA0000000856
B1335245554544N00940241EA0000000853
B1335295554559N00940093EA0000000845
B1335355554579N00939918EA0000000833
B1335455554611N00939619EA0000000801
B1335505554632N00939468EA0000000786
B1335555554658N00939320EA0000000778
B1336075554738N00938984EA0000000766
B1336155554797N00938766EA0000000759
B1336265554867N00938452EA0000000762
B1336405554945N00938108EA0000000743
B1336555555004N00937721EA0000000764
B1337075555038N00937468EA0000000789
B1337145555047N00937358EA0000000806
B1338025555124N00936200EA0000000839
B1338125555128N00936011EA0000000836
B1338275555135N00935577EA0000000763
B1339145555164N00934211EA0000000660
B1339235555146N00933956EA0000000632
B1339315555119N00933737EA0000000616
B1339405555084N00933500EA0000000604
B1339485555048N00933302EA0000000593
B1339585554997N00933063EA0000000569
B1340045554964N00932926EA0000000562
B1340135554912N00932735EA0000000546
B1340185554886N00932636EA0000000545
B1340255554848N00932506EA0000000534
B1340305554822N00932412EA0000000528
B1340365554794N00932300EA0000000524
B1340415554772N00932202EA0000000523
B1340475554748N00932101EA0000000529
B1340535554719N00932001EA0000000529
B1340585554703N00931912EA0000000530
B1341035554695N00931820EA0000000525
B1341155554697N00931605EA0000000560
B1341205554693N00931554EA0000000581
B1341255554663N00931507EA0000000583
B1341315554624N00931453EA0000000574
B1341365554623N00931381EA0000000552
B1341445554628N00931234EA0000000555
B1341505554625N00931125EA0000000556
B1341565554619N00931021EA0000000547
B1342015554615N00930932EA0000000538
B1342085554609N00930805EA0000000524
B1342155554600N00930680EA0000000507
B1342235554576N00930527EA0000000496
B1342285554563N00930431EA0000000482
B1342395554544N00930220EA0000000460
B1342465554546N00930095EA0000000460
B1342515554545N00930022EA0000000466
B1342585554541N00929903EA0000000449
B1343445554540N00929229EA0000000401
B1343495554523N00929144EA0000000400
B1344045554466N00928935EA0000000439
B1344095554480N00928888EA0000000437
B1344145554521N00928982EA0000000442
B1344205554459N00929125EA0000000444
B1344295554387N00929048EA0000000469
B1344345554425N00929037EA0000000467
B1344405554450N00929209EA0000000468
B1344455554380N00929292EA0000000487
B1344515554310N00929264EA0000000491
B1344565554318N00929215EA0000000494
B1345075554337N00929075EA0000000516
B1345175554250N00928991EA0000000508
B1345235554281N00928924EA0000000481
B1345315554361N00928838EA0000000492
B1345365554400N00928785EA0000000506
B1345425554438N00928728EA0000000527
B1345495554469N00928645EA0000000546
B1345565554522N00928619EA0000000566
B1346015554533N00928764EA0000000587
B1346075554448N00928838EA0000000605
B1346125554460N00928791EA0000000597
B1346175554499N00928905EA0000000617
B1346225554436N00929034EA0000000627
B1346275554395N00928988EA0000000645
B1346325554435N00928941EA0000000663
B1346385554494N00928972EA0000000666
B1346435554550N00928987EA0000000633
B1346505554639N00928935EA0000000610
B1346565554717N00928889EA0000000613
B1347035554802N00928844EA0000000609
B1347085554860N00928797EA0000000597
B1347235555024N00928627EA0000000576
B1347305555096N00928538EA0000000562
B1347365555145N00928444EA0000000569
B1347425555185N00928339EA0000000572
B1347505555233N00928243EA0000000607
B1347565555266N00928189EA0000000629
B1348025555289N00928135EA0000000649
B1348075555266N00928068EA0000000654
B1348155555196N00927954EA0000000648
B1348205555228N00927888EA0000000655
B1348275555285N00927836EA0000000658
B1348335555324N00927740EA0000000652
B1348425555360N00927584EA0000000687
B1348485555323N00927537EA0000000706
B1348535555269N00927680EA0000000710
B1348585555317N00927790EA0000000703
B1349075555376N00927697EA0000000720
B1349125555409N00927668EA0000000725
B1349185555475N00927756EA0000000732
B1349235555543N00927757EA0000000688
B1349285555612N00927677EA0000000685
B1349335555668N00927606EA0000000731
B1349385555702N00927561EA0000000745
B1349435555739N00927499EA0000000725
B1349495555785N00927401EA0000000721
B1349575555837N00927257EA0000000718
B1350025555872N00927157EA0000000716
B1350085555915N00927048EA0000000728
B1350155555978N00926930EA0000000723
B1350205556023N00926853EA0000000732
B1350285556089N00926730EA0000000734
B1350335556129N00926647EA0000000733
B1350385556161N00926584EA0000000759
B1350435556196N00926518EA0000000737
B1350495556244N00926399EA0000000723
B1350545556286N00926287EA0000000723
B1351005556327N00926156EA0000000740
B1351055556358N00926064EA0000000760
B1351115556400N00925973EA0000000750
B1351195556487N00925860EA0000000783
B1351265556554N00925792EA0000000794
B1351325556611N00925742EA0000000780
B1351395556694N00925681EA0000000747
B1351465556786N00925593EA0000000743
B1351535556872N00925488EA0000000748
B1351585556931N00925409EA0000000746
B1352045557003N00925308EA0000000749
B1352095557060N00925229EA0000000763
B1352155557113N00925166EA0000000768
B1352285557245N00924941EA0000000743
B1352345557294N00924837EA0000000764
B1352405557334N00924737EA0000000774
B1352455557360N00924663EA0000000786
B1352505557373N00924586EA0000000789
B1352555557379N00924522EA0000000789
B1353015557395N00924403EA0000000741
B1353095557420N00924193EA0000000743
B1353145557435N00924065EA0000000749
B1353195557447N00923940EA0000000757
B1353255557466N00923791EA0000000759
B1353315557474N00923679EA0000000811
B1353395557487N00923593EA0000000814
B1353445557502N00923515EA0000000783
B1353495557523N00923398EA0000000765
B1353565557554N00923220EA0000000779
B1354055557595N00922991EA0000000767
B1354105557617N00922854EA0000000766
B1354155557642N00922708EA0000000764
B1354215557661N00922574EA0000000830
B1354275557673N00922463EA0000000802
B1354345557707N00922281EA0000000778
B1354395557732N00922136EA0000000763
B1354455557763N00921961EA0000000759
B1354505557790N00921814EA0000000767
B1354555557816N00921676EA0000000781
B1355025557848N00921510EA0000000802
B1355075557872N00921392EA0000000786
B1355125557899N00921259EA0000000790
B1355175557921N00921138EA0000000801
B1355225557943N00921010EA0000000795
B1355275557966N00920879EA0000000813
B1355335557987N00920752EA0000000845
B1355395558005N00920631EA0000000826
B1355465558030N00920453EA0000000821
B1355515558046N00920311EA0000000811
B1355565558061N00920162EA0000000803
B1356085558099N00919772EA0000000779
B1356145558116N00919584EA0000000781
B1356205558139N00919401EA0000000786
B1356255558165N00919257EA0000000816
B1356305558181N00919158EA0000000851
B1356355558192N00919067EA0000000858
B1356445558205N00918928EA0000000898
B1356505558211N00918839EA0000000914
B1356565558221N00918741EA0000000914
B1357015558229N00918668EA0000000940
B1357065558235N00918600EA0000000924
B1357115558248N00918481EA0000000873
B1357175558271N00918291EA0000000881
B1357225558287N00918133EA0000000882
B1357285558305N00917932EA0000000878
B1357335558319N00917753EA0000000881
B1357405558340N00917498EA0000000889
B1357465558358N00917281EA0000000902
B1357525558375N00917069EA0000000918
B1357585558393N00916865EA0000000908
B1358035558407N00916680EA0000000911
B1358085558421N00916495EA0000000927
B1358135558427N00916366EA0000000995
B1358185558432N00916255EA0000000970
B1358235558446N00916093EA0000000935
B1358285558463N00915904EA0000000921
B1358345558486N00915669EA0000000920
B1358395558510N00915468EA0000000916
B1358445558533N00915263EA0000000919
B1358535558572N00914895EA0000000921
B1359025558616N00914531EA0000000924
B1359115558660N00914169EA0000000940
B1359165558684N00913974EA0000000955
B1359225558711N00913753EA0000000941
B1359275558730N00913560EA0000000922
B1359325558750N00913364EA0000000916
B1359385558775N00913129EA0000000914
B1359435558793N00912935EA0000000918
B1359495558818N00912701EA0000000921
B1359565558842N00912435EA0000000905
B1400025558866N00912202EA0000000890
B1400075558886N00912008EA0000000884
B1400135558914N00911777EA0000000867
B1400205558939N00911508EA0000000839
B1400265558949N00911275EA0000000845
B1400325558960N00911044EA0000000868
B1400375558966N00910872EA0000000875
B1400425558963N00910697EA0000000855
B1400515558963N00910374EA0000000835
B1401015558965N00910001EA0000000820
B1401065558969N00909812EA0000000811
B1401115558981N00909625EA0000000803
B1401175558995N00909404EA0000000811
B1401245559021N00909156EA0000000812
B1401335559093N00908847EA0000000800
B1401405559161N00908615EA0000000801
B1401465559216N00908414EA0000000785
B1401525559267N00908211EA0000000775
B1401575559310N00908047EA0000000766
B1402035559365N00907861EA0000000757
B1402085559409N00907703EA0000000741
B1402135559447N00907540EA0000000733
B1402185559480N00907375EA0000000712
B1402235559514N00907203EA0000000694
B1402285559544N00907036EA0000000697
B1402335559571N00906876EA0000000698
B1402385559593N00906723EA0000000697
B1402435559608N00906570EA0000000702
B1402505559621N00906372EA0000000703
B1402555559620N00906228EA0000000704
B1403005559612N00906092EA0000000725
B1403095559612N00905891EA0000000748
B1403145559610N00905825EA0000000784
B1403205559612N00905739EA0000000760
B1403265559620N00905612EA0000000742
B1403365559635N00905388EA0000000722
B1403415559643N00905274EA0000000717
B1403475559650N00905142EA0000000712
B1403535559675N00905018EA0000000707
B1404005559703N00904879EA0000000716
B1404055559717N00904788EA0000000712
B1404145559741N00904625EA0000000713
B1404205559744N00904509EA0000000712
B1404275559743N00904382EA0000000722
B1404325559736N00904307EA0000000742
B1404375559733N00904244EA0000000754
B1404435559740N00904170EA0000000740
B1404505559764N00904016EA0000000731
B1404575559796N00903867EA0000000737
B1405065559835N00903739EA0000000773
B1405135559862N00903661EA0000000788
B1405185559870N00903603EA0000000804
B1405245559888N00903523EA0000000805
B1405305559915N00903442EA0000000792
B1405365559958N00903349EA0000000775
B1405415600000N00903261EA0000000773
B1405465600043N00903167EA0000000770
B1405535600101N00903031EA0000000751
B1405585600138N00902927EA0000000742
B1406085600200N00902712EA0000000726
B1406135600225N00902605EA0000000720
B1406205600272N00902452EA0000000695
B1406275600322N00902279EA0000000688
B1406335600367N00902139EA0000000682
B1406385600400N00902019EA0000000673
B1406445600446N00901879EA0000000668
B1406495600487N00901770EA0000000680
B1406545600522N00901681EA0000000674
B1407005600566N00901557EA0000000657
B1407065600617N00901429EA0000000647
B1407115600663N00901323EA0000000648
B1407165600735N00901361EA0000000644
B1407215600742N00901547EA0000000671
B1407265600682N00901705EA0000000661
B1407315600602N00901843EA0000000650
B1407365600514N00901960EA0000000650
B1407415600434N00902068EA0000000641
B1407475600338N00902200EA0000000641
B1407535600239N00902313EA0000000634
B1407595600142N00902436EA0000000647
B1408055600056N00902548EA0000000654
B1408135559966N00902765EA0000000658
B1408195559915N00902944EA0000000666
B1408255559859N00903158EA0000000652
B1408345559764N00903515EA0000000651
B1408415559688N00903795EA0000000646
B1408495559599N00904132EA0000000644
B1408565559525N00904439EA0000000630
B1409025559460N00904703EA0000000611
B1409135559340N00905194EA0000000596
B1409185559283N00905420EA0000000608
B1409235559235N00905616EA0000000636
B1409305559164N00905884EA0000000616
B1409355559105N00906079EA0000000609
B1409435559014N00906393EA0000000600
B1409525558922N00906759EA0000000610
B1409575558886N00906952EA0000000629
B1410035558856N00907176EA0000000629
B1410085558840N00907366EA0000000655
B1410135558828N00907514EA0000000684
B1410195558830N00907701EA0000000681
B1410245558807N00907875EA0000000671
B1410295558755N00908060EA0000000656
B1410355558686N00908304EA0000000658
B1410405558627N00908515EA0000000669
B1410465558570N00908730EA0000000705
B1410515558525N00908895EA0000000692
B1410565558480N00909084EA0000000685
B1411025558424N00909325EA0000000684
B1411075558383N00909519EA0000000701
B1411125558349N00909709EA0000000688
B1411185558307N00909952EA0000000669
B1411245558263N00910215EA0000000651
B1411295558222N00910436EA0000000642
B1411365558160N00910745EA0000000634
B1411415558108N00910958EA0000000630
B1411465558054N00911160EA0000000636
B1411525557981N00911388EA0000000626
B1411585557913N00911628EA0000000625
B1412035557863N00911818EA0000000644
B1412085557819N00911979EA0000000645
B1412135557786N00912158EA0000000641
B1412185557771N00912345EA0000000638
B1412245557762N00912568EA0000000636
B1412305557755N00912791EA0000000650
B1412385557744N00913084EA0000000646
B1412455557734N00913378EA0000000633
B1412505557736N00913590EA0000000636
B1412555557741N00913798EA0000000634
B1413005557747N00914003EA0000000636
B1413085557747N00914309EA0000000659
B1413135557737N00914482EA0000000654
B1413195557717N00914693EA0000000641
B1413275557657N00914976EA0000000635
B1413355557587N00915252EA0000000639
B1413405557549N00915416EA0000000648
B1413455557511N00915558EA0000000664
B1413515557431N00915646EA0000000671
B1413565557365N00915655EA0000000687
B1414015557348N00915605EA0000000681
B1414065557400N00915653EA0000000681
B1414115557405N00915822EA0000000692
B1414175557365N00916001EA0000000713
B1414225557334N00916156EA0000000712
B1414285557290N00916355EA0000000714
B1414335557253N00916516EA0000000718
B1414395557200N00916742EA0000000690
B1414455557147N00916997EA0000000688
B1414515557102N00917226EA0000000713
B1414565557068N00917399EA0000000699
B1415015557032N00917601EA0000000685
B1415115556964N00918037EA0000000673
B1415165556931N00918258EA0000000659
B1415215556897N00918491EA0000000650
B1415285556860N00918772EA0000000715
B1415335556834N00918929EA0000000712
B1415395556793N00919140EA0000000721
B1415445556760N00919298EA0000000743
B1415495556726N00919449EA0000000747
B1415545556694N00919598EA0000000778
B1416005556701N00919764EA0000000788
B1416055556731N00919882EA0000000797
B1416105556709N00920029EA0000000790
B1416155556661N00920168EA0000000813
B1416215556599N00920318EA0000000829
B1416265556550N00920446EA0000000840
B1416315556495N00920595EA0000000809
B1416365556428N00920788EA0000000789
B1416425556342N00921044EA0000000784
B1416515556220N00921436EA0000000790
B1417065556043N00922133EA0000000769
B1417135555965N00922469EA0000000763
B1417205555891N00922798EA0000000765
B1417255555839N00923032EA0000000776
B1417325555774N00923328EA0000000832
B1417405555700N00923592EA0000000848
B1417465555662N00923804EA0000000866
B1417515555634N00923993EA0000000847
B1417565555602N00924227EA0000000816
B1418015555563N00924482EA0000000807
B1418095555495N00924892EA0000000801
B1418145555452N00925142EA0000000799
B1418205555402N00925442EA0000000793
B1418255555364N00925688EA0000000794
B1418315555325N00925980EA0000000787
B1418365555293N00926226EA0000000791
B1418435555261N00926553EA0000000810
B1418485555241N00926766EA0000000821
B1418535555223N00926978EA0000000815
B1418585555207N00927204EA0000000799
B1419105555157N00927772EA0000000797
B1419165555125N00928042EA0000000781
B1419215555099N00928278EA0000000762
B1419275555064N00928577EA0000000765
B1419325555040N00928768EA0000000833
B1419395555011N00928972EA0000000849
B1419475554975N00929225EA0000000869
B1419535554946N00929421EA0000000874
B1420025554906N00929709EA0000000900
B1420075554886N00929870EA0000000910
B1420125554869N00930046EA0000000909
B1420175554850N00930226EA0000000922
B1420225554829N00930388EA0000000938
B1420285554804N00930586EA0000000941
B1420365554760N00930851EA0000000955
B1420435554721N00931082EA0000000950
B1420495554680N00931342EA0000000926
B1420555554636N00931630EA0000000937
B1421035554594N00932017EA0000000921
B1421085554570N00932276EA0000000916
B1421155554539N00932645EA0000000916
B1421235554507N00933065EA0000000921
B1421295554480N00933380EA0000000912
B1421345554440N00933652EA0000000907
B1421395554387N00933916EA0000000907
B1421455554318N00934218EA0000000912
B1421515554249N00934503EA0000000902
B1421585554166N00934824EA0000000898
B1422045554094N00935099EA0000000889
B1422115554009N00935414EA0000000887
B1422165553951N00935639EA0000000888
B1422315553783N00936293EA0000000914
B1422375553724N00936522EA0000000931
B1422425553682N00936693EA0000000949
B1422475553637N00936879EA0000000913
B1422525553588N00937109EA0000000913
B1422585553528N00937380EA0000000921
B1423065553445N00937762EA0000000912
B1423115553393N00938004EA0000000917
B1423165553337N00938245EA0000000912
B1423265553219N00938711EA0000000960
B1423325553152N00938959EA0000000958
B1423405553056N00939347EA0000000941
B1423455552997N00939594EA0000000957
B1423525552923N00939926EA0000000941
B1423585552863N00940231EA0000000972
B1424035552829N00940422EA0000001028
B1424085552796N00940617EA0000000984
B1424135552766N00940872EA0000000968
B1424215552712N00941283EA0000000964
B1424275552660N00941584EA0000000960
B1424345552590N00941931EA0000000942
B1424415552514N00942275EA0000000932
B1424475552444N00942561EA0000000925
B1424525552387N00942802EA0000000916
B1424585552321N00943098EA0000000909
B1425035552269N00943343EA0000000898
B1425125552161N00943786EA0000000896
B1425205552061N00944159EA0000000895
B1425265551962N00944410EA0000000886
B1425325551844N00944634EA0000000878
B1425395551719N00944908EA0000000872
B1425485551581N00945286EA0000000866
B1425545551488N00945524EA0000000860
B1425595551390N00945690EA0000000852
B1426045551283N00945822EA0000000854
B1426095551180N00945960EA0000000847
B1426155551060N00946153EA0000000838
B1426215550943N00946356EA0000000826
B1426275550817N00946564EA0000000806
B1426335550688N00946777EA0000000795
B1426395550559N00946985EA0000000787
B1426455550431N00947192EA0000000786
B1426535550292N00947428EA0000000869
B1426585550233N00947540EA0000000877
B1427055550142N00947748EA0000000871
B1427115550065N00947952EA0000000882
B1427185549978N00948181EA0000000882
B1427245549902N00948368EA0000000907
B1427315549802N00948596EA0000000871
B1427385549688N00948880EA0000000850
B1427445549586N00949138EA0000000839
B1427495549505N00949359EA0000000841
B1427545549426N00949578EA0000000839
B1427595549346N00949792EA0000000835
B1428075549222N00950136EA0000000828
B1428125549144N00950347EA0000000829
B1428205549017N00950675EA0000000817
B1428265548925N00950917EA0000000803
B1428315548855N00951127EA0000000795
B1428375548774N00951379EA0000000797
B1428465548656N00951738EA0000000794
B1428535548567N00951991EA0000000806
B1429015548467N00952242EA0000000829
B1429065548417N00952375EA0000000851
B1429115548369N00952509EA0000000846
B1429165548315N00952654EA0000000850
B1429215548271N00952806EA0000000858
B1429355548146N00953253EA0000000870
B1429415548088N00953428EA0000000870
B1430075547828N00954293EA0000000874
B1430145547749N00954509EA0000000894
B1430205547686N00954690EA0000000889
B1430275547624N00954917EA0000000896
B1430325547595N00955092EA0000000888
B1430375547586N00955290EA0000000885
B1430435547573N00955523EA0000000887
B1430485547561N00955720EA0000000878
B1430535547554N00955931EA0000000864
B1431005547542N00956229EA0000000865
B1431085547532N00956549EA0000000864
B1431145547523N00956785EA0000000879
B1431195547518N00956971EA0000000870
B1431245547521N00957177EA0000000871
B1431305547523N00957398EA0000000884
B1431375547535N00957663EA0000000877
B1431445547545N00957916EA0000000888
B1431505547548N00958113EA0000000886
B1431565547545N00958320EA0000000894
B1432025547536N00958530EA0000000892
B1432085547533N00958733EA0000000912
B1432155547531N00958980EA0000000895
B1432225547523N00959251EA0000000888
B1432295547516N00959518EA0000000900
B1432355547509N00959736EA0000000912
B1432405547484N00959909EA0000000936
B1432495547442N01000197EA0000000959
B1432565547409N01000419EA0000000958
B1433015547400N01000589EA0000000959
B1433065547339N01000712EA0000000964
B1433115547258N01000716EA0000000970
B1433165547176N01000703EA0000000955
B1433235547034N01000677EA0000000936
B1433305546883N01000653EA0000000915
B1433365546751N01000633EA0000000904
B1433425546624N01000601EA0000000883
B1433505546452N01000568EA0000000862
B1433555546349N01000549EA0000000846
B1434015546229N01000528EA0000000846
B1434065546129N01000515EA0000000842
B1434115546042N01000505EA0000000866
B1434165545961N01000497EA0000000868
B1434215545880N01000488EA0000000880
B1434275545786N01000480EA0000000892
B1434335545696N01000471EA0000000880
B1434415545555N01000441EA0000000847
B1434485545413N01000405EA0000000832
B1434575545221N01000374EA0000000815
B1435035545095N01000357EA0000000807
B1435085544991N01000348EA0000000801
B1435135544883N01000343EA0000000786
B1435225544683N01000315EA0000000765
B1435295544539N01000309EA0000000766
B1435345544454N01000289EA0000000760
B1435405544486N01000169EA0000000725
B1435475544540N01000028EA0000000730
B1435535544577N00959915EA0000000715
B1436015544627N00959762EA0000000710
B1436065544642N00959665EA0000000712
B1436125544663N00959565EA0000000716
B1436185544687N00959467EA0000000709
B1436235544709N00959383EA0000000716
B1436295544728N00959290EA0000000729
B1436365544753N00959190EA0000000750
B1436425544774N00959097EA0000000750
B1436475544794N00959020EA0000000762
B1436535544817N00958946EA0000000786
B1436585544841N00958887EA0000000784
B1437035544869N00958829EA0000000799
B1437095544909N00958742EA0000000783
B1437165544956N00958608EA0000000795
B1437215544994N00958502EA0000000791
B1437265545029N00958391EA0000000827
B1437325545059N00958321EA0000000872
B1437375545088N00958252EA0000000844
B1437425545133N00958137EA0000000825
B1437485545194N00957981EA0000000816
B1437555545260N00957796EA0000000815
B1438025545327N00957616EA0000000815
B1438085545389N00957476EA0000000828
B1438145545452N00957350EA0000000827
B1438245545571N00957139EA0000000833
B1438295545629N00957045EA0000000833
B1438345545689N00956945EA0000000824
B1438425545792N00956785EA0000000802
B1438525545920N00956576EA0000000774
B1438585545993N00956447EA0000000758
B1439035546050N00956339EA0000000757
B1439085546104N00956237EA0000000747
B1439195546230N00956004EA0000000705
B1439245546292N00955904EA0000000692
B1439305546361N00955791EA0000000684
B1439405546467N00955596EA0000000664
B1439465546526N00955485EA0000000656
B1439535546587N00955353EA0000000643
B1440005546643N00955223EA0000000643
B1440065546686N00955115EA0000000641
B1440125546724N00954999EA0000000631
B1440185546760N00954878EA0000000627
B1440235546782N00954791EA0000000642
B1440285546796N00954706EA0000000625
B1440335546824N00954613EA0000000603
B1440385546865N00954524EA0000000592
B1440455546917N00954393EA0000000577
B1440505546948N00954296EA0000000571
B1440555546972N00954195EA0000000571
B1441005546984N00954108EA0000000593
B1441055546999N00954036EA0000000580
B1441165547020N00953844EA0000000578
B1441215547027N00953765EA0000000600
B1441275547030N00953692EA0000000613
B1441325547027N00953640EA0000000627
B1441375547031N00953587EA0000000626
B1441445547039N00953512EA0000000639
B1441495547048N00953444EA0000000631
B1441555547071N00953340EA0000000620
B1442005547098N00953245EA0000000622
B1442055547120N00953152EA0000000638
B1442105547137N00953058EA0000000649
B1442155547148N00952982EA0000000692
B1442225547156N00952911EA0000000708
B1442295547172N00952817EA0000000711
B1442365547197N00952698EA0000000698
B1442475547243N00952506EA0000000706
B1442525547261N00952419EA0000000705
B1442595547290N00952322EA0000000720
B1443045547309N00952254EA0000000722
B1443095547327N00952194EA0000000739
B1443145547341N00952146EA0000000751
B1443195547353N00952087EA0000000733
B1443245547365N00952016EA0000000739
B1443295547371N00951955EA0000000750
B1443375547373N00951866EA0000000754
B1443435547372N00951799EA0000000774
B1443485547364N00951737EA0000000782
B1443565547355N00951647EA0000000795
B1444045547360N00951544EA0000000803
B1444095547361N00951471EA0000000804
B1444145547361N00951408EA0000000828
B1444195547363N00951348EA0000000822
B1444255547366N00951268EA0000000830
B1444305547384N00951210EA0000000813
B1444385547428N00951077EA0000000782
B1444445547458N00950981EA0000000790
B1444495547482N00950902EA0000000777
B1444565547523N00950788EA0000000767
B1445045547578N00950662EA0000000767
B1445135547647N00950539EA0000000760
B1445205547705N00950436EA0000000735
B1445255547754N00950362EA0000000748
B1445325547811N00950303EA0000000772
B1445385547857N00950256EA0000000770
B1445435547896N00950224EA0000000801
B1445485547925N00950218EA0000000799
B1445555547986N00950178EA0000000758
B1446015548059N00950098EA0000000746
B1446085548145N00950003EA0000000733
B1446175548260N00949867EA0000000711
B1446225548326N00949792EA0000000701
B1446275548393N00949724EA0000000696
B1446365548507N00949621EA0000000692
B1446425548584N00949546EA0000000669
B1446485548660N00949463EA0000000661
B1446555548747N00949373EA0000000660
B1447055548866N00949248EA0000000646
B1447135548969N00949156EA0000000634
B1447185549035N00949109EA0000000645
B1447245549105N00949053EA0000000653
B1447305549162N00948977EA0000000663
B1447405549240N00948855EA0000000679
B1447495549292N00948743EA0000000684
B1447555549329N00948665EA0000000695
B1448025549374N00948581EA0000000715
B1448075549410N00948542EA0000000699
B1448125549457N00948479EA0000000670
B1448265549575N00948254EA0000000658
B1448315549617N00948176EA0000000648
B1448455549731N00947963EA0000000624
B1448585549806N00947765EA0000000601
B1449195549882N00947404EA0000000559
B1449285549905N00947240EA0000000529
B1450585549968N00945865EA0000000409
B1451345549778N00945393EA0000000423
B1451435549697N00945302EA0000000424
B1451485549621N00945292EA0000000417
B1451535549548N00945273EA0000000425
B1452045549522N00945178EA0000000412
B1452105549552N00945142EA0000000434
B1452165549586N00945116EA0000000407
B1452265549626N00944983EA0000000402
B1452425549690N00944823EA0000000417
B1452505549721N00944762EA0000000415
B1452555549720N00944711EA0000000418
B1453085549671N00944590EA0000000413
B1453215549708N00944450EA0000000420
B1453285549696N00944383EA0000000427
B1453425549643N00944606EA0000000453
B1453485549658N00944567EA0000000459
B1454015549591N00944805EA0000000473
B1454095549626N00944768EA0000000480
B1455405549650N00944814EA0000000602
B1456015549601N00945007EA0000000655
B1456365549523N00944625EA0000000727
B1457165549665N00944103EA0000000800
B1459505549995N00941282EA0000000683
B1500015549927N00941129EA0000000686
B1500125549888N00940985EA0000000705
B1502315549919N00938566EA0000000679
B1502385549944N00938492EA0000000686
B1502475549990N00938408EA0000000689
B1502545550033N00938309EA0000000680
B1503025550092N00938185EA0000000687
B1503075550134N00938104EA0000000694
B1503125550176N00938028EA0000000716
B1503205550224N00937957EA0000000758
B1503265550256N00937923EA0000000770
B1503335550303N00937880EA0000000758
B1503385550338N00937838EA0000000759
B1503505550442N00937639EA0000000718
B1503555550486N00937538EA0000000720
B1504005550530N00937435EA0000000733
B1504065550566N00937353EA0000000789
B1504115550590N00937313EA0000000785
B1504165550621N00937267EA0000000805
B1504245550661N00937199EA0000000822
B1504305550685N00937141EA0000000838
B1504395550714N00937033EA0000000841
B1504455550733N00936964EA0000000861
B1504515550752N00936894EA0000000870
B1504595550775N00936804EA0000000900
B1505065550787N00936740EA0000000916
B1505125550806N00936682EA0000000892
B1505215550865N00936492EA0000000857
B1505275550904N00936354EA0000000868
B1505375550970N00936124EA0000000879
B1505555551094N00935743EA0000000919
B1506025551126N00935626EA0000000980
B1506095551143N00935551EA0000000967
B1506145551162N00935447EA0000000925
B1507075551449N00933940EA0000000918
B1507135551484N00933774EA0000000918
B1507195551525N00933600EA0000000904
B1507245551563N00933456EA0000000902
B1507295551600N00933318EA0000000905
B1507355551638N00933151EA0000000898
B1508125551820N00932211EA0000000952
B1508345551916N00931748EA0000000901
B1509095552022N00930792EA0000000854
B1509175552035N00930585EA0000000893
B1509235552038N00930463EA0000000894
B1510025552215N00929454EA0000000848
B1510075552263N00929345EA0000000844
B1510155552343N00929169EA0000000836
B1510235552425N00928987EA0000000834
B1510285552479N00928873EA0000000826
B1510355552560N00928716EA0000000817
B1510435552644N00928533EA0000000820
B1510505552712N00928374EA0000000806
B1510565552772N00928230EA0000000798
B1511025552837N00928093EA0000000785
B1511165552932N00927807EA0000000825
B1511225552967N00927764EA0000000837
B1511285553034N00927715EA0000000779
B1511365553146N00927597EA0000000758
B1511415553213N00927521EA0000000758
B1511465553278N00927453EA0000000754
B1511555553400N00927330EA0000000749
B1512035553497N00927200EA0000000747
B1512165553641N00926973EA0000000727
B1512225553702N00926855EA0000000717
B1512275553751N00926756EA0000000705
B1512365553828N00926569EA0000000692
B1512435553872N00926417EA0000000684
B1512485553900N00926305EA0000000674
B1512585553944N00926098EA0000000687
B1513215554008N00925695EA0000000693
B1513285554028N00925620EA0000000708
B1513345554055N00925577EA0000000697
B1513405554107N00925545EA0000000682
B1513465554169N00925508EA0000000663
B1513545554261N00925446EA0000000641
B1514005554333N00925402EA0000000641
B1514055554389N00925387EA0000000659
B1514125554473N00925391EA0000000648
B1514175554537N00925400EA0000000641
B1514235554622N00925416EA0000000619
B1514295554707N00925439EA0000000604
B1514355554794N00925449EA0000000589
B1514445554928N00925457EA0000000568
B1514515555026N00925455EA0000000557
B1514565555094N00925445EA0000000553
B1515015555160N00925434EA0000000544
B1515095555270N00925418EA0000000529
B1515145555337N00925401EA0000000522
B1515215555420N00925366EA0000000519
B1515265555472N00925338EA0000000510
B1515345555552N00925295EA0000000501
B1515395555600N00925273EA0000000497
B1515445555640N00925236EA0000000485
B1515505555664N00925153EA0000000479
B1515575555701N00925080EA0000000484
B1516025555737N00925056EA0000000492
B1516115555801N00925031EA0000000491
B1516165555829N00924992EA0000000495
B1516235555854N00924908EA0000000506
B1516315555852N00924794EA0000000504
B1516365555786N00924769EA0000000516
B1516415555722N00924887EA0000000503
B1516465555710N00925058EA0000000507
B1516545555674N00925309EA0000000501
B1516595555641N00925466EA0000000488
B1517045555604N00925619EA0000000496
B1517105555555N00925783EA0000000505
B1517155555504N00925919EA0000000500
B1517225555445N00926130EA0000000500
B1517275555413N00926283EA0000000498
B1517345555375N00926504EA0000000492
B1517405555351N00926701EA0000000485
B1517465555320N00926897EA0000000471
B1517515555289N00927070EA0000000465
B1517575555262N00927273EA0000000464
B1518025555250N00927444EA0000000462
B1518075555243N00927610EA0000000466
B1518135555232N00927795EA0000000478
B1518185555248N00927937EA0000000467
B1518245555311N00927999EA0000000469
B1518355555327N00927861EA0000000477
B1518415555359N00927832EA0000000478
B1518465555384N00927792EA0000000485
B1518515555390N00927721EA0000000474
B1519005555402N00927575EA0000000481
B1519185555424N00927281EA0000000522
B1519245555457N00927244EA0000000534
B1519305555481N00927405EA0000000528
B1519355555408N00927519EA0000000529
B1519415555344N00927463EA0000000537
B1519475555339N00927371EA0000000558
B1519545555369N00927307EA0000000565
B1520035555431N00927283EA0000000552
B1520105555454N00927172EA0000000545
B1520165555469N00927080EA0000000567
B1520215555480N00927024EA0000000561
B1520365555514N00926816EA0000000580
B1520445555539N00926731EA0000000577
B1520505555525N00926659EA0000000600
B1520565555510N00926598EA0000000604
B1521035555490N00926523EA0000000609
B1521095555476N00926447EA0000000601
B1521155555452N00926356EA0000000574
B1521255555394N00926169EA0000000554
B1521315555356N00926056EA0000000544
B1521425555284N00925855EA0000000532
B1521495555235N00925740EA0000000530
B1521545555198N00925657EA0000000522
B1522005555155N00925558EA0000000519
B1522065555111N00925454EA0000000506
B1522165555042N00925276EA0000000520
B1522275554980N00925094EA0000000512
B1522325554954N00925014EA0000000526
B1522375554929N00924939EA0000000520
B1522425554911N00924858EA0000000533
B1522485554890N00924788EA0000000553
B1522535554889N00924730EA0000000555
B1523015554908N00924636EA0000000567
B1523065554917N00924566EA0000000566
B1523115554931N00924489EA0000000570
B1523175554945N00924412EA0000000587
B1523235554960N00924331EA0000000583
B1523325554987N00924184EA0000000569
B1523395555012N00924063EA0000000572
B1523525555050N00923892EA0000000607
B1523585555055N00923819EA0000000616
B1524035555057N00923761EA0000000622
B1524085555065N00923697EA0000000629
B1524135555076N00923639EA0000000637
B1524205555090N00923556EA0000000662
B1524255555111N00923520EA0000000675
B1524305555153N00923592EA0000000677
B1524355555126N00923755EA0000000677
B1524415555032N00923792EA0000000679
B1524505555015N00923654EA0000000720
B1524565555039N00923592EA0000000748
B1525015555067N00923547EA0000000764
B1525065555098N00923502EA0000000766
B1525115555131N00923426EA0000000753
B1525195555176N00923282EA0000000767
B1525245555198N00923209EA0000000775
B1525315555236N00923075EA0000000752
B1525365555262N00922964EA0000000746
B1525415555289N00922847EA0000000741
B1525465555318N00922727EA0000000738
B1525565555362N00922496EA0000000752
B1526045555393N00922315EA0000000749
B1526095555399N00922201EA0000000765
B1526155555401N00922094EA0000000795
B1526315555433N00921826EA0000000808
B1526375555451N00921745EA0000000802
B1526445555470N00921636EA0000000815
B1526505555491N00921555EA0000000834
B1526565555514N00921474EA0000000805
B1527085555577N00921205EA0000000837
B1527155555603N00921073EA0000000819
B1527215555618N00920925EA0000000815
B1527275555627N00920769EA0000000808
B1527335555629N00920646EA0000000876
B1527405555634N00920568EA0000000893
B1527465555638N00920487EA0000000894
B1527545555640N00920379EA0000000930
B1528015555644N00920278EA0000000944
B1528085555646N00920177EA0000000930
B1528165555648N00919986EA0000000912
B1528215555642N00919848EA0000000917
B1528265555634N00919713EA0000000907
B1528325555625N00919554EA0000000911
B1528385555616N00919402EA0000000916
B1528445555606N00919253EA0000000918
B1528505555596N00919123EA0000000927
B1528565555587N00918997EA0000000927
B1529015555583N00918890EA0000000916
B1529065555586N00918770EA0000000905
B1529115555588N00918648EA0000000900
B1529175555594N00918507EA0000000894
B1529245555606N00918341EA0000000875
B1529315555614N00918171EA0000000863
B1529365555621N00918053EA0000000859
B1529435555635N00917897EA0000000855
B1529515555650N00917712EA0000000845
B1529565555659N00917588EA0000000845
B1530025555671N00917434EA0000000843
B1530125555684N00917185EA0000000844
B1530205555698N00916997EA0000000849
B1530265555709N00916862EA0000000870
B1530315555715N00916776EA0000000891
B1530365555729N00916688EA0000000860
B1530435555767N00916526EA0000000851
B1530505555804N00916357EA0000000850
B1530565555842N00916214EA0000000851
B1531035555886N00916047EA0000000852
B1531115555940N00915874EA0000000858
B1531165555975N00915771EA0000000858
B1531235556024N00915633EA0000000854
B1531325556091N00915456EA0000000854
B1531375556126N00915363EA0000000852
B1531445556181N00915238EA0000000828
B1531535556263N00915086EA0000000814
B1531595556315N00914987EA0000000791
B1532075556396N00914856EA0000000781
B1532135556454N00914759EA0000000768
B1532185556499N00914683EA0000000764
B1532265556567N00914565EA0000000741
B1532345556644N00914448EA0000000719
B1532395556697N00914384EA0000000719
B1532465556769N00914321EA0000000722
B1532525556828N00914278EA0000000738
B1532585556877N00914248EA0000000748
B1533045556916N00914208EA0000000743
B1533105556954N00914154EA0000000733
B1533195557017N00914045EA0000000709
B1533245557058N00913974EA0000000696
B1533335557129N00913848EA0000000690
B1533425557200N00913732EA0000000677
B1533525557275N00913603EA0000000674
B1533595557325N00913512EA0000000673
B1534075557390N00913421EA0000000666
B1534135557433N00913357EA0000000678
B1534195557468N00913284EA0000000669
B1534265557509N00913189EA0000000680
B1534335557542N00913123EA0000000703
B1534405557578N00913065EA0000000686
B1534465557612N00912994EA0000000687
B1534515557636N00912935EA0000000686
B1534565557657N00912873EA0000000691
B1535015557675N00912825EA0000000703
B1535075557699N00912775EA0000000699
B1535205557739N00912646EA0000000699
B1535275557751N00912581EA0000000718
B1535325557754N00912531EA0000000722
B1535395557753N00912470EA0000000732
B1535485557751N00912355EA0000000717
B1535555557752N00912272EA0000000708
B1536025557752N00912185EA0000000703
B1536075557747N00912123EA0000000694
B1536125557706N00912068EA0000000691
B1536185557621N00912083EA0000000686
B1536235557565N00912225EA0000000674
B1536285557543N00912410EA0000000670
B1536345557523N00912634EA0000000669
B1536425557505N00912928EA0000000673
B1536475557494N00913109EA0000000667
B1536555557464N00913397EA0000000659
B1537005557445N00913581EA0000000656
B1537065557425N00913806EA0000000652
B1537125557407N00914029EA0000000651
B1537195557374N00914291EA0000000642
B1537245557340N00914475EA0000000633
B1537305557291N00914697EA0000000626
B1537365557223N00914884EA0000000624
B1537415557152N00915014EA0000000628
B1537475557069N00915159EA0000000627
B1537525557019N00915307EA0000000633
B1537575557044N00915444EA0000000629
B1538025557081N00915433EA0000000635
B1538075557045N00915387EA0000000639
B1538125556965N00915420EA0000000642
B1538175556895N00915541EA0000000643
B1538225556880N00915703EA0000000637
B1538275556930N00915783EA0000000629
B1538345556946N00915706EA0000000638
B1538405556935N00915637EA0000000645
B1538455556964N00915609EA0000000648
B1538505557002N00915718EA0000000641
B1538565556964N00915934EA0000000642
B1539015556890N00916007EA0000000639
B1539065556852N00915955EA0000000639
B1539115556862N00915906EA0000000644
B1539175556881N00915846EA0000000649
B1539225556845N00915789EA0000000641
B1539305556720N00915888EA0000000653
B1539355556647N00915946EA0000000652
B1539405556576N00916013EA0000000643
B1539465556487N00916114EA0000000633
B1539535556390N00916274EA0000000626
B1539585556320N00916375EA0000000629
B1540035556243N00916436EA0000000626
B1540095556154N00916536EA0000000636
B1540145556091N00916537EA0000000633
B1540195556103N00916503EA0000000639
B1540245556155N00916589EA0000000639
B1540295556145N00916758EA0000000646
B1540345556076N00916856EA0000000647
B1540395556033N00916823EA0000000647
B1540455556075N00916810EA0000000644
B1540505556108N00916945EA0000000650
B1540555556071N00917102EA0000000654
B1541005555998N00917152EA0000000660
B1541065555989N00917096EA0000000650
B1541125556049N00917169EA0000000653
B1541175556043N00917349EA0000000664
B1541225555972N00917458EA0000000664
B1541275555936N00917418EA0000000664
B1541325555988N00917436EA0000000658
B1541385556009N00917622EA0000000669
B1541435555945N00917751EA0000000662
B1541485555883N00917729EA0000000663
B1541545555925N00917719EA0000000654
B1541595555982N00917816EA0000000665
B1542045556029N00917877EA0000000678
B1542105556009N00917823EA0000000672
B1542155555928N00917877EA0000000671
B1542205555897N00918037EA0000000676
B1542265555945N00918168EA0000000689
B1542325555966N00918131EA0000000682
B1542375555910N00918107EA0000000679
B1542425555836N00918201EA0000000686
B1542475555818N00918364EA0000000683
B1542525555867N00918450EA0000000694
B1542585555845N00918395EA0000000689
B1543035555768N00918482EA0000000698
B1543085555769N00918644EA0000000694
B1543155555825N00918677EA0000000704
B1543205555782N00918636EA0000000698
B1543255555705N00918735EA0000000707
B1543305555703N00918899EA0000000704
B1543355555752N00918941EA0000000717
B1543405555727N00918891EA0000000713
B1543465555635N00918985EA0000000722
B1543515555608N00919154EA0000000716
B1543565555577N00919336EA0000000708
B1544015555549N00919534EA0000000710
B1544065555530N00919727EA0000000713
B1544135555509N00919992EA0000000703
B1544185555492N00920180EA0000000692
B1544235555475N00920374EA0000000675
B1544285555458N00920573EA0000000672
B1544345555437N00920803EA0000000664
B1544395555418N00920997EA0000000653
B1544465555404N00921274EA0000000640
B1544515555393N00921480EA0000000628
B1544565555380N00921690EA0000000621
B1545015555364N00921891EA0000000629
B1545065555343N00922079EA0000000621
B1545145555316N00922404EA0000000606
B1545195555298N00922611EA0000000598
B1545265555272N00922899EA0000000604
B1545355555234N00923250EA0000000588
B1545415555204N00923501EA0000000566
B1545465555176N00923727EA0000000556
B1545515555144N00923959EA0000000540
B1545575555105N00924250EA0000000547
B1546025555077N00924453EA0000000566
B1546085555047N00924686EA0000000555
B1546135555018N00924887EA0000000542
B1546205554975N00925174EA0000000539
B1546275554940N00925459EA0000000527
B1546325554910N00925662EA0000000517
B1546375554877N00925863EA0000000523
B1546435554843N00926074EA0000000524
B1546495554804N00926297EA0000000501
B1546555554766N00926521EA0000000519
B1547005554748N00926682EA0000000537
B1547055554780N00926818EA0000000530
B1547125554802N00926791EA0000000537
B1547175554730N00926834EA0000000535
B1547225554720N00926997EA0000000543
B1547315554779N00927026EA0000000542
B1547365554715N00927009EA0000000553
B1547445554672N00927233EA0000000561
B1547505554730N00927254EA0000000558
B1547575554663N00927226EA0000000560
B1548025554613N00927385EA0000000570
B1548075554667N00927497EA0000000572
B1548125554677N00927455EA0000000581
B1548185554593N00927520EA0000000585
B1548245554607N00927710EA0000000587
B1548315554643N00927685EA0000000596
B1548365554572N00927704EA0000000590
B1548415554545N00927874EA0000000596
B1548465554602N00927976EA0000000598
B1548515554620N00927932EA0000000599
B1548565554548N00927938EA0000000605
B1549015554524N00928101EA0000000610
B1549065554585N00928195EA0000000605
B1549115554597N00928154EA0000000617
B1549165554520N00928167EA0000000614
B1549225554497N00928365EA0000000633
B1549285554567N00928439EA0000000627
B1549335554554N00928378EA0000000626
B1549385554470N00928434EA0000000631
B1549455554483N00928654EA0000000623
B1549505554534N00928659EA0000000628
B1549565554485N00928606EA0000000614
B1550035554433N00928806EA0000000618
B1550085554485N00928869EA0000000611
B1550135554490N00928809EA0000000603
B1550195554398N00928879EA0000000587
B1550245554409N00929049EA0000000600
B1550295554468N00929096EA0000000601
B1550345554473N00929036EA0000000598
B1550395554403N00929044EA0000000585
B1550455554358N00929237EA0000000596
B1550515554418N00929313EA0000000580
B1550565554453N00929234EA0000000520
B1551125554546N00928835EA0000000546
B1551175554561N00928781EA0000000585
B1551235554579N00928753EA0000000555
B1551285554606N00928690EA0000000539
B1551335554625N00928619EA0000000549
B1551415554646N00928491EA0000000544
B1551495554649N00928362EA0000000547
B1551555554655N00928267EA0000000557
B1552025554661N00928166EA0000000551
B1552085554692N00928090EA0000000538
B1552145554726N00928021EA0000000543
B1552195554754N00927967EA0000000535
B1552265554791N00927890EA0000000533
B1552325554820N00927827EA0000000524
B1552385554865N00927766EA0000000514
B1552455554917N00927695EA0000000512
B1552515554960N00927632EA0000000511
B1552575555005N00927560EA0000000493
B1553035555054N00927475EA0000000489
B1553115555112N00927372EA0000000499
B1553185555148N00927278EA0000000494
B1553245555183N00927199EA0000000488
B1553305555217N00927120EA0000000491
B1553355555246N00927051EA0000000500
B1553425555279N00926968EA0000000504
B1553475555303N00926922EA0000000484
B1553565555357N00926810EA0000000476
B1554025555395N00926743EA0000000474
B1554075555427N00926691EA0000000475
B1554125555455N00926648EA0000000489
B1554185555480N00926599EA0000000484
B1554235555505N00926537EA0000000496
B1554285555529N00926488EA0000000504
B1554345555564N00926417EA0000000513
B1554405555581N00926348EA0000000534
B1554455555512N00926328EA0000000538
B1554505555449N00926444EA0000000542
B1554555555480N00926578EA0000000547
B1555015555505N00926522EA0000000555
B1555085555408N00926622EA0000000560
B1555145555443N00926776EA0000000574
B1555225555501N00926753EA0000000597
B1555275555435N00926745EA0000000581
B1555325555399N00926891EA0000000591
B1555385555458N00926987EA0000000603
B1555465555484N00926907EA0000000616
B1555515555409N00926925EA0000000614
B1555565555384N00927078EA0000000601
B1556045555443N00927094EA0000000607
B1556095555387N00927067EA0000000607
B1556155555331N00927227EA0000000608
B1556215555387N00927287EA0000000615
B1556265555419N00927224EA0000000599
B1556315555457N00927135EA0000000615
B1556405555496N00926996EA0000000668
B1556455555539N00927004EA0000000661
B1556505555579N00927149EA0000000654
B1556555555545N00927317EA0000000645
B1557005555463N00927372EA0000000641
B1557065555402N00927320EA0000000660
B1557115555365N00927270EA0000000661
B1557185555361N00927192EA0000000637
B1557245555396N00927103EA0000000595
B1557295555436N00927031EA0000000586
B1557355555481N00926951EA0000000602
B1557405555512N00926897EA0000000610
B1557475555551N00926832EA0000000620
B1557535555586N00926773EA0000000590
B1557585555618N00926694EA0000000580
B1558035555649N00926614EA0000000573
B1558085555679N00926532EA0000000584
B1558145555709N00926452EA0000000591
B1558195555732N00926382EA0000000587
B1558265555760N00926284EA0000000585
B1558325555780N00926197EA0000000578
B1558375555799N00926124EA0000000577
B1558425555821N00926050EA0000000586
B1558475555841N00925989EA0000000581
B1558555555878N00925879EA0000000568
B1559015555906N00925800EA0000000561
B1559075555930N00925708EA0000000559
B1559125555944N00925632EA0000000568
B1559175555955N00925566EA0000000576
B1559225555963N00925514EA0000000584
B1559285555975N00925452EA0000000575
B1559335555992N00925398EA0000000576
B1559395556006N00925319EA0000000584
B1559455556019N00925245EA0000000586
B1559515556031N00925179EA0000000594
B1559585556044N00925112EA0000000601
B1600065556066N00925042EA0000000606
B1600135556097N00924991EA0000000591
B1600185556136N00924951EA0000000578
B1600245556191N00924884EA0000000586
B1600295556235N00924834EA0000000601
B1600365556263N00924763EA0000000615
B1600415556190N00924772EA0000000612
B1600465556145N00924928EA0000000622
B1600515556193N00925036EA0000000613
B1600565556226N00924997EA0000000618
B1601015556226N00924925EA0000000631
B1601075556269N00924898EA0000000643
B1601125556310N00925010EA0000000650
B1601175556266N00925162EA0000000648
B1601225556192N00925177EA0000000650
B1601275556187N00925116EA0000000664
B1601325556242N00925134EA0000000669
B1601385556261N00925315EA0000000684
B1601435556190N00925426EA0000000681
B1601485556135N00925384EA0000000690
B1601545556175N00925344EA0000000700
B1601595556227N00925462EA0000000708
B1602045556189N00925629EA0000000719
B1602105556105N00925636EA0000000724
B1602155556122N00925587EA0000000731
B1602205556173N00925675EA0000000744
B1602265556143N00925877EA0000000749
B1602315556064N00925945EA0000000750
B1602365556025N00925882EA0000000752
B1602425556076N00925877EA0000000762
B1602485556103N00926066EA0000000771
B1602535556038N00926199EA0000000774
B1602595555965N00926165EA0000000776
B1603045555979N00926103EA0000000787
B1603095556037N00926150EA0000000782
B1603155556062N00926351EA0000000793
B1603205555995N00926488EA0000000795
B1603255555926N00926486EA0000000804
B1603315555914N00926419EA0000000812
B1603365555964N00926421EA0000000808
B1603415556015N00926530EA0000000812
B1603465556021N00926701EA0000000814
B1603525555953N00926869EA0000000806
B1603575555874N00926897EA0000000811
B1604025555827N00926846EA0000000812
B1604075555822N00926783EA0000000821
B1604125555862N00926755EA0000000817
B1604185555931N00926826EA0000000832
B1604235555969N00926970EA0000000828
B1604285555950N00927143EA0000000829
B1604345555861N00927246EA0000000810
B1604395555801N00927214EA0000000819
B1604445555794N00927152EA0000000818
B1604505555837N00927114EA0000000824
B1604555555878N00927091EA0000000827
B1605015555941N00927095EA0000000823
B1605065555998N00927133EA0000000811
B1605115556038N00927109EA0000000797
B1605175556044N00927015EA0000000773
B1605225556059N00926931EA0000000755
B1605275556061N00926819EA0000000737
B1605325556048N00926716EA0000000763
B1605385556042N00926628EA0000000769
B1605435556037N00926538EA0000000748
B1605495556019N00926414EA0000000767
B1605565555998N00926297EA0000000790
B1606015555992N00926233EA0000000810
B1606065556037N00926211EA0000000804
B1606115556082N00926312EA0000000820
B1606165556063N00926470EA0000000801
B1606225555978N00926557EA0000000808
B1606295555925N00926461EA0000000827
B1606345555922N00926382EA0000000834
B1606405555974N00926356EA0000000851
B1606455556013N00926474EA0000000855
B1606505555981N00926632EA0000000862
B1606555555903N00926674EA0000000856
B1607025555878N00926578EA0000000875
B1607075555920N00926562EA0000000888
B1607125555953N00926691EA0000000877
B1607175555896N00926839EA0000000887
B1607225555837N00926812EA0000000895
B1607285555860N00926748EA0000000906
B1607345555918N00926818EA0000000905
B1607395555900N00926994EA0000000898
B1607445555822N00927054EA0000000900
B1607495555778N00926981EA0000000903
B1607545555780N00926905EA0000000918
B1607595555824N00926907EA0000000910
B1608055555852N00927091EA0000000897
B1608105555805N00927266EA0000000889
B1608155555730N00927367EA0000000908
B1608215555636N00927380EA0000000914
B1608275555557N00927339EA0000000927
B1608345555482N00927264EA0000000935
B1608405555436N00927187EA0000000928
B1608475555416N00927093EA0000000929
B1608525555427N00927039EA0000000923
B1609005555516N00927001EA0000000865
B1609065555594N00926912EA0000000845
B1609145555686N00926770EA0000000862
B1609225555773N00926663EA0000000863
B1609285555831N00926590EA0000000873
B1609345555882N00926540EA0000000890
B1609505556047N00926353EA0000000817
B1609565556111N00926260EA0000000813
B1610025556166N00926151EA0000000805
B1610075556211N00926058EA0000000800
B1610125556251N00925963EA0000000800
B1610175556285N00925865EA0000000808
B1610235556311N00925784EA0000000840
B1610295556333N00925714EA0000000831
B1610345556356N00925648EA0000000841
B1610405556383N00925572EA0000000850
B1610485556415N00925483EA0000000874
B1610555556448N00925410EA0000000881
B1611015556481N00925348EA0000000897
B1611075556510N00925294EA0000000895
B1611125556528N00925231EA0000000870
B1611175556556N00925141EA0000000851
B1611225556588N00925041EA0000000847
B1611275556616N00924941EA0000000848
B1611325556646N00924848EA0000000847
B1611375556682N00924758EA0000000846
B1611445556723N00924617EA0000000852
B1611505556754N00924496EA0000000856
B1611555556781N00924397EA0000000875
B1612035556820N00924279EA0000000872
B1612095556849N00924168EA0000000874
B1612165556867N00924042EA0000000891
B1612215556871N00923967EA0000000890
B1612275556881N00923872EA0000000886
B1612325556888N00923801EA0000000902
B1612385556903N00923727EA0000000898
B1612445556926N00923634EA0000000889
B1612505556954N00923516EA0000000858
B1612555556976N00923400EA0000000854
B1613025557002N00923240EA0000000854
B1613095557015N00923078EA0000000860
B1613155557018N00922930EA0000000846
B1613235557037N00922732EA0000000856
B1613285557042N00922611EA0000000849
B1613355557057N00922430EA0000000848
B1613415557082N00922289EA0000000853
B1613475557105N00922150EA0000000852
B1613525557129N00922035EA0000000846
B1614015557174N00921828EA0000000850
B1614075557204N00921712EA0000000869
B1614135557237N00921619EA0000000872
B1614195557272N00921518EA0000000866
B1614245557300N00921419EA0000000856
B1614315557347N00921279EA0000000859
B1614365557385N00921175EA0000000852
B1614445557445N00921002EA0000000857
B1614495557481N00920893EA0000000856
B1614565557534N00920739EA0000000874
B1615015557568N00920632EA0000000881
B1615065557597N00920545EA0000000928
B1615115557615N00920486EA0000000942
B1615165557638N00920427EA0000000954
B1615225557671N00920335EA0000000925
B1615285557712N00920200EA0000000916
B1615335557745N00920081EA0000000913
B1615425557807N00919872EA0000000915
B1615475557841N00919759EA0000000925
B1615595557925N00919491EA0000000922
B1616055557965N00919351EA0000000924
B1616105557990N00919251EA0000000959
B1616155558013N00919182EA0000000959
B1616215558051N00919071EA0000000940
B1616265558088N00918966EA0000000940
B1616315558126N00918864EA0000000944
B1616365558149N00918796EA0000000997
B1616415558161N00918764EA0000000982
B1616465558178N00918698EA0000000957
B1616525558208N00918575EA0000000937
B1616575558233N00918459EA0000000934
B1617025558256N00918339EA0000000927
B1617085558280N00918192EA0000000922
B1617135558297N00918073EA0000000919
B1617185558314N00917957EA0000000912
B1617295558369N00917722EA0000000921
B1617365558409N00917581EA0000000930
B1617415558433N00917484EA0000000932
B1617475558462N00917374EA0000000929
B1617525558489N00917278EA0000000920
B1617575558513N00917182EA0000000917
B1618065558548N00917020EA0000000918
B1618145558568N00916874EA0000000927
B1618215558578N00916749EA0000000914
B1618275558584N00916633EA0000000908
B1618325558589N00916540EA0000000898
B1618385558602N00916414EA0000000875
B1618455558620N00916251EA0000000861
B1618515558632N00916119EA0000000865
B1618565558640N00916018EA0000000871
B1619035558654N00915887EA0000000867
B1619165558672N00915668EA0000000883
B1619235558680N00915567EA0000000869
B1619285558677N00915488EA0000000874
B1619335558664N00915413EA0000000885
B1619385558652N00915365EA0000000894
B1619435558656N00915299EA0000000886
B1619515558677N00915200EA0000000899
B1619575558705N00915142EA0000000901
B1620045558740N00915074EA0000000889
B1620115558778N00915009EA0000000882
B1620165558803N00914962EA0000000875
B1620225558832N00914881EA0000000862
B1620285558864N00914783EA0000000863
B1620335558888N00914701EA0000000880
B1620385558907N00914646EA0000000900
B1620435558927N00914594EA0000000911
B1620485558942N00914539EA0000000914
B1620545558969N00914475EA0000000926
B1621025559001N00914400EA0000000943
B1621095559033N00914337EA0000000952
B1621155559064N00914274EA0000000963
B1621205559087N00914224EA0000000976
B1621265559114N00914164EA0000000976
B1621315559142N00914112EA0000000967
B1621415559203N00914006EA0000000958
B1621465559234N00913961EA0000000944
B1621515559272N00913911EA0000000928
B1621575559312N00913843EA0000000932
B1622055559347N00913746EA0000000937
B1622105559357N00913686EA0000000948
B1622195559351N00913565EA0000000925
B1622245559307N00913519EA0000000922
B1622295559289N00913443EA0000000895
B1622345559314N00913338EA0000000890
B1622395559339N00913234EA0000000893
B1622485559382N00913061EA0000000909
B1622535559404N00912977EA0000000917
B1622585559427N00912906EA0000000919
B1623075559475N00912775EA0000000923
B1623125559505N00912702EA0000000926
B1623185559537N00912616EA0000000939
B1623255559560N00912538EA0000000946
B1623305559576N00912475EA0000000956
B1623355559588N00912405EA0000000947
B1623405559604N00912296EA0000000932
B1623455559622N00912178EA0000000938
B1623545559640N00911974EA0000000960
B1623595559650N00911882EA0000000966
B1624055559656N00911767EA0000000974
B1624125559666N00911627EA0000000968
B1624185559679N00911517EA0000000965
B1624245559702N00911412EA0000000955
B1624295559718N00911324EA0000000975
B1624355559733N00911216EA0000000975
B1624415559749N00911084EA0000000971
B1624465559755N00910974EA0000000983
B1624515559758N00910874EA0000000976
B1624575559760N00910741EA0000000961
B1625045559761N00910591EA0000000975
B1625135559764N00910422EA0000000957
B1625205559760N00910289EA0000000974
B1625315559754N00910102EA0000000973
B1625395559763N00909955EA0000000965
B1625455559767N00909840EA0000000964
B1625505559766N00909741EA0000000970
B1625565559760N00909638EA0000000993
B1626095559758N00909418EA0000000981
B1626155559754N00909310EA0000001006
B1626225559756N00909198EA0000001012
B1626285559772N00909108EA0000001011
B1626355559793N00908993EA0000000998
B1626405559815N00908903EA0000000999
B1626465559846N00908798EA0000000987
B1626525559873N00908688EA0000000971
B1626575559894N00908596EA0000000963
B1627035559918N00908491EA0000000970
B1627085559939N00908411EA0000000982
B1627155559965N00908310EA0000000993
B1627205559976N00908237EA0000000990
B1627265559977N00908134EA0000000988
B1627315559964N00908046EA0000000994
B1627365559942N00907961EA0000000982
B1627435559906N00907827EA0000000970
B1627495559884N00907713EA0000000970
B1627555559870N00907602EA0000000975
B1628015559882N00907522EA0000000991
B1628065559924N00907534EA0000000985
B1628115559960N00907669EA0000000994
B1628165559948N00907850EA0000000978
B1628225559904N00908105EA0000000967
B1628285559859N00908359EA0000000971
B1628345559815N00908612EA0000000963
B1628395559776N00908825EA0000000958
B1628465559724N00909127EA0000000953
B1628525559672N00909382EA0000000949
B1628575559621N00909599EA0000000948
B1629035559559N00909865EA0000000938
B1629085559505N00910076EA0000000963
B1629145559445N00910309EA0000000941
B1629195559394N00910504EA0000000944
B1629245559346N00910704EA0000000930
B1629325559277N00911045EA0000000928
B1629395559217N00911346EA0000000923
B1629455559171N00911610EA0000000926
B1629525559123N00911909EA0000000938
B1629575559092N00912115EA0000000938
B1630025559064N00912319EA0000000930
B1630075559029N00912539EA0000000907
B1630145558978N00912855EA0000000917
B1630195558940N00913076EA0000000907
B1630245558900N00913309EA0000000893
B1630305558855N00913567EA0000000905
B1630355558819N00913780EA0000000879
B1630405558783N00914005EA0000000882
B1630455558748N00914231EA0000000881
B1630545558686N00914624EA0000000885
B1631005558643N00914878EA0000000893
B1631055558611N00915086EA0000000900
B1631105558581N00915292EA0000000907
B1631155558551N00915494EA0000000914
B1631205558519N00915696EA0000000902
B1631255558478N00915913EA0000000895
B1631305558431N00916128EA0000000897
B1631355558381N00916341EA0000000896
B1631415558323N00916596EA0000000905
B1631465558275N00916808EA0000000908
B1631515558229N00917018EA0000000902
B1631565558188N00917233EA0000000900
B1632015558148N00917451EA0000000897
B1632075558095N00917710EA0000000883
B1632165558006N00918090EA0000000878
B1632225557943N00918351EA0000000864
B1632295557866N00918674EA0000000859
B1632345557808N00918903EA0000000856
B1632405557740N00919177EA0000000852
B1632455557688N00919399EA0000000855
B1632515557623N00919653EA0000000846
B1632575557553N00919909EA0000000830
B1633035557475N00920169EA0000000815
B1633085557404N00920385EA0000000797
B1633135557331N00920605EA0000000780
B1633185557261N00920827EA0000000761
B1633235557188N00921054EA0000000740
B1633295557100N00921329EA0000000725
B1633345557025N00921557EA0000000715
B1633405556937N00921829EA0000000703
B1633465556849N00922104EA0000000689
B1633525556760N00922366EA0000000694
B1633595556669N00922673EA0000000685
B1634105556530N00923145EA0000000682
B1634165556456N00923392EA0000000679
B1634225556378N00923633EA0000000675
B1634275556313N00923829EA0000000683
B1634325556252N00924020EA0000000699
B1634375556201N00924195EA0000000730
B1634465556114N00924482EA0000000768
B1634515556067N00924630EA0000000750
B1634575555999N00924848EA0000000742
B1635045555918N00925105EA0000000747
B1635095555860N00925291EA0000000754
B1635155555795N00925510EA0000000771
B1635225555724N00925762EA0000000779
B1635275555669N00925951EA0000000778
B1635335555606N00926180EA0000000779
B1635385555557N00926373EA0000000801
B1635445555502N00926590EA0000000804
B1635525555422N00926891EA0000000815
B1635575555429N00927062EA0000000832
B1636025555500N00927040EA0000000803
B1636105555448N00926915EA0000000835
B1636155555472N00926849EA0000000829
B1636205555547N00926914EA0000000828
B1636255555581N00927110EA0000000833
B1636305555510N00927292EA0000000806
B1636355555382N00927354EA0000000771
B1636405555264N00927328EA0000000796
B1636485555133N00927224EA0000000815
B1636535555061N00927150EA0000000810
B1636585555009N00927071EA0000000820
B1637065554961N00926978EA0000000794
B1637125554934N00926899EA0000000744
B1637195554922N00926799EA0000000711
B1637245554923N00926739EA0000000683
B1637365554941N00926593EA0000000615
B1637445554960N00926491EA0000000549
B1637525554974N00926386EA0000000500
B1637585554984N00926309EA0000000480
B1638045555021N00926284EA0000000474
B1638105555088N00926359EA0000000459
B1638165555140N00926545EA0000000443
B1638215555166N00926720EA0000000441
B1638265555170N00926902EA0000000436
B1638385555095N00927358EA0000000391
B1638475555023N00927685EA0000000345
B1638535554955N00927879EA0000000310
B1639045554781N00928203EA0000000279
B1639105554674N00928241EA0000000263
B1639155554595N00928209EA0000000259
B1639225554478N00928198EA0000000251
B1643075554428N00927203EA0000000079
