AOGNOGN
HFDTE290625
HFFXA050
HFPLTPILOTINCHARGE:
HFGTYGLIDERTYPE:ASH-26 E
HFGIDGLIDERID:OY-KVX
HFDTM100GPSDATUM:WGS-1984
HFRFWFIRMWAREVERSION:
HFRHWHARDWAREVERSION:
HFFTYFRTYPE:OGN-FLIGHTBOOK
HFGPSGENERIC
HFPRSPRESSALTSENSOR:
HFCIDCOMPETITIONID:MA
B0905155554446N00927244EA0000000097
B0905155554446N00927244EA0000000097
B0905205554454N00927142EA0000000104
B0905275554478N00927006EA0000000132
B0905335554509N00926893EA0000000149
B0905395554541N00926788EA0000000171
B0905465554591N00926682EA0000000193
B0905515554624N00926606EA0000000210
B0905575554659N00926525EA0000000226
B0906045554701N00926430EA0000000235
B0906155554763N00926276EA0000000258
B0906215554792N00926190EA0000000268
B0906265554819N00926120EA0000000277
B0906315554853N00926058EA0000000288
B0906365554889N00925995EA0000000291
B0906455554949N00925866EA0000000307
B0906515554989N00925779EA0000000322
B0906585555035N00925680EA0000000342
B0907045555076N00925595EA0000000358
B0907095555110N00925526EA0000000373
B0907145555143N00925461EA0000000371
B0907195555176N00925398EA0000000380
B0907255555219N00925320EA0000000389
B0907305555257N00925260EA0000000396
B0907355555296N00925202EA0000000404
B0907405555337N00925150EA0000000413
B0907455555398N00925143EA0000000414
B0907505555461N00925131EA0000000417
B0907555555495N00925067EA0000000427
B0908025555462N00924955EA0000000443
B0908095555413N00924857EA0000000450
B0908145555420N00924786EA0000000458
B0908215555496N00924748EA0000000474
B0908275555566N00924721EA0000000487
B0908325555625N00924695EA0000000501
B0908395555701N00924651EA0000000528
B0908445555701N00924569EA0000000546
B0908495555615N00924583EA0000000554
B0908545555571N00924747EA0000000571
B0908595555619N00924886EA0000000582
B0909045555680N00924864EA0000000597
B0909095555649N00924780EA0000000609
B0909145555563N00924826EA0000000620
B0909195555529N00924998EA0000000628
B0909245555576N00925136EA0000000635
B0909295555639N00925117EA0000000645
B0909345555627N00925022EA0000000658
B0909395555552N00925002EA0000000663
B0909445555485N00925137EA0000000670
B0909495555495N00925315EA0000000682
B0909545555561N00925397EA0000000689
B0910005555613N00925328EA0000000704
B0910055555587N00925233EA0000000716
B0910105555506N00925235EA0000000729
B0910155555450N00925379EA0000000739
B0910205555472N00925544EA0000000744
B0910255555540N00925594EA0000000753
B0910305555563N00925514EA0000000766
B0910365555490N00925470EA0000000765
B0910415555421N00925573EA0000000762
B0910465555411N00925745EA0000000756
B0910515555462N00925866EA0000000760
B0910565555525N00925885EA0000000766
B0911015555555N00925819EA0000000777
B0911065555519N00925750EA0000000776
B0911115555440N00925788EA0000000775
B0911175555390N00925965EA0000000782
B0911225555405N00926124EA0000000782
B0911275555454N00926242EA0000000789
B0911325555515N00926273EA0000000785
B0911375555540N00926205EA0000000789
B0911425555491N00926150EA0000000793
B0911475555414N00926204EA0000000789
B0911525555380N00926363EA0000000798
B0911575555414N00926507EA0000000801
B0912025555480N00926554EA0000000805
B0912075555521N00926504EA0000000812
B0912125555493N00926433EA0000000813
B0912175555417N00926448EA0000000815
B0912235555350N00926607EA0000000822
B0912285555362N00926767EA0000000832
B0912335555421N00926854EA0000000830
B0912385555473N00926823EA0000000840
B0912435555467N00926743EA0000000842
B0912485555403N00926721EA0000000844
B0912535555331N00926816EA0000000847
B0912585555307N00926982EA0000000852
B0913035555345N00927121EA0000000859
B0913095555420N00927154EA0000000863
B0913155555443N00927074EA0000000861
B0913205555387N00927032EA0000000862
B0913255555316N00927110EA0000000873
B0913305555285N00927266EA0000000872
B0913355555319N00927417EA0000000871
B0913405555381N00927449EA0000000878
B0913455555393N00927372EA0000000876
B0913505555332N00927340EA0000000876
B0913555555261N00927441EA0000000885
B0914005555240N00927606EA0000000883
B0914055555292N00927724EA0000000891
B0914105555344N00927705EA0000000898
B0914155555325N00927626EA0000000895
B0914205555250N00927634EA0000000903
B0914255555192N00927764EA0000000907
B0914305555184N00927938EA0000000916
B0914355555229N00928056EA0000000920
B0914405555288N00928065EA0000000921
B0914455555296N00927991EA0000000921
B0914505555244N00927944EA0000000923
B0914555555168N00927982EA0000000931
B0915015555108N00928155EA0000000939
B0915065555128N00928312EA0000000945
B0915115555186N00928359EA0000000944
B0915165555204N00928284EA0000000944
B0915215555150N00928229EA0000000957
B0915265555075N00928273EA0000000958
B0915325555044N00928477EA0000000963
B0915375555096N00928589EA0000000968
B0915425555142N00928564EA0000000972
B0915475555118N00928493EA0000000980
B0915525555045N00928501EA0000000987
B0915585554980N00928668EA0000000986
B0916035555007N00928824EA0000000992
B0916085555066N00928858EA0000000999
B0916135555079N00928796EA0000001000
B0916185555023N00928748EA0000001004
B0916235554945N00928824EA0000001007
B0916285554923N00928995EA0000001009
B0916335554972N00929108EA0000001011
B0916385555023N00929084EA0000001013
B0916445555031N00928972EA0000001014
B0916495555027N00928868EA0000001018
B0916555555027N00928743EA0000001021
B0917055555029N00928541EA0000001016
B0917105555035N00928445EA0000001027
B0917165555038N00928341EA0000001044
B0917215555000N00928275EA0000001051
B0917265554923N00928351EA0000001051
B0917315554912N00928543EA0000001068
B0917365554964N00928627EA0000001082
B0917435554964N00928527EA0000001087
B0917485554884N00928577EA0000001104
B0917535554855N00928737EA0000001118
B0917585554908N00928829EA0000001121
B0918035554925N00928752EA0000001137
B0918085554855N00928729EA0000001149
B0918135554796N00928853EA0000001157
B0918185554830N00928993EA0000001171
B0918235554878N00928972EA0000001189
B0918295554829N00928895EA0000001192
B0918345554752N00928985EA0000001200
B0918395554734N00929155EA0000001218
B0918445554788N00929247EA0000001223
B0918495554828N00929203EA0000001236
B0918545554791N00929131EA0000001242
B0918595554712N00929189EA0000001243
B0919045554686N00929363EA0000001260
B0919095554735N00929462EA0000001274
B0919145554770N00929415EA0000001274
B0919195554716N00929354EA0000001290
B0919245554638N00929436EA0000001301
B0919305554614N00929632EA0000001317
B0919355554670N00929718EA0000001314
B0919405554702N00929658EA0000001334
B0919465554702N00929552EA0000001321
B0919515554716N00929424EA0000001298
B0919565554732N00929275EA0000001281
B0920035554755N00929061EA0000001285
B0920095554772N00928886EA0000001285
B0920145554787N00928736EA0000001280
B0920265554825N00928376EA0000001275
B0920345554843N00928135EA0000001272
B0920405554856N00927953EA0000001261
B0920465554870N00927767EA0000001245
B0920525554891N00927583EA0000001243
B0920575554911N00927426EA0000001235
B0921035554940N00927239EA0000001232
B0921095554976N00927065EA0000001247
B0921155555018N00926912EA0000001258
B0921225555073N00926746EA0000001257
B0921285555119N00926604EA0000001253
B0921335555156N00926483EA0000001255
B0921385555194N00926376EA0000001277
B0921435555265N00926379EA0000001282
B0921485555326N00926532EA0000001269
B0921545555337N00926805EA0000001261
B0921595555314N00927042EA0000001263
B0922055555270N00927318EA0000001283
B0922105555228N00927537EA0000001294
B0922155555192N00927755EA0000001294
B0922225555177N00928073EA0000001282
B0922275555187N00928305EA0000001271
B0922325555208N00928536EA0000001255
B0922385555242N00928822EA0000001237
B0922445555278N00929113EA0000001226
B0922535555321N00929551EA0000001227
B0922585555341N00929782EA0000001225
B0923055555363N00930103EA0000001213
B0923105555387N00930326EA0000001224
B0923165555415N00930588EA0000001243
B0923235555444N00930856EA0000001277
B0923295555467N00931071EA0000001248
B0923365555495N00931394EA0000001211
B0923455555524N00931841EA0000001197
B0923545555560N00932284EA0000001186
B0923595555596N00932518EA0000001176
B0924055555651N00932790EA0000001175
B0924105555691N00933017EA0000001173
B0924155555730N00933246EA0000001174
B0924205555765N00933476EA0000001175
B0924275555806N00933798EA0000001184
B0924355555836N00934139EA0000001205
B0924415555852N00934362EA0000001218
B0924465555863N00934547EA0000001212
B0924515555877N00934742EA0000001202
B0924575555911N00934985EA0000001186
B0925025555951N00935192EA0000001164
B0925095556017N00935501EA0000001154
B0925155556079N00935763EA0000001152
B0925225556154N00936064EA0000001142
B0925315556257N00936451EA0000001170
B0925365556302N00936637EA0000001207
B0925415556345N00936796EA0000001199
B0925465556393N00936979EA0000001159
B0925555556482N00937382EA0000001133
B0926005556531N00937616EA0000001122
B0926055556583N00937854EA0000001101
B0926145556675N00938300EA0000001081
B0926195556724N00938550EA0000001068
B0926255556778N00938850EA0000001059
B0926325556837N00939200EA0000001045
B0926385556881N00939502EA0000001040
B0926445556914N00939807EA0000001030
B0926515556944N00940166EA0000001019
B0927025556978N00940719EA0000001005
B0927105556993N00941104EA0000001031
B0927225557004N00941528EA0000001092
B0927315557100N00941608EA0000001073
B0927365557081N00941508EA0000001099
B0927425557000N00941487EA0000001123
B0927475556946N00941616EA0000001125
B0927525556983N00941756EA0000001132
B0927575557045N00941748EA0000001141
B0928055557011N00941650EA0000001159
B0928105556946N00941768EA0000001163
B0928155556965N00941933EA0000001177
B0928225557054N00941966EA0000001189
B0928275557081N00941891EA0000001204
B0928325557034N00941841EA0000001210
B0928385556958N00941983EA0000001212
B0928435556980N00942158EA0000001233
B0928495557027N00942339EA0000001237
B0928545557077N00942506EA0000001227
B0928595557137N00942678EA0000001211
B0929045557208N00942870EA0000001173
B0929105557302N00943123EA0000001148
B0929185557428N00943469EA0000001141
B0929235557497N00943699EA0000001134
B0929315557600N00944085EA0000001115
B0929365557661N00944330EA0000001111
B0929415557717N00944576EA0000001103
B0929505557814N00945016EA0000001101
B0929555557865N00945261EA0000001093
B0930025557935N00945594EA0000001082
B0930085557989N00945887EA0000001065
B0930135558028N00946134EA0000001058
B0930195558070N00946430EA0000001042
B0930265558116N00946780EA0000001028
B0930315558145N00947029EA0000001024
B0930365558173N00947271EA0000001034
B0930425558212N00947539EA0000001040
B0930485558251N00947792EA0000001049
B0930535558285N00947983EA0000001067
B0930585558314N00948154EA0000001085
B0931035558339N00948314EA0000001085
B0931085558368N00948480EA0000001084
B0931145558402N00948669EA0000001099
B0931205558440N00948849EA0000001094
B0931275558495N00949093EA0000001049
B0931335558553N00949348EA0000001036
B0931385558603N00949567EA0000001031
B0931435558657N00949782EA0000001033
B0931485558707N00949993EA0000001034
B0931595558817N00950455EA0000001032
B0932065558893N00950744EA0000001005
B0932115558948N00950965EA0000000987
B0932195559037N00951320EA0000000967
B0932245559093N00951540EA0000000954
B0932315559166N00951848EA0000000951
B0932365559219N00952060EA0000000949
B0932425559281N00952286EA0000000975
B0932475559336N00952427EA0000000999
B0932525559395N00952498EA0000001016
B0932575559422N00952448EA0000001019
B0933025559362N00952393EA0000001017
B0933075559280N00952489EA0000001038
B0933155559261N00952743EA0000001042
B0933205559324N00952794EA0000001047
B0933255559339N00952725EA0000001060
B0933305559268N00952703EA0000001064
B0933355559204N00952828EA0000001075
B0933405559217N00952989EA0000001077
B0933465559289N00953023EA0000001084
B0933515559296N00952955EA0000001089
B0933565559223N00952942EA0000001093
B0934025559173N00953118EA0000001100
B0934075559216N00953248EA0000001102
B0934125559268N00953363EA0000001095
B0934185559335N00953530EA0000001090
B0934275559443N00953794EA0000001079
B0934345559520N00954019EA0000001090
B0934435559616N00954304EA0000001101
B0934485559677N00954439EA0000001097
B0934545559766N00954615EA0000001066
B0935035559923N00954913EA0000001034
B0935085600013N00955081EA0000001031
B0935175600169N00955385EA0000001028
B0935245600286N00955622EA0000001015
B0935305600391N00955823EA0000001004
B0935385600532N00956096EA0000000995
B0935465600667N00956384EA0000000990
B0935545600799N00956673EA0000000977
B0936025600935N00956958EA0000000970
B0936105601068N00957241EA0000000966
B0936175601181N00957491EA0000000965
B0936275601339N00957856EA0000000952
B0936325601412N00958047EA0000000948
B0936375601483N00958239EA0000000944
B0936425601553N00958435EA0000000936
B0936485601636N00958675EA0000000932
B0936535601699N00958881EA0000000930
B0936585601756N00959091EA0000000927
B0937075601849N00959458EA0000000923
B0937125601898N00959653EA0000000940
B0937175601936N00959824EA0000000977
B0937225601985N00959927EA0000000994
B0937275602026N00959884EA0000000990
B0937325601974N00959805EA0000001006
B0937375601903N00959908EA0000001032
B0937425601917N01000061EA0000001032
B0937475601976N01000067EA0000001043
B0937525601974N00959977EA0000001046
B0937575601902N00959932EA0000001075
B0938025601835N01000038EA0000001079
B0938075601857N01000201EA0000001078
B0938125601913N01000184EA0000001097
B0938185601874N01000096EA0000001124
B0938235601802N01000189EA0000001128
B0938285601809N01000359EA0000001132
B0938345601875N01000373EA0000001150
B0938395601863N01000289EA0000001158
B0938445601784N01000328EA0000001170
B0938505601767N01000531EA0000001173
B0938555601826N01000605EA0000001192
B0939005601864N01000562EA0000001200
B0939065601813N01000486EA0000001208
B0939115601739N01000577EA0000001214
B0939165601722N01000748EA0000001216
B0939225601776N01000891EA0000001221
B0939275601830N01000870EA0000001219
B0939325601812N01000792EA0000001239
B0939385601726N01000805EA0000001230
B0939435601690N01000980EA0000001235
B0939495601748N01001147EA0000001239
B0939545601819N01001277EA0000001235
B0940015601921N01001474EA0000001248
B0940075602004N01001646EA0000001244
B0940135602095N01001835EA0000001206
B0940185602181N01002012EA0000001190
B0940235602269N01002195EA0000001182
B0940335602447N01002561EA0000001169
B0940425602610N01002887EA0000001143
B0940475602702N01003070EA0000001143
B0940565602857N01003398EA0000001139
B0941025602959N01003619EA0000001138
B0941085603062N01003842EA0000001128
B0941155603179N01004110EA0000001125
B0941225603292N01004373EA0000001108
B0941285603390N01004602EA0000001102
B0941345603478N01004841EA0000001103
B0941395603542N01005047EA0000001108
B0941445603594N01005261EA0000001115
B0941495603620N01005472EA0000001146
B0941555603633N01005696EA0000001173
B0942025603566N01005896EA0000001190
B0942085603476N01005855EA0000001194
B0942135603486N01005773EA0000001204
B0942185603543N01005790EA0000001204
B0942235603592N01005904EA0000001212
B0942285603628N01006040EA0000001221
B0942345603623N01006236EA0000001237
B0942395603548N01006339EA0000001253
B0942445603472N01006318EA0000001260
B0942505603459N01006217EA0000001263
B0942555603509N01006188EA0000001266
B0943005603566N01006275EA0000001275
B0943075603594N01006503EA0000001296
B0943125603579N01006670EA0000001311
B0943175603512N01006780EA0000001303
B0943225603443N01006743EA0000001301
B0943275603454N01006655EA0000001307
B0943325603514N01006666EA0000001333
B0943395603581N01006811EA0000001341
B0943455603586N01007051EA0000001343
B0943505603579N01007263EA0000001328
B0943555603575N01007480EA0000001331
B0944015603552N01007737EA0000001333
B0944065603535N01007946EA0000001354
B0944115603517N01008135EA0000001379
B0944175603495N01008364EA0000001356
B0944235603487N01008632EA0000001341
B0944305603487N01008963EA0000001345
B0944465603487N01009692EA0000001377
B0944535603493N01009985EA0000001385
B0944585603500N01010189EA0000001383
B0945035603515N01010400EA0000001374
B0945085603554N01010589EA0000001372
B0945165603662N01010844EA0000001376
B0945235603770N01011042EA0000001374
B0945285603852N01011174EA0000001373
B0945335603905N01011348EA0000001381
B0945385603855N01011516EA0000001365
B0945445603756N01011451EA0000001344
B0945505603687N01011288EA0000001331
B0945565603605N01011123EA0000001323
B0946045603496N01010898EA0000001310
B0946095603430N01010762EA0000001313
B0946145603369N01010628EA0000001320
B0946215603289N01010435EA0000001308
B0946265603235N01010290EA0000001313
B0946345603168N01010070EA0000001336
B0946425603116N01009847EA0000001333
B0946485603102N01009670EA0000001334
B0946535603098N01009529EA0000001352
B0946585603105N01009390EA0000001356
B0947035603120N01009240EA0000001364
B0947095603148N01009056EA0000001357
B0947165603182N01008804EA0000001347
B0947235603222N01008543EA0000001332
B0947295603259N01008323EA0000001336
B0947355603301N01008106EA0000001344
B0947435603351N01007815EA0000001344
B0947485603381N01007627EA0000001331
B0947555603417N01007352EA0000001328
B0948045603434N01007009EA0000001350
B0948105603436N01006791EA0000001362
B0948165603429N01006572EA0000001346
B0948215603414N01006388EA0000001348
B0948265603390N01006209EA0000001351
B0948325603355N01006002EA0000001354
B0948395603364N01005764EA0000001353
B0948445603408N01005607EA0000001352
B0948495603464N01005463EA0000001352
B0948585603572N01005226EA0000001350
B0949045603637N01005067EA0000001349
B0949115603715N01004888EA0000001342
B0949165603780N01004777EA0000001336
B0949265603902N01004539EA0000001331
B0949315603949N01004405EA0000001334
B0949365603990N01004270EA0000001335
B0949425604037N01004104EA0000001324
B0949505604097N01003869EA0000001314
B0949575604140N01003652EA0000001306
B0950025604167N01003493EA0000001300
B0950085604195N01003305EA0000001293
B0950135604217N01003153EA0000001286
B0950205604247N01002942EA0000001274
B0950255604257N01002789EA0000001279
B0950325604258N01002605EA0000001316
B0950385604253N01002476EA0000001341
B0950435604242N01002378EA0000001341
B0950545604226N01002074EA0000001302
B0951015604225N01001854EA0000001309
B0951075604217N01001671EA0000001308
B0951145604202N01001450EA0000001295
B0951205604181N01001256EA0000001292
B0951285604152N01000999EA0000001274
B0951345604130N01000798EA0000001276
B0951435604111N01000496EA0000001277
B0951485604112N01000331EA0000001275
B0951555604127N01000107EA0000001273
B0952035604163N00959855EA0000001259
B0952085604193N00959700EA0000001256
B0952145604227N00959512EA0000001241
B0952215604270N00959295EA0000001235
B0952275604310N00959113EA0000001222
B0952385604399N00958786EA0000001227
B0952555604567N00958316EA0000001201
B0953015604641N00958173EA0000001222
B0953085604723N00958059EA0000001260
B0953145604775N00957989EA0000001262
B0953245604883N00957794EA0000001206
B0953335604978N00957565EA0000001202
B0953495605026N00957076EA0000001223
B0953555605030N00956917EA0000001270
B0954105605023N00956614EA0000001298
B0954215605050N00956349EA0000001252
B0954295605104N00956122EA0000001241
B0954375605166N00955897EA0000001229
B0955165605439N00954839EA0000001177
B0955235605497N00954656EA0000001169
B0955285605541N00954525EA0000001161
B0955355605602N00954335EA0000001146
B0955405605642N00954194EA0000001155
B0955465605677N00954040EA0000001186
B0955515605693N00953937EA0000001210
B0955585605701N00953815EA0000001240
B0956095605699N00953625EA0000001228
B0956145605696N00953508EA0000001196
B0956195605692N00953364EA0000001179
B0956245605686N00953214EA0000001167
B0956295605677N00953059EA0000001164
B0956345605670N00952904EA0000001157
B0956435605669N00952627EA0000001148
B0956505605681N00952408EA0000001144
B0956585605717N00952175EA0000001165
B0957045605741N00952049EA0000001212
B0957105605761N00951954EA0000001219
B0957165605781N00951858EA0000001220
B0957215605799N00951780EA0000001224
B0957265605816N00951686EA0000001207
B0957325605838N00951561EA0000001231
B0957405605858N00951421EA0000001251
B0957465605877N00951308EA0000001241
B0957515605893N00951211EA0000001254
B0957565605902N00951120EA0000001250
B0958025605918N00950999EA0000001227
B0958085605938N00950842EA0000001231
B0958145605958N00950690EA0000001221
B0958215605992N00950500EA0000001201
B0958265606022N00950361EA0000001186
B0958315606055N00950217EA0000001168
B0958395606104N00949987EA0000001182
B0958445606138N00949859EA0000001207
B0958525606178N00949684EA0000001225
B0959015606224N00949480EA0000001204
B0959065606254N00949360EA0000001185
B0959125606294N00949206EA0000001171
B0959185606335N00949047EA0000001155
B0959275606389N00948778EA0000001124
B0959325606411N00948619EA0000001112
B0959395606434N00948394EA0000001103
B0959445606449N00948236EA0000001094
B0959505606465N00948046EA0000001088
B0959555606478N00947887EA0000001083
B1000005606494N00947733EA0000001085
B1000065606517N00947557EA0000001093
B1000115606537N00947425EA0000001118
B1000165606555N00947323EA0000001148
B1000225606572N00947213EA0000001158
B1000295606588N00947100EA0000001171
B1000345606600N00947001EA0000001132
B1000405606606N00946826EA0000001129
B1000485606606N00946595EA0000001169
B1000545606598N00946472EA0000001192
B1000595606587N00946387EA0000001207
B1001045606574N00946306EA0000001212
B1001125606556N00946176EA0000001214
B1001175606535N00946088EA0000001194
B1001235606501N00945933EA0000001172
B1001305606456N00945730EA0000001153
B1001375606409N00945512EA0000001150
B1001455606356N00945256EA0000001149
B1001505606321N00945098EA0000001139
B1001575606281N00944872EA0000001126
B1002035606254N00944678EA0000001114
B1002085606234N00944513EA0000001105
B1002155606210N00944282EA0000001100
B1002205606199N00944121EA0000001099
B1002265606186N00943934EA0000001093
B1002315606175N00943782EA0000001094
B1002385606161N00943574EA0000001088
B1002445606154N00943386EA0000001077
B1002545606152N00943074EA0000001074
B1003005606147N00942887EA0000001068
B1003055606142N00942737EA0000001077
B1003165606142N00942461EA0000001105
B1003225606158N00942350EA0000001122
B1003275606170N00942266EA0000001119
B1003325606183N00942168EA0000001095
B1003395606201N00941989EA0000001069
B1003445606218N00941850EA0000001062
B1003495606241N00941719EA0000001073
B1003545606265N00941597EA0000001069
B1004035606306N00941360EA0000001072
B1004115606344N00941142EA0000001063
B1004165606367N00941003EA0000001057
B1004215606387N00940863EA0000001061
B1004295606420N00940643EA0000001050
B1004365606450N00940447EA0000001036
B1004415606466N00940298EA0000001033
B1004505606495N00940033EA0000001046
B1004565606509N00939861EA0000001031
B1005015606524N00939710EA0000001034
B1005065606536N00939563EA0000001054
B1005145606552N00939364EA0000001083
B1005195606558N00939254EA0000001071
B1005245606561N00939129EA0000001065
B1005315606563N00938942EA0000001047
B1005395606559N00938708EA0000001019
B1005475606547N00938459EA0000001012
B1005535606532N00938272EA0000001014
B1005585606522N00938127EA0000001018
B1006125606485N00937762EA0000000998
B1006185606471N00937582EA0000000967
B1006235606455N00937429EA0000000959
B1006305606426N00937218EA0000000943
B1006355606406N00937069EA0000000936
B1006435606380N00936835EA0000000931
B1006485606369N00936701EA0000000942
B1006535606357N00936579EA0000000949
B1006595606345N00936453EA0000000952
B1007045606335N00936349EA0000000930
B1007095606336N00936210EA0000000902
B1007165606341N00936002EA0000000920
B1007225606344N00935846EA0000000936
B1007305606347N00935659EA0000000918
B1007355606351N00935521EA0000000898
B1007405606356N00935377EA0000000895
B1007455606364N00935238EA0000000902
B1007555606391N00934960EA0000000905
B1008015606402N00934797EA0000000909
B1008075606399N00934637EA0000000912
B1008125606392N00934498EA0000000908
B1008195606379N00934313EA0000000917
B1008245606367N00934187EA0000000934
B1008305606346N00934059EA0000000965
B1008385606320N00933919EA0000000984
B1008445606296N00933820EA0000000985
B1008505606266N00933704EA0000000939
B1008565606227N00933540EA0000000913
B1009015606188N00933394EA0000000912
B1009065606148N00933250EA0000000903
B1009155606088N00932964EA0000000870
B1009205606070N00932799EA0000000859
B1009275606052N00932572EA0000000842
B1009335606039N00932372EA0000000830
B1009385606030N00932211EA0000000823
B1009445606023N00932019EA0000000825
B1009495606029N00931861EA0000000835
B1009545606050N00931714EA0000000853
B1009595606069N00931591EA0000000884
B1010045606089N00931500EA0000000913
B1010095606046N00931447EA0000000930
B1010155605969N00931603EA0000000917
B1010205606008N00931762EA0000000925
B1010255606067N00931759EA0000000939
B1010325606113N00931681EA0000000967
B1010375606100N00931604EA0000000949
B1010445606097N00931428EA0000000915
B1010505606118N00931256EA0000000910
B1010575606161N00931060EA0000000924
B1011025606203N00930934EA0000000941
B1011075606237N00930816EA0000000981
B1011125606221N00930728EA0000001015
B1011175606142N00930787EA0000001026
B1011225606122N00930955EA0000001029
B1011275606174N00931042EA0000001044
B1011325606216N00931012EA0000001055
B1011375606209N00930934EA0000001060
B1011425606153N00930882EA0000001076
B1011485606064N00930969EA0000001055
B1011535606076N00931136EA0000001057
B1011595606149N00931147EA0000001078
B1012055606200N00931094EA0000001097
B1012105606239N00931045EA0000001103
B1012155606278N00930989EA0000001113
B1012215606324N00930924EA0000001122
B1012265606358N00930875EA0000001130
B1012315606402N00930809EA0000001112
B1012375606453N00930705EA0000001140
B1012425606490N00930625EA0000001126
B1012475606536N00930516EA0000001096
B1012535606599N00930360EA0000001102
B1012585606650N00930235EA0000001117
B1013045606705N00930086EA0000001114
B1013115606773N00929898EA0000001087
B1013165606821N00929757EA0000001078
B1013215606865N00929618EA0000001074
B1013275606918N00929452EA0000001063
B1013335606972N00929284EA0000001060
B1013385607013N00929146EA0000001056
B1013435607053N00929004EA0000001052
B1013485607094N00928874EA0000001071
B1013535607126N00928763EA0000001104
B1013585607154N00928680EA0000001133
B1014035607177N00928607EA0000001149
B1014085607202N00928529EA0000001138
B1014145607238N00928405EA0000001143
B1014205607267N00928281EA0000001158
B1014275607306N00928119EA0000001157
B1014355607347N00927908EA0000001174
B1014415607379N00927752EA0000001158
B1014475607412N00927587EA0000001161
B1014525607439N00927452EA0000001167
B1014585607476N00927292EA0000001160
B1015035607513N00927155EA0000001159
B1015085607553N00927019EA0000001159
B1015135607588N00926883EA0000001166
B1015195607629N00926722EA0000001158
B1015265607680N00926536EA0000001166
B1015315607718N00926403EA0000001159
B1015385607768N00926212EA0000001149
B1015435607803N00926074EA0000001140
B1015555607885N00925736EA0000001117
B1016025607935N00925536EA0000001123
B1016085607969N00925363EA0000001126
B1016145607996N00925187EA0000001118
B1016205608026N00925005EA0000001105
B1016265608055N00924823EA0000001109
B1016315608074N00924669EA0000001107
B1016375608097N00924487EA0000001103
B1016465608126N00924199EA0000001076
B1016515608147N00924033EA0000001080
B1017045608196N00923631EA0000001095
B1017095608213N00923483EA0000001084
B1017375608293N00922700EA0000001155
B1017435608300N00922579EA0000001174
B1017495608308N00922460EA0000001180
B1017545608321N00922361EA0000001188
B1018015608338N00922196EA0000001159
B1018075608363N00922020EA0000001155
B1018145608392N00921802EA0000001146
B1018205608413N00921618EA0000001154
B1018265608433N00921442EA0000001141
B1018325608456N00921263EA0000001144
B1018385608486N00921094EA0000001151
B1018445608514N00920933EA0000001161
B1018495608535N00920804EA0000001168
B1018575608568N00920607EA0000001191
B1019035608588N00920486EA0000001222
B1019095608615N00920380EA0000001224
B1019155608644N00920274EA0000001236
B1019225608683N00920153EA0000001229
B1019285608719N00920041EA0000001240
B1019355608760N00919927EA0000001241
B1019425608804N00919783EA0000001190
B1019485608853N00919624EA0000001169
B1019545608904N00919461EA0000001156
B1020055609000N00919173EA0000001130
B1020135609064N00918950EA0000001116
B1020235609138N00918656EA0000001107
B1020315609193N00918414EA0000001117
B1020385609241N00918224EA0000001140
B1020435609276N00918096EA0000001143
B1020485609308N00917966EA0000001152
B1020565609355N00917773EA0000001174
B1021045609404N00917591EA0000001180
B1021095609432N00917473EA0000001190
B1021145609461N00917360EA0000001203
B1021225609506N00917200EA0000001223
B1021295609551N00917052EA0000001179
B1021345609590N00916916EA0000001157
B1021395609629N00916769EA0000001144
B1021465609689N00916571EA0000001148
B1021515609736N00916435EA0000001157
B1022025609820N00916132EA0000001155
B1022115609863N00915864EA0000001134
B1022215609908N00915550EA0000001116
B1022265609920N00915395EA0000001108
B1022335609931N00915166EA0000001089
B1022385609940N00915005EA0000001093
B1022455609960N00914792EA0000001095
B1022535610002N00914573EA0000001101
B1022595610043N00914425EA0000001103
B1023085610109N00914209EA0000001092
B1023155610160N00914044EA0000001087
B1023225610210N00913879EA0000001073
B1023275610248N00913751EA0000001070
B1023335610294N00913606EA0000001070
B1023405610351N00913441EA0000001060
B1023465610400N00913296EA0000001051
B1023515610441N00913173EA0000001046
B1023565610483N00913045EA0000001040
B1024025610530N00912897EA0000001054
B1024105610587N00912699EA0000001033
B1024155610620N00912567EA0000001022
B1024215610658N00912401EA0000001013
B1024275610696N00912233EA0000001006
B1024345610740N00912043EA0000001014
B1024415610783N00911865EA0000001018
B1024475610820N00911711EA0000001020
B1024535610856N00911567EA0000001019
B1024585610886N00911446EA0000001010
B1025035610918N00911317EA0000001001
B1025085610946N00911183EA0000001007
B1025135610969N00911049EA0000001006
B1025195610991N00910885EA0000001001
B1025245611012N00910747EA0000000993
B1025315611043N00910564EA0000001000
B1025365611064N00910441EA0000000990
B1025415611090N00910318EA0000000986
B1025475611121N00910164EA0000000976
B1025535611147N00910004EA0000000960
B1025585611167N00909866EA0000000950
B1026065611198N00909648EA0000000947
B1026145611221N00909428EA0000000945
B1026195611223N00909287EA0000000949
B1026265611209N00909109EA0000000979
B1026315611194N00909009EA0000000988
B1026375611173N00908899EA0000000991
B1026425611150N00908812EA0000000991
B1026485611116N00908696EA0000000971
B1026535611078N00908589EA0000000961
B1026585611030N00908475EA0000000955
B1027045610969N00908332EA0000000961
B1027095610919N00908223EA0000000971
B1027145610872N00908122EA0000000976
B1027205610814N00907996EA0000000960
B1027285610732N00907791EA0000000941
B1027335610676N00907662EA0000000932
B1027395610612N00907505EA0000000926
B1027445610545N00907407EA0000000937
B1027495610441N00907429EA0000000934
B1027545610351N00907600EA0000000919
B1028025610285N00908004EA0000000895
B1028075610263N00908270EA0000000888
B1028135610231N00908586EA0000000885
B1028185610204N00908846EA0000000880
B1028235610175N00909107EA0000000872
B1028355610064N00909722EA0000000856
B1028425609977N00910061EA0000000846
B1028475609913N00910300EA0000000842
B1028575609782N00910781EA0000000824
B1029035609698N00911066EA0000000815
B1029085609630N00911304EA0000000807
B1029145609553N00911589EA0000000801
B1029225609437N00911953EA0000000782
B1029295609328N00912266EA0000000774
B1029355609229N00912519EA0000000768
B1029405609142N00912719EA0000000764
B1029465609041N00912959EA0000000753
B1029525608936N00913205EA0000000739
B1030015608767N00913528EA0000000756
B1030065608681N00913684EA0000000783
B1030125608584N00913841EA0000000798
B1030175608499N00913863EA0000000808
B1030225608473N00913788EA0000000813
B1030275608526N00913789EA0000000824
B1030325608563N00913933EA0000000838
B1030375608530N00914120EA0000000836
B1030425608444N00914200EA0000000850
B1030475608392N00914152EA0000000854
B1030525608410N00914089EA0000000841
B1030595608487N00914224EA0000000875
B1031045608510N00914381EA0000000888
B1031115608451N00914625EA0000000883
B1031165608370N00914630EA0000000890
B1031225608370N00914543EA0000000891
B1031275608427N00914560EA0000000899
B1031335608491N00914682EA0000000912
B1031385608510N00914860EA0000000907
B1031465608462N00915191EA0000000905
B1031535608421N00915486EA0000000876
B1031585608396N00915720EA0000000869
B1032035608376N00915959EA0000000882
B1032095608359N00916232EA0000000896
B1032145608347N00916437EA0000000908
B1032205608336N00916669EA0000000916
B1032265608334N00916886EA0000000935
B1032315608348N00917049EA0000000933
B1032365608413N00917115EA0000000923
B1032415608431N00917042EA0000000930
B1032465608370N00917011EA0000000927
B1032515608292N00917089EA0000000924
B1032565608234N00917253EA0000000925
B1033055608181N00917601EA0000000900
B1033155608180N00918081EA0000000874
B1033225608180N00918428EA0000000866
B1033285608176N00918721EA0000000865
B1033345608171N00919012EA0000000867
B1033415608164N00919348EA0000000853
B1033465608164N00919591EA0000000860
B1033545608168N00919963EA0000000861
B1033595608172N00920193EA0000000849
B1034065608178N00920532EA0000000839
B1034115608185N00920771EA0000000839
B1034165608194N00921019EA0000000834
B1034225608205N00921302EA0000000865
B1034295608135N00921523EA0000000893
B1034345608062N00921514EA0000000889
B1034405608074N00921438EA0000000897
B1034475608161N00921518EA0000000896
B1034525608214N00921657EA0000000884
B1034575608243N00921843EA0000000894
B1035025608257N00922043EA0000000885
B1035095608258N00922338EA0000000881
B1035165608251N00922659EA0000000849
B1035225608234N00922952EA0000000841
B1035275608209N00923191EA0000000838
B1035325608185N00923438EA0000000817
B1035395608157N00923807EA0000000794
B1035485608131N00924280EA0000000781
B1035545608119N00924589EA0000000775
B1035595608110N00924839EA0000000770
B1036045608094N00925086EA0000000765
B1036105608061N00925375EA0000000760
B1036165608010N00925652EA0000000758
B1036225607955N00925921EA0000000758
B1036285607899N00926187EA0000000756
B1036345607863N00926460EA0000000763
B1036405607853N00926720EA0000000782
B1036465607844N00926954EA0000000805
B1036545607892N00927189EA0000000819
B1036595607945N00927165EA0000000827
B1037055607896N00927092EA0000000822
B1037105607815N00927184EA0000000835
B1037155607761N00927330EA0000000856
B1037205607744N00927494EA0000000853
B1037255607801N00927593EA0000000858
B1037315607829N00927517EA0000000873
B1037375607744N00927562EA0000000878
B1037445607756N00927795EA0000000895
B1037495607819N00927812EA0000000903
B1037555607823N00927719EA0000000917
B1038005607751N00927720EA0000000924
B1038055607706N00927880EA0000000925
B1038105607760N00928010EA0000000931
B1038155607819N00927978EA0000000953
B1038215607800N00927894EA0000000955
B1038285607682N00928009EA0000000955
B1038345607688N00928220EA0000000967
B1038405607771N00928294EA0000000978
B1038455607791N00928226EA0000000991
B1038505607726N00928203EA0000000984
B1038585607612N00928455EA0000000977
B1039035607568N00928655EA0000001000
B1039095607532N00928874EA0000001023
B1039155607494N00929096EA0000000996
B1039205607456N00929319EA0000000991
B1039265607408N00929588EA0000001009
B1039325607365N00929821EA0000001039
B1039385607333N00930035EA0000001026
B1039435607297N00930240EA0000001009
B1039495607245N00930496EA0000001000
B1039545607200N00930709EA0000000997
B1039595607157N00930919EA0000000995
B1040045607112N00931138EA0000000980
B1040105607051N00931397EA0000000995
B1040155607005N00931593EA0000001016
B1040225606940N00931842EA0000001022
B1040325606845N00932174EA0000001041
B1040375606799N00932343EA0000001043
B1040425606744N00932508EA0000001046
B1040475606685N00932675EA0000001038
B1040535606604N00932913EA0000001010
B1040585606530N00933119EA0000001012
B1041035606458N00933318EA0000001033
B1041095606375N00933534EA0000001049
B1041155606299N00933718EA0000001081
B1041205606244N00933861EA0000001088
B1041255606190N00934001EA0000001076
B1041315606113N00934201EA0000001057
B1041375606034N00934429EA0000001045
B1041435605949N00934678EA0000001032
B1041495605868N00934935EA0000001026
B1041545605798N00935154EA0000001008
B1042015605688N00935450EA0000001003
B1042065605602N00935641EA0000001007
B1042135605491N00935894EA0000001033
B1042185605422N00936067EA0000001047
B1042245605351N00936257EA0000001082
B1042325605262N00936480EA0000001102
B1042375605207N00936620EA0000001100
B1042455605119N00936866EA0000001108
B1042505605069N00937022EA0000001110
B1042585604979N00937284EA0000001098
B1043035604917N00937454EA0000001105
B1043105604837N00937676EA0000001118
B1043185604749N00937919EA0000001131
B1043245604682N00938110EA0000001128
B1043295604620N00938282EA0000001108
B1043355604537N00938516EA0000001083
B1043405604466N00938717EA0000001097
B1043465604406N00938917EA0000001124
B1043545604329N00939206EA0000001089
B1044005604263N00939465EA0000001070
B1044085604200N00939813EA0000001093
B1044145604158N00940061EA0000001081
B1044195604116N00940288EA0000001046
B1044305604005N00940810EA0000001041
B1044395603929N00941238EA0000001032
B1044475603875N00941612EA0000001054
B1044535603834N00941859EA0000001070
B1044585603799N00942053EA0000001068
B1045145603708N00942814EA0000001030
B1045225603680N00943200EA0000001060
B1045275603659N00943407EA0000001083
B1045345603620N00943680EA0000001101
B1045395603587N00943865EA0000001100
B1045465603528N00944142EA0000001078
B1045515603483N00944360EA0000001086
B1045565603441N00944555EA0000001123
B1046025603398N00944757EA0000001134
B1046085603349N00944974EA0000001094
B1046145603279N00945236EA0000001077
B1046215603197N00945548EA0000001074
B1046265603138N00945769EA0000001077
B1046315603073N00945960EA0000001098
B1046395602986N00946236EA0000001125
B1046445602939N00946413EA0000001132
B1046505602889N00946616EA0000001139
B1046565602838N00946825EA0000001121
B1047025602783N00947071EA0000001112
B1047095602727N00947358EA0000001123
B1047155602687N00947584EA0000001132
B1047205602657N00947769EA0000001125
B1047255602628N00947973EA0000001110
B1047325602588N00948260EA0000001146
B1047395602545N00948508EA0000001171
B1047445602473N00948584EA0000001170
B1047495602439N00948502EA0000001170
B1047545602495N00948465EA0000001169
B1047595602563N00948559EA0000001188
B1048065602608N00948775EA0000001201
B1048135602576N00949010EA0000001210
B1048185602532N00949173EA0000001174
B1048255602467N00949487EA0000001129
B1048305602421N00949733EA0000001124
B1048355602376N00949974EA0000001137
B1048405602330N00950205EA0000001159
B1048475602268N00950513EA0000001178
B1048535602215N00950759EA0000001207
B1048585602174N00950937EA0000001225
B1049035602136N00951104EA0000001242
B1049125602071N00951398EA0000001254
B1049225601997N00951747EA0000001266
B1049285601933N00951948EA0000001264
B1049355601839N00952167EA0000001262
B1049415601751N00952357EA0000001238
B1049475601649N00952577EA0000001209
B1049555601512N00952895EA0000001204
B1050025601390N00953166EA0000001189
B1050085601287N00953398EA0000001185
B1050135601201N00953586EA0000001191
B1050185601117N00953771EA0000001187
B1050235601029N00953961EA0000001167
B1050325600857N00954294EA0000001157
B1050385600737N00954509EA0000001143
B1050435600634N00954687EA0000001132
B1050485600534N00954869EA0000001125
B1050545600406N00955067EA0000001115
B1051005600277N00955256EA0000001119
B1051055600173N00955416EA0000001116
B1051105600073N00955584EA0000001113
B1051155559981N00955733EA0000001162
B1051205559917N00955875EA0000001170
B1051255559954N00956045EA0000001154
B1051305600021N00956058EA0000001154
B1051355600009N00955995EA0000001142
B1051405559925N00956021EA0000001142
B1051455559844N00956124EA0000001156
B1051505559772N00956237EA0000001174
B1051565559722N00956403EA0000001185
B1052015559777N00956525EA0000001174
B1052075559815N00956452EA0000001199
B1052145559717N00956424EA0000001218
B1052195559666N00956571EA0000001226
B1052245559719N00956700EA0000001233
B1052315559755N00956613EA0000001250
B1052365559694N00956571EA0000001269
B1052435559622N00956759EA0000001268
B1052535559720N00956814EA0000001298
B1052585559661N00956776EA0000001308
B1053035559596N00956901EA0000001312
B1053085559621N00957064EA0000001326
B1053145559686N00957065EA0000001332
B1053205559633N00956989EA0000001345
B1053255559555N00957057EA0000001358
B1053305559535N00957230EA0000001365
B1053365559610N00957322EA0000001376
B1053425559602N00957236EA0000001386
B1053475559522N00957261EA0000001399
B1053525559482N00957419EA0000001411
B1053575559530N00957539EA0000001413
B1054025559570N00957482EA0000001411
B1054075559505N00957457EA0000001432
B1054125559446N00957601EA0000001444
B1054185559420N00957831EA0000001444
B1054245559383N00958083EA0000001411
B1054295559339N00958320EA0000001396
B1054365559278N00958651EA0000001416
B1054435559217N00958978EA0000001422
B1054505559159N00959316EA0000001419
B1054585559088N00959694EA0000001424
B1055045559030N00959978EA0000001407
B1055095558973N01000220EA0000001394
B1055175558869N01000612EA0000001378
B1055235558786N01000902EA0000001370
B1055315558677N01001279EA0000001372
B1055385558585N01001606EA0000001364
B1055445558504N01001887EA0000001355
B1055495558435N01002117EA0000001351
B1055545558367N01002349EA0000001344
B1056015558283N01002676EA0000001343
B1056085558213N01003000EA0000001339
B1056165558138N01003371EA0000001321
B1056215558095N01003613EA0000001308
B1056265558055N01003862EA0000001291
B1056325558010N01004163EA0000001280
B1056395557965N01004518EA0000001271
B1056495557900N01005006EA0000001280
B1056545557866N01005221EA0000001314
B1057025557827N01005526EA0000001343
B1057085557799N01005731EA0000001359
B1057145557774N01005941EA0000001365
B1057215557742N01006189EA0000001361
B1057275557710N01006415EA0000001372
B1057375557640N01006777EA0000001379
B1057435557599N01007001EA0000001382
B1057495557552N01007242EA0000001344
B1057555557502N01007517EA0000001324
B1058025557445N01007859EA0000001322
B1058075557407N01008101EA0000001330
B1058125557373N01008321EA0000001354
B1058205557323N01008624EA0000001397
B1058265557283N01008846EA0000001393
B1058325557239N01009077EA0000001396
B1058385557191N01009307EA0000001395
B1058445557140N01009548EA0000001368
B1058505557079N01009817EA0000001355
B1058585556990N01010187EA0000001356
B1059085556883N01010654EA0000001346
B1059135556829N01010862EA0000001371
B1059205556761N01011127EA0000001371
B1059275556700N01011370EA0000001402
B1059355556633N01011628EA0000001419
B1059425556564N01011864EA0000001396
B1059485556491N01012125EA0000001357
B1059545556404N01012396EA0000001345
B1100015556301N01012703EA0000001353
B1100065556230N01012918EA0000001358
B1100215555968N01013160EA0000001357
B1100295556006N01012990EA0000001354
B1100345556070N01012915EA0000001339
B1100425556166N01012757EA0000001316
B1100485556227N01012617EA0000001298
B1100535556271N01012488EA0000001293
B1100585556315N01012360EA0000001292
B1101065556383N01012167EA0000001299
B1101125556431N01012016EA0000001288
B1101185556472N01011857EA0000001289
B1101255556516N01011675EA0000001295
B1101305556544N01011540EA0000001281
B1101365556578N01011379EA0000001278
B1101425556619N01011220EA0000001271
B1101505556678N01011007EA0000001265
B1101565556721N01010851EA0000001262
B1102025556755N01010693EA0000001262
B1102095556780N01010510EA0000001261
B1102155556794N01010346EA0000001265
B1102215556808N01010200EA0000001274
B1102265556819N01010078EA0000001264
B1102315556827N01009963EA0000001280
B1102365556833N01009865EA0000001302
B1102425556839N01009754EA0000001300
B1102475556849N01009658EA0000001298
B1102535556874N01009548EA0000001297
B1103025556913N01009348EA0000001257
B1103075556930N01009207EA0000001250
B1103135556951N01009027EA0000001244
B1103185556968N01008879EA0000001272
B1103235556978N01008766EA0000001328
B1103285556985N01008670EA0000001304
B1103355557003N01008482EA0000001277
B1103435557033N01008250EA0000001258
B1103485557061N01008113EA0000001251
B1103545557095N01007945EA0000001237
B1103595557127N01007803EA0000001229
B1104085557188N01007556EA0000001217
B1104145557229N01007398EA0000001211
B1104215557280N01007216EA0000001193
B1104265557314N01007081EA0000001176
B1104325557352N01006914EA0000001167
B1104405557401N01006698EA0000001166
B1104465557436N01006539EA0000001155
B1104515557469N01006408EA0000001143
B1104575557510N01006253EA0000001138
B1105025557548N01006128EA0000001140
B1105095557601N01005966EA0000001141
B1105145557637N01005850EA0000001154
B1105195557672N01005759EA0000001187
B1105245557698N01005699EA0000001197
B1105295557725N01005623EA0000001162
B1105375557787N01005459EA0000001136
B1105445557855N01005295EA0000001125
B1105505557922N01005164EA0000001114
B1105555557982N01005059EA0000001098
B1106065558110N01004823EA0000001074
B1106135558187N01004666EA0000001053
B1106185558242N01004554EA0000001043
B1106235558297N01004446EA0000001034
B1106285558348N01004332EA0000001017
B1106365558428N01004136EA0000000995
B1106435558498N01003966EA0000000981
B1106485558545N01003837EA0000000959
B1106535558591N01003696EA0000000945
B1106585558634N01003557EA0000000941
B1107045558683N01003398EA0000000937
B1107125558740N01003193EA0000000943
B1107175558768N01003078EA0000000970
B1107225558792N01002991EA0000000982
B1107285558825N01002894EA0000000977
B1107365558908N01002809EA0000000971
B1107425558991N01002756EA0000000954
B1107485559087N01002691EA0000000926
B1107545559190N01002617EA0000000921
B1108005559290N01002542EA0000000915
B1108075559407N01002458EA0000000900
B1108145559522N01002366EA0000000896
B1108215559635N01002285EA0000000886
B1108265559708N01002219EA0000000884
B1108325559781N01002111EA0000000874
B1108405559843N01001934EA0000000887
B1108485559887N01001777EA0000000908
B1108535559910N01001698EA0000000923
B1108585559928N01001628EA0000000928
B1109045559945N01001541EA0000000931
B1109115559970N01001428EA0000000916
B1109165559996N01001324EA0000000890
B1109215600025N01001203EA0000000886
B1109285600062N01001045EA0000000900
B1109335600088N01000937EA0000000885
B1109415600141N01000762EA0000000869
B1109465600170N01000644EA0000000873
B1109535600197N01000494EA0000000906
B1110005600137N01000426EA0000000918
B1110055600084N01000581EA0000000911
B1110115600131N01000758EA0000000930
B1110185600219N01000830EA0000000942
B1110245600220N01000747EA0000000929
B1110295600141N01000788EA0000000933
B1110345600100N01000943EA0000000944
B1110415600110N01001169EA0000000957
B1110465600167N01001266EA0000000953
B1110525600197N01001193EA0000000958
B1110575600129N01001207EA0000000962
B1111035600085N01001400EA0000000979
B1111085600128N01001535EA0000000977
B1111135600192N01001523EA0000000988
B1111185600198N01001447EA0000000997
B1111245600188N01001370EA0000001002
B1111295600180N01001299EA0000000991
B1111345600163N01001216EA0000000999
B1111395600144N01001139EA0000001005
B1111505600132N01000999EA0000001017
B1111565600178N01000933EA0000000978
B1112015600255N01000878EA0000000941
B1112065600353N01000829EA0000000919
B1112155600541N01000763EA0000000904
B1112235600701N01000708EA0000000903
B1112285600798N01000667EA0000000896
B1112355600933N01000608EA0000000888
B1112405601034N01000584EA0000000881
B1112455601137N01000572EA0000000880
B1112565601359N01000573EA0000000880
B1113025601473N01000580EA0000000878
B1113105601620N01000579EA0000000872
B1113185601768N01000581EA0000000858
B1113235601862N01000585EA0000000843
B1113285601961N01000591EA0000000827
B1113335602064N01000597EA0000000818
B1113395602188N01000612EA0000000814
B1113495602387N01000625EA0000000794
B1113565602531N01000633EA0000000801
B1114025602641N01000672EA0000000820
B1114095602748N01000743EA0000000840
B1114185602864N01000839EA0000000858
B1114235602923N01000882EA0000000870
B1114285602979N01000903EA0000000878
B1114355602966N01000814EA0000000882
B1114405602888N01000888EA0000000894
B1114455602882N01001063EA0000000905
B1114505602936N01001130EA0000000914
B1114555602955N01001064EA0000000915
B1115005602882N01001036EA0000000924
B1115065602796N01001165EA0000000937
B1115115602809N01001327EA0000000936
B1115165602868N01001337EA0000000939
B1115225602887N01001243EA0000000960
B1115285602908N01001162EA0000000972
B1115335602923N01001101EA0000000973
B1115385602945N01001018EA0000000938
B1115445602978N01000882EA0000000936
B1115515603015N01000731EA0000000947
B1115565603039N01000632EA0000000940
B1116015603064N01000525EA0000000962
B1116085603096N01000435EA0000001006
B1116145603097N01000376EA0000001011
B1116205603025N01000349EA0000000995
B1116265602949N01000543EA0000001001
B1116315602979N01000717EA0000001011
B1116365603044N01000796EA0000001016
B1116425603115N01000785EA0000001025
B1116485603162N01000718EA0000001042
B1116585603213N01000604EA0000001062
B1117055603238N01000519EA0000001064
B1117105603253N01000446EA0000001040
B1117185603288N01000265EA0000001015
B1117245603321N01000126EA0000001029
B1117315603341N00959991EA0000001045
B1117365603351N00959902EA0000001061
B1117535603320N00959699EA0000001079
B1117585603256N00959855EA0000001077
B1118055603298N01000075EA0000001098
B1118115603359N01000179EA0000001109
B1118165603403N01000170EA0000001105
B1118215603418N01000099EA0000001094
B1118285603429N00959966EA0000001070
B1118395603440N00959755EA0000001113
B1118485603438N00959634EA0000001125
B1118555603433N00959511EA0000001097
B1119125603399N00959005EA0000001032
B1119205603366N00958760EA0000001038
B1119265603339N00958585EA0000001035
B1119325603314N00958406EA0000001022
B1119385603296N00958227EA0000001013
B1119475603261N00957953EA0000000991
B1119545603233N00957741EA0000000979
B1120005603209N00957562EA0000000971
B1120055603186N00957418EA0000000967
B1120135603151N00957195EA0000000956
B1120215603141N00956966EA0000000935
B1120295603144N00956747EA0000000928
B1120355603167N00956607EA0000000966
B1120425603192N00956497EA0000000987
B1120475603212N00956434EA0000001011
B1120525603232N00956385EA0000001018
B1121065603301N00956240EA0000001030
B1121155603333N00956142EA0000001042
B1121215603341N00956075EA0000001058
B1121285603349N00955975EA0000001040
B1121335603354N00955872EA0000000980
B1121385603363N00955722EA0000000962
B1121495603382N00955391EA0000000949
B1121545603385N00955251EA0000000943
B1122005603391N00955084EA0000000928
B1122065603403N00954924EA0000000937
B1122115603414N00954802EA0000000934
B1122195603432N00954596EA0000000920
B1122265603442N00954406EA0000000914
B1122315603448N00954274EA0000000908
B1122395603461N00954059EA0000000891
B1122465603488N00953876EA0000000875
B1122525603521N00953712EA0000000850
B1122585603564N00953545EA0000000837
B1123035603601N00953412EA0000000835
B1123095603642N00953261EA0000000829
B1123185603702N00953035EA0000000831
B1123255603742N00952885EA0000000834
B1123325603773N00952734EA0000000824
B1123385603805N00952592EA0000000804
B1123465603862N00952399EA0000000791
B1123545603920N00952193EA0000000781
B1123595603955N00952064EA0000000768
B1124055604007N00951919EA0000000781
B1124105604042N00951817EA0000000801
B1124165604079N00951720EA0000000808
B1124215604108N00951653EA0000000824
B1124325604156N00951527EA0000000832
B1124375604180N00951462EA0000000836
B1124425604220N00951421EA0000000844
B1124485604268N00951384EA0000000861
B1124535604305N00951347EA0000000872
B1124585604278N00951279EA0000000855
B1125035604191N00951376EA0000000836
B1125085604198N00951554EA0000000845
B1125145604255N00951693EA0000000866
B1125195604306N00951755EA0000000876
B1125245604327N00951686EA0000000873
B1125305604231N00951715EA0000000894
B1125365604210N00951910EA0000000910
B1125415604263N00951969EA0000000913
B1125465604271N00951884EA0000000922
B1125515604194N00951866EA0000000942
B1125565604119N00951970EA0000000938
B1126025604097N00952169EA0000000933
B1126075604155N00952229EA0000000946
B1126155604219N00952168EA0000000985
B1126205604245N00952126EA0000000986
B1126255604185N00952079EA0000000980
B1126305604125N00952224EA0000000975
B1126355604165N00952379EA0000000973
B1126435604265N00952492EA0000001000
B1126485604277N00952411EA0000001001
B1126535604195N00952440EA0000001020
B1127115604192N00952626EA0000001056
B1127185604113N00952819EA0000001067
B1127255604194N00952939EA0000001079
B1127315604193N00952849EA0000001093
B1127365604115N00952881EA0000001112
B1127415604091N00953048EA0000001115
B1127465604153N00953142EA0000001118
B1127515604190N00953096EA0000001124
B1127565604151N00953017EA0000001142
B1128015604074N00953069EA0000001148
B1128065604063N00953242EA0000001157
B1128115604129N00953283EA0000001171
B1128165604125N00953203EA0000001181
B1128215604044N00953260EA0000001183
B1128265604041N00953435EA0000001199
B1128315604104N00953468EA0000001210
B1128365604114N00953383EA0000001230
B1128425604105N00953281EA0000001228
B1128495604096N00953099EA0000001169
B1128565604084N00952881EA0000001162
B1129025604080N00952708EA0000001154
B1129105604081N00952471EA0000001146
B1129155604078N00952323EA0000001151
B1129205604073N00952180EA0000001158
B1129265604062N00952015EA0000001149
B1129325604050N00951838EA0000001134
B1129385604034N00951663EA0000001127
B1129445604018N00951489EA0000001117
B1129535604001N00951226EA0000001116
B1129595604002N00951051EA0000001108
B1130055604012N00950883EA0000001116
B1130155604031N00950624EA0000001142
B1130215604047N00950517EA0000001187
B1130275604063N00950436EA0000001201
B1130345604080N00950340EA0000001228
B1130395604133N00950367EA0000001223
B1130445604139N00950543EA0000001229
B1130505604048N00950673EA0000001254
B1130555603970N00950708EA0000001275
B1131005603920N00950657EA0000001270
B1131065603936N00950545EA0000001254
B1131115603980N00950459EA0000001263
B1131165604023N00950387EA0000001296
B1131245604082N00950314EA0000001318
B1131295604120N00950259EA0000001302
B1131355604172N00950140EA0000001289
B1131405604220N00950045EA0000001310
B1131455604267N00949958EA0000001302
B1131515604325N00949851EA0000001316
B1131565604355N00949764EA0000001308
B1132015604375N00949647EA0000001275
B1132065604390N00949494EA0000001251
B1132125604407N00949293EA0000001232
B1132175604426N00949126EA0000001233
B1132225604449N00948963EA0000001237
B1132305604492N00948708EA0000001235
B1132365604533N00948548EA0000001253
B1132445604594N00948360EA0000001249
B1132515604661N00948213EA0000001239
B1132565604716N00948100EA0000001228
B1133015604773N00948007EA0000001259
B1133075604828N00947932EA0000001286
B1133145604896N00947839EA0000001246
B1133215604985N00947686EA0000001206
B1133265605049N00947564EA0000001207
B1133375605175N00947280EA0000001194
B1133445605235N00947089EA0000001194
B1133505605271N00946917EA0000001187
B1133565605302N00946742EA0000001181
B1134025605336N00946568EA0000001181
B1134075605358N00946440EA0000001212
B1134135605378N00946325EA0000001223
B1134185605395N00946232EA0000001202
B1134255605426N00946058EA0000001172
B1134305605451N00945920EA0000001158
B1134375605478N00945723EA0000001152
B1134455605494N00945498EA0000001137
B1134505605498N00945352EA0000001129
B1135015605505N00945019EA0000001114
B1135095605516N00944766EA0000001087
B1135165605535N00944536EA0000001089
B1135245605553N00944301EA0000001089
B1135355605600N00943983EA0000001067
B1135405605629N00943846EA0000001065
B1135455605661N00943716EA0000001070
B1135505605689N00943609EA0000001100
B1135575605716N00943514EA0000001132
B1136035605732N00943436EA0000001122
B1136105605765N00943313EA0000001086
B1136165605804N00943173EA0000001072
B1136235605854N00942990EA0000001047
B1136305605903N00942796EA0000001035
B1136355605943N00942659EA0000001023
B1136425606010N00942468EA0000001005
B1136485606072N00942315EA0000000997
B1136545606129N00942164EA0000000987
B1137025606207N00941963EA0000000970
B1137105606288N00941765EA0000000968
B1137165606342N00941617EA0000000972
B1137225606390N00941481EA0000000992
B1137285606440N00941348EA0000000972
B1137355606499N00941157EA0000000960
B1137435606578N00940932EA0000000969
B1137485606626N00940794EA0000000985
B1137535606670N00940662EA0000000994
B1138005606727N00940492EA0000001016
B1138065606772N00940359EA0000000990
B1138115606810N00940223EA0000000966
B1138185606861N00940027EA0000000961
B1138245606905N00939867EA0000000953
B1138315606956N00939675EA0000000942
B1138385607011N00939488EA0000000936
B1138465607075N00939291EA0000000927
B1138515607118N00939178EA0000000925
B1138565607158N00939066EA0000000914
B1139035607220N00938905EA0000000903
B1139105607284N00938751EA0000000892
B1139155607320N00938632EA0000000897
B1139225607361N00938491EA0000000917
B1139285607389N00938388EA0000000930
B1139335607405N00938311EA0000000951
B1139385607424N00938250EA0000000969
B1139435607447N00938195EA0000000980
B1139495607477N00938132EA0000000991
B1139545607512N00938073EA0000001002
B1139595607548N00938028EA0000001023
B1140055607589N00937971EA0000001025
B1140105607622N00937908EA0000001024
B1140155607656N00937846EA0000001014
B1140205607693N00937756EA0000000986
B1140265607740N00937621EA0000000974
B1140325607785N00937491EA0000000982
B1140385607804N00937355EA0000000961
B1140435607800N00937218EA0000000955
B1140485607793N00937090EA0000000996
B1140545607795N00936982EA0000001030
B1141015607793N00936864EA0000001037
B1141075607784N00936766EA0000001041
B1141125607775N00936681EA0000001057
B1141175607760N00936600EA0000001079
B1141225607745N00936530EA0000001088
B1141275607725N00936456EA0000001093
B1141325607698N00936381EA0000001100
B1141385607669N00936290EA0000001119
B1141435607647N00936209EA0000001111
B1141485607620N00936091EA0000001066
B1141545607584N00935912EA0000001059
B1142035607541N00935629EA0000001034
B1142095607514N00935431EA0000001023
B1142155607491N00935240EA0000001024
B1142205607481N00935087EA0000001018
B1142255607482N00934933EA0000001013
B1142325607495N00934730EA0000001007
B1142395607521N00934543EA0000000998
B1142465607556N00934365EA0000000996
B1142535607596N00934181EA0000000979
B1142595607632N00934014EA0000000980
B1143055607664N00933845EA0000000988
B1143115607690N00933688EA0000001011
B1143235607739N00933385EA0000000987
B1143305607774N00933186EA0000000976
B1143365607803N00933020EA0000000974
B1143415607828N00932887EA0000000963
B1143495607873N00932670EA0000000939
B1143545607908N00932532EA0000000942
B1143595607941N00932406EA0000000957
B1144045607965N00932295EA0000000986
B1144125607979N00932173EA0000001028
B1144205607989N00932072EA0000001013
B1144265607992N00931972EA0000001008
B1144365608005N00931770EA0000000992
B1144415608017N00931668EA0000001007
B1144475608033N00931558EA0000001033
B1144535608047N00931469EA0000001058
B1144585608054N00931407EA0000001053
B1145045608066N00931291EA0000001010
B1145125608088N00931070EA0000001000
B1145175608103N00930923EA0000000987
B1145235608121N00930749EA0000000999
B1145315608145N00930527EA0000001002
B1145385608167N00930329EA0000000997
B1145465608195N00930100EA0000000991
B1145515608215N00929961EA0000000986
B1146005608244N00929717EA0000000999
B1146055608257N00929590EA0000001000
B1146135608284N00929395EA0000000991
B1146195608317N00929250EA0000000977
B1146275608370N00929062EA0000000966
B1146345608425N00928902EA0000000958
B1146395608461N00928789EA0000000956
B1146465608504N00928636EA0000000961
B1146525608540N00928517EA0000000964
B1146575608584N00928437EA0000000959
B1147045608651N00928315EA0000000949
B1147115608722N00928183EA0000000952
B1147165608773N00928098EA0000000978
B1147235608828N00928005EA0000001003
B1147285608863N00927957EA0000001011
B1147395608940N00927858EA0000000999
B1147445608985N00927774EA0000000991
B1147495609020N00927672EA0000001000
B1147545609043N00927570EA0000000995
B1148125609118N00927124EA0000000972
B1148315609175N00926675EA0000001025
B1148365609189N00926573EA0000001025
B1148475609215N00926343EA0000001030
B1148535609227N00926212EA0000001012
B1149045609255N00925914EA0000000982
B1149105609270N00925748EA0000000981
B1149345609307N00925072EA0000001003
B1149395609303N00924976EA0000001017
B1149475609308N00924822EA0000000971
B1149545609325N00924614EA0000000942
B1150035609344N00924359EA0000000948
B1150165609359N00924048EA0000000965
B1150215609367N00923949EA0000000964
B1150285609385N00923819EA0000000960
B1150365609419N00923646EA0000000937
B1150415609442N00923538EA0000000970
B1150465609461N00923473EA0000000999
B1150515609478N00923412EA0000000989
B1150585609499N00923289EA0000001000
B1151075609529N00923155EA0000001019
B1151135609546N00923067EA0000001024
B1151185609561N00922994EA0000001029
B1151235609581N00922927EA0000001018
B1151305609621N00922791EA0000000966
B1151365609660N00922631EA0000000941
B1151425609692N00922459EA0000000949
B1151475609718N00922327EA0000000976
B1151525609737N00922223EA0000001009
B1151575609751N00922145EA0000001023
B1152025609765N00922066EA0000001002
B1152085609804N00921944EA0000000975
B1152135609848N00921835EA0000000998
B1152185609878N00921746EA0000001047
B1152235609898N00921683EA0000001060
B1152285609921N00921618EA0000001062
B1152345609961N00921538EA0000001033
B1152405610020N00921419EA0000000998
B1152465610090N00921291EA0000000985
B1152525610159N00921164EA0000000976
B1152585610224N00921028EA0000000966
B1153065610315N00920860EA0000000963
B1153115610368N00920761EA0000000963
B1153175610424N00920640EA0000000959
B1153225610457N00920524EA0000000946
B1153275610484N00920392EA0000000919
B1153325610508N00920252EA0000000918
B1153385610529N00920092EA0000000927
B1153435610540N00919974EA0000000939
B1153505610540N00919842EA0000000960
B1153575610532N00919739EA0000000970
B1154045610533N00919640EA0000000974
B1154105610537N00919557EA0000000978
B1154165610545N00919483EA0000000979
B1154225610566N00919409EA0000000953
B1154285610604N00919291EA0000000915
B1154335610641N00919177EA0000000910
B1154385610674N00919071EA0000000927
B1154445610714N00918961EA0000000929
B1154515610757N00918832EA0000000947
B1154565610784N00918760EA0000000946
B1155025610817N00918659EA0000000911
B1155075610853N00918550EA0000000900
B1155175610929N00918320EA0000000886
B1155265611000N00918104EA0000000871
B1155315611042N00917983EA0000000864
B1155365611085N00917868EA0000000858
B1155425611140N00917736EA0000000856
B1155475611185N00917628EA0000000854
B1155575611277N00917397EA0000000842
B1156025611321N00917285EA0000000846
B1156085611368N00917155EA0000000852
B1156135611408N00917049EA0000000851
B1156185611446N00916942EA0000000865
B1156235611477N00916858EA0000000893
B1156295611507N00916779EA0000000917
B1156345611530N00916718EA0000000922
B1156405611564N00916649EA0000000921
B1156455611600N00916578EA0000000886
B1156505611647N00916462EA0000000878
B1156565611704N00916330EA0000000909
B1157015611749N00916259EA0000000944
B1157065611788N00916220EA0000000960
B1157115611820N00916182EA0000000964
B1157205611881N00916117EA0000000977
B1157265611920N00916062EA0000000984
B1157315611950N00916010EA0000000982
B1157365611983N00915954EA0000000971
B1157435612039N00915837EA0000000950
B1157485612081N00915749EA0000000963
B1157535612120N00915680EA0000000999
B1157595612157N00915615EA0000001007
B1158055612195N00915538EA0000001010
B1158105612226N00915468EA0000001023
B1158165612260N00915396EA0000001025
B1158225612305N00915318EA0000001009
B1158275612352N00915241EA0000001001
B1158335612412N00915144EA0000000996
B1158395612464N00915043EA0000001000
B1158445612510N00914949EA0000000989
B1158515612566N00914796EA0000000992
B1158595612624N00914614EA0000000975
B1159075612690N00914428EA0000000951
B1159125612728N00914299EA0000000951
B1159175612765N00914180EA0000000957
B1159235612808N00914061EA0000000977
B1159305612846N00913954EA0000000994
B1159355612871N00913886EA0000000995
B1159475612923N00913731EA0000001002
B1159525612938N00913656EA0000001000
B1159575612955N00913575EA0000000981
B1200045612994N00913408EA0000000941
B1200125613038N00913199EA0000000933
B1200185613068N00913043EA0000000930
B1200235613089N00912920EA0000000932
B1200285613112N00912798EA0000000931
B1200335613132N00912672EA0000000927
B1200385613147N00912543EA0000000929
B1200445613171N00912390EA0000000933
B1200515613193N00912216EA0000000955
B1200565613208N00912106EA0000000980
B1201025613221N00912007EA0000001007
B1201105613238N00911905EA0000001046
B1201155613250N00911842EA0000001056
B1201215613265N00911761EA0000001071
B1201275613285N00911670EA0000001046
B1201325613317N00911550EA0000001027
B1201385613358N00911395EA0000001022
B1201435613393N00911267EA0000001015
B1201495613433N00911109EA0000001005
B1201575613482N00910901EA0000000990
B1202025613513N00910774EA0000000981
B1202095613556N00910600EA0000000983
B1202155613596N00910460EA0000000981
B1202235613655N00910288EA0000000980
B1202285613692N00910184EA0000000978
B1202335613729N00910076EA0000000974
B1202395613775N00909941EA0000000962
B1202475613834N00909754EA0000000961
B1202535613873N00909603EA0000000940
B1202585613909N00909458EA0000000936
B1203045613950N00909289EA0000000946
B1203095613981N00909150EA0000000931
B1203145614011N00909012EA0000000922
B1203215614053N00908818EA0000000912
B1203265614083N00908680EA0000000910
B1203325614127N00908523EA0000000918
B1203395614177N00908354EA0000000949
B1203445614204N00908244EA0000000969
B1203505614231N00908143EA0000001012
B1203565614249N00908070EA0000001037
B1204015614261N00908005EA0000001037
B1204075614275N00907915EA0000001043
B1204125614286N00907843EA0000001058
B1204185614296N00907754EA0000001069
B1204295614295N00907569EA0000001065
B1204345614251N00907467EA0000001037
B1204395614167N00907365EA0000001022
B1204455614058N00907247EA0000001013
B1204505613957N00907172EA0000001016
B1204565613838N00907309EA0000001031
B1205015613835N00907563EA0000001011
B1205065613878N00907805EA0000001003
B1205135613935N00908132EA0000001000
B1205235613999N00908600EA0000000990
B1205315613998N00908989EA0000001017
B1205365613972N00909214EA0000001034
B1205415613933N00909419EA0000001059
B1205485613883N00909682EA0000001084
B1205555613842N00909944EA0000001103
B1206005613804N00910129EA0000001110
B1206065613758N00910365EA0000001103
B1206145613685N00910720EA0000001080
B1206195613636N00910956EA0000001064
B1206305613519N00911505EA0000001027
B1206365613454N00911810EA0000001025
B1206435613371N00912147EA0000001035
B1206485613308N00912378EA0000001045
B1206535613250N00912603EA0000001053
B1206585613196N00912829EA0000001057
B1207035613139N00913059EA0000001048
B1207085613081N00913289EA0000001049
B1207145613007N00913567EA0000001044
B1207205612930N00913844EA0000001044
B1207255612873N00914079EA0000001053
B1207325612801N00914412EA0000001045
B1207375612744N00914653EA0000001034
B1207425612666N00914877EA0000001021
B1207475612580N00915099EA0000001008
B1207535612478N00915367EA0000001001
B1207585612400N00915593EA0000001012
B1208045612318N00915861EA0000001021
B1208105612244N00916129EA0000001041
B1208155612193N00916343EA0000001070
B1208215612142N00916574EA0000001088
B1208265612102N00916762EA0000001088
B1208335612049N00917036EA0000001084
B1208395612008N00917285EA0000001076
B1208445611975N00917499EA0000001067
B1208495611939N00917735EA0000001048
B1208555611888N00918035EA0000001042
B1209005611837N00918282EA0000001039
B1209065611772N00918579EA0000001027
B1209115611715N00918826EA0000001025
B1209195611617N00919207EA0000001030
B1209275611516N00919585EA0000001011
B1209365611368N00919967EA0000001008
B1209425611272N00920212EA0000001004
B1209505611156N00920551EA0000000984
B1209585611043N00920892EA0000000979
B1210045610949N00921138EA0000001003
B1210125610846N00921426EA0000001034
B1210205610763N00921686EA0000001052
B1210275610697N00921915EA0000001066
B1210325610653N00922087EA0000001070
B1210435610554N00922472EA0000001067
B1210505610467N00922735EA0000001026
B1210585610337N00923063EA0000000998
B1211075610187N00923453EA0000000970
B1211155610053N00923803EA0000000957
B1211255609874N00924229EA0000000938
B1211335609724N00924553EA0000000937
B1211385609627N00924744EA0000000949
B1211475609478N00925046EA0000000981
B1211525609410N00925221EA0000000986
B1212025609301N00925587EA0000001004
B1212125609223N00925936EA0000001029
B1212175609184N00926109EA0000001027
B1212225609145N00926296EA0000001026
B1212275609102N00926481EA0000001025
B1212325609061N00926671EA0000001033
B1212385609016N00926892EA0000001045
B1212435608980N00927077EA0000001047
B1212485608947N00927267EA0000001041
B1212535608914N00927477EA0000001035
B1212585608883N00927690EA0000001040
B1213075608805N00928047EA0000001029
B1213155608662N00928324EA0000000999
B1213205608561N00928507EA0000000986
B1213285608397N00928806EA0000000975
B1213335608298N00928999EA0000000973
B1213405608164N00929273EA0000000962
B1213485608012N00929592EA0000000952
B1213545607897N00929833EA0000000941
B1213595607801N00930033EA0000000933
B1214075607646N00930356EA0000000906
B1214145607512N00930644EA0000000904
B1214225607372N00930982EA0000000902
B1214275607286N00931189EA0000000895
B1214395607072N00931660EA0000000882
B1214465606943N00931935EA0000000866
B1214525606830N00932171EA0000000860
B1214595606698N00932426EA0000000874
B1215045606606N00932600EA0000000887
B1215095606526N00932746EA0000000916
B1215165606434N00932937EA0000000918
B1215245606404N00933245EA0000000909
B1215325606405N00933556EA0000000913
B1215385606403N00933789EA0000000903
B1215435606396N00934007EA0000000887
B1215515606391N00934386EA0000000888
B1215565606388N00934598EA0000000923
B1216015606397N00934781EA0000000934
B1216065606455N00934856EA0000000944
B1216115606463N00934778EA0000000966
B1216165606387N00934788EA0000000989
B1216215606339N00934953EA0000000995
B1216265606378N00935094EA0000001003
B1216315606425N00935085EA0000001036
B1216365606416N00935025EA0000001042
B1216415606333N00935063EA0000001054
B1216465606308N00935244EA0000001071
B1216545606375N00935294EA0000001088
B1216595606330N00935236EA0000001100
B1217045606251N00935344EA0000001118
B1217095606252N00935515EA0000001134
B1217145606304N00935546EA0000001142
B1217195606294N00935470EA0000001153
B1217245606214N00935469EA0000001171
B1217305606145N00935643EA0000001182
B1217355606179N00935785EA0000001194
B1217415606203N00935727EA0000001214
B1217465606125N00935735EA0000001227
B1217515606072N00935898EA0000001233
B1217565606106N00936040EA0000001249
B1218015606157N00936050EA0000001268
B1218065606152N00935985EA0000001268
B1218135606041N00936088EA0000001285
B1218195606064N00936274EA0000001307
B1218275606114N00936239EA0000001314
B1218325606036N00936234EA0000001324
B1218385605968N00936431EA0000001338
B1218455605926N00936719EA0000001329
B1218515605890N00936994EA0000001314
B1218565605865N00937237EA0000001311
B1219015605846N00937488EA0000001308
B1219065605826N00937738EA0000001304
B1219115605798N00937995EA0000001289
B1219185605743N00938359EA0000001286
B1219255605674N00938723EA0000001275
B1219325605608N00939080EA0000001277
B1219425605521N00939565EA0000001285
B1219485605458N00939842EA0000001288
B1219555605382N00940181EA0000001266
B1220025605330N00940542EA0000001274
B1220075605301N00940792EA0000001283
B1220155605258N00941175EA0000001280
B1220215605220N00941463EA0000001261
B1220275605184N00941755EA0000001260
B1220325605149N00941989EA0000001253
B1220425605055N00942463EA0000001233
B1220475605000N00942690EA0000001244
B1220535604936N00942957EA0000001249
B1220585604890N00943182EA0000001236
B1221035604840N00943410EA0000001220
B1221115604756N00943780EA0000001216
B1221175604689N00944054EA0000001207
B1221225604628N00944275EA0000001223
B1221275604572N00944493EA0000001228
B1221325604521N00944705EA0000001234
B1221375604474N00944906EA0000001244
B1221435604418N00945130EA0000001237
B1221495604359N00945376EA0000001197
B1221555604289N00945636EA0000001193
B1222005604235N00945847EA0000001197
B1222135604153N00946402EA0000001213
B1222185604130N00946604EA0000001216
B1222235604105N00946798EA0000001219
B1222315604058N00947126EA0000001181
B1222395604016N00947506EA0000001159
B1222455603988N00947776EA0000001202
B1222515603961N00947998EA0000001221
B1222585603931N00948238EA0000001217
B1223045603900N00948477EA0000001181
B1223225603832N00949183EA0000001232
B1224055603696N00951221EA0000001130
B1224125603676N00951569EA0000001118
B1224185603653N00951871EA0000001111
B1224245603618N00952173EA0000001109
B1224295603586N00952416EA0000001101
B1224435603503N00953108EA0000001081
B1224485603473N00953352EA0000001073
B1224545603432N00953647EA0000001070
B1225025603377N00954036EA0000001075
B1225155603286N00954580EA0000001077
B1225215603247N00954853EA0000001061
B1225325603192N00955372EA0000001054
B1225405603158N00955756EA0000001055
B1225465603136N00956033EA0000001066
B1225525603114N00956277EA0000001098
B1225575603098N00956461EA0000001099
B1226025603084N00956656EA0000001083
B1226105603058N00957013EA0000001043
B1226195603025N00957471EA0000001012
B1226255602994N00957768EA0000001040
B1226305602974N00957983EA0000001074
B1226385602940N00958269EA0000001085
B1226435602914N00958470EA0000001054
B1226545602817N00959008EA0000001020
B1226595602767N00959255EA0000001020
B1227065602704N00959598EA0000001008
B1227115602663N00959839EA0000000998
B1227225602572N01000372EA0000000976
B1227285602510N01000652EA0000000976
B1227355602428N01000958EA0000000971
B1227435602331N01001300EA0000000967
B1227525602237N01001689EA0000000964
B1227595602160N01001965EA0000000968
B1228055602094N01002186EA0000000975
B1228105602048N01002366EA0000000978
B1228165602016N01002590EA0000000973
B1228235602016N01002883EA0000000936
B1228285602035N01003112EA0000000923
B1228335602066N01003339EA0000000911
B1228395602108N01003608EA0000000915
B1228475602139N01003969EA0000000918
B1228525602139N01004203EA0000000919
B1229025602139N01004608EA0000000965
B1229075602138N01004792EA0000000950
B1229145602089N01005096EA0000000914
B1229195602039N01005336EA0000000900
B1229275601960N01005737EA0000000897
B1229325601917N01005989EA0000000896
B1229385601861N01006276EA0000000900
B1229435601812N01006509EA0000000891
B1229485601765N01006738EA0000000909
B1229535601722N01006936EA0000000940
B1230005601668N01007183EA0000000953
B1230085601630N01007479EA0000000948
B1230135601608N01007671EA0000000958
B1230185601580N01007850EA0000000971
B1230235601595N01008028EA0000000968
B1230295601659N01008061EA0000000994
B1230345601631N01007991EA0000000990
B1230395601545N01008061EA0000000992
B1230455601533N01008299EA0000000999
B1230505601565N01008456EA0000001029
B1230575601621N01008450EA0000001027
B1231035601537N01008435EA0000001045
B1231085601490N01008612EA0000001051
B1231135601530N01008753EA0000001066
B1231185601564N01008719EA0000001076
B1231245601478N01008698EA0000001090
B1231295601429N01008869EA0000001095
B1231355601479N01009032EA0000001112
B1231425601513N01008980EA0000001117
B1231475601432N01008981EA0000001127
B1231545601396N01009230EA0000001140
B1231595601442N01009336EA0000001159
B1232045601474N01009292EA0000001148
B1232105601396N01009248EA0000001165
B1232155601332N01009397EA0000001165
B1232225601328N01009658EA0000001193
B1232275601374N01009755EA0000001191
B1232325601376N01009684EA0000001190
B1232375601285N01009723EA0000001209
B1232425601240N01009900EA0000001217
B1232475601270N01010046EA0000001220
B1232555601297N01009990EA0000001234
B1233005601209N01010058EA0000001243
B1233065601221N01010255EA0000001248
B1233115601269N01010239EA0000001258
B1233165601237N01010168EA0000001276
B1233215601153N01010252EA0000001274
B1233265601163N01010432EA0000001276
B1233315601221N01010460EA0000001301
B1233415601135N01010404EA0000001299
B1233475601079N01010614EA0000001315
B1233545601134N01010796EA0000001333
B1234035601157N01010727EA0000001341
B1234085601073N01010752EA0000001334
B1234165601061N01011016EA0000001348
B1234225601130N01011071EA0000001372
B1234295601222N01011096EA0000001328
B1234345601319N01011106EA0000001297
B1234395601428N01011124EA0000001281
B1234505601667N01011204EA0000001266
B1234575601807N01011221EA0000001259
B1235035601925N01011218EA0000001253
B1235115602083N01011223EA0000001241
B1235165602182N01011221EA0000001233
B1235215602281N01011214EA0000001227
B1235275602398N01011206EA0000001222
B1235325602495N01011202EA0000001216
B1235395602625N01011195EA0000001207
B1235455602732N01011183EA0000001201
B1235545602888N01011145EA0000001183
B1236015603009N01011121EA0000001186
B1236105603156N01011087EA0000001180
B1236175603278N01011070EA0000001168
B1236225603370N01011061EA0000001169
B1236295603491N01011030EA0000001177
B1236355603599N01011013EA0000001174
B1236405603694N01010995EA0000001163
B1236495603868N01010973EA0000001163
B1236545603962N01010960EA0000001176
B1236595604046N01010930EA0000001195
B1237055604070N01010810EA0000001207
B1237115604050N01010668EA0000001182
B1237165604037N01010535EA0000001171
B1237215604025N01010408EA0000001174
B1237275604011N01010262EA0000001161
B1237345603997N01010069EA0000001133
B1237405603986N01009901EA0000001141
B1237475603978N01009716EA0000001128
B1237535603960N01009546EA0000001117
B1238025603934N01009273EA0000001097
B1238085603920N01009092EA0000001106
B1238155603900N01008877EA0000001098
B1238235603884N01008634EA0000001094
B1238345603873N01008300EA0000001075
B1238405603867N01008123EA0000001061
B1238505603868N01007826EA0000001023
B1238555603881N01007681EA0000001034
B1239005603897N01007558EA0000001048
B1239065603915N01007420EA0000001034
B1239125603924N01007275EA0000001041
B1239225603937N01007038EA0000001036
B1239275603940N01006928EA0000001047
B1239325603937N01006832EA0000001048
B1239385603938N01006704EA0000001011
B1239465603950N01006483EA0000000999
B1239545603960N01006265EA0000000989
B1239595603966N01006123EA0000000983
B1240055603976N01005969EA0000001005
B1240105603985N01005878EA0000001037
B1240185603988N01005758EA0000001035
B1240235603987N01005672EA0000001043
B1240285603991N01005595EA0000001047
B1240345603998N01005501EA0000001031
B1240425603994N01005312EA0000000976
B1240475603992N01005169EA0000000969
B1240525603993N01005034EA0000000963
B1240585604008N01004876EA0000000941
B1241035604025N01004730EA0000000917
B1241085604041N01004583EA0000000924
B1241145604059N01004422EA0000000934
B1241195604068N01004306EA0000000938
B1241285604053N01004093EA0000000913
B1241335604030N01003962EA0000000891
B1241385603999N01003828EA0000000883
B1241465603945N01003609EA0000000872
B1241545603926N01003386EA0000000861
B1242005603924N01003236EA0000000859
B1242075603932N01003046EA0000000827
B1242165603968N01002790EA0000000826
B1242225603989N01002634EA0000000838
B1242275604005N01002527EA0000000859
B1242325604010N01002440EA0000000873
B1242395604011N01002318EA0000000846
B1242445604021N01002192EA0000000816
B1242515604053N01002003EA0000000798
B1242585604097N01001832EA0000000813
B1243035604127N01001732EA0000000830
B1243115604155N01001599EA0000000836
B1243165604172N01001517EA0000000840
B1243265604211N01001380EA0000000851
B1243315604228N01001318EA0000000855
B1243385604253N01001231EA0000000838
B1243445604282N01001105EA0000000792
B1243505604313N01000950EA0000000796
B1243575604344N01000764EA0000000782
B1244055604374N01000543EA0000000777
B1244105604403N01000412EA0000000786
B1244155604431N01000289EA0000000803
B1244215604459N01000179EA0000000841
B1244295604406N01000116EA0000000857
B1244345604353N01000283EA0000000835
B1244395604407N01000419EA0000000842
B1244475604495N01000419EA0000000873
B1244545604460N01000348EA0000000878
B1244595604378N01000434EA0000000879
B1245045604369N01000619EA0000000871
B1245095604432N01000693EA0000000891
B1245145604480N01000682EA0000000910
B1245215604466N01000601EA0000000902
B1245265604380N01000688EA0000000910
B1245315604381N01000875EA0000000922
B1245365604433N01000963EA0000000930
B1245415604459N01000904EA0000000929
B1245465604393N01000877EA0000000950
B1245515604333N01001014EA0000000940
B1245565604373N01001161EA0000000954
B1246025604400N01001094EA0000000962
B1246105604377N01000975EA0000000995
B1246155604358N01000922EA0000000996
B1246205604334N01000841EA0000000969
B1246265604301N01000706EA0000000959
B1246325604269N01000569EA0000000966
B1246385604246N01000419EA0000000940
B1247135604192N00959535EA0000000890
B1247195604182N00959382EA0000000889
B1247275604173N00959183EA0000000880
B1247335604179N00959037EA0000000884
B1247385604183N00958924EA0000000890
B1247435604193N00958812EA0000000879
B1247485604206N00958696EA0000000861
B1247565604242N00958521EA0000000857
B1248015604262N00958411EA0000000836
B1248085604285N00958225EA0000000817
B1248145604330N00958080EA0000000804
B1248195604379N00957966EA0000000793
B1248265604451N00957816EA0000000788
B1248335604521N00957675EA0000000782
B1248385604564N00957575EA0000000781
B1248455604608N00957431EA0000000790
B1248515604633N00957339EA0000000814
B1248585604649N00957253EA0000000814
B1249065604662N00957137EA0000000813
B1249115604674N00957068EA0000000821
B1249165604691N00957014EA0000000830
B1249255604719N00956915EA0000000829
B1249305604736N00956853EA0000000833
B1249355604752N00956792EA0000000842
B1249465604717N00956696EA0000000848
B1249515604644N00956832EA0000000852
B1249575604675N00957040EA0000000855
B1250135604723N00957088EA0000000875
B1250185604666N00957247EA0000000878
B1250245604721N00957404EA0000000894
B1250295604746N00957358EA0000000896
B1250345604677N00957353EA0000000899
B1250395604626N00957518EA0000000910
B1250445604643N00957687EA0000000923
B1250505604705N00957723EA0000000907
B1251065604706N00957476EA0000000920
B1251135604689N00957387EA0000000936
B1251205604667N00957299EA0000000949
B1251255604601N00957294EA0000000942
B1251305604563N00957483EA0000000938
B1251355604620N00957614EA0000000949
B1251405604673N00957635EA0000000971
B1251455604669N00957578EA0000000972
B1251505604581N00957624EA0000000974
B1251555604557N00957816EA0000000984
B1252015604618N00957932EA0000000999
B1252065604634N00957883EA0000000998
B1252115604557N00957878EA0000001013
B1252165604502N00958048EA0000001010
B1252215604543N00958194EA0000001021
B1252265604582N00958168EA0000001030
B1252315604551N00958109EA0000001046
B1252365604469N00958200EA0000001047
B1252435604492N00958425EA0000001050
B1252505604547N00958392EA0000001073
B1252555604511N00958337EA0000001070
B1253005604431N00958451EA0000001074
B1253055604439N00958639EA0000001077
B1253105604504N00958703EA0000001093
B1253155604549N00958695EA0000001102
B1253215604483N00958634EA0000001103
B1253265604418N00958794EA0000001113
B1253315604449N00958964EA0000001122
B1253365604506N00959017EA0000001131
B1253435604471N00958925EA0000001137
B1253485604384N00959019EA0000001140
B1253535604369N00959213EA0000001153
B1253585604415N00959340EA0000001167
B1254035604463N00959336EA0000001164
B1254085604485N00959266EA0000001181
B1254205604516N00959126EA0000001194
B1254265604541N00959029EA0000001170
B1254355604585N00958845EA0000001202
B1254415604604N00958766EA0000001226
B1254465604615N00958708EA0000001218
B1254565604655N00958511EA0000001157
B1255025604695N00958364EA0000001150
B1255095604754N00958206EA0000001152
B1255145604800N00958098EA0000001156
B1255225604866N00957937EA0000001172
B1255275604907N00957842EA0000001173
B1255325604948N00957761EA0000001181
B1255385604988N00957672EA0000001194
B1255445605021N00957601EA0000001199
B1255555605085N00957473EA0000001190
B1256035605134N00957355EA0000001175
B1256125605192N00957173EA0000001145
B1256175605230N00957057EA0000001134
B1256235605269N00956906EA0000001116
B1256315605321N00956701EA0000001101
B1256395605369N00956506EA0000001098
B1256465605402N00956341EA0000001094
B1256515605413N00956209EA0000001086
B1256585605424N00956004EA0000001056
B1257065605430N00955757EA0000001043
B1257155605429N00955496EA0000001062
B1257205605427N00955364EA0000001060
B1257345605425N00954972EA0000001035
B1257425605427N00954747EA0000001025
B1257525605432N00954458EA0000001011
B1257575605436N00954312EA0000001003
B1258035605440N00954141EA0000000993
B1258085605444N00954000EA0000000985
B1258155605456N00953809EA0000000991
B1258205605466N00953679EA0000001000
B1258255605480N00953569EA0000001028
B1258305605489N00953494EA0000001060
B1258405605499N00953380EA0000001071
B1258455605508N00953309EA0000001052
B1258515605545N00953192EA0000001029
B1258585605602N00953041EA0000001027
B1259035605640N00952934EA0000001025
B1259095605688N00952800EA0000001011
B1259165605756N00952643EA0000000995
B1259225605815N00952503EA0000000997
B1259285605873N00952371EA0000000995
B1259335605931N00952261EA0000001001
B1259385605983N00952161EA0000001034
B1259435606023N00952082EA0000001051
B1259495606066N00952001EA0000001067
B1259545606098N00951942EA0000001062
B1300025606157N00951816EA0000001057
B1300115606210N00951683EA0000001077
B1300175606235N00951603EA0000001086
B1300245606263N00951523EA0000001097
B1300295606282N00951469EA0000001093
B1300355606307N00951393EA0000001083
B1300425606340N00951288EA0000001080
B1300495606376N00951207EA0000001088
B1300545606398N00951149EA0000001090
B1301005606418N00951076EA0000001091
B1301075606455N00950968EA0000001058
B1301145606532N00950843EA0000001051
B1301195606590N00950757EA0000001035
B1301265606674N00950619EA0000001010
B1301315606732N00950510EA0000001000
B1301365606792N00950412EA0000001006
B1301425606853N00950296EA0000001005
B1301495606894N00950150EA0000001010
B1301545606911N00950035EA0000000993
B1301595606927N00949897EA0000000981
B1302045606940N00949762EA0000001012
B1302095606949N00949664EA0000001059
B1302145606938N00949592EA0000001081
B1302195606850N00949644EA0000001067
B1302245606831N00949836EA0000001074
B1302295606881N00949946EA0000001090
B1302365606947N00949990EA0000001114
B1302415606924N00949923EA0000001116
B1302465606834N00949991EA0000001129
B1302515606816N00950177EA0000001137
B1302575606877N00950278EA0000001162
B1303035606899N00950228EA0000001167
B1303085606816N00950221EA0000001164
B1303145606773N00950441EA0000001190
B1303205606827N00950563EA0000001209
B1303255606859N00950521EA0000001201
B1303305606861N00950414EA0000001182
B1303385606854N00950233EA0000001221
B1303435606846N00950118EA0000001197
B1303495606844N00949945EA0000001199
B1303545606847N00949805EA0000001208
B1303595606851N00949672EA0000001221
B1304085606856N00949460EA0000001235
B1304145606860N00949348EA0000001250
B1304215606868N00949204EA0000001214
B1304265606880N00949074EA0000001193
B1304325606895N00948899EA0000001163
B1304375606910N00948740EA0000001153
B1304425606926N00948591EA0000001160
B1304485606950N00948416EA0000001145
B1304555606974N00948207EA0000001149
B1305005606988N00948066EA0000001148
B1305055606996N00947920EA0000001133
B1305105606999N00947775EA0000001125
B1305185606997N00947554EA0000001109
B1305235606996N00947413EA0000001095
B1305345607003N00947105EA0000001075
B1305415607011N00946919EA0000001069
B1305465607018N00946784EA0000001058
B1305555607036N00946549EA0000001052
B1306045607050N00946307EA0000001041
B1306135607063N00946051EA0000001039
B1306185607075N00945919EA0000001051
B1306235607081N00945795EA0000001063
B1306345607139N00945542EA0000001060
B1306405607193N00945423EA0000001059
B1306455607233N00945326EA0000001062
B1306515607285N00945218EA0000001087
B1306565607319N00945153EA0000001110
B1307015607351N00945117EA0000001128
B1307095607398N00945053EA0000001122
B1307155607437N00944988EA0000001138
B1307225607483N00944934EA0000001179
B1307285607517N00944883EA0000001180
B1307385607591N00944805EA0000001204
B1307455607641N00944750EA0000001209
B1307545607716N00944660EA0000001188
B1307595607768N00944580EA0000001161
B1308045607828N00944483EA0000001148
B1308115607908N00944340EA0000001125
B1308175607981N00944205EA0000001132
B1308285608093N00943975EA0000001160
B1308335608135N00943878EA0000001159
B1308385608170N00943776EA0000001176
B1308455608214N00943647EA0000001172
B1308515608252N00943540EA0000001190
B1308585608283N00943423EA0000001174
B1309045608313N00943318EA0000001170
B1309145608362N00943161EA0000001174
B1309195608371N00943070EA0000001172
B1309265608332N00942931EA0000001169
B1309335608279N00942752EA0000001126
B1309425608211N00942479EA0000001106
B1309475608170N00942327EA0000001112
B1309525608135N00942176EA0000001113
B1309585608097N00942001EA0000001100
B1310085608046N00941704EA0000001081
B1310135608023N00941554EA0000001077
B1310185608001N00941404EA0000001073
B1310235607976N00941257EA0000001073
B1310305607948N00941066EA0000001075
B1310395607930N00940822EA0000001060
B1310455607919N00940658EA0000001055
B1310505607907N00940518EA0000001045
B1310585607891N00940288EA0000001028
B1311035607885N00940140EA0000001020
B1311085607882N00939994EA0000001013
B1311155607877N00939788EA0000001005
B1311225607872N00939581EA0000001014
B1311335607873N00939283EA0000001016
B1311385607881N00939152EA0000001009
B1311435607888N00939012EA0000001008
B1311485607893N00938881EA0000001031
B1311535607902N00938770EA0000001048
B1312005607910N00938649EA0000001076
B1312075607924N00938560EA0000001090
B1312125607935N00938501EA0000001088
B1312185607952N00938412EA0000001080
B1312245607974N00938307EA0000001062
B1312325608004N00938116EA0000001041
B1312425608036N00937850EA0000001053
B1312475608057N00937722EA0000001069
B1312595608088N00937482EA0000001066
B1313055608111N00937326EA0000001039
B1313105608131N00937183EA0000001045
B1313405608204N00936354EA0000001022
B1313495608221N00936120EA0000001023
B1313555608234N00935962EA0000001025
B1314005608252N00935841EA0000001023
B1314115608307N00935583EA0000000997
B1314195608344N00935394EA0000000992
B1314255608372N00935256EA0000001004
B1314315608394N00935124EA0000001018
B1314395608406N00934984EA0000001052
B1314465608411N00934891EA0000001067
B1314515608412N00934826EA0000001071
B1314565608413N00934750EA0000001076
B1315025608419N00934657EA0000001086
B1315085608429N00934571EA0000001092
B1315135608435N00934496EA0000001089
B1315195608446N00934398EA0000001076
B1315265608456N00934265EA0000001057
B1315415608472N00933951EA0000001036
B1315475608471N00933812EA0000001028
B1315535608465N00933664EA0000001026
B1316025608461N00933452EA0000001030
B1316085608453N00933327EA0000001033
B1316155608433N00933191EA0000001028
B1316245608405N00933008EA0000001024
B1316315608402N00932874EA0000001033
B1316435608402N00932661EA0000001028
B1316505608398N00932519EA0000001027
B1316575608391N00932375EA0000001037
B1317035608378N00932256EA0000001033
B1317115608357N00932066EA0000000994
B1317195608336N00931844EA0000000988
B1317255608314N00931677EA0000000986
B1317315608291N00931509EA0000000977
B1317365608269N00931366EA0000000966
B1317425608245N00931191EA0000000957
B1317475608230N00931047EA0000000950
B1317525608215N00930904EA0000000942
B1317575608201N00930763EA0000000930
B1318025608186N00930620EA0000000922
B1318105608164N00930384EA0000000910
B1318155608151N00930232EA0000000898
B1318215608137N00930046EA0000000887
B1318265608123N00929892EA0000000889
B1318345608095N00929662EA0000000912
B1318395608074N00929544EA0000000935
B1318465608044N00929407EA0000000941
B1318515608017N00929303EA0000000943
B1319155607885N00928783EA0000000916
B1319245607828N00928570EA0000000938
B1319355607758N00928381EA0000000962
B1319415607716N00928267EA0000000923
B1319475607676N00928104EA0000000900
B1319535607644N00927939EA0000000899
B1320085607574N00927540EA0000000884
B1320135607553N00927409EA0000000873
B1320215607528N00927189EA0000000859
B1320265607512N00927053EA0000000860
B1320395607491N00926728EA0000000861
B1320445607480N00926608EA0000000872
B1320505607464N00926488EA0000000888
B1320555607462N00926401EA0000000898
B1321035607493N00926307EA0000000915
B1321115607523N00926218EA0000000907
B1321165607547N00926155EA0000000902
B1321215607580N00926081EA0000000906
B1321275607608N00925995EA0000000930
B1321345607632N00925913EA0000000945
B1321395607656N00925848EA0000000931
B1321445607680N00925771EA0000000939
B1321495607702N00925692EA0000000935
B1321545607728N00925616EA0000000941
B1321595607761N00925553EA0000000940
B1322055607799N00925483EA0000000950
B1322125607842N00925386EA0000000941
B1322195607883N00925269EA0000000954
B1322275607921N00925145EA0000000962
B1322345607950N00925039EA0000000982
B1322395607968N00924974EA0000000985
B1322445607988N00924898EA0000000988
B1322515608012N00924797EA0000000995
B1322595608037N00924670EA0000000998
B1323045608051N00924586EA0000000991
B1323105608071N00924463EA0000000973
B1323185608097N00924310EA0000001026
B1323315608118N00924095EA0000001008
B1323375608132N00923983EA0000001007
B1323435608144N00923866EA0000001014
B1323575608145N00923651EA0000001047
B1324055608156N00923544EA0000001044
B1324115608168N00923462EA0000001048
B1324175608185N00923383EA0000001044
B1324245608202N00923270EA0000001035
B1324305608223N00923167EA0000001028
B1324365608245N00923045EA0000001020
B1324445608273N00922884EA0000001015
B1324505608291N00922741EA0000000984
B1324575608308N00922554EA0000000967
B1325025608320N00922419EA0000000963
B1325075608330N00922289EA0000000959
B1325225608360N00921898EA0000000932
B1325295608381N00921707EA0000000911
B1325415608429N00921375EA0000000870
B1325485608457N00921179EA0000000854
B1325555608488N00920989EA0000000834
B1326045608527N00920735EA0000000800
B1326135608521N00920470EA0000000784
B1326365608513N00919837EA0000000758
B1326425608543N00919708EA0000000762
B1326485608587N00919598EA0000000763
B1326535608619N00919519EA0000000767
B1326595608644N00919426EA0000000772
B1327045608662N00919363EA0000000787
B1327105608684N00919304EA0000000786
B1327155608703N00919247EA0000000778
B1327245608752N00919151EA0000000780
B1327305608798N00919113EA0000000780
B1327355608835N00919080EA0000000787
B1327415608874N00919046EA0000000796
B1327465608905N00919016EA0000000779
B1327545608970N00918892EA0000000730
B1328005609030N00918772EA0000000728
B1328055609081N00918675EA0000000733
B1328115609132N00918565EA0000000737
B1328165609180N00918479EA0000000735
B1328215609224N00918408EA0000000780
B1328265609220N00918342EA0000000794
B1328315609137N00918390EA0000000797
B1328365609108N00918572EA0000000811
B1328415609146N00918691EA0000000826
B1328465609195N00918750EA0000000841
B1328515609201N00918684EA0000000844
B1328565609115N00918703EA0000000857
B1329015609069N00918875EA0000000864
B1329075609101N00919065EA0000000890
B1329125609151N00919099EA0000000895
B1329175609137N00919022EA0000000904
B1329225609049N00919081EA0000000917
B1329295609039N00919323EA0000000934
B1329345609095N00919365EA0000000940
B1329395609090N00919289EA0000000948
B1329455608992N00919372EA0000000974
B1329505609008N00919534EA0000000983
B1329555609056N00919512EA0000000989
B1330005609013N00919432EA0000001010
B1330055608930N00919475EA0000001009
B1330105608915N00919668EA0000001014
B1330155608976N00919717EA0000001031
B1330215608954N00919634EA0000001049
B1330285608857N00919790EA0000001063
B1330335608899N00919924EA0000001070
B1330405608937N00919855EA0000001093
B1330455608854N00919853EA0000001095
B1330515608814N00920063EA0000001116
B1330565608868N00920153EA0000001127
B1331015608886N00920092EA0000001137
B1331085608772N00920140EA0000001155
B1331135608774N00920317EA0000001169
B1331185608831N00920354EA0000001181
B1331235608820N00920272EA0000001183
B1331285608725N00920311EA0000001197
B1331335608700N00920495EA0000001219
B1331385608752N00920590EA0000001226
B1331445608782N00920520EA0000001241
B1331495608717N00920467EA0000001242
B1331555608633N00920615EA0000001260
B1332025608688N00920775EA0000001264
B1332075608739N00920727EA0000001270
B1332125608782N00920648EA0000001251
B1332185608839N00920517EA0000001216
B1332245608902N00920363EA0000001199
B1332345609005N00920104EA0000001184
B1332425609085N00919895EA0000001170
B1332475609128N00919764EA0000001169
B1332535609175N00919604EA0000001157
B1332595609226N00919447EA0000001141
B1333075609295N00919246EA0000001139
B1333135609349N00919096EA0000001117
B1333195609402N00918940EA0000001120
B1333275609467N00918737EA0000001111
B1333335609518N00918592EA0000001104
B1333405609582N00918428EA0000001103
B1333455609621N00918310EA0000001113
B1333505609657N00918213EA0000001145
B1333555609689N00918134EA0000001128
B1334005609725N00918031EA0000001101
B1334055609745N00917904EA0000001098
B1334125609774N00917731EA0000001091
B1334195609811N00917560EA0000001072
B1334285609859N00917338EA0000001049
B1334335609888N00917218EA0000001041
B1334385609919N00917091EA0000001026
B1334515609991N00916744EA0000000999
B1334585610027N00916549EA0000000990
B1335035610053N00916418EA0000000986
B1335085610077N00916285EA0000000979
B1335155610115N00916105EA0000000972
B1335225610153N00915929EA0000000962
B1335275610178N00915803EA0000000946
B1335325610207N00915674EA0000000935
B1335405610258N00915471EA0000000919
B1335465610293N00915314EA0000000916
B1335525610328N00915154EA0000000908
B1336025610389N00914889EA0000000892
B1336085610425N00914732EA0000000883
B1336165610476N00914525EA0000000871
B1336215610508N00914395EA0000000862
B1336275610551N00914243EA0000000853
B1336345610606N00914074EA0000000836
B1336405610652N00913938EA0000000846
B1336465610689N00913820EA0000000849
B1336545610735N00913685EA0000000860
B1337005610766N00913601EA0000000862
B1337055610785N00913522EA0000000850
B1337105610808N00913432EA0000000818
B1337165610884N00913351EA0000000809
B1337215610959N00913316EA0000000825
B1337265611027N00913273EA0000000821
B1337315611097N00913213EA0000000825
B1337365611157N00913160EA0000000849
B1337425611220N00913106EA0000000851
B1337495611294N00913048EA0000000845
B1337555611359N00912996EA0000000820
B1338015611439N00912922EA0000000783
B1338065611495N00912840EA0000000799
B1338115611452N00912758EA0000000800
B1338175611328N00912782EA0000000775
B1338265611127N00912948EA0000000773
B1338315611024N00913057EA0000000766
B1338365610919N00913178EA0000000772
B1338435610791N00913344EA0000000807
B1338485610716N00913456EA0000000806
B1338555610600N00913617EA0000000780
B1339015610481N00913771EA0000000756
B1339065610370N00913904EA0000000743
B1339185610097N00914233EA0000000719
B1339235609979N00914377EA0000000705
B1339315609792N00914607EA0000000690
B1339365609675N00914742EA0000000686
B1339425609532N00914897EA0000000682
B1339475609414N00915024EA0000000695
B1339535609294N00915154EA0000000731
B1339595609190N00915278EA0000000734
B1340065609061N00915442EA0000000707
B1340145608899N00915666EA0000000710
B1340205608777N00915831EA0000000682
B1340265608650N00916013EA0000000678
B1340325608530N00916183EA0000000691
B1340395608407N00916352EA0000000715
B1340485608275N00916549EA0000000717
B1340545608188N00916701EA0000000709
B1341005608102N00916851EA0000000718
B1341065608015N00917007EA0000000719
B1341115607966N00917166EA0000000720
B1341165607995N00917318EA0000000718
B1341225608059N00917334EA0000000719
B1341285608081N00917267EA0000000726
B1341335608064N00917197EA0000000716
B1341385607995N00917153EA0000000716
B1341445607898N00917157EA0000000715
B1341505607802N00917278EA0000000701
B1341555607763N00917470EA0000000695
B1342015607774N00917710EA0000000690
B1342065607810N00917882EA0000000692
B1342145607875N00918147EA0000000701
B1342195607934N00918222EA0000000699
B1342245607939N00918155EA0000000694
B1342295607860N00918138EA0000000697
B1342345607777N00918234EA0000000705
B1342415607699N00918442EA0000000725
B1342465607728N00918595EA0000000708
B1342515607778N00918595EA0000000708
B1342565607753N00918533EA0000000713
B1343025607681N00918510EA0000000737
B1343125607587N00918745EA0000000741
B1343175607650N00918799EA0000000747
B1343235607628N00918724EA0000000766
B1343315607528N00918903EA0000000788
B1343365607572N00919029EA0000000786
B1343415607610N00918977EA0000000790
B1343465607559N00918921EA0000000810
B1343515607480N00918968EA0000000813
B1343585607459N00919199EA0000000820
B1344035607521N00919218EA0000000829
B1344085607492N00919147EA0000000843
B1344135607408N00919223EA0000000846
B1344185607413N00919397EA0000000855
B1344255607482N00919394EA0000000875
B1344315607407N00919356EA0000000874
B1344365607332N00919493EA0000000885
B1344425607330N00919712EA0000000898
B1344475607382N00919813EA0000000889
B1344525607428N00919781EA0000000899
B1344575607437N00919726EA0000000912
B1345065607313N00919800EA0000000892
B1345115607325N00919983EA0000000903
B1345165607370N00920122EA0000000922
B1345225607425N00920252EA0000000934
B1345285607459N00920221EA0000000913
B1345335607388N00920196EA0000000912
B1345395607305N00920361EA0000000928
B1345465607274N00920610EA0000000940
B1345515607295N00920774EA0000000934
B1345565607348N00920832EA0000000929
B1346015607362N00920780EA0000000938
B1346065607303N00920750EA0000000937
B1346125607214N00920910EA0000000943
B1346185607166N00921132EA0000000945
B1346245607129N00921375EA0000000918
B1346295607100N00921596EA0000000919
B1346345607074N00921812EA0000000923
B1346405607044N00922066EA0000000923
B1346455607011N00922289EA0000000895
B1346505606973N00922535EA0000000880
B1346565606921N00922829EA0000000872
B1347015606876N00923070EA0000000866
B1347075606822N00923355EA0000000864
B1347155606762N00923733EA0000000858
B1347225606727N00924060EA0000000855
B1347275606710N00924277EA0000000879
B1347325606703N00924464EA0000000896
B1347385606696N00924681EA0000000889
B1347445606688N00924922EA0000000874
B1347495606669N00925144EA0000000860
B1347545606637N00925367EA0000000881
B1348005606599N00925591EA0000000899
B1348055606561N00925779EA0000000882
B1348105606509N00925966EA0000000892
B1348165606448N00926178EA0000000895
B1348225606397N00926400EA0000000896
B1348275606366N00926587EA0000000902
B1348335606334N00926818EA0000000891
B1348385606320N00927016EA0000000903
B1348445606306N00927225EA0000000930
B1348505606354N00927364EA0000000926
B1348555606376N00927305EA0000000928
B1349015606303N00927271EA0000000934
B1349065606222N00927320EA0000000943
B1349115606152N00927431EA0000000939
B1349165606132N00927619EA0000000929
B1349215606141N00927807EA0000000948
B1349295606165N00928073EA0000000970
B1349395606225N00928076EA0000000978
B1349445606149N00928076EA0000000995
B1349505606076N00928226EA0000001007
B1349555606109N00928375EA0000000998
B1350005606152N00928343EA0000001024
B1350055606107N00928297EA0000001032
B1350105606028N00928377EA0000001042
B1350155606017N00928549EA0000001047
B1350205606075N00928639EA0000001049
B1350255606104N00928586EA0000001066
B1350305606050N00928545EA0000001066
B1350355605978N00928670EA0000001073
B1350405605999N00928837EA0000001088
B1350455606057N00928874EA0000001101
B1350505606062N00928817EA0000001098
B1350555605977N00928840EA0000001101
B1351045605948N00929148EA0000001128
B1351095605965N00929321EA0000001135
B1351145605962N00929506EA0000001132
B1351205605948N00929754EA0000001105
B1351255605924N00929992EA0000001079
B1351305605894N00930251EA0000001061
B1351355605864N00930510EA0000001061
B1351425605817N00930865EA0000001070
B1351475605785N00931111EA0000001074
B1351535605754N00931398EA0000001084
B1351585605722N00931618EA0000001093
B1352045605686N00931861EA0000001104
B1352115605650N00932125EA0000001114
B1352165605628N00932305EA0000001103
B1352225605588N00932547EA0000001074
B1352275605542N00932777EA0000001070
B1352325605492N00933007EA0000001078
B1352395605417N00933321EA0000001083
B1352465605348N00933608EA0000001105
B1352515605304N00933798EA0000001102
B1352565605255N00934001EA0000001066
B1353015605207N00934232EA0000001047
B1353075605163N00934512EA0000001044
B1353145605135N00934826EA0000001047
B1353195605103N00935039EA0000001043
B1353245605050N00935251EA0000001024
B1353305604974N00935520EA0000001004
B1353355604908N00935752EA0000000993
B1353445604793N00936180EA0000000987
B1353525604694N00936550EA0000000973
B1353575604632N00936780EA0000000981
B1354025604572N00937004EA0000000989
B1354135604438N00937482EA0000000971
B1354185604375N00937694EA0000000974
B1354235604336N00937907EA0000000983
B1354295604327N00938135EA0000000997
B1354345604324N00938320EA0000000995
B1354425604295N00938621EA0000001000
B1354485604261N00938840EA0000001008
B1354535604231N00939018EA0000001002
B1354585604190N00939197EA0000000986
B1355035604146N00939393EA0000000971
B1355105604086N00939672EA0000000987
B1355165604034N00939903EA0000001004
B1355235603972N00940155EA0000001029
B1355295603916N00940346EA0000001046
B1355365603853N00940562EA0000001040
B1355425603789N00940781EA0000001008
B1355525603691N00941224EA0000001038
B1355575603656N00941408EA0000001061
B1356085603596N00941775EA0000001078
B1356135603593N00941943EA0000001093
B1356195603655N00941989EA0000001092
B1356245603621N00941928EA0000001101
B1356295603534N00942016EA0000001119
B1356345603485N00942175EA0000001140
B1356425603553N00942276EA0000001151
B1356475603517N00942208EA0000001164
B1356555603400N00942352EA0000001192
B1357035603464N00942497EA0000001200
B1357085603433N00942428EA0000001221
B1357145603346N00942568EA0000001234
B1357195603364N00942736EA0000001246
B1357245603414N00942739EA0000001257
B1357315603345N00942684EA0000001277
B1357365603287N00942838EA0000001281
B1357415603330N00942969EA0000001292
B1357485603348N00942895EA0000001317
B1357535603266N00942911EA0000001321
B1357585603208N00943078EA0000001327
B1358045603167N00943326EA0000001307
B1358125603110N00943696EA0000001307
B1358185603074N00943973EA0000001322
B1358255603030N00944293EA0000001318
B1358315602984N00944568EA0000001309
B1358375602927N00944854EA0000001299
B1358425602878N00945085EA0000001313
B1358475602835N00945295EA0000001346
B1358525602798N00945482EA0000001346
B1358585602748N00945743EA0000001316
B1359075602669N00946169EA0000001310
B1359125602627N00946402EA0000001315
B1359195602577N00946730EA0000001319
B1359275602532N00947125EA0000001303
B1359365602479N00947584EA0000001304
B1359425602449N00947900EA0000001299
B1359495602419N00948275EA0000001289
B1359545602396N00948539EA0000001282
B1359595602375N00948799EA0000001282
B1400085602339N00949254EA0000001275
B1400175602304N00949711EA0000001260
B1400275602263N00950226EA0000001250
B1400345602230N00950587EA0000001239
B1400395602198N00950846EA0000001232
B1400445602167N00951102EA0000001228
B1400495602138N00951354EA0000001222
B1400565602102N00951707EA0000001210
B1401015602079N00951963EA0000001205
B1401075602052N00952264EA0000001202
B1401125602027N00952510EA0000001200
B1401175602000N00952755EA0000001193
B1401255601953N00953146EA0000001188
B1401315601912N00953434EA0000001182
B1401365601883N00953663EA0000001208
B1401415601847N00953855EA0000001231
B1401475601814N00954054EA0000001266
B1401545601780N00954287EA0000001276
B1402005601756N00954501EA0000001283
B1402075601730N00954762EA0000001284
B1402125601710N00954962EA0000001264
B1402205601678N00955325EA0000001245
B1402255601664N00955564EA0000001236
B1402325601640N00955903EA0000001249
B1402395601601N00956232EA0000001247
B1402475601561N00956601EA0000001247
B1402535601533N00956855EA0000001270
B1402595601503N00957081EA0000001274
B1403045601476N00957271EA0000001249
B1403225601324N00958128EA0000001192
B1403275601277N00958379EA0000001184
B1403335601227N00958681EA0000001183
B1403385601177N00958918EA0000001183
B1403445601101N00959188EA0000001182
B1403555600978N00959654EA0000001196
B1404025600919N00959926EA0000001212
B1404105600859N01000222EA0000001216
B1404155600828N01000408EA0000001224
B1404225600788N01000663EA0000001239
B1404305600750N01000948EA0000001256
B1404355600729N01001124EA0000001263
B1404425600697N01001383EA0000001263
B1404485600665N01001619EA0000001235
B1404545600628N01001890EA0000001209
B1405005600593N01002173EA0000001198
B1405065600560N01002464EA0000001180
B1405125600526N01002761EA0000001172
B1405195600488N01003097EA0000001164
B1405245600425N01003299EA0000001173
B1405305600322N01003303EA0000001167
B1405355600300N01003197EA0000001143
B1405415600302N01003044EA0000001116
B1405465600318N01002915EA0000001104
B1405545600355N01002714EA0000001085
B1405595600380N01002589EA0000001077
B1406065600420N01002413EA0000001059
B1406125600455N01002263EA0000001062
B1406185600486N01002130EA0000001079
B1406235600508N01002029EA0000001084
B1406295600534N01001922EA0000001090
B1406345600550N01001837EA0000001092
B1406395600561N01001748EA0000001085
B1406505600597N01001506EA0000001072
B1406555600621N01001386EA0000001069
B1407015600655N01001238EA0000001070
B1407065600684N01001123EA0000001077
B1407115600714N01001019EA0000001065
B1407175600749N01000881EA0000001072
B1407225600773N01000777EA0000001087
B1407305600808N01000628EA0000001092
B1407385600839N01000454EA0000001077
B1407465600871N01000278EA0000001078
B1407545600886N01000098EA0000001074
B1407595600884N00959983EA0000001076
B1408045600874N00959859EA0000001077
B1408105600858N00959733EA0000001112
B1408155600838N00959661EA0000001136
B1408215600797N00959580EA0000001138
B1408265600757N00959501EA0000001133
B1408335600703N00959370EA0000001132
B1408395600658N00959239EA0000001111
B1408445600618N00959112EA0000001109
B1408495600591N00958992EA0000001123
B1408545600567N00958903EA0000001146
B1409035600515N00958780EA0000001157
B1409085600480N00958702EA0000001122
B1409145600419N00958553EA0000001088
B1409215600340N00958357EA0000001069
B1409275600273N00958186EA0000001061
B1409345600197N00957991EA0000001055
B1409405600138N00957819EA0000001057
B1409485600066N00957584EA0000001073
B1409545600021N00957416EA0000001093
B1410005559979N00957278EA0000001109
B1410065559937N00957147EA0000001083
B1410115559904N00957018EA0000001087
B1410185559882N00956836EA0000001083
B1410255559869N00956651EA0000001067
B1410315559872N00956491EA0000001065
B1410385559884N00956324EA0000001067
B1410435559906N00956208EA0000001060
B1410485559934N00956095EA0000001081
B1410535559955N00956002EA0000001095
B1410585559976N00955912EA0000001072
B1411065600024N00955725EA0000001046
B1411135600072N00955565EA0000001061
B1411205600121N00955427EA0000001075
B1411275600170N00955287EA0000001072
B1411355600226N00955120EA0000001072
B1411405600257N00955016EA0000001071
B1411455600291N00954910EA0000001069
B1411505600326N00954806EA0000001071
B1411555600358N00954703EA0000001069
B1412035600415N00954536EA0000001063
B1412105600456N00954371EA0000001050
B1412185600494N00954171EA0000001032
B1412275600538N00953936EA0000001018
B1412335600571N00953787EA0000001014
B1412435600628N00953540EA0000001005
B1412525600673N00953316EA0000001009
B1413015600723N00953145EA0000001049
B1413095600756N00953048EA0000001079
B1413185600785N00952958EA0000001090
B1413245600807N00952893EA0000001091
B1413355600850N00952739EA0000001093
B1413435600891N00952598EA0000001086
B1413505600925N00952487EA0000001087
B1413555600946N00952410EA0000001095
B1414025600973N00952316EA0000001111
B1414075600993N00952254EA0000001110
B1414175601024N00952122EA0000001123
B1414295601064N00951975EA0000001130
B1414345601084N00951912EA0000001138
B1414415601113N00951820EA0000001147
B1414465601139N00951753EA0000001125
B1414515601172N00951652EA0000001091
B1414585601224N00951480EA0000001087
B1415065601275N00951287EA0000001086
B1415135601315N00951117EA0000001088
B1415225601362N00950901EA0000001094
B1415275601388N00950785EA0000001110
B1415335601410N00950672EA0000001133
B1415395601428N00950574EA0000001139
B1415445601442N00950492EA0000001131
B1415505601466N00950361EA0000001094
B1415565601494N00950208EA0000001096
B1416015601517N00950080EA0000001091
B1416105601555N00949833EA0000001084
B1416165601578N00949678EA0000001090
B1416265601600N00949403EA0000001071
B1416315601588N00949258EA0000001054
B1416375601541N00949082EA0000001045
B1416445601480N00948884EA0000001043
B1416495601433N00948747EA0000001035
B1416555601375N00948585EA0000001024
B1417025601309N00948388EA0000001013
B1417105601247N00948162EA0000001013
B1417175601224N00947961EA0000000999
B1417265601210N00947707EA0000000991
B1417315601205N00947570EA0000000986
B1417385601207N00947379EA0000000990
B1417435601214N00947255EA0000000988
B1417485601221N00947130EA0000000982
B1417555601233N00946953EA0000000986
B1418025601246N00946794EA0000000999
B1418075601262N00946692EA0000001001
B1418145601292N00946563EA0000001006
B1418205601320N00946465EA0000001013
B1418285601361N00946339EA0000000989
B1418365601425N00946194EA0000000984
B1418435601482N00946075EA0000001000
B1418485601517N00946001EA0000001012
B1418555601555N00945906EA0000001025
B1419015601583N00945825EA0000001036
B1419065601607N00945755EA0000001037
B1419125601629N00945664EA0000001047
B1419205601663N00945554EA0000001065
B1419265601687N00945482EA0000001094
B1419325601710N00945406EA0000001098
B1419385601733N00945314EA0000001118
B1419455601758N00945220EA0000001144
B1419515601769N00945152EA0000001153
B1419575601779N00945064EA0000001146
B1420045601800N00944922EA0000001111
B1420135601829N00944673EA0000001082
B1420225601854N00944417EA0000001095
B1420305601866N00944187EA0000001083
B1420365601878N00944009EA0000001089
B1420425601887N00943851EA0000001116
B1420475601885N00943719EA0000001112
B1420545601890N00943532EA0000001104
B1421025601923N00943322EA0000001085
B1421085601946N00943161EA0000001070
B1421145601967N00942998EA0000001053
B1421365602089N00942454EA0000001022
B1421495602190N00942156EA0000001000
B1421545602237N00942050EA0000001005
B1422055602330N00941852EA0000001009
B1422235602553N00941535EA0000000966
B1422375602711N00941328EA0000000985
B1422445602789N00941222EA0000000972
B1422505602872N00941154EA0000000974
B1422585602985N00941088EA0000001001
B1423045603060N00941063EA0000001019
B1423105603132N00941043EA0000001001
B1423165603223N00940994EA0000000972
B1423235603334N00940921EA0000000965
B1423305603443N00940843EA0000000952
B1423355603523N00940788EA0000000944
B1423405603599N00940727EA0000000937
B1423465603686N00940644EA0000000929
B1423555603814N00940519EA0000000925
B1424035603912N00940403EA0000000920
B1424135604000N00940213EA0000000910
B1424215604066N00940060EA0000000904
B1424275604109N00939941EA0000000913
B1424325604140N00939860EA0000000928
B1424385604178N00939778EA0000000909
B1424435604213N00939684EA0000000919
B1424495604244N00939601EA0000000955
B1424595604290N00939502EA0000000961
B1425085604332N00939410EA0000000981
B1425155604359N00939343EA0000000972
B1425205604384N00939285EA0000000962
B1425265604413N00939204EA0000000965
B1425315604433N00939137EA0000000962
B1425375604455N00939055EA0000000958
B1425435604481N00938966EA0000000948
B1425485604506N00938885EA0000000961
B1425535604525N00938825EA0000000977
B1425595604546N00938758EA0000000976
B1426065604575N00938666EA0000000966
B1426125604608N00938579EA0000000966
B1426205604657N00938474EA0000000971
B1426255604687N00938411EA0000000974
B1426315604715N00938330EA0000000985
B1426375604743N00938264EA0000001009
B1426425604734N00938200EA0000001005
B1426485604642N00938292EA0000001015
B1426535604658N00938466EA0000001016
B1426585604719N00938509EA0000001030
B1427065604720N00938421EA0000001037
B1427115604637N00938475EA0000001046
B1427165604618N00938660EA0000001045
B1427215604680N00938750EA0000001054
B1427275604732N00938711EA0000001080
B1427325604705N00938646EA0000001074
B1427385604614N00938791EA0000001072
B1427435604652N00938942EA0000001095
B1427495604714N00938954EA0000001112
B1427545604681N00938886EA0000001103
B1428005604597N00939026EA0000001113
B1428075604655N00939213EA0000001135
B1428125604708N00939244EA0000001143
B1428195604751N00939164EA0000001136
B1428265604795N00939056EA0000001125
B1428335604827N00938939EA0000001161
B1428395604845N00938870EA0000001175
B1428465604862N00938791EA0000001190
B1428525604884N00938717EA0000001174
B1428585604907N00938613EA0000001149
B1429035604929N00938496EA0000001120
B1429085604952N00938367EA0000001111
B1429145604974N00938212EA0000001101
B1429205604995N00938063EA0000001100
B1429265605011N00937918EA0000001101
B1429315605022N00937797EA0000001079
B1429415605039N00937530EA0000001075
B1429475605050N00937380EA0000001075
B1429525605061N00937249EA0000001060
B1429575605073N00937115EA0000001057
B1430035605087N00936953EA0000001043
B1430085605098N00936810EA0000001029
B1430145605110N00936638EA0000001026
B1430205605122N00936474EA0000001022
B1430255605131N00936337EA0000001020
B1430315605140N00936177EA0000001026
B1430375605144N00936028EA0000001018
B1430435605149N00935883EA0000001009
B1430485605153N00935759EA0000001001
B1430535605161N00935635EA0000000997
B1430585605169N00935511EA0000000992
B1431035605173N00935387EA0000000983
B1431085605176N00935263EA0000000974
B1431155605186N00935090EA0000000958
B1431205605197N00934965EA0000000941
B1431275605216N00934781EA0000000926
B1431335605235N00934620EA0000000922
B1431385605249N00934487EA0000000927
B1431445605267N00934335EA0000000943
B1431505605285N00934204EA0000000966
B1431585605316N00934046EA0000000954
B1432045605344N00933913EA0000000936
B1432135605396N00933712EA0000000938
B1432195605428N00933591EA0000000952
B1432275605460N00933456EA0000000975
B1432385605506N00933293EA0000000969
B1432445605534N00933174EA0000000948
B1432515605556N00932996EA0000000930
B1432585605563N00932808EA0000000938
B1433035605533N00932691EA0000000943
B1433095605434N00932592EA0000000930
B1433145605332N00932539EA0000000925
B1433205605206N00932469EA0000000908
B1433265605075N00932400EA0000000903
B1433345604897N00932328EA0000000903
B1433395604795N00932278EA0000000902
B1433515604551N00932160EA0000000889
B1433565604444N00932114EA0000000904
B1434025604322N00932062EA0000000911
B1434085604196N00932007EA0000000904
B1434155604045N00931926EA0000000890
B1434205603932N00931865EA0000000877
B1434285603744N00931769EA0000000861
B1434335603627N00931707EA0000000850
B1434405603463N00931618EA0000000836
B1434485603278N00931526EA0000000821
B1434535603165N00931468EA0000000811
B1434585603055N00931409EA0000000803
B1435035602948N00931349EA0000000801
B1435145602708N00931214EA0000000767
B1435215602552N00931127EA0000000746
B1435315602329N00930999EA0000000734
B1435365602219N00930933EA0000000717
B1435425602080N00930860EA0000000713
B1435475601975N00930808EA0000000723
B1435545601820N00930726EA0000000696
B1436025601642N00930631EA0000000713
B1436135601404N00930503EA0000000683
B1436185601295N00930446EA0000000671
B1436275601094N00930340EA0000000644
B1436485600623N00930096EA0000000609
B1436535600513N00930039EA0000000608
B1437025600319N00929944EA0000000606
B1437075600212N00929892EA0000000599
B1437155600042N00929802EA0000000587
B1437235559871N00929712EA0000000568
B1437305559720N00929619EA0000000550
B1437385559549N00929508EA0000000538
B1437485559331N00929397EA0000000536
B1437555559179N00929339EA0000000532
B1438015559063N00929278EA0000000545
B1438065558972N00929225EA0000000568
B1438115558893N00929180EA0000000575
B1438175558787N00929109EA0000000549
B1438235558672N00929028EA0000000550
B1438295558550N00928964EA0000000541
B1438355558423N00928895EA0000000518
B1438435558249N00928789EA0000000505
B1438505558105N00928698EA0000000503
B1438585557941N00928608EA0000000497
B1439065557766N00928515EA0000000463
B1439145557577N00928425EA0000000453
B1439195557459N00928375EA0000000448
B1439305557201N00928274EA0000000430
B1439375557038N00928197EA0000000418
B1439445556878N00928119EA0000000412
B1439505556741N00928055EA0000000398
B1440025556465N00927931EA0000000376
B1440115556260N00927838EA0000000352
B1440225556003N00927733EA0000000343
B1440325555775N00927649EA0000000345
B1440395555641N00927599EA0000000358
B1440455555534N00927560EA0000000353
B1440505555448N00927523EA0000000349
B1440585555315N00927455EA0000000340
B1441065555167N00927448EA0000000334
B1441395554640N00928459EA0000000283
B1441565554289N00928755EA0000000275
B1442015554234N00928663EA0000000266
B1442085554272N00928510EA0000000261
B1442175554319N00928342EA0000000244
