AOGNOGN
HFDTE190625
HFFXA050
HFPLTPILOTINCHARGE:
HFGTYGLIDERTYPE:Libelle Std
HFGIDGLIDERID:OY-ROX
HFDTM100GPSDATUM:WGS-1984
HFRFWFIRMWAREVERSION:
HFRHWHARDWAREVERSION:
HFFTYFRTYPE:OGN-FLIGHTBOOK
HFGPSGENERIC
HFPRSPRESSALTSENSOR:
HFCIDCOMPETITIONID:CC
B0953515554416N00927296EA0000000097
B0953565554436N00927198EA0000000167
B0954015554450N00927101EA0000000265
B0954065554459N00926994EA0000000360
B0954115554465N00926883EA0000000438
B0954165554471N00926767EA0000000500
B0954225554481N00926625EA0000000523
B0954305554480N00926460EA0000000553
B0954365554466N00926347EA0000000548
B0954465554460N00926148EA0000000541
B0954545554466N00926005EA0000000550
B0955005554466N00925903EA0000000562
B0955065554517N00925902EA0000000564
B0955115554512N00926044EA0000000576
B0955165554433N00926104EA0000000581
B0955215554392N00926037EA0000000590
B0955265554424N00926005EA0000000595
B0955315554458N00926105EA0000000600
B0955365554418N00926245EA0000000610
B0955415554336N00926266EA0000000611
B0955475554309N00926177EA0000000621
B0955525554345N00926155EA0000000630
B0955575554385N00926238EA0000000641
B0956025554371N00926382EA0000000649
B0956075554297N00926469EA0000000653
B0956125554234N00926428EA0000000658
B0956175554234N00926361EA0000000664
B0956225554278N00926372EA0000000671
B0956275554297N00926498EA0000000686
B0956345554203N00926624EA0000000693
B0956395554150N00926562EA0000000700
B0956445554169N00926511EA0000000708
B0956505554210N00926613EA0000000723
B0956555554169N00926749EA0000000731
B0957005554087N00926764EA0000000738
B0957085554072N00926655EA0000000745
B0957135554121N00926662EA0000000748
B0957185554120N00926804EA0000000770
B0957235554042N00926850EA0000000776
B0957295554017N00926764EA0000000786
B0957355554070N00926783EA0000000802
B0957405554071N00926922EA0000000802
B0957455553996N00927017EA0000000807
B0957505553933N00926967EA0000000810
B0957555553949N00926897EA0000000824
B0958025554006N00926998EA0000000835
B0958075553964N00927140EA0000000834
B0958125553878N00927166EA0000000834
B0958175553824N00927094EA0000000845
B0958225553844N00927025EA0000000852
B0958285553892N00927130EA0000000862
B0958335553837N00927254EA0000000865
B0958385553764N00927223EA0000000877
B0958435553765N00927144EA0000000889
B0958485553812N00927171EA0000000894
B0958555553789N00927363EA0000000894
B0959005553704N00927382EA0000000899
B0959055553657N00927307EA0000000915
B0959105553675N00927238EA0000000928
B0959165553725N00927323EA0000000947
B0959215553687N00927462EA0000000949
B0959265553606N00927469EA0000000959
B0959315553573N00927387EA0000000971
B0959365553606N00927334EA0000000986
B0959425553649N00927450EA0000001005
B0959475553597N00927576EA0000001014
B0959525553526N00927556EA0000001023
B0959575553515N00927474EA0000001034
B1000025553559N00927457EA0000001043
B1000075553597N00927567EA0000001056
B1000125553550N00927695EA0000001066
B1000175553482N00927677EA0000001075
B1000225553483N00927604EA0000001083
B1000285553543N00927629EA0000001098
B1000335553557N00927773EA0000001102
B1000385553491N00927878EA0000001101
B1000435553441N00927826EA0000001108
B1000505553494N00927761EA0000001124
B1001255553821N00927443EA0000001117
B1001345553909N00927298EA0000001124
B1001395553957N00927211EA0000001143
B1001455553990N00927096EA0000001164
B1001515554022N00926986EA0000001167
B1001565554055N00926901EA0000001175
B1002015554101N00926818EA0000001161
B1002265554437N00926335EA0000001143
B1002355554546N00926164EA0000001125
B1002405554603N00926066EA0000001126
B1002485554685N00925909EA0000001133
B1002535554732N00925804EA0000001138
B1002585554770N00925701EA0000001159
B1003045554808N00925590EA0000001175
B1003115554847N00925463EA0000001193
B1003165554849N00925356EA0000001198
B1003235554906N00925267EA0000001187
B1003295554975N00925228EA0000001189
B1003345555029N00925203EA0000001193
B1003415555104N00925152EA0000001182
B1003465555159N00925104EA0000001172
B1003525555231N00925041EA0000001151
B1003595555334N00924974EA0000001132
B1004065555425N00924878EA0000001135
B1004115555486N00924807EA0000001129
B1004165555545N00924734EA0000001118
B1004225555614N00924634EA0000001103
B1004285555687N00924535EA0000001087
B1004375555782N00924400EA0000001090
B1004475555881N00924286EA0000001078
B1005085556131N00924065EA0000001031
B1005155556215N00923982EA0000001017
B1005235556305N00923881EA0000001003
B1005285556362N00923814EA0000000988
B1005335556421N00923747EA0000000978
B1005465556576N00923577EA0000000967
B1005555556681N00923476EA0000000960
B1006005556734N00923428EA0000000970
B1006065556794N00923376EA0000000965
B1006125556859N00923341EA0000000976
B1006185556914N00923320EA0000000989
B1006235556960N00923371EA0000000995
B1006285556961N00923522EA0000001000
B1006335556885N00923643EA0000001001
B1006395556786N00923614EA0000001017
B1006445556778N00923530EA0000001014
B1006495556825N00923543EA0000001017
B1006545556851N00923662EA0000001029
B1006595556833N00923813EA0000001034
B1007045556763N00923928EA0000001029
B1007095556675N00923933EA0000001034
B1007155556593N00923858EA0000001036
B1007215556536N00923741EA0000001024
B1007595556496N00922841EA0000001014
B1008075556530N00922693EA0000001029
B1008135556562N00922602EA0000001026
B1008185556589N00922517EA0000001019
B1008255556627N00922393EA0000001016
B1008335556670N00922248EA0000001027
B1008385556683N00922149EA0000001036
B1008455556696N00922024EA0000001053
B1008505556718N00921953EA0000001057
B1008565556713N00921849EA0000001063
B1009025556701N00921748EA0000001081
B1009075556633N00921716EA0000001093
B1009125556573N00921834EA0000001105
B1009175556580N00921971EA0000001112
B1009225556623N00922026EA0000001119
B1009275556649N00921983EA0000001125
B1009325556620N00921903EA0000001121
B1009375556540N00921899EA0000001134
B1009425556476N00922002EA0000001149
B1009475556475N00922141EA0000001145
B1009535556541N00922190EA0000001149
B1009585556591N00922177EA0000001152
B1010035556648N00922149EA0000001130
B1010085556715N00922121EA0000001121
B1010175556834N00922064EA0000001123
B1010245556922N00922021EA0000001123
B1010325557025N00921988EA0000001104
B1010375557095N00921975EA0000001099
B1010485557250N00921954EA0000001100
B1010545557324N00921939EA0000001116
B1010595557378N00921908EA0000001122
B1011045557392N00921816EA0000001127
B1011105557315N00921750EA0000001127
B1011155557233N00921827EA0000001128
B1011205557201N00921975EA0000001132
B1011265557227N00922128EA0000001131
B1011315557280N00922191EA0000001140
B1011375557345N00922206EA0000001135
B1011425557388N00922159EA0000001123
B1011475557436N00922102EA0000001108
B1011525557484N00922049EA0000001109
B1012005557541N00921936EA0000001114
B1012065557580N00921844EA0000001104
B1012125557624N00921744EA0000001087
B1012185557660N00921616EA0000001070
B1012255557706N00921460EA0000001048
B1012325557760N00921315EA0000001045
B1012375557796N00921213EA0000001035
B1012435557834N00921080EA0000001021
B1012495557877N00920944EA0000001002
B1012585557940N00920749EA0000000989
B1013045557982N00920627EA0000000980
B1013105558023N00920509EA0000000966
B1013155558057N00920408EA0000000949
B1013205558095N00920304EA0000000932
B1013265558150N00920194EA0000000928
B1013315558194N00920113EA0000000927
B1013365558234N00920034EA0000000924
B1013415558274N00919958EA0000000921
B1013465558311N00919889EA0000000923
B1013515558354N00919842EA0000000926
B1013575558407N00919804EA0000000921
B1014025558416N00919715EA0000000907
B1014125558341N00919500EA0000000898
B1014195558292N00919334EA0000000884
B1014425558161N00918716EA0000000825
B1014475558130N00918585EA0000000819
B1014545558086N00918421EA0000000847
B1014595558031N00918349EA0000000865
B1015055557937N00918425EA0000000865
B1015105557925N00918582EA0000000873
B1015155557968N00918661EA0000000881
B1015205558010N00918640EA0000000889
B1015255558024N00918567EA0000000898
B1015325557975N00918464EA0000000909
B1015375557895N00918470EA0000000906
B1015425557820N00918579EA0000000906
B1015475557796N00918735EA0000000918
B1015535557815N00918894EA0000000928
B1015585557860N00918957EA0000000932
B1016035557894N00918922EA0000000933
B1016085557878N00918847EA0000000944
B1016135557802N00918847EA0000000951
B1016185557742N00918969EA0000000970
B1016235557755N00919106EA0000000981
B1016285557802N00919146EA0000000987
B1016335557829N00919095EA0000000991
B1016385557802N00919025EA0000001001
B1016445557711N00919031EA0000001008
B1016495557645N00919147EA0000001015
B1016545557637N00919301EA0000001026
B1016595557678N00919401EA0000001033
B1017065557742N00919385EA0000001036
B1017115557748N00919312EA0000001041
B1017165557689N00919258EA0000001053
B1017215557609N00919321EA0000001073
B1017265557567N00919467EA0000001079
B1017315557587N00919606EA0000001090
B1017365557635N00919665EA0000001099
B1017415557669N00919639EA0000001102
B1017475557648N00919553EA0000001108
B1017525557578N00919541EA0000001121
B1017575557510N00919641EA0000001138
B1018035557492N00919825EA0000001141
B1018085557529N00919940EA0000001150
B1018145557586N00919982EA0000001153
B1018195557614N00919941EA0000001152
B1018325557598N00919733EA0000001144
B1018395557597N00919606EA0000001170
B1018445557623N00919549EA0000001172
B1018505557641N00919453EA0000001155
B1019155557697N00918879EA0000001127
B1019215557712N00918733EA0000001108
B1019295557732N00918539EA0000001110
B1019415557736N00918292EA0000001138
B1019475557698N00918175EA0000001147
B1019525557658N00918094EA0000001164
B1019575557578N00918079EA0000001164
B1020025557501N00918192EA0000001170
B1020075557485N00918352EA0000001180
B1020125557519N00918456EA0000001191
B1020175557563N00918476EA0000001197
B1020235557584N00918418EA0000001203
B1020285557563N00918343EA0000001209
B1020355557480N00918264EA0000001205
B1020405557388N00918306EA0000001204
B1020465557323N00918478EA0000001207
B1020535557341N00918665EA0000001218
B1020585557382N00918723EA0000001221
B1021035557417N00918701EA0000001225
B1021085557397N00918630EA0000001229
B1021135557317N00918620EA0000001234
B1021185557252N00918736EA0000001237
B1021235557261N00918876EA0000001238
B1021285557308N00918905EA0000001236
B1021375557340N00918775EA0000001232
B1021525557393N00918458EA0000001195
B1022075557479N00918088EA0000001151
B1022125557507N00917955EA0000001144
B1022185557544N00917795EA0000001133
B1022235557577N00917669EA0000001127
B1022325557647N00917447EA0000001105
B1022395557711N00917284EA0000001091
B1022485557800N00917080EA0000001067
B1023015557926N00916807EA0000001091
B1023065557945N00916717EA0000001121
B1023115557890N00916646EA0000001131
B1023165557807N00916707EA0000001138
B1023225557777N00916890EA0000001145
B1023275557813N00916991EA0000001154
B1023325557858N00916999EA0000001166
B1023375557872N00916937EA0000001175
B1023425557828N00916861EA0000001187
B1023475557747N00916866EA0000001197
B1023525557687N00916981EA0000001206
B1023585557692N00917145EA0000001211
B1024035557738N00917161EA0000001206
B1024085557760N00917070EA0000001212
B1024165557799N00916917EA0000001208
B1024215557827N00916822EA0000001202
B1024275557867N00916700EA0000001184
B1024335557911N00916576EA0000001171
B1024405557968N00916439EA0000001158
B1025055558154N00915930EA0000001116
B1025115558201N00915806EA0000001123
B1025185558254N00915674EA0000001136
B1025325558333N00915448EA0000001157
B1025375558363N00915365EA0000001165
B1025435558398N00915264EA0000001175
B1025515558434N00915107EA0000001178
B1026175558574N00914538EA0000001114
B1026325558682N00914196EA0000001088
B1026425558765N00913981EA0000001071
B1026495558823N00913827EA0000001059
B1026545558863N00913715EA0000001051
B1027075558954N00913429EA0000001035
B1027145559000N00913276EA0000001022
B1027315559115N00912898EA0000000987
B1027445559202N00912601EA0000000954
B1027515559257N00912433EA0000000926
B1028015559327N00912200EA0000000924
B1028145559398N00911919EA0000000920
B1028205559434N00911799EA0000000918
B1028265559469N00911689EA0000000920
B1028325559502N00911583EA0000000922
B1028375559525N00911515EA0000000944
B1028425559525N00911446EA0000000942
B1028475559528N00911368EA0000000928
B1028525559548N00911289EA0000000928
B1028575559575N00911222EA0000000932
B1029035559609N00911142EA0000000936
B1029105559643N00911052EA0000000948
B1029165559654N00910972EA0000000950
B1029215559630N00910886EA0000000949
B1029275559602N00910782EA0000000948
B1029345559607N00910668EA0000000958
B1029395559655N00910676EA0000000962
B1029445559673N00910819EA0000000954
B1029505559588N00910902EA0000000956
B1029565559537N00910821EA0000000954
B1030015559519N00910740EA0000000969
B1030075559466N00910673EA0000000973
B1030125559386N00910699EA0000000968
B1030175559339N00910842EA0000000976
B1030225559356N00910967EA0000000985
B1030285559409N00911034EA0000000996
B1030335559446N00911090EA0000001004
B1030385559456N00911231EA0000000990
B1030435559387N00911332EA0000000991
B1030485559321N00911300EA0000000993
B1030565559288N00911174EA0000001006
B1031025559312N00911104EA0000001013
B1031075559348N00911079EA0000001015
B1031125559397N00911101EA0000001011
B1031185559459N00911100EA0000001015
B1031245559499N00911053EA0000001026
B1031295559510N00910986EA0000001024
B1031405559538N00910746EA0000000985
B1031465559568N00910614EA0000000978
B1031515559597N00910510EA0000000976
B1031565559625N00910406EA0000000969
B1032025559664N00910278EA0000000971
B1032075559693N00910190EA0000000994
B1032125559728N00910134EA0000000997
B1032175559754N00910068EA0000001009
B1032235559764N00909982EA0000001015
B1032285559767N00909893EA0000001008
B1032335559774N00909806EA0000001023
B1032385559793N00909743EA0000001030
B1032445559846N00909714EA0000001028
B1032505559885N00909638EA0000001029
B1032555559897N00909558EA0000001033
B1033005559900N00909480EA0000001047
B1033055559892N00909406EA0000001045
B1033125559891N00909298EA0000001028
B1033195559898N00909144EA0000001002
B1033285559911N00908938EA0000000995
B1033385559909N00908697EA0000000988
B1033435559902N00908583EA0000000986
B1033505559888N00908420EA0000000974
B1033585559871N00908233EA0000000978
B1034065559830N00908079EA0000001004
B1034115559755N00908075EA0000000998
B1034165559709N00908210EA0000001008
B1034225559741N00908335EA0000001014
B1034275559780N00908329EA0000001016
B1034365559788N00908197EA0000001018
B1034425559784N00908083EA0000001001
B1034495559822N00907945EA0000000979
B1034555559874N00907847EA0000000976
B1035005559917N00907765EA0000000977
B1035055559948N00907677EA0000000998
B1035105559905N00907590EA0000001013
B1035155559815N00907649EA0000001025
B1035215559790N00907832EA0000001032
B1035265559834N00907911EA0000001038
B1035315559874N00907874EA0000001053
B1035375559834N00907780EA0000001065
B1035425559751N00907842EA0000001075
B1035485559741N00908012EA0000001088
B1035545559796N00908055EA0000001104
B1036005559811N00907965EA0000001106
B1036055559744N00907903EA0000001111
B1036105559662N00907978EA0000001118
B1036155559671N00908118EA0000001117
B1036215559734N00908087EA0000001120
B1036315559772N00907863EA0000001117
B1036375559799N00907700EA0000001109
B1036445559840N00907502EA0000001121
B1036495559866N00907359EA0000001119
B1036545559894N00907215EA0000001136
B1037005559932N00907033EA0000001106
B1037075559984N00906819EA0000001102
B1037125600020N00906674EA0000001100
B1037185600067N00906509EA0000001093
B1037245600113N00906343EA0000001083
B1037325600173N00906120EA0000001064
B1037375600203N00905971EA0000001051
B1037425600225N00905817EA0000001058
B1037485600241N00905636EA0000001080
B1037545600254N00905467EA0000001076
B1037595600259N00905318EA0000001080
B1038065600269N00905090EA0000001053
B1038145600274N00904828EA0000001062
B1038195600278N00904669EA0000001055
B1038265600279N00904459EA0000001045
B1038395600294N00904082EA0000001027
B1038475600312N00903856EA0000001012
B1038525600326N00903717EA0000001006
B1039025600361N00903446EA0000000997
B1039125600396N00903176EA0000000976
B1039185600417N00903013EA0000000968
B1039255600444N00902830EA0000000961
B1039305600468N00902703EA0000000952
B1039365600493N00902555EA0000000949
B1039435600525N00902383EA0000000927
B1039505600558N00902205EA0000000905
B1039555600578N00902077EA0000000897
B1040025600601N00901913EA0000000902
B1040075600615N00901803EA0000000893
B1040165600631N00901619EA0000000906
B1040215600636N00901533EA0000000900
B1040265600648N00901449EA0000000906
B1040315600663N00901364EA0000000903
B1040365600680N00901275EA0000000906
B1040415600711N00901206EA0000000913
B1040465600766N00901273EA0000000924
B1040515600740N00901433EA0000000938
B1040565600654N00901473EA0000000945
B1041025600624N00901375EA0000000954
B1041075600670N00901363EA0000000970
B1041125600706N00901474EA0000000978
B1041185600651N00901640EA0000000998
B1041235600567N00901658EA0000000998
B1041285600530N00901579EA0000001007
B1041335600566N00901542EA0000001016
B1041385600606N00901639EA0000001030
B1041435600575N00901791EA0000001040
B1041485600489N00901838EA0000001047
B1041535600442N00901761EA0000001045
B1041585600477N00901698EA0000001055
B1042035600530N00901772EA0000001069
B1042085600528N00901935EA0000001078
B1042135600454N00902049EA0000001083
B1042185600382N00902001EA0000001093
B1042235600389N00901912EA0000001104
B1042285600444N00901921EA0000001112
B1042335600482N00902058EA0000001117
B1042405600485N00902306EA0000001124
B1042455600483N00902493EA0000001113
B1042525600460N00902770EA0000001099
B1042575600439N00902968EA0000001096
B1043035600402N00903207EA0000001081
B1043105600351N00903485EA0000001080
B1043155600317N00903679EA0000001077
B1043205600284N00903870EA0000001067
B1043265600248N00904104EA0000001069
B1043315600212N00904300EA0000001065
B1043375600182N00904539EA0000001059
B1043425600161N00904725EA0000001062
B1043475600142N00904896EA0000001062
B1043545600118N00905137EA0000001057
B1044015600090N00905389EA0000001044
B1044075600066N00905615EA0000001024
B1044145600033N00905895EA0000000999
B1044205559986N00906140EA0000000981
B1044255559939N00906337EA0000000976
B1044315559880N00906568EA0000000967
B1044375559825N00906796EA0000000960
B1044435559777N00907027EA0000000952
B1044505559727N00907298EA0000000943
B1044565559688N00907532EA0000000933
B1045035559652N00907810EA0000000921
B1045125559620N00908167EA0000000909
B1045185559609N00908403EA0000000905
B1045255559610N00908668EA0000000898
B1045345559615N00909008EA0000000885
B1045405559609N00909223EA0000000907
B1045455559557N00909370EA0000000906
B1045505559474N00909383EA0000000915
B1045555559451N00909301EA0000000919
B1046005559483N00909256EA0000000916
B1046065559542N00909293EA0000000924
B1046115559586N00909382EA0000000924
B1046175559595N00909559EA0000000915
B1046225559605N00909719EA0000000893
B1046275559649N00909846EA0000000889
B1046335559711N00909960EA0000000884
B1046385559768N00910040EA0000000866
B1046465559875N00910136EA0000000841
B1046515559946N00910172EA0000000832
B1046565600012N00910197EA0000000829
B1047025600086N00910230EA0000000833
B1047075600142N00910283EA0000000836
B1047145600223N00910356EA0000000810
B1047215600312N00910420EA0000000800
B1047265600368N00910471EA0000000800
B1047325600435N00910527EA0000000798
B1047375600482N00910595EA0000000809
B1047425600505N00910720EA0000000808
B1047475600445N00910849EA0000000818
B1047525600374N00910818EA0000000819
B1047575600381N00910744EA0000000826
B1048025600423N00910755EA0000000827
B1048075600444N00910879EA0000000828
B1048125600383N00911009EA0000000839
B1048175600312N00910992EA0000000848
B1048225600316N00910932EA0000000846
B1048275600358N00910966EA0000000850
B1048325600371N00911100EA0000000853
B1048375600315N00911241EA0000000866
B1048425600234N00911301EA0000000872
B1048475600176N00911248EA0000000873
B1048525600191N00911195EA0000000877
B1048575600230N00911263EA0000000888
B1049025600201N00911410EA0000000897
B1049075600121N00911471EA0000000904
B1049125600069N00911415EA0000000904
B1049185600098N00911370EA0000000909
B1049235600130N00911466EA0000000916
B1049285600093N00911617EA0000000924
B1049345559996N00911644EA0000000935
B1049395559976N00911570EA0000000938
B1049465600024N00911542EA0000000952
B1049515600066N00911610EA0000000949
B1049565600069N00911757EA0000000959
B1050015600023N00911895EA0000000976
B1050065559944N00911948EA0000000981
B1050115559889N00911891EA0000000987
B1050165559898N00911831EA0000000999
B1050225559943N00911893EA0000001006
B1050295559960N00912079EA0000001020
B1050345559910N00912212EA0000001026
B1050395559832N00912203EA0000001034
B1050445559833N00912135EA0000001045
B1050495559874N00912191EA0000001059
B1050545559861N00912337EA0000001068
B1050595559780N00912420EA0000001074
B1051045559712N00912371EA0000001078
B1051105559726N00912293EA0000001090
B1051155559771N00912348EA0000001100
B1051215559796N00912518EA0000001107
B1051265559832N00912643EA0000001107
B1051315559866N00912779EA0000001111
B1051425559933N00913120EA0000001107
B1051485559968N00913309EA0000001110
B1051535559995N00913467EA0000001107
B1051595600031N00913660EA0000001096
B1052065600052N00913910EA0000001092
B1052145600057N00914205EA0000001085
B1052345600211N00914829EA0000001052
B1052395600254N00914975EA0000001050
B1052445600298N00915118EA0000001043
B1052555600396N00915439EA0000001041
B1053035600400N00915687EA0000001056
B1053085600337N00915803EA0000001064
B1053135600263N00915796EA0000001065
B1053185600244N00915718EA0000001061
B1053265600313N00915731EA0000001066
B1053385600405N00915971EA0000001068
B1053435600454N00916046EA0000001069
B1053485600501N00916046EA0000001079
B1053535600500N00915972EA0000001073
B1053585600439N00915926EA0000001066
B1054035600358N00915975EA0000001060
B1054085600293N00916084EA0000001069
B1054145600260N00916259EA0000001073
B1054195600230N00916408EA0000001063
B1054245600157N00916539EA0000001062
B1054305600059N00916669EA0000001056
B1054355559973N00916793EA0000001044
B1054435559828N00916982EA0000001039
B1054485559739N00917101EA0000001035
B1054545559635N00917242EA0000001033
B1055005559533N00917388EA0000001028
B1055065559424N00917539EA0000001011
B1055145559281N00917743EA0000001009
B1055195559188N00917872EA0000001000
B1055265559060N00918048EA0000000994
B1055315558968N00918171EA0000000991
B1055395558822N00918350EA0000001000
B1055445558733N00918449EA0000000998
B1055525558599N00918623EA0000000989
B1055585558496N00918755EA0000000997
B1056035558416N00918865EA0000001003
B1056095558316N00918972EA0000000994
B1056145558237N00919073EA0000000993
B1056205558150N00919202EA0000000994
B1056275558058N00919374EA0000001003
B1056335557968N00919485EA0000000996
B1056405557856N00919609EA0000000984
B1056455557773N00919701EA0000000982
B1056525557661N00919793EA0000000988
B1056585557563N00919862EA0000000991
B1057035557489N00919939EA0000000989
B1057085557450N00920083EA0000000985
B1057135557470N00920214EA0000000995
B1057185557516N00920258EA0000001000
B1057245557544N00920203EA0000001009
B1057295557508N00920136EA0000001018
B1057345557434N00920125EA0000001020
B1057395557357N00920195EA0000001019
B1057445557307N00920325EA0000001015
B1057535557304N00920576EA0000001028
B1057585557336N00920665EA0000001027
B1058035557380N00920676EA0000001023
B1058105557387N00920586EA0000001030
B1058175557309N00920524EA0000001040
B1058225557233N00920531EA0000001040
B1058295557122N00920607EA0000001025
B1058345557051N00920710EA0000001028
B1058405556974N00920836EA0000001038
B1058455556915N00920945EA0000001047
B1058505556888N00921087EA0000001047
B1058555556911N00921212EA0000001060
B1059005556954N00921262EA0000001065
B1059065556980N00921219EA0000001069
B1059115556952N00921150EA0000001067
B1059165556883N00921124EA0000001072
B1059225556791N00921156EA0000001088
B1059275556719N00921232EA0000001091
B1059325556673N00921374EA0000001098
B1059375556684N00921511EA0000001115
B1059425556725N00921558EA0000001122
B1059475556746N00921517EA0000001122
B1059525556712N00921449EA0000001123
B1059585556624N00921446EA0000001144
B1100035556553N00921535EA0000001148
B1100085556519N00921683EA0000001157
B1100145556549N00921817EA0000001164
B1100195556589N00921817EA0000001172
B1100245556588N00921750EA0000001176
B1100305556516N00921699EA0000001189
B1100355556435N00921750EA0000001202
B1100405556396N00921905EA0000001199
B1100465556401N00922132EA0000001177
B1100525556411N00922372EA0000001177
B1100575556421N00922585EA0000001161
B1101035556412N00922846EA0000001165
B1101135556394N00923256EA0000001178
B1101205556384N00923537EA0000001175
B1101285556376N00923849EA0000001175
B1101345556380N00924082EA0000001170
B1101405556382N00924326EA0000001151
B1101475556383N00924620EA0000001152
B1101535556388N00924859EA0000001148
B1102015556402N00925184EA0000001141
B1102075556415N00925430EA0000001142
B1102145556431N00925709EA0000001141
B1102205556447N00925944EA0000001140
B1102345556481N00926480EA0000001126
B1102425556497N00926787EA0000001110
B1102475556509N00926980EA0000001103
B1102535556520N00927212EA0000001095
B1103005556525N00927485EA0000001083
B1103065556521N00927721EA0000001078
B1103115556515N00927912EA0000001078
B1103185556503N00928173EA0000001071
B1103235556496N00928354EA0000001069
B1103315556487N00928630EA0000001067
B1103365556481N00928802EA0000001064
B1103425556476N00929008EA0000001058
B1103505556467N00929282EA0000001052
B1103555556447N00929457EA0000001041
B1104025556381N00929687EA0000001032
B1104085556301N00929861EA0000001026
B1104155556205N00930036EA0000001038
B1104205556120N00930073EA0000001029
B1104255556075N00929990EA0000001022
B1104305556110N00929959EA0000001021
B1104365556150N00930088EA0000001024
B1104425556154N00930261EA0000001016
B1104485556101N00930439EA0000001022
B1104535556047N00930566EA0000001041
B1104585556032N00930703EA0000001051
B1105035556064N00930800EA0000001052
B1105085556108N00930809EA0000001054
B1105145556113N00930731EA0000001078
B1105195556057N00930684EA0000001080
B1105245555980N00930732EA0000001092
B1105295555939N00930862EA0000001103
B1105345555954N00930986EA0000001109
B1105405556008N00931025EA0000001114
B1105455556028N00930969EA0000001129
B1105505555997N00930892EA0000001133
B1105555555921N00930867EA0000001134
B1106005555841N00930928EA0000001141
B1106065555770N00931069EA0000001159
B1106115555738N00931204EA0000001162
B1106165555756N00931326EA0000001165
B1106235555819N00931337EA0000001161
B1106315555890N00931252EA0000001164
B1106375555942N00931179EA0000001172
B1106495556047N00931015EA0000001159
B1106545556088N00930934EA0000001155
B1107005556130N00930825EA0000001150
B1107155556134N00930475EA0000001127
B1107425555902N00929772EA0000001068
B1108125555639N00928963EA0000001006
B1108315555491N00928447EA0000000988
B1108375555441N00928287EA0000000981
B1108435555390N00928123EA0000000970
B1108485555348N00927982EA0000000960
B1108545555301N00927811EA0000000950
B1108595555263N00927668EA0000000940
B1109045555233N00927519EA0000000927
B1109095555220N00927378EA0000000929
B1109185555207N00927124EA0000000914
B1109285555212N00926837EA0000000893
B1109355555219N00926632EA0000000877
B1109485555244N00926261EA0000000853
B1109545555252N00926092EA0000000843
B1110005555254N00925924EA0000000834
B1110085555250N00925695EA0000000807
B1110175555242N00925449EA0000000805
B1110235555234N00925304EA0000000805
B1110285555224N00925196EA0000000807
B1110435555203N00924915EA0000000809
B1110545555167N00924692EA0000000787
B1110595555147N00924574EA0000000789
B1111045555115N00924476EA0000000799
B1111095555035N00924449EA0000000798
B1111145554961N00924558EA0000000798
B1111195554954N00924708EA0000000799
B1111245554995N00924798EA0000000792
B1111315555059N00924799EA0000000799
B1111405555117N00924732EA0000000793
B1111465555143N00924657EA0000000783
B1111525555168N00924572EA0000000774
B1111585555182N00924469EA0000000764
B1112085555201N00924302EA0000000770
B1112135555218N00924245EA0000000779
B1112185555259N00924247EA0000000772
B1112245555282N00924381EA0000000777
B1112295555223N00924486EA0000000773
B1112345555154N00924459EA0000000775
B1112405555131N00924371EA0000000775
B1112475555150N00924285EA0000000777
B1112525555168N00924233EA0000000775
B1112575555192N00924178EA0000000762
B1113055555243N00924097EA0000000752
B1113115555288N00924035EA0000000749
B1113165555330N00923996EA0000000753
B1113215555369N00923973EA0000000760
B1113265555418N00924014EA0000000752
B1113315555433N00924149EA0000000754
B1113365555376N00924258EA0000000766
B1113415555313N00924234EA0000000757
B1113465555309N00924156EA0000000762
B1113515555344N00924117EA0000000760
B1113585555407N00924135EA0000000767
B1114045555461N00924159EA0000000769
B1114105555514N00924255EA0000000768
B1114175555579N00924310EA0000000768
B1114225555628N00924334EA0000000751
B1114295555711N00924422EA0000000739
B1114365555799N00924529EA0000000720
B1114425555879N00924624EA0000000710
B1114495555969N00924740EA0000000707
B1114555556041N00924840EA0000000699
B1115005556103N00924916EA0000000688
B1115075556189N00925030EA0000000685
B1115135556252N00925123EA0000000697
B1115185556296N00925202EA0000000698
B1115235556329N00925316EA0000000709
B1115285556362N00925415EA0000000716
B1115335556358N00925567EA0000000711
B1115385556281N00925638EA0000000727
B1115445556250N00925563EA0000000742
B1115495556291N00925587EA0000000758
B1115545556305N00925724EA0000000763
B1115595556245N00925838EA0000000775
B1116045556185N00925806EA0000000789
B1116095556199N00925756EA0000000797
B1116145556240N00925835EA0000000806
B1116195556218N00925987EA0000000818
B1116245556141N00926027EA0000000839
B1116295556108N00925966EA0000000851
B1116345556140N00925945EA0000000859
B1116405556165N00926092EA0000000869
B1116455556104N00926206EA0000000893
B1116505556041N00926183EA0000000902
B1116565556061N00926127EA0000000915
B1117025556102N00926249EA0000000922
B1117075556057N00926388EA0000000951
B1117125555984N00926401EA0000000965
B1117175555972N00926334EA0000000977
B1117225556016N00926351EA0000000981
B1117275556031N00926490EA0000000998
B1117325555970N00926604EA0000001008
B1117375555901N00926578EA0000001022
B1117425555905N00926513EA0000001030
B1117475555952N00926547EA0000001035
B1117525555956N00926694EA0000001054
B1117585555871N00926800EA0000001069
B1118035555820N00926744EA0000001081
B1118085555844N00926695EA0000001086
B1118135555890N00926756EA0000001093
B1118185555884N00926902EA0000001117
B1118235555818N00926999EA0000001125
B1118285555752N00926969EA0000001135
B1118335555753N00926904EA0000001144
B1118385555796N00926913EA0000001148
B1118435555829N00927019EA0000001161
B1118485555780N00927157EA0000001168
B1118545555693N00927114EA0000001180
B1119045555742N00926927EA0000001188
B1119165555845N00926645EA0000001163
B1119225555877N00926477EA0000001165
B1119285555903N00926315EA0000001161
B1119335555930N00926189EA0000001157
B1119385555957N00926069EA0000001156
B1119495556004N00925861EA0000001194
B1119555556032N00925759EA0000001173
B1120015556064N00925643EA0000001170
B1120105556104N00925454EA0000001161
B1120255556167N00925128EA0000001145
B1120535556270N00924584EA0000001189
B1121145556306N00924252EA0000001198
B1121205556324N00924150EA0000001187
B1121255556339N00924064EA0000001187
B1121345556378N00923917EA0000001175
B1121415556411N00923787EA0000001169
B1121465556435N00923694EA0000001168
B1121545556471N00923549EA0000001173
B1122015556509N00923434EA0000001169
B1122095556555N00923293EA0000001166
B1122145556575N00923199EA0000001179
B1122225556595N00923073EA0000001185
B1122275556614N00922994EA0000001183
B1122325556632N00922913EA0000001169
B1122385556665N00922802EA0000001143
B1122465556710N00922650EA0000001138
B1122515556733N00922560EA0000001138
B1122565556757N00922471EA0000001129
B1123015556784N00922382EA0000001124
B1123065556811N00922289EA0000001128
B1123115556833N00922198EA0000001126
B1123185556873N00922073EA0000001116
B1123285556930N00921900EA0000001106
B1123575557197N00921509EA0000001058
B1124045557263N00921425EA0000001086
B1124095557286N00921365EA0000001112
B1124145557288N00921300EA0000001106
B1124195557309N00921224EA0000001087
B1124245557340N00921158EA0000001096
B1124295557365N00921104EA0000001102
B1124345557386N00921041EA0000001112
B1124405557404N00920979EA0000001124
B1124485557440N00920892EA0000001134
B1124535557466N00920839EA0000001135
B1124595557500N00920765EA0000001133
B1125045557527N00920706EA0000001140
B1125095557546N00920647EA0000001149
B1125145557566N00920590EA0000001162
B1125225557572N00920492EA0000001167
B1125315557617N00920353EA0000001131
B1125375557663N00920261EA0000001132
B1125425557698N00920184EA0000001126
B1125485557731N00920097EA0000001146
B1125535557755N00920023EA0000001136
B1125585557779N00919943EA0000001143
B1126065557823N00919801EA0000001139
B1126175557878N00919580EA0000001126
B1126315557946N00919306EA0000001151
B1126385557961N00919190EA0000001181
B1126465557946N00919057EA0000001183
B1126555558004N00918939EA0000001153
B1127025558079N00918862EA0000001133
B1127105558170N00918808EA0000001125
B1127165558230N00918759EA0000001134
B1127215558271N00918730EA0000001127
B1127265558315N00918688EA0000001120
B1127315558356N00918649EA0000001129
B1127395558427N00918605EA0000001116
B1127465558487N00918549EA0000001101
B1127525558549N00918483EA0000001084
B1127575558597N00918426EA0000001092
B1128025558641N00918370EA0000001081
B1128085558702N00918295EA0000001069
B1128145558751N00918216EA0000001089
B1128195558758N00918143EA0000001106
B1128245558717N00918081EA0000001111
B1128295558637N00918102EA0000001113
B1128345558592N00918236EA0000001125
B1128395558609N00918365EA0000001131
B1128445558653N00918409EA0000001137
B1128525558686N00918354EA0000001150
B1129025558711N00918188EA0000001117
B1129105558749N00918026EA0000001127
B1129205558800N00917838EA0000001107
B1129255558833N00917734EA0000001111
B1129315558866N00917627EA0000001120
B1129385558908N00917508EA0000001107
B1129485558980N00917330EA0000001106
B1129565559040N00917209EA0000001106
B1130045559099N00917070EA0000001084
B1130155559187N00916863EA0000001066
B1130225559244N00916726EA0000001057
B1130275559283N00916626EA0000001052
B1130325559319N00916528EA0000001044
B1130375559353N00916427EA0000001034
B1130425559385N00916327EA0000001021
B1130485559422N00916199EA0000001006
B1130555559460N00916055EA0000001005
B1131015559494N00915934EA0000000994
B1131075559526N00915812EA0000000990
B1131135559554N00915690EA0000000982
B1131195559585N00915565EA0000000972
B1131285559631N00915384EA0000000967
B1131395559695N00915159EA0000000946
B1131465559736N00915012EA0000000941
B1131525559770N00914895EA0000000947
B1131575559793N00914806EA0000000948
B1132025559816N00914717EA0000000930
B1132085559844N00914612EA0000000944
B1132145559868N00914518EA0000000935
B1132225559916N00914395EA0000000917
B1132285559957N00914305EA0000000912
B1132335559991N00914233EA0000000910
B1132385600024N00914165EA0000000919
B1132445600053N00914086EA0000000922
B1132495600070N00914028EA0000000943
B1132545600038N00913961EA0000000949
B1132595559961N00913984EA0000000957
B1133045559911N00914110EA0000000956
B1133095559908N00914245EA0000000960
B1133145559936N00914344EA0000000957
B1133195559979N00914387EA0000000947
B1133255600028N00914378EA0000000978
B1133305600060N00914359EA0000000989
B1133355600045N00914283EA0000001002
B1133405559972N00914288EA0000001005
B1133455559916N00914415EA0000001013
B1133505559923N00914555EA0000001028
B1133555559965N00914624EA0000001048
B1134005559996N00914588EA0000001067
B1134065559953N00914514EA0000001085
B1134125559868N00914579EA0000001097
B1134185559841N00914748EA0000001123
B1134235559869N00914851EA0000001142
B1134285559913N00914888EA0000001159
B1134335559947N00914861EA0000001178
B1134385559937N00914793EA0000001181
B1134445559854N00914761EA0000001190
B1134495559783N00914848EA0000001196
B1134545559775N00914992EA0000001204
B1134595559828N00915057EA0000001217
B1135055559904N00915087EA0000001207
B1135125600002N00915087EA0000001201
B1135175600072N00915072EA0000001191
B1135225600143N00915033EA0000001176
B1135305600249N00914949EA0000001177
B1135355600309N00914898EA0000001170
B1135465600436N00914780EA0000001159
B1135555600521N00914678EA0000001173
B1136025600574N00914613EA0000001173
B1136085600618N00914562EA0000001173
B1136135600655N00914529EA0000001170
B1136215600716N00914476EA0000001166
B1136275600760N00914429EA0000001160
B1136325600802N00914376EA0000001145
B1136425600896N00914257EA0000001134
B1136485600947N00914180EA0000001126
B1137025601070N00913999EA0000001106
B1137075601115N00913929EA0000001099
B1137135601172N00913843EA0000001087
B1137185601220N00913765EA0000001078
B1137255601283N00913644EA0000001066
B1137345601366N00913490EA0000001043
B1137395601410N00913398EA0000001027
B1137445601455N00913309EA0000001019
B1137505601512N00913209EA0000001013
B1137565601570N00913113EA0000001009
B1138025601624N00913021EA0000001005
B1138075601669N00912946EA0000000995
B1138145601724N00912841EA0000001003
B1138205601765N00912757EA0000001016
B1138275601790N00912662EA0000001021
B1138345601804N00912555EA0000001032
B1138395601820N00912494EA0000001032
B1138465601879N00912449EA0000001026
B1138545601965N00912455EA0000001039
B1138595602000N00912416EA0000001045
B1139045601985N00912329EA0000001047
B1139095601914N00912306EA0000001052
B1139145601840N00912391EA0000001058
B1139195601805N00912532EA0000001062
B1139245601814N00912665EA0000001066
B1139305601855N00912767EA0000001069
B1139365601910N00912802EA0000001063
B1139435601974N00912799EA0000001067
B1139485602022N00912808EA0000001071
B1139535602071N00912822EA0000001069
B1139585602131N00912841EA0000001045
B1140035602203N00912899EA0000001040
B1140115602311N00913007EA0000001056
B1140175602362N00913135EA0000001064
B1140235602414N00913253EA0000001074
B1140325602479N00913438EA0000001061
B1140375602538N00913488EA0000001043
B1140435602612N00913534EA0000001055
B1140485602658N00913628EA0000001055
B1140555602702N00913788EA0000001068
B1141025602764N00913876EA0000001074
B1141075602809N00913938EA0000001082
B1141135602860N00914030EA0000001097
B1141185602901N00914117EA0000001097
B1141245602957N00914211EA0000001096
B1141295603012N00914263EA0000001090
B1141345603066N00914293EA0000001098
B1141425603155N00914316EA0000001092
B1141485603219N00914322EA0000001091
B1141555603303N00914329EA0000001080
B1142015603386N00914337EA0000001060
B1142065603466N00914337EA0000001050
B1142145603586N00914336EA0000001056
B1142205603669N00914339EA0000001067
B1142265603745N00914349EA0000001072
B1142325603822N00914350EA0000001070
B1142395603911N00914341EA0000001073
B1142455603982N00914312EA0000001075
B1142505604026N00914250EA0000001066
B1142565604041N00914122EA0000001054
B1143035604044N00913947EA0000001032
B1143125604050N00913708EA0000001015
B1143245604064N00913386EA0000001001
B1143365604087N00913064EA0000000987
B1143445604098N00912870EA0000000995
B1143495604105N00912760EA0000000993
B1143585604101N00912584EA0000000993
B1144045604103N00912482EA0000000995
B1144115604094N00912364EA0000000992
B1144175604095N00912253EA0000000992
B1144235604109N00912151EA0000001001
B1144285604133N00912092EA0000001002
B1144335604161N00912042EA0000000999
B1144415604200N00911949EA0000001006
B1144485604248N00911908EA0000001006
B1144535604280N00911877EA0000001004
B1144595604309N00911820EA0000000996
B1145065604336N00911740EA0000001007
B1145115604363N00911694EA0000001011
B1145165604411N00911714EA0000001013
B1145215604430N00911849EA0000001026
B1145265604370N00911967EA0000001037
B1145315604300N00911955EA0000001041
B1145365604293N00911884EA0000001047
B1145425604341N00911861EA0000001054
B1145475604387N00911936EA0000001059
B1145525604364N00912093EA0000001071
B1145575604283N00912129EA0000001085
B1146035604259N00912051EA0000001099
B1146085604296N00912034EA0000001111
B1146135604342N00912115EA0000001117
B1146185604311N00912269EA0000001127
B1146235604230N00912282EA0000001134
B1146295604208N00912183EA0000001150
B1146355604232N00912084EA0000001157
B1146415604259N00911960EA0000001152
B1146475604294N00911831EA0000001144
B1146565604353N00911637EA0000001135
B1147085604414N00911367EA0000001110
B1147145604447N00911211EA0000001108
B1147205604475N00911066EA0000001108
B1147295604515N00910832EA0000001095
B1147345604526N00910697EA0000001094
B1147405604527N00910541EA0000001105
B1147465604519N00910401EA0000001107
B1147565604505N00910208EA0000001117
B1148035604495N00910073EA0000001109
B1148095604482N00909953EA0000001100
B1148155604466N00909832EA0000001094
B1148205604447N00909731EA0000001086
B1148255604427N00909627EA0000001076
B1148305604404N00909532EA0000001079
B1148365604372N00909428EA0000001082
B1148415604350N00909339EA0000001080
B1148475604327N00909218EA0000001079
B1148525604310N00909113EA0000001084
B1149005604279N00908946EA0000001078
B1149065604255N00908818EA0000001071
B1149195604194N00908506EA0000001041
B1149245604164N00908385EA0000001050
B1149295604135N00908275EA0000001045
B1149345604103N00908163EA0000001037
B1149425604052N00907978EA0000001034
B1149485604019N00907852EA0000001035
B1149545603988N00907723EA0000001024
B1150005603960N00907594EA0000001026
B1150065603935N00907472EA0000001028
B1150145603909N00907316EA0000001044
B1150195603895N00907226EA0000001067
B1150245603915N00907169EA0000001076
B1150295603965N00907235EA0000001091
B1150345603945N00907382EA0000001111
B1150395603871N00907432EA0000001114
B1150445603817N00907371EA0000001128
B1150495603818N00907295EA0000001141
B1150545603863N00907301EA0000001157
B1150595603885N00907422EA0000001171
B1151045603828N00907536EA0000001170
B1151105603750N00907450EA0000001166
B1151165603725N00907296EA0000001173
B1151235603695N00907094EA0000001143
B1151295603662N00906906EA0000001141
B1151345603642N00906758EA0000001134
B1151395603627N00906612EA0000001130
B1151455603610N00906441EA0000001128
B1151515603593N00906275EA0000001124
B1151585603566N00906096EA0000001133
B1152075603524N00905893EA0000001133
B1152125603502N00905774EA0000001126
B1152235603454N00905504EA0000001114
B1152345603405N00905220EA0000001102
B1152435603365N00904993EA0000001095
B1152485603345N00904874EA0000001100
B1152555603319N00904723EA0000001111
B1153025603282N00904560EA0000001085
B1153105603230N00904351EA0000001070
B1153155603197N00904215EA0000001062
B1153205603175N00904079EA0000001057
B1153265603162N00903922EA0000001048
B1153325603154N00903778EA0000001054
B1153385603155N00903633EA0000001035
B1153445603161N00903491EA0000001031
B1153505603168N00903354EA0000001026
B1153565603173N00903221EA0000001018
B1154015603181N00903112EA0000001010
B1154065603190N00903006EA0000001008
B1154135603204N00902861EA0000001002
B1154185603219N00902761EA0000001000
B1154235603241N00902668EA0000000997
B1154295603273N00902565EA0000000997
B1154365603318N00902449EA0000000991
B1154435603363N00902328EA0000000979
B1154525603427N00902181EA0000000968
B1154585603469N00902075EA0000000961
B1155045603511N00901967EA0000000967
B1155095603545N00901878EA0000000957
B1155155603589N00901765EA0000000946
B1155215603638N00901653EA0000000938
B1155295603720N00901528EA0000000944
B1155355603778N00901445EA0000000957
B1155405603823N00901390EA0000000966
B1155455603869N00901360EA0000000981
B1155505603920N00901387EA0000000989
B1155555603941N00901520EA0000000993
B1156005603884N00901644EA0000001005
B1156055603813N00901632EA0000001007
B1156105603803N00901557EA0000001009
B1156175603852N00901518EA0000001022
B1156235603911N00901552EA0000001014
B1156305603979N00901561EA0000001030
B1156385604042N00901538EA0000001013
B1156435604084N00901489EA0000001001
B1156485604122N00901437EA0000001014
B1156535604161N00901418EA0000001030
B1156585604208N00901497EA0000001030
B1157035604186N00901652EA0000001041
B1157085604109N00901688EA0000001048
B1157135604075N00901624EA0000001059
B1157195604113N00901593EA0000001068
B1157245604151N00901710EA0000001080
B1157295604116N00901860EA0000001087
B1157345604039N00901893EA0000001096
B1157395604008N00901832EA0000001106
B1157445604024N00901776EA0000001115
B1157495604055N00901724EA0000001115
B1157555604094N00901641EA0000001098
B1158025604137N00901530EA0000001104
B1158075604164N00901437EA0000001099
B1158145604200N00901297EA0000001085
B1158205604233N00901165EA0000001078
B1158265604284N00901065EA0000001097
B1158345604343N00900948EA0000001091
B1158395604378N00900867EA0000001093
B1158445604419N00900821EA0000001113
B1158495604470N00900894EA0000001116
B1158545604467N00901058EA0000001119
B1158595604391N00901146EA0000001125
B1159045604336N00901094EA0000001132
B1159105604335N00900995EA0000001146
B1159165604350N00900900EA0000001131
B1159215604369N00900810EA0000001128
B1159265604393N00900711EA0000001125
B1159345604436N00900553EA0000001120
B1159395604461N00900455EA0000001123
B1159455604490N00900339EA0000001112
B1159515604522N00900208EA0000001097
B1159585604561N00900046EA0000001090
B1200045604586N00859915EA0000001097
B1200115604611N00859766EA0000001080
B1200185604639N00859605EA0000001068
B1200235604656N00859491EA0000001067
B1200305604675N00859334EA0000001073
B1200365604686N00859208EA0000001059
B1200425604700N00859069EA0000001047
B1200475604710N00858956EA0000001050
B1200525604718N00858850EA0000001053
B1200585604725N00858720EA0000001045
B1201055604731N00858565EA0000001036
B1201125604742N00858411EA0000001022
B1201175604758N00858311EA0000001011
B1201285604828N00858109EA0000000988
B1201365604885N00857962EA0000000976
B1201445604952N00857818EA0000000962
B1201525605018N00857668EA0000000951
B1201575605057N00857575EA0000000951
B1202035605100N00857474EA0000000961
B1202085605124N00857408EA0000000974
B1202135605160N00857386EA0000000981
B1202185605204N00857419EA0000000980
B1202235605225N00857550EA0000000979
B1202285605173N00857678EA0000000989
B1202335605098N00857689EA0000000994
B1202385605071N00857621EA0000000998
B1202435605100N00857584EA0000001006
B1202485605144N00857623EA0000001005
B1202545605163N00857782EA0000001009
B1202595605119N00857908EA0000001023
B1203045605046N00857925EA0000001018
B1203105605018N00857842EA0000001027
B1203155605032N00857785EA0000001028
B1203205605065N00857729EA0000001002
B1203265605116N00857639EA0000000982
B1203315605164N00857565EA0000000975
B1203365605207N00857494EA0000000970
B1203425605250N00857423EA0000000987
B1203495605288N00857338EA0000000963
B1203555605328N00857248EA0000000962
B1204035605376N00857143EA0000000974
B1204095605406N00857061EA0000000987
B1204155605431N00856989EA0000000977
B1204215605458N00856890EA0000000975
B1204275605474N00856793EA0000000986
B1204325605468N00856711EA0000000988
B1204385605468N00856594EA0000000969
B1204445605479N00856475EA0000000961
B1204525605526N00856341EA0000000949
B1204585605577N00856266EA0000000939
B1205035605622N00856212EA0000000934
B1205115605698N00856138EA0000000931
B1205195605766N00856076EA0000000937
B1205265605827N00856044EA0000000937
B1205325605874N00856003EA0000000940
B1205395605893N00855908EA0000000944
B1205475605868N00855753EA0000000922
B1205525605867N00855642EA0000000910
B1206035605908N00855421EA0000000905
B1206105605942N00855306EA0000000917
B1206155605961N00855237EA0000000926
B1206205605977N00855185EA0000000933
B1206255606023N00855209EA0000000921
B1206305606016N00855359EA0000000926
B1206365605924N00855428EA0000000934
B1206425605843N00855388EA0000000932
B1206485605802N00855301EA0000000926
B1206545605798N00855200EA0000000911
B1207005605813N00855102EA0000000893
B1207055605782N00855011EA0000000880
B1207105605722N00854935EA0000000874
B1207165605648N00854847EA0000000865
B1207245605530N00854749EA0000000857
B1207315605417N00854686EA0000000856
B1207365605331N00854649EA0000000847
B1207425605222N00854619EA0000000843
B1207485605110N00854597EA0000000837
B1207575604944N00854579EA0000000839
B1208025604861N00854570EA0000000850
B1208085604764N00854568EA0000000848
B1208145604663N00854573EA0000000854
B1208205604564N00854572EA0000000856
B1208265604465N00854556EA0000000843
B1208355604306N00854596EA0000000847
B1208405604227N00854613EA0000000860
B1208475604125N00854727EA0000000851
B1208525604113N00854885EA0000000864
B1208575604148N00854992EA0000000872
B1209025604194N00855005EA0000000871
B1209075604212N00854952EA0000000881
B1209145604171N00854860EA0000000876
B1209195604102N00854823EA0000000869
B1209245604020N00854828EA0000000873
B1209295603940N00854873EA0000000873
B1209365603836N00854998EA0000000883
B1209415603791N00855131EA0000000885
B1209465603790N00855274EA0000000885
B1209515603829N00855368EA0000000887
B1209575603882N00855371EA0000000896
B1210035603895N00855300EA0000000909
B1210085603860N00855241EA0000000912
B1210135603781N00855232EA0000000906
B1210185603707N00855338EA0000000912
B1210235603691N00855488EA0000000922
B1210295603726N00855616EA0000000927
B1210345603772N00855658EA0000000930
B1210395603809N00855640EA0000000937
B1210445603829N00855594EA0000000935
B1210495603820N00855522EA0000000932
B1210545603776N00855455EA0000000930
B1211025603657N00855423EA0000000925
B1211115603511N00855463EA0000000941
B1211175603415N00855524EA0000000946
B1211235603334N00855650EA0000000942
B1211285603293N00855790EA0000000933
B1211335603298N00855937EA0000000925
B1211385603339N00856044EA0000000923
B1211455603408N00856158EA0000000917
B1211535603485N00856267EA0000000942
B1211585603528N00856302EA0000000948
B1212035603563N00856298EA0000000940
B1212085603565N00856235EA0000000930
B1212135603507N00856185EA0000000926
B1212185603422N00856234EA0000000926
B1212235603361N00856367EA0000000928
B1212315603333N00856616EA0000000932
B1212365603346N00856762EA0000000943
B1212475603384N00857069EA0000000951
B1212535603404N00857231EA0000000957
B1213005603402N00857443EA0000000949
B1213055603424N00857576EA0000000941
B1213105603456N00857714EA0000000931
B1213155603492N00857856EA0000000924
B1213235603563N00858069EA0000000915
B1213285603611N00858195EA0000000919
B1213345603665N00858344EA0000000916
B1213415603730N00858529EA0000000899
B1213465603777N00858668EA0000000905
B1213525603834N00858815EA0000000915
B1213585603889N00858956EA0000000910
B1214075603963N00859212EA0000000893
B1214125604004N00859370EA0000000879
B1214185604048N00859579EA0000000869
B1214245604065N00859805EA0000000868
B1214295604064N00859998EA0000000861
B1214345604050N00900194EA0000000855
B1214425604079N00900477EA0000000845
B1214495604131N00900697EA0000000835
B1214555604174N00900883EA0000000842
B1215015604211N00901045EA0000000858
B1215065604219N00901186EA0000000864
B1215115604176N00901338EA0000000853
B1215165604091N00901376EA0000000855
B1215215604066N00901309EA0000000863
B1215265604092N00901280EA0000000868
B1215335604148N00901332EA0000000873
B1215385604161N00901466EA0000000869
B1215435604096N00901574EA0000000880
B1215485604034N00901538EA0000000876
B1215535604037N00901475EA0000000880
B1215585604073N00901460EA0000000882
B1216035604118N00901490EA0000000892
B1216085604148N00901590EA0000000902
B1216145604076N00901718EA0000000924
B1216195604022N00901664EA0000000940
B1216255604051N00901630EA0000000955
B1216305604081N00901732EA0000000968
B1216355604037N00901867EA0000000986
B1216405603956N00901880EA0000001002
B1216475603929N00901787EA0000001019
B1216525603970N00901794EA0000001029
B1216585603991N00901938EA0000001047
B1217035603929N00902055EA0000001064
B1217085603848N00902053EA0000001078
B1217135603812N00901978EA0000001091
B1217185603841N00901935EA0000001098
B1217245603894N00902025EA0000001108
B1217295603875N00902176EA0000001120
B1217345603790N00902242EA0000001132
B1217395603737N00902168EA0000001144
B1217445603772N00902110EA0000001140
B1217505603847N00902227EA0000001136
B1217565603911N00902419EA0000001118
B1218015603963N00902606EA0000001118
B1218065603965N00902819EA0000001116
B1218175603961N00903294EA0000001102
B1218225603954N00903510EA0000001095
B1218275603954N00903725EA0000001087
B1218325603972N00903929EA0000001075
B1218385604001N00904163EA0000001071
B1218465604048N00904461EA0000001056
B1218545604095N00904767EA0000001041
B1219005604131N00904991EA0000001034
B1219105604192N00905360EA0000001014
B1219155604222N00905547EA0000001006
B1219215604258N00905777EA0000000997
B1219265604285N00905970EA0000000989
B1219325604315N00906209EA0000000980
B1219425604356N00906598EA0000000976
B1219475604374N00906787EA0000000974
B1219545604397N00907046EA0000000970
B1220015604417N00907302EA0000000964
B1220075604435N00907519EA0000000957
B1220125604451N00907707EA0000000952
B1220225604480N00908080EA0000000959
B1220275604489N00908269EA0000000947
B1220325604502N00908461EA0000000935
B1220415604527N00908809EA0000000923
B1220475604528N00909045EA0000000907
B1220565604512N00909417EA0000000882
B1221025604534N00909634EA0000000883
B1221085604569N00909817EA0000000888
B1221135604598N00909962EA0000000889
B1221205604643N00910166EA0000000884
B1221255604678N00910299EA0000000899
B1221315604732N00910389EA0000000909
B1221365604773N00910374EA0000000911
B1221415604772N00910295EA0000000914
B1221485604675N00910256EA0000000926
B1221535604604N00910348EA0000000937
B1221585604572N00910490EA0000000943
B1222035604590N00910613EA0000000947
B1222085604630N00910653EA0000000953
B1222145604643N00910584EA0000000956
B1222195604591N00910528EA0000000963
B1222255604498N00910582EA0000000970
B1222315604457N00910748EA0000000975
B1222375604486N00910876EA0000000980
B1222425604528N00910878EA0000000982
B1222475604529N00910802EA0000000986
B1222525604469N00910750EA0000000997
B1222575604388N00910790EA0000001001
B1223025604335N00910917EA0000001005
B1223075604335N00911058EA0000001010
B1223125604374N00911136EA0000001014
B1223175604413N00911124EA0000001017
B1223225604412N00911052EA0000001023
B1223275604351N00911006EA0000001026
B1223325604270N00911058EA0000001033
B1223375604221N00911184EA0000001036
B1223425604215N00911326EA0000001036
B1223475604240N00911437EA0000001044
B1223525604278N00911495EA0000001041
B1223585604315N00911450EA0000001037
B1224035604277N00911377EA0000001047
B1224095604183N00911401EA0000001056
B1224155604112N00911534EA0000001062
B1224205604090N00911672EA0000001065
B1224255604103N00911801EA0000001063
B1224315604128N00911987EA0000001030
B1224365604150N00912172EA0000001016
B1224425604177N00912402EA0000001004
B1224485604208N00912623EA0000001000
B1224565604246N00912897EA0000000990
B1225025604270N00913098EA0000000988
B1225105604301N00913378EA0000000968
B1225185604329N00913658EA0000000962
B1225245604347N00913855EA0000000958
B1225305604368N00914049EA0000000944
B1225355604385N00914219EA0000000934
B1225425604404N00914452EA0000000933
B1225475604421N00914615EA0000000917
B1225525604455N00914770EA0000000908
B1225575604494N00914919EA0000000901
B1226085604586N00915250EA0000000888
B1226135604629N00915402EA0000000879
B1226205604690N00915630EA0000000865
B1226265604738N00915830EA0000000857
B1226345604796N00916102EA0000000841
B1226415604836N00916358EA0000000827
B1226475604867N00916576EA0000000818
B1226555604898N00916845EA0000000841
B1227005604882N00917008EA0000000844
B1227055604808N00917117EA0000000852
B1227115604724N00917083EA0000000855
B1227185604716N00916984EA0000000865
B1227275604778N00917027EA0000000870
B1227325604797N00917142EA0000000871
B1227375604789N00917279EA0000000873
B1227435604750N00917447EA0000000873
B1227485604701N00917583EA0000000878
B1227545604616N00917700EA0000000873
B1227595604545N00917665EA0000000880
B1228045604554N00917597EA0000000880
B1228125604626N00917675EA0000000892
B1228175604629N00917817EA0000000894
B1228225604568N00917937EA0000000899
B1228275604489N00917946EA0000000905
B1228345604464N00917850EA0000000912
B1228395604506N00917859EA0000000925
B1228445604533N00917957EA0000000927
B1228495604509N00918099EA0000000929
B1228545604434N00918183EA0000000928
B1228595604358N00918169EA0000000937
B1229045604311N00918110EA0000000939
B1229095604308N00918037EA0000000935
B1229155604354N00918015EA0000000948
B1229205604398N00918057EA0000000947
B1229265604433N00918187EA0000000944
B1229355604434N00918457EA0000000944
B1229435604403N00918721EA0000000937
B1229525604345N00919019EA0000000945
B1229585604268N00919174EA0000000949
B1230035604186N00919194EA0000000959
B1230085604150N00919120EA0000000968
B1230135604182N00919090EA0000000977
B1230185604216N00919186EA0000000976
B1230235604195N00919342EA0000000979
B1230285604133N00919461EA0000000987
B1230335604055N00919482EA0000000990
B1230385604015N00919409EA0000000992
B1230435604039N00919356EA0000001000
B1230505604103N00919428EA0000001005
B1230555604131N00919551EA0000001006
B1231005604132N00919706EA0000001008
B1231065604105N00919889EA0000001016
B1231125604070N00920058EA0000001009
B1231175604033N00920210EA0000000996
B1231235604006N00920407EA0000000988
B1231325604001N00920704EA0000000976
B1231375603962N00920862EA0000000969
B1231445603874N00921046EA0000000954
B1231515603776N00921214EA0000000941
B1231565603700N00921313EA0000000947
B1232015603638N00921422EA0000000956
B1232065603611N00921575EA0000000952
B1232115603636N00921710EA0000000951
B1232175603691N00921778EA0000000954
B1232225603731N00921779EA0000000955
B1232275603751N00921735EA0000000942
B1232325603745N00921656EA0000000936
B1232375603715N00921587EA0000000930
B1232465603598N00921531EA0000000910
B1232515603520N00921547EA0000000913
B1232575603425N00921584EA0000000930
B1233025603350N00921662EA0000000930
B1233085603335N00921850EA0000000938
B1233145603391N00921903EA0000000950
B1233205603387N00921827EA0000000965
B1233265603305N00921809EA0000000976
B1233325603224N00921932EA0000000985
B1233375603214N00922081EA0000000990
B1233425603249N00922188EA0000000996
B1233495603311N00922207EA0000001005
B1233545603319N00922143EA0000001016
B1233595603272N00922093EA0000001017
B1234045603194N00922130EA0000001022
B1234095603139N00922261EA0000001027
B1234155603137N00922450EA0000001035
B1234235603199N00922621EA0000001052
B1234295603258N00922667EA0000001047
B1234345603289N00922625EA0000001045
B1234405603257N00922547EA0000001039
B1234455603183N00922557EA0000001031
B1234505603119N00922674EA0000001031
B1234565603074N00922851EA0000001045
B1235015603051N00923006EA0000001049
B1235065603011N00923147EA0000001051
B1235115602934N00923199EA0000001052
B1235185602896N00923111EA0000001060
B1235235602940N00923115EA0000001063
B1235285602982N00923215EA0000001068
B1235335602982N00923368EA0000001063
B1235385602915N00923472EA0000001058
B1235435602846N00923449EA0000001067
B1235505602848N00923372EA0000001076
B1235555602897N00923392EA0000001077
B1236015602952N00923475EA0000001084
B1236065602985N00923583EA0000001079
B1236115602999N00923725EA0000001075
B1236165603035N00923841EA0000001067
B1236215603084N00923910EA0000001070
B1236295603172N00923959EA0000001061
B1236345603230N00923957EA0000001055
B1236405603291N00923932EA0000001046
B1236495603383N00923830EA0000001013
B1237385603712N00922858EA0000000959
B1238235603912N00921838EA0000000899
B1238405604005N00921444EA0000000869
B1238475604054N00921286EA0000000852
B1238545604106N00921149EA0000000869
B1239215604266N00920847EA0000000866
B1239335604339N00920749EA0000000855
B1239445604402N00920632EA0000000864
B1239495604448N00920642EA0000000864
B1239545604475N00920784EA0000000867
B1239595604421N00920938EA0000000864
B1240045604336N00920972EA0000000869
B1240095604283N00920917EA0000000864
B1240155604271N00920824EA0000000868
B1240205604307N00920789EA0000000869
B1240255604350N00920886EA0000000886
B1240305604323N00921042EA0000000888
B1240355604239N00921104EA0000000886
B1240405604183N00921053EA0000000898
B1240465604172N00920969EA0000000902
B1240515604214N00920963EA0000000911
B1240565604244N00921075EA0000000917
B1241025604191N00921238EA0000000927
B1241075604119N00921259EA0000000933
B1241125604084N00921202EA0000000937
B1241175604103N00921159EA0000000943
B1241225604142N00921206EA0000000944
B1241275604158N00921342EA0000000941
B1241345604079N00921507EA0000000945
B1241415603984N00921498EA0000000956
B1241485603938N00921419EA0000000965
B1241545603950N00921359EA0000000966
B1241595603995N00921398EA0000000967
B1242065604006N00921599EA0000000969
B1242135603908N00921747EA0000000971
B1242225603772N00921753EA0000000977
B1242285603698N00921721EA0000000992
B1242335603661N00921654EA0000000990
B1242385603694N00921629EA0000000996
B1242445603719N00921777EA0000001004
B1242495603660N00921898EA0000001015
B1242545603587N00921901EA0000001024
B1243025603573N00921813EA0000001031
B1243085603623N00921867EA0000001030
B1243145603625N00922046EA0000001041
B1243235603498N00922195EA0000001062
B1243285603436N00922167EA0000001062
B1243345603429N00922088EA0000001065
B1243405603477N00922150EA0000001069
B1243455603472N00922295EA0000001073
B1243505603416N00922421EA0000001085
B1243555603335N00922467EA0000001076
B1244005603292N00922404EA0000001084
B1244055603313N00922360EA0000001090
B1244115603367N00922407EA0000001092
B1244165603404N00922509EA0000001096
B1244225603436N00922659EA0000001103
B1244275603449N00922803EA0000001100
B1244325603424N00922971EA0000001099
B1244375603354N00923090EA0000001101
B1244445603244N00923100EA0000001094
B1244495603196N00923028EA0000001089
B1244565603150N00922913EA0000001094
B1245035603066N00922829EA0000001111
B1245155602903N00922669EA0000001074
B1245205602839N00922568EA0000001072
B1245305602732N00922380EA0000001076
B1245495602547N00922114EA0000001085
B1245595602414N00922022EA0000001097
B1246045602326N00922060EA0000001103
B1246095602253N00922023EA0000001120
B1246145602225N00921935EA0000001130
B1246195602256N00921890EA0000001147
B1246245602292N00921974EA0000001156
B1246295602272N00922117EA0000001163
B1246345602196N00922191EA0000001168
B1246395602124N00922152EA0000001180
B1246445602096N00922065EA0000001196
B1246495602122N00922011EA0000001210
B1246545602167N00922063EA0000001219
B1246595602165N00922211EA0000001220
B1247045602090N00922306EA0000001226
B1247095602023N00922240EA0000001222
B1247165601993N00922052EA0000001221
B1247385601915N00921336EA0000001178
B1247445601884N00921147EA0000001174
B1248025601793N00920602EA0000001153
B1248105601757N00920366EA0000001144
B1248155601727N00920224EA0000001145
B1248205601688N00920099EA0000001150
B1248295601592N00919926EA0000001160
B1248385601509N00919764EA0000001154
B1248445601452N00919664EA0000001157
B1248495601398N00919596EA0000001163
B1248565601306N00919535EA0000001168
B1249015601255N00919469EA0000001176
B1249135601147N00919278EA0000001153
B1249185601112N00919178EA0000001148
B1249355601052N00918841EA0000001126
B1249435601050N00918686EA0000001119
B1249535601083N00918504EA0000001126
B1250295601219N00918037EA0000001130
B1250355601250N00917960EA0000001118
B1250415601283N00917888EA0000001110
B1250495601327N00917787EA0000001101
B1250575601372N00917689EA0000001080
B1251095601450N00917533EA0000001061
B1251185601500N00917417EA0000001051
B1251245601534N00917334EA0000001047
B1251305601575N00917256EA0000001043
B1251365601620N00917174EA0000001038
B1251415601658N00917103EA0000001041
B1251485601702N00917011EA0000001051
B1251535601725N00916933EA0000001057
B1251595601762N00916849EA0000001058
B1252045601785N00916776EA0000001064
B1252145601792N00916630EA0000001068
B1252195601798N00916558EA0000001075
B1252245601824N00916500EA0000001084
B1252325601902N00916564EA0000001093
B1252375601903N00916710EA0000001087
B1252425601843N00916825EA0000001091
B1252475601765N00916845EA0000001091
B1252525601707N00916799EA0000001106
B1252575601684N00916727EA0000001117
B1253025601702N00916669EA0000001122
B1253075601749N00916684EA0000001121
B1253135601769N00916829EA0000001116
B1253185601716N00916946EA0000001109
B1253245601621N00916962EA0000001119
B1253295601562N00916915EA0000001126
B1253365601525N00916803EA0000001132
B1253425601533N00916701EA0000001111
B1253535601580N00916505EA0000001104
B1253585601594N00916407EA0000001092
B1254045601604N00916272EA0000001080
B1254095601613N00916155EA0000001071
B1254155601621N00916019EA0000001068
B1254215601624N00915900EA0000001067
B1254265601626N00915804EA0000001054
B1254345601631N00915642EA0000001046
B1254405601631N00915529EA0000001066
B1254465601614N00915432EA0000001089
B1254515601568N00915369EA0000001104
B1254565601491N00915415EA0000001124
B1255015601457N00915557EA0000001133
B1255065601482N00915677EA0000001140
B1255115601522N00915698EA0000001157
B1255165601531N00915646EA0000001170
B1255215601492N00915575EA0000001184
B1255265601416N00915582EA0000001209
B1255315601356N00915702EA0000001219
B1255365601347N00915856EA0000001227
B1255425601394N00915948EA0000001236
B1255475601423N00915884EA0000001237
B1255585601475N00915623EA0000001234
B1256035601518N00915475EA0000001216
B1256085601572N00915322EA0000001218
B1256155601624N00915102EA0000001226
B1256265601680N00914742EA0000001195
B1256345601739N00914505EA0000001176
B1256405601804N00914373EA0000001189
B1256475601880N00914276EA0000001192
B1256535601944N00914198EA0000001182
B1256595602003N00914114EA0000001173
B1257045602048N00914036EA0000001165
B1257125602117N00913897EA0000001147
B1257205602174N00913742EA0000001134
B1257265602210N00913624EA0000001123
B1257325602243N00913503EA0000001116
B1257385602266N00913374EA0000001109
B1257505602316N00913116EA0000001090
B1257575602347N00912967EA0000001080
B1258035602374N00912842EA0000001077
B1258105602409N00912708EA0000001072
B1258155602437N00912623EA0000001072
B1258205602467N00912544EA0000001070
B1258255602500N00912464EA0000001066
B1258325602555N00912339EA0000001048
B1258415602627N00912188EA0000001050
B1258485602683N00912093EA0000001045
B1258565602743N00911998EA0000001043
B1259065602833N00911884EA0000001032
B1259145602914N00911814EA0000001045
B1259215602975N00911760EA0000001053
B1259265603012N00911733EA0000001073
B1259315603038N00911698EA0000001077
B1259365603018N00911625EA0000001074
B1259415602939N00911630EA0000001083
B1259465602883N00911759EA0000001093
B1259515602895N00911908EA0000001114
B1259565602941N00911983EA0000001123
B1300015602979N00911956EA0000001133
B1300065602963N00911885EA0000001137
B1300115602890N00911873EA0000001152
B1300165602822N00911974EA0000001156
B1300215602808N00912133EA0000001170
B1300265602840N00912242EA0000001189
B1300315602883N00912247EA0000001190
B1300365602875N00912170EA0000001195
B1300415602806N00912142EA0000001201
B1300465602731N00912232EA0000001205
B1300515602705N00912388EA0000001224
B1300565602721N00912523EA0000001239
B1301015602759N00912620EA0000001243
B1301075602819N00912689EA0000001238
B1301125602885N00912727EA0000001223
B1301185602970N00912791EA0000001224
B1301275603100N00912935EA0000001206
B1301325603168N00913027EA0000001191
B1301375603243N00913131EA0000001178
B1301475603396N00913341EA0000001162
B1301545603509N00913463EA0000001153
B1301595603589N00913545EA0000001154
B1302065603696N00913644EA0000001145
B1302115603775N00913710EA0000001133
B1302175603868N00913796EA0000001124
B1302225603941N00913865EA0000001123
B1302285604026N00913948EA0000001118
B1302345604110N00914025EA0000001111
B1302395604179N00914084EA0000001102
B1302445604249N00914138EA0000001099
B1302585604449N00914274EA0000001070
B1303075604581N00914370EA0000001048
B1303125604657N00914416EA0000001039
B1303195604762N00914476EA0000001032
B1303275604878N00914545EA0000001029
B1303345604976N00914608EA0000001022
B1303395605045N00914653EA0000001011
B1303495605185N00914758EA0000000992
B1304015605338N00914934EA0000001006
B1304095605417N00915051EA0000001000
B1304145605466N00915160EA0000000994
B1304195605507N00915289EA0000000992
B1304305605567N00915603EA0000000976
B1304385605580N00915853EA0000000969
B1304465605586N00916104EA0000000982
B1304515605548N00916260EA0000000989
B1304565605463N00916299EA0000001005
B1305025605435N00916212EA0000001016
B1305075605476N00916232EA0000001021
B1305125605488N00916370EA0000001039
B1305185605422N00916520EA0000001060
B1305245605339N00916499EA0000001072
B1305295605338N00916425EA0000001073
B1305355605386N00916468EA0000001088
B1305405605390N00916613EA0000001098
B1305455605330N00916733EA0000001117
B1305505605254N00916736EA0000001128
B1305575605239N00916639EA0000001135
B1306025605278N00916671EA0000001154
B1306085605288N00916826EA0000001161
B1306135605226N00916940EA0000001176
B1306195605143N00916915EA0000001187
B1306245605129N00916840EA0000001196
B1306295605164N00916835EA0000001217
B1306345605192N00916924EA0000001223
B1306395605174N00917079EA0000001232
B1306445605102N00917170EA0000001247
B1306495605038N00917125EA0000001256
B1306545605038N00917053EA0000001271
B1307005605081N00917083EA0000001273
B1307065605099N00917245EA0000001277
B1307125605061N00917449EA0000001271
B1307185605053N00917684EA0000001281
B1307235605058N00917870EA0000001288
B1307295605052N00918100EA0000001281
B1307385605040N00918448EA0000001266
B1307495604999N00918870EA0000001258
B1307585604951N00919214EA0000001247
B1308065604898N00919515EA0000001240
B1308115604826N00919654EA0000001240
B1308165604736N00919659EA0000001234
B1308235604694N00919526EA0000001212
B1308305604700N00919364EA0000001195
B1308445604717N00919055EA0000001176
B1308525604722N00918874EA0000001170
B1308595604729N00918715EA0000001153
B1309105604725N00918449EA0000001165
B1309155604721N00918341EA0000001161
B1309205604719N00918222EA0000001154
B1309555604728N00917493EA0000001165
B1310045604729N00917279EA0000001164
B1310185604745N00916975EA0000001171
B1310255604752N00916836EA0000001159
B1310305604757N00916732EA0000001159
B1310445604761N00916407EA0000001119
B1310505604749N00916239EA0000001113
B1310565604734N00916077EA0000001104
B1311045604713N00915865EA0000001094
B1311095604700N00915730EA0000001088
B1311165604681N00915545EA0000001083
B1311245604662N00915334EA0000001067
B1311325604628N00915121EA0000001055
B1311385604598N00914963EA0000001074
B1311435604563N00914868EA0000001102
B1311485604503N00914808EA0000001106
B1311535604415N00914861EA0000001111
B1311585604384N00915016EA0000001124
B1312035604416N00915128EA0000001133
B1312085604463N00915141EA0000001144
B1312145604461N00915055EA0000001157
B1312195604395N00915009EA0000001158
B1312245604307N00915059EA0000001159
B1312315604257N00915260EA0000001174
B1312365604291N00915367EA0000001175
B1312415604339N00915376EA0000001181
B1312465604361N00915321EA0000001193
B1312515604347N00915243EA0000001188
B1312565604328N00915136EA0000001167
B1313025604311N00914989EA0000001168
B1313085604304N00914853EA0000001195
B1313155604303N00914716EA0000001197
B1313205604310N00914616EA0000001194
B1313265604320N00914495EA0000001188
B1313315604328N00914395EA0000001176
B1313375604341N00914265EA0000001162
B1313425604352N00914152EA0000001155
B1313505604368N00913974EA0000001143
B1313595604376N00913759EA0000001120
B1314045604372N00913631EA0000001127
B1314105604361N00913488EA0000001134
B1314155604349N00913373EA0000001124
B1314225604339N00913189EA0000001102
B1314295604333N00913006EA0000001101
B1314345604328N00912877EA0000001088
B1314425604317N00912657EA0000001075
B1314515604305N00912413EA0000001064
B1315015604276N00912141EA0000001046
B1315075604257N00911984EA0000001053
B1315135604230N00911847EA0000001070
B1315215604189N00911681EA0000001070
B1315265604166N00911583EA0000001077
B1315315604143N00911479EA0000001065
B1315395604115N00911292EA0000001056
B1315445604098N00911178EA0000001050
B1315495604081N00911062EA0000001051
B1316005604057N00910811EA0000001031
B1316105604043N00910562EA0000001014
B1316165604036N00910406EA0000001006
B1316305604018N00910043EA0000000986
B1316375604010N00909867EA0000000978
B1316435604004N00909718EA0000000970
B1316495604000N00909575EA0000000966
B1316545603997N00909458EA0000000955
B1316595603993N00909334EA0000000941
B1317055603984N00909178EA0000000929
B1317105603979N00909047EA0000000926
B1317175603975N00908864EA0000000913
B1317225603969N00908739EA0000000925
B1317285603960N00908609EA0000000917
B1317365603962N00908426EA0000000911
B1317425603967N00908295EA0000000904
B1317505603986N00908126EA0000000893
B1317575603999N00907989EA0000000899
B1318025604000N00907895EA0000000892
B1318085604010N00907775EA0000000871
B1318155604039N00907641EA0000000864
B1318205604066N00907556EA0000000862
B1318265604101N00907457EA0000000860
B1318325604131N00907362EA0000000872
B1318375604147N00907297EA0000000886
B1318425604106N00907226EA0000000883
B1318475604025N00907280EA0000000886
B1318525603997N00907432EA0000000887
B1318575604031N00907538EA0000000894
B1319025604075N00907562EA0000000901
B1319075604099N00907518EA0000000901
B1319125604096N00907445EA0000000909
B1319175604045N00907388EA0000000918
B1319225603970N00907448EA0000000927
B1319275603949N00907585EA0000000925
B1319335603998N00907675EA0000000923
B1319405604044N00907616EA0000000934
B1319465604057N00907541EA0000000946
B1319515604040N00907470EA0000000963
B1319565603969N00907456EA0000000965
B1320015603907N00907560EA0000000981
B1320065603911N00907686EA0000000990
B1320125603962N00907736EA0000000995
B1320175603995N00907696EA0000001003
B1320245603994N00907594EA0000001013
B1320305603964N00907512EA0000001023
B1320355603894N00907506EA0000001025
B1320405603835N00907616EA0000001034
B1320465603843N00907771EA0000001038
B1320515603886N00907810EA0000001045
B1320565603910N00907768EA0000001049
B1321015603882N00907701EA0000001049
B1321065603809N00907699EA0000001052
B1321115603745N00907805EA0000001056
B1321165603731N00907951EA0000001062
B1321215603763N00908048EA0000001068
B1321265603807N00908055EA0000001070
B1321315603817N00907992EA0000001071
B1321365603769N00907934EA0000001068
B1321415603687N00907968EA0000001069
B1321465603632N00908097EA0000001078
B1321515603607N00908239EA0000001095
B1321575603616N00908398EA0000001100
B1322035603661N00908501EA0000001103
B1322085603705N00908510EA0000001103
B1322135603731N00908453EA0000001088
B1322225603731N00908268EA0000001074
B1322295603729N00908131EA0000001083
B1322345603728N00908038EA0000001085
B1322425603733N00907881EA0000001073
B1322505603752N00907719EA0000001071
B1322565603773N00907604EA0000001073
B1323015603793N00907505EA0000001083
B1323065603811N00907422EA0000001095
B1323125603833N00907319EA0000001079
B1323195603871N00907201EA0000001082
B1323245603907N00907123EA0000001064
B1323325603985N00907016EA0000001073
B1323385604044N00906947EA0000001071
B1323445604106N00906874EA0000001063
B1323515604183N00906788EA0000001055
B1323565604243N00906733EA0000001048
B1324095604404N00906589EA0000001035
B1324155604477N00906518EA0000001033
B1324215604544N00906440EA0000001028
B1324315604652N00906295EA0000001007
B1324385604727N00906198EA0000000998
B1324435604779N00906131EA0000000996
B1324515604866N00906065EA0000001005
B1324585604934N00906016EA0000001009
B1325045604981N00905961EA0000001016
B1325125605013N00905850EA0000001019
B1325195605041N00905737EA0000000987
B1325265605100N00905631EA0000000971
B1325325605152N00905566EA0000000992
B1325375605186N00905528EA0000001000
B1325425605232N00905592EA0000000998
B1325475605204N00905741EA0000001013
B1325525605121N00905769EA0000001017
B1325575605088N00905690EA0000001016
B1326025605124N00905653EA0000001014
B1326075605166N00905755EA0000001022
B1326125605129N00905906EA0000001035
B1326175605047N00905931EA0000001044
B1326225605018N00905856EA0000001053
B1326275605055N00905838EA0000001058
B1326325605078N00905954EA0000001068
B1326375605021N00906068EA0000001077
B1326425604952N00906039EA0000001081
B1326475604956N00905960EA0000001086
B1326525605005N00905983EA0000001091
B1326575605016N00906127EA0000001098
B1327025604950N00906240EA0000001113
B1327075604874N00906229EA0000001121
B1327125604860N00906145EA0000001127
B1327175604905N00906145EA0000001130
B1327225604923N00906277EA0000001137
B1327275604863N00906393EA0000001150
B1327325604789N00906383EA0000001160
B1327375604773N00906304EA0000001166
B1327425604810N00906273EA0000001165
B1327475604846N00906221EA0000001141
B1327545604875N00906064EA0000001123
B1327595604892N00905949EA0000001124
B1328065604915N00905794EA0000001128
B1328145604937N00905637EA0000001157
B1328205604956N00905521EA0000001154
B1328255604981N00905420EA0000001163
B1328305605001N00905332EA0000001176
B1328355605022N00905236EA0000001175
B1328415605041N00905111EA0000001173
B1328465605060N00905002EA0000001167
B1328525605078N00904882EA0000001175
B1329005605095N00904729EA0000001186
B1329055605111N00904627EA0000001183
B1329105605137N00904515EA0000001176
B1329155605160N00904388EA0000001165
B1329205605190N00904239EA0000001145
B1329255605220N00904085EA0000001152
B1329325605254N00903879EA0000001146
B1329385605284N00903710EA0000001138
B1329435605303N00903567EA0000001140
B1329485605319N00903432EA0000001133
B1329555605332N00903238EA0000001121
B1330025605352N00903049EA0000001107
B1330075605369N00902923EA0000001105
B1330125605388N00902803EA0000001101
B1330195605406N00902633EA0000001095
B1330295605424N00902400EA0000001083
B1330345605434N00902290EA0000001073
B1330445605458N00902072EA0000001062
B1330495605470N00901967EA0000001054
B1330565605479N00901813EA0000001051
B1331015605484N00901706EA0000001047
B1331075605495N00901574EA0000001038
B1331135605507N00901444EA0000001034
B1331285605545N00901132EA0000001020
B1331345605558N00901009EA0000001006
B1331395605572N00900902EA0000000998
B1331465605590N00900753EA0000000991
B1331525605606N00900630EA0000000981
B1332025605608N00900400EA0000000962
B1332095605598N00900230EA0000000946
B1332145605591N00900108EA0000000939
B1332235605575N00859885EA0000000924
B1332305605563N00859710EA0000000917
B1332355605552N00859590EA0000000916
B1332425605541N00859433EA0000000909
B1332475605533N00859324EA0000000901
B1332565605512N00859125EA0000000882
B1333045605488N00858943EA0000000874
B1333095605472N00858841EA0000000881
B1333155605453N00858725EA0000000880
B1333205605433N00858625EA0000000881
B1333265605406N00858515EA0000000884
B1333345605336N00858367EA0000000872
B1333395605280N00858285EA0000000870
B1333445605212N00858221EA0000000865
B1333505605101N00858239EA0000000851
B1334015604925N00858481EA0000000837
B1334065604851N00858607EA0000000825
B1334115604773N00858736EA0000000824
B1334185604667N00858905EA0000000825
B1334245604580N00859053EA0000000818
B1334295604500N00859152EA0000000841
B1334345604440N00859262EA0000000852
B1334395604427N00859409EA0000000861
B1334445604459N00859505EA0000000874
B1334495604497N00859500EA0000000877
B1334545604495N00859426EA0000000882
B1334595604435N00859377EA0000000886
B1335045604350N00859405EA0000000895
B1335105604270N00859529EA0000000913
B1335155604255N00859676EA0000000914
B1335205604292N00859764EA0000000919
B1335265604330N00859727EA0000000935
B1335315604307N00859645EA0000000937
B1335365604238N00859602EA0000000947
B1335415604156N00859644EA0000000964
B1335465604097N00859760EA0000000971
B1335515604090N00859907EA0000000984
B1335565604126N00859997EA0000000987
B1336015604168N00859994EA0000000992
B1336075604178N00859915EA0000001007
B1336125604134N00859848EA0000001014
B1336175604053N00859849EA0000001026
B1336225603981N00859943EA0000001040
B1336275603952N00900080EA0000001050
B1336325603974N00900202EA0000001063
B1336375604018N00900235EA0000001066
B1336425604032N00900167EA0000001075
B1336475603981N00900104EA0000001083
B1336535603881N00900153EA0000001094
B1336585603831N00900285EA0000001109
B1337035603837N00900420EA0000001121
B1337085603880N00900488EA0000001129
B1337145603936N00900447EA0000001124
B1337195603989N00900374EA0000001121
B1337245604048N00900293EA0000001118
B1337325604136N00900146EA0000001118
B1337405604184N00859960EA0000001106
B1337455604205N00859837EA0000001098
B1337505604222N00859714EA0000001091
B1337585604252N00859523EA0000001077
B1338035604272N00859422EA0000001083
B1338105604294N00859295EA0000001074
B1338165604310N00859182EA0000001062
B1338225604333N00859071EA0000001065
B1338285604353N00858969EA0000001067
B1338335604370N00858877EA0000001059
B1338385604384N00858792EA0000001061
B1338435604389N00858702EA0000001064
B1338495604396N00858600EA0000001062
B1338545604404N00858509EA0000001050
B1338595604417N00858415EA0000001036
B1339095604442N00858217EA0000001023
B1339175604472N00858068EA0000001019
B1339245604511N00857956EA0000001028
B1339305604547N00857869EA0000001045
B1339355604589N00857858EA0000001056
B1339405604628N00857946EA0000001060
B1339455604613N00858098EA0000001062
B1339505604533N00858200EA0000001053
B1339555604446N00858174EA0000001051
B1340005604420N00858074EA0000001057
B1340095604453N00857934EA0000001069
B1340145604479N00857861EA0000001060
B1340195604509N00857784EA0000001047
B1340305604591N00857624EA0000001025
B1340375604634N00857527EA0000001028
B1340445604681N00857441EA0000001008
B1340495604720N00857373EA0000001004
B1340555604772N00857293EA0000000998
B1341025604837N00857212EA0000000993
B1341075604883N00857151EA0000000984
B1341145604947N00857065EA0000000976
B1341215605014N00856990EA0000000972
B1341265605066N00856953EA0000000964
B1341315605119N00856921EA0000000961
B1341405605204N00856849EA0000000963
B1341475605272N00856803EA0000000949
B1341535605337N00856763EA0000000938
B1341585605384N00856734EA0000000940
B1342035605427N00856703EA0000000938
B1342095605475N00856665EA0000000943
B1342145605514N00856633EA0000000951
B1342195605555N00856645EA0000000957
B1342245605573N00856767EA0000000961
B1342295605507N00856872EA0000000963
B1342345605436N00856829EA0000000963
B1342415605424N00856713EA0000000967
B1342465605455N00856677EA0000000972
B1342525605491N00856791EA0000000974
B1342575605435N00856923EA0000000984
B1343025605354N00856935EA0000000988
B1343085605300N00856855EA0000000988
B1343135605287N00856784EA0000000995
B1343185605306N00856738EA0000000988
B1343235605341N00856823EA0000000997
B1343285605297N00856962EA0000001010
B1343335605213N00856989EA0000001019
B1343385605159N00856926EA0000001021
B1343435605164N00856857EA0000001022
B1343485605202N00856893EA0000001025
B1343545605198N00857051EA0000001043
B1343595605125N00857142EA0000001046
B1344045605048N00857120EA0000001055
B1344095605021N00857045EA0000001056
B1344145605035N00857002EA0000001051
B1344195605062N00856956EA0000001008
B1344245605084N00856845EA0000000991
B1344305605097N00856709EA0000001000
B1344355605112N00856601EA0000000999
B1344415605136N00856479EA0000000990
B1344465605158N00856396EA0000001018
B1344515605177N00856351EA0000001036
B1344565605176N00856280EA0000001036
B1345025605109N00856200EA0000001042
B1345075605023N00856248EA0000001040
B1345125604989N00856380EA0000001038
B1345185605024N00856469EA0000001033
B1345235605058N00856451EA0000001043
B1345285605084N00856408EA0000001045
B1345345605106N00856330EA0000001046
B1345405605123N00856234EA0000001041
B1345475605156N00856111EA0000001026
B1345525605192N00856029EA0000001031
B1345575605229N00855960EA0000001043
B1346065605291N00855859EA0000001064
B1346115605324N00855814EA0000001060
B1346195605391N00855734EA0000001050
B1346255605446N00855694EA0000001048
B1346305605497N00855682EA0000001036
B1346355605554N00855696EA0000001026
B1346405605598N00855799EA0000001018
B1346455605616N00855960EA0000001018
B1346515605645N00856123EA0000001048
B1346575605700N00856205EA0000001050
B1347025605744N00856206EA0000001045
B1347075605799N00856242EA0000001032
B1347125605851N00856348EA0000001020
B1347205605930N00856570EA0000001012
B1347305606023N00856848EA0000000996
B1347355606072N00856986EA0000000989
B1347425606141N00857178EA0000000973
B1347485606197N00857349EA0000000963
B1347535606240N00857499EA0000000966
B1347585606275N00857641EA0000000991
B1348035606275N00857794EA0000000994
B1348085606200N00857884EA0000000999
B1348145606143N00857802EA0000001010
B1348195606171N00857757EA0000001021
B1348245606213N00857813EA0000001030
B1348305606215N00857976EA0000001028
B1348355606155N00858092EA0000001027
B1348425606041N00858125EA0000001041
B1348475605975N00858084EA0000001037
B1348525605969N00858006EA0000001034
B1348595606033N00858077EA0000001031
B1349075606082N00858286EA0000001029
B1349155606097N00858561EA0000000999
B1349215606119N00858781EA0000000983
B1349275606155N00858993EA0000000971
B1349345606198N00859243EA0000000956
B1349405606236N00859463EA0000000943
B1349475606280N00859721EA0000000938
B1349545606319N00859974EA0000000934
B1350005606351N00900187EA0000000930
B1350065606383N00900403EA0000000919
B1350125606417N00900616EA0000000909
B1350185606451N00900834EA0000000893
B1350235606476N00901025EA0000000877
B1350295606483N00901259EA0000000886
B1350345606470N00901431EA0000000909
B1350415606417N00901645EA0000000905
B1350465606358N00901784EA0000000923
B1350515606274N00901840EA0000000920
B1350565606221N00901772EA0000000924
B1351015606245N00901722EA0000000932
B1351065606288N00901777EA0000000928
B1351125606316N00901941EA0000000926
B1351195606314N00902152EA0000000954
B1351245606265N00902283EA0000000959
B1351295606190N00902273EA0000000972
B1351345606199N00902203EA0000000985
B1351395606245N00902257EA0000000996
B1351445606225N00902402EA0000001007
B1351495606144N00902451EA0000001023
B1351545606106N00902380EA0000001034
B1351595606137N00902339EA0000001037
B1352045606175N00902425EA0000001053
B1352095606149N00902570EA0000001062
B1352145606069N00902633EA0000001071
B1352195606022N00902562EA0000001078
B1352245606061N00902518EA0000001079
B1352305606123N00902641EA0000001094
B1352355606149N00902797EA0000001090
B1352415606152N00903030EA0000001088
B1352465606150N00903223EA0000001072
B1352525606164N00903468EA0000001052
B1352575606183N00903661EA0000001051
B1353025606202N00903853EA0000001038
B1353085606237N00904081EA0000001028
B1353135606274N00904260EA0000001037
B1353185606317N00904406EA0000001071
B1353235606375N00904469EA0000001083
B1353285606404N00904395EA0000001078
B1353335606330N00904336EA0000001078
B1353385606245N00904443EA0000001088
B1353455606214N00904714EA0000001088
B1353505606211N00904923EA0000001090
B1353565606220N00905171EA0000001074
B1354035606251N00905445EA0000001070
B1354085606285N00905626EA0000001059
B1354145606345N00905816EA0000001047
B1354225606429N00906056EA0000001037
B1354295606494N00906258EA0000001046
B1354345606533N00906402EA0000001052
B1354455606611N00906709EA0000001048
B1354515606642N00906894EA0000001060
B1354575606665N00907081EA0000001059
B1355045606685N00907332EA0000001047
B1355115606709N00907587EA0000001038
B1355175606713N00907803EA0000001032
B1355265606705N00908137EA0000001019
B1355335606690N00908401EA0000001012
B1355385606678N00908591EA0000001005
B1355485606652N00908976EA0000000994
B1355545606634N00909209EA0000000986
B1356035606596N00909559EA0000000977
B1356115606554N00909875EA0000000970
B1356195606506N00910190EA0000000965
B1356265606465N00910460EA0000000966
B1356345606421N00910756EA0000000966
B1356425606371N00911045EA0000000954
B1356495606317N00911296EA0000000948
B1356555606270N00911502EA0000000951
B1357055606186N00911826EA0000000946
B1357135606136N00912108EA0000000922
B1357195606129N00912327EA0000000908
B1357245606140N00912501EA0000000901
B1357295606154N00912675EA0000000887
B1357405606191N00913055EA0000000870
B1357505606224N00913403EA0000000850
B1357585606241N00913691EA0000000833
B1358045606247N00913913EA0000000822
B1358095606246N00914099EA0000000814
B1358245606230N00914644EA0000000805
B1358295606215N00914829EA0000000801
B1358345606187N00915007EA0000000812
B1358405606113N00915183EA0000000817
B1358455606031N00915260EA0000000829
B1358525605970N00915171EA0000000845
B1358575606007N00915146EA0000000850
B1359025606042N00915249EA0000000847
B1359075606026N00915405EA0000000849
B1359125605968N00915532EA0000000859
B1359175605886N00915562EA0000000858
B1359225605843N00915485EA0000000870
B1359295605891N00915446EA0000000893
B1359355605918N00915592EA0000000893
B1359425605832N00915729EA0000000909
B1359475605782N00915683EA0000000919
B1359525605802N00915636EA0000000929
B1359585605846N00915729EA0000000929
B1400035605828N00915878EA0000000934
B1400085605761N00915972EA0000000943
B1400145605688N00915939EA0000000948
B1400195605692N00915876EA0000000964
B1400245605734N00915893EA0000000961
B1400325605742N00916115EA0000000962
B1400385605672N00916265EA0000000978
B1400435605592N00916330EA0000000970
B1400485605534N00916272EA0000000979
B1400535605551N00916213EA0000000992
B1400585605598N00916275EA0000001007
B1401035605595N00916425EA0000001021
B1401085605530N00916530EA0000001027
B1401135605463N00916506EA0000001029
B1401185605460N00916434EA0000001037
B1401235605506N00916449EA0000001050
B1401295605524N00916610EA0000001057
B1401345605468N00916731EA0000001065
B1401395605394N00916735EA0000001067
B1401445605373N00916659EA0000001069
B1401525605443N00916653EA0000001082
B1401575605474N00916772EA0000001085
B1402025605453N00916927EA0000001083
B1402075605387N00917033EA0000001098
B1402125605313N00917069EA0000001097
B1402185605242N00917012EA0000001100
B1402235605221N00916935EA0000001110
B1402285605247N00916881EA0000001115
B1402335605300N00916916EA0000001121
B1402385605332N00917027EA0000001129
B1402435605318N00917174EA0000001122
B1402485605258N00917291EA0000001122
B1402545605165N00917346EA0000001128
B1403015605073N00917307EA0000001130
B1403065605047N00917227EA0000001144
B1403115605069N00917166EA0000001149
B1403175605135N00917213EA0000001150
B1403235605162N00917382EA0000001149
B1403315605149N00917658EA0000001136
B1403375605133N00917865EA0000001141
B1403465605099N00918175EA0000001129
B1403515605077N00918350EA0000001123
B1404025604927N00918627EA0000001098
B1404155604682N00918713EA0000001088
B1404235604533N00918726EA0000001084
B1404385604276N00918674EA0000001082
B1404465604162N00918606EA0000001108
B1404515604122N00918533EA0000001109
B1404565604134N00918453EA0000001112
B1405025604193N00918460EA0000001128
B1405075604223N00918576EA0000001131
B1405125604213N00918731EA0000001131
B1405185604135N00918861EA0000001134
B1405235604060N00918865EA0000001147
B1405285604010N00918808EA0000001150
B1405335603999N00918729EA0000001159
B1405385604028N00918682EA0000001167
B1405445604083N00918690EA0000001169
B1405505604157N00918734EA0000001157
B1405555604224N00918787EA0000001155
B1406015604306N00918851EA0000001140
B1406075604392N00918926EA0000001133
B1406135604479N00918990EA0000001129
B1406185604549N00919036EA0000001127
B1406235604612N00919058EA0000001129
B1406285604616N00918975EA0000001126
B1406495604419N00918535EA0000001084
B1406555604351N00918420EA0000001090
B1407015604286N00918311EA0000001102
B1407065604241N00918232EA0000001122
B1407185604112N00918057EA0000001096
B1407245604026N00917980EA0000001086
B1407305603906N00918019EA0000001074
B1407375603767N00918139EA0000001068
B1407435603647N00918246EA0000001063
B1407565603393N00918490EA0000001047
B1408065603209N00918684EA0000001029
B1408125603106N00918810EA0000001017
B1408185603017N00918945EA0000001038
B1408235602964N00919073EA0000001035
B1408285602926N00919220EA0000001034
B1408335602867N00919340EA0000001044
B1408405602764N00919450EA0000001042
B1408455602682N00919528EA0000001039
B1408535602546N00919631EA0000001024
B1408595602460N00919764EA0000001019
B1409055602400N00919935EA0000000994
B1409105602388N00920100EA0000000987
B1409205602404N00920411EA0000000968
B1409265602422N00920590EA0000000960
B1409345602462N00920798EA0000000955
B1409395602494N00920907EA0000000958
B1409455602540N00921019EA0000000967
B1409505602580N00920992EA0000000969
B1409555602554N00920906EA0000000978
B1410015602460N00920906EA0000000995
B1410075602401N00921044EA0000001004
B1410125602409N00921173EA0000001004
B1410185602461N00921253EA0000001014
B1410235602497N00921225EA0000001015
B1410345602412N00921086EA0000001042
B1410405602325N00921123EA0000001047
B1410465602255N00921267EA0000001049
B1410555602237N00921508EA0000001058
B1411015602253N00921648EA0000001083
B1411075602224N00921811EA0000001077
B1411125602139N00921892EA0000001090
B1411175602077N00921827EA0000001113
B1411225602084N00921756EA0000001119
B1411275602126N00921794EA0000001123
B1411325602129N00921928EA0000001136
B1411375602060N00922025EA0000001145
B1411425601993N00921980EA0000001155
B1411475601997N00921906EA0000001163
B1411535602047N00921943EA0000001175
B1411585602055N00922072EA0000001184
B1412045602068N00922251EA0000001189
B1412145602128N00922574EA0000001192
B1412215602184N00922840EA0000001170
B1412275602232N00923070EA0000001197
B1412325602253N00923255EA0000001209
B1412375602297N00923375EA0000001224
B1412425602356N00923391EA0000001221
B1412505602451N00923362EA0000001201
B1412585602538N00923291EA0000001189
B1413105602689N00923214EA0000001167
B1413175602764N00923142EA0000001162
B1413375602907N00922783EA0000001116
B1413435602970N00922688EA0000001104
B1413505603045N00922583EA0000001093
B1413565603108N00922496EA0000001083
B1414045603189N00922380EA0000001068
B1414095603238N00922304EA0000001059
B1414265603398N00922032EA0000001027
B1414315603446N00921953EA0000001018
B1414385603516N00921842EA0000001004
B1414445603576N00921755EA0000000996
B1414495603625N00921683EA0000000989
B1414595603716N00921534EA0000000975
B1415165603862N00921345EA0000000947
B1415225603922N00921274EA0000000944
B1415285603980N00921221EA0000000941
B1415345604039N00921164EA0000000928
B1415425604123N00921084EA0000000913
B1415505604205N00920990EA0000000913
B1415565604251N00920905EA0000000927
B1416025604271N00920808EA0000000932
B1416085604267N00920699EA0000000922
B1416155604288N00920573EA0000000928
B1416265604343N00920443EA0000000939
B1416325604356N00920361EA0000000938
B1416375604292N00920309EA0000000939
B1416435604209N00920417EA0000000953
B1416485604210N00920551EA0000000964
B1416535604251N00920612EA0000000965
B1416585604286N00920577EA0000000958
B1417035604278N00920490EA0000000957
B1417085604214N00920441EA0000000969
B1417135604139N00920484EA0000000976
B1417185604094N00920608EA0000000980
B1417235604100N00920734EA0000000989
B1417285604141N00920785EA0000000998
B1417335604178N00920759EA0000000998
B1417385604170N00920677EA0000000999
B1417445604086N00920636EA0000001010
B1417495604013N00920715EA0000001017
B1417545603982N00920852EA0000001022
B1418005604007N00920984EA0000001032
B1418065604056N00921007EA0000001025
B1418115604074N00920940EA0000001026
B1418175604033N00920843EA0000001037
B1418235603948N00920824EA0000001047
B1418285603871N00920889EA0000001047
B1418335603827N00921016EA0000001057
B1418385603825N00921145EA0000001064
B1418445603863N00921244EA0000001072
B1418495603903N00921281EA0000001074
B1418565603958N00921250EA0000001073
B1419035603998N00921174EA0000001086
B1419085603998N00921101EA0000001102
B1419135603945N00921041EA0000001118
B1419185603862N00921075EA0000001136
B1419235603812N00921207EA0000001149
B1419285603822N00921343EA0000001153
B1419335603869N00921413EA0000001160
B1419415603936N00921393EA0000001176
B1419465603938N00921327EA0000001188
B1419525603870N00921295EA0000001180
B1419575603793N00921361EA0000001176
B1420025603750N00921519EA0000001184
B1420085603777N00921687EA0000001203
B1420145603840N00921763EA0000001205
B1420195603893N00921759EA0000001214
B1420245603940N00921732EA0000001198
B1420295603988N00921663EA0000001168
B1420375604058N00921523EA0000001152
B1420465604101N00921342EA0000001158
B1420555604135N00921165EA0000001152
B1421035604154N00921020EA0000001180
B1421085604163N00920936EA0000001170
B1421145604178N00920810EA0000001147
B1421225604183N00920628EA0000001154
B1421285604189N00920506EA0000001163
B1421345604196N00920392EA0000001160
B1421405604204N00920276EA0000001163
B1421485604218N00920122EA0000001146
B1421535604229N00920017EA0000001149
B1421585604235N00919912EA0000001149
B1422035604245N00919811EA0000001165
B1422105604243N00919686EA0000001161
B1422165604243N00919555EA0000001160
B1422235604248N00919405EA0000001167
B1422325604259N00919215EA0000001146
B1422395604269N00919070EA0000001141
B1422445604276N00918967EA0000001133
B1422495604283N00918859EA0000001121
B1423015604309N00918588EA0000001104
B1423065604322N00918481EA0000001101
B1423115604336N00918375EA0000001090
B1423175604352N00918242EA0000001095
B1423235604367N00918117EA0000001102
B1423305604380N00917973EA0000001099
B1423445604381N00917678EA0000001111
B1423515604377N00917529EA0000001095
B1423585604385N00917373EA0000001089
B1424065604399N00917196EA0000001072
B1424145604411N00917021EA0000001053
B1424215604420N00916864EA0000001042
B1424365604441N00916508EA0000001000
B1424515604445N00916132EA0000000987
B1424595604439N00915938EA0000000980
B1425075604431N00915769EA0000000984
B1425145604423N00915625EA0000000971
B1425225604419N00915452EA0000000961
B1425405604420N00915057EA0000000930
B1425585604443N00914669EA0000000911
B1426135604448N00914333EA0000000889
B1426275604461N00914007EA0000000879
B1426325604469N00913893EA0000000875
B1426415604479N00913688EA0000000873
B1426465604484N00913579EA0000000869
B1426545604473N00913415EA0000000876
B1427015604446N00913289EA0000000866
B1427085604417N00913153EA0000000851
B1427135604399N00913047EA0000000841
B1427215604370N00912881EA0000000855
B1427265604359N00912799EA0000000871
B1427315604393N00912750EA0000000871
B1427365604445N00912829EA0000000867
B1427425604425N00913017EA0000000872
B1427475604355N00913100EA0000000870
B1427525604281N00913088EA0000000879
B1427585604239N00912992EA0000000886
B1428035604266N00912927EA0000000891
B1428085604319N00912966EA0000000903
B1428145604323N00913131EA0000000899
B1428195604260N00913229EA0000000909
B1428245604190N00913235EA0000000913
B1428305604135N00913161EA0000000923
B1428355604146N00913085EA0000000934
B1428405604195N00913100EA0000000941
B1428465604216N00913246EA0000000952
B1428515604167N00913355EA0000000954
B1428565604092N00913372EA0000000962
B1429025604052N00913289EA0000000973
B1429075604088N00913258EA0000000984
B1429125604126N00913343EA0000000986
B1429185604099N00913494EA0000000995
B1429235604030N00913547EA0000000997
B1429285603981N00913496EA0000001008
B1429335603992N00913434EA0000001012
B1429385604038N00913459EA0000001014
B1429445604066N00913595EA0000001020
B1429495604041N00913722EA0000001021
B1429545603977N00913802EA0000001016
B1430005603890N00913814EA0000001026
B1430085603784N00913779EA0000001022
B1430135603738N00913713EA0000001021
B1430195603695N00913626EA0000001032
B1430245603667N00913559EA0000001028
B1430305603658N00913465EA0000001027
B1430365603642N00913357EA0000001014
B1430425603630N00913219EA0000000996
B1430515603612N00913002EA0000000998
B1430585603598N00912832EA0000000986
B1431045603584N00912686EA0000000982
B1431105603567N00912543EA0000000980
B1431155603551N00912429EA0000000983
B1431215603538N00912305EA0000000989
B1431265603537N00912222EA0000000992
B1431355603537N00912078EA0000000984
B1431405603508N00911980EA0000000984
B1431465603473N00911888EA0000000996
B1431515603427N00911822EA0000000982
B1431565603338N00911840EA0000000980
B1432015603260N00911938EA0000000983
B1432065603211N00912086EA0000000973
B1432155603206N00912396EA0000000957
B1432225603214N00912653EA0000000950
B1432335603221N00913058EA0000000953
B1432395603245N00913258EA0000000947
B1432465603276N00913493EA0000000948
B1432545603311N00913742EA0000000944
B1433005603332N00913945EA0000000931
B1433055603348N00914123EA0000000944
B1433105603373N00914278EA0000000958
B1433155603428N00914368EA0000000965
B1433205603486N00914361EA0000000968
B1433265603504N00914268EA0000000975
B1433315603453N00914209EA0000000975
B1433395603323N00914279EA0000000966
B1433455603247N00914425EA0000000972
B1433505603202N00914561EA0000000982
B1433555603159N00914687EA0000000991
B1434015603069N00914754EA0000000993
B1434065603016N00914694EA0000001002
B1434115603032N00914626EA0000001011
B1434165603080N00914653EA0000001017
B1434225603111N00914791EA0000001024
B1434275603090N00914928EA0000001036
B1434325603030N00915028EA0000001038
B1434385602941N00915028EA0000001036
B1434435602914N00914945EA0000001044
B1434485602939N00914883EA0000001055
B1434545602999N00914926EA0000001059
B1434595603018N00915061EA0000001062
B1435045602977N00915197EA0000001072
B1435105602889N00915220EA0000001082
B1435165602862N00915128EA0000001091
B1435215602909N00915084EA0000001081
B1435275602988N00915079EA0000001079
B1435405603159N00915083EA0000001063
B1435485603271N00915145EA0000001053
B1435535603337N00915213EA0000001047
B1435585603396N00915315EA0000001045
B1436035603438N00915454EA0000001043
B1436085603443N00915624EA0000001040
B1436145603394N00915821EA0000001033
B1436205603294N00915933EA0000001025
B1436255603201N00915955EA0000001017
B1436325603071N00915953EA0000001005
B1436375602979N00915947EA0000001002
B1436435602872N00915943EA0000000998
B1436485602791N00915914EA0000000994
B1436535602721N00915860EA0000000992
B1437075602558N00915648EA0000000982
B1437145602482N00915547EA0000001009
B1437195602414N00915514EA0000001003
B1437245602329N00915555EA0000000997
B1437295602272N00915684EA0000000991
B1437345602271N00915834EA0000000998
B1437405602308N00915966EA0000001009
B1437455602350N00916022EA0000001008
B1437505602394N00916025EA0000001005
B1437575602456N00916016EA0000001007
B1438045602516N00915985EA0000001015
B1438095602545N00915929EA0000001011
B1438165602571N00915826EA0000001022
B1438225602546N00915729EA0000001015
B1438275602474N00915700EA0000001016
B1438325602400N00915781EA0000001021
B1438375602366N00915925EA0000001019
B1438425602380N00916057EA0000001025
B1438475602422N00916135EA0000001034
B1438555602496N00916150EA0000001038
B1439015602536N00916095EA0000001042
B1439075602566N00916027EA0000001048
B1439125602600N00915986EA0000001055
B1439175602655N00916028EA0000001056
B1439225602670N00916176EA0000001060
B1439275602611N00916300EA0000001063
B1439325602532N00916293EA0000001062
B1439375602505N00916197EA0000001065
B1439445602541N00916079EA0000001063
B1439495602591N00916001EA0000001067
B1439595602646N00915777EA0000001075
B1440045602664N00915633EA0000001052
B1440095602690N00915478EA0000001071
B1440145602719N00915339EA0000001072
B1440195602726N00915168EA0000001055
B1440275602745N00914923EA0000001070
B1440355602765N00914717EA0000001067
B1440445602783N00914513EA0000001066
B1440505602794N00914383EA0000001061
B1440565602846N00914312EA0000001055
B1441035602927N00914342EA0000001051
B1441115603004N00914500EA0000001036
B1441195603043N00914741EA0000001031
B1441245603030N00914910EA0000001020
B1441305602975N00915112EA0000001011
B1441355602919N00915265EA0000001024
B1441405602868N00915416EA0000001026
B1441455602818N00915576EA0000001027
B1441505602774N00915742EA0000001045
B1441575602715N00915974EA0000001038
B1442035602671N00916174EA0000001046
B1442105602609N00916386EA0000001031
B1442155602564N00916542EA0000001018
B1442225602479N00916755EA0000000997
B1442285602393N00916922EA0000000985
B1442335602313N00917051EA0000000970
B1442415602171N00917200EA0000000966
B1442475602072N00917305EA0000000981
B1442525602014N00917436EA0000000984
B1442595602022N00917652EA0000000983
B1443045602029N00917809EA0000000975
B1443115601961N00918011EA0000000973
B1443195601850N00918187EA0000000969
B1443255601761N00918310EA0000000956
B1443305601683N00918412EA0000000944
B1443375601579N00918572EA0000000951
B1443445601488N00918748EA0000000946
B1443505601408N00918894EA0000000939
B1443585601297N00919083EA0000000931
B1444145601079N00919445EA0000000940
B1444195601007N00919527EA0000000946
B1444255600918N00919523EA0000000946
B1444315600891N00919421EA0000000954
B1444375600945N00919393EA0000000962
B1444425600989N00919493EA0000000969
B1444475600982N00919647EA0000000970
B1444535600904N00919775EA0000000977
B1445015600797N00919731EA0000000980
B1445065600805N00919642EA0000000985
B1445125600872N00919665EA0000000991
B1445185600892N00919838EA0000001000
B1445235600834N00919962EA0000001000
B1445285600751N00919977EA0000001000
B1445345600708N00919872EA0000001002
B1445465600812N00919944EA0000001021
B1445525600776N00920127EA0000001022
B1445575600694N00920181EA0000001017
B1446025600631N00920115EA0000001020
B1446115600664N00919987EA0000001040
B1446185600728N00920097EA0000001045
B1446235600722N00920252EA0000001048
B1446345600571N00920429EA0000001043
B1446395600488N00920440EA0000001038
B1446455600384N00920539EA0000001040
B1446505600300N00920640EA0000001043
B1447045600074N00920964EA0000001040
B1447125559945N00921161EA0000001036
B1447175559865N00921289EA0000001032
B1447265559717N00921510EA0000001025
B1447325559618N00921653EA0000001019
B1447375559535N00921773EA0000001010
B1447435559434N00921916EA0000001001
B1447495559333N00922064EA0000000991
B1447545559247N00922187EA0000000985
B1448005559144N00922333EA0000000980
B1448075559026N00922505EA0000000973
B1448155558890N00922701EA0000000964
B1448215558788N00922851EA0000000954
B1448305558633N00923074EA0000000935
B1448395558474N00923297EA0000000921
B1448465558349N00923460EA0000000913
B1448525558238N00923598EA0000000908
B1448575558147N00923711EA0000000907
B1449025558056N00923823EA0000000904
B1449075557967N00923938EA0000000901
B1449135557862N00924084EA0000000891
B1449185557774N00924200EA0000000882
B1449245557664N00924338EA0000000866
B1449325557516N00924515EA0000000857
B1449385557405N00924653EA0000000847
B1449445557295N00924792EA0000000839
B1449505557184N00924930EA0000000826
B1449565557071N00925063EA0000000816
B1450075556867N00925323EA0000000799
B1450245556552N00925734EA0000000777
B1450355556337N00925967EA0000000765
B1450425556206N00926115EA0000000763
B1450585555921N00926446EA0000000754
B1451055555801N00926594EA0000000747
B1451265555438N00927011EA0000000747
B1451315555353N00927110EA0000000743
B1451365555271N00927215EA0000000739
B1451425555172N00927343EA0000000731
B1451485555075N00927466EA0000000726
B1451585554910N00927666EA0000000715
B1452035554826N00927765EA0000000708
B1452095554722N00927868EA0000000701
B1452145554633N00927932EA0000000694
B1452215554505N00927989EA0000000690
B1452305554344N00927999EA0000000675
B1452365554245N00927980EA0000000674
B1452425554150N00927947EA0000000663
B1452485554073N00927863EA0000000657
B1452545554021N00927767EA0000000657
B1452595553994N00927677EA0000000649
B1453055553963N00927568EA0000000642
B1453175553943N00927345EA0000000628
B1453285553947N00927141EA0000000605
B1453345553950N00927032EA0000000605
B1453395553956N00926947EA0000000600
B1453495554028N00926831EA0000000592
B1453545554078N00926818EA0000000597
B1454015554140N00926764EA0000000595
B1454105554221N00926724EA0000000603
B1454185554272N00926682EA0000000607
B1454265554342N00926679EA0000000602
B1454345554404N00926647EA0000000606
B1454415554462N00926642EA0000000605
B1454465554506N00926638EA0000000610
B1454515554537N00926589EA0000000613
B1454565554533N00926505EA0000000617
B1455015554473N00926451EA0000000625
B1455065554400N00926496EA0000000641
B1455115554359N00926626EA0000000645
B1455165554368N00926764EA0000000651
B1455225554417N00926852EA0000000657
B1455275554462N00926856EA0000000663
B1455325554486N00926804EA0000000671
B1455375554478N00926723EA0000000674
B1455435554424N00926651EA0000000682
B1455485554351N00926665EA0000000693
B1455535554290N00926758EA0000000705
B1455585554268N00926898EA0000000718
B1456035554283N00927030EA0000000721
B1456105554344N00927136EA0000000732
B1456165554394N00927125EA0000000740
B1456245554401N00927010EA0000000743
B1456315554329N00926929EA0000000754
B1456365554257N00926959EA0000000769
B1456415554204N00927066EA0000000783
B1456465554197N00927209EA0000000794
B1456515554232N00927315EA0000000800
B1456565554282N00927336EA0000000810
B1457035554298N00927246EA0000000815
B1457095554232N00927179EA0000000822
B1457145554157N00927196EA0000000842
B1457195554092N00927281EA0000000853
B1457245554054N00927412EA0000000851
B1457305554068N00927596EA0000000862
B1457375554133N00927721EA0000000871
B1457425554187N00927747EA0000000873
B1457485554231N00927701EA0000000864
B1457535554224N00927612EA0000000861
B1457585554169N00927552EA0000000870
B1458035554095N00927575EA0000000882
B1458095554022N00927688EA0000000891
B1458155554004N00927873EA0000000892
B1458225554071N00928028EA0000000896
B1458315554169N00928147EA0000000875
B1458405554260N00928123EA0000000872
B1458485554324N00928044EA0000000875
B1458535554360N00927993EA0000000877
B1459015554431N00927923EA0000000885
B1459075554484N00927890EA0000000904
B1459145554543N00927850EA0000000904
B1459215554606N00927793EA0000000890
B1459275554660N00927738EA0000000883
B1459345554732N00927678EA0000000858
B1459395554782N00927622EA0000000847
B1459445554829N00927561EA0000000839
B1459495554877N00927504EA0000000839
B1459545554920N00927447EA0000000837
B1500025554986N00927347EA0000000841
B1500085555038N00927273EA0000000841
B1500145555082N00927190EA0000000843
B1500195555118N00927122EA0000000836
B1500245555155N00927053EA0000000830
B1500315555205N00926963EA0000000825
B1500385555250N00926885EA0000000840
B1500455555295N00926811EA0000000849
B1500515555341N00926757EA0000000851
B1500565555338N00926684EA0000000868
B1501015555278N00926654EA0000000876
B1501065555203N00926721EA0000000878
B1501125555159N00926895EA0000000877
B1501185555182N00927072EA0000000874
B1501235555229N00927174EA0000000882
B1501305555308N00927247EA0000000870
B1501355555362N00927252EA0000000889
B1501405555403N00927251EA0000000897
B1501455555398N00927177EA0000000886
B1501505555324N00927163EA0000000884
B1501555555251N00927261EA0000000897
B1502015555228N00927447EA0000000912
B1502075555263N00927604EA0000000909
B1502125555316N00927675EA0000000913
B1502175555356N00927657EA0000000920
B1502225555346N00927588EA0000000917
B1502285555275N00927542EA0000000913
B1502335555194N00927588EA0000000913
B1502385555127N00927704EA0000000924
B1502435555085N00927848EA0000000929
B1502485555088N00928004EA0000000932
B1502555555155N00928128EA0000000939
B1503005555201N00928188EA0000000950
B1503065555257N00928233EA0000000954
B1503125555314N00928270EA0000000948
B1503175555363N00928275EA0000000936
B1503225555403N00928258EA0000000935
B1503415555555N00928156EA0000000887
B1503485555616N00928078EA0000000868
B1503535555651N00928006EA0000000857
B1504025555714N00927882EA0000000851
B1504085555790N00927871EA0000000833
B1504155555889N00927937EA0000000830
B1504245556010N00927998EA0000000822
B1504345556141N00928035EA0000000802
B1504435556257N00928021EA0000000792
B1504545556392N00928022EA0000000789
B1504595556447N00928002EA0000000793
B1505075556519N00927946EA0000000802
B1505125556556N00927897EA0000000811
B1505205556598N00927819EA0000000819
B1505465556781N00927520EA0000000780
B1505565556863N00927406EA0000000774
B1506045556912N00927323EA0000000775
B1506125556956N00927216EA0000000764
B1506175556987N00927147EA0000000761
B1506245557047N00927086EA0000000756
B1506355557137N00926988EA0000000753
B1506425557205N00926929EA0000000741
B1506535557291N00926816EA0000000753
B1506585557331N00926797EA0000000751
B1507105557388N00926671EA0000000738
B1507155557412N00926604EA0000000738
B1507205557435N00926541EA0000000740
B1507265557480N00926497EA0000000740
B1507365557582N00926508EA0000000733
B1507415557636N00926518EA0000000730
B1507465557686N00926501EA0000000738
B1507525557748N00926549EA0000000756
B1507575557733N00926697EA0000000772
B1508025557658N00926721EA0000000790
B1508085557656N00926627EA0000000805
B1508145557712N00926714EA0000000826
B1508195557677N00926850EA0000000846
B1508245557606N00926862EA0000000862
B1508295557586N00926785EA0000000876
B1508345557631N00926775EA0000000892
B1508395557655N00926899EA0000000915
B1508445557606N00927008EA0000000923
B1508495557541N00926977EA0000000937
B1508545557547N00926898EA0000000951
B1508595557595N00926940EA0000000974
B1509055557578N00927106EA0000000990
B1509115557487N00927159EA0000001007
B1509165557446N00927090EA0000001024
B1509215557473N00927041EA0000001041
B1509265557514N00927124EA0000001062
B1509315557491N00927269EA0000001074
B1509365557410N00927322EA0000001095
B1509415557364N00927244EA0000001099
B1509465557381N00927128EA0000001089
B1509585557483N00926859EA0000001095
B1510075557558N00926676EA0000001105
B1510125557598N00926577EA0000001102
B1510185557617N00926431EA0000001093
B1510235557589N00926298EA0000001091
B1510285557552N00926171EA0000001086
B1510345557508N00926015EA0000001075
B1510455557425N00925719EA0000001065
B1510535557381N00925498EA0000001062
B1510585557358N00925359EA0000001058
B1511065557322N00925143EA0000001056
B1511145557293N00924936EA0000001043
B1511215557271N00924751EA0000001041
B1511295557250N00924550EA0000001041
B1511365557229N00924372EA0000001026
B1511415557216N00924245EA0000001024
B1511485557199N00924084EA0000001014
B1511575557168N00923870EA0000000992
B1512035557129N00923730EA0000000983
B1512085557088N00923614EA0000000972
B1512135557048N00923500EA0000000980
B1512185557008N00923396EA0000000984
B1512245556966N00923261EA0000000985
B1512405556879N00922955EA0000001004
B1512465556877N00922842EA0000000993
B1512525556914N00922750EA0000000985
B1513035557003N00922589EA0000000981
B1513165557105N00922416EA0000000979
B1513235557158N00922331EA0000000973
B1513285557199N00922273EA0000000972
B1513345557247N00922197EA0000000970
B1513395557285N00922125EA0000000968
B1513445557324N00922051EA0000000967
B1513505557366N00921952EA0000000967
B1513565557409N00921851EA0000000963
B1514035557463N00921735EA0000000954
B1514085557505N00921650EA0000000950
B1514185557587N00921485EA0000000949
B1514305557684N00921310EA0000000942
B1514405557757N00921179EA0000000941
B1514455557802N00921106EA0000000928
B1514525557877N00921012EA0000000912
B1514595557951N00920923EA0000000927
B1515055558002N00920846EA0000000933
B1515105558042N00920781EA0000000926
B1515155558081N00920709EA0000000930
B1515205558106N00920636EA0000000935
B1515265558138N00920549EA0000000922
B1515315558173N00920479EA0000000917
B1515385558240N00920408EA0000000904
B1515445558308N00920365EA0000000892
B1515515558398N00920359EA0000000882
B1516015558534N00920397EA0000000867
B1516075558613N00920457EA0000000858
B1516145558688N00920631EA0000000859
B1516245558774N00920906EA0000000847
B1516315558816N00921140EA0000000829
B1516385558811N00921408EA0000000819
B1516435558778N00921598EA0000000817
B1516505558704N00921827EA0000000824
B1516565558628N00921998EA0000000841
B1517035558581N00922215EA0000000865
B1517085558604N00922339EA0000000879
B1517145558664N00922381EA0000000891
B1517195558679N00922316EA0000000904
B1517245558645N00922250EA0000000915
B1517305558563N00922239EA0000000928
B1517355558489N00922296EA0000000933
B1517405558424N00922403EA0000000941
B1517465558381N00922563EA0000000954
B1517515558369N00922700EA0000000956
B1517585558393N00922888EA0000000952
B1518045558444N00923010EA0000000961
B1518105558500N00923098EA0000000976
B1518175558562N00923116EA0000000985
B1518225558577N00923053EA0000000987
B1518275558544N00922979EA0000000993
B1518325558475N00922959EA0000001004
B1518385558387N00923025EA0000001015
B1518435558335N00923147EA0000001027
B1518485558327N00923292EA0000001036
B1518535558365N00923390EA0000001042
B1518585558409N00923386EA0000001048
B1519035558399N00923304EA0000001045
B1519085558319N00923291EA0000001048
B1519175558172N00923491EA0000001057
B1519225558089N00923599EA0000001049
B1519275557999N00923710EA0000001041
B1519325557909N00923827EA0000001043
B1519375557818N00923934EA0000001051
B1519475557642N00924190EA0000001048
B1519585557450N00924475EA0000001046
B1520035557363N00924612EA0000001048
B1520095557259N00924782EA0000001045
B1520155557156N00924956EA0000001043
B1520235557014N00925183EA0000001045
B1520315556872N00925385EA0000001033
B1520395556740N00925612EA0000001026
B1520465556621N00925810EA0000001017
B1520515556534N00925954EA0000001008
B1521025556349N00926289EA0000000996
B1521085556257N00926481EA0000000988
B1521175556115N00926768EA0000000980
B1521225556037N00926919EA0000000978
B1521325555890N00927244EA0000000967
B1521375555820N00927412EA0000000963
B1521445555718N00927644EA0000000954
B1521505555628N00927843EA0000000947
B1521565555537N00928038EA0000000943
B1522025555443N00928212EA0000000947
B1522085555370N00928411EA0000000945
B1522145555300N00928617EA0000000939
B1522205555232N00928826EA0000000929
B1522255555178N00929002EA0000000921
B1522315555119N00929221EA0000000910
B1522375555061N00929441EA0000000901
B1522425555014N00929621EA0000000893
B1522495554932N00929859EA0000000881
B1522565554832N00930078EA0000000883
B1523015554780N00930251EA0000000878
B1523065554779N00930434EA0000000872
B1523125554833N00930610EA0000000863
B1523185554907N00930748EA0000000853
B1523235554968N00930868EA0000000845
B1523285555028N00930989EA0000000841
B1523355555107N00931162EA0000000835
B1523415555171N00931311EA0000000828
B1523485555241N00931498EA0000000819
B1523535555285N00931647EA0000000808
B1524015555285N00931931EA0000000814
B1524065555315N00932070EA0000000811
B1524115555374N00932117EA0000000804
B1524165555428N00932087EA0000000793
B1524225555465N00931989EA0000000782
B1524275555466N00931873EA0000000766
B1525035555352N00931054EA0000000749
B1525235555311N00930593EA0000000715
B1525305555303N00930428EA0000000707
B1525365555292N00930274EA0000000697
B1525445555284N00930067EA0000000691
B1525525555283N00929859EA0000000674
B1526075555292N00929475EA0000000645
B1526145555293N00929299EA0000000637
B1526195555296N00929175EA0000000627
B1526295555317N00928937EA0000000607
B1526345555324N00928815EA0000000602
B1526415555340N00928646EA0000000598
B1526475555360N00928504EA0000000586
B1526545555389N00928337EA0000000567
B1527045555421N00928085EA0000000532
B1527155555457N00927811EA0000000520
B1527205555468N00927687EA0000000517
B1527255555459N00927551EA0000000510
B1527315555428N00927391EA0000000516
B1527395555381N00927183EA0000000514
B1527485555337N00926944EA0000000503
B1527585555288N00926678EA0000000483
B1528055555255N00926504EA0000000470
B1528115555200N00926368EA0000000461
B1528175555123N00926250EA0000000456
B1528245555014N00926139EA0000000448
B1528345554861N00925976EA0000000455
B1528415554732N00925902EA0000000464
B1528475554620N00925865EA0000000458
B1528545554492N00925821EA0000000437
B1528595554390N00925832EA0000000427
B1529045554288N00925869EA0000000424
B1529105554165N00925937EA0000000410
B1529165554043N00926036EA0000000401
B1529235553907N00926192EA0000000389
B1529285553818N00926333EA0000000382
B1529335553745N00926497EA0000000379
B1529385553707N00926684EA0000000378
B1529455553702N00926945EA0000000366
B1529525553719N00927203EA0000000358
B1530015553744N00927541EA0000000344
B1530085553775N00927790EA0000000334
B1530135553807N00927961EA0000000324
B1530185553863N00928096EA0000000325
B1530235553920N00928222EA0000000320
B1530305554009N00928364EA0000000316
B1530355554073N00928445EA0000000321
B1530405554138N00928487EA0000000309
B1530465554191N00928411EA0000000292
B1530525554240N00928306EA0000000280
B1530575554275N00928211EA0000000264
B1531045554307N00928076EA0000000237
B1531115554336N00927952EA0000000202
B1531175554362N00927849EA0000000177
B1531245554390N00927716EA0000000149
B1531295554406N00927613EA0000000132
B1531345554421N00927504EA0000000111
B1531395554436N00927392EA0000000097
B1531455554450N00927277EA0000000092
