AOGNOGN
HFDTE190625
HFFXA050
HFPLTPILOTINCHARGE:
HFGTYGLIDERTYPE:LS-8 18
HFGIDGLIDERID:OY-XXO
HFDTM100GPSDATUM:WGS-1984
HFRFWFIRMWAREVERSION:
HFRHWHARDWAREVERSION:
HFFTYFRTYPE:OGN-FLIGHTBOOK
HFGPSGENERIC
HFPRSPRESSALTSENSOR:
HFCIDCOMPETITIONID:LS8
B0943475554412N00927321EA0000000092
B0943485554415N00927303EA0000000094
B0943535554438N00927185EA0000000147
B0943595554469N00927048EA0000000245
B0944045554490N00926936EA0000000321
B0944095554519N00926832EA0000000383
B0944145554544N00926728EA0000000437
B0944195554575N00926620EA0000000457
B0944245554597N00926529EA0000000482
B0944295554585N00926428EA0000000478
B0944345554631N00926388EA0000000480
B0944395554662N00926509EA0000000484
B0944445554609N00926665EA0000000479
B0944495554524N00926677EA0000000487
B0944545554544N00926628EA0000000491
B0944595554558N00926757EA0000000497
B0945045554481N00926852EA0000000499
B0945095554440N00926785EA0000000507
B0945145554484N00926800EA0000000511
B0945195554473N00926946EA0000000517
B0945245554393N00926985EA0000000522
B0945295554387N00926912EA0000000524
B0945345554430N00926980EA0000000533
B0945395554387N00927115EA0000000546
B0945445554321N00927091EA0000000545
B0945495554345N00927044EA0000000551
B0945545554365N00927161EA0000000560
B0945595554297N00927250EA0000000575
B0946045554253N00927194EA0000000571
B0946095554290N00927171EA0000000575
B0946145554311N00927300EA0000000586
B0946195554238N00927386EA0000000597
B0946245554201N00927316EA0000000607
B0946295554243N00927335EA0000000619
B0946345554225N00927479EA0000000627
B0946395554145N00927497EA0000000635
B0946445554134N00927421EA0000000645
B0946495554181N00927459EA0000000648
B0946545554157N00927610EA0000000659
B0946595554075N00927623EA0000000671
B0947045554071N00927550EA0000000680
B0947105554127N00927629EA0000000687
B0947155554091N00927780EA0000000702
B0947205554009N00927785EA0000000712
B0947265554018N00927714EA0000000727
B0947325554047N00927860EA0000000741
B0947375553972N00927961EA0000000749
B0947425553920N00927892EA0000000764
B0947485553963N00927849EA0000000776
B0947535554004N00927968EA0000000778
B0947585553963N00928131EA0000000795
B0948035553873N00928165EA0000000800
B0948085553846N00928079EA0000000804
B0948145553891N00928163EA0000000827
B0948195553829N00928281EA0000000843
B0948245553759N00928239EA0000000849
B0948295553787N00928201EA0000000857
B0948345553793N00928342EA0000000870
B0948395553709N00928393EA0000000887
B0948445553685N00928316EA0000000896
B0948495553727N00928360EA0000000905
B0948545553694N00928510EA0000000918
B0948595553612N00928502EA0000000930
B0949045553618N00928431EA0000000943
B0949095553653N00928524EA0000000946
B0949145553591N00928655EA0000000964
B0949195553518N00928618EA0000000973
B0949245553541N00928567EA0000000981
B0949295553567N00928697EA0000000985
B0949345553492N00928801EA0000001016
B0949395553434N00928744EA0000001020
B0949445553465N00928710EA0000001029
B0949495553479N00928850EA0000001035
B0949545553398N00928945EA0000001060
B0949595553345N00928880EA0000001071
B0950045553379N00928853EA0000001079
B0950095553397N00928989EA0000001085
B0950145553322N00929103EA0000001110
B0950195553254N00929061EA0000001124
B0950245553265N00928995EA0000001132
B0950295553308N00929060EA0000001140
B0950345553285N00929210EA0000001155
B0950395553200N00929256EA0000001168
B0950445553163N00929174EA0000001179
B0950495553205N00929147EA0000001177
B0950545553272N00929183EA0000001167
B0951015553378N00929222EA0000001158
B0951095553498N00929235EA0000001181
B0951145553575N00929240EA0000001164
B0951215553695N00929242EA0000001144
B0951265553779N00929229EA0000001136
B0951315553869N00929207EA0000001112
B0951365553955N00929177EA0000001122
B0951435554068N00929140EA0000001107
B0951495554173N00929102EA0000001085
B0951545554265N00929066EA0000001077
B0952005554364N00929034EA0000001102
B0952055554443N00929005EA0000001097
B0952115554541N00928971EA0000001074
B0952165554630N00928939EA0000001050
B0952245554781N00928887EA0000001031
B0952295554874N00928860EA0000001023
B0952355554991N00928828EA0000000996
B0952405555093N00928810EA0000000993
B0952465555209N00928800EA0000000995
B0952555555367N00928796EA0000001004
B0953025555487N00928786EA0000000980
B0953095555617N00928761EA0000000950
B0953155555733N00928722EA0000000940
B0953215555837N00928683EA0000000951
B0953265555920N00928644EA0000000952
B0953315555988N00928612EA0000000984
B0953385556063N00928581EA0000000998
B0953445556138N00928583EA0000001000
B0953495556160N00928496EA0000001021
B0953545556098N00928433EA0000001042
B0953595556013N00928515EA0000001050
B0954045555989N00928673EA0000001065
B0954095556032N00928757EA0000001083
B0954145556059N00928710EA0000001094
B0954195556005N00928643EA0000001105
B0954245555917N00928710EA0000001117
B0954305555892N00928895EA0000001145
B0954355555932N00928982EA0000001156
B0954405555970N00928954EA0000001159
B0954485555886N00928871EA0000001181
B0954535555816N00928988EA0000001189
B0954585555825N00929122EA0000001210
B0955035555872N00929154EA0000001213
B0955085555906N00929106EA0000001216
B0955155555961N00929025EA0000001211
B0955205556010N00928973EA0000001221
B0955255556058N00928923EA0000001214
B0955315556126N00928847EA0000001204
B0955375556202N00928766EA0000001169
B0955435556287N00928672EA0000001157
B0955525556414N00928533EA0000001140
B0955575556483N00928457EA0000001128
B0956025556553N00928383EA0000001116
B0956075556623N00928311EA0000001107
B0956135556711N00928230EA0000001091
B0956205556812N00928141EA0000001077
B0956285556930N00928047EA0000001061
B0956345557017N00927978EA0000001047
B0956435557150N00927867EA0000001024
B0956505557253N00927775EA0000001009
B0956555557312N00927678EA0000001002
B0957035557377N00927471EA0000000987
B0957125557437N00927220EA0000000966
B0957175557470N00927078EA0000000961
B0957225557504N00926939EA0000000953
B0957285557549N00926775EA0000000937
B0957345557592N00926604EA0000000930
B0957405557638N00926443EA0000000929
B0957465557670N00926313EA0000000973
B0957535557738N00926225EA0000000973
B0957595557825N00926203EA0000000946
B0958045557904N00926187EA0000000951
B0958105557993N00926178EA0000000955
B0958165558085N00926188EA0000000923
B0958215558178N00926211EA0000000908
B0958265558271N00926232EA0000000900
B0958315558367N00926258EA0000000887
B0958365558465N00926290EA0000000874
B0958425558586N00926340EA0000000862
B0958485558704N00926401EA0000000857
B0958545558820N00926457EA0000000845
B0959025558979N00926528EA0000000833
B0959075559078N00926567EA0000000842
B0959125559168N00926601EA0000000843
B0959185559273N00926655EA0000000855
B0959235559350N00926710EA0000000854
B0959305559464N00926805EA0000000833
B0959355559554N00926884EA0000000840
B0959405559636N00926984EA0000000864
B0959455559698N00926979EA0000000906
B0959505559680N00926885EA0000000919
B0959555559588N00926897EA0000000930
B1000005559547N00927043EA0000000960
B1000055559584N00927137EA0000000970
B1000105559610N00927080EA0000000983
B1000165559538N00927000EA0000000994
B1000215559463N00927097EA0000001010
B1000265559482N00927230EA0000001027
B1000315559527N00927220EA0000001042
B1000365559514N00927128EA0000001047
B1000415559430N00927118EA0000001063
B1000465559372N00927245EA0000001077
B1000515559401N00927360EA0000001095
B1000565559437N00927325EA0000001107
B1001025559370N00927256EA0000001119
B1001075559295N00927359EA0000001138
B1001125559301N00927499EA0000001152
B1001175559348N00927528EA0000001173
B1001225559377N00927472EA0000001165
B1001285559417N00927377EA0000001175
B1001335559450N00927301EA0000001191
B1001395559492N00927216EA0000001187
B1001445559536N00927125EA0000001170
B1001505559593N00926983EA0000001155
B1001555559640N00926863EA0000001156
B1002005559689N00926749EA0000001155
B1002065559747N00926615EA0000001141
B1002145559830N00926434EA0000001118
B1002205559892N00926295EA0000001102
B1002255559943N00926175EA0000001083
B1002315600000N00926020EA0000001066
B1002375600059N00925856EA0000001055
B1002425600103N00925728EA0000001059
B1002475600147N00925611EA0000001054
B1002545600205N00925460EA0000001054
B1002595600248N00925365EA0000001052
B1003045600290N00925269EA0000001049
B1003095600331N00925175EA0000001046
B1003165600386N00925057EA0000001062
B1003225600431N00924974EA0000001054
B1003285600489N00924884EA0000001041
B1003335600543N00924814EA0000001046
B1003405600626N00924702EA0000001025
B1003455600683N00924612EA0000001042
B1003525600759N00924494EA0000001031
B1003575600815N00924405EA0000001046
B1004055600902N00924269EA0000001035
B1004105600962N00924165EA0000001026
B1004155601017N00924052EA0000001014
B1004245601118N00923838EA0000000991
B1004295601173N00923712EA0000000979
B1004345601229N00923576EA0000000962
B1004395601282N00923438EA0000000970
B1004445601322N00923332EA0000001005
B1004505601368N00923203EA0000000975
B1004555601415N00923070EA0000000962
B1005015601464N00922924EA0000000995
B1005065601504N00922811EA0000000982
B1005115601550N00922698EA0000001006
B1005175601601N00922590EA0000001025
B1005225601644N00922514EA0000001040
B1005285601698N00922416EA0000001017
B1005335601749N00922321EA0000001029
B1005385601788N00922246EA0000001039
B1005445601838N00922146EA0000001011
B1005495601890N00922036EA0000000996
B1005545601924N00921900EA0000001016
B1006025601927N00921714EA0000001059
B1006075601930N00921601EA0000001033
B1006125601938N00921452EA0000001000
B1006185601943N00921246EA0000000987
B1006235601946N00921070EA0000000969
B1006315601949N00920784EA0000000955
B1006375601947N00920573EA0000000947
B1006445601943N00920333EA0000000937
B1006495601945N00920167EA0000000929
B1006555601950N00919966EA0000000918
B1007015601957N00919760EA0000000908
B1007095601964N00919487EA0000000892
B1007205601977N00919120EA0000000864
B1007345602014N00918656EA0000000848
B1007395602023N00918510EA0000000882
B1007445602029N00918395EA0000000880
B1007495602048N00918260EA0000000868
B1007555602074N00918119EA0000000901
B1008015602127N00918091EA0000000935
B1008065602134N00918248EA0000000927
B1008115602046N00918347EA0000000925
B1008165601992N00918269EA0000000930
B1008225602006N00918156EA0000000935
B1008315602067N00917991EA0000000894
B1008365602118N00917871EA0000000887
B1008415602159N00917776EA0000000937
B1008475602204N00917673EA0000000924
B1008525602244N00917571EA0000000927
B1008575602277N00917475EA0000000930
B1009035602312N00917339EA0000000897
B1009085602344N00917200EA0000000877
B1009135602374N00917056EA0000000872
B1009185602409N00916914EA0000000856
B1009285602493N00916619EA0000000828
B1009385602594N00916337EA0000000805
B1009435602642N00916210EA0000000829
B1009505602693N00916076EA0000000851
B1009555602743N00916042EA0000000868
B1010015602817N00916103EA0000000843
B1010085602924N00916174EA0000000808
B1010155603047N00916250EA0000000783
B1010235603197N00916320EA0000000762
B1010285603296N00916360EA0000000744
B1010335603397N00916401EA0000000725
B1010385603501N00916440EA0000000708
B1010445603621N00916484EA0000000719
B1010495603714N00916532EA0000000731
B1010545603802N00916583EA0000000743
B1010595603860N00916674EA0000000804
B1011045603818N00916799EA0000000815
B1011105603755N00916726EA0000000830
B1011155603800N00916715EA0000000856
B1011205603807N00916844EA0000000864
B1011255603734N00916927EA0000000874
B1011315603699N00916827EA0000000890
B1011365603746N00916857EA0000000910
B1011415603729N00917006EA0000000918
B1011465603647N00917028EA0000000929
B1011515603646N00916942EA0000000943
B1011565603690N00917021EA0000000963
B1012015603642N00917158EA0000000972
B1012065603563N00917137EA0000000981
B1012115603578N00917060EA0000000993
B1012165603614N00917154EA0000001007
B1012215603557N00917279EA0000001017
B1012265603483N00917249EA0000001022
B1012315603493N00917166EA0000001037
B1012365603530N00917251EA0000001042
B1012415603476N00917378EA0000001059
B1012465603403N00917350EA0000001061
B1012515603414N00917259EA0000001069
B1012565603456N00917326EA0000001082
B1013015603411N00917458EA0000001097
B1013065603330N00917456EA0000001108
B1013115603326N00917363EA0000001110
B1013165603374N00917411EA0000001118
B1013215603336N00917548EA0000001137
B1013265603254N00917552EA0000001156
B1013315603226N00917458EA0000001157
B1013365603231N00917347EA0000001149
B1013415603216N00917218EA0000001144
B1013475603170N00917058EA0000001132
B1013525603127N00916916EA0000001118
B1013585603078N00916741EA0000001111
B1014035603035N00916596EA0000001098
B1014095602983N00916422EA0000001086
B1014165602919N00916224EA0000001078
B1014225602870N00916050EA0000001068
B1014315602811N00915772EA0000001045
B1014365602784N00915614EA0000001037
B1014425602756N00915420EA0000001025
B1014475602735N00915270EA0000001052
B1014545602721N00915101EA0000001054
B1015005602718N00914936EA0000001033
B1015055602714N00914786EA0000001025
B1015125602710N00914590EA0000001068
B1015175602707N00914486EA0000001098
B1015265602708N00914325EA0000001098
B1015315602719N00914195EA0000001083
B1015375602730N00914024EA0000001076
B1015425602741N00913874EA0000001077
B1015485602761N00913707EA0000001096
B1015565602793N00913499EA0000001098
B1016015602817N00913365EA0000001075
B1016065602848N00913214EA0000001059
B1016145602889N00912962EA0000001045
B1016205602916N00912774EA0000001030
B1016255602935N00912613EA0000001017
B1016305602950N00912447EA0000001009
B1016355602967N00912280EA0000001017
B1016405602981N00912153EA0000001069
B1016465602986N00912052EA0000001074
B1016525602995N00911927EA0000001044
B1016585603013N00911773EA0000001025
B1017075603032N00911522EA0000001007
B1017135603041N00911344EA0000000992
B1017195603050N00911157EA0000000979
B1017255603057N00910972EA0000000969
B1017305603060N00910819EA0000000957
B1017365603065N00910628EA0000000940
B1017425603071N00910436EA0000000926
B1017475603075N00910271EA0000000913
B1017535603075N00910076EA0000000919
B1017585603076N00909924EA0000000915
B1018045603078N00909739EA0000000910
B1018115603077N00909540EA0000000922
B1018175603078N00909370EA0000000903
B1018225603081N00909217EA0000000891
B1018295603083N00908993EA0000000877
B1018355603080N00908805EA0000000878
B1018405603073N00908660EA0000000882
B1018465603062N00908484EA0000000866
B1018515603049N00908330EA0000000861
B1018565603044N00908185EA0000000870
B1019015603040N00908063EA0000000888
B1019085603039N00907909EA0000000880
B1019135603041N00907788EA0000000877
B1019195603046N00907653EA0000000884
B1019255603058N00907529EA0000000897
B1019325603077N00907416EA0000000917
B1019395603102N00907327EA0000000935
B1019465603131N00907237EA0000000921
B1019545603169N00907087EA0000000908
B1019595603194N00906972EA0000000918
B1020045603208N00906894EA0000000947
B1020115603234N00906779EA0000000929
B1020165603254N00906680EA0000000926
B1020215603270N00906569EA0000000930
B1020265603283N00906464EA0000000929
B1020315603301N00906359EA0000000917
B1020375603329N00906224EA0000000905
B1020425603353N00906105EA0000000897
B1020485603379N00905960EA0000000889
B1020545603405N00905809EA0000000875
B1021035603449N00905583EA0000000870
B1021085603472N00905466EA0000000866
B1021155603513N00905303EA0000000853
B1021215603562N00905177EA0000000847
B1021265603614N00905092EA0000000850
B1021315603658N00905003EA0000000855
B1021365603697N00904900EA0000000868
B1021415603699N00904798EA0000000890
B1021475603635N00904684EA0000000873
B1021525603575N00904586EA0000000880
B1021575603530N00904500EA0000000887
B1022025603487N00904397EA0000000856
B1022075603441N00904274EA0000000844
B1022125603392N00904149EA0000000836
B1022185603340N00903991EA0000000833
B1022235603306N00903885EA0000000867
B1022285603270N00903785EA0000000856
B1022345603224N00903633EA0000000868
B1022405603179N00903516EA0000000890
B1022455603131N00903426EA0000000880
B1022505603050N00903358EA0000000876
B1022555602984N00903275EA0000000891
B1023005602974N00903187EA0000000906
B1023055602999N00903130EA0000000908
B1023115603022N00903022EA0000000882
B1023175603054N00902891EA0000000882
B1023225603079N00902796EA0000000881
B1023275603104N00902693EA0000000881
B1023335603132N00902571EA0000000857
B1023385603160N00902452EA0000000834
B1023445603193N00902304EA0000000817
B1023505603218N00902148EA0000000798
B1023585603237N00901917EA0000000772
B1024035603245N00901764EA0000000758
B1024125603271N00901495EA0000000743
B1024195603295N00901282EA0000000721
B1024245603310N00901127EA0000000726
B1024305603323N00900971EA0000000748
B1024355603334N00900853EA0000000756
B1024415603373N00900755EA0000000751
B1024465603372N00900648EA0000000754
B1024515603321N00900558EA0000000749
B1024575603233N00900459EA0000000723
B1025035603140N00900333EA0000000699
B1025085603057N00900218EA0000000675
B1025135602969N00900105EA0000000669
B1025185602880N00900005EA0000000687
B1025235602824N00859890EA0000000689
B1025295602796N00859752EA0000000697
B1025345602781N00859636EA0000000688
B1025395602747N00859524EA0000000684
B1025445602684N00859437EA0000000681
B1025505602570N00859429EA0000000663
B1025555602467N00859514EA0000000667
B1026005602370N00859628EA0000000667
B1026055602275N00859732EA0000000683
B1026105602279N00859888EA0000000695
B1026155602332N00859878EA0000000712
B1026205602306N00859800EA0000000721
B1026255602217N00859814EA0000000717
B1026305602156N00859958EA0000000728
B1026355602185N00900075EA0000000737
B1026405602226N00900037EA0000000741
B1026455602181N00859971EA0000000754
B1026505602093N00900036EA0000000750
B1026555602066N00900198EA0000000758
B1027005602115N00900262EA0000000759
B1027055602113N00900181EA0000000776
B1027105602039N00900185EA0000000781
B1027155601973N00900319EA0000000770
B1027205601985N00900475EA0000000778
B1027255602038N00900523EA0000000779
B1027315602044N00900423EA0000000792
B1027365602070N00900375EA0000000798
B1027415602094N00900502EA0000000798
B1027465602026N00900607EA0000000804
B1027515601950N00900587EA0000000809
B1027565601869N00900576EA0000000821
B1028015601808N00900709EA0000000817
B1028075601846N00900841EA0000000820
B1028125601869N00900781EA0000000814
B1028185601835N00900661EA0000000815
B1028235601851N00900601EA0000000833
B1028285601865N00900727EA0000000831
B1028335601789N00900815EA0000000835
B1028385601738N00900754EA0000000849
B1028435601771N00900758EA0000000849
B1028485601753N00900909EA0000000856
B1028535601669N00900951EA0000000855
B1028585601657N00900882EA0000000867
B1029035601690N00900970EA0000000862
B1029085601620N00901093EA0000000875
B1029135601567N00901037EA0000000879
B1029185601611N00901047EA0000000884
B1029235601587N00901200EA0000000891
B1029285601500N00901229EA0000000896
B1029335601489N00901162EA0000000903
B1029385601527N00901230EA0000000899
B1029435601486N00901383EA0000000902
B1029485601398N00901416EA0000000911
B1029535601371N00901349EA0000000910
B1029585601414N00901378EA0000000907
B1030035601404N00901530EA0000000918
B1030085601322N00901606EA0000000914
B1030145601232N00901563EA0000000902
B1030195601157N00901504EA0000000885
B1030245601078N00901437EA0000000879
B1030295600992N00901393EA0000000887
B1030355600881N00901372EA0000000896
B1030405600857N00901291EA0000000895
B1030455600910N00901324EA0000000909
B1030505600899N00901469EA0000000916
B1030555600817N00901526EA0000000910
B1031005600783N00901452EA0000000915
B1031055600832N00901450EA0000000916
B1031105600845N00901586EA0000000931
B1031155600776N00901687EA0000000925
B1031205600716N00901630EA0000000926
B1031255600742N00901582EA0000000930
B1031305600779N00901683EA0000000940
B1031355600747N00901830EA0000000949
B1031405600665N00901883EA0000000940
B1031465600627N00901792EA0000000944
B1031515600673N00901794EA0000000948
B1031565600693N00901926EA0000000964
B1032035600651N00902150EA0000000959
B1032085600626N00902333EA0000000955
B1032135600605N00902518EA0000000972
B1032185600579N00902672EA0000000987
B1032245600533N00902866EA0000000960
B1032315600490N00903131EA0000000959
B1032365600462N00903293EA0000000963
B1032415600434N00903455EA0000000946
B1032475600399N00903671EA0000000930
B1032535600366N00903896EA0000000917
B1033005600331N00904172EA0000000904
B1033055600296N00904374EA0000000893
B1033105600249N00904574EA0000000889
B1033155600191N00904766EA0000000882
B1033205600126N00904957EA0000000869
B1033255600058N00905147EA0000000864
B1033315559976N00905380EA0000000853
B1033375559887N00905595EA0000000859
B1033435559795N00905788EA0000000860
B1033485559710N00905895EA0000000882
B1033535559646N00905835EA0000000877
B1033585559676N00905761EA0000000881
B1034035559722N00905841EA0000000879
B1034085559721N00906005EA0000000871
B1034135559676N00906179EA0000000868
B1034185559595N00906263EA0000000884
B1034235559541N00906186EA0000000868
B1034285559578N00906108EA0000000870
B1034335559633N00906172EA0000000877
B1034385559638N00906336EA0000000869
B1034435559607N00906519EA0000000866
B1034495559570N00906748EA0000000853
B1034565559535N00906995EA0000000855
B1035015559500N00907163EA0000000860
B1035065559525N00907301EA0000000867
B1035115559588N00907307EA0000000873
B1035165559584N00907223EA0000000882
B1035215559507N00907209EA0000000862
B1035265559440N00907332EA0000000871
B1035315559430N00907492EA0000000873
B1035365559385N00907639EA0000000874
B1035415559365N00907799EA0000000887
B1035475559428N00907865EA0000000895
B1035525559430N00907779EA0000000873
B1035575559351N00907751EA0000000883
B1036035559286N00907897EA0000000893
B1036085559214N00907986EA0000000890
B1036135559144N00908092EA0000000892
B1036185559144N00908233EA0000000884
B1036235559191N00908259EA0000000867
B1036295559240N00908171EA0000000854
B1036345559285N00908098EA0000000877
B1036395559331N00908068EA0000000886
B1036445559387N00908051EA0000000870
B1036495559454N00908014EA0000000855
B1036555559531N00907979EA0000000875
B1037005559566N00907922EA0000000891
B1037055559506N00907872EA0000000902
B1037105559447N00907986EA0000000903
B1037155559471N00908104EA0000000902
B1037215559538N00908137EA0000000913
B1037265559573N00908107EA0000000915
B1037315559602N00908034EA0000000917
B1037365559650N00908110EA0000000938
B1037415559603N00908243EA0000000949
B1037465559521N00908248EA0000000962
B1037515559487N00908173EA0000000972
B1037565559534N00908191EA0000000979
B1038015559528N00908345EA0000000992
B1038065559444N00908381EA0000001001
B1038115559435N00908293EA0000001011
B1038165559493N00908329EA0000001021
B1038215559504N00908483EA0000001041
B1038285559468N00908707EA0000001060
B1038335559434N00908853EA0000001066
B1038385559390N00909004EA0000001071
B1038445559341N00909174EA0000001074
B1038495559298N00909332EA0000001069
B1038545559240N00909482EA0000001089
B1039005559174N00909634EA0000001108
B1039065559123N00909816EA0000001100
B1039115559089N00909982EA0000001113
B1039175559066N00910189EA0000001113
B1039225559049N00910367EA0000001108
B1039305559019N00910679EA0000001094
B1039375558985N00910956EA0000001082
B1039425558956N00911155EA0000001087
B1039475558925N00911347EA0000001097
B1039555558879N00911650EA0000001092
B1040035558831N00911925EA0000001098
B1040095558788N00912134EA0000001085
B1040145558750N00912323EA0000001087
B1040195558721N00912499EA0000001105
B1040245558693N00912661EA0000001094
B1040305558645N00912873EA0000001078
B1040355558605N00913036EA0000001096
B1040405558572N00913172EA0000001098
B1040465558532N00913366EA0000001062
B1040515558490N00913561EA0000001059
B1040565558462N00913730EA0000001080
B1041015558438N00913874EA0000001065
B1041065558398N00914055EA0000001027
B1041115558340N00914251EA0000001019
B1041165558284N00914452EA0000001009
B1041215558231N00914656EA0000001006
B1041265558184N00914842EA0000001016
B1041315558141N00915018EA0000001007
B1041395558062N00915334EA0000000975
B1041445558006N00915541EA0000000972
B1041505557938N00915786EA0000000965
B1042005557817N00916189EA0000000955
B1042055557757N00916389EA0000000950
B1042125557667N00916668EA0000000932
B1042195557577N00916951EA0000000918
B1042245557512N00917151EA0000000912
B1042295557449N00917347EA0000000921
B1042355557387N00917547EA0000000955
B1042405557333N00917686EA0000000948
B1042455557259N00917817EA0000000938
B1042505557202N00917987EA0000000937
B1042555557133N00918125EA0000000958
B1043005557068N00918095EA0000000966
B1043055557099N00918081EA0000000976
B1043105557091N00918225EA0000000982
B1043155557011N00918275EA0000000988
B1043205557000N00918207EA0000000993
B1043255557037N00918291EA0000001006
B1043305556984N00918419EA0000001011
B1043355556927N00918372EA0000001022
B1043405556960N00918361EA0000001028
B1043455556978N00918490EA0000001038
B1043505556922N00918615EA0000001041
B1043555556842N00918620EA0000001041
B1044005556825N00918542EA0000001051
B1044055556868N00918573EA0000001057
B1044105556860N00918724EA0000001062
B1044165556768N00918788EA0000001069
B1044215556754N00918711EA0000001071
B1044265556794N00918766EA0000001085
B1044335556754N00918982EA0000001087
B1044385556695N00919133EA0000001085
B1044435556632N00919283EA0000001098
B1044505556545N00919487EA0000001107
B1044575556456N00919703EA0000001104
B1045025556387N00919866EA0000001111
B1045085556307N00920041EA0000001108
B1045135556231N00920193EA0000001105
B1045185556157N00920358EA0000001107
B1045235556087N00920504EA0000001131
B1045285556016N00920638EA0000001128
B1045335555943N00920789EA0000001126
B1045395555865N00920985EA0000001124
B1045445555800N00921161EA0000001115
B1045495555739N00921339EA0000001131
B1045545555684N00921506EA0000001131
B1046005555610N00921719EA0000001117
B1046065555531N00921938EA0000001118
B1046155555413N00922274EA0000001103
B1046205555346N00922477EA0000001102
B1046255555281N00922680EA0000001100
B1046325555190N00922965EA0000001095
B1046405555088N00923292EA0000001090
B1046455555025N00923494EA0000001083
B1046525554937N00923775EA0000001072
B1046585554863N00924018EA0000001061
B1047075554760N00924388EA0000001051
B1047125554708N00924595EA0000001044
B1047195554632N00924875EA0000001035
B1047255554560N00925120EA0000001014
B1047305554499N00925335EA0000001006
B1047355554439N00925549EA0000000999
B1047425554354N00925835EA0000001011
B1047495554271N00926103EA0000001003
B1047545554211N00926288EA0000001015
B1048015554129N00926528EA0000001017
B1048065554072N00926704EA0000001045
B1048135554003N00926910EA0000001067
B1048195553985N00927115EA0000001065
B1048255553949N00927328EA0000001050
B1048325553875N00927599EA0000001024
B1048375553814N00927805EA0000001010
B1048425553755N00928016EA0000000999
B1048485553693N00928275EA0000001001
B1048565553617N00928614EA0000000995
B1049025553552N00928873EA0000000982
B1049085553484N00929129EA0000000980
B1049175553379N00929510EA0000000961
B1049225553322N00929717EA0000000968
B1049295553261N00929947EA0000000986
B1049345553208N00930111EA0000000957
B1049425553107N00930408EA0000000935
B1049475553041N00930594EA0000000927
B1049535552966N00930817EA0000000916
B1049595552887N00931043EA0000000903
B1050045552819N00931217EA0000000908
B1050115552726N00931455EA0000000901
B1050175552662N00931667EA0000000901
B1050405552451N00932551EA0000000882
B1050465552412N00932770EA0000000902
B1050515552454N00932875EA0000000904
B1050575552483N00932793EA0000000905
B1051035552385N00932729EA0000000902
B1051085552294N00932813EA0000000911
B1051145552222N00932989EA0000000914
B1051195552140N00933083EA0000000914
B1051265552044N00933258EA0000000915
B1051345552009N00933522EA0000000923
B1051395551933N00933620EA0000000925
B1051445551855N00933718EA0000000924
B1051495551832N00933883EA0000000913
B1051545551832N00934065EA0000000924
B1051595551860N00934187EA0000000952
B1052045551889N00934130EA0000000956
B1052095551820N00934078EA0000000956
B1052145551746N00934198EA0000000970
B1052195551758N00934330EA0000000992
B1052245551796N00934294EA0000001000
B1052315551713N00934233EA0000001020
B1052365551641N00934340EA0000001025
B1052415551638N00934488EA0000001042
B1052485551693N00934470EA0000001056
B1052535551630N00934417EA0000001083
B1052585551564N00934527EA0000001085
B1053035551597N00934646EA0000001095
B1053095551634N00934582EA0000001116
B1053145551565N00934546EA0000001136
B1053205551497N00934694EA0000001144
B1053255551533N00934800EA0000001153
B1053315551559N00934718EA0000001170
B1053365551481N00934703EA0000001191
B1053425551421N00934857EA0000001202
B1053475551455N00934958EA0000001213
B1053545551484N00934875EA0000001228
B1053595551413N00934839EA0000001249
B1054045551338N00934927EA0000001251
B1054105551271N00935105EA0000001251
B1054165551203N00935301EA0000001259
B1054255551105N00935609EA0000001268
B1054345551016N00935939EA0000001269
B1054395550965N00936138EA0000001282
B1054455550915N00936352EA0000001312
B1054505550875N00936526EA0000001301
B1054575550796N00936794EA0000001277
B1055025550733N00936999EA0000001265
B1055075550670N00937209EA0000001258
B1055135550599N00937450EA0000001271
B1055205550537N00937683EA0000001289
B1055285550480N00937988EA0000001233
B1055345550431N00938268EA0000001230
B1055395550388N00938490EA0000001232
B1055445550341N00938705EA0000001228
B1055495550290N00938914EA0000001223
B1055555550217N00939154EA0000001214
B1056015550131N00939383EA0000001210
B1056085550028N00939636EA0000001225
B1056145549943N00939828EA0000001238
B1056225549819N00940092EA0000001217
B1056285549727N00940295EA0000001229
B1056335549660N00940455EA0000001230
B1056405549564N00940689EA0000001210
B1056455549496N00940860EA0000001219
B1056535549397N00941136EA0000001206
B1056595549320N00941354EA0000001191
B1057065549234N00941616EA0000001174
B1057125549158N00941842EA0000001170
B1057185549079N00942062EA0000001159
B1057265548962N00942355EA0000001141
B1057315548886N00942532EA0000001134
B1057415548718N00942871EA0000001120
B1057505548563N00943182EA0000001099
B1057585548429N00943473EA0000001096
B1058035548352N00943656EA0000001091
B1058095548264N00943881EA0000001080
B1058145548189N00944075EA0000001065
B1058205548102N00944316EA0000001074
B1058265548024N00944523EA0000001092
B1058325547942N00944724EA0000001075
B1058435547785N00945126EA0000001087
B1058495547677N00945239EA0000001097
B1058555547589N00945207EA0000001108
B1059015547621N00945142EA0000001112
B1059085547642N00945323EA0000001121
B1059135547565N00945411EA0000001127
B1059195547524N00945327EA0000001133
B1059245547570N00945343EA0000001140
B1059295547577N00945491EA0000001137
B1059345547498N00945594EA0000001144
B1059395547443N00945533EA0000001149
B1059445547480N00945496EA0000001157
B1059505547500N00945658EA0000001156
B1059555547421N00945759EA0000001168
B1100005547362N00945705EA0000001171
B1100055547393N00945659EA0000001179
B1100105547427N00945767EA0000001185
B1100155547382N00945912EA0000001189
B1100225547279N00945909EA0000001197
B1100275547289N00945840EA0000001199
B1100325547334N00945912EA0000001199
B1100415547273N00946206EA0000001204
B1100515547197N00946559EA0000001200
B1100595547154N00946863EA0000001187
B1101075547114N00947195EA0000001166
B1101145547077N00947490EA0000001165
B1101325547022N00948254EA0000001136
B1101375547028N00948470EA0000001132
B1101445547046N00948769EA0000001125
B1101495547060N00948979EA0000001128
B1101545547071N00949167EA0000001163
B1102005547076N00949367EA0000001160
B1102065547080N00949593EA0000001144
B1102115547081N00949793EA0000001152
B1102165547078N00949984EA0000001149
B1102225547076N00950226EA0000001133
B1102275547075N00950439EA0000001123
B1102335547071N00950697EA0000001112
B1102385547071N00950919EA0000001100
B1102435547078N00951127EA0000001120
B1102485547046N00951301EA0000001135
B1102545546947N00951376EA0000001150
B1102595546941N00951303EA0000001151
B1103045546991N00951372EA0000001178
B1103095546968N00951509EA0000001181
B1103145546891N00951546EA0000001187
B1103195546872N00951478EA0000001189
B1103245546924N00951496EA0000001203
B1103295546927N00951631EA0000001211
B1103345546850N00951692EA0000001207
B1103395546822N00951622EA0000001224
B1103445546869N00951629EA0000001232
B1103495546869N00951771EA0000001241
B1103555546782N00951835EA0000001246
B1104005546762N00951769EA0000001258
B1104055546808N00951776EA0000001261
B1104105546812N00951916EA0000001266
B1104155546738N00951987EA0000001265
B1104215546724N00951908EA0000001276
B1104265546771N00951971EA0000001280
B1104315546744N00952118EA0000001280
B1104375546655N00952143EA0000001284
B1104425546659N00952072EA0000001283
B1104475546711N00952123EA0000001290
B1104525546712N00952273EA0000001281
B1104595546670N00952507EA0000001277
B1105065546657N00952754EA0000001265
B1105125546651N00952995EA0000001252
B1105185546644N00953240EA0000001251
B1105255546636N00953519EA0000001230
B1105325546625N00953816EA0000001209
B1105375546619N00954033EA0000001200
B1105425546593N00954237EA0000001209
B1105485546528N00954456EA0000001204
B1105555546417N00954689EA0000001199
B1106015546314N00954861EA0000001206
B1106075546215N00955015EA0000001211
B1106125546128N00955059EA0000001222
B1106175546120N00954977EA0000001221
B1106225546166N00955024EA0000001229
B1106275546185N00955161EA0000001225
B1106325546205N00955310EA0000001237
B1106395546259N00955294EA0000001244
B1106455546182N00955259EA0000001239
B1106505546117N00955396EA0000001239
B1106555546124N00955552EA0000001262
B1107015546174N00955561EA0000001288
B1107065546145N00955505EA0000001286
B1107115546066N00955553EA0000001278
B1107175546041N00955745EA0000001300
B1107225546087N00955797EA0000001311
B1107275546078N00955727EA0000001321
B1107325546001N00955764EA0000001332
B1107375545984N00955908EA0000001343
B1107445546051N00955966EA0000001357
B1107505546106N00955953EA0000001356
B1107565546177N00955917EA0000001325
B1108025546243N00955827EA0000001327
B1108085546301N00955724EA0000001324
B1108135546353N00955643EA0000001342
B1108185546394N00955593EA0000001355
B1108245546445N00955527EA0000001328
B1108295546501N00955456EA0000001308
B1108345546558N00955377EA0000001292
B1108415546644N00955268EA0000001266
B1108485546734N00955165EA0000001258
B1108535546796N00955109EA0000001256
B1108585546857N00955053EA0000001256
B1109035546915N00954992EA0000001256
B1109085546971N00954921EA0000001240
B1109135547027N00954822EA0000001225
B1109185547073N00954712EA0000001219
B1109235547116N00954602EA0000001210
B1109285547154N00954483EA0000001204
B1109415547209N00954154EA0000001192
B1109515547245N00953889EA0000001162
B1109575547269N00953723EA0000001146
B1110025547290N00953580EA0000001138
B1110075547311N00953439EA0000001130
B1110135547333N00953277EA0000001142
B1110185547345N00953163EA0000001142
B1110235547359N00953044EA0000001121
B1110295547379N00952882EA0000001106
B1110385547419N00952635EA0000001089
B1110485547477N00952370EA0000001078
B1110565547525N00952169EA0000001068
B1111025547558N00952016EA0000001057
B1111105547604N00951812EA0000001043
B1111175547647N00951638EA0000001039
B1111245547685N00951470EA0000001031
B1111295547708N00951346EA0000001018
B1111365547734N00951162EA0000000999
B1111415547749N00951023EA0000000988
B1111495547771N00950800EA0000000981
B1111545547783N00950664EA0000000981
B1112015547792N00950491EA0000000996
B1112065547800N00950387EA0000001016
B1112115547805N00950291EA0000001024
B1112165547768N00950193EA0000001033
B1112215547803N00950165EA0000001045
B1112265547798N00950323EA0000001054
B1112315547723N00950341EA0000001066
B1112375547745N00950295EA0000001084
B1112425547764N00950434EA0000001085
B1112475547693N00950521EA0000001097
B1112535547671N00950447EA0000001108
B1112585547715N00950512EA0000001117
B1113035547688N00950663EA0000001121
B1113085547617N00950673EA0000001129
B1113135547623N00950612EA0000001138
B1113185547662N00950702EA0000001143
B1113235547626N00950850EA0000001151
B1113285547557N00950853EA0000001154
B1113335547573N00950794EA0000001163
B1113385547610N00950890EA0000001176
B1113435547569N00951034EA0000001175
B1113485547499N00951037EA0000001189
B1113535547496N00950972EA0000001188
B1113585547544N00951030EA0000001202
B1114035547521N00951180EA0000001199
B1114085547444N00951211EA0000001210
B1114135547420N00951140EA0000001212
B1114185547430N00951068EA0000001215
B1114245547446N00950959EA0000001193
B1114295547460N00950852EA0000001211
B1114365547466N00950754EA0000001250
B1114415547497N00950715EA0000001242
B1114465547518N00950644EA0000001250
B1114515547505N00950549EA0000001246
B1114585547510N00950408EA0000001239
B1115035547520N00950309EA0000001238
B1115085547536N00950201EA0000001238
B1115145547551N00950098EA0000001262
B1115195547565N00950011EA0000001245
B1115245547587N00949902EA0000001233
B1115295547615N00949794EA0000001233
B1115345547644N00949687EA0000001222
B1115425547698N00949503EA0000001203
B1115475547725N00949377EA0000001200
B1115545547757N00949189EA0000001183
B1116015547789N00948989EA0000001165
B1116105547830N00948729EA0000001154
B1116155547852N00948586EA0000001148
B1116215547877N00948417EA0000001137
B1116305547925N00948177EA0000001126
B1116355547965N00948054EA0000001113
B1116465548072N00947810EA0000001106
B1116525548138N00947697EA0000001118
B1117005548222N00947569EA0000001109
B1117075548311N00947457EA0000001090
B1117125548381N00947384EA0000001079
B1117305548654N00947120EA0000001051
B1117465548854N00946936EA0000001043
B1117555548979N00946797EA0000001031
B1118025549065N00946673EA0000001041
B1118075549125N00946588EA0000001039
B1118135549210N00946546EA0000001073
B1118195549236N00946683EA0000001097
B1118245549160N00946708EA0000001119
B1118295549168N00946641EA0000001135
B1118345549205N00946728EA0000001144
B1118395549158N00946853EA0000001158
B1118445549093N00946824EA0000001164
B1118495549111N00946758EA0000001179
B1118565549137N00946914EA0000001183
B1119015549059N00946974EA0000001201
B1119075549029N00946889EA0000001215
B1119125549075N00946907EA0000001221
B1119175549068N00947051EA0000001212
B1119225548987N00947112EA0000001232
B1119275548955N00947038EA0000001247
B1119325548993N00947033EA0000001248
B1119375548997N00947180EA0000001249
B1119425548924N00947235EA0000001259
B1119475548909N00947161EA0000001266
B1119525548951N00947228EA0000001266
B1119575548907N00947367EA0000001270
B1120025548841N00947340EA0000001288
B1120095548839N00947239EA0000001293
B1120155548874N00947170EA0000001276
B1120225548947N00947097EA0000001271
B1120285549028N00947032EA0000001253
B1120345549109N00946960EA0000001251
B1120395549159N00946876EA0000001251
B1120445549197N00946773EA0000001239
B1120495549234N00946657EA0000001226
B1120565549290N00946485EA0000001208
B1121015549336N00946367EA0000001206
B1121065549377N00946254EA0000001205
B1121145549446N00946070EA0000001198
B1121195549483N00945973EA0000001218
B1121255549514N00945896EA0000001241
B1121325549552N00945802EA0000001221
B1121395549609N00945684EA0000001202
B1121495549700N00945494EA0000001183
B1121595549799N00945292EA0000001165
B1122115549910N00945031EA0000001154
B1122195549977N00944856EA0000001153
B1122455550208N00944324EA0000001139
B1122565550280N00944075EA0000001129
B1123185550397N00943523EA0000001102
B1123255550416N00943331EA0000001089
B1123315550428N00943163EA0000001089
B1123445550451N00942807EA0000001071
B1123495550459N00942664EA0000001058
B1123565550476N00942453EA0000001034
B1124045550488N00942219EA0000001043
B1124135550498N00941958EA0000001012
B1124315550452N00941540EA0000001065
B1124365550380N00941476EA0000001077
B1124415550395N00941407EA0000001092
B1124485550418N00941574EA0000001113
B1124535550343N00941630EA0000001116
B1125015550327N00941519EA0000001143
B1125065550372N00941596EA0000001153
B1125115550338N00941729EA0000001157
B1125165550263N00941721EA0000001165
B1125225550275N00941643EA0000001198
B1125275550317N00941707EA0000001197
B1125325550293N00941846EA0000001198
B1125375550214N00941870EA0000001201
B1125425550196N00941797EA0000001229
B1125485550252N00941788EA0000001233
B1125535550313N00941815EA0000001223
B1125585550388N00941847EA0000001212
B1126035550464N00941883EA0000001232
B1126095550540N00941926EA0000001238
B1126145550612N00941956EA0000001219
B1126235550752N00942000EA0000001206
B1126295550845N00942016EA0000001207
B1126345550921N00942029EA0000001217
B1126395550985N00942055EA0000001234
B1126445551046N00942085EA0000001225
B1126495551119N00942114EA0000001210
B1126545551194N00942134EA0000001200
B1126595551272N00942145EA0000001183
B1127055551373N00942157EA0000001167
B1127105551461N00942166EA0000001165
B1127175551583N00942164EA0000001156
B1127225551669N00942151EA0000001147
B1127275551752N00942131EA0000001143
B1127335551846N00942093EA0000001132
B1127385551921N00942051EA0000001126
B1127435551996N00942007EA0000001113
B1127485552072N00941964EA0000001115
B1127555552174N00941913EA0000001106
B1128005552254N00941882EA0000001100
B1128055552333N00941854EA0000001094
B1128105552415N00941827EA0000001081
B1128155552499N00941798EA0000001075
B1128205552583N00941771EA0000001068
B1128255552668N00941746EA0000001056
B1128305552755N00941719EA0000001047
B1128405552926N00941662EA0000001034
B1128465553028N00941632EA0000001025
B1128525553129N00941610EA0000001016
B1128585553227N00941601EA0000001011
B1129055553341N00941597EA0000000996
B1129125553458N00941586EA0000000974
B1129175553545N00941576EA0000000966
B1129235553642N00941569EA0000000983
B1129285553713N00941562EA0000000974
B1129335553790N00941552EA0000000969
B1129385553867N00941543EA0000000950
B1129445553970N00941537EA0000000935
B1129495554053N00941530EA0000000922
B1129585554211N00941529EA0000000886
B1130035554294N00941601EA0000000896
B1130085554338N00941761EA0000000892
B1130165554395N00942048EA0000000879
B1130225554448N00942257EA0000000860
B1130285554494N00942459EA0000000884
B1130355554482N00942714EA0000000875
B1130415554489N00942941EA0000000871
B1130465554532N00943060EA0000000878
B1130515554589N00943061EA0000000866
B1130565554637N00942994EA0000000858
B1131015554683N00942928EA0000000858
B1131065554735N00942867EA0000000867
B1131115554773N00942827EA0000000880
B1131185554800N00942713EA0000000858
B1131245554848N00942619EA0000000855
B1131295554900N00942579EA0000000871
B1131345554934N00942523EA0000000868
B1131395554860N00942486EA0000000865
B1131445554799N00942620EA0000000890
B1131495554825N00942731EA0000000893
B1131545554858N00942695EA0000000894
B1131595554800N00942650EA0000000893
B1132045554731N00942760EA0000000900
B1132095554753N00942881EA0000000909
B1132155554780N00942826EA0000000912
B1132205554713N00942817EA0000000916
B1132255554670N00942954EA0000000922
B1132335554721N00942992EA0000000922
B1132385554664N00942954EA0000000931
B1132435554609N00943076EA0000000930
B1132485554638N00943180EA0000000941
B1132535554676N00943153EA0000000939
B1132585554714N00943123EA0000000948
B1133045554770N00943091EA0000000932
B1133095554820N00943057EA0000000959
B1133145554845N00943002EA0000000952
B1133195554888N00942959EA0000000962
B1133245554940N00942941EA0000000975
B1133295554988N00942907EA0000000963
B1133345555047N00942859EA0000000946
B1133395555110N00942826EA0000000957
B1133445555166N00942804EA0000000938
B1133515555262N00942761EA0000000915
B1133575555348N00942715EA0000000907
B1134025555413N00942664EA0000000906
B1134075555465N00942600EA0000000927
B1134125555516N00942577EA0000000953
B1134175555574N00942592EA0000000945
B1134245555623N00942500EA0000000956
B1134305555621N00942397EA0000000960
B1134355555665N00942379EA0000000966
B1134405555725N00942431EA0000000971
B1134455555755N00942377EA0000000979
B1134515555678N00942341EA0000000991
B1134565555629N00942475EA0000000996
B1135015555660N00942604EA0000000984
B1135065555718N00942628EA0000000999
B1135125555750N00942567EA0000000999
B1135205555780N00942420EA0000000987
B1135265555807N00942299EA0000000976
B1135325555842N00942159EA0000000957
B1135375555866N00942030EA0000000941
B1135425555885N00941891EA0000000942
B1135485555901N00941732EA0000000957
B1135535555910N00941618EA0000000988
B1135585555913N00941527EA0000000994
B1136035555959N00941513EA0000000995
B1136085555942N00941663EA0000001013
B1136145555867N00941635EA0000001026
B1136195555902N00941600EA0000001039
B1136245555914N00941734EA0000001038
B1136305555822N00941792EA0000001060
B1136355555803N00941713EA0000001067
B1136405555850N00941738EA0000001075
B1136455555834N00941887EA0000001080
B1136505555755N00941905EA0000001092
B1136565555769N00941836EA0000001103
B1137015555790N00941960EA0000001107
B1137065555713N00942039EA0000001111
B1137125555692N00941951EA0000001132
B1137205555725N00942107EA0000001133
B1137255555644N00942167EA0000001144
B1137315555611N00942073EA0000001159
B1137395555615N00941948EA0000001160
B1137455555627N00941852EA0000001144
B1137505555640N00941764EA0000001142
B1137565555645N00941640EA0000001127
B1138015555655N00941514EA0000001112
B1138075555662N00941383EA0000001132
B1138125555673N00941285EA0000001113
B1138175555685N00941145EA0000001079
B1138245555690N00940978EA0000001116
B1138305555693N00940869EA0000001095
B1138355555708N00940751EA0000001067
B1138405555729N00940624EA0000001074
B1138455555748N00940518EA0000001095
B1138505555765N00940421EA0000001110
B1138565555788N00940305EA0000001124
B1139015555803N00940194EA0000001123
B1139075555828N00940068EA0000001115
B1139135555854N00939938EA0000001105
B1139215555880N00939763EA0000001102
B1139275555908N00939634EA0000001095
B1139345555936N00939469EA0000001117
B1139415555951N00939340EA0000001148
B1139465555963N00939256EA0000001139
B1139525555983N00939119EA0000001142
B1140005556015N00938960EA0000001154
B1140055556045N00938854EA0000001143
B1140105556085N00938737EA0000001155
B1140175556119N00938593EA0000001196
B1140225556144N00938496EA0000001196
B1140275556178N00938378EA0000001191
B1140325556215N00938257EA0000001217
B1140385556249N00938111EA0000001208
B1140435556272N00937954EA0000001208
B1140495556299N00937762EA0000001222
B1140565556329N00937530EA0000001213
B1141015556345N00937365EA0000001213
B1141065556364N00937212EA0000001227
B1141135556381N00937069EA0000001264
B1141185556393N00936994EA0000001244
B1141235556414N00936881EA0000001215
B1141285556428N00936777EA0000001238
B1141345556451N00936663EA0000001213
B1141405556470N00936516EA0000001208
B1141455556479N00936389EA0000001202
B1141535556499N00936189EA0000001195
B1142005556531N00936019EA0000001181
B1142085556577N00935849EA0000001188
B1142135556595N00935758EA0000001191
B1142185556616N00935670EA0000001179
B1142235556650N00935574EA0000001155
B1142295556699N00935450EA0000001145
B1142365556753N00935293EA0000001123
B1142415556786N00935159EA0000001105
B1142465556815N00935017EA0000001098
B1142525556843N00934844EA0000001097
B1142585556864N00934673EA0000001093
B1143065556885N00934436EA0000001081
B1143115556895N00934286EA0000001076
B1143205556919N00934000EA0000001049
B1143285556931N00933753EA0000001044
B1143345556942N00933569EA0000001033
B1143455556975N00933235EA0000001012
B1143505556991N00933079EA0000001014
B1143555557006N00932932EA0000001017
B1144015557026N00932753EA0000000996
B1144085557063N00932541EA0000000994
B1144145557100N00932394EA0000001024
B1144205557133N00932278EA0000001045
B1144265557160N00932182EA0000001059
B1144315557188N00932102EA0000001068
B1144375557226N00932009EA0000001070
B1144425557259N00931924EA0000001055
B1144505557312N00931762EA0000001049
B1144565557354N00931621EA0000001035
B1145015557393N00931519EA0000001066
B1145065557428N00931447EA0000001081
B1145125557480N00931353EA0000001079
B1145175557525N00931282EA0000001094
B1145225557572N00931206EA0000001097
B1145285557628N00931102EA0000001104
B1145355557696N00930983EA0000001081
B1145405557745N00930875EA0000001071
B1145475557809N00930704EA0000001052
B1145525557847N00930581EA0000001060
B1145585557894N00930430EA0000001044
B1146045557944N00930269EA0000001045
B1146105557978N00930132EA0000001084
B1146165558003N00930016EA0000001090
B1146225558035N00929883EA0000001063
B1146275558066N00929771EA0000001081
B1146325558087N00929679EA0000001093
B1146375558113N00929586EA0000001080
B1146425558148N00929472EA0000001056
B1146485558197N00929313EA0000001038
B1146545558246N00929153EA0000001036
B1147005558296N00928997EA0000001033
B1147075558349N00928837EA0000001064
B1147125558380N00928732EA0000001082
B1147185558421N00928622EA0000001080
B1147245558473N00928496EA0000001064
B1147315558541N00928322EA0000001044
B1147365558585N00928204EA0000001067
B1147425558627N00928091EA0000001056
B1147475558668N00927977EA0000001023
B1147525558710N00927850EA0000001008
B1147595558748N00927653EA0000001000
B1148045558743N00927498EA0000000987
B1148095558724N00927334EA0000000992
B1148145558709N00927190EA0000001015
B1148195558697N00927084EA0000001044
B1148275558693N00926914EA0000001026
B1148325558699N00926799EA0000001058
B1148385558709N00926675EA0000001050
B1148435558719N00926568EA0000001082
B1148505558723N00926441EA0000001093
B1148565558736N00926315EA0000001094
B1149015558748N00926219EA0000001108
B1149065558767N00926113EA0000001104
B1149125558794N00925980EA0000001124
B1149185558823N00925854EA0000001116
B1149235558843N00925728EA0000001118
B1149295558859N00925568EA0000001106
B1149345558873N00925416EA0000001100
B1149395558882N00925273EA0000001116
B1149445558891N00925131EA0000001108
B1149495558900N00924985EA0000001127
B1149545558904N00924869EA0000001152
B1149595558908N00924767EA0000001142
B1150065558922N00924588EA0000001105
B1150115558932N00924442EA0000001093
B1150195558945N00924200EA0000001078
B1150245558957N00924050EA0000001072
B1150335558983N00923784EA0000001047
B1150395558999N00923599EA0000001035
B1150455559008N00923417EA0000001031
B1150525558998N00923205EA0000001025
B1150575558985N00923050EA0000001024
B1151025558972N00922910EA0000001055
B1151075558959N00922805EA0000001065
B1151135558952N00922659EA0000001031
B1151225558953N00922379EA0000000998
B1151285558957N00922182EA0000000984
B1151335558961N00922021EA0000000976
B1151385558964N00921859EA0000000966
B1151445558967N00921671EA0000000955
B1151505558969N00921485EA0000000942
B1151555558972N00921330EA0000000932
B1152015558977N00921145EA0000000933
B1152065558984N00920997EA0000000939
B1152155558984N00920774EA0000000966
B1152205558990N00920657EA0000000956
B1152255559000N00920544EA0000000957
B1152305559015N00920426EA0000000942
B1152355559039N00920297EA0000000935
B1152405559048N00920186EA0000000961
B1152465559060N00920083EA0000000976
B1152525559094N00920000EA0000000967
B1152575559110N00919903EA0000000976
B1153025559142N00919837EA0000000978
B1153075559148N00919739EA0000000974
B1153125559109N00919642EA0000000979
B1153175559066N00919546EA0000000986
B1153225559090N00919480EA0000000995
B1153275559139N00919573EA0000000994
B1153325559100N00919717EA0000001003
B1153375559020N00919730EA0000001003
B1153445558992N00919614EA0000001013
B1153505558980N00919509EA0000001025
B1153555558963N00919407EA0000001025
B1154015558956N00919302EA0000001047
B1154075559005N00919392EA0000001046
B1154125558939N00919502EA0000001066
B1154185558899N00919422EA0000001084
B1154235558942N00919480EA0000001085
B1154285558903N00919626EA0000001098
B1154335558827N00919606EA0000001113
B1154385558841N00919551EA0000001124
B1154445558871N00919690EA0000001129
B1154495558801N00919791EA0000001150
B1154545558746N00919745EA0000001158
B1154595558781N00919719EA0000001160
B1155045558794N00919853EA0000001166
B1155095558716N00919916EA0000001179
B1155155558682N00919830EA0000001191
B1155205558710N00919747EA0000001180
B1155265558745N00919632EA0000001175
B1155315558775N00919514EA0000001171
B1155375558798N00919398EA0000001213
B1155425558815N00919305EA0000001190
B1155485558841N00919154EA0000001167
B1155545558867N00918987EA0000001150
B1156005558889N00918812EA0000001136
B1156105558920N00918507EA0000001107
B1156165558942N00918326EA0000001099
B1156215558957N00918178EA0000001106
B1156265558967N00918049EA0000001118
B1156315558979N00917915EA0000001096
B1156365558995N00917768EA0000001079
B1156425559014N00917585EA0000001069
B1156495559029N00917371EA0000001063
B1156565559013N00917164EA0000001075
B1157025558983N00916984EA0000001059
B1157085558948N00916790EA0000001040
B1157145558912N00916588EA0000001031
B1157195558881N00916431EA0000001034
B1157245558856N00916274EA0000001028
B1157315558820N00916053EA0000001027
B1157375558789N00915867EA0000001002
B1157455558750N00915612EA0000000992
B1157505558728N00915452EA0000000973
B1157555558710N00915284EA0000000965
B1158015558687N00915102EA0000000979
B1158065558665N00914968EA0000000987
B1158125558639N00914808EA0000000969
B1158175558627N00914671EA0000000991
B1158225558628N00914561EA0000001016
B1158275558678N00914550EA0000001036
B1158325558696N00914695EA0000001039
B1158375558619N00914779EA0000001052
B1158425558589N00914710EA0000001060
B1158475558642N00914730EA0000001065
B1158525558640N00914894EA0000001073
B1158575558556N00914951EA0000001085
B1159025558534N00914879EA0000001097
B1159075558586N00914909EA0000001102
B1159125558575N00915068EA0000001113
B1159175558493N00915112EA0000001119
B1159225558479N00915040EA0000001128
B1159275558531N00915093EA0000001131
B1159325558503N00915247EA0000001149
B1159375558426N00915288EA0000001156
B1159425558409N00915211EA0000001155
B1159475558462N00915243EA0000001166
B1159525558462N00915397EA0000001186
B1159575558390N00915465EA0000001189
B1200025558357N00915393EA0000001192
B1200075558395N00915342EA0000001192
B1200125558437N00915292EA0000001208
B1200185558480N00915236EA0000001206
B1200235558528N00915167EA0000001197
B1200285558575N00915081EA0000001183
B1200345558641N00914963EA0000001163
B1200395558698N00914851EA0000001149
B1200465558778N00914680EA0000001132
B1200515558835N00914553EA0000001119
B1200565558892N00914430EA0000001119
B1201015558947N00914311EA0000001112
B1201075559012N00914168EA0000001110
B1201125559068N00914044EA0000001100
B1201185559135N00913888EA0000001080
B1201235559195N00913760EA0000001073
B1201285559256N00913637EA0000001058
B1201345559337N00913505EA0000001053
B1201395559406N00913401EA0000001056
B1201445559460N00913317EA0000001084
B1201505559527N00913222EA0000001079
B1201555559580N00913148EA0000001117
B1202015559635N00913075EA0000001111
B1202065559689N00913013EA0000001109
B1202115559747N00912965EA0000001143
B1202165559802N00912940EA0000001162
B1202215559847N00912909EA0000001171
B1202265559882N00912841EA0000001136
B1202315559898N00912709EA0000001107
B1202405559898N00912426EA0000001086
B1202455559893N00912269EA0000001077
B1202515559888N00912083EA0000001075
B1203015559888N00911784EA0000001060
B1203075559892N00911599EA0000001050
B1203135559897N00911410EA0000001040
B1203185559901N00911252EA0000001027
B1203235559907N00911095EA0000001019
B1203305559907N00910879EA0000001016
B1203385559909N00910633EA0000001015
B1203445559908N00910458EA0000001022
B1203505559909N00910276EA0000001005
B1203555559911N00910125EA0000001012
B1204015559914N00909962EA0000001016
B1204065559917N00909836EA0000001022
B1204165559916N00909557EA0000000989
B1204225559918N00909376EA0000000978
B1204325559938N00909075EA0000000959
B1204385559954N00908894EA0000000951
B1204435559966N00908757EA0000000956
B1204495559982N00908591EA0000000939
B1204545600000N00908448EA0000000928
B1204595600016N00908300EA0000000920
B1205065600038N00908088EA0000000906
B1205125600052N00907906EA0000000917
B1205185600045N00907747EA0000000940
B1205235600044N00907642EA0000000951
B1205285600056N00907533EA0000000937
B1205345600074N00907393EA0000000943
B1205405600083N00907255EA0000000933
B1205475600095N00907090EA0000000954
B1205525600103N00906988EA0000000970
B1205575600122N00906914EA0000000988
B1206025600163N00906997EA0000000972
B1206075600103N00907141EA0000000982
B1206125600027N00907113EA0000000993
B1206185559975N00907003EA0000000991
B1206235559941N00906892EA0000000977
B1206285559908N00906764EA0000000968
B1206335559867N00906625EA0000000954
B1206385559823N00906479EA0000000945
B1206485559730N00906193EA0000000937
B1206545559669N00906029EA0000000930
B1207005559604N00905864EA0000000914
B1207065559533N00905703EA0000000909
B1207115559470N00905570EA0000000897
B1207165559410N00905436EA0000000898
B1207225559332N00905283EA0000000905
B1207275559275N00905160EA0000000928
B1207325559317N00905129EA0000000958
B1207375559309N00905274EA0000000968
B1207425559231N00905302EA0000000981
B1207475559235N00905233EA0000000983
B1207525559275N00905313EA0000000992
B1207575559220N00905446EA0000001001
B1208025559159N00905411EA0000001013
B1208085559201N00905397EA0000001010
B1208145559183N00905566EA0000001030
B1208195559102N00905590EA0000001041
B1208245559082N00905526EA0000001043
B1208305559133N00905584EA0000001044
B1208355559089N00905720EA0000001061
B1208405559018N00905705EA0000001067
B1208465559038N00905649EA0000001065
B1208515559067N00905767EA0000001075
B1208565559013N00905886EA0000001098
B1209025558939N00905848EA0000001095
B1209095558916N00905714EA0000001083
B1209145558902N00905607EA0000001094
B1209215558888N00905452EA0000001080
B1209275558876N00905289EA0000001080
B1209355558857N00905101EA0000001117
B1209415558852N00904975EA0000001109
B1209465558845N00904847EA0000001099
B1209515558841N00904702EA0000001080
B1209565558823N00904546EA0000001066
B1210025558790N00904360EA0000001063
B1210105558743N00904117EA0000001052
B1210155558716N00903978EA0000001059
B1210215558683N00903811EA0000001045
B1210275558646N00903639EA0000001044
B1210365558582N00903389EA0000001048
B1210415558548N00903278EA0000001064
B1210465558516N00903162EA0000001043
B1210515558476N00903047EA0000001044
B1210575558424N00902907EA0000001033
B1211025558381N00902780EA0000001037
B1211075558338N00902671EA0000001056
B1211135558297N00902556EA0000001076
B1211185558233N00902500EA0000001075
B1211235558153N00902599EA0000001077
B1211285558158N00902757EA0000001080
B1211335558212N00902792EA0000001082
B1211385558221N00902715EA0000001093
B1211475558213N00902586EA0000001119
B1211535558222N00902501EA0000001091
B1211585558246N00902393EA0000001069
B1212065558297N00902210EA0000001069
B1212135558336N00902078EA0000001095
B1212185558367N00901991EA0000001088
B1212245558416N00901870EA0000001072
B1212305558461N00901770EA0000001120
B1212355558484N00901721EA0000001117
B1212415558530N00901642EA0000001086
B1212465558581N00901558EA0000001071
B1212535558657N00901433EA0000001053
B1212585558717N00901335EA0000001039
B1213075558820N00901149EA0000001027
B1213155558905N00900982EA0000001023
B1213205558950N00900897EA0000001061
B1213285558984N00900771EA0000001077
B1213345558995N00900665EA0000001083
B1213395559009N00900572EA0000001069
B1213445559029N00900467EA0000001059
B1213505559056N00900344EA0000001084
B1213565559071N00900250EA0000001109
B1214015559079N00900173EA0000001109
B1214065559091N00900080EA0000001090
B1214125559113N00859944EA0000001072
B1214185559140N00859797EA0000001054
B1214265559180N00859584EA0000001036
B1214315559202N00859449EA0000001033
B1214385559230N00859264EA0000001051
B1214435559245N00859168EA0000001079
B1214485559258N00859090EA0000001087
B1214535559276N00859016EA0000001075
B1215005559307N00858887EA0000001075
B1215065559337N00858768EA0000001062
B1215115559372N00858663EA0000001068
B1215175559406N00858549EA0000001076
B1215225559430N00858459EA0000001085
B1215275559458N00858362EA0000001067
B1215335559495N00858237EA0000001087
B1215385559519N00858141EA0000001087
B1215465559575N00857977EA0000001071
B1215545559643N00857803EA0000001065
B1216005559693N00857678EA0000001064
B1216055559723N00857570EA0000001072
B1216105559742N00857485EA0000001091
B1216175559774N00857386EA0000001072
B1216225559807N00857304EA0000001067
B1216275559834N00857236EA0000001076
B1216335559860N00857159EA0000001065
B1216385559885N00857080EA0000001058
B1216445559934N00857012EA0000001077
B1216505559991N00856981EA0000001075
B1216555600045N00856952EA0000001066
B1217015600104N00856894EA0000001066
B1217065600145N00856828EA0000001061
B1217115600183N00856763EA0000001063
B1217165600220N00856711EA0000001058
B1217235600283N00856647EA0000001038
B1217295600352N00856612EA0000001031
B1217355600409N00856584EA0000001037
B1217405600448N00856552EA0000001020
B1217455600498N00856513EA0000000997
B1217515600548N00856442EA0000000991
B1217575600594N00856348EA0000000975
B1218035600632N00856244EA0000000983
B1218085600660N00856159EA0000000982
B1218155600702N00856055EA0000001006
B1218205600727N00855996EA0000001011
B1218285600769N00855869EA0000001005
B1218335600770N00855774EA0000001001
B1218395600773N00855660EA0000000993
B1218445600790N00855576EA0000000984
B1218545600843N00855428EA0000000975
B1219005600876N00855339EA0000000967
B1219065600922N00855243EA0000000944
B1219115600971N00855173EA0000000939
B1219175601038N00855108EA0000000927
B1219235601110N00855051EA0000000923
B1219305601188N00854996EA0000000941
B1219355601243N00855041EA0000000944
B1219405601293N00855042EA0000000949
B1219455601274N00854953EA0000000968
B1219505601190N00854979EA0000000967
B1219555601154N00855144EA0000000957
B1220005601200N00855241EA0000000963
B1220055601245N00855208EA0000000976
B1220105601204N00855129EA0000000987
B1220155601117N00855188EA0000000984
B1220205601092N00855357EA0000000979
B1220255601134N00855484EA0000000994
B1220305601183N00855507EA0000001015
B1220365601195N00855410EA0000001003
B1220415601222N00855346EA0000000992
B1220465601266N00855286EA0000000969
B1220515601316N00855210EA0000000957
B1220575601380N00855103EA0000000950
B1221025601432N00855017EA0000000976
B1221075601466N00854958EA0000000989
B1221125601502N00854892EA0000000973
B1221205601579N00854752EA0000000942
B1221285601664N00854602EA0000000930
B1221345601718N00854488EA0000000953
B1221395601754N00854401EA0000000965
B1221455601815N00854375EA0000000974
B1221505601854N00854327EA0000000959
B1221565601870N00854203EA0000000942
B1222015601882N00854074EA0000000934
B1222065601887N00853954EA0000000937
B1222115601897N00853839EA0000000944
B1222175601920N00853725EA0000000937
B1222235601947N00853608EA0000000942
B1222285601972N00853530EA0000000965
B1222335602006N00853630EA0000000960
B1222385601934N00853756EA0000000981
B1222435601872N00853717EA0000000994
B1222485601909N00853709EA0000000993
B1222545601872N00853885EA0000001004
B1222595601800N00853854EA0000001019
B1223045601825N00853818EA0000001017
B1223105601817N00853988EA0000001023
B1223155601733N00854003EA0000001032
B1223205601727N00853931EA0000001043
B1223265601763N00853872EA0000001038
B1223315601787N00853793EA0000001015
B1223385601809N00853640EA0000001014
B1223455601821N00853468EA0000000993
B1223505601842N00853328EA0000000990
B1223565601847N00853171EA0000001032
B1224015601840N00853079EA0000001047
B1224065601836N00852988EA0000001024
B1224115601839N00852863EA0000001000
B1224165601851N00852737EA0000000997
B1224235601876N00852548EA0000000966
B1224285601894N00852404EA0000000953
B1224335601912N00852256EA0000000946
B1224385601923N00852108EA0000000933
B1224465601929N00851863EA0000000905
B1224535601928N00851651EA0000000908
B1224585601930N00851503EA0000000898
B1225035601963N00851428EA0000000921
B1225085602005N00851514EA0000000904
B1225145601985N00851736EA0000000875
B1225195601946N00851941EA0000000860
B1225245601906N00852144EA0000000855
B1225315601854N00852421EA0000000849
B1225375601815N00852659EA0000000835
B1225425601773N00852867EA0000000820
B1225485601715N00853112EA0000000821
B1225535601666N00853312EA0000000812
B1225595601603N00853553EA0000000801
B1226055601540N00853789EA0000000809
B1226125601473N00854049EA0000000802
B1226175601413N00854233EA0000000812
B1226225601417N00854400EA0000000818
B1226275601474N00854466EA0000000840
B1226325601480N00854396EA0000000851
B1226375601394N00854398EA0000000851
B1226425601338N00854542EA0000000861
B1226475601366N00854669EA0000000874
B1226535601394N00854621EA0000000887
B1226585601319N00854604EA0000000896
B1227035601264N00854740EA0000000903
B1227085601295N00854858EA0000000915
B1227135601315N00854810EA0000000926
B1227185601244N00854800EA0000000936
B1227235601208N00854945EA0000000946
B1227285601249N00854999EA0000000961
B1227335601231N00854927EA0000000967
B1227385601151N00854969EA0000000986
B1227435601134N00855113EA0000000997
B1227485601174N00855159EA0000001009
B1227535601156N00855087EA0000001011
B1227585601075N00855131EA0000001029
B1228035601061N00855272EA0000001034
B1228085601104N00855297EA0000001043
B1228135601077N00855227EA0000001052
B1228185600995N00855278EA0000001062
B1228235600976N00855419EA0000001071
B1228285601019N00855484EA0000001077
B1228335601027N00855416EA0000001083
B1228385600947N00855411EA0000001101
B1228435600908N00855549EA0000001107
B1228485600947N00855635EA0000001111
B1228535600966N00855582EA0000001123
B1228585600898N00855544EA0000001122
B1229035600839N00855668EA0000001137
B1229085600856N00855800EA0000001134
B1229135600878N00855939EA0000001127
B1229205600911N00856157EA0000001119
B1229295600965N00856459EA0000001091
B1229355601010N00856675EA0000001080
B1229415601056N00856893EA0000001073
B1229495601118N00857184EA0000001061
B1229555601167N00857400EA0000001052
B1230005601205N00857587EA0000001045
B1230075601255N00857848EA0000001041
B1230145601302N00858103EA0000001032
B1230195601335N00858286EA0000001024
B1230325601428N00858768EA0000000998
B1230375601463N00858953EA0000000991
B1230425601499N00859134EA0000000988
B1230505601556N00859405EA0000000992
B1230565601597N00859611EA0000000982
B1231025601633N00859820EA0000000978
B1231075601660N00900003EA0000000981
B1231125601691N00900169EA0000001014
B1231175601651N00900305EA0000001019
B1231225601590N00900250EA0000001035
B1231275601628N00900218EA0000001039
B1231325601653N00900345EA0000001050
B1231385601574N00900454EA0000001052
B1231435601545N00900374EA0000001068
B1231485601590N00900398EA0000001070
B1231535601575N00900549EA0000001075
B1231585601497N00900583EA0000001083
B1232035601488N00900506EA0000001099
B1232085601533N00900549EA0000001104
B1232145601537N00900731EA0000001104
B1232215601539N00900974EA0000001100
B1232265601549N00901163EA0000001088
B1232315601558N00901360EA0000001077
B1232395601577N00901676EA0000001055
B1232445601595N00901879EA0000001046
B1232525601640N00902193EA0000001029
B1232595601688N00902466EA0000001015
B1233045601723N00902659EA0000001007
B1233095601755N00902855EA0000001001
B1233155601792N00903086EA0000000997
B1233225601832N00903353EA0000000988
B1233295601872N00903623EA0000000976
B1233345601901N00903813EA0000000972
B1233405601933N00904042EA0000000968
B1233465601963N00904268EA0000000960
B1233525601993N00904499EA0000000948
B1233575602019N00904687EA0000000952
B1234025602045N00904868EA0000000944
B1234075602075N00905048EA0000000931
B1234135602133N00905241EA0000000918
B1234195602211N00905413EA0000000911
B1234245602278N00905544EA0000000911
B1234315602375N00905718EA0000000896
B1234395602486N00905914EA0000000895
B1234475602598N00906111EA0000000892
B1234525602669N00906234EA0000000891
B1234595602765N00906392EA0000000904
B1235065602854N00906541EA0000000890
B1235125602936N00906686EA0000000873
B1235175603002N00906811EA0000000880
B1235225603063N00906934EA0000000877
B1235305603161N00907136EA0000000857
B1235365603235N00907296EA0000000853
B1235425603304N00907455EA0000000847
B1235475603366N00907588EA0000000838
B1235525603428N00907722EA0000000840
B1235585603494N00907894EA0000000841
B1236035603539N00908054EA0000000844
B1236085603579N00908205EA0000000861
B1236145603557N00908415EA0000000865
B1236195603472N00908493EA0000000864
B1236245603446N00908412EA0000000871
B1236295603484N00908456EA0000000893
B1236345603466N00908607EA0000000882
B1236395603381N00908654EA0000000889
B1236445603364N00908579EA0000000889
B1236495603400N00908622EA0000000908
B1236545603382N00908776EA0000000898
B1236595603298N00908822EA0000000904
B1237045603274N00908750EA0000000908
B1237095603313N00908779EA0000000923
B1237145603311N00908923EA0000000918
B1237195603272N00909091EA0000000918
B1237245603275N00909244EA0000000931
B1237295603295N00909381EA0000000928
B1237365603295N00909616EA0000000920
B1237445603315N00909899EA0000000915
B1237505603343N00910119EA0000000904
B1237555603373N00910304EA0000000903
B1238005603394N00910471EA0000000906
B1238055603412N00910646EA0000000888
B1238125603419N00910929EA0000000872
B1238175603409N00911133EA0000000861
B1238225603391N00911335EA0000000856
B1238285603364N00911579EA0000000842
B1238335603327N00911779EA0000000835
B1238385603280N00911977EA0000000827
B1238435603237N00912172EA0000000829
B1238485603197N00912369EA0000000814
B1238535603146N00912573EA0000000797
B1238585603121N00912787EA0000000795
B1239045603126N00913045EA0000000776
B1239115603130N00913348EA0000000791
B1239165603136N00913547EA0000000811
B1239215603065N00913651EA0000000822
B1239265603034N00913584EA0000000826
B1239315603081N00913624EA0000000834
B1239365603068N00913785EA0000000843
B1239415602989N00913828EA0000000847
B1239465602970N00913766EA0000000850
B1239515603018N00913787EA0000000855
B1239565603037N00913931EA0000000865
B1240015602968N00914028EA0000000859
B1240075602932N00913951EA0000000861
B1240125602986N00913961EA0000000867
B1240175603029N00914057EA0000000875
B1240225603019N00914235EA0000000873
B1240285602948N00914391EA0000000876
B1240335602869N00914502EA0000000862
B1240405602759N00914704EA0000000835
B1240465602662N00914892EA0000000825
B1240525602572N00915085EA0000000829
B1240575602532N00915265EA0000000833
B1241025602543N00915449EA0000000834
B1241075602542N00915621EA0000000852
B1241125602468N00915657EA0000000865
B1241185602484N00915605EA0000000882
B1241235602497N00915729EA0000000896
B1241285602432N00915826EA0000000901
B1241345602388N00915766EA0000000913
B1241395602428N00915794EA0000000924
B1241445602412N00915941EA0000000933
B1241505602328N00915961EA0000000942
B1244165601972N00917910EA0000001166
B1244225602047N00918121EA0000001156
B1246285602216N00921991EA0000001210
B1246335602263N00922011EA0000001217
B1246385602281N00922157EA0000001216
B1246435602265N00922331EA0000001216
B1246485602249N00922517EA0000001217
B1246555602224N00922781EA0000001223
B1247015602201N00923014EA0000001215
B1247065602185N00923217EA0000001208
B1247135602157N00923501EA0000001206
B1247185602131N00923701EA0000001198
B1247255602090N00923986EA0000001192
B1247315602058N00924226EA0000001200
B1247385602026N00924483EA0000001202
B1247455602001N00924755EA0000001187
B1247505602035N00924914EA0000001182
B1247565602116N00925043EA0000001156
B1248015602195N00925139EA0000001143
B1248065602278N00925230EA0000001135
B1248115602359N00925303EA0000001136
B1248165602438N00925373EA0000001128
B1248275602611N00925533EA0000001108
B1248325602687N00925613EA0000001106
B1248415602824N00925764EA0000001085
B1248465602902N00925844EA0000001076
B1248515602981N00925932EA0000001065
B1248565603061N00926026EA0000001052
B1249015603139N00926122EA0000001051
B1249065603211N00926211EA0000001052
B1249125603296N00926309EA0000001057
B1249185603365N00926422EA0000001073
B1249235603418N00926532EA0000001073
B1249295603493N00926607EA0000001070
B1249375603586N00926746EA0000001070
B1249425603631N00926887EA0000001061
B1249485603687N00927073EA0000001068
B1249535603716N00927251EA0000001084
B1249585603756N00927379EA0000001100
B1250035603794N00927344EA0000001099
B1250095603722N00927297EA0000001110
B1250175603655N00927523EA0000001120
B1250225603706N00927619EA0000001134
B1250275603734N00927580EA0000001145
B1250325603680N00927533EA0000001143
B1250375603603N00927628EA0000001151
B1250425603599N00927794EA0000001159
B1250475603652N00927874EA0000001168
B1250525603672N00927821EA0000001168
B1250575603607N00927775EA0000001166
B1251025603536N00927886EA0000001181
B1251075603546N00928046EA0000001181
B1251125603582N00928186EA0000001189
B1251185603628N00928355EA0000001171
B1251235603661N00928524EA0000001163
B1251335603713N00928892EA0000001144
B1251385603740N00929081EA0000001137
B1251465603781N00929388EA0000001139
B1251555603827N00929713EA0000001120
B1252045603875N00930057EA0000001116
B1252145603894N00930440EA0000001118
B1252195603879N00930641EA0000001106
B1252245603857N00930854EA0000001094
B1252295603837N00931070EA0000001087
B1252355603814N00931332EA0000001073
B1252425603801N00931637EA0000001058
B1252475603793N00931859EA0000001043
B1252535603781N00932128EA0000001016
B1253015603769N00932500EA0000000991
B1253195603765N00933317EA0000000958
B1253255603767N00933588EA0000000947
B1253375603766N00934122EA0000000937
B1253445603753N00934425EA0000000952
B1253505603782N00934627EA0000000982
B1253555603837N00934645EA0000000989
B1254005603806N00934570EA0000001003
B1254055603724N00934613EA0000001019
B1254115603705N00934796EA0000001032
B1254165603759N00934872EA0000001044
B1254215603781N00934821EA0000001044
B1254265603712N00934784EA0000001051
B1254315603643N00934911EA0000001062
B1254365603666N00935063EA0000001076
B1254415603718N00935067EA0000001090
B1254485603662N00934994EA0000001102
B1254535603584N00935105EA0000001111
B1254585603592N00935267EA0000001131
B1255035603647N00935312EA0000001138
B1255095603627N00935231EA0000001162
B1255145603543N00935265EA0000001169
B1255225603527N00935516EA0000001190
B1255275603579N00935542EA0000001210
B1255335603564N00935465EA0000001229
B1255385603489N00935470EA0000001233
B1255455603421N00935670EA0000001252
B1255505603459N00935794EA0000001257
B1255555603505N00935771EA0000001269
B1256005603470N00935706EA0000001281
B1256055603389N00935759EA0000001285
B1256105603355N00935918EA0000001303
B1256155603389N00936055EA0000001309
B1256205603446N00936061EA0000001315
B1256255603422N00935987EA0000001323
B1256305603339N00936032EA0000001331
B1256365603267N00936220EA0000001341
B1256415603209N00936388EA0000001348
B1256475603127N00936598EA0000001336
B1256565602990N00936944EA0000001338
B1257015602913N00937139EA0000001357
B1257075602824N00937369EA0000001352
B1257125602738N00937576EA0000001331
B1257175602648N00937790EA0000001327
B1257245602527N00938078EA0000001331
B1257295602441N00938271EA0000001343
B1257345602351N00938458EA0000001354
B1257395602263N00938649EA0000001349
B1257445602181N00938844EA0000001350
B1257495602109N00939039EA0000001358
B1257545602047N00939226EA0000001370
B1258005601982N00939465EA0000001363
B1258055601931N00939671EA0000001357
B1258125601853N00939971EA0000001348
B1258195601771N00940282EA0000001342
B1258245601715N00940509EA0000001337
B1258325601637N00940863EA0000001347
B1258405601572N00941199EA0000001355
B1258455601538N00941407EA0000001348
B1258515601503N00941654EA0000001346
B1258575601474N00941900EA0000001335
B1259065601441N00942261EA0000001312
B1259115601422N00942485EA0000001279
B1259175601406N00942768EA0000001282
B1259235601403N00943024EA0000001284
B1259305601409N00943333EA0000001261
B1259365601414N00943617EA0000001260
B1259435601421N00943922EA0000001271
B1259495601425N00944170EA0000001250
B1259555601436N00944420EA0000001248
B1300005601442N00944629EA0000001236
B1300065601452N00944891EA0000001211
B1300115601471N00945123EA0000001190
B1300175601494N00945390EA0000001214
B1300245601497N00945650EA0000001227
B1300305601498N00945889EA0000001213
B1300365601491N00946141EA0000001213
B1300455601448N00946505EA0000001195
B1300535601397N00946851EA0000001183
B1300585601366N00947069EA0000001179
B1301065601314N00947407EA0000001187
B1301155601254N00947750EA0000001189
B1301205601216N00947929EA0000001198
B1301255601175N00948101EA0000001206
B1301315601088N00948169EA0000001215
B1301365601075N00948104EA0000001221
B1301425601118N00948187EA0000001223
B1301475601077N00948336EA0000001225
B1301525601004N00948340EA0000001235
B1301575601001N00948275EA0000001234
B1302025601044N00948334EA0000001238
B1302075601013N00948489EA0000001239
B1302125600937N00948499EA0000001241
B1302175600937N00948420EA0000001240
B1302225600982N00948474EA0000001251
B1302275600973N00948635EA0000001241
B1302325600902N00948743EA0000001258
B1302375600840N00948717EA0000001250
B1302425600842N00948638EA0000001254
B1302485600889N00948682EA0000001258
B1302535600911N00948825EA0000001253
B1302585600876N00948970EA0000001263
B1303045600775N00949036EA0000001249
B1303095600725N00948982EA0000001258
B1303145600749N00948918EA0000001245
B1303195600795N00948949EA0000001270
B1303255600812N00949101EA0000001255
B1303315600760N00949272EA0000001258
B1303375600678N00949433EA0000001249
B1303455600588N00949704EA0000001247
B1303505600552N00949885EA0000001264
B1303555600529N00950035EA0000001273
B1304035600479N00950305EA0000001247
B1304095600441N00950534EA0000001237
B1304185600392N00950886EA0000001236
B1304235600367N00951078EA0000001240
B1304295600339N00951307EA0000001240
B1304345600316N00951498EA0000001238
B1304395600291N00951690EA0000001231
B1304475600246N00951997EA0000001217
B1304545600207N00952264EA0000001215
B1304595600177N00952447EA0000001205
B1305085600134N00952791EA0000001186
B1305135600110N00952985EA0000001180
B1305205600077N00953248EA0000001172
B1305265600048N00953479EA0000001161
B1305345600002N00953796EA0000001148
B1305395559972N00954001EA0000001145
B1305475559926N00954331EA0000001140
B1305535559894N00954576EA0000001134
B1305585559867N00954782EA0000001129
B1306045559833N00955027EA0000001123
B1306125559784N00955344EA0000001119
B1306195559735N00955618EA0000001115
B1306245559679N00955792EA0000001112
B1306325559563N00956056EA0000001097
B1306385559457N00956220EA0000001094
B1306465559298N00956402EA0000001085
B1306515559198N00956521EA0000001087
B1306565559102N00956636EA0000001094
B1307045558959N00956829EA0000001098
B1307095558866N00956923EA0000001091
B1307145558768N00956985EA0000001086
B1307205558664N00956965EA0000001087
B1307275558540N00956922EA0000001067
B1307325558450N00956885EA0000001063
B1307405558304N00956818EA0000001047
B1307455558212N00956777EA0000001048
B1307505558120N00956741EA0000001031
B1307565558005N00956694EA0000001012
B1308055557841N00956577EA0000000995
B1308115557739N00956489EA0000000993
B1308165557653N00956425EA0000000994
B1308215557562N00956378EA0000000996
B1308275557456N00956321EA0000001006
B1308325557370N00956359EA0000001023
B1308375557367N00956502EA0000001034
B1308445557393N00956464EA0000001048
B1308495557319N00956452EA0000001054
B1308545557268N00956568EA0000001059
B1308595557296N00956684EA0000001067
B1309055557308N00956630EA0000001075
B1309105557229N00956623EA0000001082
B1309155557184N00956755EA0000001079
B1309205557225N00956849EA0000001089
B1309255557229N00956791EA0000001098
B1309305557146N00956798EA0000001099
B1309355557108N00956939EA0000001119
B1309405557143N00957039EA0000001120
B1309465557149N00956978EA0000001131
B1309515557069N00956989EA0000001127
B1309565557038N00957138EA0000001137
B1310015557087N00957191EA0000001133
B1310065557073N00957121EA0000001154
B1310115556994N00957144EA0000001151
B1310165556956N00957287EA0000001160
B1310215556998N00957378EA0000001153
B1310265557009N00957316EA0000001169
B1310325556922N00957355EA0000001168
B1310385556926N00957528EA0000001181
B1310435556964N00957504EA0000001178
B1310485556912N00957460EA0000001199
B1310535556852N00957576EA0000001188
B1310585556886N00957697EA0000001202
B1311035556901N00957641EA0000001201
B1311085556826N00957652EA0000001219
B1311135556797N00957798EA0000001220
B1311195556852N00957871EA0000001230
B1311245556850N00957804EA0000001245
B1311315556798N00957701EA0000001248
B1311365556760N00957607EA0000001230
B1311415556720N00957490EA0000001221
B1311465556678N00957371EA0000001220
B1311525556621N00957221EA0000001211
B1311585556557N00957083EA0000001214
B1312035556503N00956979EA0000001199
B1312085556447N00956863EA0000001185
B1312165556354N00956668EA0000001174
B1312235556275N00956496EA0000001164
B1312305556200N00956319EA0000001153
B1312395556104N00956096EA0000001138
B1312445556051N00955976EA0000001133
B1312495556000N00955859EA0000001127
B1312545555949N00955744EA0000001125
B1312595555899N00955628EA0000001118
B1313045555848N00955507EA0000001108
B1313125555771N00955322EA0000001110
B1313175555728N00955223EA0000001116
B1313225555692N00955138EA0000001124
B1313285555649N00955024EA0000001118
B1313345555614N00954909EA0000001116
B1313395555588N00954807EA0000001130
B1313455555559N00954708EA0000001154
B1313505555526N00954622EA0000001156
B1313555555550N00954557EA0000001180
B1314015555577N00954705EA0000001191
B1314065555504N00954770EA0000001199
B1314115555490N00954682EA0000001221
B1314165555541N00954712EA0000001234
B1314215555534N00954867EA0000001243
B1314265555456N00954906EA0000001253
B1314325555447N00954817EA0000001275
B1314375555496N00954875EA0000001280
B1314425555469N00955023EA0000001297
B1314485555394N00955004EA0000001307
B1314545555433N00954958EA0000001320
B1314595555452N00955093EA0000001328
B1315045555381N00955167EA0000001336
B1315095555340N00955095EA0000001342
B1315165555342N00954957EA0000001341
B1315235555351N00954791EA0000001314
B1315315555379N00954575EA0000001304
B1315365555394N00954443EA0000001314
B1315415555404N00954329EA0000001328
B1315465555410N00954221EA0000001322
B1315515555412N00954121EA0000001324
B1315565555419N00954008EA0000001310
B1316025555429N00953885EA0000001327
B1316085555440N00953767EA0000001317
B1316145555460N00953626EA0000001286
B1316205555481N00953469EA0000001266
B1316255555497N00953338EA0000001255
B1316305555516N00953205EA0000001247
B1316375555541N00953029EA0000001250
B1316445555572N00952853EA0000001241
B1316495555595N00952731EA0000001251
B1316545555610N00952649EA0000001280
B1317015555632N00952540EA0000001262
B1317065555646N00952464EA0000001290
B1317125555666N00952385EA0000001285
B1317175555686N00952307EA0000001272
B1317255555716N00952172EA0000001259
B1317305555744N00952085EA0000001255
B1317355555783N00952003EA0000001243
B1317425555856N00951901EA0000001237
B1317475555915N00951832EA0000001248
B1317545555997N00951752EA0000001232
B1318015556093N00951655EA0000001209
B1318075556177N00951566EA0000001206
B1318125556244N00951495EA0000001208
B1318185556322N00951419EA0000001214
B1318235556382N00951356EA0000001219
B1318345556516N00951232EA0000001210
B1318395556578N00951179EA0000001204
B1318465556666N00951100EA0000001194
B1318535556756N00951019EA0000001192
B1318595556832N00950951EA0000001184
B1319065556920N00950865EA0000001182
B1319135557007N00950778EA0000001186
B1319205557084N00950686EA0000001201
B1319255557123N00950629EA0000001234
B1319305557155N00950580EA0000001230
B1319365557209N00950512EA0000001232
B1319415557255N00950458EA0000001247
B1319465557299N00950404EA0000001246
B1319525557354N00950328EA0000001245
B1319575557397N00950274EA0000001274
B1320025557425N00950239EA0000001287
B1320085557470N00950186EA0000001263
B1320135557517N00950115EA0000001266
B1320185557550N00950037EA0000001291
B1320245557584N00949951EA0000001297
B1320295557617N00949870EA0000001286
B1320345557655N00949772EA0000001296
B1320405557697N00949675EA0000001319
B1320455557739N00949601EA0000001315
B1320505557784N00949518EA0000001308
B1320565557841N00949406EA0000001307
B1321015557878N00949332EA0000001319
B1321075557925N00949234EA0000001297
B1321125557971N00949141EA0000001293
B1321205558027N00948989EA0000001303
B1321265558051N00948873EA0000001313
B1321315558060N00948776EA0000001319
B1321385558055N00948657EA0000001332
B1321435558032N00948561EA0000001317
B1321495557985N00948427EA0000001301
B1321575557908N00948227EA0000001282
B1322025557857N00948101EA0000001279
B1322085557792N00947959EA0000001274
B1322135557737N00947839EA0000001263
B1322185557684N00947714EA0000001251
B1322255557612N00947534EA0000001235
B1322305557563N00947403EA0000001226
B1322365557499N00947248EA0000001216
B1322425557430N00947108EA0000001218
B1322535557319N00946868EA0000001201
B1323025557246N00946641EA0000001170
B1323085557205N00946483EA0000001153
B1323135557170N00946350EA0000001129
B1323245557096N00946039EA0000001104
B1323335557040N00945779EA0000001091
B1323395556999N00945607EA0000001083
B1323465556945N00945404EA0000001097
B1323555556905N00945236EA0000001114
B1324005556895N00945112EA0000001105
B1324055556888N00945006EA0000001142
B1324145556884N00944837EA0000001137
B1324205556882N00944691EA0000001117
B1324265556885N00944542EA0000001134
B1324425556897N00944237EA0000001192
B1324505556916N00944071EA0000001174
B1324565556933N00943926EA0000001200
B1325045556943N00943788EA0000001219
B1325235556943N00943282EA0000001160
B1325315556934N00943078EA0000001192
B1325365556929N00942961EA0000001203
B1325445556928N00942793EA0000001197
B1325575556930N00942571EA0000001237
B1326045556940N00942450EA0000001240
B1326095556952N00942364EA0000001248
B1326145556966N00942269EA0000001233
B1326195556978N00942159EA0000001217
B1326395556940N00941601EA0000001169
B1326495556913N00941307EA0000001151
B1326545556897N00941171EA0000001166
B1326595556872N00941036EA0000001191
B1327045556849N00940927EA0000001206
B1327105556838N00940806EA0000001214
B1327155556839N00940691EA0000001197
B1327205556845N00940560EA0000001195
B1327255556848N00940443EA0000001218
B1327325556856N00940300EA0000001222
B1327375556862N00940195EA0000001220
B1327425556872N00940080EA0000001197
B1327505556901N00939871EA0000001181
B1327555556918N00939741EA0000001194
B1328025556945N00939570EA0000001178
B1328095556975N00939404EA0000001210
B1328145556994N00939302EA0000001200
B1328205557024N00939161EA0000001208
B1328255557047N00939046EA0000001208
B1328305557064N00938945EA0000001234
B1328355557078N00938851EA0000001215
B1328405557099N00938729EA0000001194
B1328455557122N00938599EA0000001203
B1328515557142N00938470EA0000001216
B1328565557160N00938350EA0000001194
B1329015557182N00938214EA0000001186
B1329065557201N00938081EA0000001184
B1329125557222N00937932EA0000001188
B1329185557245N00937806EA0000001203
B1329235557267N00937700EA0000001187
B1329285557291N00937571EA0000001185
B1329335557305N00937480EA0000001213
B1329405557330N00937345EA0000001180
B1329455557362N00937215EA0000001163
B1329505557394N00937078EA0000001178
B1329565557426N00936941EA0000001195
B1330015557451N00936837EA0000001208
B1330065557471N00936741EA0000001224
B1330125557501N00936625EA0000001219
B1330185557538N00936513EA0000001232
B1330235557569N00936426EA0000001232
B1330295557607N00936318EA0000001254
B1330345557636N00936239EA0000001256
B1330405557680N00936139EA0000001245
B1330455557729N00936050EA0000001236
B1330515557777N00935930EA0000001258
B1330565557806N00935843EA0000001243
B1331025557847N00935705EA0000001202
B1331085557891N00935548EA0000001205
B1331135557918N00935423EA0000001212
B1331205557951N00935248EA0000001195
B1331255557978N00935116EA0000001174
B1331305558008N00934976EA0000001164
B1331365558040N00934818EA0000001193
B1331415558060N00934729EA0000001218
B1331465558081N00934640EA0000001203
B1331525558117N00934519EA0000001173
B1331575558157N00934402EA0000001147
B1332025558200N00934271EA0000001125
B1332085558248N00934126EA0000001165
B1332145558281N00934037EA0000001201
B1332195558299N00933960EA0000001204
B1332245558323N00933875EA0000001182
B1332295558353N00933764EA0000001167
B1332355558385N00933644EA0000001180
B1332415558420N00933524EA0000001150
B1332505558481N00933310EA0000001125
B1332565558520N00933164EA0000001134
B1333025558560N00933024EA0000001129
B1333075558595N00932900EA0000001136
B1333125558625N00932796EA0000001166
B1333185558650N00932678EA0000001183
B1333235558668N00932584EA0000001204
B1333285558688N00932502EA0000001213
B1333335558714N00932406EA0000001189
B1333395558757N00932258EA0000001157
B1333445558802N00932139EA0000001179
B1333495558855N00932070EA0000001207
B1333545558905N00932019EA0000001236
B1334005558958N00931960EA0000001215
B1334055559021N00931898EA0000001180
B1334105559095N00931826EA0000001162
B1334165559188N00931741EA0000001148
B1334225559281N00931653EA0000001134
B1334295559393N00931548EA0000001115
B1334345559474N00931481EA0000001103
B1334415559590N00931384EA0000001091
B1334465559668N00931336EA0000001116
B1334515559739N00931316EA0000001128
B1334575559819N00931307EA0000001146
B1335025559871N00931405EA0000001151
B1335075559906N00931555EA0000001154
B1335135559974N00931612EA0000001153
B1335205600027N00931503EA0000001129
B1335265600073N00931380EA0000001114
B1335325600119N00931241EA0000001104
B1335375600158N00931123EA0000001102
B1335435600203N00930980EA0000001091
B1335525600271N00930764EA0000001085
B1335585600317N00930629EA0000001084
B1336035600351N00930514EA0000001082
B1336115600412N00930327EA0000001065
B1336215600493N00930076EA0000001045
B1336265600536N00929954EA0000001055
B1336325600574N00929849EA0000001089
B1336405600634N00929708EA0000001056
B1336475600697N00929564EA0000001058
B1336525600750N00929478EA0000001076
B1336575600787N00929417EA0000001092
B1337025600826N00929344EA0000001088
B1337085600870N00929275EA0000001101
B1337145600915N00929179EA0000001072
B1337215600974N00929042EA0000001073
B1337285601040N00928920EA0000001081
B1337335601089N00928834EA0000001075
B1337385601138N00928752EA0000001096
B1337445601176N00928655EA0000001108
B1337495601203N00928576EA0000001122
B1337565601242N00928465EA0000001141
B1338015601273N00928384EA0000001155
B1338065601304N00928312EA0000001161
B1338125601345N00928218EA0000001157
B1338195601400N00928103EA0000001155
B1338255601445N00928014EA0000001164
B1338305601487N00927948EA0000001138
B1338365601556N00927849EA0000001102
B1338415601605N00927737EA0000001103
B1338465601627N00927634EA0000001134
B1338515601650N00927546EA0000001128
B1338565601661N00927457EA0000001134
B1339015601636N00927354EA0000001122
B1339065601640N00927250EA0000001129
B1339115601675N00927172EA0000001120
B1339165601724N00927093EA0000001107
B1339215601783N00927010EA0000001122
B1339265601828N00926962EA0000001153
B1339315601874N00926910EA0000001135
B1339365601930N00926847EA0000001152
B1339425601900N00926750EA0000001167
B1339495601846N00926936EA0000001186
B1339545601901N00926952EA0000001202
B1339595601863N00926896EA0000001219
B1340045601790N00926995EA0000001224
B1340095601802N00927147EA0000001232
B1340145601855N00927154EA0000001244
B1340195601832N00927089EA0000001254
B1340245601752N00927150EA0000001263
B1340295601744N00927315EA0000001267
B1340345601799N00927354EA0000001279
B1340405601793N00927272EA0000001301
B1340475601799N00927178EA0000001312
B1340525601831N00927107EA0000001293
B1340575601874N00927019EA0000001261
B1341025601922N00926915EA0000001243
B1341075601965N00926796EA0000001241
B1341125602001N00926683EA0000001268
B1341175602025N00926574EA0000001276
B1341245602067N00926390EA0000001245
B1341295602109N00926258EA0000001267
B1341345602138N00926159EA0000001295
B1341405602174N00926030EA0000001271
B1341475602223N00925847EA0000001270
B1341555602265N00925639EA0000001262
B1342005602282N00925527EA0000001289
B1342065602302N00925402EA0000001256
B1342115602330N00925275EA0000001242
B1342165602346N00925138EA0000001263
B1342215602349N00925010EA0000001287
B1342275602339N00924877EA0000001297
B1342355602337N00924677EA0000001280
B1342405602344N00924538EA0000001251
B1342455602352N00924392EA0000001248
B1342515602360N00924235EA0000001261
B1342565602362N00924105EA0000001244
B1343015602367N00923962EA0000001226
B1343075602365N00923799EA0000001241
B1343125602357N00923680EA0000001237
B1343185602348N00923533EA0000001226
B1343245602336N00923372EA0000001207
B1343305602326N00923198EA0000001190
B1343365602317N00923017EA0000001176
B1343425602304N00922828EA0000001159
B1343525602279N00922512EA0000001145
B1343585602264N00922327EA0000001135
B1344035602252N00922174EA0000001129
B1344105602236N00921967EA0000001128
B1344155602226N00921824EA0000001118
B1344215602212N00921645EA0000001103
B1344265602197N00921500EA0000001103
B1344315602183N00921360EA0000001094
B1344365602172N00921221EA0000001090
B1344425602160N00921056EA0000001077
B1344475602151N00920916EA0000001071
B1344525602142N00920781EA0000001080
B1344595602126N00920622EA0000001075
B1345045602110N00920507EA0000001075
B1345095602103N00920392EA0000001087
B1345145602100N00920291EA0000001084
B1345195602090N00920184EA0000001093
B1345245602071N00920077EA0000001100
B1345315602062N00919936EA0000001105
B1345365602056N00919826EA0000001088
B1345415602021N00919702EA0000001076
B1345485601936N00919522EA0000001056
B1345535601861N00919396EA0000001042
B1345585601781N00919271EA0000001028
B1346055601673N00919093EA0000001012
B1346105601600N00918960EA0000000999
B1346185601482N00918748EA0000000985
B1346235601409N00918620EA0000000982
B1346285601333N00918494EA0000000973
B1346345601239N00918340EA0000000967
B1346395601165N00918219EA0000000972
B1346475601052N00918034EA0000000965
B1346535600971N00917896EA0000000947
B1346585600902N00917769EA0000000929
B1347055600810N00917587EA0000000914
B1347105600745N00917455EA0000000907
B1347155600685N00917322EA0000000913
B1347205600635N00917212EA0000000943
B1347275600571N00917105EA0000000963
B1347325600493N00917065EA0000000956
B1347375600431N00917000EA0000000964
B1347425600392N00916895EA0000000966
B1347475600378N00916798EA0000000989
B1347525600417N00916859EA0000000990
B1347585600342N00916978EA0000001004
B1348035600307N00916909EA0000001010
B1348085600349N00916935EA0000001014
B1348145600300N00917093EA0000001023
B1348205600240N00917032EA0000001029
B1348255600282N00917051EA0000001034
B1348305600256N00917196EA0000001042
B1348355600180N00917200EA0000001049
B1348405600184N00917134EA0000001050
B1348455600215N00917232EA0000001057
B1348505600154N00917349EA0000001065
B1348555600084N00917324EA0000001070
B1349015600064N00917212EA0000001064
B1349065600055N00917122EA0000001081
B1349115600051N00917023EA0000001061
B1349165600049N00916893EA0000001038
B1349235600042N00916691EA0000001023
B1349285600038N00916539EA0000001011
B1349345600032N00916354EA0000001002
B1349425600023N00916096EA0000000981
B1349475600018N00915938EA0000000983
B1349535600011N00915756EA0000000980
B1350005600005N00915544EA0000000970
B1350065600001N00915356EA0000000960
B1350155600004N00915092EA0000000961
B1350245600017N00914832EA0000000934
B1350335600017N00914564EA0000000938
B1350385600016N00914415EA0000000932
B1350445600023N00914246EA0000000930
B1350495600035N00914101EA0000000919
B1350545600047N00913962EA0000000935
B1351025600060N00913760EA0000000935
B1351095600086N00913603EA0000000945
B1351155600132N00913517EA0000000962
B1351205600182N00913473EA0000000958
B1351265600250N00913432EA0000000952
B1351315600313N00913395EA0000000943
B1351365600373N00913357EA0000000949
B1351425600438N00913324EA0000000925
B1351475600506N00913276EA0000000894
B1351535600581N00913196EA0000000897
B1351585600640N00913118EA0000000893
B1352035600701N00913073EA0000000907
B1352085600775N00913064EA0000000888
B1352145600870N00913059EA0000000891
B1352225600977N00912981EA0000000882
B1352315601082N00912870EA0000000884
B1352365601137N00912794EA0000000858
B1352465601249N00912577EA0000000815
B1352525601319N00912449EA0000000823
B1352585601379N00912333EA0000000841
B1353045601433N00912233EA0000000860
B1353095601424N00912132EA0000000866
B1353145601342N00912148EA0000000884
B1353195601318N00912306EA0000000883
B1353245601372N00912361EA0000000897
B1353295601380N00912287EA0000000905
B1353345601314N00912268EA0000000909
B1353395601259N00912395EA0000000908
B1353445601273N00912543EA0000000918
B1353495601320N00912542EA0000000924
B1353545601292N00912466EA0000000932
B1353595601218N00912518EA0000000936
B1354045601212N00912662EA0000000936
B1354095601262N00912675EA0000000949
B1354145601244N00912604EA0000000950
B1354195601170N00912633EA0000000953
B1354245601143N00912783EA0000000958
B1354295601190N00912849EA0000000964
B1354345601186N00912777EA0000000973
B1354395601113N00912817EA0000000970
B1354445601116N00912965EA0000000977
B1354495601160N00912975EA0000000988
B1354545601141N00912904EA0000000992
B1354595601071N00912930EA0000000992
B1355045601043N00913083EA0000000989
B1355105601096N00913134EA0000001000
B1355165601108N00913040EA0000001009
B1355215601123N00912945EA0000000987
B1355265601141N00912856EA0000001009
B1355335601166N00912750EA0000000997
B1355385601193N00912648EA0000000977
B1355435601232N00912544EA0000000979
B1355485601270N00912444EA0000000979
B1355535601311N00912337EA0000000969
B1355595601361N00912220EA0000000983
B1356045601401N00912128EA0000000983
B1356095601439N00912045EA0000000995
B1356145601478N00911968EA0000001011
B1356195601514N00911903EA0000001023
B1356245601551N00911860EA0000001041
B1356305601622N00911869EA0000001042
B1356355601647N00911796EA0000001060
B1356405601581N00911752EA0000001070
B1356455601519N00911876EA0000001093
B1356505601542N00912006EA0000001112
B1356555601585N00911993EA0000001126
B1357035601588N00911838EA0000001111
B1357085601602N00911729EA0000001104
B1357165601646N00911564EA0000001101
B1357215601682N00911460EA0000001082
B1357285601741N00911297EA0000001073
B1357345601792N00911153EA0000001074
B1357405601839N00911010EA0000001066
B1357465601890N00910866EA0000001061
B1357525601949N00910729EA0000001061
B1357575602003N00910627EA0000001091
B1358035602049N00910547EA0000001114
B1358085602091N00910472EA0000001091
B1358145602155N00910356EA0000001075
B1358195602201N00910244EA0000001095
B1358245602238N00910140EA0000001113
B1358315602273N00909993EA0000001129
B1358375602306N00909853EA0000001130
B1358435602354N00909684EA0000001104
B1358485602388N00909514EA0000001107
B1358535602388N00909341EA0000001103
B1359015602340N00909066EA0000001090
B1359065602304N00908894EA0000001086
B1359115602277N00908730EA0000001090
B1359175602296N00908569EA0000001094
B1359225602341N00908460EA0000001080
B1359275602391N00908347EA0000001077
B1359325602402N00908214EA0000001083
B1359385602359N00908051EA0000001077
B1359445602298N00907887EA0000001058
B1359495602242N00907745EA0000001052
B1359545602180N00907609EA0000001049
B1359595602118N00907476EA0000001041
B1400085602007N00907235EA0000001020
B1400135601943N00907100EA0000001012
B1400205601858N00906910EA0000001005
B1400265601783N00906750EA0000000995
B1400315601720N00906618EA0000000988
B1400365601658N00906485EA0000000979
B1400425601586N00906318EA0000000969
B1400495601506N00906123EA0000000961
B1400555601436N00905964EA0000000957
B1401015601351N00905828EA0000000952
B1401065601275N00905722EA0000000939
B1401145601133N00905570EA0000000923
B1401205601034N00905446EA0000000923
B1401285600913N00905284EA0000000912
B1401345600820N00905150EA0000000909
B1401395600757N00905045EA0000000943
B1401445600746N00904958EA0000000964
B1401495600786N00905019EA0000000968
B1401545600735N00905139EA0000000982
B1401595600673N00905089EA0000000993
B1402045600697N00905037EA0000001006
B1402095600721N00905149EA0000001022
B1402145600653N00905232EA0000001020
B1402195600613N00905149EA0000001037
B1402245600655N00905139EA0000001049
B1402295600660N00905277EA0000001065
B1402345600585N00905338EA0000001065
B1402405600553N00905235EA0000001081
B1402455600602N00905254EA0000001094
B1402505600595N00905393EA0000001110
B1402555600518N00905452EA0000001108
B1403005600477N00905366EA0000001120
B1403065600482N00905247EA0000001137
B1403125600482N00905131EA0000001143
B1403175600480N00905015EA0000001132
B1403225600470N00904881EA0000001141
B1403275600454N00904763EA0000001146
B1403325600431N00904618EA0000001122
B1403385600395N00904463EA0000001150
B1403455600357N00904305EA0000001121
B1403515600333N00904140EA0000001105
B1403565600313N00904006EA0000001097
B1404015600298N00903874EA0000001093
B1404105600275N00903630EA0000001077
B1404205600264N00903360EA0000001069
B1404275600264N00903177EA0000001070
B1404345600270N00903010EA0000001081
B1404395600269N00902903EA0000001094
B1404445600270N00902804EA0000001089
B1404505600274N00902673EA0000001071
B1404565600279N00902527EA0000001056
B1405015600285N00902398EA0000001044
B1405075600294N00902242EA0000001035
B1405125600307N00902115EA0000001033
B1405185600322N00901954EA0000001020
B1405245600338N00901787EA0000001012
B1405295600345N00901655EA0000001016
B1405345600349N00901533EA0000001016
B1405395600358N00901414EA0000001005
B1405465600383N00901241EA0000000990
B1405515600406N00901118EA0000000982
B1405575600437N00900974EA0000000977
B1406055600489N00900800EA0000000967
B1406105600529N00900700EA0000000954
B1406165600581N00900583EA0000000941
B1406215600622N00900488EA0000000929
B1406285600672N00900345EA0000000917
B1406335600708N00900232EA0000000905
B1406385600746N00900115EA0000000898
B1406435600794N00900032EA0000000902
B1406525600917N00900040EA0000000889
B1406575600984N00900109EA0000000883
B1407025601052N00900198EA0000000875
B1407075601117N00900285EA0000000898
B1407125601092N00900418EA0000000919
B1407175601018N00900392EA0000000940
B1407225601036N00900334EA0000000942
B1407275601058N00900439EA0000000946
B1407335600971N00900495EA0000000955
B1407385600970N00900401EA0000000979
B1407435601009N00900463EA0000000975
B1407485600956N00900581EA0000000983
B1407535600895N00900524EA0000000997
B1407585600928N00900470EA0000001007
B1408035600953N00900575EA0000001009
B1408085600891N00900673EA0000001010
B1408145600833N00900589EA0000001026
B1408195600874N00900564EA0000001024
B1408245600893N00900671EA0000001028
B1408305600880N00900841EA0000001009
B1408355600887N00901003EA0000001016
B1408405600886N00901149EA0000001047
B1408455600873N00901290EA0000001049
B1408515600853N00901490EA0000001054
B1408565600830N00901662EA0000001053
B1409035600787N00901927EA0000001039
B1409085600751N00902127EA0000001026
B1409135600711N00902334EA0000001014
B1409185600670N00902544EA0000001012
B1409245600623N00902792EA0000001007
B1409305600581N00903039EA0000000998
B1409355600551N00903246EA0000000986
B1409425600509N00903544EA0000000973
B1409505600463N00903888EA0000000966
B1409585600425N00904208EA0000000968
B1410045600400N00904438EA0000000964
B1410095600381N00904626EA0000000964
B1410165600347N00904886EA0000000949
B1410225600309N00905114EA0000000944
B1410285600261N00905339EA0000000937
B1410355600226N00905603EA0000000940
B1410405600226N00905782EA0000000947
B1410455600232N00905954EA0000000946
B1410505600243N00906131EA0000000934
B1410555600251N00906319EA0000000925
B1411015600260N00906551EA0000000914
B1411065600259N00906743EA0000000923
B1411115600191N00906877EA0000000919
B1411175600072N00906988EA0000000896
B1411225559962N00907070EA0000000888
B1411275559853N00907146EA0000000882
B1411325559747N00907230EA0000000875
B1411395559603N00907364EA0000000876
B1411445559501N00907419EA0000000909
B1411495559470N00907341EA0000000935
B1411545559509N00907391EA0000000963
B1412005559453N00907529EA0000000982
B1412055559396N00907476EA0000000998
B1412105559430N00907465EA0000001013
B1412155559420N00907603EA0000001040
B1412205559340N00907625EA0000001051
B1412255559334N00907555EA0000001068
B1412305559368N00907634EA0000001087
B1412355559318N00907762EA0000001106
B1412405559252N00907717EA0000001114
B1412465559281N00907691EA0000001140
B1412515559301N00907816EA0000001154
B1412575559315N00907982EA0000001182
B1413025559343N00908113EA0000001162
B1413095559401N00908318EA0000001145
B1413155559448N00908511EA0000001133
B1413215559490N00908726EA0000001119
B1413295559549N00909025EA0000001108
B1413345559584N00909209EA0000001101
B1413405559622N00909437EA0000001092
B1413485559666N00909747EA0000001084
B1413585559716N00910134EA0000001062
B1414045559744N00910364EA0000001058
B1414095559764N00910555EA0000001049
B1414145559784N00910749EA0000001041
B1414195559801N00910945EA0000001036
B1414255559816N00911179EA0000001030
B1414325559839N00911450EA0000001025
B1414395559862N00911714EA0000001013
B1414455559880N00911945EA0000001004
B1414525559903N00912214EA0000000992
B1414575559921N00912410EA0000000981
B1415045559949N00912685EA0000000969
B1415095559971N00912878EA0000000964
B1415145559993N00913065EA0000000970
B1415195600013N00913253EA0000000990
B1415245600061N00913349EA0000001011
B1415295600084N00913290EA0000001015
B1415345600018N00913244EA0000001017
B1415395559953N00913356EA0000001041
B1415445559965N00913493EA0000001053
B1415495600010N00913508EA0000001060
B1415545559990N00913439EA0000001057
B1415595559904N00913479EA0000001066
B1416045559886N00913625EA0000001088
B1416095559909N00913751EA0000001094
B1416145559932N00913890EA0000001077
B1416195559956N00914052EA0000001064
B1416245559962N00914230EA0000001046
B1416315559934N00914506EA0000001031
B1416365559906N00914706EA0000001019
B1416435559868N00914985EA0000001014
B1416495559832N00915217EA0000001013
B1416565559777N00915485EA0000001008
B1417035559702N00915749EA0000000993
B1417125559581N00916078EA0000000983
B1417185559499N00916294EA0000000976
B1417265559392N00916583EA0000000963
B1417325559313N00916805EA0000000951
B1417375559254N00916995EA0000000949
B1417425559194N00917183EA0000000947
B1417485559104N00917378EA0000000943
B1417535559015N00917507EA0000000932
B1418015558862N00917703EA0000000918
B1418075558741N00917835EA0000000905
B1418145558582N00917913EA0000000899
B1418195558469N00917939EA0000000912
B1418245558368N00917958EA0000000922
B1418325558206N00917986EA0000000910
B1418385558076N00918034EA0000000905
B1418435557980N00918115EA0000000912
B1418485557888N00918211EA0000000893
B1418535557783N00918298EA0000000876
B1418585557669N00918358EA0000000868
B1419035557555N00918401EA0000000879
B1419085557457N00918409EA0000000896
B1419135557372N00918371EA0000000892
B1419185557277N00918371EA0000000911
B1419235557220N00918508EA0000000931
B1419285557256N00918599EA0000000943
B1419335557267N00918534EA0000000943
B1419385557194N00918522EA0000000967
B1419435557148N00918660EA0000000977
B1419485557178N00918761EA0000000984
B1419535557206N00918714EA0000000980
B1419585557140N00918684EA0000000999
B1420035557089N00918819EA0000001015
B1420085557117N00918922EA0000001022
B1420135557151N00918884EA0000001013
B1420185557113N00918818EA0000001042
B1420235557046N00918900EA0000001049
B1420285557045N00919042EA0000001064
B1420345557090N00919042EA0000001058
B1420395557051N00918977EA0000001077
B1420445556985N00919052EA0000001089
B1420495556980N00919202EA0000001088
B1420545557023N00919219EA0000001087
B1420595556984N00919149EA0000001102
B1421045556915N00919227EA0000001112
B1421105556910N00919409EA0000001116
B1421185556934N00919657EA0000001101
B1421245556952N00919868EA0000001079
B1421325556976N00920173EA0000001069
B1421375556991N00920361EA0000001062
B1421425557006N00920550EA0000001066
B1421485557020N00920755EA0000001084
B1421535557027N00920915EA0000001084
B1421585557031N00921081EA0000001085
B1422085557030N00921409EA0000001074
B1422175557026N00921739EA0000001063
B1422355557026N00922453EA0000001048
B1422455557005N00922866EA0000001041
B1422555556972N00923264EA0000001040
B1423045556925N00923631EA0000001032
B1423115556882N00923920EA0000001031
B1423175556844N00924165EA0000001023
B1423225556810N00924375EA0000001016
B1423285556769N00924627EA0000001011
B1423425556685N00925209EA0000000996
B1423525556635N00925636EA0000000985
B1423585556601N00925888EA0000000983
B1424075556547N00926261EA0000000974
B1424135556507N00926506EA0000000971
B1424195556463N00926747EA0000000962
B1424245556430N00926949EA0000000954
B1424295556399N00927154EA0000000946
B1424355556368N00927388EA0000000962
B1424405556345N00927564EA0000000966
B1424465556301N00927774EA0000000953
B1424525556248N00927991EA0000000948
B1424575556204N00928178EA0000000940
B1425025556158N00928369EA0000000933
B1425085556108N00928599EA0000000929
B1425145556064N00928824EA0000000931
B1425195556031N00929015EA0000000929
B1425255555984N00929236EA0000000917
B1425325555907N00929487EA0000000916
B1425375555843N00929658EA0000000922
B1425425555769N00929777EA0000000930
B1425475555692N00929894EA0000000921
B1425525555671N00930054EA0000000913
B1425575555704N00930189EA0000000886
B1426035555757N00930362EA0000000865
B1426095555813N00930536EA0000000860
B1426145555862N00930669EA0000000853
B1426235555954N00930910EA0000000839
B1426285556003N00931051EA0000000831
B1426335556049N00931195EA0000000829
B1426385556094N00931327EA0000000846
B1426435556130N00931433EA0000000850
B1426485556166N00931551EA0000000829
B1426535556210N00931688EA0000000809
B1427015556284N00931909EA0000000793
B1427065556335N00932058EA0000000780
B1427115556388N00932216EA0000000775
B1427165556442N00932361EA0000000806
B1427215556480N00932479EA0000000822
B1427265556489N00932638EA0000000822
B1427315556529N00932761EA0000000823
B1427365556568N00932713EA0000000840
B1427425556494N00932662EA0000000853
B1427475556452N00932792EA0000000871
B1427525556495N00932849EA0000000865
B1427595556453N00932755EA0000000890
B1428045556394N00932869EA0000000904
B1428095556427N00932962EA0000000911
B1428155556437N00932878EA0000000926
B1428205556363N00932889EA0000000926
B1428255556343N00933034EA0000000948
B1428305556388N00933064EA0000000955
B1428355556370N00932989EA0000000965
B1428405556295N00933032EA0000000977
B1428455556281N00933167EA0000000989
B1428505556329N00933218EA0000000997
B1428555556326N00933143EA0000001005
B1429015556241N00933184EA0000001017
B1429065556242N00933310EA0000001033
B1429125556286N00933300EA0000001040
B1429175556241N00933242EA0000001035
B1429225556168N00933307EA0000001057
B1429275556173N00933433EA0000001062
B1429325556220N00933430EA0000001066
B1429375556183N00933361EA0000001076
B1429425556117N00933436EA0000001094
B1429475556134N00933560EA0000001098
B1429525556185N00933564EA0000001102
B1429575556177N00933480EA0000001108
B1430025556103N00933507EA0000001125
B1430075556091N00933642EA0000001142
B1430125556143N00933679EA0000001150
B1430185556144N00933585EA0000001156
B1430235556073N00933585EA0000001167
B1430295556045N00933749EA0000001192
B1430345556093N00933795EA0000001203
B1430405556106N00933706EA0000001215
B1430455556036N00933695EA0000001224
B1430515556001N00933855EA0000001241
B1430565556046N00933945EA0000001252
B1431015556100N00934038EA0000001227
B1431065556167N00934149EA0000001207
B1431115556244N00934253EA0000001188
B1431185556359N00934390EA0000001158
B1431235556447N00934494EA0000001139
B1431285556535N00934597EA0000001135
B1431335556617N00934697EA0000001130
B1431385556702N00934796EA0000001116
B1431435556785N00934902EA0000001119
B1431525556929N00935101EA0000001101
B1431585557028N00935234EA0000001093
B1432035557111N00935336EA0000001087
B1432085557193N00935434EA0000001080
B1432145557290N00935548EA0000001076
B1432195557369N00935641EA0000001074
B1432245557443N00935735EA0000001072
B1432315557542N00935870EA0000001070
B1432385557639N00936008EA0000001062
B1432445557721N00936127EA0000001061
B1432535557839N00936299EA0000001058
B1432585557885N00936428EA0000001065
B1433035557847N00936582EA0000001059
B1433085557755N00936595EA0000001045
B1433145557690N00936477EA0000001032
B1433195557642N00936364EA0000001030
B1433265557581N00936206EA0000001030
B1433315557541N00936095EA0000001026
B1433365557497N00935979EA0000001019
B1433415557452N00935861EA0000001020
B1433505557391N00935719EA0000001051
B1433565557346N00935629EA0000001031
B1434015557303N00935546EA0000001036
B1434065557262N00935482EA0000001036
B1434115557212N00935404EA0000001017
B1434165557159N00935328EA0000001022
B1434235557088N00935229EA0000001009
B1434285557031N00935150EA0000001000
B1434345556978N00935055EA0000001001
B1434405556925N00934966EA0000000988
B1434495556843N00934816EA0000000968
B1434545556806N00934733EA0000000965
B1434595556770N00934650EA0000000955
B1435045556728N00934564EA0000000946
B1435105556683N00934467EA0000000945
B1435165556650N00934373EA0000000931
B1435215556623N00934283EA0000000917
B1435265556585N00934196EA0000000914
B1435345556518N00934071EA0000000910
B1435405556467N00933973EA0000000901
B1435465556421N00933862EA0000000901
B1435525556385N00933754EA0000000907
B1435585556342N00933638EA0000000898
B1436045556294N00933507EA0000000907
B1436105556241N00933399EA0000000931
B1436165556183N00933303EA0000000942
B1436235556121N00933165EA0000000941
B1436315556033N00933050EA0000000947
B1436365555976N00932984EA0000000923
B1436415555917N00932893EA0000000909
B1436475555855N00932786EA0000000913
B1436565555768N00932608EA0000000879
B1437025555709N00932466EA0000000859
B1437115555619N00932233EA0000000845
B1437165555571N00932107EA0000000836
B1437215555525N00931978EA0000000829
B1437295555461N00931763EA0000000816
B1437345555422N00931627EA0000000810
B1437395555383N00931495EA0000000804
B1437445555345N00931366EA0000000801
B1437535555277N00931148EA0000000793
B1437585555241N00931029EA0000000785
B1438065555183N00930836EA0000000772
B1438115555145N00930718EA0000000768
B1438175555100N00930577EA0000000760
B1438225555064N00930458EA0000000748
B1438285555024N00930307EA0000000735
B1438345554985N00930154EA0000000728
B1438435554926N00929929EA0000000718
B1438485554898N00929803EA0000000710
B1438535554869N00929676EA0000000702
B1439005554827N00929494EA0000000694
B1439065554792N00929339EA0000000683
B1439115554765N00929208EA0000000675
B1439185554726N00929029EA0000000664
B1439235554696N00928903EA0000000658
B1439315554653N00928695EA0000000643
B1439365554631N00928556EA0000000631
B1439415554612N00928413EA0000000620
B1439465554587N00928271EA0000000622
B1439525554555N00928119EA0000000620
B1439575554528N00927993EA0000000611
B1440045554495N00927822EA0000000606
B1440095554471N00927708EA0000000600
B1440145554451N00927591EA0000000593
B1440205554435N00927451EA0000000590
B1440275554416N00927291EA0000000584
B1440325554399N00927176EA0000000577
B1440385554373N00927040EA0000000576
B1440445554343N00926907EA0000000578
B1440505554310N00926778EA0000000576
B1440555554291N00926671EA0000000572
B1441015554296N00926549EA0000000564
B1441065554322N00926459EA0000000557
B1441135554356N00926340EA0000000560
B1441185554377N00926264EA0000000559
B1441245554399N00926169EA0000000550
B1441295554414N00926079EA0000000546
B1441345554426N00925988EA0000000544
B1441405554435N00925877EA0000000539
B1441455554437N00925778EA0000000527
B1441525554442N00925639EA0000000516
B1442035554490N00925444EA0000000500
B1442095554524N00925335EA0000000493
B1442145554544N00925242EA0000000496
B1442205554572N00925133EA0000000492
B1442255554606N00925056EA0000000487
B1442305554654N00924998EA0000000474
B1442365554716N00924923EA0000000461
B1442425554758N00924823EA0000000456
B1442475554772N00924725EA0000000450
B1442525554787N00924631EA0000000446
B1443015554854N00924521EA0000000431
B1443075554916N00924489EA0000000423
B1443125554919N00924405EA0000000425
B1443175554846N00924356EA0000000421
B1443235554734N00924413EA0000000408
B1443285554648N00924512EA0000000399
B1443335554565N00924638EA0000000391
B1443385554489N00924773EA0000000388
B1443435554409N00924907EA0000000384
B1443485554329N00925040EA0000000381
B1443545554231N00925201EA0000000371
B1444015554120N00925393EA0000000367
B1444085554021N00925578EA0000000382
B1444145553922N00925723EA0000000375
B1444195553843N00925853EA0000000377
B1444255553750N00926001EA0000000386
B1444335553642N00926215EA0000000388
B1444405553565N00926414EA0000000392
B1444475553494N00926629EA0000000381
B1444525553457N00926794EA0000000372
B1444575553444N00926965EA0000000355
B1445025553456N00927135EA0000000343
B1445075553486N00927285EA0000000341
B1445145553539N00927481EA0000000331
B1445195553584N00927612EA0000000321
B1445265553656N00927773EA0000000322
B1445325553718N00927906EA0000000318
B1445395553791N00928059EA0000000312
B1445445553851N00928147EA0000000303
B1445495553914N00928217EA0000000295
B1445555553994N00928276EA0000000297
B1446005554057N00928330EA0000000296
B1446055554119N00928391EA0000000289
B1446115554195N00928434EA0000000279
B1446165554255N00928422EA0000000264
B1446215554300N00928362EA0000000247
B1446265554324N00928274EA0000000233
B1446355554364N00928098EA0000000193
B1446425554388N00927933EA0000000162
B1446485554399N00927776EA0000000147
B1446545554405N00927615EA0000000127
B1447025554421N00927403EA0000000102
B1447085554433N00927264EA0000000095
B1447145554446N00927177EA0000000093
