AOGNOGN
HFDTE190725
HFFXA050
HFPLTPILOTINCHARGE:
HFGTYGLIDERTYPE:ASG-29E
HFGIDGLIDERID:D-KDNS
HFDTM100GPSDATUM:WGS-1984
HFRFWFIRMWAREVERSION:
HFRHWHARDWAREVERSION:
HFFTYFRTYPE:OGN-FLIGHTBOOK
HFGPSGENERIC
HFPRSPRESSALTSENSOR:
HFCIDCOMPETITIONID:99
B1056125553131N01213832EA0000000022
B1056125553131N01213832EA0000000022
B1056215553144N01213564EA0000000025
B1056275553155N01213360EA0000000044
B1056355553186N01213101EA0000000071
B1056415553254N01212940EA0000000089
B1056465553330N01212846EA0000000106
B1056515553418N01212806EA0000000125
B1056565553506N01212795EA0000000148
B1057055553661N01212806EA0000000184
B1057125553783N01212839EA0000000212
B1057185553888N01212854EA0000000230
B1057255554013N01212860EA0000000258
B1057335554156N01212858EA0000000299
B1057395554262N01212853EA0000000330
B1057495554438N01212861EA0000000372
B1057545554534N01212854EA0000000393
B1058005554648N01212853EA0000000419
B1058075554775N01212839EA0000000446
B1058125554863N01212828EA0000000456
B1058215555022N01212815EA0000000492
B1058305555180N01212804EA0000000517
B1058365555284N01212801EA0000000536
B1058415555371N01212810EA0000000559
B1058505555534N01212846EA0000000602
B1058575555662N01212870EA0000000643
B1059025555741N01212838EA0000000681
B1059075555754N01212711EA0000000687
B1059125555698N01212614EA0000000700
B1059175555624N01212622EA0000000708
B1059225555567N01212693EA0000000716
B1059275555550N01212807EA0000000719
B1059325555587N01212896EA0000000728
B1059375555649N01212888EA0000000739
B1059445555672N01212724EA0000000753
B1059495555622N01212626EA0000000758
B1059545555547N01212602EA0000000768
B1100015555480N01212720EA0000000769
B1100065555504N01212834EA0000000770
B1100115555570N01212837EA0000000778
B1100185555581N01212662EA0000000784
B1100235555516N01212592EA0000000796
B1100285555446N01212630EA0000000800
B1100355555421N01212792EA0000000810
B1100425555495N01212873EA0000000812
B1100475555555N01212807EA0000000827
B1100525555577N01212690EA0000000840
B1101005555589N01212492EA0000000855
B1101055555587N01212358EA0000000861
B1101125555569N01212154EA0000000850
B1101175555542N01212006EA0000000853
B1101225555495N01211868EA0000000866
B1101275555439N01211756EA0000000890
B1101335555370N01211639EA0000000873
B1101395555274N01211492EA0000000838
B1101445555191N01211364EA0000000850
B1101495555112N01211256EA0000000853
B1101575554990N01211085EA0000000850
B1102035554901N01210967EA0000000854
B1102085554833N01210892EA0000000862
B1102185554694N01210747EA0000000844
B1102235554624N01210668EA0000000837
B1102285554548N01210596EA0000000828
B1102375554400N01210494EA0000000820
B1102435554298N01210442EA0000000815
B1102515554159N01210378EA0000000803
B1102565554077N01210353EA0000000803
B1103015553994N01210334EA0000000791
B1103095553849N01210296EA0000000781
B1103145553762N01210281EA0000000781
B1103195553683N01210297EA0000000773
B1103255553610N01210404EA0000000766
B1103305553596N01210537EA0000000758
B1103375553642N01210717EA0000000739
B1103425553694N01210834EA0000000736
B1103485553761N01210974EA0000000714
B1103545553831N01211085EA0000000746
B1103595553891N01211151EA0000000729
B1104055553972N01211244EA0000000712
B1104115554063N01211338EA0000000695
B1104165554141N01211409EA0000000696
B1104265554287N01211519EA0000000697
B1104325554375N01211585EA0000000683
B1104385554458N01211692EA0000000682
B1104435554509N01211801EA0000000685
B1104495554568N01211945EA0000000669
B1104545554615N01212083EA0000000660
B1105015554683N01212288EA0000000648
B1105065554726N01212439EA0000000652
B1105115554765N01212581EA0000000653
B1105165554811N01212711EA0000000652
B1105235554878N01212891EA0000000651
B1105295554937N01213041EA0000000656
B1105355554984N01213200EA0000000667
B1105415555016N01213361EA0000000674
B1105475555090N01213407EA0000000670
B1105525555115N01213280EA0000000658
B1105575555053N01213168EA0000000639
B1106045554936N01213105EA0000000650
B1106095554862N01213116EA0000000659
B1106145554855N01213246EA0000000659
B1106205554937N01213282EA0000000686
B1106255554965N01213171EA0000000692
B1106315554891N01213139EA0000000698
B1106365554894N01213255EA0000000710
B1106415554957N01213239EA0000000727
B1106495554897N01213109EA0000000726
B1106545554856N01213214EA0000000738
B1107025554935N01213313EA0000000743
B1107075554966N01213192EA0000000722
B1107125554891N01213124EA0000000732
B1107175554815N01213167EA0000000756
B1107225554783N01213273EA0000000767
B1107275554832N01213344EA0000000776
B1107325554879N01213250EA0000000770
B1107395554794N01213172EA0000000789
B1107445554793N01213282EA0000000797
B1107495554855N01213248EA0000000799
B1107565554800N01213115EA0000000803
B1108015554729N01213160EA0000000821
B1108065554719N01213273EA0000000824
B1108135554807N01213339EA0000000826
B1108195554844N01213211EA0000000828
B1108245554812N01213083EA0000000827
B1108315554742N01212931EA0000000851
B1108365554672N01212898EA0000000868
B1108425554642N01213022EA0000000875
B1108475554711N01213025EA0000000879
B1108525554703N01212898EA0000000901
B1108575554634N01212927EA0000000914
B1109045554687N01213042EA0000000930
B1109095554716N01212934EA0000000942
B1109145554647N01212891EA0000000960
B1109215554647N01213036EA0000000974
B1109265554708N01212979EA0000000987
B1109315554663N01212888EA0000000994
B1109365554616N01212999EA0000001009
B1109415554674N01213060EA0000001024
B1109465554697N01212943EA0000001025
B1109515554625N01212896EA0000001044
B1109565554592N01213005EA0000001060
B1110015554649N01213055EA0000001060
B1110065554677N01212940EA0000001063
B1110125554599N01212854EA0000001087
B1110175554536N01212918EA0000001098
B1110235554584N01213010EA0000001094
B1110305554597N01212848EA0000001107
B1110355554527N01212765EA0000001125
B1110405554453N01212772EA0000001145
B1110455554417N01212884EA0000001152
B1110505554451N01212984EA0000001164
B1110555554511N01212950EA0000001156
B1111005554516N01212815EA0000001154
B1111055554445N01212760EA0000001159
B1111105554398N01212873EA0000001160
B1111155554434N01213000EA0000001162
B1111205554507N01212987EA0000001174
B1111265554527N01212824EA0000001173
B1111315554458N01212741EA0000001191
B1111375554385N01212838EA0000001209
B1111425554405N01212958EA0000001215
B1111475554470N01212956EA0000001202
B1111535554490N01212813EA0000001195
B1111595554422N01212697EA0000001190
B1112065554315N01212619EA0000001210
B1112135554209N01212557EA0000001193
B1112215554073N01212483EA0000001177
B1112275553963N01212427EA0000001163
B1112385553744N01212319EA0000001149
B1112445553624N01212267EA0000001153
B1112505553507N01212218EA0000001159
B1112555553412N01212175EA0000001165
B1113015553295N01212120EA0000001176
B1113065553205N01212079EA0000001204
B1113135553084N01212039EA0000001205
B1113185552991N01212019EA0000001192
B1113295552781N01211943EA0000001177
B1113355552660N01211883EA0000001147
B1113415552527N01211804EA0000001129
B1113475552394N01211724EA0000001117
B1113525552281N01211661EA0000001118
B1113595552119N01211571EA0000001114
B1114065551956N01211479EA0000001110
B1114125551818N01211403EA0000001108
B1114175551707N01211335EA0000001112
B1114235551579N01211260EA0000001109
B1114285551472N01211203EA0000001101
B1114345551342N01211136EA0000001096
B1114445551129N01211009EA0000001088
B1114495551024N01210933EA0000001079
B1115045550731N01210719EA0000001049
B1115095550602N01210663EA0000001022
B1115345550018N01210398EA0000001020
B1115535549579N01210277EA0000000994
B1116005549416N01210269EA0000000992
B1116055549301N01210267EA0000000994
B1116165549107N01210262EA0000001046
B1116215549025N01210261EA0000001025
B1116515548353N01210172EA0000000952
B1116565548230N01210148EA0000000948
B1117075547964N01210076EA0000000933
B1117175547723N01210002EA0000000920
B1117245547554N01209948EA0000000915
B1117295547445N01209914EA0000000948
B1117355547336N01209881EA0000000971
B1117415547242N01209854EA0000000984
B1117515547085N01209823EA0000000968
B1117565546991N01209818EA0000000942
B1118035546841N01209837EA0000000924
B1118105546692N01209859EA0000000925
B1118155546592N01209877EA0000000942
B1118235546453N01209887EA0000000959
B1118285546376N01209891EA0000000973
B1119035545793N01209727EA0000000948
B1119095545684N01209686EA0000000941
B1119145545591N01209651EA0000000929
B1119205545474N01209612EA0000000921
B1119265545353N01209586EA0000000921
B1119315545253N01209565EA0000000908
B1119385545098N01209501EA0000000881
B1119485544870N01209365EA0000000860
B1119555544703N01209259EA0000000833
B1120015544560N01209154EA0000000826
B1120065544445N01209062EA0000000822
B1120125544307N01208948EA0000000812
B1120175544233N01208795EA0000000836
B1120225544237N01208616EA0000000834
B1120275544310N01208493EA0000000822
B1120325544415N01208473EA0000000805
B1120405544578N01208594EA0000000788
B1120465544698N01208701EA0000000782
B1120565544907N01208797EA0000000782
B1121015545008N01208828EA0000000781
B1121135545254N01208879EA0000000756
B1121205545399N01208915EA0000000745
B1121275545532N01208951EA0000000759
B1121335545642N01208981EA0000000745
B1121395545758N01209007EA0000000736
B1121475545915N01209034EA0000000728
B1121555546064N01209056EA0000000719
B1122045546232N01209085EA0000000704
B1122105546350N01209109EA0000000691
B1122175546497N01209156EA0000000677
B1122235546607N01209215EA0000000702
B1122295546704N01209293EA0000000684
B1122355546805N01209402EA0000000654
B1122425546946N01209494EA0000000635
B1122475547048N01209540EA0000000631
B1122555547211N01209585EA0000000634
B1123035547351N01209609EA0000000651
B1123125547501N01209628EA0000000637
B1123175547590N01209649EA0000000632
B1123225547671N01209676EA0000000632
B1123335547866N01209747EA0000000612
B1123405547994N01209805EA0000000609
B1123465548099N01209850EA0000000642
B1123515548155N01209790EA0000000660
B1123565548108N01209697EA0000000662
B1124025548060N01209818EA0000000669
B1124075548102N01209922EA0000000683
B1124135548158N01209850EA0000000690
B1124195548081N01209805EA0000000696
B1124245548090N01209928EA0000000706
B1124365548062N01209826EA0000000715
B1124415548069N01209965EA0000000732
B1124465548124N01210033EA0000000748
B1124535548149N01209897EA0000000738
B1124585548072N01209909EA0000000742
B1125045548048N01210070EA0000000760
B1125115548109N01210160EA0000000757
B1125165548134N01210042EA0000000755
B1125215548058N01210003EA0000000755
B1125275547983N01210106EA0000000765
B1125325547967N01210227EA0000000768
B1125375548017N01210301EA0000000771
B1125445548054N01210160EA0000000766
B1125495547979N01210134EA0000000773
B1125545547972N01210244EA0000000776
B1126015548054N01210206EA0000000780
B1126065548027N01210081EA0000000776
B1126115547957N01210121EA0000000778
B1126185547969N01210300EA0000000790
B1126245548005N01210423EA0000000775
B1126295548054N01210533EA0000000756
B1126355548119N01210686EA0000000738
B1126435548205N01210911EA0000000732
B1126525548297N01211156EA0000000740
B1126585548361N01211304EA0000000748
B1127045548429N01211453EA0000000734
B1127095548489N01211590EA0000000721
B1127155548566N01211770EA0000000694
B1127205548637N01211930EA0000000677
B1127325548806N01212324EA0000000654
B1127375548874N01212487EA0000000650
B1127435548954N01212675EA0000000642
B1127515549062N01212916EA0000000635
B1128025549197N01213243EA0000000626
B1128095549301N01213434EA0000000621
B1128175549422N01213649EA0000000631
B1128225549493N01213765EA0000000635
B1128275549561N01213867EA0000000641
B1128345549673N01213975EA0000000613
B1128415549813N01214030EA0000000605
B1128515550022N01214054EA0000000589
B1128575550154N01214050EA0000000578
B1129025550264N01214036EA0000000590
B1129085550376N01214013EA0000000629
B1129135550448N01213994EA0000000646
B1129215550565N01213969EA0000000641
B1129275550646N01213972EA0000000639
B1129325550720N01213989EA0000000624
B1129375550805N01214016EA0000000620
B1129425550879N01214047EA0000000639
B1129505550996N01214096EA0000000609
B1129555551079N01214139EA0000000605
B1130015551179N01214220EA0000000587
B1130085551296N01214347EA0000000573
B1130165551420N01214505EA0000000578
B1130215551493N01214597EA0000000569
B1130275551591N01214707EA0000000544
B1130325551684N01214796EA0000000528
B1130385551799N01214894EA0000000518
B1130435551893N01214970EA0000000523
B1130495551988N01215048EA0000000563
B1130545552057N01215086EA0000000570
B1131005552093N01214960EA0000000557
B1131075551983N01214911EA0000000558
B1131145551884N01214958EA0000000572
B1131195551853N01215055EA0000000570
B1131245551906N01215107EA0000000567
B1131295551939N01214990EA0000000568
B1131345551902N01214866EA0000000587
B1131405551827N01214900EA0000000577
B1131455551855N01215001EA0000000585
B1131505551917N01214946EA0000000581
B1131575551887N01214774EA0000000598
B1132025551819N01214804EA0000000595
B1132075551836N01214910EA0000000594
B1132145551897N01214804EA0000000606
B1132195551842N01214706EA0000000614
B1132245551777N01214745EA0000000608
B1132315551812N01214885EA0000000613
B1132405551930N01214907EA0000000627
B1132455551990N01214867EA0000000622
B1132505551991N01214741EA0000000627
B1132555551919N01214695EA0000000611
B1133005551876N01214803EA0000000609
B1133055551906N01214919EA0000000612
B1133115551968N01215010EA0000000615
B1133175552040N01215088EA0000000620
B1133225552100N01215141EA0000000620
B1133315552217N01215219EA0000000601
B1133395552338N01215310EA0000000579
B1133445552408N01215384EA0000000592
B1133505552482N01215457EA0000000583
B1133565552562N01215542EA0000000567
B1134015552635N01215631EA0000000541
B1134075552726N01215764EA0000000533
B1134135552817N01215888EA0000000528
B1134185552910N01215939EA0000000519
B1134255553050N01215948EA0000000509
B1134305553155N01215932EA0000000505
B1134365553266N01215900EA0000000499
B1134475553494N01215835EA0000000456
B1134545553645N01215797EA0000000450
B1135055553875N01215727EA0000000425
B1135125554017N01215673EA0000000430
B1135175554109N01215635EA0000000458
B1135235554199N01215596EA0000000476
B1135285554265N01215628EA0000000471
B1135335554261N01215741EA0000000467
B1135385554191N01215737EA0000000473
B1135445554150N01215587EA0000000486
B1135495554160N01215453EA0000000487
B1135565554252N01215416EA0000000477
B1136015554265N01215528EA0000000477
B1136065554196N01215557EA0000000466
B1136125554106N01215487EA0000000464
B1136175554043N01215554EA0000000472
B1136225554072N01215658EA0000000481
B1136295554140N01215523EA0000000481
B1136345554083N01215440EA0000000494
B1136395554052N01215549EA0000000481
B1136465554140N01215508EA0000000497
B1136515554088N01215413EA0000000501
B1136565554065N01215517EA0000000502
B1137025554133N01215460EA0000000510
B1137075554081N01215376EA0000000513
B1137125554065N01215482EA0000000514
B1137195554122N01215385EA0000000513
B1137245554056N01215361EA0000000519
B1137295554063N01215472EA0000000524
B1137365554152N01215427EA0000000531
B1137425554214N01215319EA0000000537
B1137475554264N01215233EA0000000531
B1137535554340N01215146EA0000000511
B1138025554483N01215092EA0000000497
B1138105554606N01215089EA0000000493
B1138175554713N01215084EA0000000496
B1138275554865N01215068EA0000000486
B1138335554960N01215057EA0000000474
B1138385555040N01215052EA0000000469
B1138445555134N01215056EA0000000461
B1138515555243N01215074EA0000000451
B1138565555319N01215097EA0000000444
B1139015555393N01215110EA0000000433
B1139065555438N01215017EA0000000420
B1139115555408N01214885EA0000000406
B1139185555303N01214797EA0000000422
B1139285555155N01214724EA0000000408
B1139355555048N01214695EA0000000400
B1139405554970N01214674EA0000000395
B1139495554832N01214651EA0000000385
B1139565554717N01214625EA0000000371
B1140015554635N01214596EA0000000363
B1140095554495N01214534EA0000000363
B1140155554398N01214487EA0000000364
B1140205554314N01214444EA0000000355
B1140265554214N01214397EA0000000342
B1140315554132N01214365EA0000000336
B1140385554018N01214332EA0000000325
B1140445553912N01214324EA0000000325
B1140505553812N01214344EA0000000310
B1140555553739N01214420EA0000000303
B1141005553695N01214535EA0000000314
B1141065553671N01214675EA0000000322
B1141125553667N01214809EA0000000339
B1141175553669N01214912EA0000000341
B1141245553676N01215062EA0000000338
B1141315553723N01215186EA0000000334
B1141395553819N01215242EA0000000343
B1141455553892N01215248EA0000000359
B1141565554035N01215244EA0000000380
B1142015554102N01215226EA0000000388
B1142085554199N01215203EA0000000396
B1142155554294N01215173EA0000000411
B1142215554370N01215121EA0000000416
B1142275554433N01215031EA0000000420
B1142355554506N01214875EA0000000420
B1142425554561N01214743EA0000000441
B1142475554597N01214644EA0000000464
B1142525554633N01214545EA0000000484
B1142595554680N01214395EA0000000481
B1143055554709N01214253EA0000000473
B1143165554729N01213957EA0000000463
B1143225554725N01213795EA0000000472
B1143285554713N01213634EA0000000481
B1143335554700N01213501EA0000000488
B1143425554668N01213272EA0000000508
B1143495554630N01213107EA0000000530
B1143595554580N01212866EA0000000547
B1144065554553N01212682EA0000000556
B1144135554520N01212499EA0000000563
B1144235554469N01212238EA0000000584
B1144315554415N01212045EA0000000599
B1144375554372N01211911EA0000000608
B1144435554334N01211779EA0000000605
B1144505554274N01211641EA0000000593
B1144575554208N01211527EA0000000584
B1145025554138N01211481EA0000000565
B1145075554078N01211560EA0000000561
B1145145554104N01211731EA0000000545
B1145205554177N01211806EA0000000547
B1145285554282N01211872EA0000000530
B1145355554350N01212007EA0000000533
B1145405554384N01212122EA0000000531
B1145455554415N01212244EA0000000531
B1145515554457N01212386EA0000000530
B1145585554502N01212559EA0000000533
B1146055554532N01212714EA0000000550
B1146105554556N01212816EA0000000550
B1146165554625N01212863EA0000000554
B1146225554647N01212735EA0000000566
B1146285554557N01212678EA0000000564
B1146335554511N01212778EA0000000571
B1146395554555N01212896EA0000000569
B1146445554620N01212855EA0000000582
B1146495554623N01212723EA0000000593
B1146565554521N01212659EA0000000593
B1147015554472N01212759EA0000000604
B1147065554496N01212867EA0000000599
B1147145554607N01212847EA0000000620
B1147195554634N01212732EA0000000627
B1147245554581N01212626EA0000000641
B1147315554498N01212716EA0000000644
B1147365554543N01212798EA0000000655
B1147415554582N01212707EA0000000659
B1147475554506N01212617EA0000000674
B1147525554462N01212714EA0000000676
B1147575554515N01212770EA0000000685
B1148045554500N01212625EA0000000690
B1148095554439N01212694EA0000000697
B1148155554497N01212759EA0000000705
B1148215554492N01212622EA0000000712
B1148265554422N01212653EA0000000714
B1148315554450N01212749EA0000000716
B1148385554471N01212615EA0000000724
B1148435554400N01212640EA0000000726
B1148485554414N01212751EA0000000730
B1148555554490N01212667EA0000000734
B1149095554600N01212384EA0000000742
B1149145554657N01212300EA0000000733
B1149215554740N01212172EA0000000729
B1149315554838N01211979EA0000000713
B1149365554887N01211864EA0000000705
B1149415554918N01211730EA0000000700
B1149465554896N01211587EA0000000687
B1149515554821N01211531EA0000000679
B1149565554750N01211574EA0000000676
B1150025554685N01211676EA0000000667
B1150095554611N01211803EA0000000657
B1150165554543N01211943EA0000000646
B1150225554480N01212062EA0000000644
B1150285554409N01212160EA0000000642
B1150375554302N01212328EA0000000638
B1150445554223N01212449EA0000000645
B1150505554155N01212554EA0000000630
B1150565554080N01212664EA0000000640
B1151025554009N01212777EA0000000648
B1151075554012N01212897EA0000000647
B1151135554092N01212873EA0000000659
B1151185554094N01212735EA0000000661
B1151235554044N01212635EA0000000674
B1151285553978N01212651EA0000000672
B1151335553974N01212769EA0000000672
B1151385554039N01212769EA0000000671
B1151445553995N01212665EA0000000671
B1151495553964N01212769EA0000000677
B1151545554020N01212827EA0000000684
B1152015554093N01212718EA0000000680
B1152085554126N01212550EA0000000679
B1152135554138N01212423EA0000000676
B1152185554116N01212295EA0000000674
B1152235554054N01212230EA0000000675
B1152285553992N01212267EA0000000671
B1152355553978N01212417EA0000000676
B1152405554014N01212508EA0000000675
B1152465554034N01212642EA0000000682
B1152525553970N01212723EA0000000682
B1152575553923N01212622EA0000000691
B1153025553954N01212513EA0000000698
B1153095554021N01212592EA0000000704
B1153145553979N01212679EA0000000709
B1153195553919N01212614EA0000000710
B1153265553974N01212503EA0000000716
B1153325553998N01212631EA0000000715
B1153375553929N01212682EA0000000721
B1153435553878N01212558EA0000000730
B1153485553926N01212469EA0000000740
B1153535553979N01212513EA0000000745
B1154005553948N01212665EA0000000756
B1154055553880N01212661EA0000000760
B1154125553870N01212495EA0000000763
B1154175553936N01212498EA0000000769
B1154225553938N01212617EA0000000765
B1154275553862N01212627EA0000000770
B1154345553879N01212469EA0000000770
B1154395553935N01212537EA0000000784
B1154445553901N01212644EA0000000783
B1154515553820N01212559EA0000000799
B1154565553855N01212456EA0000000794
B1155015553915N01212512EA0000000798
B1155085553861N01212639EA0000000808
B1155135553816N01212541EA0000000806
B1155185553873N01212473EA0000000810
B1155255553906N01212621EA0000000815
B1155305553839N01212660EA0000000823
B1155375553810N01212509EA0000000827
B1155425553872N01212494EA0000000829
B1155475553887N01212612EA0000000831
B1155525553825N01212675EA0000000846
B1156015553784N01212500EA0000000849
B1156065553847N01212493EA0000000851
B1156115553865N01212615EA0000000856
B1156165553814N01212700EA0000000867
B1156215553742N01212676EA0000000866
B1156295553728N01212491EA0000000872
B1156345553792N01212480EA0000000875
B1156405553817N01212612EA0000000878
B1156455553757N01212683EA0000000882
B1156505553688N01212608EA0000000877
B1156555553724N01212494EA0000000885
B1157005553779N01212545EA0000000891
B1157065553732N01212670EA0000000894
B1157115553646N01212675EA0000000902
B1157175553605N01212535EA0000000902
B1157225553660N01212463EA0000000898
B1157275553723N01212481EA0000000906
B1157345553814N01212512EA0000000894
B1157405553907N01212500EA0000000904
B1157455553972N01212509EA0000000918
B1157505553979N01212614EA0000000914
B1157575553893N01212582EA0000000901
B1158025553897N01212430EA0000000910
B1158075553949N01212347EA0000000920
B1158145554001N01212446EA0000000927
B1158195553959N01212528EA0000000930
B1158245553891N01212482EA0000000919
B1158315553909N01212307EA0000000930
B1158365553964N01212351EA0000000926
B1158415553938N01212465EA0000000934
B1158485553858N01212381EA0000000932
B1158535553910N01212288EA0000000933
B1158585553975N01212322EA0000000944
B1159065553952N01212474EA0000000944
B1159115553877N01212459EA0000000940
B1159165553821N01212356EA0000000936
B1159225553857N01212212EA0000000940
B1159275553923N01212227EA0000000943
B1159335553947N01212355EA0000000948
B1159395553890N01212433EA0000000948
B1159445553815N01212399EA0000000938
B1159495553732N01212362EA0000000942
B1159545553650N01212370EA0000000957
B1200015553547N01212437EA0000000964
B1200105553423N01212550EA0000000976
B1200155553357N01212617EA0000000980
B1200235553255N01212728EA0000000979
B1200295553183N01212816EA0000000989
B1200365553106N01212918EA0000000996
B1200425553047N01213007EA0000001005
B1200475552996N01213088EA0000001003
B1200525552940N01213171EA0000000999
B1200585552869N01213263EA0000001001
B1201035552808N01213343EA0000001004
B1201085552748N01213419EA0000001014
B1201135552692N01213486EA0000001018
B1201215552599N01213605EA0000001009
B1201315552487N01213751EA0000001020
B1201385552415N01213854EA0000001037
B1201435552382N01213932EA0000001040
B1201485552427N01213989EA0000001030
B1201555552450N01213826EA0000001041
B1202005552391N01213752EA0000001047
B1202055552346N01213818EA0000001048
B1202125552414N01213884EA0000001048
B1202175552431N01213755EA0000001047
B1202225552367N01213742EA0000001049
B1202295552414N01213834EA0000001052
B1202345552449N01213724EA0000001056
B1202395552395N01213642EA0000001056
B1202465552316N01213735EA0000001068
B1202515552270N01213815EA0000001076
B1202565552272N01213916EA0000001065
B1203025552350N01213866EA0000001075
B1203075552337N01213732EA0000001082
B1203125552271N01213688EA0000001091
B1203205552270N01213827EA0000001081
B1203255552320N01213753EA0000001085
B1203305552270N01213659EA0000001087
B1203365552229N01213756EA0000001078
B1203415552297N01213769EA0000001074
B1203465552333N01213633EA0000001082
B1203535552337N01213436EA0000001103
B1203585552276N01213385EA0000001113
B1204035552249N01213473EA0000001108
B1204105552337N01213482EA0000001105
B1204165552395N01213349EA0000001119
B1204215552420N01213223EA0000001126
B1204275552381N01213092EA0000001119
B1204325552308N01213080EA0000001122
B1204385552281N01213187EA0000001135
B1204445552342N01213258EA0000001146
B1204495552389N01213163EA0000001149
B1204545552339N01213068EA0000001150
B1205015552322N01213187EA0000001153
B1205065552378N01213109EA0000001161
B1205115552324N01213021EA0000001172
B1205195552339N01213126EA0000001168
B1205245552350N01212994EA0000001181
B1205295552285N01212997EA0000001188
B1205355552316N01213098EA0000001198
B1205405552371N01213009EA0000001196
B1205455552326N01212899EA0000001197
B1205525552286N01213013EA0000001216
B1205575552350N01213022EA0000001219
B1206025552380N01212899EA0000001221
B1206095552298N01212795EA0000001213
B1206165552232N01212895EA0000001218
B1206215552240N01212991EA0000001203
B1206265552299N01213038EA0000001204
B1206315552365N01213015EA0000001215
B1206375552433N01212945EA0000001220
B1206435552498N01212863EA0000001207
B1206485552565N01212787EA0000001206
B1206535552623N01212721EA0000001226
B1206595552690N01212635EA0000001217
B1207045552750N01212562EA0000001225
B1207095552809N01212495EA0000001219
B1207155552888N01212430EA0000001194
B1207205552969N01212381EA0000001173
B1207255553053N01212330EA0000001170
B1207305553135N01212275EA0000001174
B1207365553219N01212202EA0000001203
B1207415553277N01212140EA0000001204
B1207465553332N01212073EA0000001221
B1207515553385N01212006EA0000001223
B1207575553454N01211923EA0000001233
B1208025553510N01211856EA0000001241
B1208105553608N01211754EA0000001246
B1208155553648N01211648EA0000001250
B1208205553629N01211513EA0000001250
B1208255553563N01211422EA0000001243
B1208305553486N01211395EA0000001257
B1208355553422N01211379EA0000001248
B1208415553337N01211359EA0000001224
B1208465553253N01211338EA0000001201
B1208545553107N01211283EA0000001189
B1208595553015N01211245EA0000001187
B1209045552927N01211204EA0000001181
B1209115552800N01211138EA0000001150
B1209165552695N01211085EA0000001130
B1209215552591N01211037EA0000001139
B1209275552476N01210987EA0000001133
B1209375552282N01210898EA0000001124
B1209425552190N01210859EA0000001122
B1209505552039N01210791EA0000001105
B1209555551945N01210749EA0000001099
B1210065551742N01210612EA0000001082
B1210165551576N01210442EA0000001069
B1210235551448N01210306EA0000001041
B1210315551288N01210188EA0000001042
B1210425551095N01210059EA0000001032
B1210525550919N01209946EA0000001018
B1211015550768N01209845EA0000001008
B1211205550457N01209610EA0000001011
B1211325550274N01209453EA0000001039
B1211375550211N01209499EA0000001041
B1211425550234N01209596EA0000001052
B1211505550252N01209442EA0000001057
B1211555550194N01209499EA0000001058
B1212075550221N01209394EA0000001068
B1212125550164N01209469EA0000001081
B1212185550224N01209509EA0000001079
B1212255550207N01209335EA0000001096
B1212315550160N01209434EA0000001097
B1212435550163N01209301EA0000001100
B1212485550142N01209415EA0000001105
B1212535550201N01209476EA0000001123
B1212585550250N01209396EA0000001131
B1213055550170N01209308EA0000001132
B1213105550165N01209418EA0000001139
B1213155550230N01209382EA0000001148
B1213205550197N01209261EA0000001152
B1213255550139N01209319EA0000001160
B1213305550180N01209398EA0000001166
B1213375550202N01209249EA0000001170
B1213425550140N01209287EA0000001178
B1213485550205N01209300EA0000001174
B1213535550168N01209186EA0000001179
B1213585550138N01209274EA0000001188
B1214045550207N01209242EA0000001193
B1214095550169N01209135EA0000001194
B1214145550120N01209202EA0000001203
B1214245550180N01209116EA0000001206
B1214305550114N01209175EA0000001211
B1214355550159N01209235EA0000001214
B1214435550159N01209059EA0000001219
B1214485550106N01209121EA0000001226
B1214555550183N01209119EA0000001219
B1215005550151N01209002EA0000001238
B1215055550080N01208993EA0000001244
B1215125549994N01209072EA0000001258
B1215175549936N01209124EA0000001239
B1215225549868N01209182EA0000001225
B1215395549571N01209097EA0000001201
B1215475549418N01209054EA0000001184
B1215545549290N01209047EA0000001193
B1216005549183N01209046EA0000001197
B1216055549105N01209037EA0000001213
B1216105549026N01209015EA0000001196
B1216455548454N01208809EA0000001227
B1216505548361N01208791EA0000001231
B1216565548242N01208762EA0000001215
B1217225547712N01208654EA0000001214
B1217285547588N01208652EA0000001196
B1217395547346N01208650EA0000001195
B1217455547228N01208640EA0000001210
B1217515547112N01208627EA0000001208
B1218015546931N01208601EA0000001220
B1218075546832N01208583EA0000001226
B1218135546729N01208574EA0000001213
B1218275546469N01208585EA0000001233
B1218365546317N01208599EA0000001233
B1218415546227N01208613EA0000001232
B1218475546116N01208630EA0000001240
B1218525546029N01208647EA0000001244
B1218585545915N01208680EA0000001227
B1219035545810N01208723EA0000001210
B1219095545671N01208775EA0000001206
B1219145545555N01208813EA0000001204
B1219215545404N01208860EA0000001223
B1219265545302N01208890EA0000001214
B1219435544930N01208999EA0000001219
B1219485544835N01209022EA0000001232
B1219565544670N01209052EA0000001207
B1220175544203N01208920EA0000001220
B1220245544201N01208691EA0000001218
B1220295544291N01208619EA0000001211
B1220345544400N01208626EA0000001195
B1220405544532N01208660EA0000001203
B1220455544635N01208674EA0000001209
B1220515544763N01208673EA0000001194
B1220585544914N01208624EA0000001199
B1221085545102N01208537EA0000001210
B1221135545201N01208492EA0000001185
B1221195545334N01208433EA0000001176
B1221255545459N01208372EA0000001180
B1221325545604N01208331EA0000001167
B1221425545796N01208434EA0000001167
B1221505545930N01208596EA0000001171
B1221555546014N01208703EA0000001172
B1222045546168N01208882EA0000001182
B1222105546268N01209003EA0000001170
B1222175546395N01209152EA0000001156
B1222275546580N01209364EA0000001138
B1222325546671N01209467EA0000001134
B1222375546759N01209564EA0000001128
B1222455546903N01209702EA0000001119
B1222505546992N01209776EA0000001130
B1222555547077N01209845EA0000001129
B1223015547184N01209921EA0000001121
B1223075547292N01210002EA0000001117
B1223125547380N01210070EA0000001121
B1223195547496N01210159EA0000001130
B1223255547588N01210228EA0000001114
B1223345547755N01210312EA0000001091
B1223405547872N01210321EA0000001086
B1223475548012N01210314EA0000001070
B1223535548138N01210301EA0000001046
B1224025548352N01210265EA0000001024
B1224075548461N01210247EA0000001037
B1224165548640N01210214EA0000001061
B1224235548731N01210192EA0000001092
B1224285548796N01210170EA0000001092
B1224345548881N01210142EA0000001099
B1224395548951N01210154EA0000001114
B1224445549020N01210145EA0000001116
B1224505549020N01209999EA0000001115
B1224555548957N01210036EA0000001129
B1225005549001N01210126EA0000001128
B1225085549000N01209971EA0000001146
B1225135548958N01210060EA0000001151
B1225185549019N01210109EA0000001157
B1225265549004N01209948EA0000001160
B1225315548976N01210050EA0000001161
B1225365549047N01210029EA0000001171
B1225425549022N01209897EA0000001177
B1225475548964N01209957EA0000001183
B1225525549004N01210045EA0000001185
B1225585549067N01209940EA0000001192
B1226035549027N01209834EA0000001194
B1226085548975N01209905EA0000001197
B1226135549023N01209992EA0000001203
B1226185549084N01209910EA0000001207
B1226235549052N01209796EA0000001211
B1226315549009N01209923EA0000001224
B1226365549077N01209902EA0000001219
B1226425549051N01209754EA0000001224
B1226475548996N01209819EA0000001227
B1226525549040N01209908EA0000001237
B1226585549095N01209787EA0000001234
B1227045549023N01209738EA0000001237
B1227095549022N01209861EA0000001236
B1227145549085N01209942EA0000001247
B1227255549122N01209775EA0000001234
B1227315549083N01209880EA0000001227
B1227385549179N01210006EA0000001220
B1227435549256N01210072EA0000001214
B1227555549454N01210200EA0000001199
B1228005549539N01210249EA0000001197
B1228085549681N01210320EA0000001183
B1228135549777N01210347EA0000001177
B1228185549876N01210363EA0000001169
B1228295550089N01210361EA0000001157
B1228345550182N01210346EA0000001158
B1228395550271N01210324EA0000001154
B1228515550497N01210279EA0000001127
B1228575550615N01210263EA0000001121
B1229065550790N01210242EA0000001110
B1229205551087N01210202EA0000001078
B1229275551241N01210174EA0000001071
B1229365551431N01210148EA0000001075
B1229435551566N01210149EA0000001074
B1229505551694N01210170EA0000001074
B1229555551783N01210190EA0000001071
B1230025551901N01210239EA0000001073
B1230105552041N01210303EA0000001077
B1230175552150N01210355EA0000001106
B1230225552218N01210385EA0000001115
B1230275552273N01210327EA0000001114
B1230325552246N01210218EA0000001107
B1230395552148N01210279EA0000001123
B1230445552099N01210374EA0000001128
B1230495552123N01210488EA0000001125
B1230545552171N01210414EA0000001115
B1231015552090N01210415EA0000001129
B1231065552117N01210532EA0000001134
B1231115552177N01210488EA0000001133
B1231185552148N01210329EA0000001138
B1231235552093N01210265EA0000001143
B1231285552035N01210321EA0000001139
B1231365552089N01210472EA0000001151
B1231415552120N01210372EA0000001145
B1231465552060N01210326EA0000001150
B1231525552027N01210474EA0000001162
B1231575552074N01210577EA0000001163
B1232025552118N01210500EA0000001142
B1232095552034N01210539EA0000001150
B1232145552061N01210670EA0000001151
B1232205552115N01210584EA0000001138
B1232265552050N01210494EA0000001156
B1232325551975N01210454EA0000001161
B1232375551942N01210350EA0000001157
B1232435552011N01210281EA0000001157
B1232485552039N01210404EA0000001149
B1233005551965N01210329EA0000001146
B1233055552038N01210352EA0000001148
B1233105552100N01210453EA0000001132
B1233175552185N01210623EA0000001125
B1233255552271N01210820EA0000001108
B1233315552340N01210953EA0000001095
B1233385552435N01211119EA0000001071
B1233445552522N01211257EA0000001067
B1233515552624N01211397EA0000001067
B1233575552710N01211515EA0000001057
B1234035552787N01211657EA0000001062
B1234085552840N01211780EA0000001062
B1234135552891N01211905EA0000001059
B1234185552943N01212037EA0000001059
B1234245552997N01212176EA0000001070
B1234295553044N01212295EA0000001053
B1234365553128N01212473EA0000001030
B1234415553197N01212610EA0000001016
B1234465553267N01212752EA0000001013
B1234515553334N01212890EA0000001017
B1234575553405N01213033EA0000001044
B1235025553458N01213130EA0000001050
B1235095553529N01213255EA0000001064
B1235165553612N01213277EA0000001071
B1235215553618N01213146EA0000001065
B1235265553545N01213133EA0000001064
B1235315553563N01213240EA0000001054
B1235375553650N01213246EA0000001073
B1235435553682N01213105EA0000001075
B1235485553613N01213058EA0000001076
B1235535553595N01213160EA0000001081
B1235585553655N01213206EA0000001091
B1236035553721N01213170EA0000001086
B1236085553715N01213033EA0000001081
B1236135553658N01213083EA0000001079
B1236185553714N01213161EA0000001087
B1236235553787N01213175EA0000001103
B1236285553849N01213216EA0000001121
B1236335553865N01213324EA0000001110
B1236405553776N01213316EA0000001108
B1236455553802N01213201EA0000001126
B1236505553860N01213242EA0000001130
B1236575553807N01213361EA0000001126
B1237035553768N01213238EA0000001132
B1237115553845N01213100EA0000001158
B1237165553906N01213128EA0000001154
B1237215553887N01213233EA0000001148
B1237265553824N01213195EA0000001151
B1237345553878N01213037EA0000001171
B1237395553941N01213008EA0000001172
B1237445553983N01212911EA0000001156
B1237495553933N01212808EA0000001150
B1237545553865N01212854EA0000001152
B1237595553825N01212955EA0000001162
B1238055553829N01213085EA0000001166
B1238105553896N01213021EA0000001167
B1238155553846N01212923EA0000001160
B1238205553813N01213030EA0000001174
B1238265553887N01213085EA0000001185
B1238315553911N01212964EA0000001176
B1238365553843N01212944EA0000001168
B1238435553840N01213111EA0000001184
B1238495553872N01213237EA0000001187
B1238575553939N01213406EA0000001176
B1239035554001N01213502EA0000001204
B1239105554072N01213587EA0000001193
B1239175554160N01213662EA0000001184
B1239245554264N01213741EA0000001155
B1239295554346N01213805EA0000001143
B1239355554446N01213891EA0000001139
B1239405554516N01213971EA0000001148
B1239475554616N01214063EA0000001141
B1239535554715N01214149EA0000001125
B1240015554844N01214260EA0000001124
B1240085554960N01214346EA0000001128
B1240135555036N01214392EA0000001156
B1240185555099N01214409EA0000001171
B1240235555142N01214309EA0000001154
B1240285555081N01214233EA0000001160
B1240345555080N01214353EA0000001157
B1240395555152N01214354EA0000001172
B1240445555166N01214230EA0000001173
B1240495555096N01214212EA0000001172
B1240555555129N01214305EA0000001174
B1241005555158N01214188EA0000001178
B1241055555087N01214165EA0000001180
B1241125555116N01214281EA0000001194
B1241175555178N01214228EA0000001193
B1241225555169N01214090EA0000001198
B1241295555089N01214105EA0000001205
B1241355555135N01214190EA0000001211
B1241405555181N01214091EA0000001201
B1241465555139N01213940EA0000001224
B1241515555081N01213969EA0000001215
B1242025555169N01214081EA0000001223
B1242075555203N01213960EA0000001226
B1242125555150N01213875EA0000001231
B1242195555115N01213997EA0000001227
B1242245555184N01213993EA0000001225
B1242295555203N01213855EA0000001234
B1242365555124N01213863EA0000001225
B1242425555171N01213974EA0000001238
B1243015555431N01214075EA0000001230
B1243175555674N01214248EA0000001206
B1243285555839N01214421EA0000001194
B1243365555966N01214569EA0000001175
B1243415556048N01214656EA0000001171
B1243485556169N01214771EA0000001135
B1244015556417N01214986EA0000001121
B1244065556508N01215054EA0000001121
B1244125556611N01215126EA0000001139
B1244225556769N01215230EA0000001120
B1244315556928N01215320EA0000001108
B1244385557054N01215394EA0000001099
B1244445557161N01215458EA0000001095
B1244545557344N01215589EA0000001073
B1245015557476N01215657EA0000001103
B1245105557591N01215630EA0000001107
B1245155557575N01215504EA0000001097
B1245215557496N01215499EA0000001107
B1245265557440N01215565EA0000001109
B1245315557393N01215649EA0000001114
B1245395557459N01215763EA0000001094
B1245455557502N01215615EA0000001098
B1245505557441N01215552EA0000001097
B1245585557437N01215707EA0000001095
B1246045557540N01215684EA0000001074
B1246105557654N01215672EA0000001066
B1246175557783N01215715EA0000001047
B1246225557874N01215769EA0000001039
B1246275557959N01215835EA0000001037
B1246365558115N01215953EA0000001017
B1246455558283N01216082EA0000001004
B1246555558477N01216207EA0000000985
B1247015558595N01216269EA0000000986
B1247085558733N01216341EA0000000962
B1247135558828N01216392EA0000000981
B1247185558904N01216438EA0000000998
B1247265559013N01216515EA0000001007
B1247325559095N01216546EA0000001023
B1247375559127N01216435EA0000001020
B1247425559066N01216379EA0000001026
B1247495559075N01216494EA0000001026
B1247545559111N01216392EA0000001024
B1247595559047N01216361EA0000001033
B1248045559053N01216461EA0000001039
B1248095559116N01216436EA0000001036
B1248165559072N01216296EA0000001042
B1248215559041N01216380EA0000001050
B1248265559099N01216422EA0000001050
B1248325559116N01216282EA0000001047
B1248375559051N01216273EA0000001060
B1248425559054N01216376EA0000001064
B1248495559126N01216312EA0000001049
B1248545559074N01216218EA0000001061
B1248595559023N01216290EA0000001072
B1249065559058N01216404EA0000001076
B1249115559109N01216317EA0000001080
B1249165559071N01216212EA0000001082
B1249235559011N01216299EA0000001091
B1249285559060N01216344EA0000001094
B1249335559093N01216234EA0000001091
B1249405559009N01216194EA0000001093
B1249455559013N01216302EA0000001103
B1249505559077N01216301EA0000001100
B1249575559055N01216147EA0000001108
B1250025559009N01216221EA0000001104
B1250075559056N01216272EA0000001113
B1250145559048N01216107EA0000001105
B1250195558996N01216155EA0000001111
B1250255559054N01216242EA0000001113
B1250315559149N01216250EA0000001120
B1250385559229N01216154EA0000001127
B1250435559182N01216057EA0000001125
B1250485559145N01216149EA0000001119
B1250535559205N01216230EA0000001128
B1250595559283N01216164EA0000001136
B1251055559241N01216028EA0000001130
B1251105559189N01216100EA0000001130
B1251155559219N01216208EA0000001133
B1251225559328N01216274EA0000001128
B1251275559378N01216353EA0000001153
B1251335559423N01216451EA0000001145
B1251395559481N01216562EA0000001125
B1251495559588N01216795EA0000001115
B1251565559667N01216937EA0000001156
B1252015559723N01216878EA0000001154
B1252065559685N01216765EA0000001149
B1252135559628N01216876EA0000001169
B1252185559649N01216972EA0000001169
B1252235559712N01216916EA0000001154
B1252305559641N01216807EA0000001157
B1252355559607N01216898EA0000001175
B1252405559649N01216966EA0000001166
B1252475559684N01216813EA0000001156
B1252525559616N01216813EA0000001151
B1252595559606N01216978EA0000001170
B1253055559635N01217103EA0000001151
B1253265559861N01217585EA0000001120
B1253325559930N01217710EA0000001098
B1253385600000N01217854EA0000001091
B1253455600078N01218014EA0000001111
B1253525600149N01218152EA0000001110
B1253575600201N01218257EA0000001093
B1254035600270N01218413EA0000001076
B1254085600329N01218547EA0000001092
B1254135600378N01218662EA0000001097
B1254185600433N01218782EA0000001079
B1254245600500N01218932EA0000001070
B1254295600557N01219060EA0000001067
B1254345600613N01219178EA0000001093
B1254405600667N01219282EA0000001102
B1254465600730N01219403EA0000001064
B1254525600801N01219546EA0000001043
B1255015600901N01219767EA0000001033
B1255085600985N01219939EA0000001016
B1255145601063N01220095EA0000001014
B1255205601137N01220247EA0000001013
B1255255601200N01220374EA0000001009
B1255305601261N01220504EA0000001012
B1255365601324N01220651EA0000001039
B1255425601374N01220768EA0000001057
B1255505601438N01220922EA0000001051
B1255585601476N01221107EA0000001050
B1256035601489N01221240EA0000001033
B1256085601499N01221390EA0000001029
B1256205601501N01221762EA0000001036
B1256285601496N01221979EA0000001025
B1256365601496N01222210EA0000001029
B1256435601500N01222408EA0000001030
B1256485601502N01222558EA0000001019
B1256575601500N01222839EA0000001011
B1257025601497N01222990EA0000001009
B1257075601494N01223138EA0000001005
B1257125601483N01223279EA0000001012
B1257185601461N01223429EA0000001001
B1257265601420N01223666EA0000000976
B1257345601376N01223918EA0000000976
B1257405601342N01224083EA0000000995
B1257455601315N01224219EA0000000995
B1257505601292N01224342EA0000001008
B1257565601270N01224485EA0000001010
B1258035601254N01224643EA0000001013
B1258095601246N01224790EA0000001010
B1258205601246N01225062EA0000001013
B1258265601249N01225204EA0000001025
B1258325601258N01225344EA0000001032
B1258385601271N01225482EA0000001047
B1258465601297N01225660EA0000001060
B1258525601322N01225788EA0000001074
B1258585601390N01225836EA0000001065
B1259035601424N01225713EA0000001068
B1259085601372N01225625EA0000001086
B1259135601327N01225696EA0000001089
B1259185601374N01225771EA0000001091
B1259235601424N01225673EA0000001087
B1259285601367N01225591EA0000001100
B1259335601346N01225690EA0000001107
B1259385601416N01225696EA0000001104
B1259435601422N01225563EA0000001115
B1259485601354N01225549EA0000001126
B1259535601336N01225653EA0000001136
B1259585601399N01225693EA0000001131
B1300035601434N01225571EA0000001132
B1300085601373N01225490EA0000001145
B1300135601309N01225527EA0000001163
B1300185601309N01225637EA0000001170
B1300235601378N01225651EA0000001170
B1300285601393N01225521EA0000001173
B1300335601328N01225506EA0000001173
B1300385601341N01225621EA0000001185
B1300435601409N01225572EA0000001186
B1300485601385N01225447EA0000001189
B1300535601329N01225501EA0000001196
B1300595601393N01225570EA0000001204
B1301045601417N01225445EA0000001210
B1301095601352N01225405EA0000001210
B1301145601341N01225514EA0000001226
B1301195601409N01225508EA0000001226
B1301245601403N01225375EA0000001234
B1301295601337N01225387EA0000001241
B1301345601360N01225494EA0000001248
B1301395601422N01225428EA0000001251
B1301445601372N01225339EA0000001251
B1301505601383N01225457EA0000001263
B1301555601438N01225375EA0000001273
B1302005601385N01225295EA0000001268
B1302065601368N01225410EA0000001288
B1302115601436N01225404EA0000001288
B1302165601446N01225274EA0000001296
B1302225601372N01225275EA0000001299
B1302275601391N01225387EA0000001305
B1302325601440N01225487EA0000001305
B1302395601486N01225659EA0000001306
B1302455601552N01225787EA0000001315
B1302505601615N01225861EA0000001308
B1302565601704N01225957EA0000001277
B1303025601814N01226072EA0000001235
B1303075601914N01226173EA0000001226
B1303145602049N01226319EA0000001228
B1303215602164N01226502EA0000001217
B1303265602226N01226662EA0000001214
B1303315602275N01226831EA0000001216
B1303385602337N01227061EA0000001216
B1303455602375N01227306EA0000001208
B1303535602410N01227582EA0000001210
B1303585602435N01227757EA0000001195
B1304045602472N01227965EA0000001209
B1304115602519N01228182EA0000001211
B1304175602559N01228367EA0000001207
B1304235602600N01228554EA0000001197
B1304315602659N01228810EA0000001192
B1304415602727N01229131EA0000001190
B1304495602783N01229389EA0000001186
B1304545602819N01229548EA0000001185
B1304595602850N01229713EA0000001178
B1305085602878N01230023EA0000001176
B1305135602870N01230190EA0000001169
B1305215602842N01230456EA0000001160
B1305265602827N01230616EA0000001158
B1305315602814N01230772EA0000001153
B1305365602801N01230925EA0000001149
B1305435602769N01231138EA0000001135
B1305485602709N01231252EA0000001135
B1305535602620N01231259EA0000001131
B1305585602541N01231162EA0000001124
B1306065602466N01230901EA0000001107
B1306125602418N01230697EA0000001102
B1306205602356N01230433EA0000001095
B1306255602315N01230274EA0000001091
B1306335602238N01230020EA0000001080
B1306385602183N01229858EA0000001074
B1306435602123N01229692EA0000001064
B1306485602062N01229530EA0000001056
B1306565601959N01229282EA0000001045
B1307035601869N01229075EA0000001042
B1307095601796N01228902EA0000001026
B1307155601723N01228718EA0000001000
B1307215601644N01228516EA0000000970
B1307265601570N01228348EA0000000971
B1307335601475N01228130EA0000000977
B1307405601382N01227911EA0000000967
B1307465601301N01227720EA0000000957
B1307515601233N01227556EA0000000953
B1307565601171N01227384EA0000000950
B1308055601060N01227060EA0000000929
B1308115600983N01226836EA0000000923
B1308165600917N01226657EA0000000935
B1308225600847N01226474EA0000000954
B1308325600743N01226189EA0000000945
B1308395600668N01225995EA0000000927
B1308445600610N01225846EA0000000918
B1308495600554N01225713EA0000000949
B1308575600479N01225534EA0000000978
B1309025600448N01225406EA0000000995
B1309075600479N01225290EA0000001004
B1309125600548N01225317EA0000001006
B1309175600517N01225435EA0000001014
B1309225600457N01225343EA0000001038
B1309275600516N01225270EA0000001039
B1309325600521N01225398EA0000001067
B1309375600446N01225390EA0000001086
B1309425600423N01225248EA0000001105
B1309475600469N01225145EA0000001119
B1309525600534N01225181EA0000001128
B1309575600526N01225294EA0000001147
B1310025600456N01225303EA0000001168
B1310075600430N01225180EA0000001175
B1310125600495N01225121EA0000001185
B1310175600520N01225224EA0000001201
B1310225600457N01225275EA0000001218
B1310275600446N01225146EA0000001222
B1310335600510N01225203EA0000001239
B1310385600442N01225226EA0000001265
B1310435600456N01225101EA0000001270
B1310485600498N01225180EA0000001274
B1310535600428N01225187EA0000001302
B1310585600441N01225060EA0000001307
B1311035600502N01225110EA0000001316
B1311095600441N01225199EA0000001344
B1311155600406N01225055EA0000001358
B1311205600472N01225009EA0000001365
B1311265600475N01225129EA0000001391
B1311315600405N01225111EA0000001404
B1311365600401N01224982EA0000001414
B1311435600484N01224996EA0000001425
B1311485600458N01225093EA0000001433
B1311535600379N01225078EA0000001455
B1311585600309N01225032EA0000001462
B1312045600222N01224965EA0000001463
B1312105600138N01224900EA0000001467
B1312195559991N01224804EA0000001464
B1312245559909N01224743EA0000001464
B1312305559806N01224671EA0000001461
B1312355559721N01224624EA0000001468
B1312425559609N01224577EA0000001470
B1312475559530N01224544EA0000001461
B1312535559420N01224511EA0000001431
B1312595559295N01224467EA0000001428
B1313045559195N01224420EA0000001425
B1313115559052N01224346EA0000001412
B1313185558908N01224264EA0000001411
B1313265558757N01224162EA0000001416
B1313315558670N01224100EA0000001427
B1313365558594N01224049EA0000001429
B1313415558510N01223992EA0000001409
B1313485558378N01223900EA0000001404
B1313545558277N01223837EA0000001428
B1313595558200N01223785EA0000001421
B1314045558114N01223729EA0000001399
B1314095558016N01223669EA0000001364
B1314175557834N01223569EA0000001338
B1314235557699N01223497EA0000001330
B1314285557591N01223437EA0000001327
B1314355557442N01223367EA0000001323
B1314425557290N01223313EA0000001307
B1314475557177N01223285EA0000001304
B1314525557081N01223270EA0000001354
B1314585556994N01223255EA0000001377
B1315035556925N01223273EA0000001386
B1315085556909N01223374EA0000001389
B1315135556973N01223381EA0000001392
B1315185556950N01223255EA0000001387
B1315235556909N01223336EA0000001393
B1315285556973N01223333EA0000001405
B1315335556955N01223208EA0000001409
B1315385556895N01223254EA0000001412
B1315445556949N01223321EA0000001420
B1315495556985N01223203EA0000001434
B1315545556926N01223143EA0000001429
B1315595556921N01223250EA0000001436
B1316045556979N01223187EA0000001436
B1316095556921N01223103EA0000001445
B1316145556905N01223204EA0000001460
B1316195556968N01223184EA0000001460
B1316245556949N01223054EA0000001471
B1316315556897N01223135EA0000001469
B1316365556963N01223111EA0000001478
B1316415556925N01223000EA0000001481
B1316485556920N01223111EA0000001482
B1316535556958N01222997EA0000001489
B1316585556911N01222885EA0000001510
B1317045556847N01222947EA0000001505
B1317105556907N01222999EA0000001521
B1317155556923N01222867EA0000001525
B1317205556856N01222825EA0000001534
B1317275556865N01222947EA0000001532
B1317345556921N01222807EA0000001548
B1317395556866N01222719EA0000001554
B1317455556809N01222796EA0000001554
B1317515556868N01222850EA0000001558
B1317565556898N01222734EA0000001555
B1318015556835N01222663EA0000001557
B1318065556789N01222737EA0000001562
B1318125556778N01222864EA0000001560
B1318215556687N01222978EA0000001547
B1318275556593N01222930EA0000001542
B1318355556477N01222961EA0000001540
B1318445556368N01223110EA0000001517
B1318515556266N01223244EA0000001491
B1318585556149N01223382EA0000001479
B1319045556047N01223502EA0000001475
B1319105555942N01223619EA0000001465
B1319155555854N01223710EA0000001464
B1319215555752N01223821EA0000001454
B1319295555628N01223987EA0000001448
B1319365555521N01224136EA0000001437
B1319425555431N01224268EA0000001435
B1319475555360N01224377EA0000001433
B1319535555273N01224492EA0000001431
B1320005555168N01224618EA0000001422
B1320055555091N01224715EA0000001410
B1320105555009N01224827EA0000001387
B1320155554924N01224954EA0000001371
B1320215554821N01225119EA0000001359
B1320285554702N01225295EA0000001366
B1320365554564N01225460EA0000001364
B1320415554479N01225560EA0000001358
B1320465554392N01225665EA0000001340
B1320515554300N01225779EA0000001327
B1320575554193N01225930EA0000001319
B1321025554112N01226068EA0000001318
B1321075554033N01226204EA0000001316
B1321155553915N01226430EA0000001310
B1321215553838N01226583EA0000001328
B1321275553766N01226730EA0000001318
B1321325553708N01226854EA0000001314
B1321375553659N01226969EA0000001323
B1321425553610N01227088EA0000001303
B1321475553558N01227228EA0000001289
B1321535553498N01227399EA0000001285
B1322005553431N01227599EA0000001283
B1322065553378N01227768EA0000001284
B1322145553308N01227993EA0000001284
B1322215553250N01228191EA0000001272
B1322275553183N01228357EA0000001260
B1322345553083N01228530EA0000001255
B1322445552922N01228756EA0000001245
B1322495552832N01228841EA0000001243
B1322545552729N01228847EA0000001243
B1323015552606N01228718EA0000001242
B1323075552552N01228503EA0000001229
B1323185552500N01228058EA0000001217
B1323245552473N01227818EA0000001219
B1323355552405N01227400EA0000001216
B1323425552359N01227154EA0000001222
B1323475552326N01226984EA0000001208
B1323525552292N01226800EA0000001194
B1324015552235N01226449EA0000001175
B1324095552186N01226118EA0000001144
B1324155552147N01225851EA0000001134
B1324265552077N01225384EA0000001131
B1324335552032N01225087EA0000001125
B1324395551998N01224835EA0000001122
B1324465551962N01224543EA0000001116
B1324515551942N01224353EA0000001137
B1324565551925N01224177EA0000001126
B1325045551889N01223881EA0000001103
B1325095551861N01223698EA0000001095
B1325175551816N01223403EA0000001069
B1325235551782N01223169EA0000001050
B1325315551742N01222843EA0000001038
B1325385551711N01222565EA0000001036
B1325475551667N01222203EA0000001015
B1325545551634N01221945EA0000001032
B1326035551627N01221609EA0000001003
B1326115551659N01221277EA0000000983
B1326165551690N01221070EA0000000969
B1326215551729N01220863EA0000000953
B1326295551808N01220536EA0000000936
B1326425551934N01220011EA0000000918
B1326475551981N01219810EA0000000911
B1326565552063N01219457EA0000000906
B1327025552116N01219223EA0000000891
B1327075552164N01219026EA0000000918
B1327125552194N01218891EA0000000971
B1327175552184N01218759EA0000000971
B1327245552104N01218781EA0000000984
B1327295552143N01218881EA0000000999
B1327345552214N01218913EA0000001023
B1327395552268N01218842EA0000001026
B1327445552243N01218723EA0000001037
B1327495552189N01218757EA0000001041
B1327545552224N01218847EA0000001052
B1328075552204N01218758EA0000001066
B1328125552261N01218798EA0000001078
B1328175552286N01218675EA0000001081
B1328235552216N01218645EA0000001091
B1328285552240N01218749EA0000001098
B1328335552305N01218705EA0000001110
B1328405552266N01218559EA0000001118
B1328455552231N01218643EA0000001125
B1328505552290N01218687EA0000001133
B1328565552315N01218541EA0000001136
B1329035552238N01218556EA0000001145
B1329085552287N01218627EA0000001157
B1329145552329N01218493EA0000001166
B1329195552270N01218425EA0000001174
B1329245552253N01218524EA0000001179
B1329315552328N01218440EA0000001192
B1329365552268N01218377EA0000001198
B1329415552268N01218487EA0000001204
B1329495552330N01218348EA0000001219
B1329585552284N01218447EA0000001238
B1330055552352N01218334EA0000001251
B1330105552294N01218278EA0000001259
B1330155552282N01218386EA0000001264
B1330225552365N01218318EA0000001274
B1330275552325N01218219EA0000001291
B1330325552274N01218279EA0000001297
B1330395552334N01218371EA0000001305
B1330445552380N01218263EA0000001308
B1330505552324N01218171EA0000001318
B1330565552300N01218287EA0000001324
B1331015552368N01218300EA0000001323
B1331065552379N01218160EA0000001324
B1331135552305N01218189EA0000001335
B1331195552369N01218270EA0000001338
B1331245552402N01218143EA0000001337
B1331315552323N01218119EA0000001349
B1331365552352N01218222EA0000001349
B1331415552417N01218153EA0000001341
B1331475552364N01218009EA0000001349
B1331525552310N01218075EA0000001355
B1331585552377N01218137EA0000001356
B1332045552395N01217984EA0000001361
B1332095552332N01217992EA0000001360
B1332145552359N01218095EA0000001359
B1332215552421N01217960EA0000001361
B1332265552357N01217920EA0000001361
B1332315552322N01218017EA0000001371
B1332385552376N01218123EA0000001360
B1332445552459N01218053EA0000001360
B1332515552564N01218013EA0000001352
B1332585552593N01218157EA0000001338
B1333035552521N01218169EA0000001318
B1333095552468N01217998EA0000001305
B1333145552448N01217825EA0000001299
B1333215552444N01217570EA0000001288
B1333265552469N01217412EA0000001330
B1333315552496N01217285EA0000001327
B1333385552537N01217070EA0000001295
B1333465552590N01216781EA0000001283
B1333545552648N01216491EA0000001284
B1334005552692N01216278EA0000001272
B1334065552737N01216057EA0000001259
B1334115552774N01215865EA0000001245
B1334195552821N01215548EA0000001236
B1334245552844N01215352EA0000001237
B1334315552875N01215094EA0000001238
B1334365552893N01214907EA0000001218
B1334465552938N01214503EA0000001203
B1334535552961N01214245EA0000001246
B1335005552975N01214016EA0000001220
B1335055552984N01213820EA0000001224
B1335115552998N01213625EA0000001255
B1335175553020N01213431EA0000001236
B1335275553086N01213109EA0000001239
B1335355553130N01212862EA0000001256
B1335475553181N01212500EA0000001285
B1335525553216N01212366EA0000001288
B1335575553280N01212394EA0000001296
B1336025553251N01212482EA0000001298
B1336095553156N01212425EA0000001326
B1336155553110N01212295EA0000001337
B1336205553152N01212180EA0000001329
B1336255553198N01212253EA0000001350
B1336315553131N01212238EA0000001348
B1336365553170N01212115EA0000001360
B1336415553226N01212168EA0000001379
B1336475553210N01212272EA0000001392
B1336525553147N01212232EA0000001394
B1336575553150N01212087EA0000001407
B1337025553215N01212047EA0000001417
B1337095553224N01212179EA0000001428
B1337145553159N01212169EA0000001436
B1337195553142N01212034EA0000001432
B1337265553245N01211988EA0000001447
B1337315553303N01212053EA0000001461
B1337365553302N01212156EA0000001464
B1337435553213N01212130EA0000001482
B1337485553227N01211987EA0000001485
B1337535553297N01212011EA0000001496
B1338025553221N01212055EA0000001521
B1338075553219N01211906EA0000001534
B1338125553284N01211835EA0000001547
B1338175553340N01211893EA0000001550
B1338235553309N01212010EA0000001553
B1338295553239N01211923EA0000001571
B1338345553263N01211767EA0000001577
B1338395553334N01211688EA0000001598
B1338445553395N01211740EA0000001598
B1338515553363N01211873EA0000001602
B1338565553302N01211811EA0000001615
B1339025553259N01211673EA0000001631
B1339085553209N01211515EA0000001633
B1339145553158N01211372EA0000001650
B1339195553119N01211236EA0000001642
B1339255553064N01211061EA0000001646
B1339315553004N01210855EA0000001631
B1339375552937N01210608EA0000001616
B1339495552789N01210088EA0000001618
B1339545552723N01209888EA0000001624
B1340015552629N01209620EA0000001620
B1340095552521N01209319EA0000001610
B1340195552387N01208966EA0000001617
B1340245552323N01208801EA0000001619
B1340425552098N01208237EA0000001625
B1341035551835N01207572EA0000001610
B1341255551528N01206844EA0000001553
B1341365551406N01206434EA0000001543
B1342105551019N01205120EA0000001488
B1342155551022N01204897EA0000001482
B1342205551084N01204705EA0000001465
B1342265551212N01204563EA0000001452
B1342315551330N01204516EA0000001451
B1342385551496N01204475EA0000001438
B1342445551630N01204442EA0000001439
B1342505551761N01204412EA0000001429
B1342585551931N01204390EA0000001419
B1343065552097N01204415EA0000001401
B1343115552202N01204459EA0000001390
B1343175552331N01204517EA0000001382
B1343225552419N01204619EA0000001389
B1343275552483N01204744EA0000001401
B1343325552537N01204843EA0000001420
B1343395552614N01204976EA0000001395
B1343465552699N01205144EA0000001374
B1343515552758N01205271EA0000001367
B1343575552829N01205424EA0000001363
B1344025552886N01205551EA0000001361
B1344075552945N01205670EA0000001373
B1344125553001N01205775EA0000001367
B1344175553064N01205888EA0000001351
B1344225553132N01206009EA0000001343
B1344275553201N01206130EA0000001341
B1344325553272N01206246EA0000001342
B1344395553365N01206387EA0000001342
B1344445553434N01206486EA0000001321
B1344535553572N01206682EA0000001299
B1344595553661N01206812EA0000001308
B1345045553725N01206907EA0000001310
B1345105553805N01207032EA0000001283
B1345205553948N01207273EA0000001262
B1345255554022N01207396EA0000001249
B1345315554107N01207542EA0000001246
B1345365554177N01207657EA0000001240
B1345465554316N01207886EA0000001225
B1345525554399N01208038EA0000001211
B1345575554463N01208173EA0000001205
B1346025554524N01208308EA0000001198
B1346075554580N01208441EA0000001220
B1346125554626N01208542EA0000001239
B1346185554682N01208671EA0000001216
B1346255554747N01208832EA0000001219
B1346305554788N01208947EA0000001211
B1346355554826N01209070EA0000001203
B1346405554862N01209207EA0000001192
B1346465554899N01209361EA0000001212
B1346515554933N01209478EA0000001207
B1346585554986N01209626EA0000001203
B1347055555057N01209782EA0000001182
B1347115555140N01209901EA0000001166
B1347225555262N01210168EA0000001158
B1347275555316N01210297EA0000001151
B1347325555370N01210424EA0000001158
B1347385555432N01210549EA0000001187
B1347455555495N01210659EA0000001184
B1347535555566N01210778EA0000001183
B1348005555635N01210922EA0000001148
B1348075555711N01211097EA0000001136
B1348145555790N01211262EA0000001152
B1348205555844N01211365EA0000001177
B1348275555910N01211475EA0000001171
B1348335555971N01211569EA0000001179
B1348385556027N01211633EA0000001192
B1348445556088N01211523EA0000001187
B1348495556031N01211448EA0000001194
B1348545555987N01211515EA0000001211
B1349025556055N01211568EA0000001208
B1349075556069N01211414EA0000001214
B1349125556004N01211400EA0000001214
B1349205556083N01211442EA0000001219
B1349255556063N01211293EA0000001221
B1349355556097N01211345EA0000001227
B1349405556065N01211201EA0000001234
B1349465556048N01211295EA0000001242
B1349525556094N01211163EA0000001241
B1349575556033N01211158EA0000001258
B1350065556108N01211201EA0000001261
B1350115556109N01211054EA0000001259
B1350185556042N01211090EA0000001263
B1350235556104N01211121EA0000001265
B1350285556127N01210976EA0000001266
B1350335556062N01210942EA0000001269
B1350395556086N01211049EA0000001268
B1350455556163N01210938EA0000001273
B1350505556118N01210830EA0000001278
B1350555556091N01210913EA0000001279
B1351015556177N01210953EA0000001289
B1351115556352N01210911EA0000001299
B1351195556486N01210881EA0000001306
B1351245556570N01210886EA0000001317
B1351345556734N01210884EA0000001317
B1351435556914N01210872EA0000001300
B1351535557115N01210882EA0000001293
B1352085557417N01210913EA0000001282
B1352135557510N01210951EA0000001282
B1352185557607N01210979EA0000001273
B1352245557733N01211007EA0000001257
B1352315557883N01211043EA0000001256
B1352375558017N01211073EA0000001244
B1352425558136N01211104EA0000001232
B1352495558301N01211168EA0000001232
B1353025558606N01211237EA0000001239
B1353105558807N01211236EA0000001206
B1353175558996N01211230EA0000001187
B1353255559220N01211175EA0000001165
B1353305559361N01211120EA0000001156
B1353355559502N01211069EA0000001137
B1353415559674N01211023EA0000001117
B1353495559913N01210985EA0000001096
B1354015600246N01210932EA0000001097
B1354095600461N01210893EA0000001081
B1354165600649N01210919EA0000001061
B1354235600817N01211047EA0000001057
B1354295600936N01211204EA0000001063
B1354355601054N01211352EA0000001058
B1354405601161N01211457EA0000001055
B1354475601314N01211598EA0000001048
B1354545601391N01211813EA0000001057
B1354595601326N01211942EA0000001048
B1355045601220N01211979EA0000001035
B1355115601059N01211900EA0000001017
B1355185600886N01211811EA0000000992
B1355235600759N01211762EA0000000985
B1355315600546N01211683EA0000000957
B1355365600406N01211641EA0000000940
B1355425600235N01211619EA0000000929
B1355485600064N01211616EA0000000903
B1355545559882N01211621EA0000000870
B1355595559727N01211641EA0000000869
B1356045559581N01211664EA0000000860
B1356095559435N01211693EA0000000839
B1356165559224N01211718EA0000000821
B1356225559047N01211732EA0000000827
B1356275558908N01211746EA0000000821
B1356335558736N01211764EA0000000795
B1356395558563N01211787EA0000000784
B1356455558397N01211816EA0000000779
B1356505558262N01211844EA0000000780
B1356565558095N01211885EA0000000762
B1357025557922N01211930EA0000000759
B1357075557778N01211965EA0000000752
B1357135557600N01212009EA0000000723
B1357185557446N01212055EA0000000710
B1357235557291N01212107EA0000000692
B1357305557075N01212181EA0000000675
B1357365556891N01212251EA0000000657
B1357435556681N01212329EA0000000649
B1357495556505N01212401EA0000000633
B1357545556358N01212468EA0000000631
B1358005556180N01212549EA0000000608
B1358055556029N01212620EA0000000594
B1358115555849N01212705EA0000000579
B1358175555670N01212785EA0000000578
B1358245555462N01212890EA0000000561
B1358295555317N01212964EA0000000553
B1358355555146N01213049EA0000000534
B1358405555004N01213115EA0000000512
B1358465554831N01213193EA0000000494
B1358525554658N01213269EA0000000472
B1358585554483N01213337EA0000000463
B1359035554347N01213390EA0000000481
B1359085554226N01213437EA0000000503
B1359135554121N01213478EA0000000516
B1359185554030N01213515EA0000000530
B1359295553841N01213569EA0000000532
B1359345553752N01213587EA0000000537
B1359435553589N01213577EA0000000523
B1359505553459N01213561EA0000000517
B1359565553346N01213541EA0000000511
B1400025553234N01213522EA0000000508
B1400085553127N01213501EA0000000503
B1400135553039N01213517EA0000000496
B1400195552971N01213644EA0000000507
B1400245553002N01213751EA0000000540
B1400315553099N01213661EA0000000540
B1400365553097N01213505EA0000000552
B1400415553028N01213476EA0000000551
B1400465553037N01213570EA0000000559
B1400535553092N01213427EA0000000563
B1400585553028N01213428EA0000000566
B1401035553072N01213500EA0000000571
B1401105553107N01213327EA0000000588
B1401155553043N01213304EA0000000592
B1401205553046N01213399EA0000000597
B1401275553136N01213322EA0000000601
B1401325553092N01213201EA0000000610
B1401375553054N01213267EA0000000611
B1401455553124N01213145EA0000000619
B1401505553054N01213112EA0000000630
B1401555553078N01213186EA0000000623
B1402015553111N01213017EA0000000639
B1402065553044N01212981EA0000000648
B1402115553051N01213069EA0000000651
B1402185553109N01212929EA0000000662
B1402235553043N01212895EA0000000660
B1402285553077N01212964EA0000000656
B1402355553066N01212796EA0000000672
B1402405553058N01212873EA0000000663
B1402455553117N01212779EA0000000672
B1402525553043N01212714EA0000000671
B1402585553101N01212774EA0000000671
B1403035553152N01212642EA0000000682
B1403095553101N01212517EA0000000672
B1403145553074N01212606EA0000000660
B1403195553143N01212641EA0000000667
B1403265553231N01212509EA0000000680
B1403315553203N01212389EA0000000655
B1403365553155N01212440EA0000000648
B1403435553236N01212498EA0000000643
B1403485553304N01212479EA0000000647
B1403535553369N01212437EA0000000636
B1404015553488N01212348EA0000000613
B1404105553580N01212118EA0000000601
B1404175553593N01211889EA0000000590
B1404235553598N01211678EA0000000571
B1404355553634N01211231EA0000000573
B1404405553679N01211080EA0000000585
B1404465553768N01210994EA0000000608
B1404515553834N01211014EA0000000621
B1404565553814N01211102EA0000000624
B1405015553767N01211006EA0000000643
B1405085553850N01210966EA0000000651
B1405145553815N01211051EA0000000676
B1405215553783N01210901EA0000000691
B1405275553863N01210866EA0000000697
B1405325553881N01210956EA0000000714
B1405375553822N01210967EA0000000722
B1405425553801N01210845EA0000000746
B1405475553850N01210754EA0000000749
B1405525553917N01210778EA0000000759
B1405595553899N01210885EA0000000773
B1406045553844N01210815EA0000000788
B1406095553868N01210686EA0000000804
B1406165553954N01210701EA0000000815
B1406215553940N01210787EA0000000824
B1406265553878N01210751EA0000000831
B1406325553900N01210595EA0000000853
B1406375553967N01210608EA0000000864
B1406425553956N01210690EA0000000871
B1406495553908N01210547EA0000000881
B1406545553971N01210469EA0000000904
B1406595554021N01210525EA0000000908
B1407065553972N01210591EA0000000910
B1407115553928N01210478EA0000000922
B1407165553959N01210350EA0000000940
B1407235554037N01210381EA0000000948
B1407285553998N01210442EA0000000945
B1407345553948N01210313EA0000000963
B1407405554014N01210212EA0000000974
B1407485554030N01210324EA0000000979
B1407535553969N01210277EA0000000992
B1407585553971N01210148EA0000001003
B1408035554040N01210098EA0000001011
B1408105554076N01210201EA0000001018
B1408155554023N01210234EA0000001026
B1408205553977N01210145EA0000001044
B1408255553990N01210014EA0000001051
B1408315554068N01209950EA0000001070
B1408365554112N01210005EA0000001070
B1408415554104N01210090EA0000001076
B1408485554024N01210087EA0000001079
B1408545554008N01209932EA0000001096
B1408595554065N01209845EA0000001112
B1409045554119N01209888EA0000001112
B1409095554115N01209973EA0000001121
B1409145554060N01209988EA0000001117
B1409195554004N01209898EA0000001133
B1409255553989N01209737EA0000001147
B1409305554034N01209626EA0000001153
B1409355554102N01209634EA0000001152
B1409415554095N01209740EA0000001156
B1409465554030N01209686EA0000001160
B1409515554040N01209538EA0000001167
B1409565554113N01209520EA0000001168
B1410015554111N01209610EA0000001179
B1410065554047N01209579EA0000001182
B1410155554024N01209340EA0000001198
B1410205554083N01209250EA0000001201
B1410255554146N01209276EA0000001201
B1410315554140N01209382EA0000001207
B1410365554080N01209360EA0000001204
B1410415554079N01209213EA0000001203
B1410465554148N01209195EA0000001205
B1410515554133N01209284EA0000001203
B1410565554073N01209228EA0000001211
B1411015554065N01209087EA0000001219
B1411065554090N01208953EA0000001230
B1411115554133N01208844EA0000001238
B1411165554197N01208795EA0000001234
B1411215554255N01208835EA0000001236
B1411265554267N01208922EA0000001227
B1411315554223N01209009EA0000001217
B1411385554121N01209031EA0000001235
B1411435554058N01209006EA0000001244
B1411485553991N01208974EA0000001254
B1411565553921N01208842EA0000001270
B1412015553980N01208741EA0000001268
B1412065554029N01208796EA0000001285
B1412115553986N01208853EA0000001278
B1412165553937N01208746EA0000001301
B1412215553975N01208619EA0000001298
B1412265554043N01208648EA0000001307
B1412315554029N01208740EA0000001312
B1412375553949N01208730EA0000001328
B1412425553930N01208598EA0000001334
B1412475553996N01208528EA0000001345
B1412525554034N01208606EA0000001354
B1412575553990N01208663EA0000001364
B1413025553939N01208579EA0000001369
B1413075553962N01208440EA0000001370
B1413125554034N01208426EA0000001388
B1413195554034N01208545EA0000001397
B1413245553975N01208529EA0000001408
B1413295553955N01208396EA0000001405
B1413365554038N01208296EA0000001421
B1413415554065N01208380EA0000001430
B1413465554014N01208416EA0000001441
B1413535553995N01208241EA0000001440
B1413585554066N01208229EA0000001447
B1414035554047N01208314EA0000001452
B1414105554004N01208150EA0000001461
B1414155554075N01208093EA0000001469
B1414205554094N01208188EA0000001479
B1414275554018N01208147EA0000001487
B1414325554030N01208004EA0000001495
B1414375554102N01207962EA0000001499
B1414445554127N01208078EA0000001509
B1414495554070N01208081EA0000001512
B1414545554038N01207961EA0000001516
B1415015554107N01207809EA0000001520
B1415065554175N01207833EA0000001528
B1415115554189N01207919EA0000001529
B1415185554116N01207928EA0000001531
B1415235554094N01207795EA0000001532
B1415285554149N01207683EA0000001532
B1415355554218N01207778EA0000001532
B1415405554190N01207852EA0000001544
B1415475554113N01207804EA0000001546
B1415535554046N01207723EA0000001535
B1415585553977N01207712EA0000001530
B1416035553906N01207738EA0000001525
B1416105553806N01207784EA0000001526
B1416165553730N01207812EA0000001532
B1416225553646N01207846EA0000001516
B1416275553571N01207895EA0000001507
B1416355553454N01207986EA0000001502
B1416435553341N01208073EA0000001488
B1416495553251N01208157EA0000001474
B1417005553097N01208322EA0000001501
B1417065553031N01208389EA0000001532
B1417115552979N01208441EA0000001532
B1417175552914N01208524EA0000001551
B1417225552862N01208589EA0000001579
B1417275552812N01208649EA0000001595
B1417345552724N01208750EA0000001588
B1417405552644N01208842EA0000001587
B1417475552547N01208946EA0000001566
B1417555552430N01209116EA0000001537
B1418015552342N01209254EA0000001539
B1418085552237N01209370EA0000001537
B1418135552162N01209460EA0000001528
B1418185552096N01209564EA0000001535
B1418265551999N01209738EA0000001532
B1418345551904N01209910EA0000001543
B1418395551843N01210014EA0000001555
B1418455551766N01210135EA0000001565
B1418515551701N01210232EA0000001596
B1418595551615N01210371EA0000001573
B1419075551504N01210542EA0000001558
B1419125551419N01210624EA0000001572
B1419185551321N01210645EA0000001598
B1419245551211N01210637EA0000001547
B1419305551077N01210631EA0000001534
B1419355550971N01210622EA0000001534
B1419445550774N01210595EA0000001503
B1419495550664N01210590EA0000001504
B1419575550494N01210580EA0000001491
B1420285549838N01210380EA0000001459
B1421005549225N01209965EA0000001436
B1421115549021N01209796EA0000001419
B1421185548888N01209690EA0000001409
B1421315548635N01209512EA0000001394
B1421515548252N01209304EA0000001406
B1422315547589N01209021EA0000001405
B1422395547484N01209109EA0000001425
B1422445547449N01209226EA0000001432
B1422505547421N01209358EA0000001461
B1422565547402N01209479EA0000001457
B1423025547383N01209626EA0000001445
B1423085547363N01209784EA0000001430
B1423135547341N01209921EA0000001439
B1423195547321N01210060EA0000001446
B1423255547301N01210210EA0000001425
B1423305547282N01210348EA0000001420
B1423385547253N01210554EA0000001423
B1423435547238N01210675EA0000001412
B1423495547224N01210842EA0000001393
B1423545547217N01210993EA0000001390
B1424005547207N01211153EA0000001415
B1424085547193N01211339EA0000001412
B1424185547153N01211573EA0000001410
B1424255547119N01211731EA0000001425
B1424335547087N01211888EA0000001428
B1424385547069N01211992EA0000001420
B1424435547052N01212104EA0000001409
B1424505547029N01212266EA0000001397
B1424555547014N01212392EA0000001388
B1425045546989N01212610EA0000001411
B1425095546978N01212713EA0000001426
B1425185546953N01212901EA0000001419
B1425235546936N01213012EA0000001411
B1425305546903N01213173EA0000001404
B1425375546862N01213330EA0000001392
B1425435546823N01213468EA0000001389
B1425505546778N01213638EA0000001373
B1425555546750N01213766EA0000001370
B1426025546720N01213947EA0000001350
B1426095546693N01214133EA0000001349
B1426155546672N01214286EA0000001347
B1426215546649N01214450EA0000001340
B1426265546632N01214588EA0000001342
B1426335546615N01214770EA0000001339
B1426405546592N01214950EA0000001324
B1426475546547N01215132EA0000001300
B1426535546513N01215301EA0000001294
B1427005546484N01215494EA0000001287
B1427065546420N01215622EA0000001281
B1427145546292N01215664EA0000001271
B1427205546195N01215677EA0000001271
B1427255546118N01215697EA0000001266
B1427315546025N01215751EA0000001254
B1427365545954N01215822EA0000001273
B1427415545919N01215901EA0000001291
B1427475545969N01215990EA0000001276
B1427525546044N01215934EA0000001283
B1427575546081N01215804EA0000001289
B1428025546070N01215664EA0000001286
B1428095546001N01215518EA0000001299
B1428145545939N01215494EA0000001300
B1428195545914N01215589EA0000001289
B1428245545977N01215653EA0000001290
B1428295546040N01215554EA0000001282
B1428355546085N01215379EA0000001285
B1428405546125N01215248EA0000001293
B1428475546180N01215064EA0000001278
B1428525546224N01214912EA0000001271
B1428585546264N01214741EA0000001285
B1429035546299N01214597EA0000001266
B1429095546333N01214401EA0000001272
B1429145546348N01214255EA0000001290
B1429205546363N01214093EA0000001286
B1429265546380N01213922EA0000001307
B1429315546382N01213787EA0000001319
B1429375546375N01213632EA0000001334
B1429435546313N01213560EA0000001332
B1429485546289N01213654EA0000001336
B1429535546360N01213694EA0000001330
B1430005546398N01213528EA0000001357
B1430055546336N01213522EA0000001345
B1430105546360N01213639EA0000001360
B1430175546454N01213707EA0000001383
B1430225546527N01213695EA0000001388
B1430275546576N01213594EA0000001395
B1430345546522N01213475EA0000001393
B1430395546493N01213570EA0000001395
B1430445546546N01213660EA0000001410
B1430515546657N01213681EA0000001420
B1430575546747N01213672EA0000001424
B1431035546840N01213628EA0000001417
B1431085546922N01213576EA0000001406
B1431145547031N01213512EA0000001379
B1431195547135N01213446EA0000001351
B1431255547267N01213349EA0000001337
B1431345547461N01213187EA0000001340
B1431425547632N01213053EA0000001341
B1431495547782N01212953EA0000001333
B1431545547892N01212886EA0000001315
B1431595548008N01212824EA0000001303
B1432045548121N01212769EA0000001308
B1432125548288N01212662EA0000001308
B1432205548444N01212521EA0000001308
B1432295548607N01212368EA0000001306
B1432365548741N01212249EA0000001280
B1432425548865N01212140EA0000001272
B1433015549262N01211761EA0000001244
B1433065549368N01211651EA0000001235
B1433115549470N01211538EA0000001234
B1433175549592N01211411EA0000001227
B1433235549714N01211280EA0000001215
B1433285549816N01211167EA0000001212
B1433365549980N01211004EA0000001212
B1433435550120N01210875EA0000001215
B1433485550219N01210792EA0000001217
B1433545550335N01210703EA0000001216
B1433595550429N01210635EA0000001209
B1434045550524N01210569EA0000001200
B1434095550621N01210497EA0000001189
B1434155550745N01210419EA0000001179
B1434205550847N01210354EA0000001188
B1434275550979N01210256EA0000001179
B1434335551097N01210160EA0000001170
B1434405551236N01210000EA0000001143
B1434495551415N01209730EA0000001105
B1434545551523N01209581EA0000001097
B1434595551631N01209471EA0000001131
B1435055551733N01209372EA0000001179
B1435105551799N01209296EA0000001191
B1435165551798N01209141EA0000001189
B1435235551733N01209202EA0000001207
B1435295551806N01209247EA0000001213
B1435345551814N01209117EA0000001205
B1435395551751N01209151EA0000001222
B1435445551796N01209248EA0000001229
B1435495551843N01209141EA0000001224
B1435565551786N01209183EA0000001244
B1436015551856N01209170EA0000001242
B1436065551830N01209053EA0000001251
B1436135551803N01209165EA0000001267
B1436185551875N01209143EA0000001265
B1436235551857N01209026EA0000001271
B1436305551788N01209115EA0000001289
B1436355551826N01209210EA0000001292
B1436405551894N01209150EA0000001286
B1436475551830N01209045EA0000001309
B1436525551821N01209154EA0000001318
B1436575551891N01209185EA0000001320
B1437045551919N01209021EA0000001327
B1437095551855N01209000EA0000001350
B1437145551851N01209105EA0000001345
B1437215551952N01209083EA0000001352
B1437315551927N01208856EA0000001381
B1437385551879N01208968EA0000001398
B1437435551953N01208993EA0000001394
B1437505551973N01208806EA0000001422
B1437555551909N01208794EA0000001436
B1438015551929N01208929EA0000001447
B1438085551993N01208801EA0000001460
B1438135551927N01208782EA0000001474
B1438185551937N01208904EA0000001487
B1438255552012N01208799EA0000001488
B1438305551947N01208764EA0000001509
B1438355551963N01208879EA0000001516
B1438415552031N01208785EA0000001519
B1438465551978N01208698EA0000001540
B1438525551935N01208799EA0000001554
B1439035552040N01208728EA0000001557
B1439085551977N01208694EA0000001573
B1439135551966N01208808EA0000001578
B1439215552046N01208720EA0000001567
B1439265551976N01208691EA0000001580
B1439325551927N01208808EA0000001584
B1439375551991N01208863EA0000001567
B1439455552014N01208627EA0000001566
B1439505551964N01208530EA0000001585
B1439555551924N01208620EA0000001586
B1440025552025N01208669EA0000001592
B1440075552107N01208610EA0000001589
B1440125552197N01208549EA0000001597
B1440175552276N01208497EA0000001629
B1440225552344N01208455EA0000001617
B1440275552436N01208408EA0000001587
B1440335552558N01208341EA0000001581
B1440405552706N01208256EA0000001562
B1440465552836N01208182EA0000001563
B1440525552959N01208105EA0000001558
B1440585553089N01208029EA0000001541
B1441045553221N01207953EA0000001541
B1441105553346N01207881EA0000001551
B1441185553507N01207803EA0000001538
B1441235553616N01207758EA0000001525
B1441305553764N01207707EA0000001534
B1441355553862N01207676EA0000001527
B1441405553968N01207658EA0000001513
B1441485554134N01207679EA0000001519
B1441545554253N01207746EA0000001530
B1442015554354N01207874EA0000001563
B1442065554424N01207965EA0000001564
B1442115554505N01208011EA0000001583
B1442205554658N01208038EA0000001580
B1442345554919N01208041EA0000001550
B1442405555043N01208046EA0000001537
B1442465555173N01208036EA0000001528
B1442545555352N01208027EA0000001509
B1443015555502N01208040EA0000001513
B1443095555671N01208059EA0000001509
B1443175555837N01208102EA0000001516
B1443255555991N01208173EA0000001517
B1443305556093N01208203EA0000001520
B1443365556199N01208216EA0000001539
B1443445556349N01208241EA0000001504
B1443525556517N01208280EA0000001492
B1443575556625N01208294EA0000001489
B1444095556878N01208318EA0000001488
B1444165557022N01208320EA0000001482
B1444265557230N01208324EA0000001471
B1444335557373N01208330EA0000001464
B1444425557562N01208333EA0000001452
B1444515557754N01208341EA0000001445
B1444565557859N01208337EA0000001456
B1445085558069N01208309EA0000001456
B1445165558216N01208316EA0000001445
B1445235558349N01208328EA0000001462
B1445285558437N01208334EA0000001470
B1445345558533N01208348EA0000001487
B1445395558608N01208364EA0000001485
B1445465558701N01208441EA0000001488
B1445515558740N01208535EA0000001490
B1445565558753N01208637EA0000001501
B1446015558754N01208732EA0000001501
B1446065558755N01208828EA0000001496
B1446125558767N01208956EA0000001477
B1446195558834N01209130EA0000001452
B1446245558907N01209233EA0000001453
B1446295558976N01209325EA0000001460
B1446345559040N01209411EA0000001459
B1446405559118N01209511EA0000001451
B1446465559194N01209612EA0000001443
B1446515559253N01209714EA0000001440
B1446575559306N01209824EA0000001452
B1447035559348N01209939EA0000001440
B1447145559421N01210164EA0000001467
B1447195559450N01210252EA0000001481
B1447265559487N01210390EA0000001468
B1447315559516N01210491EA0000001467
B1447365559547N01210589EA0000001465
B1447425559586N01210717EA0000001467
B1447485559628N01210834EA0000001482
B1447545559674N01210958EA0000001469
B1448035559755N01211166EA0000001468
B1448085559800N01211291EA0000001464
B1448135559845N01211418EA0000001476
B1448195559900N01211576EA0000001463
B1448265559980N01211793EA0000001430
B1448325600046N01212016EA0000001429
B1448395600123N01212282EA0000001447
B1448455600192N01212492EA0000001462
B1448505600248N01212658EA0000001475
B1448565600305N01212827EA0000001509
B1449015600343N01212949EA0000001511
B1449085600397N01213127EA0000001492
B1449135600445N01213259EA0000001484
B1449215600519N01213481EA0000001475
B1449265600570N01213617EA0000001471
B1449315600623N01213756EA0000001461
B1449375600680N01213940EA0000001453
B1449425600724N01214101EA0000001445
B1449515600805N01214399EA0000001442
B1449565600848N01214563EA0000001441
B1450015600889N01214723EA0000001437
B1450095600951N01214983EA0000001428
B1450145600990N01215143EA0000001423
B1450225601056N01215398EA0000001417
B1450295601110N01215603EA0000001424
B1450375601165N01215844EA0000001411
B1450455601223N01216093EA0000001400
B1450515601265N01216284EA0000001391
B1450565601302N01216442EA0000001387
B1451085601390N01216827EA0000001366
B1451175601456N01217120EA0000001362
B1451245601504N01217341EA0000001351
B1451295601534N01217505EA0000001341
B1451345601562N01217671EA0000001333
B1451405601597N01217867EA0000001324
B1451465601628N01218060EA0000001315
B1451525601653N01218264EA0000001294
B1451575601667N01218442EA0000001286
B1452035601676N01218652EA0000001284
B1452095601683N01218852EA0000001282
B1452265601684N01219421EA0000001267
B1452315601680N01219590EA0000001258
B1452365601672N01219758EA0000001265
B1452415601658N01219909EA0000001273
B1452485601615N01220092EA0000001271
B1452545601556N01220230EA0000001260
B1452595601498N01220336EA0000001257
B1453045601434N01220434EA0000001252
B1453115601334N01220561EA0000001254
B1453165601259N01220630EA0000001273
B1453215601194N01220674EA0000001288
B1453285601108N01220734EA0000001292
B1453345601082N01220851EA0000001296
B1453395601138N01220905EA0000001290
B1453445601203N01220817EA0000001288
B1453515601204N01220609EA0000001290
B1453565601195N01220461EA0000001295
B1454015601225N01220324EA0000001300
B1454065601297N01220271EA0000001301
B1454115601353N01220339EA0000001303
B1454165601332N01220441EA0000001306
B1454215601265N01220420EA0000001308
B1454265601254N01220283EA0000001305
B1454315601323N01220202EA0000001308
B1454365601397N01220236EA0000001310
B1454415601417N01220339EA0000001322
B1454465601366N01220401EA0000001317
B1454515601300N01220352EA0000001323
B1454565601273N01220225EA0000001323
B1455045601315N01220014EA0000001325
B1455105601361N01219851EA0000001321
B1455155601402N01219716EA0000001320
B1455205601437N01219579EA0000001314
B1455265601487N01219417EA0000001316
B1455315601529N01219282EA0000001319
B1455375601574N01219118EA0000001317
B1455435601609N01218944EA0000001323
B1455485601631N01218805EA0000001337
B1455535601649N01218671EA0000001342
B1455595601618N01218527EA0000001352
B1456045601559N01218540EA0000001355
B1456095601559N01218649EA0000001361
B1456155601646N01218686EA0000001364
B1456205601708N01218578EA0000001367
B1456255601718N01218416EA0000001368
B1456305601692N01218246EA0000001359
B1456365601642N01218024EA0000001346
B1456415601567N01217873EA0000001344
B1456465601471N01217817EA0000001355
B1456525601359N01217838EA0000001357
B1456585601265N01217879EA0000001383
B1457045601187N01217912EA0000001388
B1457095601120N01217933EA0000001382
B1457145601049N01217952EA0000001379
B1457215600949N01217991EA0000001372
B1457265600896N01218066EA0000001372
B1457315600877N01218177EA0000001366
B1457365600891N01218296EA0000001364
B1457415600922N01218414EA0000001354
B1457465600954N01218540EA0000001348
B1457525600923N01218685EA0000001346
B1457575600844N01218713EA0000001339
B1458035600735N01218684EA0000001331
B1458085600645N01218669EA0000001339
B1458135600561N01218644EA0000001335
B1458185600471N01218615EA0000001324
B1458245600361N01218594EA0000001320
B1458295600268N01218569EA0000001317
B1458385600098N01218501EA0000001309
B1458435600004N01218461EA0000001307
B1458495559894N01218442EA0000001302
B1458545559801N01218435EA0000001294
B1459025559648N01218398EA0000001282
B1459085559537N01218365EA0000001281
B1459135559448N01218328EA0000001276
B1459195559347N01218270EA0000001287
B1459255559257N01218211EA0000001275
B1459335559125N01218095EA0000001256
B1459425558988N01217922EA0000001249
B1459545558808N01217695EA0000001239
B1500015558702N01217555EA0000001232
B1500075558616N01217429EA0000001230
B1500145558517N01217279EA0000001230
B1500205558434N01217157EA0000001228
B1500265558353N01217025EA0000001224
B1500335558260N01216873EA0000001221
B1500405558168N01216714EA0000001216
B1500485558067N01216547EA0000001215
B1500545557989N01216422EA0000001201
B1501025557890N01216227EA0000001198
B1501135557769N01215953EA0000001208
B1501185557709N01215837EA0000001216
B1501235557647N01215780EA0000001229
B1501285557597N01215831EA0000001216
B1501335557605N01215929EA0000001211
B1501395557683N01215930EA0000001197
B1501475557767N01215758EA0000001206
B1501525557776N01215619EA0000001202
B1501575557721N01215544EA0000001197
B1502025557680N01215610EA0000001190
B1502075557726N01215675EA0000001194
B1502135557766N01215531EA0000001190
B1502185557705N01215457EA0000001187
B1502235557657N01215516EA0000001185
B1502305557709N01215623EA0000001193
B1502355557779N01215601EA0000001195
B1502405557826N01215491EA0000001201
B1502475557795N01215318EA0000001194
B1502525557733N01215313EA0000001186
B1502575557719N01215400EA0000001177
B1503045557809N01215397EA0000001176
B1503095557824N01215254EA0000001179
B1503145557776N01215152EA0000001166
B1503215557688N01215167EA0000001160
B1503265557678N01215256EA0000001158
B1503335557761N01215273EA0000001150
B1503385557780N01215129EA0000001142
B1503475557659N01215025EA0000001129
B1503525557629N01215107EA0000001132
B1503595557676N01215244EA0000001113
B1504045557705N01215358EA0000001113
B1504095557713N01215480EA0000001113
B1504165557714N01215642EA0000001115
B1504245557715N01215818EA0000001120
B1504295557719N01215924EA0000001133
B1504345557735N01216013EA0000001145
B1504395557789N01216058EA0000001137
B1504465557854N01215913EA0000001136
B1504525557814N01215758EA0000001152
B1504575557764N01215664EA0000001152
B1505035557692N01215663EA0000001158
B1505125557736N01215774EA0000001161
B1505205557758N01215576EA0000001166
B1505255557693N01215561EA0000001170
B1505335557727N01215666EA0000001170
B1505385557771N01215547EA0000001179
B1505435557727N01215442EA0000001184
B1505485557676N01215494EA0000001181
B1505535557715N01215567EA0000001184
B1505585557774N01215480EA0000001190
B1506035557758N01215345EA0000001200
B1506105557673N01215342EA0000001189
B1506155557678N01215437EA0000001185
B1506205557735N01215491EA0000001192
B1506315557880N01215518EA0000001203
B1506365557948N01215474EA0000001208
B1506445557961N01215268EA0000001211
B1506495557897N01215243EA0000001207
B1506545557882N01215345EA0000001200
B1507055558021N01215281EA0000001216
B1507105558010N01215148EA0000001222
B1507155557953N01215091EA0000001218
B1507205557905N01215148EA0000001216
B1507255557914N01215249EA0000001216
B1507325557997N01215293EA0000001224
B1507375558060N01215216EA0000001225
B1507435558091N01215059EA0000001227
B1507485558070N01214931EA0000001229
B1507535558017N01214859EA0000001230
B1507595557943N01214860EA0000001223
B1508045557879N01214878EA0000001219
B1508095557803N01214863EA0000001213
B1508165557697N01214809EA0000001232
B1508265557559N01214742EA0000001212
B1508315557485N01214740EA0000001209
B1508385557380N01214748EA0000001200
B1508455557271N01214773EA0000001194
B1508515557180N01214803EA0000001193
B1509005557040N01214845EA0000001187
B1509055556964N01214867EA0000001188
B1509115556878N01214887EA0000001187
B1509185556777N01214908EA0000001184
B1509265556663N01214937EA0000001180
B1509345556543N01214928EA0000001176
B1509395556471N01214916EA0000001175
B1509515556300N01214927EA0000001164
B1509595556189N01214976EA0000001156
B1510085556063N01215046EA0000001147
B1510155555968N01215127EA0000001140
B1510215555892N01215210EA0000001138
B1510265555829N01215279EA0000001134
B1510315555764N01215343EA0000001131
B1510365555700N01215407EA0000001130
B1510425555631N01215489EA0000001127
B1510475555581N01215573EA0000001129
B1510535555537N01215686EA0000001136
B1510595555509N01215809EA0000001143
B1511045555485N01215917EA0000001142
B1511095555426N01215940EA0000001142
B1511165555383N01215780EA0000001127
B1511215555416N01215648EA0000001127
B1511275555482N01215532EA0000001143
B1511345555574N01215502EA0000001148
B1511395555596N01215600EA0000001139
B1511445555539N01215644EA0000001143
B1511495555491N01215552EA0000001154
B1511545555512N01215422EA0000001153
B1512015555601N01215428EA0000001165
B1512065555595N01215528EA0000001163
B1512115555532N01215529EA0000001168
B1512175555502N01215389EA0000001178
B1512255555599N01215306EA0000001182
B1512315555621N01215421EA0000001186
B1512365555567N01215462EA0000001180
B1512415555510N01215386EA0000001193
B1512465555508N01215251EA0000001201
B1512535555594N01215193EA0000001198
B1512585555594N01215295EA0000001197
B1513035555525N01215278EA0000001206
B1513085555505N01215139EA0000001211
B1513145555586N01215087EA0000001214
B1513195555611N01215202EA0000001223
B1513245555574N01215278EA0000001239
B1513325555496N01215152EA0000001238
B1513385555561N01215044EA0000001243
B1513435555598N01215129EA0000001240
B1513485555546N01215198EA0000001249
B1513535555482N01215146EA0000001256
B1513585555474N01215006EA0000001259
B1514065555571N01214960EA0000001260
B1514115555566N01215067EA0000001269
B1514175555492N01215059EA0000001283
B1514225555460N01214938EA0000001287
B1514275555486N01214811EA0000001294
B1514345555577N01214765EA0000001292
B1514395555617N01214847EA0000001293
B1514445555601N01214943EA0000001298
B1514495555540N01214962EA0000001311
B1514565555461N01214876EA0000001314
B1515015555448N01214738EA0000001315
B1515085555524N01214624EA0000001313
B1515135555570N01214696EA0000001309
B1515195555543N01214822EA0000001321
B1515245555509N01214898EA0000001330
B1515305555478N01215009EA0000001321
B1515365555457N01215123EA0000001324
B1515415555434N01215216EA0000001318
B1515475555404N01215329EA0000001316
B1515525555383N01215432EA0000001310
B1515585555363N01215560EA0000001305
B1516045555343N01215699EA0000001295
B1516105555325N01215834EA0000001294
B1516185555303N01216012EA0000001284
B1516275555290N01216223EA0000001280
B1516335555277N01216364EA0000001276
B1516405555248N01216513EA0000001275
B1516465555223N01216644EA0000001268
B1516515555226N01216764EA0000001265
B1517045555324N01217035EA0000001259
B1517125555390N01217188EA0000001254
B1517195555460N01217299EA0000001249
B1517255555534N01217381EA0000001242
B1517315555607N01217460EA0000001245
B1517365555668N01217520EA0000001241
B1517415555735N01217570EA0000001241
B1517475555813N01217613EA0000001240
B1517545555919N01217613EA0000001225
B1518025556038N01217487EA0000001210
B1518085556106N01217336EA0000001211
B1518135556142N01217189EA0000001203
B1518215556151N01216931EA0000001201
B1518265556115N01216786EA0000001192
B1518315556048N01216693EA0000001194
B1518365555971N01216669EA0000001199
B1518415555897N01216664EA0000001206
B1518495555779N01216672EA0000001199
B1518555555697N01216704EA0000001195
B1519005555640N01216766EA0000001194
B1519065555593N01216874EA0000001192
B1519145555543N01217036EA0000001183
B1519215555465N01217142EA0000001183
B1519275555378N01217157EA0000001178
B1519365555246N01217156EA0000001174
B1519415555178N01217174EA0000001170
B1519495555068N01217214EA0000001163
B1519575554958N01217251EA0000001162
B1520025554889N01217270EA0000001159
B1520105554775N01217286EA0000001159
B1520155554705N01217268EA0000001157
B1520205554639N01217200EA0000001155
B1520255554597N01217077EA0000001157
B1520325554581N01216869EA0000001157
B1520385554567N01216691EA0000001155
B1520495554537N01216368EA0000001155
B1520585554505N01216112EA0000001150
B1521045554491N01215940EA0000001145
B1521095554509N01215795EA0000001143
B1521145554567N01215689EA0000001142
B1521225554695N01215642EA0000001134
B1521285554793N01215654EA0000001131
B1521345554889N01215684EA0000001120
B1521395554940N01215795EA0000001109
B1521445554922N01215929EA0000001105
B1521505554856N01216060EA0000001097
B1521595554762N01216240EA0000001114
B1522055554706N01216332EA0000001115
B1522105554649N01216391EA0000001113
B1522155554589N01216436EA0000001112
B1522285554413N01216451EA0000001106
B1522365554302N01216418EA0000001102
B1522475554148N01216390EA0000001099
B1522535554064N01216370EA0000001094
B1523015553952N01216312EA0000001091
B1523075553874N01216235EA0000001087
B1523125553812N01216156EA0000001084
B1523175553745N01216099EA0000001084
B1523255553636N01216081EA0000001080
B1523305553567N01216066EA0000001076
B1523355553499N01216029EA0000001074
B1523425553405N01215965EA0000001072
B1523485553324N01215925EA0000001070
B1523575553203N01215902EA0000001062
B1524035553120N01215892EA0000001056
B1524085553052N01215882EA0000001052
B1524135552987N01215900EA0000001047
B1524185552945N01215988EA0000001041
B1524235552959N01216104EA0000001040
B1524285553029N01216161EA0000001025
B1524335553109N01216085EA0000001015
B1524385553122N01215930EA0000001007
B1524435553061N01215837EA0000000998
B1524495552966N01215833EA0000000992
B1524565552861N01215784EA0000001002
B1525015552793N01215712EA0000001003
B1525065552731N01215627EA0000001005
B1525125552659N01215520EA0000001001
B1525185552590N01215408EA0000000996
B1525255552511N01215279EA0000000989
B1525315552442N01215176EA0000000985
B1525375552382N01215052EA0000000981
B1525445552339N01214867EA0000000971
B1525515552345N01214656EA0000000971
B1525575552380N01214484EA0000000969
B1526025552412N01214337EA0000000978
B1526085552439N01214175EA0000000989
B1526145552418N01214024EA0000000989
B1526195552359N01214026EA0000001001
B1526245552372N01214117EA0000000995
B1526315552471N01214052EA0000001008
B1526365552469N01213917EA0000001012
B1526435552399N01213734EA0000001005
B1526485552341N01213571EA0000000981
B1526565552244N01213282EA0000000975
B1527055552140N01212942EA0000000955
B1527105552102N01212748EA0000000964
B1527165552076N01212523EA0000000962
B1527225552055N01212295EA0000000951
B1527295552026N01212022EA0000000934
B1527395551972N01211622EA0000000904
B1527535551855N01211075EA0000000876
B1528055551767N01210596EA0000000858
B1528135551713N01210278EA0000000871
B1528185551688N01210086EA0000000878
B1528235551661N01209892EA0000000865
B1528335551603N01209482EA0000000848
B1528395551572N01209236EA0000000838
B1528515551513N01208746EA0000000822
B1528565551486N01208537EA0000000809
B1529115551428N01207905EA0000000789
B1529215551372N01207458EA0000000780
B1529385551272N01206761EA0000000778
B1529435551246N01206562EA0000000776
B1529525551218N01206213EA0000000772
B1529575551233N01206024EA0000000768
B1530025551289N01205866EA0000000762
B1530075551375N01205758EA0000000752
B1530125551473N01205726EA0000000749
B1530175551561N01205782EA0000000737
B1530225551615N01205911EA0000000727
B1530295551603N01206120EA0000000718
B1530345551566N01206270EA0000000711
B1530405551529N01206468EA0000000703
B1530465551543N01206680EA0000000704
B1530535551625N01206891EA0000000699
B1531025551755N01207140EA0000000695
B1531115551892N01207360EA0000000673
B1531195552016N01207570EA0000000655
B1531255552102N01207735EA0000000647
B1531315552180N01207905EA0000000641
B1531365552239N01208048EA0000000633
B1531415552300N01208190EA0000000633
B1531475552375N01208348EA0000000646
B1531535552453N01208506EA0000000638
B1531585552524N01208647EA0000000624
B1532125552736N01209037EA0000000607
B1532175552809N01209168EA0000000613
B1532275552924N01209432EA0000000593
B1532405553064N01209804EA0000000563
B1532515553185N01210132EA0000000551
B1532565553241N01210272EA0000000547
B1533015553300N01210409EA0000000546
B1533125553419N01210719EA0000000547
B1533185553487N01210885EA0000000542
B1533245553557N01211044EA0000000535
B1533295553615N01211174EA0000000532
B1533355553683N01211328EA0000000520
B1533465553798N01211637EA0000000496
B1533565553882N01211943EA0000000473
B1534045553920N01212207EA0000000456
B1534095553942N01212376EA0000000456
B1534145553967N01212527EA0000000461
B1534225554007N01212764EA0000000444
B1534285554035N01212960EA0000000430
B1534335554051N01213126EA0000000438
B1534385554060N01213289EA0000000440
B1534475554064N01213614EA0000000428
B1534535554082N01213842EA0000000425
B1535015554111N01214143EA0000000417
B1535065554107N01214327EA0000000411
B1535115554081N01214507EA0000000397
B1535175554013N01214708EA0000000390
B1535225553937N01214839EA0000000398
B1535275553861N01214953EA0000000401
B1535345553753N01215113EA0000000385
B1535395553678N01215238EA0000000381
B1535455553588N01215383EA0000000383
B1535525553468N01215515EA0000000378
B1535575553364N01215560EA0000000374
B1536035553227N01215551EA0000000361
B1536085553111N01215523EA0000000353
B1536175552909N01215470EA0000000366
B1536255552739N01215397EA0000000370
B1536305552637N01215329EA0000000360
B1536385552485N01215162EA0000000341
B1536445552393N01214997EA0000000332
B1536495552347N01214817EA0000000325
B1536545552351N01214618EA0000000320
B1537015552430N01214363EA0000000300
B1537075552522N01214162EA0000000289
B1537165552657N01213844EA0000000279
B1537255552775N01213494EA0000000264
B1537325552860N01213217EA0000000263
B1537375552934N01213051EA0000000274
B1537435553034N01212949EA0000000299
B1537495553130N01212920EA0000000308
B1537585553260N01213004EA0000000297
B1538065553354N01213149EA0000000285
B1538145553425N01213334EA0000000265
B1538205553459N01213485EA0000000262
B1538265553473N01213640EA0000000268
B1538335553471N01213815EA0000000274
B1538415553434N01214004EA0000000273
B1538485553372N01214147EA0000000277
B1538575553293N01214333EA0000000288
B1539035553239N01214463EA0000000291
B1539145553111N01214628EA0000000304
B1539215553012N01214656EA0000000313
B1539265552946N01214642EA0000000313
B1539315552880N01214609EA0000000300
B1539385552787N01214538EA0000000287
B1539485552659N01214395EA0000000255
B1539545552597N01214259EA0000000232
B1539595552571N01214119EA0000000216
B1540115552584N01213753EA0000000179
B1540195552614N01213502EA0000000177
B1540245552627N01213345EA0000000180
B1540315552646N01213136EA0000000173
B1540365552664N01212991EA0000000164
B1540435552703N01212799EA0000000151
B1540495552769N01212662EA0000000143
B1540565552871N01212572EA0000000133
B1541025552961N01212499EA0000000122
B1541075553040N01212475EA0000000112
B1541145553141N01212560EA0000000097
B1541195553191N01212656EA0000000087
B1541255553193N01212802EA0000000067
B1541305553177N01212929EA0000000052
B1541385553160N01213135EA0000000029
B1541475553146N01213345EA0000000017
B1541545553134N01213464EA0000000019
B1541595553127N01213525EA0000000019
