AOGNOGN
HFDTE170725
HFFXA050
HFPLTPILOTINCHARGE:
HFGTYGLIDERTYPE:Discus 2cT
HFGIDGLIDERID:OY-SXL
HFDTM100GPSDATUM:WGS-1984
HFRFWFIRMWAREVERSION:
HFRHWHARDWAREVERSION:
HFFTYFRTYPE:OGN-FLIGHTBOOK
HFGPSGENERIC
HFPRSPRESSALTSENSOR:
HFCIDCOMPETITIONID:SL
B1031105600599N00900543EA0000000038
B1031105600599N00900543EA0000000038
B1031165600613N00900648EA0000000038
B1031235600633N00900812EA0000000041
B1031315600654N00901035EA0000000054
B1031365600668N00901176EA0000000071
B1031415600685N00901314EA0000000090
B1031465600695N00901450EA0000000112
B1031515600704N00901575EA0000000132
B1032005600710N00901805EA0000000157
B1032115600707N00902093EA0000000186
B1032175600701N00902250EA0000000200
B1032225600693N00902378EA0000000213
B1032285600692N00902531EA0000000224
B1032375600689N00902775EA0000000233
B1032425600699N00902908EA0000000242
B1032495600760N00903072EA0000000266
B1032545600831N00903129EA0000000286
B1032595600911N00903111EA0000000303
B1033045600977N00903009EA0000000317
B1033095601017N00902855EA0000000333
B1033145601038N00902686EA0000000349
B1033215601049N00902436EA0000000369
B1033265601039N00902258EA0000000386
B1033315600995N00902087EA0000000403
B1033365600920N00901939EA0000000413
B1033415600827N00901824EA0000000433
B1033485600688N00901748EA0000000462
B1033535600589N00901751EA0000000471
B1033585600500N00901802EA0000000483
B1034035600438N00901909EA0000000492
B1034085600421N00902042EA0000000496
B1034135600453N00902150EA0000000503
B1034185600516N00902197EA0000000513
B1034235600589N00902173EA0000000522
B1034295600665N00902048EA0000000536
B1034355600724N00901882EA0000000552
B1034405600768N00901739EA0000000569
B1034455600794N00901594EA0000000579
B1034505600790N00901427EA0000000571
B1034555600725N00901278EA0000000560
B1035015600595N00901207EA0000000565
B1035095600435N00901152EA0000000577
B1035145600339N00901113EA0000000579
B1035195600246N00901071EA0000000581
B1035245600190N00900940EA0000000580
B1035295600220N00900819EA0000000580
B1035345600274N00900826EA0000000573
B1035405600316N00900928EA0000000572
B1035455600309N00901040EA0000000574
B1035505600222N00901093EA0000000563
B1035555600152N00900954EA0000000561
B1036005600195N00900834EA0000000562
B1036055600255N00900851EA0000000577
B1036115600274N00900952EA0000000576
B1036165600215N00901041EA0000000563
B1036225600100N00901015EA0000000566
B1036275600012N00900963EA0000000568
B1036325559921N00900954EA0000000555
B1036375559835N00900881EA0000000548
B1036425559801N00900713EA0000000531
B1036485559809N00900508EA0000000535
B1036535559822N00900362EA0000000540
B1036585559862N00900249EA0000000531
B1037045559937N00900193EA0000000526
B1037095559995N00900203EA0000000525
B1037145600044N00900253EA0000000526
B1037195600089N00900314EA0000000534
B1037245600133N00900371EA0000000546
B1037315600142N00900497EA0000000533
B1037365600057N00900548EA0000000530
B1037415559982N00900429EA0000000520
B1037465600009N00900278EA0000000513
B1037525600084N00900283EA0000000529
B1037585600135N00900362EA0000000537
B1038035600174N00900418EA0000000548
B1038085600230N00900377EA0000000542
B1038135600234N00900219EA0000000547
B1038185600152N00900139EA0000000553
B1038245600112N00900262EA0000000561
B1038295600172N00900270EA0000000568
B1038345600186N00900125EA0000000583
B1038395600108N00900033EA0000000577
B1038445600047N00900123EA0000000588
B1038495600085N00900198EA0000000595
B1038545600138N00900108EA0000000602
B1038595600103N00859958EA0000000613
B1039045600016N00859949EA0000000607
B1039095559996N00900072EA0000000615
B1039145600039N00900132EA0000000638
B1039195600090N00900072EA0000000630
B1039245600079N00859907EA0000000631
B1039295559993N00859838EA0000000644
B1039345559939N00859924EA0000000641
B1039395559980N00900005EA0000000645
B1039445600034N00859944EA0000000669
B1039495600033N00859796EA0000000652
B1039545559953N00859696EA0000000657
B1039595559893N00859772EA0000000666
B1040045559932N00859849EA0000000670
B1040095559980N00859741EA0000000672
B1040145559928N00859588EA0000000673
B1040195559845N00859610EA0000000677
B1040245559850N00859725EA0000000679
B1040295559916N00859712EA0000000695
B1040345559935N00859553EA0000000688
B1040395559859N00859430EA0000000683
B1040445559788N00859493EA0000000686
B1040495559811N00859598EA0000000692
B1040545559859N00859656EA0000000699
B1040595559921N00859598EA0000000690
B1041045559927N00859427EA0000000691
B1041105559845N00859260EA0000000687
B1041155559748N00859226EA0000000684
B1041215559635N00859204EA0000000692
B1041265559550N00859136EA0000000701
B1041315559539N00858974EA0000000696
B1041365559606N00858918EA0000000697
B1041415559637N00859013EA0000000703
B1041465559580N00859100EA0000000710
B1041515559482N00859082EA0000000719
B1041565559430N00858940EA0000000722
B1042015559480N00858828EA0000000732
B1042065559528N00858878EA0000000750
B1042115559497N00858980EA0000000745
B1042165559401N00858970EA0000000757
B1042215559362N00858818EA0000000762
B1042265559418N00858720EA0000000762
B1042325559453N00858814EA0000000786
B1042375559385N00858881EA0000000792
B1042425559308N00858773EA0000000792
B1042475559343N00858630EA0000000796
B1042525559397N00858669EA0000000811
B1042585559343N00858781EA0000000825
B1043035559255N00858712EA0000000831
B1043085559249N00858549EA0000000838
B1043135559314N00858506EA0000000834
B1043185559328N00858609EA0000000854
B1043235559252N00858667EA0000000858
B1043285559164N00858617EA0000000878
B1043345559133N00858442EA0000000876
B1043395559191N00858370EA0000000878
B1043445559231N00858433EA0000000880
B1043495559189N00858539EA0000000886
B1043545559093N00858487EA0000000886
B1043595559089N00858320EA0000000898
B1044045559155N00858293EA0000000894
B1044095559156N00858410EA0000000903
B1044145559072N00858463EA0000000928
B1044195558996N00858363EA0000000926
B1044245559016N00858209EA0000000921
B1044295559083N00858208EA0000000921
B1044345559069N00858325EA0000000923
B1044395558988N00858386EA0000000956
B1044445558908N00858330EA0000000950
B1044495558902N00858169EA0000000942
B1044545558964N00858112EA0000000946
B1044595559006N00858187EA0000000944
B1045045558960N00858301EA0000000949
B1045105558847N00858293EA0000000965
B1045175558755N00858128EA0000000970
B1045485558538N00857154EA0000000939
B1045545558491N00856910EA0000000926
B1045595558455N00856733EA0000000946
B1046045558422N00856584EA0000000965
B1046095558388N00856426EA0000000957
B1046145558353N00856257EA0000000959
B1046195558321N00856091EA0000000961
B1046255558281N00855895EA0000000960
B1046315558237N00855698EA0000000956
B1046385558180N00855472EA0000000961
B1046475558083N00855204EA0000000965
B1046525558023N00855061EA0000000965
B1046575557962N00854923EA0000000970
B1047045557882N00854728EA0000000978
B1047155557757N00854413EA0000001000
B1047205557704N00854267EA0000001013
B1047265557654N00854078EA0000001025
B1047335557613N00853850EA0000001052
B1047425557585N00853548EA0000001080
B1047475557590N00853386EA0000001092
B1047525557614N00853236EA0000001103
B1047575557656N00853113EA0000001122
B1048035557721N00853015EA0000001140
B1048095557797N00852945EA0000001153
B1048145557858N00852890EA0000001168
B1048195557918N00852836EA0000001165
B1048245557982N00852787EA0000001169
B1048315558072N00852726EA0000001173
B1048385558159N00852685EA0000001190
B1048445558227N00852685EA0000001188
B1048495558282N00852710EA0000001194
B1048555558344N00852739EA0000001200
B1049005558395N00852765EA0000001202
B1049055558446N00852794EA0000001210
B1049105558492N00852823EA0000001218
B1049175558556N00852865EA0000001218
B1049225558605N00852900EA0000001224
B1049275558652N00852935EA0000001232
B1049325558697N00852977EA0000001234
B1049395558754N00853058EA0000001236
B1049445558788N00853121EA0000001240
B1049545558848N00853260EA0000001242
B1049595558867N00853342EA0000001243
B1050045558887N00853421EA0000001245
B1050095558907N00853499EA0000001248
B1050175558940N00853627EA0000001252
B1050245558973N00853740EA0000001263
B1050295558995N00853817EA0000001270
B1050345559018N00853896EA0000001271
B1050395559040N00853975EA0000001266
B1051085559239N00854200EA0000001235
B1051135559262N00854065EA0000001221
B1051185559230N00853911EA0000001215
B1051235559146N00853836EA0000001200
B1051295559064N00853930EA0000001184
B1051345559068N00854053EA0000001175
B1051405559112N00854192EA0000001150
B1051455559187N00854232EA0000001143
B1051505559267N00854134EA0000001144
B1051565559354N00853998EA0000001139
B1052025559436N00853860EA0000001141
B1052095559530N00853708EA0000001143
B1052155559611N00853590EA0000001135
B1052205559688N00853497EA0000001117
B1052255559768N00853390EA0000001114
B1052315559859N00853251EA0000001109
B1052365559934N00853129EA0000001102
B1052415600005N00853007EA0000001103
B1052465600072N00852890EA0000001097
B1052525600159N00852750EA0000001085
B1052575600230N00852632EA0000001089
B1053025600295N00852518EA0000001089
B1053075600361N00852410EA0000001079
B1053135600451N00852291EA0000001079
B1053185600522N00852199EA0000001085
B1053235600591N00852115EA0000001087
B1053305600689N00852016EA0000001076
B1053355600761N00851944EA0000001075
B1053415600846N00851855EA0000001069
B1053465600916N00851776EA0000001073
B1053515600960N00851641EA0000001077
B1053565600968N00851467EA0000001072
B1054025600971N00851254EA0000001098
B1054075601004N00851136EA0000001116
B1054125601063N00851136EA0000001106
B1054175601072N00851248EA0000001108
B1054225600997N00851312EA0000001105
B1054275600915N00851213EA0000001115
B1054325600889N00851048EA0000001133
B1054375600930N00850923EA0000001128
B1054425600989N00850953EA0000001131
B1054475600965N00851054EA0000001151
B1054525600879N00851052EA0000001149
B1054585600791N00850897EA0000001164
B1055035600746N00850747EA0000001178
B1055095600688N00850568EA0000001161
B1055155600595N00850406EA0000001146
B1055205600510N00850283EA0000001142
B1055265600404N00850137EA0000001131
B1055325600305N00850010EA0000001151
B1055395600200N00849861EA0000001167
B1055445600111N00849836EA0000001161
B1055495600059N00849947EA0000001163
B1055545600093N00850054EA0000001167
B1055595600160N00850038EA0000001176
B1056045600198N00849913EA0000001172
B1056095600163N00849746EA0000001175
B1056145600075N00849677EA0000001193
B1056195600003N00849736EA0000001196
B1056245600001N00849856EA0000001190
B1056315600077N00849964EA0000001187
B1056365600134N00850018EA0000001170
B1056425600196N00850115EA0000001159
B1056475600237N00850210EA0000001159
B1056535600291N00850307EA0000001165
B1056585600352N00850341EA0000001171
B1057045600429N00850260EA0000001163
B1057105600418N00850047EA0000001151
B1057155600333N00849934EA0000001167
B1057205600241N00849934EA0000001181
B1057255600187N00850036EA0000001180
B1057305600206N00850164EA0000001186
B1057355600275N00850193EA0000001189
B1057405600336N00850086EA0000001183
B1057455600322N00849902EA0000001174
B1057505600236N00849787EA0000001188
B1057555600138N00849773EA0000001196
B1058005600079N00849883EA0000001197
B1058055600108N00850002EA0000001203
B1058105600181N00849989EA0000001206
B1058175600217N00849756EA0000001203
B1058225600146N00849610EA0000001221
B1058275600048N00849579EA0000001223
B1058325559961N00849645EA0000001224
B1058375559896N00849757EA0000001221
B1058425559887N00849898EA0000001215
B1058475559938N00849989EA0000001216
B1058525559989N00850066EA0000001215
B1059005600041N00850223EA0000001205
B1059065600091N00850322EA0000001194
B1059135600175N00850367EA0000001170
B1059195600275N00850363EA0000001129
B1059245600376N00850370EA0000001107
B1059295600474N00850411EA0000001105
B1059345600561N00850493EA0000001096
B1059395600642N00850590EA0000001092
B1059465600738N00850737EA0000001085
B1059515600800N00850836EA0000001081
B1059565600866N00850929EA0000001075
B1100015600933N00851027EA0000001061
B1100065600994N00851132EA0000001059
B1100115601051N00851238EA0000001045
B1100165601123N00851318EA0000001057
B1100225601203N00851324EA0000001101
B1100285601277N00851314EA0000001086
B1100335601356N00851317EA0000001051
B1100395601465N00851337EA0000001035
B1100445601562N00851326EA0000001027
B1100495601655N00851303EA0000001036
B1100545601725N00851310EA0000001058
B1100595601782N00851355EA0000001042
B1101045601829N00851454EA0000001026
B1101105601880N00851577EA0000001026
B1101165601940N00851682EA0000001009
B1101215602012N00851760EA0000000994
B1101265602076N00851817EA0000001032
B1101315602129N00851877EA0000001024
B1101365602190N00851943EA0000001018
B1101415602226N00852044EA0000001029
B1101465602256N00852155EA0000001027
B1101525602301N00852275EA0000001035
B1101575602324N00852384EA0000001043
B1102025602344N00852477EA0000001061
B1102075602366N00852576EA0000001047
B1102125602405N00852678EA0000001039
B1102185602491N00852707EA0000001030
B1102245602585N00852631EA0000001046
B1102295602646N00852566EA0000001075
B1102345602700N00852512EA0000001070
B1102405602770N00852412EA0000001053
B1102455602763N00852245EA0000001045
B1102505602678N00852143EA0000001046
B1102575602557N00852138EA0000001058
B1103035602472N00852207EA0000001051
B1103085602420N00852299EA0000001053
B1103135602401N00852405EA0000001056
B1103185602424N00852496EA0000001059
B1103235602463N00852577EA0000001063
B1103285602443N00852688EA0000001063
B1103335602358N00852723EA0000001062
B1103385602285N00852608EA0000001060
B1103435602302N00852447EA0000001058
B1103485602372N00852381EA0000001068
B1103535602438N00852384EA0000001081
B1103585602470N00852469EA0000001073
B1104035602435N00852585EA0000001083
B1104085602353N00852621EA0000001087
B1104135602268N00852530EA0000001079
B1104185602256N00852354EA0000001082
B1104235602315N00852259EA0000001098
B1104285602377N00852294EA0000001093
B1104335602388N00852410EA0000001104
B1104385602337N00852500EA0000001121
B1104435602247N00852495EA0000001112
B1104485602171N00852375EA0000001116
B1104535602161N00852214EA0000001117
B1104585602209N00852090EA0000001126
B1105035602275N00852057EA0000001133
B1105085602326N00852115EA0000001130
B1105145602342N00852246EA0000001141
B1105195602298N00852346EA0000001150
B1105245602204N00852340EA0000001150
B1105305602133N00852163EA0000001156
B1105355602156N00852012EA0000001165
B1105405602220N00851946EA0000001158
B1105455602282N00851978EA0000001158
B1105505602297N00852085EA0000001171
B1105555602243N00852174EA0000001182
B1106005602151N00852164EA0000001184
B1106055602077N00852028EA0000001181
B1106105602077N00851849EA0000001178
B1106155602127N00851688EA0000001161
B1106205602204N00851562EA0000001158
B1106265602306N00851439EA0000001150
B1106315602396N00851343EA0000001132
B1106365602494N00851243EA0000001120
B1106425602615N00851131EA0000001114
B1106515602775N00850988EA0000001102
B1106595602977N00850848EA0000001054
B1107075603101N00850720EA0000001090
B1107135603250N00850609EA0000001070
B1107205603391N00850478EA0000001068
B1107325603628N00850232EA0000001055
B1107395603767N00850078EA0000001043
B1107475603923N00849889EA0000001030
B1107525604018N00849763EA0000001023
B1107585604131N00849614EA0000001010
B1108035604224N00849487EA0000001004
B1108095604331N00849337EA0000001007
B1108155604434N00849188EA0000000999
B1108215604537N00849037EA0000000988
B1108265604625N00848909EA0000000975
B1108315604713N00848782EA0000000973
B1108365604801N00848664EA0000000971
B1108415604886N00848543EA0000000974
B1108475604977N00848376EA0000000971
B1108525605045N00848224EA0000000968
B1108575605116N00848069EA0000000957
B1109045605206N00847823EA0000000967
B1109095605262N00847663EA0000001006
B1109145605318N00847545EA0000001011
B1109215605411N00847382EA0000000967
B1109305605565N00847161EA0000000971
B1109355605627N00847062EA0000001023
B1109405605681N00846972EA0000001013
B1109475605770N00846834EA0000001006
B1109545605858N00846702EA0000001004
B1109595605926N00846596EA0000000987
B1110045606001N00846485EA0000000969
B1110125606127N00846299EA0000000967
B1110175606200N00846188EA0000000975
B1110225606270N00846099EA0000000962
B1110275606353N00846073EA0000000932
B1110325606443N00846079EA0000000919
B1110385606550N00846094EA0000000913
B1110465606689N00846154EA0000000891
B1110525606786N00846246EA0000000879
B1110575606867N00846326EA0000000876
B1111035606962N00846420EA0000000884
B1111085607034N00846511EA0000000891
B1111135607100N00846593EA0000000921
B1111185607149N00846650EA0000000933
B1111255607211N00846754EA0000000923
B1111315607232N00846875EA0000000926
B1111375607222N00847009EA0000000916
B1111425607170N00847097EA0000000907
B1111475607078N00847063EA0000000891
B1111525607024N00846904EA0000000886
B1111575607022N00846728EA0000000888
B1112025607022N00846552EA0000000879
B1112115607001N00846230EA0000000876
B1112165606979N00846048EA0000000885
B1112225606952N00845847EA0000000914
B1112275606895N00845727EA0000000920
B1112325606819N00845775EA0000000919
B1112375606843N00845880EA0000000934
B1112425606904N00845817EA0000000938
B1112475606891N00845654EA0000000955
B1112525606814N00845575EA0000000965
B1112575606738N00845639EA0000000964
B1113025606740N00845763EA0000000980
B1113075606803N00845773EA0000000986
B1113135606835N00845603EA0000001002
B1113185606768N00845485EA0000001010
B1113235606680N00845521EA0000001014
B1113285606678N00845648EA0000001027
B1113335606745N00845644EA0000001034
B1113385606756N00845478EA0000001036
B1113435606667N00845404EA0000001055
B1113485606609N00845503EA0000001068
B1113535606643N00845602EA0000001083
B1113585606707N00845547EA0000001092
B1114035606703N00845386EA0000001103
B1114095606602N00845323EA0000001116
B1114145606552N00845428EA0000001126
B1114195606592N00845522EA0000001136
B1114245606655N00845458EA0000001149
B1114295606635N00845297EA0000001150
B1114345606543N00845273EA0000001165
B1114395606519N00845398EA0000001172
B1114445606584N00845451EA0000001184
B1114505606667N00845363EA0000001203
B1114565606748N00845277EA0000001207
B1115015606823N00845212EA0000001191
B1115065606912N00845147EA0000001169
B1115125607034N00845071EA0000001135
B1115195607187N00844976EA0000001117
B1115265607337N00844882EA0000001118
B1115315607439N00844826EA0000001115
B1115375607561N00844764EA0000001105
B1115435607684N00844699EA0000001095
B1115485607788N00844649EA0000001087
B1115545607913N00844595EA0000001075
B1115595608018N00844550EA0000001068
B1116065608157N00844535EA0000001069
B1116115608245N00844573EA0000001080
B1116185608352N00844631EA0000001097
B1116235608419N00844682EA0000001095
B1116305608507N00844795EA0000001080
B1116375608584N00844960EA0000001053
B1116425608638N00845097EA0000001038
B1116495608707N00845295EA0000001030
B1116555608770N00845457EA0000001013
B1117025608859N00845635EA0000001014
B1117075608916N00845727EA0000001059
B1117125608966N00845783EA0000001062
B1117175609026N00845846EA0000001029
B1117245609134N00845947EA0000000995
B1117305609235N00846040EA0000000985
B1117355609317N00846112EA0000001010
B1117425609416N00846190EA0000001035
B1117475609477N00846237EA0000001050
B1117535609548N00846295EA0000001044
B1117585609613N00846351EA0000001033
B1118045609702N00846426EA0000001008
B1118095609784N00846497EA0000001008
B1118145609859N00846572EA0000001034
B1118195609917N00846638EA0000001054
B1118245609948N00846732EA0000001059
B1118325609972N00846911EA0000001060
B1118375610009N00847009EA0000001055
B1118465610131N00847077EA0000001051
B1118515610210N00847052EA0000001037
B1118565610295N00846997EA0000001034
B1119025610392N00846911EA0000001037
B1119085610477N00846783EA0000001025
B1119165610595N00846565EA0000001006
B1119225610682N00846397EA0000001004
B1119275610762N00846280EA0000000991
B1119325610851N00846190EA0000000980
B1119375610943N00846119EA0000000975
B1119425611038N00846059EA0000000965
B1119475611135N00846012EA0000000951
B1119535611260N00845968EA0000000933
B1119595611386N00845936EA0000000925
B1120055611509N00845915EA0000000921
B1120125611652N00845908EA0000000914
B1120195611792N00845908EA0000000910
B1120245611889N00845917EA0000000903
B1120305612009N00845933EA0000000892
B1120375612145N00845971EA0000000899
B1120425612233N00846014EA0000000918
B1120495612326N00846096EA0000000946
B1120545612384N00846163EA0000000954
B1121005612456N00846239EA0000000971
B1121065612522N00846310EA0000000975
B1121115612578N00846372EA0000000971
B1121165612632N00846444EA0000000981
B1121225612687N00846531EA0000000992
B1121285612741N00846625EA0000000985
B1121355612806N00846751EA0000000980
B1121425612874N00846875EA0000000991
B1121475612917N00846964EA0000001001
B1121525612949N00847064EA0000001011
B1121575612973N00847166EA0000001032
B1122025612936N00847250EA0000001034
B1122075612854N00847213EA0000001022
B1122125612824N00847046EA0000001030
B1122175612872N00846926EA0000001045
B1122235612951N00846904EA0000001064
B1122285612997N00846977EA0000001061
B1122335613027N00847075EA0000001078
B1122395613056N00847194EA0000001081
B1122465613094N00847354EA0000001039
B1122515613135N00847493EA0000001020
B1122575613188N00847662EA0000001007
B1123045613249N00847861EA0000000992
B1123095613290N00848000EA0000000989
B1123155613336N00848163EA0000000987
B1123215613389N00848321EA0000000976
B1123265613433N00848453EA0000000974
B1123315613477N00848573EA0000000975
B1123375613534N00848721EA0000000954
B1123425613587N00848854EA0000000942
B1123475613642N00848985EA0000000951
B1123525613688N00849093EA0000000984
B1123585613737N00849199EA0000000992
B1124075613825N00849359EA0000000999
B1124135613886N00849463EA0000000990
B1124185613936N00849574EA0000000967
B1124255614006N00849767EA0000000941
B1124305614053N00849911EA0000000948
B1124355614092N00850043EA0000000970
B1124405614127N00850159EA0000000985
B1124455614154N00850263EA0000001003
B1124515614182N00850382EA0000000989
B1124565614213N00850496EA0000000985
B1125025614268N00850613EA0000000981
B1125075614324N00850703EA0000000963
B1125135614405N00850821EA0000000939
B1125185614474N00850910EA0000000963
B1125255614572N00851009EA0000000960
B1125315614659N00851094EA0000000962
B1125365614726N00851152EA0000000968
B1125435614830N00851245EA0000000933
B1125515614957N00851399EA0000000916
B1125575615031N00851546EA0000000918
B1126025615056N00851690EA0000000917
B1126075615056N00851846EA0000000900
B1126125615069N00852003EA0000000883
B1126205615134N00852236EA0000000872
B1126255615188N00852360EA0000000875
B1126315615263N00852470EA0000000877
B1126365615322N00852569EA0000000859
B1126445615396N00852796EA0000000827
B1126495615430N00852963EA0000000820
B1126545615459N00853128EA0000000831
B1127005615479N00853292EA0000000866
B1127065615460N00853433EA0000000881
B1127125615386N00853527EA0000000889
B1127185615285N00853435EA0000000904
B1127235615298N00853275EA0000000913
B1127285615371N00853269EA0000000926
B1127365615333N00853422EA0000000956
B1127425615241N00853307EA0000000960
B1127475615269N00853157EA0000000978
B1127525615336N00853169EA0000000988
B1127585615318N00853301EA0000001004
B1128035615235N00853286EA0000001016
B1128095615196N00853099EA0000001023
B1128145615255N00853004EA0000001040
B1128205615308N00853084EA0000001046
B1128255615263N00853181EA0000001054
B1128305615183N00853177EA0000001069
B1128355615132N00853042EA0000001053
B1128405615175N00852906EA0000001068
B1128455615238N00852946EA0000001076
B1128505615264N00853052EA0000001084
B1128565615289N00853188EA0000001075
B1129015615303N00853301EA0000001096
B1129075615319N00853428EA0000001092
B1129135615340N00853581EA0000001068
B1129205615374N00853791EA0000001054
B1129265615405N00853955EA0000001094
B1129325615430N00854082EA0000001086
B1129385615470N00854231EA0000001060
B1129455615530N00854407EA0000001069
B1129505615573N00854519EA0000001070
B1129555615612N00854637EA0000001085
B1130035615667N00854819EA0000001096
B1130085615693N00854942EA0000001089
B1130135615720N00855082EA0000001068
B1130195615740N00855266EA0000001083
B1130245615746N00855398EA0000001111
B1130305615751N00855538EA0000001118
B1130355615775N00855655EA0000001114
B1130405615838N00855740EA0000001100
B1130465615932N00855821EA0000001086
B1130525616038N00855899EA0000001073
B1130575616120N00855953EA0000001111
B1131025616188N00855992EA0000001116
B1131075616265N00856031EA0000001076
B1131125616363N00856079EA0000001038
B1131195616513N00856155EA0000001034
B1131245616614N00856206EA0000001036
B1131295616712N00856257EA0000001024
B1131345616809N00856313EA0000001016
B1131395616904N00856370EA0000001009
B1131445617001N00856422EA0000000999
B1131495617095N00856486EA0000000998
B1131545617185N00856546EA0000001015
B1132005617263N00856616EA0000001037
B1132065617316N00856733EA0000001011
B1132115617339N00856874EA0000000984
B1132175617352N00857071EA0000000947
B1132225617379N00857246EA0000000926
B1132285617423N00857459EA0000000909
B1132355617478N00857703EA0000000897
B1132405617515N00857864EA0000000906
B1132455617548N00857994EA0000000909
B1132505617582N00858115EA0000000904
B1132555617619N00858237EA0000000904
B1133005617661N00858349EA0000000896
B1133065617717N00858502EA0000000866
B1133115617769N00858647EA0000000856
B1133165617821N00858794EA0000000858
B1133215617869N00858937EA0000000867
B1133285617927N00859118EA0000000901
B1133365617979N00859280EA0000000931
B1133435618020N00859417EA0000000933
B1133485618058N00859522EA0000000945
B1133535618083N00859634EA0000000965
B1133595618027N00859762EA0000000967
B1134045617929N00859725EA0000000961
B1134095617888N00859546EA0000000954
B1134145617939N00859410EA0000000975
B1134195618010N00859370EA0000000996
B1134245618071N00859408EA0000001007
B1134295618080N00859529EA0000001013
B1134345618003N00859592EA0000001022
B1134395617928N00859469EA0000001028
B1134445617946N00859307EA0000001037
B1134495618017N00859258EA0000001053
B1134545618075N00859300EA0000001072
B1135005618092N00859427EA0000001075
B1135065618014N00859522EA0000001078
B1135115617923N00859432EA0000001081
B1135165617908N00859255EA0000001089
B1135225617989N00859178EA0000001083
B1135275618039N00859274EA0000001091
B1135335618047N00859444EA0000001083
B1135405618034N00859658EA0000001093
B1135465618029N00859833EA0000001087
B1135515618043N00859971EA0000001066
B1135565618115N00900058EA0000001031
B1136015618216N00900107EA0000001018
B1136075618335N00900159EA0000001018
B1136135618449N00900204EA0000001007
B1136195618561N00900248EA0000000997
B1136245618653N00900289EA0000000988
B1136295618746N00900334EA0000000979
B1136355618861N00900381EA0000000972
B1136425618998N00900430EA0000000957
B1136475619096N00900470EA0000000947
B1136525619193N00900517EA0000000940
B1136595619325N00900583EA0000000924
B1137045619417N00900648EA0000000908
B1137095619512N00900706EA0000000918
B1137145619597N00900758EA0000000956
B1137195619659N00900804EA0000000981
B1137245619701N00900887EA0000000980
B1137305619747N00901024EA0000000960
B1137365619791N00901192EA0000000950
B1137425619813N00901383EA0000000949
B1137485619826N00901575EA0000000964
B1137545619831N00901734EA0000000978
B1137595619833N00901876EA0000000972
B1138045619830N00902032EA0000000964
B1138105619823N00902241EA0000000946
B1138165619816N00902452EA0000000951
B1138215619813N00902613EA0000000950
B1138275619810N00902793EA0000000980
B1138345619806N00902973EA0000000962
B1138395619823N00903128EA0000000937
B1138445619861N00903286EA0000000928
B1138505619917N00903477EA0000000923
B1138565619978N00903665EA0000000924
B1139015620030N00903811EA0000000941
B1139065620072N00903928EA0000000971
B1139115620108N00904034EA0000000982
B1139175620137N00904172EA0000000996
B1139225620159N00904280EA0000000999
B1139275620196N00904387EA0000001004
B1139325620240N00904472EA0000001020
B1139375620285N00904548EA0000001011
B1139435620353N00904662EA0000000973
B1139485620419N00904765EA0000000990
B1139535620473N00904854EA0000000993
B1139585620529N00904943EA0000000986
B1140045620597N00905048EA0000000991
B1140105620675N00905101EA0000000996
B1140155620733N00905166EA0000000994
B1140225620788N00905292EA0000001014
B1140275620804N00905395EA0000001013
B1140335620830N00905532EA0000001002
B1140385620869N00905645EA0000000990
B1140435620928N00905749EA0000000974
B1140485620995N00905846EA0000000982
B1140535621052N00905929EA0000000996
B1140585621104N00906004EA0000001002
B1141045621176N00906090EA0000000982
B1141115621275N00906186EA0000000991
B1141165621343N00906252EA0000000978
B1141225621432N00906345EA0000000947
B1141285621532N00906466EA0000000908
B1141355621638N00906604EA0000000929
B1141435621743N00906720EA0000000905
B1141495621833N00906829EA0000000878
B1141565621917N00906995EA0000000871
B1142015621960N00907137EA0000000852
B1142075622014N00907324EA0000000838
B1142135622059N00907511EA0000000852
B1142215622072N00907759EA0000000860
B1142335622071N00908059EA0000000903
B1142395622062N00908192EA0000000924
B1142445622006N00908268EA0000000920
B1142495621927N00908178EA0000000929
B1142545621933N00908028EA0000000936
B1143005622007N00907989EA0000000947
B1143055622052N00908037EA0000000961
B1143105622041N00908139EA0000000961
B1143155621956N00908141EA0000000964
B1143205621910N00907989EA0000000978
B1143255621954N00907871EA0000000985
B1143305622018N00907897EA0000000995
B1143355622047N00907979EA0000001014
B1143405622005N00908070EA0000001013
B1143455621920N00908007EA0000001013
B1143505621927N00907830EA0000001015
B1143555621999N00907781EA0000001039
B1144005622049N00907839EA0000001034
B1144065622079N00907978EA0000001013
B1144125622143N00908110EA0000000995
B1144185622225N00908221EA0000000997
B1144245622304N00908312EA0000000998
B1144295622373N00908389EA0000000982
B1144345622445N00908478EA0000000969
B1144425622554N00908605EA0000000969
B1144475622617N00908670EA0000000957
B1144545622705N00908787EA0000000940
B1145005622777N00908879EA0000000946
B1145065622847N00908966EA0000000925
B1145135622944N00909090EA0000000912
B1145185623012N00909191EA0000000910
B1145245623090N00909313EA0000000902
B1145305623167N00909438EA0000000891
B1145355623230N00909549EA0000000882
B1145415623304N00909684EA0000000872
B1145465623366N00909793EA0000000864
B1145515623425N00909902EA0000000857
B1145575623492N00910037EA0000000852
B1146025623540N00910155EA0000000849
B1146075623586N00910279EA0000000842
B1146125623634N00910405EA0000000836
B1146185623688N00910558EA0000000847
B1146235623723N00910665EA0000000853
B1146285623762N00910776EA0000000827
B1146335623806N00910907EA0000000813
B1146395623857N00911062EA0000000818
B1146445623899N00911182EA0000000818
B1146495623942N00911298EA0000000817
B1146545623986N00911415EA0000000811
B1147015624046N00911571EA0000000803
B1147065624092N00911683EA0000000803
B1147145624155N00911822EA0000000814
B1147215624221N00911943EA0000000801
B1147275624284N00912054EA0000000801
B1147325624333N00912138EA0000000814
B1147375624373N00912216EA0000000825
B1147425624410N00912291EA0000000822
B1147475624452N00912374EA0000000819
B1147525624492N00912459EA0000000820
B1147575624532N00912544EA0000000820
B1148025624573N00912637EA0000000823
B1148085624600N00912757EA0000000845
B1148145624602N00912896EA0000000848
B1148195624641N00912988EA0000000843
B1148245624708N00913016EA0000000855
B1148305624756N00913100EA0000000869
B1148365624703N00913220EA0000000877
B1148425624603N00913161EA0000000880
B1148475624585N00912996EA0000000880
B1148525624642N00912885EA0000000883
B1148575624710N00912855EA0000000905
B1149025624749N00912918EA0000000897
B1149075624720N00913043EA0000000897
B1149125624644N00913090EA0000000925
B1149175624569N00913035EA0000000921
B1149225624552N00912870EA0000000911
B1149275624615N00912799EA0000000927
B1149325624659N00912873EA0000000932
B1149375624648N00912988EA0000000940
B1149425624577N00913049EA0000000931
B1149485624480N00912940EA0000000945
B1149535624483N00912786EA0000000949
B1149585624553N00912725EA0000000937
B1150045624638N00912805EA0000000940
B1150095624709N00912851EA0000000945
B1150155624794N00912880EA0000000939
B1150205624876N00912887EA0000000919
B1150285625018N00912884EA0000000913
B1150335625095N00912874EA0000000915
B1150385625172N00912879EA0000000906
B1150455625284N00912881EA0000000894
B1150535625418N00912886EA0000000889
B1150595625517N00912882EA0000000889
B1151085625655N00912877EA0000000898
B1151155625758N00912891EA0000000888
B1151215625847N00912908EA0000000892
B1151285625949N00912934EA0000000901
B1151335626019N00912957EA0000000902
B1151385626091N00912989EA0000000896
B1151455626194N00913040EA0000000901
B1151515626276N00913088EA0000000904
B1151565626343N00913128EA0000000908
B1152015626407N00913166EA0000000911
B1152075626486N00913211EA0000000904
B1152155626602N00913284EA0000000901
B1152215626689N00913351EA0000000914
B1152265626748N00913407EA0000000930
B1152325626821N00913463EA0000000918
B1152375626894N00913520EA0000000907
B1152425626966N00913581EA0000000936
B1152485627027N00913634EA0000000967
B1152545627097N00913589EA0000000964
B1153015627094N00913357EA0000000969
B1153065627008N00913264EA0000000975
B1153115626927N00913324EA0000000982
B1153165626920N00913441EA0000001001
B1153215626958N00913500EA0000001016
B1153265627016N00913443EA0000001013
B1153325627009N00913239EA0000001018
B1153375626921N00913155EA0000001025
B1153425626848N00913229EA0000001033
B1153475626847N00913347EA0000001052
B1153535626906N00913384EA0000001057
B1153585626951N00913263EA0000001060
B1154035626913N00913091EA0000001063
B1154085626818N00913043EA0000001072
B1154135626764N00913141EA0000001074
B1154185626795N00913249EA0000001083
B1154235626834N00913329EA0000001107
B1154285626863N00913408EA0000001113
B1154335626895N00913491EA0000001101
B1154395626935N00913617EA0000001097
B1154445626969N00913719EA0000001106
B1154515627012N00913852EA0000001124
B1154575627047N00913962EA0000001137
B1155035627057N00914081EA0000001159
B1155085627006N00914167EA0000001172
B1155135626917N00914124EA0000001191
B1155185626886N00913965EA0000001196
B1155235626934N00913862EA0000001202
B1155285626993N00913904EA0000001211
B1155335626984N00914015EA0000001230
B1155385626897N00914051EA0000001247
B1155435626822N00913931EA0000001265
B1155485626828N00913769EA0000001276
B1155545626906N00913701EA0000001284
B1155595626964N00913753EA0000001299
B1156045627006N00913835EA0000001310
B1156095627051N00913938EA0000001300
B1156165627122N00914103EA0000001275
B1156225627185N00914255EA0000001264
B1156275627239N00914377EA0000001265
B1156335627305N00914512EA0000001268
B1156385627365N00914619EA0000001267
B1156455627470N00914737EA0000001280
B1156525627579N00914798EA0000001293
B1156575627658N00914849EA0000001283
B1157025627742N00914915EA0000001276
B1157085627852N00914998EA0000001262
B1157145627957N00915090EA0000001267
B1157205628053N00915177EA0000001263
B1157265628149N00915262EA0000001247
B1157325628248N00915352EA0000001232
B1157375628331N00915430EA0000001225
B1157455628458N00915563EA0000001217
B1157505628537N00915647EA0000001214
B1157565628633N00915731EA0000001211
B1158025628724N00915821EA0000001203
B1158075628798N00915897EA0000001192
B1158125628877N00915960EA0000001185
B1158175628962N00916007EA0000001184
B1158225629053N00916052EA0000001182
B1158285629168N00916062EA0000001203
B1158335629256N00916043EA0000001213
B1158385629341N00916016EA0000001224
B1158435629419N00915985EA0000001233
B1158495629514N00915943EA0000001216
B1158545629605N00915910EA0000001197
B1159025629766N00915853EA0000001181
B1159075629869N00915825EA0000001202
B1159125629962N00915793EA0000001223
B1159185630058N00915748EA0000001230
B1159255630182N00915695EA0000001195
B1159305630284N00915647EA0000001184
B1159375630426N00915573EA0000001193
B1159435630541N00915518EA0000001183
B1159485630642N00915477EA0000001165
B1159535630747N00915451EA0000001170
B1159595630859N00915436EA0000001177
B1200045630956N00915434EA0000001170
B1200095631047N00915457EA0000001179
B1200145631128N00915516EA0000001188
B1200195631195N00915587EA0000001216
B1200245631254N00915654EA0000001229
B1200295631312N00915728EA0000001232
B1200345631363N00915801EA0000001248
B1200395631415N00915882EA0000001241
B1200465631502N00916007EA0000001226
B1200515631573N00916092EA0000001218
B1200575631661N00916191EA0000001217
B1201025631730N00916277EA0000001217
B1201075631801N00916357EA0000001214
B1201125631875N00916433EA0000001205
B1201215632014N00916579EA0000001202
B1201265632089N00916662EA0000001209
B1201315632158N00916744EA0000001220
B1201385632243N00916875EA0000001222
B1201435632293N00916982EA0000001225
B1201485632341N00917088EA0000001216
B1201535632398N00917205EA0000001203
B1201585632456N00917332EA0000001190
B1202035632517N00917456EA0000001190
B1202095632584N00917606EA0000001184
B1202155632650N00917758EA0000001175
B1202215632720N00917907EA0000001161
B1202265632781N00918032EA0000001144
B1202315632841N00918161EA0000001134
B1202375632912N00918317EA0000001127
B1202425632968N00918451EA0000001120
B1202485633034N00918606EA0000001117
B1202535633090N00918732EA0000001104
B1203005633175N00918912EA0000001086
B1203055633237N00919045EA0000001077
B1203115633308N00919209EA0000001069
B1203165633370N00919343EA0000001064
B1203215633431N00919476EA0000001059
B1203265633493N00919611EA0000001058
B1203325633572N00919758EA0000001059
B1203375633648N00919866EA0000001064
B1203425633722N00919952EA0000001103
B1203475633782N00920023EA0000001135
B1203525633822N00920096EA0000001153
B1203575633828N00920196EA0000001165
B1204025633777N00920291EA0000001151
B1204075633674N00920283EA0000001153
B1204125633606N00920141EA0000001176
B1204185633639N00919974EA0000001200
B1204235633715N00919966EA0000001208
B1204285633751N00920061EA0000001237
B1204335633700N00920159EA0000001230
B1204395633577N00920096EA0000001229
B1204455633532N00919897EA0000001288
B1204515633565N00919757EA0000001298
B1204575633653N00919689EA0000001298
B1205025633725N00919704EA0000001321
B1205075633780N00919755EA0000001323
B1205135633842N00919846EA0000001302
B1205185633890N00919947EA0000001282
B1205245633952N00920085EA0000001290
B1205295634000N00920199EA0000001313
B1205345634044N00920313EA0000001317
B1205395634083N00920437EA0000001316
B1205445634121N00920556EA0000001312
B1205495634163N00920673EA0000001298
B1205545634207N00920802EA0000001289
B1205595634249N00920934EA0000001293
B1206045634287N00921051EA0000001308
B1206105634324N00921197EA0000001292
B1206195634385N00921451EA0000001275
B1206255634408N00921631EA0000001263
B1206315634422N00921821EA0000001251
B1206365634435N00921980EA0000001244
B1206415634444N00922137EA0000001236
B1206465634451N00922291EA0000001223
B1206525634459N00922487EA0000001209
B1207025634477N00922818EA0000001217
B1207095634496N00923030EA0000001224
B1207145634509N00923161EA0000001258
B1207205634512N00923289EA0000001274
B1207265634545N00923404EA0000001269
B1207315634599N00923482EA0000001270
B1207365634656N00923557EA0000001266
B1207415634720N00923630EA0000001244
B1207465634793N00923702EA0000001235
B1207515634868N00923767EA0000001233
B1207575634956N00923842EA0000001230
B1208035635040N00923921EA0000001223
B1208085635111N00923987EA0000001215
B1208135635180N00924057EA0000001208
B1208195635268N00924149EA0000001188
B1208255635358N00924249EA0000001175
B1208315635449N00924349EA0000001159
B1208365635524N00924446EA0000001149
B1208425635612N00924574EA0000001143
B1208475635678N00924685EA0000001144
B1208525635744N00924796EA0000001137
B1208585635829N00924929EA0000001135
B1209035635904N00925032EA0000001135
B1209085635982N00925132EA0000001132
B1209155636092N00925277EA0000001130
B1209205636174N00925379EA0000001126
B1209255636255N00925475EA0000001127
B1209305636332N00925554EA0000001149
B1209355636396N00925609EA0000001166
B1209415636467N00925680EA0000001165
B1209485636551N00925758EA0000001170
B1209535636609N00925818EA0000001165
B1209585636670N00925885EA0000001146
B1210045636751N00925987EA0000001121
B1210105636834N00926096EA0000001108
B1210165636913N00926203EA0000001100
B1210245637013N00926361EA0000001084
B1210305637086N00926480EA0000001084
B1210355637141N00926584EA0000001081
B1210405637193N00926686EA0000001080
B1210465637257N00926804EA0000001076
B1210515637312N00926897EA0000001065
B1210565637372N00926975EA0000001072
B1211025637429N00927071EA0000001079
B1211085637487N00927165EA0000001076
B1211145637560N00927234EA0000001061
B1211205637651N00927279EA0000001039
B1211275637770N00927316EA0000001026
B1211345637888N00927345EA0000001027
B1211395637969N00927364EA0000001018
B1211445638055N00927385EA0000001003
B1211535638214N00927411EA0000000993
B1211585638301N00927431EA0000000984
B1212035638390N00927455EA0000000977
B1212095638496N00927485EA0000000976
B1212145638580N00927510EA0000000973
B1212195638663N00927537EA0000000954
B1212255638773N00927568EA0000000942
B1212325638901N00927599EA0000000934
B1212385639006N00927614EA0000000943
B1212435639089N00927621EA0000000946
B1212495639186N00927617EA0000000947
B1212545639265N00927592EA0000000948
B1212595639347N00927552EA0000000937
B1213055639449N00927522EA0000000927
B1213105639535N00927492EA0000000919
B1213175639652N00927403EA0000000915
B1213235639750N00927336EA0000000912
B1213305639862N00927251EA0000000908
B1213375639974N00927160EA0000000895
B1213425640060N00927131EA0000000884
B1213485640166N00927130EA0000000865
B1213555640291N00927155EA0000000849
B1214005640375N00927189EA0000000839
B1214115640561N00927296EA0000000809
B1214165640646N00927345EA0000000809
B1214215640729N00927399EA0000000811
B1214265640797N00927455EA0000000851
B1214315640840N00927511EA0000000859
B1214395640902N00927620EA0000000836
B1214445640939N00927695EA0000000837
B1214525640988N00927817EA0000000826
B1214575641027N00927898EA0000000826
B1215035641083N00927979EA0000000820
B1215105641150N00928092EA0000000819
B1215175641211N00928203EA0000000826
B1215235641262N00928294EA0000000829
B1215285641309N00928365EA0000000828
B1215355641382N00928444EA0000000843
B1215415641442N00928500EA0000000837
B1215465641502N00928547EA0000000839
B1215515641562N00928585EA0000000850
B1215575641629N00928642EA0000000855
B1216025641683N00928691EA0000000859
B1216075641737N00928743EA0000000859
B1216145641817N00928817EA0000000851
B1216205641884N00928883EA0000000842
B1216265641946N00928972EA0000000819
B1216325642019N00929072EA0000000797
B1216375642076N00929161EA0000000794
B1216455642095N00929356EA0000000785
B1216525642068N00929546EA0000000777
B1216585642038N00929704EA0000000793
B1217035642015N00929818EA0000000802
B1217085642012N00929934EA0000000799
B1217145642048N00930058EA0000000804
B1217195642100N00930117EA0000000804
B1217245642169N00930069EA0000000798
B1217295642209N00929909EA0000000797
B1217345642219N00929729EA0000000810
B1217395642252N00929594EA0000000812
B1217445642311N00929526EA0000000801
B1217495642369N00929536EA0000000798
B1217555642384N00929656EA0000000778
B1218025642299N00929796EA0000000773
B1218075642208N00929829EA0000000774
B1218125642111N00929817EA0000000771
B1218215641942N00929662EA0000000764
B1218285641832N00929482EA0000000764
B1218345641796N00929284EA0000000772
B1218395641800N00929118EA0000000775
B1218445641765N00928958EA0000000777
B1218495641674N00928911EA0000000771
B1218545641619N00929010EA0000000770
B1219015641644N00929132EA0000000778
B1219065641701N00929152EA0000000769
B1219135641781N00929014EA0000000772
B1219195641837N00928857EA0000000775
B1219255641889N00928696EA0000000779
B1219325641954N00928512EA0000000775
B1219405642001N00928253EA0000000764
B1219465642001N00928025EA0000000750
B1219545641949N00927717EA0000000740
B1220005641875N00927527EA0000000733
B1220065641771N00927415EA0000000726
B1220115641679N00927399EA0000000721
B1220175641576N00927309EA0000000709
B1220225641540N00927136EA0000000689
B1220275641570N00926968EA0000000681
B1220325641637N00926883EA0000000674
B1220375641711N00926867EA0000000667
B1220445641803N00926870EA0000000665
B1220515641895N00926878EA0000000649
B1221035642054N00926885EA0000000630
B1221085642119N00926893EA0000000622
B1221145642194N00926914EA0000000611
B1221225642300N00926949EA0000000589
B1221275642369N00926981EA0000000574
B1221335642456N00927028EA0000000563
B1221385642527N00927066EA0000000564
B1221445642607N00927112EA0000000559
B1221495642679N00927154EA0000000545
B1221555642767N00927209EA0000000545
B1222005642836N00927250EA0000000548
B1222065642914N00927305EA0000000542
B1222115642982N00927349EA0000000533
B1222175643066N00927399EA0000000523
B1222235643153N00927445EA0000000519
B1222295643236N00927495EA0000000520
B1222365643329N00927565EA0000000520
B1222415643387N00927595EA0000000538
B1222485643457N00927640EA0000000523
B1222545643507N00927746EA0000000515
B1222595643533N00927855EA0000000520
B1223065643579N00927981EA0000000530
B1223115643610N00928056EA0000000532
B1223165643652N00928115EA0000000531
B1223235643732N00928014EA0000000537
B1223285643710N00927852EA0000000542
B1223385643565N00927876EA0000000554
B1223435643598N00927952EA0000000551
B1223525643666N00927777EA0000000564
B1223575643606N00927637EA0000000564
B1224025643516N00927642EA0000000568
B1224075643482N00927737EA0000000579
B1224125643515N00927805EA0000000576
B1224185643585N00927770EA0000000584
B1224235643621N00927673EA0000000583
B1224285643610N00927516EA0000000578
B1224355643525N00927333EA0000000593
B1224415643426N00927293EA0000000582
B1224465643405N00927403EA0000000585
B1224515643457N00927439EA0000000596
B1224565643507N00927346EA0000000602
B1225015643496N00927183EA0000000605
B1225065643416N00927084EA0000000603
B1225115643339N00927126EA0000000610
B1225165643328N00927234EA0000000603
B1225225643391N00927279EA0000000621
B1225295643467N00927202EA0000000635
B1225345643521N00927161EA0000000625
B1225395643584N00927100EA0000000623
B1225465643667N00926994EA0000000625
B1225545643768N00926872EA0000000621
B1225595643831N00926787EA0000000629
B1226045643892N00926711EA0000000638
B1226095643951N00926702EA0000000650
B1226145643972N00926800EA0000000654
B1226205643878N00926867EA0000000672
B1226255643815N00926730EA0000000669
B1226305643852N00926600EA0000000677
B1226355643912N00926597EA0000000705
B1226405643953N00926663EA0000000709
B1226475643885N00926800EA0000000726
B1226525643807N00926697EA0000000722
B1226575643815N00926541EA0000000741
B1227025643866N00926473EA0000000761
B1227085643928N00926528EA0000000771
B1227135643918N00926640EA0000000784
B1227185643830N00926661EA0000000781
B1227235643768N00926523EA0000000784
B1227285643799N00926386EA0000000797
B1227345643875N00926341EA0000000832
B1227405643907N00926426EA0000000829
B1227465643814N00926470EA0000000830
B1227515643760N00926333EA0000000854
B1227565643790N00926202EA0000000871
B1228025643859N00926208EA0000000874
B1228075643840N00926313EA0000000875
B1228125643752N00926307EA0000000879
B1228175643709N00926155EA0000000904
B1228225643748N00926027EA0000000911
B1228295643810N00926088EA0000000920
B1228355643740N00926167EA0000000915
B1228405643665N00926067EA0000000936
B1228465643675N00925879EA0000000959
B1228515643730N00925797EA0000000966
B1228565643764N00925669EA0000000961
B1229025643715N00925492EA0000000972
B1229075643631N00925467EA0000000977
B1229125643579N00925569EA0000000974
B1229175643578N00925679EA0000000997
B1229225643627N00925698EA0000000997
B1229275643674N00925581EA0000000999
B1229325643662N00925422EA0000001016
B1229385643578N00925316EA0000001011
B1229445643496N00925408EA0000001018
B1229525643482N00925581EA0000001045
B1229575643527N00925637EA0000001047
B1230025643591N00925547EA0000001049
B1230075643586N00925363EA0000001059
B1230125643509N00925248EA0000001060
B1230175643421N00925292EA0000001059
B1230225643378N00925419EA0000001071
B1230275643355N00925535EA0000001100
B1230325643385N00925619EA0000001102
B1230375643457N00925568EA0000001101
B1230425643479N00925395EA0000001107
B1230475643427N00925231EA0000001107
B1230525643329N00925183EA0000001105
B1230575643242N00925245EA0000001115
B1231025643201N00925364EA0000001120
B1231085643220N00925508EA0000001135
B1231145643298N00925506EA0000001136
B1231195643329N00925339EA0000001130
B1231245643275N00925172EA0000001139
B1231295643181N00925107EA0000001145
B1231355643092N00924965EA0000001151
B1231415643115N00924781EA0000001169
B1231475643196N00924749EA0000001175
B1231525643216N00924855EA0000001181
B1231575643147N00924934EA0000001191
B1232025643057N00924866EA0000001195
B1232095643067N00924642EA0000001207
B1232145643131N00924625EA0000001225
B1232195643153N00924714EA0000001222
B1232245643091N00924807EA0000001228
B1232295643003N00924758EA0000001251
B1232355642983N00924573EA0000001247
B1232405643045N00924494EA0000001258
B1232455643101N00924511EA0000001275
B1232525643176N00924547EA0000001276
B1232575643237N00924577EA0000001263
B1233025643308N00924609EA0000001237
B1233075643383N00924644EA0000001232
B1233145643493N00924685EA0000001216
B1233195643575N00924721EA0000001207
B1233255643675N00924773EA0000001196
B1233325643793N00924831EA0000001188
B1233385643897N00924884EA0000001169
B1233445644004N00924940EA0000001155
B1233515644132N00925009EA0000001140
B1233565644221N00925064EA0000001135
B1234015644307N00925116EA0000001131
B1234095644444N00925194EA0000001116
B1234145644533N00925239EA0000001107
B1234205644641N00925296EA0000001101
B1234255644733N00925337EA0000001096
B1234345644888N00925430EA0000001098
B1234425645017N00925492EA0000001111
B1234475645090N00925516EA0000001107
B1234535645188N00925525EA0000001096
B1234595645292N00925522EA0000001084
B1235045645383N00925511EA0000001075
B1235095645475N00925504EA0000001066
B1235165645604N00925494EA0000001062
B1235225645711N00925480EA0000001055
B1235325645889N00925449EA0000001043
B1235375645975N00925429EA0000001035
B1235435646078N00925402EA0000001019
B1235495646181N00925378EA0000001010
B1235595646354N00925345EA0000000990
B1236055646462N00925351EA0000000977
B1236115646567N00925378EA0000000975
B1236175646666N00925421EA0000000972
B1236225646745N00925474EA0000000976
B1236285646824N00925547EA0000000987
B1236365646930N00925647EA0000000969
B1236415647001N00925721EA0000000963
B1236465647070N00925800EA0000000965
B1236525647147N00925887EA0000000981
B1236575647202N00925961EA0000001001
B1237035647253N00926048EA0000000999
B1237105647319N00926165EA0000000999
B1237165647378N00926262EA0000000997
B1237215647429N00926352EA0000000985
B1237275647492N00926478EA0000000972
B1237325647549N00926591EA0000000960
B1237395647635N00926737EA0000000959
B1237445647686N00926835EA0000000965
B1237495647734N00926933EA0000000947
B1237545647791N00927041EA0000000932
B1238005647859N00927173EA0000000931
B1238055647907N00927293EA0000000928
B1238105647947N00927417EA0000000929
B1238195648018N00927628EA0000000929
B1238245648051N00927745EA0000000926
B1238315648097N00927914EA0000000923
B1238365648125N00928045EA0000000915
B1238425648162N00928195EA0000000915
B1238485648198N00928329EA0000000926
B1238535648203N00928428EA0000000945
B1238585648181N00928522EA0000000946
B1239035648126N00928603EA0000000945
B1239085648066N00928690EA0000000955
B1239145648056N00928826EA0000000959
B1239195648106N00928886EA0000000962
B1239245648165N00928785EA0000000972
B1239305648122N00928582EA0000000980
B1239355648028N00928572EA0000000989
B1239415647998N00928722EA0000000993
B1239475648071N00928757EA0000001014
B1239525648099N00928604EA0000001023
B1239585648007N00928464EA0000001032
B1240045647934N00928570EA0000001034
B1240095647969N00928674EA0000001051
B1240145648034N00928644EA0000001071
B1240205648054N00928453EA0000001070
B1240255647978N00928316EA0000001077
B1240315647879N00928369EA0000001085
B1240365647880N00928505EA0000001084
B1240415647927N00928594EA0000001116
B1240465647988N00928579EA0000001115
B1240515648007N00928413EA0000001113
B1240585647904N00928242EA0000001131
B1241035647826N00928311EA0000001128
B1241085647819N00928447EA0000001140
B1241145647856N00928565EA0000001166
B1241225647917N00928692EA0000001173
B1241295647983N00928805EA0000001181
B1241345648029N00928888EA0000001183
B1241405648088N00928989EA0000001186
B1241465648144N00929093EA0000001186
B1241525648204N00929196EA0000001187
B1241575648252N00929283EA0000001185
B1242045648325N00929401EA0000001194
B1242115648364N00929559EA0000001204
B1242195648362N00929737EA0000001231
B1242245648309N00929825EA0000001221
B1242295648217N00929816EA0000001214
B1242345648153N00929673EA0000001209
B1242395648173N00929505EA0000001198
B1242445648253N00929449EA0000001192
B1242505648336N00929486EA0000001209
B1242555648391N00929544EA0000001220
B1243055648490N00929683EA0000001238
B1243105648540N00929758EA0000001223
B1243175648623N00929886EA0000001193
B1243235648695N00930014EA0000001191
B1243285648743N00930124EA0000001196
B1243335648785N00930250EA0000001192
B1243405648832N00930430EA0000001216
B1243455648856N00930553EA0000001206
B1243535648883N00930781EA0000001184
B1243585648897N00930934EA0000001180
B1244045648919N00931097EA0000001201
B1244105648934N00931237EA0000001209
B1244155648951N00931357EA0000001214
B1244205648964N00931484EA0000001222
B1244275648982N00931655EA0000001236
B1244325648997N00931771EA0000001234
B1244375649017N00931892EA0000001231
B1244455649084N00932057EA0000001249
B1244535649153N00932191EA0000001275
B1244585649167N00932289EA0000001293
B1245035649120N00932383EA0000001298
B1245095649013N00932351EA0000001300
B1245145648968N00932203EA0000001304
B1245195648993N00932070EA0000001294
B1245285649105N00932020EA0000001318
B1245355649169N00932088EA0000001328
B1245435649153N00932248EA0000001330
B1245485649068N00932283EA0000001329
B1245535648990N00932177EA0000001337
B1246005649005N00931966EA0000001349
B1246055649051N00931877EA0000001373
B1246105649104N00931850EA0000001369
B1246155649146N00931918EA0000001366
B1246215649126N00932034EA0000001383
B1246265649048N00932072EA0000001374
B1246315648957N00931991EA0000001382
B1246365648924N00931838EA0000001391
B1246415648952N00931699EA0000001394
B1246465649009N00931638EA0000001411
B1246515649051N00931693EA0000001399
B1246565649024N00931809EA0000001406
B1247015648940N00931825EA0000001413
B1247085648843N00931665EA0000001419
B1247135648835N00931504EA0000001413
B1247195648894N00931374EA0000001426
B1247275648996N00931337EA0000001447
B1247325649051N00931384EA0000001459
B1247375649088N00931464EA0000001464
B1247465649028N00931623EA0000001455
B1247515648937N00931586EA0000001455
B1247575648882N00931403EA0000001456
B1248025648914N00931255EA0000001461
B1248075648978N00931186EA0000001478
B1248195649135N00931140EA0000001463
B1248255649225N00931129EA0000001454
B1248325649337N00931125EA0000001444
B1248395649450N00931143EA0000001432
B1248445649531N00931159EA0000001428
B1248495649618N00931141EA0000001420
B1248545649706N00931101EA0000001418
B1249015649828N00931047EA0000001414
B1249065649914N00931005EA0000001430
B1249125650004N00930958EA0000001461
B1249175650074N00930925EA0000001457
B1249245650190N00930916EA0000001452
B1249315650300N00930943EA0000001452
B1249365650375N00930980EA0000001441
B1249435650491N00931051EA0000001421
B1249505650606N00931122EA0000001425
B1249575650724N00931190EA0000001406
B1250025650809N00931252EA0000001401
B1250075650889N00931314EA0000001406
B1250145651001N00931391EA0000001389
B1250205651106N00931459EA0000001367
B1250265651225N00931514EA0000001367
B1250315651321N00931544EA0000001386
B1250375651427N00931562EA0000001386
B1250455651579N00931586EA0000001367
B1250505651679N00931594EA0000001361
B1250565651799N00931617EA0000001354
B1251025651916N00931643EA0000001347
B1251095652040N00931685EA0000001365
B1251145652115N00931720EA0000001388
B1251195652175N00931754EA0000001398
B1251265652257N00931825EA0000001398
B1251325652314N00931906EA0000001408
B1251385652362N00932000EA0000001400
B1251455652411N00932134EA0000001391
B1251505652445N00932240EA0000001383
B1251575652498N00932405EA0000001360
B1252025652542N00932526EA0000001355
B1252075652586N00932649EA0000001352
B1252135652637N00932788EA0000001378
B1252185652671N00932873EA0000001388
B1252235652709N00932965EA0000001384
B1252315652768N00933120EA0000001388
B1252405652848N00933290EA0000001382
B1252465652934N00933285EA0000001373
B1252515652982N00933146EA0000001369
B1252565652984N00932959EA0000001377
B1253025652964N00932760EA0000001400
B1253085652866N00932682EA0000001400
B1253135652813N00932787EA0000001401
B1253185652848N00932893EA0000001397
B1253245652930N00932887EA0000001437
B1253295652968N00932785EA0000001436
B1253345652945N00932620EA0000001430
B1253395652859N00932555EA0000001440
B1253445652798N00932646EA0000001445
B1253495652824N00932758EA0000001457
B1253545652891N00932740EA0000001475
B1254005652918N00932561EA0000001474
B1254055652854N00932425EA0000001484
B1254105652771N00932440EA0000001490
B1254165652745N00932591EA0000001492
B1254215652792N00932658EA0000001518
B1254265652854N00932607EA0000001519
B1254315652871N00932448EA0000001520
B1254365652810N00932317EA0000001531
B1254415652726N00932347EA0000001529
B1254465652716N00932476EA0000001538
B1254525652789N00932511EA0000001558
B1254575652831N00932385EA0000001557
B1255025652807N00932210EA0000001561
B1255085652751N00932006EA0000001558
B1255135652704N00931845EA0000001576
B1255195652649N00931666EA0000001568
B1255265652574N00931431EA0000001546
B1255335652492N00931173EA0000001533
B1255385652427N00930992EA0000001529
B1255455652334N00930739EA0000001529
B1255535652234N00930467EA0000001546
B1256005652153N00930230EA0000001539
B1256055652091N00930050EA0000001527
B1256115652020N00929814EA0000001513
B1256185651928N00929546EA0000001508
B1256235651860N00929361EA0000001501
B1256295651779N00929125EA0000001490
B1256355651692N00928892EA0000001492
B1256405651607N00928726EA0000001499
B1256455651521N00928610EA0000001535
B1256525651412N00928488EA0000001541
B1256575651331N00928397EA0000001537
B1257035651236N00928290EA0000001548
B1257085651159N00928198EA0000001536
B1257135651071N00928088EA0000001515
B1257185650976N00927967EA0000001501
B1257235650876N00927846EA0000001491
B1257315650709N00927666EA0000001486
B1257425650480N00927429EA0000001487
B1257485650355N00927295EA0000001483
B1257545650229N00927167EA0000001481
B1258025650057N00927027EA0000001477
B1258095649904N00927003EA0000001483
B1258175649740N00927021EA0000001491
B1258225649636N00927045EA0000001484
B1258275649531N00927092EA0000001467
B1258335649405N00927159EA0000001456
B1258435649199N00927271EA0000001446
B1258515649037N00927369EA0000001436
B1258575648915N00927452EA0000001423
B1259035648794N00927532EA0000001441
B1259095648682N00927575EA0000001480
B1259145648604N00927576EA0000001507
B1259215648491N00927551EA0000001509
B1259295648347N00927490EA0000001513
B1259375648195N00927408EA0000001500
B1259455648023N00927304EA0000001465
B1259515647881N00927211EA0000001453
B1259585647713N00927083EA0000001438
B1300055647550N00926918EA0000001420
B1300105647439N00926784EA0000001414
B1300155647334N00926642EA0000001407
B1300215647210N00926462EA0000001386
B1300265647099N00926309EA0000001357
B1300335646941N00926078EA0000001348
B1300385646834N00925900EA0000001341
B1300435646729N00925717EA0000001349
B1300495646623N00925540EA0000001400
B1300555646538N00925413EA0000001422
B1301015646440N00925333EA0000001421
B1301065646367N00925394EA0000001428
B1301115646367N00925502EA0000001452
B1301165646426N00925527EA0000001450
B1301225646489N00925390EA0000001462
B1301275646469N00925226EA0000001461
B1301355646340N00925113EA0000001481
B1301405646279N00925179EA0000001482
B1301455646273N00925292EA0000001495
B1301505646322N00925346EA0000001505
B1301575646399N00925195EA0000001503
B1302035646370N00924979EA0000001510
B1302095646312N00924786EA0000001526
B1302155646256N00924613EA0000001540
B1302215646202N00924435EA0000001533
B1302265646149N00924266EA0000001528
B1302325646078N00924068EA0000001517
B1302395645993N00923817EA0000001502
B1302535645807N00923313EA0000001487
B1302585645743N00923131EA0000001485
B1303045645663N00922909EA0000001476
B1303105645583N00922683EA0000001465
B1303185645474N00922377EA0000001457
B1303235645409N00922189EA0000001445
B1303295645319N00921948EA0000001414
B1303355645216N00921708EA0000001404
B1303405645115N00921547EA0000001409
B1303455645003N00921446EA0000001411
B1303505644878N00921396EA0000001391
B1303555644756N00921373EA0000001411
B1304005644651N00921368EA0000001431
B1304055644550N00921367EA0000001440
B1304115644431N00921331EA0000001464
B1304165644347N00921236EA0000001471
B1304225644287N00921036EA0000001478
B1304285644326N00920852EA0000001474
B1304335644395N00920820EA0000001469
B1304385644435N00920903EA0000001466
B1304435644418N00921016EA0000001482
B1304485644361N00921084EA0000001496
B1304555644237N00921093EA0000001480
B1305005644127N00921051EA0000001469
B1305055644015N00921024EA0000001485
B1305105643918N00921009EA0000001505
B1305165643803N00920990EA0000001481
B1305215643691N00920989EA0000001469
B1305265643585N00920998EA0000001484
B1305325643464N00921005EA0000001474
B1305395643306N00920999EA0000001457
B1305455643162N00920991EA0000001450
B1305525643000N00920994EA0000001453
B1305575642887N00921002EA0000001442
B1306035642750N00921032EA0000001437
B1306085642648N00921067EA0000001448
B1306145642536N00921107EA0000001463
B1306195642456N00921123EA0000001486
B1306255642360N00921099EA0000001486
B1306315642263N00921006EA0000001496
B1306365642196N00920893EA0000001497
B1306415642131N00920770EA0000001495
B1306475642047N00920608EA0000001473
B1306525641968N00920460EA0000001463
B1306585641866N00920280EA0000001447
B1307035641776N00920125EA0000001432
B1307085641682N00919970EA0000001424
B1307155641547N00919759EA0000001403
B1307235641387N00919508EA0000001384
B1307285641283N00919348EA0000001372
B1307345641157N00919157EA0000001361
B1307415641010N00918930EA0000001348
B1307475640885N00918733EA0000001342
B1307535640762N00918536EA0000001338
B1308015640591N00918291EA0000001327
B1308065640479N00918156EA0000001328
B1308115640372N00918020EA0000001332
B1308165640266N00917884EA0000001331
B1308215640161N00917740EA0000001331
B1308265640060N00917596EA0000001346
B1308315639972N00917473EA0000001379
B1308365639899N00917370EA0000001387
B1308415639819N00917263EA0000001372
B1308475639723N00917118EA0000001374
B1308525639651N00916983EA0000001360
B1308595639522N00916811EA0000001333
B1309045639410N00916700EA0000001322
B1309095639295N00916583EA0000001313
B1309165639137N00916408EA0000001299
B1309215639026N00916283EA0000001288
B1309265638913N00916161EA0000001274
B1309345638733N00915961EA0000001256
B1309405638600N00915807EA0000001242
B1309475638444N00915629EA0000001231
B1309525638333N00915505EA0000001221
B1309575638220N00915377EA0000001203
B1310035638081N00915220EA0000001191
B1310085637966N00915092EA0000001188
B1310145637828N00914941EA0000001180
B1310205637687N00914797EA0000001174
B1310265637550N00914660EA0000001184
B1310315637441N00914543EA0000001176
B1310365637331N00914418EA0000001166
B1310415637219N00914299EA0000001158
B1310465637107N00914186EA0000001156
B1310525636973N00914062EA0000001151
B1310585636831N00913968EA0000001137
B1311035636711N00913891EA0000001127
B1311085636592N00913807EA0000001122
B1311165636402N00913681EA0000001109
B1311265636166N00913519EA0000001089
B1311315636052N00913423EA0000001085
B1311375635922N00913289EA0000001078
B1311425635822N00913159EA0000001090
B1311485635719N00913006EA0000001098
B1311535635636N00912894EA0000001109
B1311595635540N00912797EA0000001116
B1312045635463N00912841EA0000001123
B1312095635457N00912956EA0000001126
B1312145635507N00913003EA0000001128
B1312195635564N00912924EA0000001120
B1312245635567N00912763EA0000001122
B1312325635506N00912509EA0000001120
B1312385635440N00912337EA0000001113
B1312445635343N00912202EA0000001109
B1312505635256N00912054EA0000001121
B1312565635257N00911853EA0000001129
B1313015635320N00911797EA0000001147
B1313065635355N00911875EA0000001142
B1313115635312N00911981EA0000001149
B1313165635229N00911956EA0000001161
B1313215635169N00911825EA0000001169
B1313265635181N00911677EA0000001169
B1313315635242N00911676EA0000001183
B1313365635231N00911784EA0000001175
B1313415635148N00911795EA0000001195
B1313465635090N00911669EA0000001200
B1313515635099N00911512EA0000001190
B1313575635180N00911479EA0000001214
B1314025635196N00911565EA0000001213
B1314075635128N00911629EA0000001213
B1314125635061N00911508EA0000001218
B1314175635095N00911352EA0000001224
B1314235635166N00911308EA0000001245
B1314285635187N00911399EA0000001225
B1314335635120N00911493EA0000001227
B1314385635030N00911474EA0000001254
B1314435634958N00911386EA0000001253
B1314485634946N00911216EA0000001240
B1314535635008N00911117EA0000001254
B1314585635073N00911106EA0000001263
B1315035635125N00911012EA0000001255
B1315085635115N00910847EA0000001245
B1315145635039N00910668EA0000001225
B1315215634912N00910505EA0000001209
B1315265634811N00910410EA0000001201
B1315325634685N00910303EA0000001192
B1315375634578N00910215EA0000001185
B1315425634470N00910139EA0000001181
B1315475634362N00910081EA0000001191
B1315535634251N00910006EA0000001223
B1315585634177N00909896EA0000001209
B1316065634079N00909623EA0000001183
B1316115634034N00909430EA0000001175
B1316185633973N00909155EA0000001162
B1316235633938N00908959EA0000001163
B1316285633911N00908775EA0000001177
B1316345633859N00908586EA0000001179
B1316395633785N00908463EA0000001174
B1316445633692N00908378EA0000001177
B1316505633575N00908334EA0000001184
B1316565633462N00908305EA0000001178
B1317015633361N00908285EA0000001163
B1317065633255N00908272EA0000001151
B1317145633089N00908271EA0000001140
B1317205632961N00908276EA0000001123
B1317255632853N00908285EA0000001119
B1317305632756N00908294EA0000001152
B1317365632663N00908294EA0000001172
B1317415632578N00908285EA0000001147
B1317475632450N00908286EA0000001126
B1317585632250N00908286EA0000001165
B1318045632138N00908287EA0000001168
B1318115632004N00908290EA0000001176
B1318185631869N00908298EA0000001203
B1318235631791N00908348EA0000001207
B1318285631702N00908384EA0000001200
B1318355631563N00908391EA0000001212
B1318405631469N00908377EA0000001215
B1318475631329N00908348EA0000001195
B1318535631199N00908334EA0000001183
B1319005631047N00908305EA0000001179
B1319055630944N00908283EA0000001175
B1319115630818N00908256EA0000001157
B1319175630686N00908230EA0000001151
B1319225630580N00908208EA0000001149
B1319325630371N00908172EA0000001150
B1319395630227N00908144EA0000001144
B1319465630084N00908116EA0000001147
B1319515630005N00908097EA0000001141
B1319565629884N00908070EA0000001129
B1320015629775N00908057EA0000001114
B1320065629663N00908062EA0000001106
B1320115629558N00908098EA0000001109
B1320165629458N00908139EA0000001115
B1320215629363N00908176EA0000001114
B1320265629265N00908220EA0000001098
B1320325629143N00908278EA0000001080
B1320375629046N00908349EA0000001079
B1320425628958N00908430EA0000001090
B1320475628877N00908495EA0000001112
B1320525628802N00908535EA0000001130
B1320575628723N00908485EA0000001129
B1321025628636N00908424EA0000001126
B1321075628625N00908535EA0000001128
B1321125628690N00908506EA0000001145
B1321175628721N00908381EA0000001161
B1321225628688N00908233EA0000001161
B1321275628601N00908191EA0000001167
B1321325628553N00908286EA0000001190
B1321385628599N00908367EA0000001189
B1321435628646N00908258EA0000001198
B1321485628611N00908114EA0000001213
B1321535628531N00908060EA0000001220
B1321585628455N00908103EA0000001232
B1322045628432N00908232EA0000001234
B1322095628495N00908260EA0000001234
B1322145628537N00908141EA0000001255
B1322205628494N00907973EA0000001267
B1322255628411N00907919EA0000001278
B1322305628342N00907986EA0000001281
B1322355628348N00908096EA0000001290
B1322405628407N00908102EA0000001301
B1322475628455N00907927EA0000001318
B1322525628437N00907788EA0000001326
B1322575628358N00907706EA0000001322
B1323025628279N00907746EA0000001338
B1323075628239N00907848EA0000001345
B1323125628250N00907950EA0000001348
B1323175628311N00907967EA0000001353
B1323225628355N00907858EA0000001365
B1323285628335N00907675EA0000001377
B1323335628303N00907521EA0000001373
B1323395628257N00907322EA0000001376
B1323445628211N00907157EA0000001365
B1323505628142N00906941EA0000001339
B1323565628058N00906707EA0000001342
B1324025627982N00906496EA0000001376
B1324075627923N00906336EA0000001386
B1324125627860N00906175EA0000001375
B1324185627774N00905962EA0000001358
B1324235627701N00905784EA0000001370
B1324285627633N00905617EA0000001389
B1324345627552N00905420EA0000001390
B1324395627480N00905249EA0000001386
B1324455627388N00905046EA0000001384
B1324505627306N00904883EA0000001387
B1324585627171N00904630EA0000001396
B1325035627087N00904482EA0000001409
B1325105626968N00904277EA0000001412
B1325155626881N00904131EA0000001403
B1325215626773N00903944EA0000001390
B1325265626682N00903790EA0000001386
B1325325626568N00903613EA0000001388
B1325385626450N00903456EA0000001392
B1325435626346N00903332EA0000001393
B1325485626234N00903219EA0000001392
B1325535626118N00903111EA0000001394
B1325585626000N00903015EA0000001388
B1326045625852N00902912EA0000001377
B1326105625702N00902815EA0000001369
B1326155625579N00902734EA0000001368
B1326205625458N00902654EA0000001360
B1326315625188N00902489EA0000001347
B1326375625040N00902410EA0000001341
B1326435624890N00902345EA0000001333
B1326485624765N00902293EA0000001325
B1326555624590N00902235EA0000001320
B1327035624395N00902178EA0000001315
B1327095624253N00902140EA0000001312
B1327145624136N00902113EA0000001309
B1327195624020N00902090EA0000001297
B1327245623903N00902068EA0000001305
B1327295623815N00902040EA0000001357
B1327345623729N00902014EA0000001358
B1327415623601N00901975EA0000001363
B1327475623483N00901955EA0000001360
B1327535623356N00901972EA0000001350
B1327585623248N00902007EA0000001345
B1328035623138N00902056EA0000001323
B1328135622901N00902187EA0000001298
B1328185622780N00902255EA0000001289
B1328235622659N00902331EA0000001281
B1328295622515N00902426EA0000001274
B1328355622372N00902520EA0000001268
B1328405622256N00902599EA0000001264
B1328465622122N00902692EA0000001260
B1328525621986N00902773EA0000001250
B1328585621847N00902845EA0000001245
B1329045621706N00902909EA0000001231
B1329115621539N00902996EA0000001223
B1329165621417N00903036EA0000001221
B1329215621293N00903042EA0000001223
B1329265621170N00902995EA0000001217
B1329325621026N00902921EA0000001210
B1329375620908N00902856EA0000001201
B1329435620768N00902767EA0000001198
B1329485620660N00902653EA0000001201
B1329545620551N00902488EA0000001210
B1329595620464N00902346EA0000001203
B1330045620370N00902205EA0000001193
B1330095620279N00902048EA0000001182
B1330145620184N00901887EA0000001170
B1330215620048N00901650EA0000001158
B1330265619950N00901487EA0000001168
B1330315619864N00901345EA0000001181
B1330365619781N00901207EA0000001173
B1330415619695N00901063EA0000001151
B1330485619564N00900849EA0000001142
B1330535619474N00900707EA0000001143
B1330595619364N00900547EA0000001123
B1331055619243N00900384EA0000001092
B1331115619118N00900209EA0000001084
B1331185618977N00900035EA0000001108
B1331235618885N00859929EA0000001118
B1331295618774N00859807EA0000001101
B1331345618675N00859711EA0000001090
B1331395618576N00859618EA0000001085
B1331445618492N00859491EA0000001093
B1331505618449N00859303EA0000001111
B1331555618417N00859156EA0000001106
B1332015618366N00858963EA0000001080
B1332065618313N00858794EA0000001074
B1332115618254N00858636EA0000001068
B1332165618183N00858492EA0000001062
B1332225618095N00858327EA0000001061
B1332275618020N00858188EA0000001048
B1332335617918N00858029EA0000001046
B1332385617840N00857890EA0000001045
B1332465617718N00857658EA0000001025
B1332525617626N00857473EA0000001028
B1332575617559N00857321EA0000001035
B1333055617453N00857071EA0000001024
B1333105617398N00856901EA0000001039
B1333165617367N00856699EA0000001052
B1333225617343N00856499EA0000001062
B1333275617321N00856335EA0000001066
B1333345617306N00856100EA0000001066
B1333395617281N00855941EA0000001083
B1333445617195N00855891EA0000001074
B1333495617142N00855996EA0000001090
B1333555617172N00856093EA0000001096
B1334015617242N00856025EA0000001089
B1334065617278N00855885EA0000001095
B1334115617307N00855745EA0000001106
B1334165617284N00855590EA0000001106
B1334215617194N00855528EA0000001108
B1334265617128N00855630EA0000001116
B1334315617139N00855747EA0000001113
B1334365617206N00855776EA0000001110
B1334425617287N00855707EA0000001124
B1334475617334N00855600EA0000001130
B1334525617351N00855445EA0000001147
B1334575617295N00855293EA0000001153
B1335025617197N00855292EA0000001170
B1335075617173N00855416EA0000001181
B1335125617228N00855477EA0000001199
B1335175617288N00855408EA0000001217
B1335225617273N00855231EA0000001224
B1335275617175N00855160EA0000001250
B1335325617120N00855261EA0000001264
B1335375617158N00855362EA0000001267
B1335425617224N00855344EA0000001310
B1335475617251N00855221EA0000001321
B1335525617214N00855055EA0000001329
B1335585617111N00854899EA0000001338
B1336035617011N00854757EA0000001331
B1336085616897N00854643EA0000001339
B1336135616783N00854548EA0000001344
B1336185616671N00854443EA0000001347
B1336245616541N00854311EA0000001357
B1336295616432N00854210EA0000001353
B1336355616296N00854099EA0000001342
B1336405616178N00854010EA0000001334
B1336455616059N00853926EA0000001332
B1336505615938N00853847EA0000001334
B1336555615817N00853770EA0000001344
B1337005615701N00853696EA0000001374
B1337065615570N00853622EA0000001376
B1337115615452N00853555EA0000001353
B1337165615323N00853487EA0000001330
B1337215615185N00853422EA0000001316
B1337265615044N00853350EA0000001304
B1337315614902N00853276EA0000001296
B1337365614759N00853199EA0000001292
B1337445614532N00853082EA0000001283
B1337505614362N00852994EA0000001275
B1337555614224N00852905EA0000001278
B1338005614103N00852754EA0000001284
B1338065613977N00852547EA0000001293
B1338125613851N00852365EA0000001292
B1338195613678N00852220EA0000001267
B1338265613493N00852119EA0000001260
B1338315613365N00852079EA0000001260
B1338395613165N00852054EA0000001260
B1338465612995N00852039EA0000001249
B1338515612873N00852047EA0000001244
B1338565612751N00852073EA0000001238
B1339015612632N00852137EA0000001222
B1339065612514N00852223EA0000001208
B1339125612374N00852345EA0000001203
B1339175612273N00852441EA0000001225
B1339245612134N00852581EA0000001203
B1339305612005N00852705EA0000001193
B1339355611900N00852817EA0000001186
B1339425611752N00852975EA0000001173
B1339475611645N00853063EA0000001211
B1339525611553N00853112EA0000001249
B1339585611459N00853160EA0000001270
B1340045611366N00853202EA0000001282
B1340105611262N00853147EA0000001280
B1340155611233N00852986EA0000001282
B1340205611275N00852882EA0000001300
B1340255611331N00852913EA0000001301
B1340305611336N00853026EA0000001314
B1340355611271N00853104EA0000001321
B1340405611184N00853064EA0000001328
B1340455611135N00852921EA0000001325
B1340505611164N00852784EA0000001333
B1340555611224N00852774EA0000001345
B1341005611260N00852851EA0000001362
B1341055611239N00852958EA0000001360
B1341105611156N00852999EA0000001366
B1341155611082N00852901EA0000001365
B1341205611075N00852736EA0000001365
B1341255611126N00852655EA0000001382
B1341305611175N00852708EA0000001381
B1341355611159N00852826EA0000001397
B1341405611085N00852878EA0000001405
B1341455610999N00852817EA0000001398
B1341505610960N00852660EA0000001402
B1341555610992N00852534EA0000001408
B1342005611053N00852538EA0000001413
B1342055611070N00852643EA0000001429
B1342105611019N00852737EA0000001433
B1342155610930N00852780EA0000001427
B1342205610828N00852789EA0000001424
B1342255610724N00852785EA0000001419
B1342315610593N00852762EA0000001411
B1342365610480N00852730EA0000001402
B1342415610362N00852690EA0000001383
B1342485610184N00852635EA0000001369
B1342545610027N00852579EA0000001361
B1342595609896N00852529EA0000001350
B1343095609624N00852426EA0000001329
B1343145609488N00852372EA0000001322
B1343195609351N00852313EA0000001315
B1343245609214N00852252EA0000001306
B1343305609048N00852175EA0000001296
B1343385608824N00852081EA0000001279
B1343445608654N00852004EA0000001264
B1343495608512N00851938EA0000001255
B1343545608370N00851871EA0000001250
B1344025608144N00851780EA0000001234
B1344105607910N00851703EA0000001210
B1344175607703N00851638EA0000001202
B1344225607556N00851597EA0000001192
B1344285607381N00851540EA0000001185
B1344335607239N00851485EA0000001177
B1344395607070N00851417EA0000001168
B1344455606905N00851342EA0000001153
B1344505606766N00851275EA0000001137
B1344565606602N00851189EA0000001131
B1345025606448N00851097EA0000001129
B1345095606279N00850980EA0000001122
B1345145606160N00850896EA0000001113
B1345205606016N00850790EA0000001091
B1345255605887N00850702EA0000001061
B1345305605744N00850635EA0000001051
B1345355605605N00850597EA0000001071
B1345405605481N00850572EA0000001096
B1345465605341N00850531EA0000001106
B1345535605191N00850499EA0000001133
B1345585605103N00850486EA0000001160
B1346035605013N00850446EA0000001158
B1346085604966N00850304EA0000001170
B1346135605014N00850203EA0000001181
B1346185605033N00850281EA0000001209
B1346235604953N00850320EA0000001213
B1346285604886N00850204EA0000001248
B1346335604897N00850063EA0000001249
B1346385604956N00850024EA0000001279
B1346435604960N00850099EA0000001292
B1346485604884N00850159EA0000001294
B1346535604810N00850062EA0000001326
B1346585604832N00849926EA0000001318
B1347035604879N00849962EA0000001347
B1347085604833N00850042EA0000001351
B1347135604741N00849983EA0000001363
B1347185604742N00849827EA0000001375
B1347245604804N00849845EA0000001400
B1347295604762N00849937EA0000001404
B1347345604667N00849897EA0000001422
B1347405604636N00849718EA0000001437
B1347455604690N00849635EA0000001447
B1347505604720N00849700EA0000001470
B1347555604668N00849785EA0000001470
B1348005604578N00849753EA0000001494
B1348055604533N00849612EA0000001494
B1348105604564N00849473EA0000001506
B1348155604617N00849469EA0000001523
B1348205604621N00849563EA0000001531
B1348255604547N00849622EA0000001538
B1348305604465N00849547EA0000001555
B1348355604441N00849389EA0000001550
B1348405604487N00849284EA0000001564
B1348465604533N00849346EA0000001577
B1348515604488N00849438EA0000001595
B1348565604402N00849422EA0000001597
B1349015604331N00849291EA0000001593
B1349065604286N00849121EA0000001592
B1349125604218N00848921EA0000001599
B1349175604161N00848756EA0000001592
B1349245604071N00848511EA0000001560
B1349305603989N00848281EA0000001556
B1349375603892N00848012EA0000001549
B1349425603825N00847819EA0000001564
B1349475603764N00847638EA0000001566
B1349535603687N00847416EA0000001554
B1349595603604N00847187EA0000001558
B1350055603532N00846948EA0000001566
B1350115603480N00846693EA0000001563
B1350165603439N00846478EA0000001562
B1350225603390N00846224EA0000001570
B1350275603346N00846012EA0000001569
B1350325603287N00845813EA0000001574
B1350395603179N00845573EA0000001574
B1350445603095N00845411EA0000001561
B1350505602984N00845217EA0000001558
B1350555602900N00845043EA0000001569
B1351015602797N00844828EA0000001572
B1351075602700N00844607EA0000001575
B1351135602611N00844391EA0000001570
B1351185602536N00844214EA0000001566
B1351275602402N00843891EA0000001564
B1351325602319N00843728EA0000001552
B1351405602167N00843465EA0000001511
B1351465602041N00843256EA0000001491
B1351515601935N00843081EA0000001491
B1351565601833N00842915EA0000001483
B1352035601677N00842688EA0000001458
B1352085601556N00842540EA0000001450
B1352145601411N00842368EA0000001445
B1352235601190N00842152EA0000001435
B1352295601043N00842031EA0000001438
B1352355600898N00841920EA0000001435
B1352435600700N00841786EA0000001427
B1352505600532N00841697EA0000001439
B1352585600364N00841603EA0000001442
B1353075600210N00841392EA0000001438
B1353135600121N00841223EA0000001431
B1353225559994N00840967EA0000001420
B1353315559881N00840690EA0000001405
B1353375559815N00840489EA0000001406
B1353425559760N00840333EA0000001409
B1353475559703N00840182EA0000001397
B1353525559645N00840026EA0000001399
B1353595559565N00839810EA0000001397
B1354085559455N00839537EA0000001396
B1354145559373N00839359EA0000001387
B1354235559241N00839069EA0000001362
B1354285559165N00838900EA0000001350
B1354355559058N00838650EA0000001335
B1354415558966N00838443EA0000001328
B1354485558854N00838210EA0000001314
B1354545558753N00838008EA0000001310
B1355015558625N00837798EA0000001315
B1355075558530N00837608EA0000001316
B1355165558389N00837295EA0000001300
B1355235558280N00837054EA0000001315
B1355285558215N00836883EA0000001324
B1355345558155N00836672EA0000001324
B1355395558109N00836493EA0000001325
B1355445558066N00836315EA0000001333
B1355505558010N00836114EA0000001337
B1355565557943N00835934EA0000001345
B1356065557830N00835645EA0000001347
B1356125557753N00835488EA0000001356
B1356175557696N00835351EA0000001355
B1356265557593N00835083EA0000001351
B1356315557531N00834937EA0000001358
B1356365557468N00834797EA0000001340
B1356425557380N00834614EA0000001334
B1356485557302N00834425EA0000001352
B1356535557253N00834272EA0000001385
B1356595557243N00834096EA0000001402
B1357045557291N00833988EA0000001410
B1357095557344N00834001EA0000001428
B1357155557334N00834110EA0000001428
B1357205557263N00834148EA0000001453
B1357255557193N00834074EA0000001467
B1357305557167N00833922EA0000001468
B1357355557202N00833787EA0000001487
B1357415557267N00833788EA0000001496
B1357465557265N00833889EA0000001504
B1357525557174N00833934EA0000001520
B1357595557057N00833803EA0000001526
B1358045556977N00833663EA0000001527
B1358095556899N00833502EA0000001528
B1358145556823N00833334EA0000001535
B1358205556729N00833132EA0000001533
B1358285556596N00832862EA0000001521
B1358365556448N00832586EA0000001495
B1358445556279N00832303EA0000001472
B1358525556101N00832033EA0000001470
B1358585555967N00831844EA0000001467
B1359045555835N00831654EA0000001454
B1359135555639N00831386EA0000001466
B1359235555426N00831082EA0000001450
B1359285555322N00830925EA0000001453
B1359365555170N00830666EA0000001454
B1359445555019N00830400EA0000001437
B1359585554776N00829859EA0000001424
B1400525554195N00827511EA0000001373
B1401045554015N00827061EA0000001368
B1401105553936N00826819EA0000001361
B1401175553822N00826558EA0000001364
B1401245553697N00826343EA0000001387
B1401315553590N00826169EA0000001427
B1401385553496N00826003EA0000001440
B1401435553425N00825879EA0000001450
B1401485553361N00825744EA0000001463
B1401565553300N00825482EA0000001480
B1402085553266N00825062EA0000001513
B1402135553257N00824876EA0000001522
B1402195553244N00824648EA0000001532
B1402355553202N00823963EA0000001520
B1402415553185N00823697EA0000001538
B1402525553146N00823197EA0000001522
B1402575553128N00822962EA0000001531
B1403035553101N00822701EA0000001542
B1403365552885N00821267EA0000001498
B1403545552781N00820470EA0000001472
B1404155552601N00819632EA0000001453
B1404215552468N00819615EA0000001440
B1404265552392N00819739EA0000001423
B1404315552374N00819914EA0000001406
B1404425552385N00820301EA0000001392
B1404475552392N00820474EA0000001383
B1404585552406N00820861EA0000001371
B1405065552424N00821150EA0000001364
B1405125552440N00821364EA0000001377
B1405175552456N00821525EA0000001375
B1405235552474N00821723EA0000001374
B1405305552496N00821935EA0000001380
B1405395552522N00822202EA0000001369
B1405445552540N00822354EA0000001357
B1405505552557N00822536EA0000001365
B1405555552569N00822679EA0000001365
B1406045552609N00822893EA0000001385
B1406095552625N00823007EA0000001383
B1406145552637N00823134EA0000001381
B1406215552657N00823308EA0000001394
B1406295552676N00823502EA0000001402
B1406355552686N00823644EA0000001415
B1406425552696N00823811EA0000001417
B1406485552717N00823958EA0000001418
B1406545552743N00824106EA0000001431
B1406595552764N00824224EA0000001443
B1407065552786N00824383EA0000001467
B1407135552800N00824548EA0000001479
B1407185552807N00824668EA0000001497
B1407365552811N00825059EA0000001518
B1407435552821N00825231EA0000001520
B1407485552827N00825356EA0000001524
B1407545552831N00825513EA0000001510
B1408025552812N00825761EA0000001497
B1408075552798N00825919EA0000001488
B1408135552782N00826117EA0000001472
B1408195552764N00826327EA0000001467
B1408245552747N00826497EA0000001480
B1408295552731N00826646EA0000001489
B1408385552696N00826927EA0000001451
B1408435552678N00827102EA0000001438
B1408495552664N00827319EA0000001439
B1408555552650N00827530EA0000001438
B1409005552639N00827704EA0000001433
B1409055552630N00827870EA0000001428
B1409115552621N00828066EA0000001418
B1409165552609N00828231EA0000001406
B1409265552564N00828563EA0000001385
B1409315552539N00828731EA0000001386
B1409395552508N00828987EA0000001393
B1409455552489N00829180EA0000001394
B1409525552467N00829382EA0000001421
B1410005552444N00829589EA0000001425
B1410055552425N00829717EA0000001454
B1410125552397N00829871EA0000001456
B1410185552368N00830031EA0000001446
B1410255552336N00830226EA0000001453
B1410325552307N00830419EA0000001462
B1410395552275N00830605EA0000001470
B1410465552239N00830796EA0000001461
B1410535552206N00831008EA0000001451
B1410595552183N00831194EA0000001446
B1411045552165N00831346EA0000001458
B1411095552144N00831485EA0000001475
B1411145552125N00831611EA0000001494
B1411225552096N00831793EA0000001514
B1411295552074N00831951EA0000001519
B1411355552068N00832094EA0000001531
B1411405552072N00832220EA0000001535
B1411475552084N00832395EA0000001542
B1411545552104N00832583EA0000001512
B1411595552125N00832748EA0000001485
B1412045552147N00832930EA0000001472
B1412125552176N00833229EA0000001459
B1412185552194N00833450EA0000001457
B1412235552206N00833630EA0000001450
B1412285552221N00833813EA0000001441
B1412345552237N00834035EA0000001430
B1412395552247N00834217EA0000001427
B1412455552258N00834423EA0000001429
B1412505552264N00834590EA0000001417
B1412555552273N00834768EA0000001402
B1413005552279N00834951EA0000001398
B1413095552274N00835273EA0000001385
B1413155552261N00835491EA0000001378
B1413215552242N00835702EA0000001374
B1413265552228N00835874EA0000001372
B1413345552188N00836151EA0000001356
B1413395552154N00836319EA0000001363
B1413465552109N00836551EA0000001334
B1413555552053N00836885EA0000001312
B1414005552017N00837063EA0000001316
B1414055551978N00837227EA0000001311
B1414115551933N00837425EA0000001301
B1414165551902N00837595EA0000001304
B1414235551856N00837797EA0000001351
B1414315551811N00837976EA0000001370
B1414365551786N00838092EA0000001362
B1414425551772N00838260EA0000001332
B1414505551772N00838536EA0000001309
B1414565551776N00838742EA0000001305
B1415025551781N00838943EA0000001292
B1415085551787N00839153EA0000001273
B1415145551795N00839367EA0000001263
B1415205551806N00839579EA0000001256
B1415255551816N00839758EA0000001254
B1415305551830N00839929EA0000001272
B1415355551845N00840074EA0000001301
B1415405551860N00840197EA0000001300
B1415455551876N00840337EA0000001272
B1415515551894N00840535EA0000001254
B1416005551903N00840841EA0000001253
B1416085551875N00841100EA0000001289
B1416145551834N00841229EA0000001327
B1416205551792N00841351EA0000001317
B1416265551760N00841502EA0000001327
B1416315551684N00841562EA0000001316
B1416365551591N00841493EA0000001307
B1416425551546N00841304EA0000001301
B1416475551587N00841164EA0000001285
B1416525551657N00841091EA0000001287
B1416595551744N00841046EA0000001295
B1417045551795N00841109EA0000001297
B1417095551816N00841220EA0000001305
B1417145551864N00841274EA0000001316
B1417195551918N00841174EA0000001324
B1417245551908N00841022EA0000001333
B1417305551812N00840939EA0000001332
B1417355551758N00841020EA0000001361
B1417425551788N00841131EA0000001365
B1417475551850N00841060EA0000001369
B1417535551833N00840880EA0000001392
B1417585551747N00840842EA0000001392
B1418035551699N00840935EA0000001414
B1418095551739N00841015EA0000001416
B1418145551796N00840928EA0000001423
B1418205551776N00840756EA0000001449
B1418265551679N00840709EA0000001440
B1418315551628N00840803EA0000001458
B1418365551651N00840892EA0000001465
B1418415551713N00840852EA0000001458
B1418465551727N00840703EA0000001477
B1418515551669N00840586EA0000001490
B1418565551583N00840576EA0000001488
B1419015551529N00840673EA0000001493
B1419105551524N00840900EA0000001486
B1419165551535N00841072EA0000001449
B1419235551561N00841307EA0000001425
B1419315551592N00841588EA0000001404
B1419365551615N00841762EA0000001402
B1419415551634N00841933EA0000001395
B1419465551655N00842111EA0000001379
B1419525551682N00842332EA0000001369
B1419575551710N00842518EA0000001361
B1420045551748N00842771EA0000001362
B1420105551781N00842988EA0000001363
B1420165551800N00843182EA0000001396
B1420225551805N00843352EA0000001415
B1420285551808N00843509EA0000001421
B1420335551812N00843630EA0000001430
B1420385551818N00843769EA0000001418
B1420445551822N00843964EA0000001401
B1420505551821N00844174EA0000001388
B1420555551812N00844357EA0000001382
B1421025551784N00844618EA0000001366
B1421095551752N00844888EA0000001359
B1421145551723N00845080EA0000001355
B1421195551692N00845264EA0000001355
B1421275551646N00845556EA0000001346
B1421355551609N00845851EA0000001336
B1421435551574N00846145EA0000001322
B1421485551552N00846326EA0000001323
B1421535551532N00846503EA0000001320
B1421585551510N00846677EA0000001324
B1422055551482N00846906EA0000001332
B1422125551475N00847124EA0000001323
B1422175551495N00847286EA0000001308
B1422225551533N00847445EA0000001301
B1422295551604N00847650EA0000001299
B1422345551660N00847792EA0000001292
B1422395551718N00847939EA0000001284
B1422455551791N00848114EA0000001275
B1422515551858N00848293EA0000001281
B1422575551924N00848463EA0000001291
B1423035552000N00848617EA0000001289
B1423105552100N00848794EA0000001291
B1423155552148N00848936EA0000001328
B1423225552139N00849118EA0000001361
B1423275552140N00849259EA0000001363
B1423325552159N00849402EA0000001374
B1423395552211N00849597EA0000001376
B1423465552287N00849799EA0000001378
B1423515552342N00849941EA0000001390
B1423585552434N00850128EA0000001381
B1424045552526N00850278EA0000001377
B1424095552599N00850397EA0000001374
B1424185552719N00850615EA0000001329
B1424265552815N00850837EA0000001308
B1424315552859N00850986EA0000001298
B1424385552902N00851208EA0000001286
B1424455552930N00851436EA0000001286
B1424505552948N00851599EA0000001279
B1424555552968N00851762EA0000001272
B1425015552995N00851957EA0000001265
B1425065553017N00852117EA0000001262
B1425115553039N00852276EA0000001258
B1425165553059N00852434EA0000001248
B1425235553089N00852661EA0000001235
B1425285553110N00852823EA0000001226
B1425445553172N00853337EA0000001192
B1425525553200N00853589EA0000001174
B1425575553215N00853746EA0000001166
B1426035553232N00853932EA0000001155
B1426085553246N00854091EA0000001139
B1426135553262N00854258EA0000001125
B1426205553286N00854487EA0000001117
B1426255553299N00854646EA0000001110
B1426335553321N00854901EA0000001090
B1426405553341N00855131EA0000001079
B1426475553359N00855356EA0000001071
B1426545553380N00855576EA0000001063
B1426595553392N00855732EA0000001054
B1427055553407N00855925EA0000001041
B1427105553422N00856083EA0000001034
B1427155553438N00856240EA0000001030
B1427205553456N00856394EA0000001023
B1427275553481N00856609EA0000001017
B1427365553509N00856886EA0000001010
B1427415553524N00857037EA0000001003
B1427475553543N00857221EA0000000992
B1427555553570N00857467EA0000000982
B1428005553583N00857622EA0000000978
B1428075553599N00857840EA0000000971
B1428125553608N00857991EA0000000972
B1428215553624N00858266EA0000000954
B1428265553636N00858419EA0000000947
B1428315553654N00858569EA0000000940
B1428395553683N00858812EA0000000934
B1428445553711N00858948EA0000000945
B1428495553737N00859068EA0000000944
B1428555553770N00859222EA0000000927
B1429005553799N00859356EA0000000933
B1429055553820N00859479EA0000000956
B1429105553833N00859578EA0000000972
B1429185553850N00859739EA0000000964
B1429245553850N00859874EA0000000973
B1429305553796N00859983EA0000000968
B1429355553717N00900039EA0000000976
B1429415553614N00859992EA0000000974
B1429485553585N00859763EA0000000976
B1429535553642N00859691EA0000000968
B1429585553693N00859761EA0000000968
B1430035553684N00859870EA0000000981
B1430105553601N00859983EA0000000984
B1430175553507N00900080EA0000001000
B1430225553438N00900138EA0000000986
B1430285553344N00900210EA0000000986
B1430365553210N00900271EA0000000983
B1430425553122N00900332EA0000001004
B1430485553043N00900410EA0000000991
B1430565552942N00900568EA0000000990
B1431035552862N00900716EA0000000986
B1431085552812N00900825EA0000000986
B1431135552763N00900936EA0000000979
B1431205552695N00901104EA0000000966
B1431275552640N00901289EA0000000955
B1431335552603N00901449EA0000000955
B1431385552581N00901582EA0000000950
B1431475552560N00901837EA0000000938
B1431545552542N00902024EA0000000943
B1432015552523N00902218EA0000000928
B1432065552502N00902359EA0000000923
B1432115552482N00902493EA0000000917
B1432165552461N00902627EA0000000911
B1432225552429N00902788EA0000000905
B1432305552384N00903011EA0000000890
B1432385552356N00903248EA0000000873
B1432475552318N00903512EA0000000856
B1432545552274N00903702EA0000000872
B1432595552248N00903817EA0000000892
B1433045552226N00903927EA0000000894
B1433105552211N00904075EA0000000902
B1433155552199N00904193EA0000000913
B1433205552196N00904306EA0000000909
B1433255552216N00904415EA0000000906
B1433315552246N00904551EA0000000895
B1433365552260N00904664EA0000000904
B1433425552281N00904788EA0000000883
B1433475552320N00904895EA0000000867
B1433545552380N00905049EA0000000851
B1434025552458N00905219EA0000000830
B1434085552523N00905339EA0000000810
B1434135552581N00905437EA0000000802
B1434185552633N00905536EA0000000805
B1434235552683N00905630EA0000000808
B1434285552731N00905720EA0000000798
B1434345552790N00905842EA0000000808
B1434405552838N00905947EA0000000821
B1434475552896N00906065EA0000000824
B1434525552938N00906146EA0000000828
B1434575552981N00906237EA0000000821
B1435025553025N00906327EA0000000826
B1435075553069N00906411EA0000000819
B1435135553124N00906528EA0000000813
B1435185553171N00906631EA0000000813
B1435235553220N00906708EA0000000846
B1435285553255N00906779EA0000000857
B1435335553230N00906879EA0000000864
B1435385553146N00906884EA0000000858
B1435435553096N00906733EA0000000876
B1435485553142N00906622EA0000000886
B1435535553198N00906659EA0000000902
B1435585553181N00906750EA0000000915
B1436035553102N00906757EA0000000907
B1436085553060N00906597EA0000000912
B1436135553112N00906502EA0000000934
B1436185553157N00906567EA0000000937
B1436235553124N00906659EA0000000966
B1436285553045N00906640EA0000000951
B1436335553005N00906481EA0000000969
B1436385553053N00906377EA0000000972
B1436435553112N00906414EA0000000981
B1436485553096N00906510EA0000001014
B1436535553020N00906499EA0000000997
B1436585552994N00906332EA0000001011
B1437035553049N00906243EA0000001021
B1437085553104N00906281EA0000001034
B1437135553104N00906378EA0000001047
B1437195553019N00906426EA0000001052
B1437245552971N00906291EA0000001052
B1437295553013N00906156EA0000001055
B1437355553094N00906155EA0000001083
B1437405553135N00906222EA0000001090
B1437455553112N00906326EA0000001080
B1437505553055N00906435EA0000001071
B1437555553037N00906574EA0000001097
B1438005553032N00906680EA0000001119
B1438085553034N00906874EA0000001090
B1438145553060N00907036EA0000001085
B1438195553091N00907162EA0000001090
B1438245553120N00907274EA0000001091
B1438315553172N00907422EA0000001068
B1438365553211N00907540EA0000001055
B1438445553266N00907743EA0000001050
B1438495553288N00907872EA0000001057
B1438545553305N00907995EA0000001067
B1439005553332N00908140EA0000001068
B1439075553381N00908294EA0000001082
B1439125553424N00908384EA0000001091
B1439195553503N00908495EA0000001084
B1439255553581N00908593EA0000001072
B1439305553650N00908665EA0000001079
B1439355553715N00908731EA0000001077
B1439425553811N00908831EA0000001056
B1439495553921N00908915EA0000001050
B1439555554015N00908984EA0000001047
B1440005554093N00909039EA0000001048
B1440055554162N00909097EA0000001065
B1440115554227N00909173EA0000001075
B1440165554277N00909246EA0000001070
B1440215554331N00909329EA0000001053
B1440265554396N00909407EA0000001059
B1440325554478N00909486EA0000001036
B1440375554561N00909549EA0000001013
B1440485554760N00909702EA0000000988
B1440545554872N00909792EA0000000978
B1441045555056N00909944EA0000000961
B1441095555148N00910020EA0000000955
B1441145555241N00910093EA0000000953
B1441195555333N00910164EA0000000953
B1441245555422N00910229EA0000000950
B1441305555528N00910297EA0000000947
B1441355555617N00910337EA0000000943
B1441405555706N00910368EA0000000940
B1441455555791N00910387EA0000000943
B1441515555882N00910436EA0000000948
B1441575555954N00910516EA0000000952
B1442035556016N00910613EA0000000941
B1442085556075N00910697EA0000000933
B1442135556136N00910783EA0000000929
B1442185556195N00910862EA0000000929
B1442235556258N00910937EA0000000918
B1442285556322N00911011EA0000000923
B1442335556383N00911078EA0000000926
B1442385556437N00911160EA0000000921
B1442445556490N00911277EA0000000934
B1442495556520N00911371EA0000000942
B1442555556552N00911499EA0000000929
B1443005556584N00911621EA0000000931
B1443055556613N00911741EA0000000942
B1443105556643N00911853EA0000000956
B1443165556674N00911974EA0000000973
B1443215556683N00912077EA0000000969
B1443265556661N00912190EA0000000962
B1443315556639N00912311EA0000000953
B1443385556611N00912498EA0000000946
B1443435556596N00912631EA0000000953
B1443485556583N00912754EA0000000959
B1443545556567N00912900EA0000000953
B1443595556560N00913033EA0000000947
B1444065556554N00913215EA0000000952
B1444165556555N00913482EA0000000941
B1444235556562N00913667EA0000000937
B1444305556582N00913838EA0000000939
B1444365556601N00913978EA0000000939
B1444415556618N00914094EA0000000936
B1444475556638N00914245EA0000000925
B1444525556650N00914374EA0000000928
B1445045556654N00914634EA0000000946
B1445095556659N00914746EA0000000958
B1445155556660N00914872EA0000000973
B1445205556621N00914959EA0000000971
B1445255556541N00914923EA0000000982
B1445305556515N00914789EA0000000995
B1445355556563N00914690EA0000000995
B1445405556613N00914737EA0000001009
B1445455556590N00914844EA0000001008
B1445505556511N00914852EA0000001022
B1445555556462N00914732EA0000001023
B1446005556492N00914599EA0000001033
B1446055556549N00914598EA0000001045
B1446105556564N00914701EA0000001043
B1446155556509N00914774EA0000001053
B1446205556433N00914713EA0000001048
B1446255556423N00914556EA0000001062
B1446305556471N00914495EA0000001075
B1446375556495N00914642EA0000001071
B1446425556431N00914698EA0000001084
B1446475556353N00914625EA0000001080
B1446525556324N00914479EA0000001085
B1446575556356N00914353EA0000001092
B1447025556412N00914297EA0000001108
B1447075556467N00914312EA0000001105
B1447125556500N00914400EA0000001114
B1447175556475N00914502EA0000001109
B1447225556394N00914522EA0000001106
B1447275556332N00914411EA0000001113
B1447325556335N00914261EA0000001118
B1447375556380N00914160EA0000001132
B1447425556435N00914133EA0000001135
B1447495556512N00914200EA0000001134
B1447545556556N00914275EA0000001138
B1448005556603N00914380EA0000001137
B1448055556643N00914474EA0000001143
B1448115556689N00914581EA0000001143
B1448165556724N00914672EA0000001136
B1448225556769N00914792EA0000001120
B1448305556831N00914960EA0000001119
B1448365556876N00915086EA0000001111
B1448425556925N00915219EA0000001106
B1448485556971N00915353EA0000001099
B1448545557018N00915481EA0000001089
B1449005557071N00915604EA0000001070
B1449065557122N00915745EA0000001064
B1449125557171N00915888EA0000001056
B1449175557210N00916016EA0000001043
B1449235557256N00916172EA0000001037
B1449285557290N00916305EA0000001033
B1449335557321N00916441EA0000001021
B1449385557358N00916578EA0000001009
B1449455557417N00916784EA0000000990
B1449505557463N00916929EA0000000986
B1449555557506N00917075EA0000000978
B1450005557550N00917220EA0000000971
B1450055557591N00917367EA0000000969
B1450115557641N00917540EA0000000959
B1450175557690N00917709EA0000000955
B1450245557734N00917918EA0000000942
B1450295557759N00918072EA0000000941
B1450355557787N00918256EA0000000936
B1450405557819N00918407EA0000000929
B1450455557862N00918548EA0000000925
B1450505557909N00918678EA0000000923
B1450555557966N00918788EA0000000919
B1451015558046N00918903EA0000000912
B1451065558118N00918989EA0000000925
B1451125558188N00919095EA0000000934
B1451175558240N00919183EA0000000933
B1451225558305N00919250EA0000000932
B1451275558376N00919309EA0000000931
B1451345558470N00919414EA0000000927
B1451405558532N00919521EA0000000953
B1451475558584N00919650EA0000000956
B1451525558634N00919735EA0000000954
B1451575558704N00919752EA0000000955
B1452025558772N00919659EA0000000949
B1452085558800N00919478EA0000000960
B1452135558787N00919330EA0000000964
B1452185558747N00919197EA0000000964
B1452235558674N00919122EA0000000961
B1452295558585N00919138EA0000000970
B1452345558511N00919112EA0000000976
B1452395558471N00918975EA0000000972
B1452445558510N00918840EA0000000980
B1452495558582N00918839EA0000000992
B1452555558608N00918965EA0000001001
B1453005558554N00919032EA0000001009
B1453055558482N00918963EA0000001010
B1453105558473N00918805EA0000001010
B1453155558536N00918724EA0000001023
B1453205558594N00918783EA0000001026
B1453255558584N00918891EA0000001038
B1453305558518N00918923EA0000001038
B1453355558454N00918826EA0000001040
B1453405558462N00918679EA0000001040
B1453455558533N00918630EA0000001039
B1453505558583N00918711EA0000001043
B1453555558594N00918834EA0000001046
B1454005558618N00918943EA0000001055
B1454075558677N00919068EA0000001049
B1454135558748N00919147EA0000001048
B1454185558820N00919190EA0000001039
B1454235558902N00919219EA0000001029
B1454305559027N00919237EA0000001011
B1454405559208N00919231EA0000001005
B1454465559314N00919187EA0000001004
B1454515559404N00919144EA0000001005
B1454575559501N00919091EA0000001005
B1455025559582N00919061EA0000000993
B1455075559667N00919040EA0000000985
B1455145559783N00919020EA0000000987
B1455195559867N00919010EA0000000987
B1455275559992N00918987EA0000000989
B1455325600066N00918962EA0000000982
B1455405600189N00918939EA0000000963
B1455475600300N00918951EA0000000963
B1455525600372N00918971EA0000000971
B1455575600441N00918991EA0000000978
B1456035600511N00919025EA0000000991
B1456095600582N00919072EA0000000983
B1456155600662N00919116EA0000000991
B1456205600722N00919146EA0000000992
B1456255600790N00919183EA0000000980
B1456315600878N00919227EA0000000991
B1456365600943N00919261EA0000000999
B1456425601020N00919320EA0000000992
B1456485601095N00919410EA0000000990
B1456545601165N00919503EA0000000994
B1457025601248N00919616EA0000001000
B1457105601327N00919747EA0000000988
B1457155601381N00919837EA0000000987
B1457215601446N00919938EA0000000987
B1457275601510N00920026EA0000000996
B1457325601559N00920105EA0000000990
B1457375601603N00920198EA0000000982
B1457425601654N00920296EA0000000973
B1457475601700N00920398EA0000000975
B1457575601785N00920606EA0000000954
B1458025601831N00920714EA0000000945
B1458085601879N00920853EA0000000935
B1458155601932N00921022EA0000000923
B1458205601963N00921145EA0000000917
B1458255601988N00921272EA0000000914
B1458305602021N00921385EA0000000913
B1458355602086N00921453EA0000000899
B1458415602185N00921473EA0000000896
B1458475602276N00921481EA0000000901
B1458525602343N00921485EA0000000910
B1459025602463N00921481EA0000000926
B1459075602530N00921441EA0000000908
B1459125602609N00921396EA0000000910
B1459175602685N00921362EA0000000913
B1459225602762N00921335EA0000000898
B1459295602872N00921298EA0000000906
B1459375602980N00921250EA0000000926
B1459425603040N00921266EA0000000932
B1459475603087N00921335EA0000000927
B1459525603133N00921421EA0000000935
B1459575603141N00921515EA0000000962
B1500025603085N00921572EA0000000953
B1500075603019N00921488EA0000000964
B1500125603041N00921362EA0000000971
B1500175603100N00921412EA0000000980
B1500225603070N00921499EA0000001001
B1500275602998N00921450EA0000000988
B1500325602984N00921303EA0000001012
B1500375603026N00921207EA0000001029
B1500425603085N00921212EA0000001026
B1500475603091N00921318EA0000001039
B1500525603024N00921334EA0000001044
B1500575602983N00921203EA0000001048
B1501025603013N00921078EA0000001076
B1501075603072N00921056EA0000001064
B1501125603096N00921161EA0000001078
B1501175603033N00921204EA0000001082
B1501225602977N00921084EA0000001091
B1501275603006N00920951EA0000001110
B1501325603069N00920952EA0000001116
B1501375603069N00921059EA0000001126
B1501425602995N00921064EA0000001130
B1501475602957N00920923EA0000001149
B1501525602998N00920817EA0000001157
B1501575603056N00920858EA0000001168
B1502025603038N00920956EA0000001179
B1502085602948N00920913EA0000001181
B1502135602932N00920769EA0000001202
B1502185602987N00920692EA0000001198
B1502235603040N00920751EA0000001213
B1502295602994N00920856EA0000001219
B1502345602924N00920786EA0000001228
B1502395602924N00920634EA0000001232
B1502445602994N00920585EA0000001234
B1502495603062N00920655EA0000001230
B1502545603121N00920783EA0000001221
B1503005603194N00920947EA0000001223
B1503085603286N00921166EA0000001216
B1503135603338N00921302EA0000001212
B1503195603394N00921460EA0000001205
B1503255603452N00921622EA0000001192
B1503305603506N00921753EA0000001192
B1503375603584N00921934EA0000001193
B1503425603643N00922048EA0000001211
B1503485603713N00922171EA0000001206
B1503545603791N00922285EA0000001197
B1503595603868N00922369EA0000001191
B1504045603950N00922446EA0000001182
B1504125604081N00922571EA0000001174
B1504175604161N00922644EA0000001177
B1504235604254N00922727EA0000001165
B1504295604353N00922831EA0000001143
B1504345604431N00922930EA0000001146
B1504405604510N00923051EA0000001147
B1504465604590N00923172EA0000001127
B1504525604678N00923301EA0000001120
B1504585604766N00923425EA0000001119
B1505035604838N00923531EA0000001117
B1505085604908N00923648EA0000001120
B1505135604969N00923760EA0000001126
B1505185605029N00923868EA0000001113
B1505265605128N00924051EA0000001097
B1505315605191N00924168EA0000001089
B1505375605272N00924298EA0000001088
B1505435605353N00924431EA0000001096
B1505485605410N00924536EA0000001117
B1505545605466N00924647EA0000001140
B1505595605507N00924724EA0000001144
B1506055605563N00924839EA0000001115
B1506105605615N00924957EA0000001096
B1506165605682N00925113EA0000001087
B1506235605758N00925295EA0000001095
B1506295605810N00925440EA0000001088
B1506365605877N00925617EA0000001068
B1506425605937N00925778EA0000001069
B1506475605985N00925891EA0000001089
B1506545606049N00926040EA0000001096
B1507005606091N00926161EA0000001119
B1507085606101N00926315EA0000001139
B1507135606122N00926414EA0000001132
B1507185606184N00926456EA0000001140
B1507235606254N00926417EA0000001145
B1507285606300N00926309EA0000001148
B1507345606305N00926119EA0000001138
B1507395606258N00925973EA0000001142
B1507455606174N00925844EA0000001144
B1507505606090N00925808EA0000001147
B1507555606023N00925877EA0000001156
B1508015606003N00926002EA0000001168
B1508065606044N00926077EA0000001167
B1508125606121N00926039EA0000001172
B1508175606155N00925898EA0000001164
B1508225606129N00925733EA0000001171
B1508275606054N00925637EA0000001175
B1508325605967N00925642EA0000001178
B1508375605907N00925729EA0000001187
B1508425605902N00925840EA0000001196
B1508475605944N00925919EA0000001199
B1508525606011N00925933EA0000001206
B1508575606075N00925861EA0000001200
B1509035606133N00925696EA0000001191
B1509085606164N00925532EA0000001188
B1509155606175N00925282EA0000001180
B1509235606176N00924968EA0000001163
B1509325606171N00924614EA0000001157
B1509395606173N00924361EA0000001162
B1509465606175N00924096EA0000001133
B1509565606175N00923694EA0000001136
B1510025606169N00923474EA0000001135
B1510085606170N00923252EA0000001134
B1510145606183N00923040EA0000001147
B1510205606202N00922854EA0000001152
B1510255606216N00922683EA0000001128
B1510305606226N00922478EA0000001109
B1510365606231N00922218EA0000001103
B1510415606231N00921998EA0000001098
B1510475606229N00921730EA0000001082
B1510525606224N00921505EA0000001093
B1510575606219N00921315EA0000001141
B1511025606212N00921164EA0000001145
B1511075606205N00920978EA0000001101
B1511165606196N00920568EA0000001068
B1511225606193N00920292EA0000001059
B1511275606189N00920062EA0000001049
B1511335606189N00919790EA0000001041
B1511405606188N00919473EA0000001032
B1511455606188N00919253EA0000001036
B1511505606176N00919081EA0000001087
B1511555606162N00918940EA0000001074
B1512005606107N00918775EA0000001032
B1512055606003N00918645EA0000001010
B1512105605890N00918529EA0000000999
B1512165605755N00918395EA0000000995
B1512215605645N00918292EA0000000992
B1512265605538N00918191EA0000000994
B1512315605438N00918079EA0000000998
B1512385605307N00917916EA0000000997
B1512445605206N00917759EA0000001006
B1512495605132N00917639EA0000001034
B1512545605064N00917522EA0000001017
B1512595604974N00917402EA0000001000
B1513045604871N00917315EA0000001030
B1513095604796N00917244EA0000001059
B1513145604730N00917130EA0000001047
B1513195604668N00916992EA0000001055
B1513255604613N00916819EA0000001065
B1513315604576N00916625EA0000001042
B1513365604555N00916446EA0000001042
B1513415604546N00916277EA0000001058
B1513475604540N00916085EA0000001061
B1513535604511N00915879EA0000001042
B1513585604458N00915711EA0000001033
B1514035604398N00915555EA0000001042
B1514085604340N00915413EA0000001041
B1514145604270N00915231EA0000001019
B1514195604214N00915056EA0000001021
B1514255604156N00914877EA0000001048
B1514305604102N00914732EA0000001036
B1514355604060N00914582EA0000001055
B1514405604026N00914435EA0000001052
B1514485603973N00914175EA0000001045
B1514535603924N00914016EA0000001029
B1514585603861N00913860EA0000001016
B1515035603793N00913701EA0000001004
B1515095603703N00913516EA0000000995
B1515145603625N00913368EA0000000989
B1515195603553N00913226EA0000000990
B1515245603493N00913073EA0000000988
B1515295603439N00912911EA0000000991
B1515345603388N00912764EA0000000998
B1515395603344N00912604EA0000000975
B1515455603291N00912375EA0000000959
B1515515603237N00912140EA0000000950
B1515565603192N00911944EA0000000942
B1516015603144N00911760EA0000000950
B1516065603101N00911591EA0000000952
B1516115603063N00911414EA0000000943
B1516175603007N00911208EA0000000959
B1516235602960N00911032EA0000000976
B1516295602918N00910848EA0000000970
B1516345602882N00910691EA0000000979
B1516395602855N00910539EA0000000998
B1516445602845N00910392EA0000000992
B1516525602775N00910123EA0000000961
B1516575602700N00909970EA0000000969
B1517025602633N00909857EA0000000996
B1517085602545N00909735EA0000000986
B1517135602463N00909627EA0000000988
B1517185602383N00909539EA0000000980
B1517235602302N00909447EA0000000975
B1517295602204N00909332EA0000000962
B1517345602115N00909247EA0000000966
B1517405602023N00909147EA0000000983
B1517455601947N00909067EA0000000975
B1517515601843N00909031EA0000000984
B1517565601764N00909018EA0000000991
B1518025601665N00908938EA0000000985
B1518095601562N00908809EA0000001001
B1518145601496N00908691EA0000000993
B1518225601404N00908476EA0000001011
B1518275601371N00908324EA0000001018
B1518325601303N00908219EA0000001017
B1518375601226N00908250EA0000001026
B1518425601209N00908347EA0000001013
B1518475601249N00908421EA0000001012
B1518525601307N00908384EA0000000998
B1518585601332N00908205EA0000000999
B1519035601307N00908045EA0000001013
B1519095601270N00907872EA0000001024
B1519145601254N00907715EA0000001027
B1519195601289N00907588EA0000001035
B1519245601352N00907570EA0000001035
B1519305601377N00907664EA0000001049
B1519355601322N00907727EA0000001045
B1519405601242N00907665EA0000001057
B1519455601219N00907514EA0000001065
B1519505601273N00907414EA0000001063
B1519555601329N00907453EA0000001073
B1520005601318N00907541EA0000001086
B1520055601247N00907563EA0000001085
B1520105601180N00907455EA0000001088
B1520155601180N00907300EA0000001106
B1520205601233N00907226EA0000001101
B1520255601284N00907281EA0000001098
B1520305601264N00907373EA0000001114
B1520355601190N00907390EA0000001117
B1520405601126N00907279EA0000001116
B1520455601130N00907125EA0000001131
B1520505601188N00907061EA0000001125
B1520555601236N00907114EA0000001130
B1521005601217N00907212EA0000001127
B1521055601142N00907242EA0000001144
B1521105601074N00907160EA0000001152
B1521155601038N00907014EA0000001154
B1521205601038N00906864EA0000001161
B1521265601053N00906681EA0000001159
B1521315601068N00906523EA0000001155
B1521365601077N00906353EA0000001138
B1521415601075N00906162EA0000001116
B1521485601060N00905872EA0000001102
B1521555601032N00905573EA0000001089
B1522015601012N00905312EA0000001078
B1522065600992N00905093EA0000001070
B1522135600966N00904775EA0000001050
B1522185600950N00904542EA0000001041
B1522235600926N00904313EA0000001038
B1522295600894N00904045EA0000001033
B1522365600862N00903730EA0000001026
B1522425600837N00903467EA0000001024
B1522495600801N00903162EA0000001008
B1522585600744N00902771EA0000001002
B1523035600710N00902558EA0000000998
B1523085600677N00902345EA0000000997
B1523135600644N00902135EA0000000994
B1523185600611N00901931EA0000000996
B1523255600569N00901644EA0000000990
B1523305600531N00901454EA0000001008
B1523365600476N00901256EA0000001019
B1523415600471N00901092EA0000001028
B1523465600523N00900991EA0000001032
B1523515600588N00901000EA0000001034
B1523575600611N00901116EA0000001046
B1524025600569N00901202EA0000001052
B1524075600489N00901214EA0000001051
B1524125600427N00901095EA0000001042
B1524175600435N00900934EA0000001054
B1524225600482N00900850EA0000001065
B1524285600555N00900866EA0000001055
B1524335600573N00900963EA0000001066
B1524385600522N00901041EA0000001063
B1524435600437N00901006EA0000001072
B1524515600345N00900794EA0000001066
B1524575600295N00900590EA0000001060
B1525025600246N00900424EA0000001069
B1525085600178N00900251EA0000001072
B1525135600119N00900099EA0000001061
B1525185600055N00859944EA0000001065
B1525235559985N00859811EA0000001067
B1525315559884N00859584EA0000001049
B1525385559806N00859357EA0000001043
B1525465559728N00859088EA0000001034
B1525535559676N00858835EA0000001019
B1525595559627N00858623EA0000001016
B1526045559566N00858466EA0000001017
B1526095559498N00858324EA0000001022
B1526145559434N00858192EA0000001029
B1526195559366N00858068EA0000001015
B1526255559280N00857905EA0000001020
B1526305559215N00857776EA0000001035
B1526375559123N00857619EA0000001045
B1526425559050N00857517EA0000001046
B1526475558967N00857477EA0000001056
B1526525558898N00857515EA0000001067
B1526575558865N00857611EA0000001073
B1527025558885N00857708EA0000001068
B1527075558952N00857723EA0000001062
B1527125559007N00857621EA0000001065
B1527175559013N00857465EA0000001067
B1527225558969N00857323EA0000001070
B1527275558899N00857223EA0000001073
B1527325558823N00857138EA0000001084
B1527395558723N00857018EA0000001108
B1527445558651N00856936EA0000001111
B1527515558546N00856815EA0000001116
B1527575558448N00856718EA0000001105
B1528045558326N00856610EA0000001114
B1528105558236N00856517EA0000001116
B1528155558150N00856442EA0000001103
B1528235557997N00856320EA0000001090
B1528325557833N00856155EA0000001101
B1528375557749N00856066EA0000001115
B1528425557683N00855947EA0000001120
B1528475557621N00855812EA0000001118
B1528525557557N00855677EA0000001130
B1528585557478N00855540EA0000001137
B1529035557397N00855491EA0000001136
B1529085557329N00855548EA0000001141
B1529135557320N00855654EA0000001143
B1529185557376N00855706EA0000001137
B1529235557440N00855645EA0000001146
B1529285557465N00855502EA0000001150
B1529335557436N00855337EA0000001138
B1529385557350N00855204EA0000001126
B1529435557268N00855111EA0000001163
B1529495557171N00855009EA0000001136
B1529545557076N00854915EA0000001129
B1530005556965N00854812EA0000001138
B1530055556876N00854729EA0000001137
B1530105556787N00854645EA0000001129
B1530155556692N00854556EA0000001120
B1530215556574N00854452EA0000001115
B1530265556480N00854366EA0000001128
B1530345556373N00854197EA0000001151
B1530395556323N00854072EA0000001141
B1530445556275N00853927EA0000001138
B1530495556234N00853773EA0000001128
B1530565556184N00853516EA0000001102
B1531035556129N00853232EA0000001085
B1531105556071N00852946EA0000001079
B1531165556016N00852710EA0000001071
B1531215555971N00852514EA0000001063
B1531265555928N00852320EA0000001060
B1531325555879N00852086EA0000001050
B1531385555829N00851857EA0000001042
B1531435555786N00851666EA0000001034
B1531485555745N00851477EA0000001039
B1531545555694N00851262EA0000001046
B1531595555668N00851090EA0000001059
B1532075555631N00850825EA0000001059
B1532125555602N00850661EA0000001063
B1532175555555N00850514EA0000001080
B1532225555470N00850480EA0000001098
B1532275555422N00850562EA0000001103
B1532325555444N00850652EA0000001111
B1532375555501N00850636EA0000001108
B1532425555540N00850516EA0000001118
B1532475555537N00850376EA0000001132
B1532525555472N00850262EA0000001130
B1532575555390N00850283EA0000001151
B1533025555366N00850383EA0000001155
B1533085555428N00850429EA0000001153
B1533135555478N00850341EA0000001171
B1533185555484N00850198EA0000001177
B1533235555440N00850050EA0000001178
B1533285555365N00849937EA0000001192
B1533335555300N00849827EA0000001204
B1533385555247N00849697EA0000001200
B1533445555199N00849527EA0000001209
B1533505555158N00849364EA0000001198
B1533565555116N00849175EA0000001182
B1534025555076N00848990EA0000001209
B1534095555041N00848789EA0000001216
B1534145555023N00848641EA0000001224
B1534195555004N00848490EA0000001233
B1534245554985N00848337EA0000001243
B1534295554975N00848187EA0000001253
B1534345555002N00848065EA0000001256
B1534395555067N00848030EA0000001266
B1534445555108N00848103EA0000001285
B1534495555091N00848217EA0000001293
B1534545555024N00848286EA0000001309
B1534595554941N00848237EA0000001309
B1535045554900N00848095EA0000001321
B1535095554925N00847970EA0000001331
B1535145554988N00847942EA0000001337
B1535195555026N00848031EA0000001358
B1535245554990N00848135EA0000001378
B1535295554903N00848134EA0000001384
B1535345554838N00848005EA0000001382
B1535395554808N00847824EA0000001379
B1535445554783N00847644EA0000001387
B1535515554750N00847399EA0000001402
B1535565554736N00847227EA0000001412
B1536045554671N00846960EA0000001413
B1536115554578N00846753EA0000001419
B1536195554506N00846494EA0000001423
B1536265554472N00846256EA0000001419
B1536335554435N00846015EA0000001415
B1536395554400N00845811EA0000001412
B1536455554369N00845602EA0000001396
B1536515554339N00845383EA0000001387
B1536565554306N00845210EA0000001392
B1537025554263N00845015EA0000001386
B1537095554202N00844775EA0000001380
B1537145554159N00844611EA0000001377
B1537215554102N00844370EA0000001370
B1537285554043N00844124EA0000001365
B1537355553987N00843876EA0000001354
B1537405553946N00843701EA0000001350
B1537465553887N00843505EA0000001341
B1537535553810N00843272EA0000001322
B1537595553743N00843074EA0000001323
B1538045553689N00842916EA0000001317
B1538115553602N00842697EA0000001300
B1538165553528N00842557EA0000001297
B1538235553411N00842403EA0000001288
B1538295553301N00842287EA0000001278
B1538375553147N00842156EA0000001270
B1538435553027N00842086EA0000001263
B1538485552927N00842044EA0000001257
B1538545552805N00842028EA0000001250
B1539005552694N00842075EA0000001244
B1539065552616N00842192EA0000001240
B1539115552572N00842313EA0000001233
B1539185552513N00842474EA0000001232
B1539265552432N00842651EA0000001215
B1539315552382N00842765EA0000001215
B1539365552339N00842884EA0000001211
B1539415552298N00843004EA0000001209
B1539465552253N00843118EA0000001206
B1539515552203N00843230EA0000001209
B1539565552146N00843313EA0000001213
B1540025552045N00843287EA0000001196
B1540075551975N00843154EA0000001195
B1540145551923N00842922EA0000001199
B1540215551889N00842682EA0000001184
B1540265551866N00842505EA0000001180
B1540315551844N00842338EA0000001176
B1540385551812N00842093EA0000001165
B1540445551797N00841882EA0000001172
B1540495551788N00841713EA0000001170
B1540545551777N00841538EA0000001167
B1541015551758N00841297EA0000001180
B1541065551741N00841132EA0000001183
B1541145551715N00840865EA0000001178
B1541205551689N00840664EA0000001179
B1541275551665N00840427EA0000001175
B1541395551611N00840011EA0000001172
B1541465551579N00839764EA0000001167
B1541515551558N00839584EA0000001162
B1541595551555N00839303EA0000001168
B1542065551564N00839062EA0000001169
B1542195551557N00838601EA0000001161
B1542265551543N00838350EA0000001161
B1542315551535N00838170EA0000001163
B1542365551487N00838005EA0000001160
B1542415551411N00837878EA0000001181
B1542465551329N00837820EA0000001186
B1542515551252N00837846EA0000001183
B1542565551213N00837944EA0000001187
B1543015551230N00838033EA0000001191
B1543065551289N00838065EA0000001192
B1543115551351N00838014EA0000001202
B1543165551393N00837895EA0000001202
B1543225551385N00837693EA0000001203
B1543275551343N00837542EA0000001217
B1543325551271N00837453EA0000001210
B1543385551182N00837491EA0000001217
B1543435551162N00837588EA0000001219
B1543485551192N00837662EA0000001225
B1543535551252N00837652EA0000001226
B1543595551303N00837503EA0000001230
B1544045551282N00837342EA0000001236
B1544105551196N00837238EA0000001241
B1544155551125N00837277EA0000001238
B1544205551108N00837384EA0000001241
B1544275551176N00837426EA0000001252
B1544325551228N00837317EA0000001250
B1544375551223N00837157EA0000001264
B1544425551162N00837044EA0000001262
B1544475551078N00837051EA0000001258
B1544525551044N00837149EA0000001272
B1544585551087N00837228EA0000001269
B1545035551154N00837179EA0000001272
B1545085551183N00837032EA0000001278
B1545145551145N00836839EA0000001280
B1545215551056N00836667EA0000001286
B1545265550972N00836592EA0000001284
B1545335550846N00836528EA0000001290
B1545385550758N00836544EA0000001294
B1545435550706N00836634EA0000001303
B1545485550706N00836749EA0000001310
B1545535550757N00836812EA0000001314
B1545585550824N00836765EA0000001315
B1546035550857N00836628EA0000001317
B1546085550835N00836461EA0000001318
B1546145550760N00836292EA0000001328
B1546195550675N00836208EA0000001330
B1546245550581N00836208EA0000001335
B1546295550517N00836288EA0000001351
B1546345550511N00836398EA0000001357
B1546395550559N00836470EA0000001369
B1546445550626N00836443EA0000001376
B1546505550670N00836277EA0000001383
B1546555550645N00836113EA0000001394
B1547015550549N00835995EA0000001391
B1547065550457N00836007EA0000001403
B1547115550406N00836104EA0000001406
B1547165550419N00836230EA0000001407
B1547225550507N00836279EA0000001410
B1547275550580N00836167EA0000001412
B1547325550580N00835969EA0000001421
B1547385550474N00835817EA0000001423
B1547435550373N00835869EA0000001421
B1547505550338N00836099EA0000001419
B1547555550337N00836280EA0000001419
B1548015550347N00836500EA0000001420
B1548065550365N00836680EA0000001426
B1548115550410N00836830EA0000001438
B1548175550466N00836995EA0000001445
B1548245550524N00837179EA0000001446
B1548355550627N00837464EA0000001427
B1548405550671N00837601EA0000001423
B1548455550707N00837743EA0000001419
B1548525550763N00837946EA0000001406
B1548595550827N00838153EA0000001408
B1549045550875N00838287EA0000001416
B1549095550909N00838421EA0000001413
B1549155550929N00838602EA0000001395
B1549215550927N00838799EA0000001381
B1549275550909N00839004EA0000001369
B1549335550889N00839205EA0000001366
B1549415550868N00839470EA0000001349
B1549475550893N00839660EA0000001338
B1549525550948N00839793EA0000001334
B1549595551031N00839961EA0000001330
B1550045551091N00840071EA0000001322
B1550115551176N00840235EA0000001308
B1550175551242N00840389EA0000001306
B1550235551312N00840537EA0000001302
B1550345551449N00840805EA0000001291
B1550395551514N00840923EA0000001286
B1550505551667N00841176EA0000001274
B1550555551740N00841290EA0000001267
B1551005551811N00841405EA0000001268
B1551055551884N00841516EA0000001260
B1551155552035N00841744EA0000001246
B1551205552113N00841860EA0000001237
B1551275552222N00842017EA0000001238
B1551335552311N00842161EA0000001228
B1551395552402N00842307EA0000001220
B1551465552511N00842477EA0000001213
B1551525552606N00842623EA0000001208
B1551595552713N00842786EA0000001207
B1552055552802N00842923EA0000001197
B1552135552927N00843080EA0000001188
B1552185553005N00843173EA0000001179
B1552245553107N00843275EA0000001174
B1552295553191N00843353EA0000001176
B1552365553301N00843461EA0000001179
B1552425553379N00843576EA0000001178
B1552495553457N00843711EA0000001194
B1552545553504N00843810EA0000001192
B1552595553553N00843913EA0000001184
B1553045553607N00844027EA0000001170
B1553105553675N00844171EA0000001178
B1553165553727N00844282EA0000001198
B1553215553769N00844385EA0000001188
B1553265553806N00844504EA0000001184
B1553325553852N00844656EA0000001170
B1553405553922N00844837EA0000001192
B1553475553982N00844978EA0000001184
B1553555554055N00845146EA0000001183
B1554015554112N00845277EA0000001177
B1554085554177N00845420EA0000001191
B1554145554231N00845533EA0000001186
B1554235554320N00845713EA0000001189
B1554295554378N00845828EA0000001186
B1554345554428N00845930EA0000001177
B1554395554479N00846040EA0000001179
B1554475554560N00846191EA0000001192
B1554525554615N00846273EA0000001193
B1554595554671N00846409EA0000001206
B1555045554692N00846520EA0000001207
B1555095554716N00846632EA0000001206
B1555145554746N00846740EA0000001207
B1555225554804N00846914EA0000001205
B1555275554839N00847025EA0000001203
B1555325554866N00847147EA0000001205
B1555375554891N00847268EA0000001216
B1555435554919N00847397EA0000001230
B1555515554959N00847565EA0000001225
B1555585555004N00847710EA0000001233
B1556045555044N00847823EA0000001238
B1556095555080N00847914EA0000001242
B1556145555117N00848002EA0000001255
B1556215555166N00848125EA0000001265
B1556265555215N00848190EA0000001274
B1556315555288N00848154EA0000001273
B1556365555326N00848018EA0000001293
B1556415555299N00847867EA0000001303
B1556465555220N00847777EA0000001310
B1556515555133N00847792EA0000001314
B1556565555076N00847889EA0000001321
B1557015555083N00848010EA0000001329
B1557075555165N00848055EA0000001337
B1557125555230N00847964EA0000001357
B1557185555222N00847771EA0000001358
B1557235555132N00847677EA0000001357
B1557285555044N00847748EA0000001366
B1557335555038N00847899EA0000001367
B1557425555111N00848151EA0000001385
B1557475555155N00848287EA0000001394
B1557535555212N00848444EA0000001396
B1557595555285N00848577EA0000001398
B1558045555354N00848663EA0000001398
B1558115555448N00848786EA0000001390
B1558165555514N00848883EA0000001390
B1558235555596N00849026EA0000001396
B1558285555652N00849130EA0000001393
B1558345555725N00849250EA0000001390
B1558405555793N00849377EA0000001388
B1558465555860N00849507EA0000001383
B1558535555940N00849654EA0000001382
B1558595556009N00849783EA0000001373
B1559085556114N00849972EA0000001369
B1559145556170N00850117EA0000001359
B1559195556210N00850251EA0000001356
B1559265556266N00850428EA0000001358
B1559345556350N00850623EA0000001323
B1559415556442N00850787EA0000001317
B1559475556524N00850921EA0000001308
B1559535556605N00851064EA0000001304
B1559585556673N00851176EA0000001301
B1600045556755N00851309EA0000001288
B1600125556853N00851503EA0000001285
B1600205556931N00851705EA0000001287
B1600265556970N00851875EA0000001286
B1600315556994N00852021EA0000001293
B1600395557012N00852250EA0000001298
B1600455557017N00852416EA0000001309
B1600505557022N00852551EA0000001308
B1600565557020N00852725EA0000001300
B1601025557017N00852908EA0000001282
B1601135557021N00853274EA0000001262
B1601195557029N00853478EA0000001254
B1601255557039N00853682EA0000001250
B1601315557055N00853887EA0000001243
B1601365557071N00854058EA0000001239
B1601415557088N00854226EA0000001237
B1601485557117N00854457EA0000001231
B1601535557137N00854617EA0000001224
B1601585557154N00854780EA0000001219
B1602035557168N00854941EA0000001223
B1602085557173N00855087EA0000001241
B1602135557160N00855219EA0000001241
B1602185557133N00855349EA0000001241
B1602245557107N00855494EA0000001259
B1602295557104N00855605EA0000001269
B1602345557093N00855713EA0000001275
B1602395557031N00855780EA0000001282
B1602445556954N00855725EA0000001284
B1602495556927N00855568EA0000001282
B1602545556971N00855432EA0000001291
B1602595557042N00855399EA0000001292
B1603045557098N00855459EA0000001299
B1603125557138N00855610EA0000001314
B1603175557150N00855716EA0000001322
B1603225557164N00855823EA0000001314
B1603275557215N00855909EA0000001299
B1603365557358N00855981EA0000001294
B1603415557440N00856016EA0000001289
B1603515557609N00856063EA0000001290
B1603565557696N00856070EA0000001289
B1604025557796N00856075EA0000001291
B1604105557907N00856156EA0000001284
B1604165557956N00856285EA0000001274
B1604225557980N00856440EA0000001280
B1604285558007N00856578EA0000001292
B1604335558029N00856692EA0000001282
B1604395558054N00856852EA0000001267
B1604445558068N00856989EA0000001273
B1604505558079N00857134EA0000001291
B1604565558087N00857272EA0000001285
B1605025558094N00857426EA0000001275
B1605095558098N00857602EA0000001292
B1605145558117N00857711EA0000001299
B1605195558153N00857799EA0000001311
B1605245558208N00857841EA0000001317
B1605305558288N00857787EA0000001317
B1605355558324N00857652EA0000001316
B1605405558303N00857487EA0000001312
B1605455558234N00857372EA0000001316
B1605515558137N00857331EA0000001321
B1605565558059N00857355EA0000001326
B1606015558006N00857437EA0000001331
B1606065557992N00857549EA0000001336
B1606115558015N00857649EA0000001341
B1606165558069N00857693EA0000001343
B1606215558135N00857625EA0000001346
B1606265558157N00857480EA0000001357
B1606315558115N00857326EA0000001351
B1606365558022N00857259EA0000001353
B1606425557938N00857335EA0000001373
B1606475557913N00857450EA0000001375
B1606555557939N00857630EA0000001375
B1607005557969N00857739EA0000001364
B1607075558039N00857884EA0000001350
B1607165558149N00858074EA0000001341
B1607225558219N00858210EA0000001335
B1607275558283N00858317EA0000001323
B1607325558350N00858426EA0000001315
B1607375558419N00858534EA0000001309
B1607425558489N00858640EA0000001303
B1607475558553N00858757EA0000001295
B1607535558626N00858910EA0000001289
B1608005558715N00859084EA0000001279
B1608095558837N00859305EA0000001267
B1608185558959N00859526EA0000001266
B1608235559022N00859655EA0000001263
B1608315559114N00859865EA0000001259
B1608385559187N00900063EA0000001243
B1608455559259N00900273EA0000001224
B1608505559309N00900430EA0000001217
B1608555559347N00900599EA0000001211
B1609005559372N00900774EA0000001210
B1609065559398N00900979EA0000001222
B1609125559421N00901159EA0000001240
B1609175559438N00901294EA0000001245
B1609225559462N00901422EA0000001250
B1609285559489N00901571EA0000001244
B1609355559531N00901751EA0000001234
B1609435559592N00901947EA0000001243
B1609495559633N00902091EA0000001253
B1609555559672N00902225EA0000001260
B1610005559703N00902345EA0000001257
B1610055559733N00902472EA0000001255
B1610115559770N00902622EA0000001247
B1610175559813N00902775EA0000001227
B1610225559852N00902916EA0000001209
B1610275559892N00903066EA0000001201
B1610325559932N00903214EA0000001199
B1610385559982N00903388EA0000001198
B1610435600014N00903532EA0000001196
B1610495600059N00903706EA0000001176
B1610545600095N00903866EA0000001163
B1611005600136N00904064EA0000001152
B1611065600176N00904265EA0000001142
B1611115600210N00904436EA0000001132
B1611165600250N00904604EA0000001127
B1611235600317N00904828EA0000001119
B1611315600399N00905079EA0000001111
B1611365600444N00905236EA0000001106
B1611415600489N00905389EA0000001103
B1611465600524N00905545EA0000001097
B1611535600529N00905773EA0000001093
B1611595600517N00905965EA0000001087
B1612045600545N00906116EA0000001077
B1612125600659N00906274EA0000001071
B1612195600775N00906350EA0000001070
B1612245600859N00906405EA0000001062
B1612325601001N00906444EA0000001071
B1612375601090N00906449EA0000001061
B1612425601176N00906481EA0000001056
B1612475601244N00906543EA0000001058
B1612525601297N00906628EA0000001047
B1612575601351N00906714EA0000001044
B1613025601398N00906804EA0000001042
B1613075601445N00906901EA0000001037
B1613125601492N00906997EA0000001038
B1613175601534N00907097EA0000001040
B1613225601569N00907194EA0000001048
B1613275601610N00907285EA0000001041
B1613325601671N00907367EA0000001032
B1613385601739N00907476EA0000001043
B1613435601776N00907585EA0000001045
B1613485601803N00907706EA0000001051
B1613535601822N00907824EA0000001066
B1613585601877N00907889EA0000001069
B1614035601944N00907833EA0000001077
B1614085601964N00907683EA0000001086
B1614135601910N00907546EA0000001083
B1614185601824N00907555EA0000001084
B1614235601808N00907675EA0000001094
B1614285601879N00907699EA0000001080
B1614335601910N00907532EA0000001082
B1614385601829N00907428EA0000001093
B1614435601772N00907525EA0000001112
B1614485601811N00907621EA0000001109
B1614535601888N00907570EA0000001111
B1614585601906N00907413EA0000001131
B1615035601858N00907277EA0000001131
B1615085601776N00907222EA0000001135
B1615135601709N00907275EA0000001141
B1615185601693N00907397EA0000001135
B1615235601736N00907496EA0000001146
B1615285601806N00907485EA0000001152
B1615335601856N00907367EA0000001152
B1615385601834N00907199EA0000001148
B1615435601746N00907140EA0000001156
B1615485601697N00907227EA0000001180
B1615535601721N00907330EA0000001175
B1615585601798N00907336EA0000001174
B1616035601851N00907215EA0000001184
B1616085601834N00907053EA0000001176
B1616135601758N00906959EA0000001188
B1616185601691N00906997EA0000001198
B1616235601678N00907117EA0000001192
B1616285601724N00907204EA0000001208
B1616335601792N00907203EA0000001212
B1616385601849N00907127EA0000001214
B1616435601869N00906985EA0000001206
B1616485601825N00906842EA0000001199
B1616535601744N00906798EA0000001204
B1616585601684N00906868EA0000001208
B1617035601677N00906981EA0000001212
B1617085601730N00907049EA0000001206
B1617135601798N00906986EA0000001206
B1617185601806N00906833EA0000001210
B1617235601752N00906709EA0000001206
B1617285601671N00906691EA0000001210
B1617335601626N00906779EA0000001213
B1617385601648N00906889EA0000001211
B1617435601700N00906975EA0000001191
B1617485601722N00907143EA0000001127
B1617535601748N00907367EA0000001102
B1617585601784N00907576EA0000001138
B1618035601784N00907711EA0000001195
B1618095601799N00907855EA0000001178
B1618155601828N00908003EA0000001177
B1618205601843N00908131EA0000001171
B1618255601861N00908254EA0000001169
B1618315601886N00908393EA0000001165
B1618365601915N00908504EA0000001160
B1618415601964N00908600EA0000001143
B1618465602040N00908653EA0000001132
B1618535602148N00908705EA0000001129
B1619015602257N00908779EA0000001126
B1619065602321N00908826EA0000001111
B1619115602386N00908886EA0000001094
B1619175602475N00908948EA0000001086
B1619225602549N00908996EA0000001081
B1619275602627N00909001EA0000001067
B1619325602698N00908899EA0000001056
B1619375602746N00908754EA0000001052
B1619465602833N00908494EA0000001042
B1619515602878N00908348EA0000001045
B1619575602918N00908165EA0000001041
B1620055602913N00907898EA0000001055
B1620115602909N00907729EA0000001059
B1620165602921N00907574EA0000001058
B1620215602948N00907441EA0000001083
B1620265603002N00907382EA0000001081
B1620315603054N00907429EA0000001081
B1620365603050N00907536EA0000001083
B1620415602981N00907580EA0000001096
B1620475602901N00907477EA0000001095
B1620525602879N00907330EA0000001117
B1620575602889N00907195EA0000001123
B1621025602937N00907103EA0000001122
B1621075603000N00907113EA0000001122
B1621135603020N00907235EA0000001129
B1621185602968N00907322EA0000001130
B1621245602870N00907302EA0000001143
B1621295602819N00907177EA0000001142
B1621355602817N00906990EA0000001149
B1621405602847N00906860EA0000001159
B1621455602905N00906782EA0000001157
B1621505602969N00906810EA0000001164
B1621555602986N00906908EA0000001174
B1622005602942N00907004EA0000001174
B1622055602858N00907003EA0000001174
B1622105602796N00906892EA0000001172
B1622155602794N00906738EA0000001171
B1622215602854N00906608EA0000001188
B1622265602914N00906590EA0000001195
B1622315602960N00906651EA0000001193
B1622365602960N00906761EA0000001193
B1622415602900N00906841EA0000001185
B1622465602810N00906844EA0000001184
B1622515602723N00906782EA0000001187
B1622565602640N00906708EA0000001182
B1623025602540N00906612EA0000001186
B1623075602457N00906544EA0000001190
B1623135602352N00906481EA0000001177
B1623185602250N00906440EA0000001143
B1623235602129N00906406EA0000001109
B1623285601996N00906381EA0000001085
B1623345601833N00906358EA0000001074
B1623415601643N00906336EA0000001061
B1623475601481N00906312EA0000001051
B1623545601293N00906281EA0000001047
B1623595601158N00906254EA0000001043
B1624075600951N00906232EA0000001045
B1624125600824N00906219EA0000001038
B1624195600643N00906184EA0000001027
B1624265600464N00906143EA0000001024
B1624325600315N00906089EA0000001012
B1624375600191N00906032EA0000001001
B1624435600040N00905969EA0000000991
B1624485559915N00905910EA0000000985
B1624545559771N00905823EA0000000978
B1624595559669N00905695EA0000000972
B1625045559601N00905522EA0000000974
B1625095559578N00905316EA0000000965
B1625145559528N00905125EA0000000952
B1625195559432N00905009EA0000000946
B1625245559323N00904987EA0000000937
B1625295559245N00905095EA0000000925
B1625355559219N00905306EA0000000906
B1625465559216N00905687EA0000000877
B1625515559240N00905848EA0000000863
B1625565559324N00905927EA0000000850
B1626015559424N00905871EA0000000838
B1626065559499N00905718EA0000000828
B1626115559576N00905572EA0000000816
B1626195559722N00905397EA0000000791
B1626245559823N00905327EA0000000777
B1626295559923N00905279EA0000000772
B1626345600021N00905241EA0000000768
B1626425600180N00905193EA0000000759
B1626495600311N00905188EA0000000761
B1626545600384N00905268EA0000000749
B1626595600462N00905345EA0000000741
B1627045600552N00905374EA0000000741
B1627095600644N00905372EA0000000744
B1627165600768N00905345EA0000000742
B1627215600857N00905313EA0000000740
B1627265600937N00905238EA0000000735
B1627315601000N00905104EA0000000731
B1627365601030N00904929EA0000000726
B1627415601031N00904739EA0000000723
B1627465601072N00904564EA0000000722
B1627515601138N00904419EA0000000724
B1627565601221N00904325EA0000000731
B1628015601300N00904317EA0000000750
B1628065601339N00904400EA0000000749
B1628115601305N00904500EA0000000749
B1628165601226N00904513EA0000000735
B1628215601122N00904496EA0000000690
B1628275600962N00904431EA0000000620
B1628325600812N00904311EA0000000567
B1628375600664N00904122EA0000000485
B1628425600551N00903819EA0000000415
B1628475600496N00903443EA0000000351
B1628535600509N00902991EA0000000377
B1628585600560N00902655EA0000000345
B1629035600670N00902362EA0000000299
B1629085600799N00902103EA0000000315
B1629135600935N00901917EA0000000326
B1629185601084N00901926EA0000000314
B1629235601142N00902153EA0000000312
B1629285601052N00902368EA0000000306
B1629335600897N00902461EA0000000283
B1629385600721N00902447EA0000000247
B1629435600558N00902284EA0000000204
B1629485600475N00901971EA0000000155
B1629545600456N00901533EA0000000089
B1629595600451N00901166EA0000000091
B1630045600407N00900872EA0000000177
B1630095600338N00900678EA0000000236
B1630145600276N00900515EA0000000242
B1630205600222N00900322EA0000000243
B1630255600191N00900159EA0000000235
B1630335600165N00859895EA0000000230
B1630385600176N00859742EA0000000222
B1630435600225N00859620EA0000000211
B1630525600354N00859492EA0000000199
B1630575600432N00859496EA0000000189
B1631025600495N00859562EA0000000179
B1631075600535N00859681EA0000000152
B1631125600559N00859830EA0000000118
B1631185600574N00900024EA0000000082
B1631235600577N00900191EA0000000059
B1631315600591N00900451EA0000000037
B1631365600601N00900602EA0000000034
B1631415600609N00900742EA0000000033
B1631465600615N00900865EA0000000034
B1631535600615N00900983EA0000000035
