AOGNOGN
HFDTE170725
HFFXA050
HFPLTPILOTINCHARGE:
HFGTYGLIDERTYPE:Nimbus 4
HFGIDGLIDERID:OY-XXL
HFDTM100GPSDATUM:WGS-1984
HFRFWFIRMWAREVERSION:
HFRHWHARDWAREVERSION:
HFFTYFRTYPE:OGN-FLIGHTBOOK
HFGPSGENERIC
HFPRSPRESSALTSENSOR:
HFCIDCOMPETITIONID:4M
B1042015600637N00900607EA0000000043
B1042015600637N00900607EA0000000043
B1042095600649N00900762EA0000000046
B1042165600662N00900923EA0000000066
B1042225600671N00901056EA0000000081
B1042275600681N00901163EA0000000089
B1042345600700N00901308EA0000000104
B1042405600715N00901432EA0000000116
B1042455600729N00901535EA0000000125
B1042505600744N00901637EA0000000136
B1042555600761N00901737EA0000000145
B1043015600785N00901854EA0000000154
B1043065600813N00901946EA0000000161
B1043115600854N00902021EA0000000170
B1043215600960N00902089EA0000000188
B1043285601043N00902052EA0000000204
B1043335601093N00901972EA0000000213
B1043395601129N00901818EA0000000226
B1043475601112N00901568EA0000000241
B1043545601068N00901343EA0000000258
B1044015601036N00901119EA0000000275
B1044075601024N00900929EA0000000286
B1044155601028N00900681EA0000000299
B1044215601044N00900501EA0000000310
B1044265601067N00900351EA0000000321
B1044345601107N00900120EA0000000340
B1044425601151N00859891EA0000000365
B1044485601181N00859717EA0000000386
B1044545601208N00859541EA0000000400
B1045015601236N00859340EA0000000428
B1045075601255N00859154EA0000000451
B1045125601258N00859000EA0000000475
B1045185601246N00858815EA0000000499
B1045275601190N00858531EA0000000534
B1045325601194N00858372EA0000000552
B1045375601251N00858286EA0000000570
B1045425601312N00858317EA0000000585
B1045475601321N00858422EA0000000603
B1045525601271N00858509EA0000000614
B1045585601163N00858490EA0000000636
B1046035601102N00858354EA0000000652
B1046085601115N00858195EA0000000661
B1046135601175N00858122EA0000000675
B1046185601223N00858175EA0000000683
B1046245601183N00858291EA0000000685
B1046295601095N00858273EA0000000701
B1046345601039N00858137EA0000000710
B1046395601057N00857985EA0000000718
B1046445601122N00857957EA0000000729
B1046505601142N00858067EA0000000735
B1046555601088N00858147EA0000000736
B1047005601003N00858139EA0000000750
B1047065600930N00857996EA0000000763
B1047115600934N00857841EA0000000768
B1047165600991N00857768EA0000000774
B1047225601048N00857829EA0000000774
B1047275601041N00857938EA0000000769
B1047325600981N00858017EA0000000768
B1047385600872N00858001EA0000000772
B1047435600799N00857883EA0000000780
B1047485600792N00857718EA0000000782
B1047535600851N00857636EA0000000787
B1047595600882N00857727EA0000000802
B1048045600810N00857747EA0000000808
B1048095600752N00857605EA0000000810
B1048145600790N00857463EA0000000818
B1048195600854N00857478EA0000000832
B1048245600850N00857577EA0000000844
B1048295600772N00857609EA0000000850
B1048345600705N00857502EA0000000869
B1048395600708N00857359EA0000000868
B1048455600780N00857300EA0000000878
B1048505600802N00857376EA0000000882
B1048555600742N00857444EA0000000888
B1049005600657N00857385EA0000000897
B1049065600626N00857201EA0000000905
B1049115600676N00857094EA0000000908
B1049165600734N00857122EA0000000916
B1049215600729N00857222EA0000000923
B1049265600655N00857270EA0000000928
B1049315600570N00857209EA0000000936
B1049365600533N00857058EA0000000945
B1049415600564N00856926EA0000000948
B1049465600628N00856903EA0000000945
B1049525600648N00857013EA0000000960
B1049575600586N00857082EA0000000979
B1050025600505N00857022EA0000000984
B1050075600484N00856866EA0000000993
B1050125600533N00856763EA0000000999
B1050175600587N00856786EA0000001001
B1050225600580N00856887EA0000001010
B1050275600505N00856930EA0000001018
B1050325600426N00856848EA0000001024
B1050375600407N00856694EA0000001033
B1050425600455N00856591EA0000001033
B1050475600508N00856615EA0000001038
B1050525600499N00856714EA0000001048
B1050575600435N00856768EA0000001052
B1051025600350N00856733EA0000001057
B1051075600290N00856613EA0000001064
B1051125600271N00856458EA0000001066
B1051185600293N00856278EA0000001063
B1051245600325N00856096EA0000001055
B1051305600367N00855894EA0000001034
B1051355600409N00855719EA0000001025
B1051425600462N00855475EA0000001022
B1051485600506N00855271EA0000001019
B1051545600556N00855075EA0000001015
B1051595600596N00854914EA0000001011
B1052045600639N00854757EA0000001006
B1052095600678N00854597EA0000001002
B1052225600738N00854145EA0000000991
B1052295600744N00853880EA0000000977
B1052365600756N00853622EA0000000975
B1052425600779N00853413EA0000000967
B1052475600807N00853244EA0000000954
B1052555600857N00852984EA0000000953
B1053005600882N00852824EA0000000949
B1053085600910N00852563EA0000000941
B1053145600937N00852375EA0000000936
B1053195600958N00852221EA0000000935
B1053255600983N00852037EA0000000938
B1053305601011N00851895EA0000000937
B1053395601075N00851664EA0000000929
B1053465601124N00851475EA0000000928
B1053515601141N00851314EA0000000936
B1053565601136N00851152EA0000000955
B1054035601104N00850948EA0000000967
B1054125601019N00850723EA0000000960
B1054185600949N00850570EA0000000947
B1054245600882N00850390EA0000000934
B1054305600810N00850221EA0000000930
B1054375600722N00850034EA0000000926
B1054445600641N00849835EA0000000942
B1054495600595N00849694EA0000000949
B1054545600522N00849616EA0000000948
B1054595600451N00849644EA0000000950
B1055045600419N00849734EA0000000949
B1055095600428N00849839EA0000000950
B1055155600443N00849963EA0000000951
B1055215600463N00850092EA0000000955
B1055285600484N00850229EA0000000963
B1055335600490N00850325EA0000000957
B1055385600495N00850435EA0000000961
B1055475600499N00850632EA0000000986
B1055525600499N00850733EA0000000992
B1055575600548N00850770EA0000000998
B1056025600600N00850687EA0000001007
B1056075600604N00850541EA0000001004
B1056125600547N00850415EA0000001005
B1056175600464N00850362EA0000001021
B1056225600399N00850406EA0000001034
B1056275600423N00850481EA0000001034
B1056335600477N00850381EA0000001049
B1056395600439N00850228EA0000001064
B1056445600362N00850200EA0000001072
B1056495600323N00850286EA0000001080
B1056545600361N00850344EA0000001085
B1057015600410N00850194EA0000001095
B1057065600366N00850072EA0000001111
B1057115600291N00850043EA0000001120
B1057165600248N00850122EA0000001124
B1057215600275N00850194EA0000001133
B1057305600325N00850018EA0000001142
B1057355600263N00849916EA0000001156
B1057405600191N00849937EA0000001159
B1057455600175N00850037EA0000001165
B1057505600219N00850079EA0000001173
B1057555600269N00850010EA0000001176
B1058015600284N00849840EA0000001176
B1058065600248N00849704EA0000001190
B1058115600180N00849622EA0000001199
B1058165600102N00849603EA0000001208
B1058215600031N00849626EA0000001211
B1058265559964N00849681EA0000001209
B1058315559913N00849771EA0000001210
B1058375559900N00849899EA0000001213
B1058435559941N00849986EA0000001211
B1058485559992N00850022EA0000001202
B1058555600065N00850086EA0000001189
B1059015600102N00850186EA0000001176
B1059065600118N00850297EA0000001155
B1059115600127N00850415EA0000001147
B1059165600131N00850531EA0000001139
B1059235600146N00850690EA0000001127
B1059295600186N00850809EA0000001118
B1059365600268N00850903EA0000001104
B1059425600357N00850943EA0000001089
B1059495600463N00851001EA0000001077
B1059545600536N00851049EA0000001085
B1059595600604N00851100EA0000001091
B1100055600673N00851156EA0000001101
B1100105600725N00851206EA0000001089
B1100155600782N00851260EA0000001070
B1100265600934N00851324EA0000001048
B1100315601007N00851326EA0000001060
B1100385601108N00851304EA0000001082
B1100435601171N00851306EA0000001078
B1100525601291N00851355EA0000001052
B1101005601405N00851403EA0000001043
B1101055601475N00851437EA0000001042
B1101105601542N00851483EA0000001042
B1101185601652N00851557EA0000001042
B1101255601750N00851596EA0000001042
B1101325601846N00851645EA0000001041
B1101385601926N00851722EA0000001031
B1101465602036N00851836EA0000001035
B1101555602161N00851953EA0000001036
B1102025602255N00852052EA0000001037
B1102115602375N00852174EA0000001038
B1102185602465N00852262EA0000001050
B1102235602520N00852318EA0000001060
B1102285602555N00852401EA0000001076
B1102355602580N00852517EA0000001093
B1102405602598N00852592EA0000001105
B1102465602625N00852674EA0000001115
B1102515602633N00852760EA0000001113
B1102565602592N00852851EA0000001118
B1103015602508N00852857EA0000001129
B1103065602445N00852747EA0000001139
B1103115602440N00852601EA0000001139
B1103165602482N00852492EA0000001138
B1103245602582N00852464EA0000001150
B1103295602630N00852500EA0000001157
B1103345602663N00852567EA0000001152
B1103395602667N00852663EA0000001144
B1103465602608N00852828EA0000001118
B1103515602539N00852948EA0000001114
B1103565602459N00853049EA0000001120
B1104025602353N00853146EA0000001129
B1104085602239N00853206EA0000001141
B1104135602141N00853219EA0000001139
B1104185602043N00853177EA0000001140
B1104235601966N00853058EA0000001135
B1104345601894N00852668EA0000001118
B1104405601902N00852453EA0000001108
B1104455601926N00852279EA0000001103
B1104555601971N00851939EA0000001102
B1105005602002N00851772EA0000001098
B1105055602046N00851622EA0000001095
B1105115602105N00851458EA0000001095
B1105175602176N00851308EA0000001089
B1105235602253N00851163EA0000001084
B1105295602322N00851009EA0000001078
B1105345602360N00850857EA0000001077
B1105405602369N00850651EA0000001076
B1105475602300N00850429EA0000001070
B1105525602205N00850347EA0000001070
B1105575602110N00850351EA0000001069
B1106025602033N00850420EA0000001067
B1106085601976N00850550EA0000001062
B1106145601960N00850707EA0000001057
B1106195601968N00850843EA0000001049
B1106245601984N00850977EA0000001041
B1106325602014N00851187EA0000001033
B1106375602030N00851312EA0000001032
B1106435602048N00851459EA0000001031
B1106485602057N00851588EA0000001028
B1106535602062N00851725EA0000001025
B1106585602064N00851862EA0000001030
B1107035602036N00851997EA0000001026
B1107085601951N00852069EA0000001036
B1107135601863N00852014EA0000001055
B1107185601853N00851865EA0000001066
B1107235601916N00851831EA0000001069
B1107285601931N00851933EA0000001083
B1107335601863N00851991EA0000001098
B1107385601796N00851892EA0000001098
B1107435601812N00851755EA0000001113
B1107485601873N00851722EA0000001109
B1107545601898N00851841EA0000001119
B1107595601833N00851909EA0000001126
B1108045601750N00851846EA0000001131
B1108105601728N00851667EA0000001142
B1108165601785N00851547EA0000001143
B1108215601852N00851570EA0000001141
B1108265601861N00851687EA0000001149
B1108315601796N00851768EA0000001159
B1108365601707N00851722EA0000001164
B1108465601683N00851432EA0000001184
B1108555601785N00851259EA0000001183
B1109015601862N00851153EA0000001177
B1109065601936N00851064EA0000001154
B1109145602067N00850921EA0000001128
B1109195602152N00850829EA0000001123
B1109275602287N00850685EA0000001119
B1109325602372N00850601EA0000001110
B1109385602475N00850497EA0000001104
B1109465602613N00850363EA0000001100
B1109535602731N00850248EA0000001099
B1110035602902N00850094EA0000001093
B1110085602988N00850015EA0000001090
B1110145603088N00849918EA0000001088
B1110195603172N00849838EA0000001084
B1110285603321N00849691EA0000001070
B1110385603479N00849475EA0000001076
B1110435603551N00849344EA0000001077
B1110505603648N00849158EA0000001077
B1110565603729N00848992EA0000001058
B1111015603798N00848857EA0000001050
B1111085603893N00848672EA0000001045
B1111145603971N00848514EA0000001039
B1111205604041N00848338EA0000001035
B1111255604094N00848184EA0000001031
B1111305604145N00848030EA0000001026
B1111385604231N00847797EA0000001026
B1111435604286N00847663EA0000001027
B1111485604342N00847531EA0000001023
B1111555604422N00847337EA0000001013
B1112015604491N00847165EA0000001013
B1112065604554N00847027EA0000001014
B1112125604635N00846872EA0000001009
B1112175604712N00846761EA0000001014
B1112235604810N00846647EA0000001025
B1112305604914N00846541EA0000001034
B1112355604983N00846474EA0000001025
B1112425605095N00846387EA0000000998
B1112485605195N00846313EA0000000988
B1112545605295N00846239EA0000000983
B1113005605393N00846152EA0000000979
B1113085605527N00846047EA0000000983
B1113145605629N00845973EA0000000977
B1113355605988N00845699EA0000000953
B1113415606090N00845612EA0000000945
B1113485606206N00845528EA0000000939
B1113535606288N00845488EA0000000932
B1114025606438N00845476EA0000000927
B1114075606514N00845496EA0000000936
B1114125606586N00845529EA0000000949
B1114225606661N00845366EA0000000982
B1114315606564N00845425EA0000001007
B1114405606644N00845380EA0000001030
B1114455606609N00845248EA0000001042
B1114505606537N00845257EA0000001052
B1114555606538N00845360EA0000001061
B1115025606607N00845305EA0000001077
B1115075606585N00845169EA0000001087
B1115125606511N00845141EA0000001096
B1115175606481N00845237EA0000001107
B1115225606522N00845286EA0000001124
B1115275606564N00845214EA0000001124
B1115325606560N00845078EA0000001130
B1115385606480N00845000EA0000001139
B1115435606424N00845070EA0000001145
B1115485606447N00845163EA0000001154
B1115545606518N00845147EA0000001158
B1115595606584N00845081EA0000001145
B1116055606678N00845013EA0000001125
B1116135606816N00844978EA0000001099
B1116265607044N00845019EA0000001070
B1116315607129N00845044EA0000001068
B1116365607215N00845070EA0000001062
B1116445607352N00845105EA0000001057
B1116585607590N00845172EA0000001044
B1117145607854N00845260EA0000001033
B1117205607954N00845285EA0000001027
B1117265608056N00845313EA0000001016
B1117325608160N00845341EA0000001009
B1117395608278N00845373EA0000001006
B1117455608377N00845405EA0000000998
B1117505608459N00845429EA0000000995
B1117595608610N00845464EA0000001001
B1118055608711N00845492EA0000001011
B1118115608799N00845532EA0000001026
B1118185608885N00845583EA0000001020
B1118245608968N00845639EA0000001000
B1118325609091N00845728EA0000000996
B1118375609164N00845790EA0000001002
B1118425609225N00845848EA0000001030
B1118475609279N00845895EA0000001029
B1118535609351N00845966EA0000001020
B1118585609419N00846004EA0000001020
B1119035609488N00846040EA0000001013
B1119085609557N00846092EA0000001008
B1119135609624N00846149EA0000001031
B1119225609707N00846232EA0000001066
B1119275609745N00846288EA0000001062
B1119355609814N00846399EA0000001060
B1119425609875N00846505EA0000001059
B1119485609932N00846596EA0000001050
B1119545609997N00846689EA0000001047
B1120025610084N00846797EA0000001046
B1120115610191N00846940EA0000001027
B1120225610346N00847116EA0000001028
B1120315610469N00847254EA0000001046
B1120365610526N00847334EA0000001040
B1120425610587N00847464EA0000001022
B1120475610640N00847583EA0000001019
B1120525610692N00847706EA0000001014
B1120585610757N00847852EA0000001009
B1121045610821N00847988EA0000001009
B1121105610887N00848117EA0000001000
B1121155610941N00848223EA0000000997
B1121205610993N00848330EA0000000995
B1121265611053N00848470EA0000000990
B1121325611116N00848620EA0000000987
B1121395611177N00848790EA0000000987
B1121455611223N00848934EA0000000981
B1121505611256N00849058EA0000000986
B1121555611290N00849185EA0000000988
B1122035611360N00849339EA0000001028
B1122095611423N00849381EA0000001039
B1122145611488N00849378EA0000001030
B1122195611566N00849380EA0000001002
B1122265611688N00849405EA0000000992
B1122315611775N00849420EA0000000995
B1122385611890N00849432EA0000000995
B1122455611992N00849469EA0000000990
B1122515612071N00849548EA0000000975
B1122575612138N00849664EA0000000962
B1123045612208N00849813EA0000000952
B1123105612270N00849942EA0000000939
B1123155612322N00850056EA0000000927
B1123245612417N00850275EA0000000920
B1123355612515N00850558EA0000000919
B1123455612610N00850778EA0000000905
B1123545612723N00850961EA0000000892
B1124055612895N00851097EA0000000885
B1124135613031N00851107EA0000000878
B1124255613243N00851000EA0000000856
B1124435613567N00850775EA0000000837
B1124485613653N00850697EA0000000827
B1124555613773N00850593EA0000000818
B1125025613891N00850487EA0000000823
B1125075613973N00850424EA0000000841
B1125145614067N00850327EA0000000873
B1125205614103N00850167EA0000000872
B1125335613950N00850118EA0000000897
B1125395613973N00850202EA0000000906
B1125465614046N00850109EA0000000904
B1125515614029N00849948EA0000000904
B1125575613936N00849876EA0000000899
B1126035613888N00849986EA0000000911
B1126095613927N00850061EA0000000931
B1126165614002N00850066EA0000000927
B1126235614072N00850118EA0000000913
B1126305614132N00850241EA0000000885
B1126375614204N00850397EA0000000871
B1126445614281N00850552EA0000000876
B1126505614349N00850671EA0000000888
B1126555614400N00850742EA0000000903
B1127005614444N00850809EA0000000897
B1127065614491N00850930EA0000000864
B1127155614579N00851145EA0000000859
B1127205614621N00851266EA0000000867
B1127295614695N00851475EA0000000859
B1127355614749N00851633EA0000000841
B1127405614798N00851769EA0000000834
B1127485614877N00851989EA0000000841
B1127555614943N00852163EA0000000870
B1128095615052N00852498EA0000000875
B1128185615116N00852720EA0000000892
B1128235615157N00852832EA0000000902
B1128285615207N00852920EA0000000923
B1128335615250N00853009EA0000000927
B1128545615177N00852886EA0000000969
B1129055615128N00853044EA0000000984
B1129205615123N00852763EA0000001010
B1129265615160N00852852EA0000001003
B1129335615176N00853015EA0000001002
B1129405615201N00853167EA0000001010
B1129475615227N00853319EA0000001015
B1129555615258N00853516EA0000000996
B1130035615306N00853739EA0000001022
B1130125615349N00853907EA0000001047
B1130205615390N00854082EA0000001016
B1130305615483N00854326EA0000001018
B1130355615546N00854414EA0000001037
B1130435615640N00854524EA0000001049
B1130485615701N00854590EA0000001038
B1130545615767N00854704EA0000001025
B1130595615810N00854829EA0000001016
B1131045615847N00854964EA0000001014
B1131095615891N00855096EA0000001012
B1131145615942N00855220EA0000001013
B1131195615995N00855331EA0000001016
B1131265616083N00855460EA0000001018
B1131335616152N00855580EA0000001038
B1131455616284N00855782EA0000001000
B1131545616426N00855866EA0000001004
B1132035616561N00855936EA0000000992
B1132165616766N00856044EA0000000971
B1132225616856N00856102EA0000000962
B1132305616966N00856199EA0000000956
B1132425617122N00856369EA0000000958
B1132475617164N00856474EA0000000948
B1132535617198N00856627EA0000000927
B1133015617255N00856841EA0000000896
B1133105617317N00857095EA0000000875
B1133155617351N00857237EA0000000866
B1133215617398N00857402EA0000000854
B1133285617455N00857579EA0000000847
B1133445617575N00857986EA0000000818
B1133505617611N00858145EA0000000816
B1133565617645N00858308EA0000000810
B1134045617689N00858531EA0000000808
B1134095617714N00858674EA0000000809
B1134155617749N00858840EA0000000823
B1134385617932N00859017EA0000000891
B1134465617839N00858874EA0000000911
B1135015617899N00858889EA0000000931
B1135075617822N00858760EA0000000943
B1135155617792N00858910EA0000000960
B1135205617856N00858877EA0000000974
B1135255617864N00858724EA0000000984
B1135305617794N00858642EA0000000990
B1135475617843N00858634EA0000001019
B1136125617781N00858589EA0000001063
B1136215617708N00858374EA0000001079
B1136265617650N00858428EA0000001083
B1136335617677N00858545EA0000001102
B1136425617764N00858406EA0000001103
B1137005617593N00858346EA0000001123
B1137065617617N00858441EA0000001129
B1137225617787N00858584EA0000001116
B1137485618265N00858951EA0000001059
B1137595618479N00859101EA0000001030
B1138065618611N00859199EA0000001033
B1138195618840N00859393EA0000001014
B1138515619378N00859942EA0000000992
B1138585619500N00900052EA0000001005
B1139035619573N00900140EA0000001034
B1139095619626N00900264EA0000001037
B1139185619670N00900510EA0000000978
B1139405619774N00901243EA0000000938
B1139475619803N00901484EA0000000919
B1139555619838N00901760EA0000000909
B1140025619875N00901996EA0000000906
B1140075619909N00902161EA0000000894
B1140205619999N00902597EA0000000885
B1141285620620N00904675EA0000000797
B1141405620717N00905017EA0000000809
B1141575620839N00905452EA0000000800
B1142355621354N00906143EA0000000751
B1142465621505N00906351EA0000000732
B1142535621592N00906515EA0000000705
B1143025621701N00906748EA0000000688
B1143095621777N00906949EA0000000675
B1143145621830N00907085EA0000000678
B1143235621915N00907337EA0000000660
B1143285621958N00907484EA0000000652
B1143345622016N00907654EA0000000645
B1143395622065N00907789EA0000000648
B1143475622144N00907992EA0000000642
B1143535622188N00908163EA0000000631
B1144135622298N00908768EA0000000618
B1144205622364N00908920EA0000000610
B1144295622497N00909029EA0000000585
B1144385622648N00909096EA0000000558
B1144445622753N00909087EA0000000550
B1144515622876N00909043EA0000000548
B1144565622964N00909004EA0000000552
B1145025623053N00908952EA0000000573
B1145105623165N00908992EA0000000546
B1145165623249N00909083EA0000000539
B1145255623364N00909241EA0000000530
B1145325623446N00909381EA0000000525
B1145385623499N00909508EA0000000528
B1145435623534N00909621EA0000000517
B1145485623567N00909741EA0000000505
B1145575623645N00909962EA0000000485
B1146025623694N00910078EA0000000488
B1146125623791N00910287EA0000000488
B1146215623884N00910467EA0000000475
B1146295623969N00910631EA0000000463
B1146365624047N00910754EA0000000460
B1146455624151N00910900EA0000000453
B1146545624267N00911021EA0000000447
B1147015624358N00911120EA0000000440
B1147065624422N00911188EA0000000439
B1147145624521N00911292EA0000000429
B1147195624580N00911366EA0000000421
B1147245624636N00911451EA0000000413
B1147295624689N00911545EA0000000409
B1147355624746N00911669EA0000000404
B1147435624805N00911844EA0000000403
B1147495624836N00911984EA0000000398
B1148005624873N00912265EA0000000384
B1148105624875N00912533EA0000000382
B1148175624838N00912720EA0000000386
B1148235624784N00912861EA0000000395
B1148285624756N00912983EA0000000385
B1148335624802N00913076EA0000000381
B1148385624875N00913049EA0000000381
B1148445624916N00912887EA0000000388
B1148495624891N00912726EA0000000395
B1148545624817N00912627EA0000000400
B1149005624740N00912717EA0000000399
B1149065624794N00912798EA0000000395
B1149115624842N00912696EA0000000409
B1149175624811N00912534EA0000000419
B1149225624732N00912466EA0000000418
B1149275624652N00912491EA0000000421
B1149325624605N00912585EA0000000420
B1149375624632N00912680EA0000000414
B1149465624709N00912519EA0000000422
B1149515624650N00912399EA0000000431
B1149565624571N00912436EA0000000424
B1150015624567N00912555EA0000000426
B1150065624629N00912582EA0000000429
B1150125624678N00912449EA0000000441
B1150175624650N00912303EA0000000444
B1150225624570N00912215EA0000000442
B1150275624480N00912229EA0000000441
B1150325624458N00912347EA0000000436
B1150375624510N00912414EA0000000439
B1150425624576N00912377EA0000000446
B1150525624578N00912116EA0000000452
B1150575624489N00912062EA0000000454
B1151025624431N00912158EA0000000451
B1151085624476N00912253EA0000000451
B1151165624535N00912089EA0000000465
B1151215624492N00911947EA0000000463
B1151265624409N00911870EA0000000467
B1151315624324N00911845EA0000000467
B1151375624220N00911812EA0000000456
B1151425624135N00911743EA0000000451
B1151475624085N00911607EA0000000444
B1151525624092N00911460EA0000000440
B1151585624147N00911347EA0000000438
B1152035624198N00911326EA0000000440
B1152125624292N00911327EA0000000432
B1152175624346N00911329EA0000000428
B1152235624412N00911351EA0000000423
B1152285624464N00911398EA0000000414
B1152355624521N00911504EA0000000415
B1152445624533N00911693EA0000000404
B1152505624490N00911826EA0000000400
B1152555624429N00911910EA0000000403
B1153395623688N00911433EA0000000340
B1153445623589N00911392EA0000000350
B1153595623444N00911687EA0000000424
B1154045623496N00911761EA0000000441
B1154105623580N00911722EA0000000458
B1154185623596N00911472EA0000000491
B1154235623515N00911374EA0000000519
B1154325623433N00911525EA0000000569
B1155155623547N00911310EA0000000755
B1155265623466N00911040EA0000000790
B1155505623510N00910926EA0000000896
B1155595623416N00911001EA0000000906
B1156185623569N00911306EA0000000929
B1156475623788N00911785EA0000000886
B1156535623844N00911909EA0000000867
B1157035623934N00912110EA0000000851
B1157125624018N00912282EA0000000839
B1157245624127N00912514EA0000000824
B1157305624181N00912637EA0000000816
B1157515624353N00913110EA0000000800
B1158185624575N00913695EA0000000792
B1158235624608N00913810EA0000000789
B1158375624693N00914141EA0000000780
B1158435624731N00914280EA0000000776
B1158495624768N00914416EA0000000771
B1158575624813N00914600EA0000000766
B1159085624872N00914842EA0000000765
B1159165624914N00915006EA0000000756
B1159225624941N00915131EA0000000748
B1159295624963N00915285EA0000000735
B1159405624979N00915541EA0000000731
B1159485624985N00915726EA0000000728
B1159545624999N00915865EA0000000728
B1200015625013N00916025EA0000000725
B1200085624992N00916196EA0000000728
B1200145624949N00916336EA0000000731
B1200195624898N00916443EA0000000729
B1200265624811N00916586EA0000000729
B1200315624741N00916685EA0000000735
B1200365624664N00916765EA0000000744
B1200415624576N00916807EA0000000741
B1200515624454N00916974EA0000000729
B1200575624468N00917114EA0000000719
B1201045624523N00917265EA0000000713
B1201115624576N00917401EA0000000724
B1201165624609N00917487EA0000000720
B1201235624643N00917645EA0000000711
B1201295624658N00917797EA0000000719
B1201355624666N00917931EA0000000740
B1201415624720N00917998EA0000000735
B1201485624748N00917815EA0000000750
B1201535624659N00917768EA0000000753
B1201595624617N00917890EA0000000769
B1202105624700N00917795EA0000000784
B1202155624634N00917686EA0000000794
B1202205624565N00917743EA0000000797
B1202375624612N00917601EA0000000824
B1202485624497N00917693EA0000000842
B1202595624561N00917532EA0000000863
B1203105624412N00917522EA0000000874
B1203205624480N00917541EA0000000884
B1203275624438N00917344EA0000000895
B1203325624356N00917333EA0000000899
B1203375624315N00917421EA0000000904
B1203425624343N00917485EA0000000913
B1203485624399N00917411EA0000000914
B1203535624386N00917256EA0000000921
B1203585624300N00917232EA0000000923
B1204035624280N00917336EA0000000931
B1204095624344N00917318EA0000000943
B1204145624346N00917164EA0000000948
B1204205624247N00917094EA0000000954
B1204255624205N00917193EA0000000961
B1204315624259N00917232EA0000000971
B1204375624281N00917058EA0000000977
B1204425624204N00916959EA0000000987
B1204485624136N00917052EA0000000995
B1204535624167N00917119EA0000001003
B1204585624220N00917052EA0000001016
B1205035624208N00916904EA0000001029
B1205085624133N00916828EA0000001029
B1205165624049N00916942EA0000001040
B1205345624119N00916749EA0000001064
B1206015624087N00916635EA0000001109
B1206245624042N00916719EA0000001140
B1206595623985N00916551EA0000001183
B1207275623853N00916490EA0000001217
B1207345623923N00916380EA0000001230
B1207405623975N00916252EA0000001218
B1207485624078N00916103EA0000001192
B1207565624205N00916052EA0000001177
B1208025624297N00916061EA0000001172
B1208095624398N00916086EA0000001166
B1208225624586N00916140EA0000001151
B1208295624690N00916155EA0000001148
B1208355624775N00916165EA0000001147
B1208405624843N00916178EA0000001145
B1208465624925N00916202EA0000001137
B1208535625024N00916241EA0000001126
B1209015625132N00916292EA0000001128
B1209065625198N00916318EA0000001120
B1209135625297N00916371EA0000001111
B1209195625382N00916423EA0000001106
B1209265625481N00916494EA0000001095
B1209325625567N00916558EA0000001084
B1209415625690N00916667EA0000001076
B1209485625784N00916748EA0000001068
B1209565625895N00916836EA0000001059
B1210025625981N00916900EA0000001059
B1210105626087N00916962EA0000001067
B1210165626172N00917000EA0000001043
B1210215626248N00917059EA0000001030
B1210295626363N00917160EA0000001037
B1210365626459N00917273EA0000001035
B1210425626533N00917389EA0000001044
B1210485626595N00917507EA0000001056
B1210545626645N00917614EA0000001088
B1210595626673N00917675EA0000001107
B1211065626717N00917793EA0000001100
B1211165626770N00917987EA0000001122
B1211265626828N00918169EA0000001144
B1211335626867N00918285EA0000001165
B1211405626905N00918392EA0000001169
B1211475626952N00918515EA0000001157
B1211525626993N00918616EA0000001152
B1211585627043N00918733EA0000001153
B1212055627101N00918875EA0000001134
B1212145627179N00919078EA0000001111
B1212205627236N00919206EA0000001108
B1212295627327N00919396EA0000001095
B1212365627398N00919552EA0000001086
B1212425627455N00919696EA0000001071
B1212485627496N00919862EA0000001063
B1212535627523N00920007EA0000001059
B1212585627551N00920147EA0000001057
B1213085627608N00920427EA0000001045
B1213145627649N00920595EA0000001038
B1213205627698N00920744EA0000001042
B1213265627752N00920873EA0000001039
B1213355627832N00921060EA0000001026
B1213465627916N00921304EA0000001010
B1213565628001N00921511EA0000001005
B1214015628053N00921606EA0000001014
B1214075628112N00921683EA0000001033
B1214125628158N00921745EA0000001031
B1214205628159N00921935EA0000001014
B1214275628155N00922118EA0000001009
B1214335628167N00922275EA0000001020
B1214385628179N00922393EA0000001046
B1214435628171N00922503EA0000001044
B1214485628098N00922576EA0000001032
B1214535627999N00922518EA0000001043
B1214595627959N00922334EA0000001074
B1215055628017N00922241EA0000001073
B1215105628065N00922293EA0000001079
B1215155628063N00922397EA0000001081
B1215205628017N00922488EA0000001090
B1215265627920N00922487EA0000001089
B1215315627868N00922351EA0000001103
B1215365627885N00922219EA0000001119
B1215415627942N00922169EA0000001120
B1215495628033N00922235EA0000001122
B1215545628082N00922329EA0000001110
B1216055628202N00922548EA0000001097
B1216225628378N00922870EA0000001145
B1216355628502N00923091EA0000001121
B1216405628559N00923193EA0000001130
B1216505628671N00923393EA0000001129
B1216555628727N00923496EA0000001132
B1217065628859N00923734EA0000001137
B1217145628956N00923900EA0000001132
B1217335629152N00924253EA0000001198
B1218045629390N00924811EA0000001237
B1218115629451N00924915EA0000001241
B1218175629517N00924984EA0000001246
B1218225629578N00925023EA0000001253
B1218275629642N00925045EA0000001262
B1218335629727N00925049EA0000001257
B1218405629834N00924983EA0000001250
B1218495629982N00924863EA0000001233
B1218565630092N00924763EA0000001236
B1219025630185N00924681EA0000001223
B1219075630265N00924608EA0000001215
B1219195630470N00924441EA0000001193
B1219265630593N00924357EA0000001185
B1219345630728N00924258EA0000001185
B1219395630805N00924188EA0000001184
B1219455630896N00924104EA0000001171
B1219535631030N00923997EA0000001150
B1220035631205N00923888EA0000001138
B1220095631308N00923834EA0000001135
B1220155631413N00923790EA0000001127
B1220215631512N00923747EA0000001136
B1220295631639N00923698EA0000001128
B1220345631721N00923685EA0000001120
B1220395631805N00923680EA0000001113
B1220465631928N00923673EA0000001102
B1220535632049N00923674EA0000001095
B1221015632187N00923675EA0000001090
B1221095632315N00923676EA0000001092
B1221195632464N00923661EA0000001088
B1221295632601N00923706EA0000001083
B1221365632682N00923781EA0000001123
B1221425632716N00923873EA0000001121
B1221525632585N00923988EA0000001130
B1221595632511N00923815EA0000001141
B1222095632575N00923595EA0000001159
B1222155632634N00923566EA0000001158
B1222225632701N00923652EA0000001147
B1222275632741N00923728EA0000001150
B1222365632810N00923892EA0000001134
B1222415632855N00923990EA0000001127
B1222505632927N00924182EA0000001129
B1222575632986N00924341EA0000001142
B1223045633042N00924452EA0000001186
B1223195633072N00924220EA0000001216
B1223385633077N00924286EA0000001266
B1223435633036N00924153EA0000001277
B1223535632952N00924274EA0000001305
B1223585633001N00924310EA0000001321
B1224055633046N00924146EA0000001321
B1224135632951N00923987EA0000001357
B1224215632901N00924116EA0000001368
B1224265632947N00924158EA0000001380
B1224395632911N00923875EA0000001406
B1224475632865N00924004EA0000001417
B1224545632940N00924102EA0000001414
B1225025633035N00924216EA0000001424
B1225115633146N00924366EA0000001425
B1225175633215N00924475EA0000001436
B1225235633282N00924601EA0000001428
B1225335633415N00924830EA0000001425
B1225395633499N00924971EA0000001406
B1225445633573N00925090EA0000001399
B1225495633649N00925203EA0000001398
B1225565633757N00925359EA0000001383
B1226065633905N00925577EA0000001388
B1226155634039N00925753EA0000001402
B1226245634150N00925937EA0000001418
B1226315634214N00926079EA0000001442
B1226375634265N00926189EA0000001440
B1226475634361N00926428EA0000001422
B1226545634436N00926602EA0000001423
B1227075634590N00926911EA0000001423
B1227165634693N00927125EA0000001437
B1227215634747N00927239EA0000001443
B1227265634808N00927369EA0000001424
B1227325634890N00927528EA0000001437
B1227385634984N00927659EA0000001435
B1227435635066N00927752EA0000001452
B1227505635178N00927868EA0000001479
B1227565635256N00927966EA0000001486
B1228015635318N00928056EA0000001479
B1228075635402N00928154EA0000001465
B1228205635638N00928164EA0000001442
B1228265635754N00928127EA0000001435
B1228315635851N00928092EA0000001425
B1228365635953N00928055EA0000001407
B1228425636081N00928003EA0000001404
B1228495636225N00927941EA0000001408
B1228545636327N00927898EA0000001403
B1228595636430N00927856EA0000001400
B1229085636616N00927789EA0000001398
B1229155636765N00927753EA0000001397
B1229235636936N00927705EA0000001383
B1229285637041N00927684EA0000001372
B1229345637164N00927674EA0000001372
B1229395637263N00927680EA0000001382
B1229445637353N00927695EA0000001413
B1229505637449N00927717EA0000001427
B1229585637565N00927761EA0000001444
B1230045637649N00927818EA0000001434
B1230115637749N00927891EA0000001446
B1230195637843N00927986EA0000001466
B1230265637913N00928080EA0000001492
B1230315637959N00928143EA0000001494
B1230365638008N00928204EA0000001486
B1230435638100N00928270EA0000001472
B1230495638184N00928328EA0000001463
B1230565638282N00928405EA0000001457
B1231025638365N00928460EA0000001461
B1231125638504N00928562EA0000001455
B1231195638594N00928654EA0000001453
B1231255638673N00928751EA0000001431
B1231315638751N00928861EA0000001428
B1231385638836N00928971EA0000001429
B1231505638995N00929107EA0000001422
B1231555639073N00929105EA0000001429
B1232115639300N00928871EA0000001404
B1232205639436N00928690EA0000001391
B1232255639510N00928591EA0000001386
B1232365639674N00928383EA0000001377
B1232425639763N00928277EA0000001374
B1232505639879N00928140EA0000001373
B1233055640101N00927904EA0000001380
B1233125640204N00927803EA0000001371
B1233195640312N00927712EA0000001364
B1233255640403N00927635EA0000001361
B1233325640506N00927550EA0000001353
B1233385640594N00927476EA0000001344
B1233435640666N00927407EA0000001342
B1233575640873N00927211EA0000001333
B1234075641027N00927101EA0000001330
B1234135641123N00927050EA0000001334
B1234195641218N00926993EA0000001337
B1234395641487N00926711EA0000001366
B1234445641537N00926584EA0000001361
B1234495641601N00926489EA0000001356
B1234545641678N00926435EA0000001353
B1235025641792N00926414EA0000001376
B1235125641927N00926430EA0000001391
B1235195642009N00926442EA0000001393
B1235265642093N00926471EA0000001383
B1235405642289N00926533EA0000001363
B1235475642400N00926550EA0000001362
B1236075642696N00926541EA0000001352
B1236145642798N00926536EA0000001348
B1238115644568N00926943EA0000001338
B1238255644473N00926770EA0000001377
B1238405644535N00926651EA0000001425
B1238495644425N00926690EA0000001453
B1238585644498N00926740EA0000001479
B1239045644511N00926571EA0000001492
B1239135644391N00926544EA0000001522
B1239225644453N00926683EA0000001525
B1239295644568N00926708EA0000001530
B1240065645176N00926990EA0000001490
B1240235645402N00927279EA0000001485
B1240295645470N00927401EA0000001489
B1240405645592N00927624EA0000001485
B1240465645670N00927731EA0000001490
B1240555645794N00927856EA0000001495
B1241375646533N00927910EA0000001446
B1241535646865N00927926EA0000001422
B1242025647041N00927933EA0000001424
B1242085647154N00927927EA0000001415
B1242275647511N00927972EA0000001417
B1242425647694N00928168EA0000001481
B1242485647722N00928300EA0000001474
B1242545647755N00928443EA0000001477
B1243015647817N00928584EA0000001488
B1243135647925N00928821EA0000001485
B1243195647977N00928949EA0000001489
B1243295648066N00929159EA0000001489
B1243355648119N00929281EA0000001496
B1243445648205N00929434EA0000001497
B1243525648316N00929520EA0000001495
B1243575648387N00929568EA0000001492
B1244035648477N00929616EA0000001488
B1244105648583N00929665EA0000001485
B1244215648740N00929767EA0000001488
B1244275648803N00929868EA0000001483
B1244355648838N00930076EA0000001472
B1244405648842N00930222EA0000001469
B1244495648833N00930491EA0000001449
B1244545648826N00930646EA0000001441
B1245015648818N00930854EA0000001442
B1245065648819N00930996EA0000001441
B1245125648831N00931164EA0000001450
B1245175648834N00931301EA0000001462
B1245275648860N00931562EA0000001462
B1245325648891N00931675EA0000001465
B1245435648989N00931849EA0000001483
B1245495649060N00931913EA0000001490
B1245555649126N00931994EA0000001499
B1246105648997N00932151EA0000001518
B1246175648935N00931965EA0000001522
B1246285648996N00931672EA0000001532
B1246345649063N00931592EA0000001545
B1246415649125N00931669EA0000001555
B1246465649080N00931767EA0000001561
B1246515648997N00931726EA0000001564
B1246565648969N00931564EA0000001565
B1247085649091N00931355EA0000001611
B1247145649173N00931330EA0000001595
B1247225649305N00931334EA0000001579
B1247295649419N00931340EA0000001578
B1247345649500N00931338EA0000001575
B1247395649581N00931345EA0000001567
B1247455649678N00931362EA0000001561
B1247515649779N00931374EA0000001557
B1248075650031N00931379EA0000001559
B1248175650195N00931373EA0000001552
B1248265650358N00931375EA0000001541
B1248325650465N00931374EA0000001544
B1248525650809N00931375EA0000001541
B1248585650912N00931378EA0000001539
B1249065651045N00931400EA0000001534
B1249135651159N00931433EA0000001528
B1249195651253N00931456EA0000001526
B1249265651363N00931481EA0000001518
B1249335651473N00931520EA0000001512
B1249405651584N00931549EA0000001513
B1249455651665N00931562EA0000001511
B1249545651812N00931595EA0000001504
B1249595651890N00931622EA0000001505
B1250095652041N00931672EA0000001493
B1250145652115N00931704EA0000001490
B1250255652266N00931817EA0000001504
B1252005652957N00933536EA0000001492
B1252065653028N00933402EA0000001496
B1252405652876N00932931EA0000001523
B1253015652854N00932434EA0000001525
B1253085652773N00932205EA0000001510
B1253175652673N00931885EA0000001507
B1253225652626N00931705EA0000001511
B1253285652579N00931485EA0000001515
B1253355652529N00931230EA0000001526
B1253435652462N00930952EA0000001526
B1253505652369N00930745EA0000001522
B1253565652288N00930566EA0000001522
B1254025652218N00930376EA0000001518
B1254095652158N00930124EA0000001509
B1254155652124N00929895EA0000001502
B1254205652098N00929701EA0000001507
B1254265652054N00929488EA0000001546
B1254385651911N00929183EA0000001577
B1254475651789N00928990EA0000001578
B1255045651503N00928720EA0000001587
B1255115651371N00928637EA0000001584
B1255265651070N00928384EA0000001562
B1255365650862N00928221EA0000001554
B1256115650108N00927856EA0000001544
B1256225649882N00927948EA0000001540
B1256275649778N00927992EA0000001535
B1256325649676N00928033EA0000001533
B1256385649556N00928083EA0000001525
B1256545649240N00928240EA0000001501
B1258265647476N00927522EA0000001481
B1258405647216N00927411EA0000001492
B1258515647074N00927178EA0000001513
B1258595646999N00926954EA0000001521
B1259275646766N00926070EA0000001488
B1259325646717N00925917EA0000001506
B1259375646659N00925791EA0000001523
B1259475646536N00925808EA0000001541
B1259545646597N00925864EA0000001561
B1300085646513N00925643EA0000001589
B1300165646558N00925740EA0000001609
B1300295646517N00925450EA0000001633
B1300345646455N00925495EA0000001641
B1301585645451N00923716EA0000001620
B1302035645378N00923553EA0000001622
B1302095645293N00923363EA0000001619
B1302255645082N00922845EA0000001615
B1302335644973N00922594EA0000001611
B1302575644500N00921954EA0000001571
B1303045644328N00921891EA0000001573
B1303125644132N00921877EA0000001573
B1303215643920N00921854EA0000001585
B1303325643684N00921793EA0000001577
B1303535643234N00921740EA0000001568
B1304035643025N00921754EA0000001558
B1304165642762N00921778EA0000001580
B1304265642574N00921771EA0000001587
B1304345642417N00921681EA0000001598
B1304395642323N00921596EA0000001599
B1304485642156N00921439EA0000001599
B1304575641983N00921286EA0000001589
B1305085641771N00921052EA0000001582
B1305165641627N00920849EA0000001574
B1305245641487N00920636EA0000001562
B1305295641397N00920503EA0000001554
B1305355641291N00920338EA0000001549
B1305425641179N00920132EA0000001546
B1305555640990N00919739EA0000001542
B1306055640843N00919426EA0000001527
B1306165640669N00919083EA0000001516
B1306265640504N00918797EA0000001523
B1306325640395N00918660EA0000001531
B1306375640299N00918555EA0000001542
B1306465640121N00918352EA0000001541
B1306525639994N00918206EA0000001542
B1306575639889N00918082EA0000001540
B1307025639785N00917954EA0000001532
B1307095639639N00917767EA0000001519
B1307185639451N00917532EA0000001508
B1307275639252N00917316EA0000001495
B1307345639090N00917156EA0000001488
B1307435638884N00916923EA0000001479
B1307495638750N00916760EA0000001473
B1307545638640N00916627EA0000001473
B1307595638532N00916494EA0000001461
B1308055638394N00916324EA0000001437
B1308105638284N00916193EA0000001458
B1308155638184N00916075EA0000001454
B1308225638042N00915889EA0000001435
B1308285637919N00915718EA0000001427
B1308335637816N00915575EA0000001424
B1308405637662N00915406EA0000001424
B1308475637503N00915264EA0000001419
B1308525637387N00915167EA0000001417
B1308585637252N00915048EA0000001412
B1309125636943N00914762EA0000001398
B1309175636833N00914662EA0000001389
B1309245636678N00914530EA0000001379
B1309295636566N00914447EA0000001373
B1309345636456N00914357EA0000001367
B1309455636242N00914061EA0000001344
B1309505636159N00913888EA0000001338
B1309575636041N00913643EA0000001336
B1310025635955N00913487EA0000001352
B1310085635859N00913339EA0000001382
B1310165635734N00913303EA0000001403
B1310245635750N00913442EA0000001411
B1310295635805N00913374EA0000001418
B1310345635804N00913228EA0000001429
B1310415635719N00913096EA0000001442
B1310515635625N00913220EA0000001452
B1310585635700N00913245EA0000001456
B1311035635730N00913110EA0000001460
B1311085635689N00912971EA0000001474
B1311155635583N00912955EA0000001482
B1311215635561N00913077EA0000001491
B1311265635613N00913105EA0000001488
B1311325635653N00912950EA0000001493
B1311375635601N00912821EA0000001502
B1311425635514N00912758EA0000001499
B1311475635427N00912679EA0000001498
B1311555635288N00912504EA0000001487
B1312045635117N00912330EA0000001482
B1312095635019N00912246EA0000001478
B1312175634849N00912183EA0000001465
B1312285634588N00912129EA0000001439
B1312335634462N00912102EA0000001435
B1312405634287N00912046EA0000001432
B1312505634039N00911939EA0000001428
B1312555633917N00911876EA0000001421
B1313035633720N00911769EA0000001411
B1313085633597N00911696EA0000001403
B1313175633373N00911574EA0000001401
B1313225633254N00911532EA0000001404
B1313285633114N00911479EA0000001388
B1313365632921N00911362EA0000001379
B1313415632806N00911267EA0000001377
B1313485632648N00911128EA0000001366
B1313555632491N00910987EA0000001365
B1314015632360N00910868EA0000001357
B1314075632225N00910750EA0000001341
B1314125632109N00910662EA0000001341
B1314185631977N00910559EA0000001339
B1314235631871N00910459EA0000001332
B1314305631726N00910305EA0000001325
B1314365631596N00910186EA0000001321
B1314425631462N00910095EA0000001318
B1314485631324N00910026EA0000001318
B1314565631139N00909944EA0000001318
B1315035630980N00909854EA0000001305
B1315095630840N00909788EA0000001301
B1315145630722N00909741EA0000001298
B1315205630581N00909699EA0000001293
B1315265630444N00909687EA0000001292
B1315395630167N00909696EA0000001297
B1315445630066N00909708EA0000001306
B1315525629921N00909725EA0000001316
B1315575629822N00909719EA0000001304
B1316055629661N00909715EA0000001319
B1316105629565N00909696EA0000001343
B1316155629484N00909596EA0000001357
B1316205629478N00909432EA0000001374
B1316255629536N00909377EA0000001380
B1316335629531N00909529EA0000001404
B1316385629448N00909538EA0000001420
B1316445629386N00909380EA0000001435
B1316515629453N00909267EA0000001448
B1316565629469N00909352EA0000001458
B1317015629407N00909425EA0000001477
B1317065629326N00909398EA0000001497
B1317115629258N00909287EA0000001503
B1317165629201N00909132EA0000001497
B1317255629081N00908834EA0000001483
B1317325628978N00908603EA0000001472
B1317395628875N00908370EA0000001467
B1317465628775N00908141EA0000001473
B1317545628658N00907907EA0000001472
B1318025628549N00907659EA0000001461
B1318075628475N00907516EA0000001467
B1318135628377N00907361EA0000001465
B1318185628290N00907242EA0000001476
B1318235628213N00907121EA0000001491
B1318305628115N00906956EA0000001514
B1318385628005N00906779EA0000001530
B1318455627907N00906619EA0000001532
B1318555627751N00906354EA0000001516
B1319015627652N00906181EA0000001517
B1319075627557N00905995EA0000001511
B1319125627478N00905837EA0000001504
B1319175627399N00905684EA0000001508
B1319225627315N00905550EA0000001518
B1319305627172N00905393EA0000001525
B1319365627054N00905288EA0000001518
B1319425626927N00905192EA0000001506
B1319475626822N00905116EA0000001507
B1319535626699N00905021EA0000001500
B1320015626531N00904883EA0000001490
B1320155626236N00904643EA0000001483
B1320205626129N00904562EA0000001481
B1320255626022N00904477EA0000001478
B1320315625892N00904382EA0000001476
B1320405625698N00904250EA0000001469
B1320455625589N00904189EA0000001467
B1320505625482N00904127EA0000001466
B1321415624447N00903439EA0000001451
B1322215623632N00902975EA0000001430
B1322335623371N00902871EA0000001412
B1322415623198N00902800EA0000001407
B1322555622896N00902657EA0000001391
B1323075622633N00902520EA0000001377
B1323165622435N00902420EA0000001368
B1323215622327N00902395EA0000001367
B1323275622200N00902400EA0000001362
B1323355622039N00902448EA0000001352
B1323405621939N00902494EA0000001343
B1323455621841N00902539EA0000001339
B1323505621746N00902588EA0000001330
B1323555621648N00902635EA0000001322
B1324015621534N00902704EA0000001317
B1324065621443N00902767EA0000001312
B1324145621297N00902865EA0000001300
B1324205621192N00902945EA0000001292
B1324265621089N00903029EA0000001283
B1324355620936N00903159EA0000001280
B1324405620857N00903237EA0000001281
B1324485620736N00903357EA0000001277
B1324535620657N00903428EA0000001276
B1325025620510N00903523EA0000001296
B1325105620377N00903564EA0000001301
B1325155620289N00903565EA0000001312
B1325215620193N00903542EA0000001305
B1325265620100N00903513EA0000001285
B1325315619999N00903484EA0000001276
B1325395619830N00903418EA0000001267
B1325445619722N00903360EA0000001262
B1325515619574N00903283EA0000001269
B1325585619433N00903227EA0000001264
B1326035619330N00903195EA0000001264
B1326095619209N00903170EA0000001274
B1326165619074N00903166EA0000001272
B1326215618981N00903163EA0000001269
B1326265618883N00903137EA0000001260
B1326315618784N00903092EA0000001252
B1326405618601N00902999EA0000001238
B1326455618500N00902956EA0000001232
B1326515618376N00902899EA0000001223
B1326565618272N00902852EA0000001220
B1327015618168N00902813EA0000001217
B1327085618021N00902767EA0000001211
B1327235617702N00902650EA0000001209
B1327345617468N00902571EA0000001204
B1327415617319N00902526EA0000001201
B1327465617213N00902491EA0000001195
B1327515617108N00902451EA0000001188
B1327595616944N00902382EA0000001180
B1328055616825N00902338EA0000001178
B1328105616729N00902308EA0000001177
B1328165616615N00902275EA0000001164
B1328225616496N00902240EA0000001150
B1328275616397N00902215EA0000001145
B1328335616277N00902188EA0000001145
B1328385616179N00902152EA0000001143
B1328435616081N00902095EA0000001139
B1328495615963N00902021EA0000001132
B1328545615863N00901957EA0000001127
B1329025615716N00901864EA0000001166
B1329105615634N00901683EA0000001171
B1329175615701N00901581EA0000001186
B1329225615720N00901670EA0000001197
B1329285615651N00901720EA0000001206
B1329335615586N00901617EA0000001205
B1329395615581N00901443EA0000001224
B1329445615640N00901409EA0000001230
B1329495615655N00901497EA0000001246
B1329585615541N00901470EA0000001261
B1330035615534N00901325EA0000001269
B1330085615590N00901266EA0000001276
B1330145615614N00901355EA0000001303
B1330195615560N00901402EA0000001301
B1330255615479N00901306EA0000001310
B1330365615545N00901111EA0000001332
B1330425615549N00901218EA0000001348
B1330505615443N00901191EA0000001358
B1330555615422N00901040EA0000001373
B1331015615477N00900944EA0000001391
B1331065615516N00901001EA0000001401
B1331115615485N00901076EA0000001413
B1331185615389N00900991EA0000001411
B1331235615385N00900840EA0000001439
B1331315615467N00900772EA0000001452
B1331365615475N00900861EA0000001466
B1331425615398N00900884EA0000001467
B1331475615342N00900773EA0000001476
B1331525615351N00900633EA0000001494
B1332005615440N00900578EA0000001499
B1332055615461N00900659EA0000001514
B1332105615435N00900737EA0000001505
B1332185615336N00900837EA0000001488
B1332265615230N00900937EA0000001490
B1332315615160N00901006EA0000001487
B1332395615056N00901135EA0000001479
B1332455614972N00901231EA0000001468
B1332515614889N00901332EA0000001464
B1332595614778N00901466EA0000001452
B1333045614709N00901549EA0000001447
B1333145614560N00901704EA0000001435
B1333235614421N00901833EA0000001427
B1333325614274N00901937EA0000001423
B1333425614105N00902048EA0000001412
B1333485614005N00902119EA0000001411
B1333545613911N00902192EA0000001401
B1333595613829N00902267EA0000001387
B1334075613695N00902402EA0000001380
B1334135613601N00902512EA0000001379
B1334195613513N00902626EA0000001378
B1334245613442N00902723EA0000001376
B1334295613376N00902829EA0000001369
B1334385613265N00903028EA0000001366
B1334435613202N00903136EA0000001364
B1334525613090N00903334EA0000001356
B1334585613015N00903471EA0000001352
B1335065612921N00903662EA0000001345
B1335125612861N00903811EA0000001345
B1335175612820N00903935EA0000001343
B1335225612781N00904060EA0000001336
B1335325612695N00904312EA0000001326
B1335385612649N00904464EA0000001325
B1335445612610N00904620EA0000001339
B1335515612561N00904803EA0000001337
B1335565612521N00904939EA0000001326
B1336025612466N00905101EA0000001317
B1336075612422N00905232EA0000001315
B1336165612325N00905463EA0000001297
B1336225612258N00905618EA0000001298
B1336325612143N00905877EA0000001289
B1336395612060N00906060EA0000001284
B1336475611966N00906262EA0000001277
B1336565611849N00906483EA0000001263
B1337015611780N00906607EA0000001259
B1337115611640N00906844EA0000001251
B1337185611529N00906991EA0000001246
B1337275611383N00907174EA0000001239
B1337355611264N00907330EA0000001241
B1337415611176N00907440EA0000001233
B1337465611106N00907540EA0000001222
B1337565610966N00907736EA0000001213
B1338045610851N00907898EA0000001202
B1338095610777N00907997EA0000001206
B1338145610706N00908092EA0000001218
B1338205610631N00908206EA0000001229
B1338265610551N00908321EA0000001224
B1338325610458N00908433EA0000001218
B1338385610362N00908550EA0000001213
B1338435610282N00908651EA0000001205
B1338505610177N00908801EA0000001201
B1338555610111N00908914EA0000001202
B1339035610012N00909103EA0000001183
B1339085609946N00909227EA0000001174
B1339175609829N00909447EA0000001165
B1339245609741N00909609EA0000001156
B1339325609638N00909778EA0000001149
B1339385609555N00909894EA0000001147
B1339465609427N00910020EA0000001146
B1339515609340N00910081EA0000001159
B1339565609253N00910099EA0000001176
B1340015609176N00910002EA0000001169
B1340065609161N00909833EA0000001171
B1340115609212N00909732EA0000001174
B1340165609268N00909739EA0000001199
B1340215609271N00909832EA0000001192
B1340265609191N00909873EA0000001205
B1340325609130N00909734EA0000001220
B1340375609167N00909630EA0000001225
B1340425609208N00909675EA0000001222
B1340475609167N00909794EA0000001226
B1340525609080N00909814EA0000001238
B1340575609013N00909696EA0000001237
B1341025609016N00909541EA0000001236
B1341085609077N00909478EA0000001246
B1341145609124N00909547EA0000001250
B1341195609121N00909654EA0000001257
B1341245609058N00909722EA0000001264
B1341305608966N00909642EA0000001264
B1341355608947N00909488EA0000001258
B1341405608988N00909390EA0000001271
B1341465609043N00909416EA0000001277
B1341515609043N00909513EA0000001283
B1341565608992N00909588EA0000001284
B1342015608916N00909590EA0000001286
B1342065608834N00909531EA0000001276
B1342145608695N00909440EA0000001267
B1342195608609N00909417EA0000001263
B1342245608522N00909400EA0000001256
B1342295608434N00909384EA0000001248
B1342345608346N00909324EA0000001239
B1342395608263N00909231EA0000001231
B1342475608135N00909060EA0000001221
B1342535608038N00908910EA0000001207
B1343025607889N00908650EA0000001190
B1343095607773N00908437EA0000001184
B1343175607636N00908224EA0000001179
B1343225607547N00908115EA0000001182
B1343285607435N00908015EA0000001194
B1343335607352N00907946EA0000001210
B1343395607253N00907979EA0000001185
B1343445607230N00908095EA0000001192
B1343495607272N00908163EA0000001198
B1343545607332N00908115EA0000001206
B1343595607370N00907983EA0000001217
B1344045607361N00907828EA0000001221
B1344095607287N00907731EA0000001219
B1344145607213N00907764EA0000001225
B1344195607197N00907857EA0000001221
B1344245607248N00907883EA0000001220
B1344295607295N00907783EA0000001232
B1344355607270N00907612EA0000001226
B1344405607198N00907496EA0000001223
B1344495607056N00907342EA0000001225
B1344555606959N00907207EA0000001202
B1345015606870N00907017EA0000001189
B1345065606794N00906852EA0000001182
B1345115606721N00906686EA0000001173
B1345165606647N00906522EA0000001168
B1345245606532N00906254EA0000001157
B1345315606426N00906022EA0000001145
B1345385606315N00905785EA0000001133
B1345465606180N00905519EA0000001126
B1345525606080N00905327EA0000001123
B1345585605980N00905142EA0000001117
B1346055605868N00904930EA0000001109
B1346135605735N00904710EA0000001102
B1346185605651N00904578EA0000001092
B1346245605553N00904410EA0000001086
B1346295605475N00904261EA0000001078
B1346345605400N00904114EA0000001074
B1346395605330N00903965EA0000001066
B1346465605232N00903768EA0000001064
B1346515605160N00903639EA0000001068
B1346565605102N00903497EA0000001076
B1347015605057N00903336EA0000001085
B1347065605062N00903179EA0000001089
B1347115605129N00903153EA0000001096
B1347165605116N00903253EA0000001103
B1347215605031N00903244EA0000001111
B1347275604978N00903072EA0000001124
B1347325605026N00902972EA0000001123
B1347375605069N00903030EA0000001129
B1347425605030N00903108EA0000001136
B1347475604944N00903083EA0000001137
B1347525604886N00902960EA0000001156
B1347575604904N00902829EA0000001147
B1348025604959N00902835EA0000001154
B1348075604945N00902913EA0000001163
B1348125604868N00902924EA0000001159
B1348175604795N00902842EA0000001175
B1348225604776N00902693EA0000001171
B1348275604828N00902608EA0000001177
B1348325604863N00902673EA0000001181
B1348375604815N00902746EA0000001191
B1348425604735N00902684EA0000001196
B1348475604715N00902533EA0000001206
B1348525604761N00902442EA0000001207
B1348575604812N00902470EA0000001213
B1349025604808N00902553EA0000001222
B1349085604728N00902609EA0000001213
B1349145604639N00902645EA0000001237
B1349205604566N00902694EA0000001233
B1349285604498N00902829EA0000001210
B1349335604464N00902937EA0000001189
B1349395604413N00903091EA0000001174
B1349445604364N00903225EA0000001176
B1349515604315N00903411EA0000001188
B1349585604268N00903590EA0000001174
B1350065604199N00903800EA0000001165
B1350115604156N00903932EA0000001162
B1350175604105N00904088EA0000001161
B1350245604050N00904276EA0000001148
B1350315603990N00904470EA0000001135
B1350415603905N00904749EA0000001123
B1350465603862N00904884EA0000001115
B1350515603818N00905022EA0000001107
B1350575603768N00905190EA0000001102
B1351065603690N00905432EA0000001096
B1351125603639N00905593EA0000001087
B1351195603582N00905779EA0000001084
B1351265603531N00905961EA0000001082
B1351325603488N00906117EA0000001073
B1351425603418N00906380EA0000001058
B1351495603372N00906573EA0000001046
B1351545603335N00906714EA0000001044
B1352005603294N00906883EA0000001045
B1352075603250N00907076EA0000001060
B1352125603230N00907199EA0000001072
B1352175603199N00907316EA0000001063
B1352245603132N00907492EA0000001045
B1352295603076N00907618EA0000001041
B1352345603021N00907740EA0000001044
B1352395602968N00907857EA0000001042
B1352475602880N00908042EA0000001037
B1352535602813N00908183EA0000001033
B1352585602757N00908298EA0000001033
B1353095602644N00908552EA0000001025
B1353145602592N00908668EA0000001022
B1353215602518N00908831EA0000001021
B1353285602446N00908999EA0000001015
B1353335602394N00909121EA0000001012
B1353385602342N00909237EA0000001014
B1353475602246N00909435EA0000001000
B1353525602180N00909540EA0000001004
B1354015602045N00909666EA0000001013
B1354075601939N00909696EA0000001012
B1354125601845N00909684EA0000001010
B1354175601751N00909662EA0000001007
B1354245601618N00909625EA0000001002
B1354295601533N00909639EA0000001008
B1354355601476N00909742EA0000000999
B1354405601496N00909839EA0000000997
B1354455601559N00909860EA0000000997
B1354545601688N00909800EA0000000991
B1354595601761N00909771EA0000000992
B1355065601852N00909760EA0000001017
B1355115601908N00909737EA0000000998
B1355165601956N00909617EA0000000995
B1355215601953N00909452EA0000001000
B1355265601887N00909319EA0000000999
B1355315601793N00909290EA0000001003
B1355375601705N00909369EA0000001003
B1355425601646N00909458EA0000001014
B1355485601605N00909571EA0000001016
B1355535601659N00909605EA0000001014
B1355585601706N00909503EA0000001024
B1356035601695N00909350EA0000001013
B1356085601623N00909245EA0000001020
B1356165601503N00909255EA0000001036
B1356215601475N00909333EA0000001023
B1356265601513N00909412EA0000001019
B1356315601550N00909478EA0000001031
B1356405601562N00909641EA0000001027
B1356455601546N00909748EA0000001023
B1356515601539N00909879EA0000001022
B1356585601533N00910043EA0000001006
B1357045601530N00910197EA0000001000
B1357105601526N00910357EA0000000992
B1357165601528N00910513EA0000000987
B1357235601534N00910695EA0000000977
B1357285601537N00910825EA0000000974
B1357335601542N00910951EA0000000970
B1357385601542N00911073EA0000000968
B1357435601531N00911198EA0000000969
B1357495601512N00911352EA0000000968
B1357545601494N00911484EA0000000982
B1357595601484N00911593EA0000000997
B1358045601531N00911647EA0000000990
B1358105601565N00911482EA0000001009
B1358155601492N00911378EA0000001017
B1358215601428N00911471EA0000001023
B1358265601472N00911535EA0000001030
B1358315601520N00911443EA0000001048
B1358365601484N00911298EA0000001050
B1358415601400N00911300EA0000001053
B1358465601390N00911405EA0000001063
B1358515601444N00911415EA0000001072
B1358565601468N00911275EA0000001081
B1359015601402N00911162EA0000001089
B1359065601332N00911217EA0000001094
B1359115601349N00911308EA0000001107
B1359165601405N00911264EA0000001114
B1359215601408N00911112EA0000001131
B1359275601316N00911048EA0000001128
B1359325601284N00911146EA0000001140
B1359375601338N00911159EA0000001145
B1359425601362N00911019EA0000001166
B1359475601303N00910907EA0000001170
B1359545601214N00910990EA0000001182
B1359595601229N00911071EA0000001186
B1400045601288N00911062EA0000001196
B1400105601325N00910914EA0000001207
B1400155601280N00910775EA0000001206
B1400205601198N00910727EA0000001221
B1400295601101N00910841EA0000001232
B1400345601102N00910930EA0000001238
B1400395601154N00910967EA0000001233
B1400465601236N00910969EA0000001243
B1400515601282N00911010EA0000001237
B1400565601326N00911077EA0000001231
B1401025601375N00911173EA0000001245
B1401075601410N00911241EA0000001269
B1401125601444N00911301EA0000001273
B1401175601483N00911365EA0000001263
B1401235601539N00911457EA0000001255
B1401285601588N00911561EA0000001259
B1401335601640N00911664EA0000001260
B1401395601696N00911760EA0000001275
B1401475601760N00911896EA0000001265
B1401535601819N00912022EA0000001259
B1401585601874N00912129EA0000001263
B1402035601928N00912239EA0000001262
B1402085601978N00912352EA0000001261
B1402135602027N00912463EA0000001259
B1402205602097N00912616EA0000001252
B1402275602171N00912761EA0000001244
B1402335602233N00912877EA0000001243
B1402385602270N00912989EA0000001241
B1402445602307N00913132EA0000001240
B1402515602354N00913293EA0000001249
B1402575602408N00913395EA0000001260
B1403045602482N00913483EA0000001253
B1403145602600N00913610EA0000001244
B1403225602648N00913797EA0000001224
B1403315602648N00914050EA0000001211
B1403365602641N00914196EA0000001206
B1403425602635N00914369EA0000001201
B1403495602628N00914566EA0000001197
B1403575602621N00914785EA0000001193
B1404025602617N00914922EA0000001189
B1404125602613N00915188EA0000001183
B1404215602600N00915424EA0000001175
B1404265602597N00915553EA0000001166
B1404315602603N00915683EA0000001159
B1404375602619N00915843EA0000001156
B1404425602642N00915971EA0000001157
B1404475602655N00916102EA0000001174
B1404535602651N00916239EA0000001190
B1404585602583N00916311EA0000001190
B1405035602502N00916251EA0000001212
B1405085602492N00916103EA0000001219
B1405135602545N00916057EA0000001233
B1405185602560N00916145EA0000001245
B1405235602499N00916217EA0000001253
B1405285602417N00916170EA0000001270
B1405335602384N00916037EA0000001268
B1405385602417N00915903EA0000001277
B1405435602469N00915886EA0000001296
B1405495602494N00915985EA0000001301
B1405595602459N00916209EA0000001292
B1406055602441N00916383EA0000001294
B1406105602428N00916531EA0000001294
B1406165602414N00916711EA0000001286
B1406235602398N00916909EA0000001290
B1406295602382N00917073EA0000001278
B1406395602368N00917367EA0000001274
B1406445602362N00917516EA0000001274
B1406515602353N00917716EA0000001265
B1407075602320N00918165EA0000001241
B1407125602305N00918311EA0000001239
B1407175602286N00918449EA0000001237
B1407435602164N00919149EA0000001213
B1407495602145N00919305EA0000001209
B1408035602076N00919672EA0000001207
B1408105602036N00919836EA0000001228
B1408175601975N00919972EA0000001204
B1408225601927N00920097EA0000001188
B1408365601786N00920452EA0000001171
B1408445601714N00920650EA0000001176
B1408505601672N00920792EA0000001177
B1408555601634N00920907EA0000001171
B1409025601563N00921065EA0000001158
B1409075601510N00921183EA0000001151
B1409185601415N00921440EA0000001151
B1409265601324N00921623EA0000001125
B1409345601217N00921780EA0000001127
B1409395601154N00921862EA0000001125
B1409465601050N00921951EA0000001122
B1409515600961N00921992EA0000001122
B1409575600864N00922039EA0000001131
B1410025600784N00922066EA0000001124
B1410085600676N00922085EA0000001113
B1410395600564N00922859EA0000001056
B1410535600584N00923233EA0000001044
B1411075600577N00923601EA0000001045
B1411135600572N00923745EA0000001062
B1411195600566N00923886EA0000001053
B1411335600596N00924234EA0000001034
B1411395600618N00924381EA0000001034
B1411525600661N00924699EA0000001028
B1412175600787N00925262EA0000000993
B1412265600849N00925455EA0000001004
B1412585600816N00925563EA0000001061
B1413225600768N00925461EA0000001110
B1413315600862N00925438EA0000001122
B1413365600842N00925532EA0000001136
B1413465600715N00925402EA0000001152
B1413525600749N00925262EA0000001163
B1413585600819N00925286EA0000001168
B1414045600800N00925389EA0000001183
B1414215600665N00925108EA0000001200
B1414315600779N00925100EA0000001217
B1414395600736N00925228EA0000001228
B1414525600603N00924964EA0000001247
B1415025600666N00924695EA0000001231
B1415115600740N00924406EA0000001217
B1415215600825N00924060EA0000001196
B1415295600882N00923789EA0000001197
B1415345600915N00923611EA0000001177
B1415445600991N00923236EA0000001165
B1415585601099N00922722EA0000001150
B1416225601288N00921885EA0000001130
B1416355601379N00921453EA0000001119
B1416425601415N00921208EA0000001112
B1416475601435N00921025EA0000001099
B1416555601455N00920721EA0000001094
B1417025601468N00920458EA0000001084
B1417075601476N00920266EA0000001075
B1417145601488N00919985EA0000001064
B1417205601497N00919740EA0000001055
B1417295601505N00919372EA0000001046
B1417355601503N00919124EA0000001037
B1417405601499N00918915EA0000001033
B1417455601496N00918708EA0000001038
B1417555601495N00918337EA0000001042
B1418025601505N00918070EA0000001029
B1418075601518N00917880EA0000001031
B1418125601531N00917695EA0000001035
B1418185601550N00917471EA0000001031
B1418255601568N00917208EA0000001030
B1418315601581N00916988EA0000001023
B1418375601592N00916772EA0000001019
B1418445601603N00916520EA0000001013
B1418515601623N00916265EA0000001005
B1418575601648N00916046EA0000000999
B1419035601675N00915828EA0000000989
B1419085601698N00915646EA0000000986
B1419145601724N00915435EA0000000982
B1419245601762N00915078EA0000000964
B1419315601786N00914825EA0000000961
B1419375601804N00914604EA0000000954
B1419445601823N00914355EA0000000956
B1419505601827N00914143EA0000000954
B1419555601833N00913972EA0000000970
B1420025601834N00913771EA0000000986
B1420075601885N00913665EA0000000966
B1420125601962N00913664EA0000000977
B1420175602006N00913754EA0000000987
B1420225601972N00913861EA0000000994
B1420275601890N00913840EA0000000996
B1420335601860N00913659EA0000001013
B1420395601926N00913607EA0000001017
B1420445601924N00913711EA0000001025
B1420495601848N00913711EA0000001029
B1420545601816N00913570EA0000001035
B1420595601863N00913485EA0000001044
B1421045601902N00913553EA0000001047
B1421095601856N00913631EA0000001053
B1421145601781N00913569EA0000001055
B1421195601773N00913423EA0000001068
B1421245601830N00913379EA0000001065
B1421305601847N00913496EA0000001074
B1421355601781N00913539EA0000001083
B1421405601714N00913449EA0000001088
B1421465601723N00913281EA0000001097
B1421515601781N00913262EA0000001098
B1421565601796N00913362EA0000001104
B1422015601745N00913428EA0000001113
B1422065601666N00913386EA0000001121
B1422115601621N00913261EA0000001123
B1422185601667N00913087EA0000001126
B1422235601725N00913111EA0000001127
B1422285601719N00913226EA0000001129
B1422335601647N00913262EA0000001148
B1422395601573N00913137EA0000001147
B1422445601572N00912990EA0000001159
B1422495601623N00912910EA0000001154
B1422545601677N00912946EA0000001162
B1422595601668N00913049EA0000001154
B1423045601591N00913089EA0000001160
B1423095601524N00912994EA0000001170
B1423145601495N00912852EA0000001176
B1423205601473N00912673EA0000001174
B1423255601453N00912508EA0000001158
B1423305601434N00912322EA0000001143
B1423355601413N00912125EA0000001142
B1423415601382N00911893EA0000001137
B1423465601351N00911694EA0000001122
B1423515601322N00911486EA0000001115
B1423565601290N00911296EA0000001124
B1424015601258N00911121EA0000001111
B1424065601227N00910923EA0000001082
B1424125601196N00910666EA0000001075
B1424225601140N00910252EA0000001063
B1424275601113N00910050EA0000001062
B1424335601085N00909809EA0000001058
B1424385601068N00909609EA0000001053
B1424445601051N00909373EA0000001047
B1424495601036N00909182EA0000001044
B1424585601011N00908850EA0000001030
B1425035600997N00908666EA0000001027
B1425085600980N00908481EA0000001025
B1425145600963N00908250EA0000001011
B1425215600942N00907962EA0000001000
B1425275600918N00907729EA0000001005
B1425335600900N00907499EA0000000995
B1425395600887N00907268EA0000000998
B1425445600870N00907085EA0000000998
B1425495600845N00906909EA0000000994
B1425545600817N00906736EA0000000985
B1425595600790N00906564EA0000000973
B1426055600768N00906351EA0000000956
B1426105600754N00906170EA0000000957
B1426165600761N00905965EA0000000955
B1426225600781N00905761EA0000000957
B1426285600798N00905571EA0000000969
B1426335600813N00905414EA0000000967
B1426385600831N00905250EA0000000952
B1426435600828N00905069EA0000000943
B1426485600804N00904887EA0000000933
B1426535600774N00904704EA0000000928
B1427005600728N00904443EA0000000928
B1427055600686N00904264EA0000000940
B1427115600632N00904075EA0000000960
B1427165600595N00903927EA0000000951
B1427225600559N00903715EA0000000933
B1427275600523N00903526EA0000000931
B1427325600488N00903340EA0000000936
B1427385600454N00903117EA0000000938
B1427445600433N00902897EA0000000936
B1427495600417N00902711EA0000000931
B1427545600405N00902524EA0000000933
B1427595600382N00902338EA0000000937
B1428045600365N00902159EA0000000934
B1428105600354N00901938EA0000000918
B1428155600351N00901746EA0000000906
B1428235600356N00901443EA0000000897
B1428305600369N00901183EA0000000888
B1428365600386N00900962EA0000000877
B1428435600409N00900705EA0000000871
B1428485600423N00900524EA0000000865
B1428555600444N00900269EA0000000854
B1429015600462N00900047EA0000000847
B1429065600477N00859866EA0000000842
B1429115600497N00859689EA0000000835
B1429175600523N00859483EA0000000833
B1429225600545N00859315EA0000000828
B1429305600576N00859046EA0000000823
B1429355600600N00858886EA0000000817
B1429425600640N00858674EA0000000805
B1429485600676N00858494EA0000000800
B1429565600712N00858248EA0000000790
B1430045600727N00857977EA0000000784
B1430125600716N00857693EA0000000789
B1430175600666N00857546EA0000000786
B1430225600588N00857449EA0000000779
B1430285600480N00857377EA0000000765
B1430335600385N00857338EA0000000759
B1430395600272N00857292EA0000000758
B1430465600145N00857211EA0000000753
B1430555559985N00857070EA0000000747
B1431005559912N00856950EA0000000746
B1431075559860N00856711EA0000000737
B1431125559851N00856522EA0000000729
B1431175559843N00856329EA0000000724
B1431255559810N00856031EA0000000725
B1431315559773N00855813EA0000000724
B1431365559744N00855640EA0000000724
B1431425559713N00855432EA0000000714
B1431495559718N00855190EA0000000711
B1431545559754N00855042EA0000000709
B1431595559804N00854913EA0000000709
B1432055559858N00854760EA0000000714
B1432105559907N00854650EA0000000712
B1432165559977N00854539EA0000000704
B1432215600048N00854468EA0000000691
B1432265600123N00854411EA0000000689
B1432325600211N00854337EA0000000692
B1432375600284N00854275EA0000000691
B1432435600367N00854212EA0000000701
B1432485600434N00854173EA0000000710
B1432535600490N00854153EA0000000710
B1433005600545N00854260EA0000000687
B1433075600594N00854387EA0000000687
B1433135600638N00854488EA0000000674
B1433185600672N00854585EA0000000661
B1433245600704N00854705EA0000000653
B1433335600748N00854888EA0000000635
B1433395600783N00855001EA0000000624
B1433445600812N00855094EA0000000612
B1433495600840N00855194EA0000000602
B1433565600890N00855329EA0000000603
B1434035600954N00855442EA0000000607
B1434095600986N00855542EA0000000616
B1434145600974N00855645EA0000000605
B1434195600933N00855755EA0000000606
B1434245600886N00855853EA0000000626
B1434295600807N00855856EA0000000626
B1434355600778N00855688EA0000000637
B1434405600841N00855634EA0000000639
B1434455600877N00855713EA0000000648
B1434505600836N00855794EA0000000656
B1434585600769N00855630EA0000000661
B1435035600836N00855579EA0000000667
B1435085600857N00855670EA0000000683
B1435135600791N00855705EA0000000691
B1435185600746N00855582EA0000000701
B1435235600790N00855474EA0000000704
B1435285600843N00855516EA0000000718
B1435335600819N00855607EA0000000724
B1435385600746N00855572EA0000000735
B1435435600730N00855434EA0000000744
B1435485600784N00855361EA0000000745
B1435535600826N00855428EA0000000756
B1435585600786N00855511EA0000000763
B1436035600712N00855454EA0000000770
B1436085600702N00855310EA0000000779
B1436135600761N00855256EA0000000780
B1436185600790N00855343EA0000000792
B1436235600738N00855407EA0000000802
B1436285600672N00855321EA0000000805
B1436335600678N00855181EA0000000814
B1436385600737N00855146EA0000000816
B1436445600752N00855254EA0000000829
B1436495600683N00855271EA0000000830
B1436545600642N00855144EA0000000837
B1436595600681N00855039EA0000000840
B1437045600734N00855077EA0000000846
B1437095600728N00855176EA0000000855
B1437145600658N00855185EA0000000859
B1437195600618N00855056EA0000000860
B1437245600656N00854947EA0000000866
B1437305600719N00854989EA0000000871
B1437355600696N00855082EA0000000877
B1437405600621N00855051EA0000000877
B1437465600614N00854877EA0000000879
B1437515600676N00854839EA0000000886
B1437565600701N00854926EA0000000895
B1438025600630N00854979EA0000000901
B1438075600576N00854868EA0000000899
B1438125600605N00854743EA0000000904
B1438185600673N00854742EA0000000917
B1438235600677N00854826EA0000000912
B1438285600605N00854869EA0000000914
B1438345600541N00854739EA0000000922
B1438395600572N00854614EA0000000920
B1438445600636N00854595EA0000000932
B1438515600661N00854711EA0000000922
B1438565600600N00854777EA0000000929
B1439035600492N00854728EA0000000941
B1439105600401N00854596EA0000000935
B1439155600346N00854486EA0000000933
B1439225600292N00854288EA0000000926
B1439295600263N00854076EA0000000935
B1439345600240N00853928EA0000000938
B1439405600150N00853861EA0000000937
B1439455600109N00853953EA0000000956
B1439505600155N00854002EA0000000959
B1439555600204N00853889EA0000000962
B1440005600163N00853757EA0000000975
B1440055600090N00853779EA0000000978
B1440105600097N00853872EA0000000994
B1440175600171N00853794EA0000000996
B1440225600148N00853645EA0000001005
B1440275600070N00853630EA0000001018
B1440325600055N00853724EA0000001025
B1440375600113N00853742EA0000001034
B1440425600149N00853623EA0000001051
B1440475600105N00853505EA0000001048
B1440525600030N00853532EA0000001059
B1440575600029N00853624EA0000001072
B1441025600088N00853626EA0000001078
B1441075600111N00853497EA0000001091
B1441125600048N00853408EA0000001090
B1441175559984N00853461EA0000001104
B1441225559997N00853547EA0000001111
B1441285600065N00853505EA0000001122
B1441335600058N00853368EA0000001123
B1441395559970N00853321EA0000001134
B1441445559928N00853403EA0000001137
B1441495559950N00853490EA0000001143
B1441555600018N00853444EA0000001141
B1442005600011N00853300EA0000001157
B1442055559942N00853243EA0000001161
B1442105559898N00853339EA0000001163
B1442155559933N00853410EA0000001173
B1442225559977N00853263EA0000001176
B1442275559920N00853160EA0000001191
B1442325559848N00853168EA0000001200
B1442385559822N00853287EA0000001193
B1442435559861N00853340EA0000001208
B1442485559910N00853298EA0000001200
B1442535559960N00853222EA0000001201
B1442595600027N00853172EA0000001198
B1443075600118N00853225EA0000001187
B1443165600225N00853344EA0000001168
B1443225600294N00853445EA0000001164
B1443315600394N00853603EA0000001153
B1443365600454N00853690EA0000001160
B1443415600515N00853781EA0000001154
B1443465600573N00853874EA0000001150
B1443545600666N00853999EA0000001148
B1443595600725N00854068EA0000001149
B1444065600790N00854200EA0000001151
B1444135600832N00854325EA0000001166
B1444185600859N00854424EA0000001152
B1444235600888N00854547EA0000001132
B1444295600908N00854725EA0000001124
B1444355600934N00854899EA0000001118
B1444405600962N00855038EA0000001114
B1444475601005N00855218EA0000001111
B1444575601081N00855449EA0000001098
B1445055601137N00855618EA0000001103
B1445125601190N00855758EA0000001088
B1445175601237N00855860EA0000001085
B1445225601287N00855955EA0000001088
B1445285601348N00856062EA0000001083
B1445355601415N00856202EA0000001079
B1445425601481N00856345EA0000001075
B1445475601525N00856443EA0000001081
B1445545601583N00856577EA0000001087
B1445595601626N00856662EA0000001103
B1446045601670N00856725EA0000001120
B1446105601688N00856842EA0000001119
B1446155601626N00856917EA0000001124
B1446205601552N00856859EA0000001129
B1446255601534N00856721EA0000001127
B1446305601580N00856613EA0000001127
B1446355601642N00856597EA0000001143
B1446405601670N00856683EA0000001142
B1446455601619N00856778EA0000001139
B1446505601533N00856731EA0000001138
B1446555601515N00856582EA0000001146
B1447005601568N00856493EA0000001146
B1447055601629N00856519EA0000001161
B1447105601645N00856615EA0000001164
B1447155601589N00856705EA0000001143
B1447205601503N00856666EA0000001143
B1447265601482N00856499EA0000001150
B1447315601538N00856436EA0000001150
B1447365601594N00856494EA0000001155
B1447415601636N00856596EA0000001138
B1447475601700N00856719EA0000001126
B1447535601770N00856832EA0000001121
B1448005601852N00856955EA0000001120
B1448065601922N00857054EA0000001120
B1448135601998N00857177EA0000001129
B1448195602052N00857296EA0000001136
B1448245602097N00857380EA0000001144
B1448295602149N00857439EA0000001139
B1448345602208N00857500EA0000001138
B1448395602268N00857565EA0000001150
B1448445602328N00857608EA0000001164
B1448515602409N00857642EA0000001185
B1448575602479N00857670EA0000001183
B1449035602551N00857717EA0000001182
B1449105602640N00857807EA0000001174
B1449155602708N00857876EA0000001178
B1449205602776N00857942EA0000001180
B1449265602861N00858016EA0000001170
B1449315602936N00858083EA0000001161
B1449365603010N00858150EA0000001156
B1449415603085N00858212EA0000001152
B1449465603159N00858276EA0000001148
B1449525603246N00858352EA0000001145
B1449575603317N00858410EA0000001141
B1450025603388N00858464EA0000001132
B1450095603483N00858553EA0000001128
B1450155603561N00858629EA0000001123
B1450225603653N00858722EA0000001116
B1450305603760N00858835EA0000001103
B1450365603848N00858892EA0000001099
B1450415603926N00858923EA0000001093
B1450495604047N00858982EA0000001085
B1450565604143N00859044EA0000001081
B1451025604222N00859101EA0000001068
B1451085604301N00859163EA0000001078
B1451135604364N00859219EA0000001084
B1451185604415N00859290EA0000001082
B1451255604472N00859411EA0000001075
B1451325604520N00859541EA0000001072
B1451385604567N00859648EA0000001063
B1451435604612N00859730EA0000001064
B1451495604664N00859830EA0000001067
B1451545604711N00859906EA0000001069
B1452005604770N00859995EA0000001067
B1452065604827N00900096EA0000001061
B1452125604863N00900227EA0000001053
B1452175604870N00900353EA0000001049
B1452235604850N00900509EA0000001043
B1452295604807N00900660EA0000001037
B1452365604741N00900825EA0000001036
B1452445604657N00901017EA0000001027
B1452515604578N00901177EA0000001026
B1452575604517N00901318EA0000001023
B1453025604465N00901437EA0000001017
B1453095604391N00901600EA0000001015
B1453145604342N00901715EA0000001014
B1453195604291N00901828EA0000001010
B1453265604210N00901984EA0000001004
B1453335604126N00902137EA0000001002
B1453425604032N00902346EA0000000992
B1453495603961N00902512EA0000000985
B1453555603896N00902652EA0000000980
B1454055603784N00902873EA0000000970
B1454125603692N00903021EA0000000963
B1454175603620N00903119EA0000000958
B1454235603536N00903237EA0000000954
B1454295603462N00903361EA0000000949
B1454345603404N00903468EA0000000946
B1454405603333N00903591EA0000000940
B1454455603267N00903686EA0000000929
B1454515603184N00903799EA0000000914
B1454565603114N00903888EA0000000906
B1455015603039N00903969EA0000000895
B1455075602948N00904067EA0000000884
B1455145602849N00904191EA0000000874
B1455195602783N00904284EA0000000865
B1455265602692N00904420EA0000000853
B1455335602604N00904561EA0000000848
B1455385602547N00904664EA0000000846
B1455435602499N00904774EA0000000839
B1455485602455N00904889EA0000000831
B1455545602408N00905035EA0000000825
B1456015602360N00905206EA0000000819
B1456075602326N00905358EA0000000814
B1456125602311N00905487EA0000000817
B1456175602297N00905612EA0000000825
B1456225602286N00905723EA0000000837
B1456285602283N00905842EA0000000836
B1456335602254N00905945EA0000000833
B1456385602181N00905984EA0000000840
B1456435602110N00905875EA0000000839
B1456485602113N00905693EA0000000846
B1456545602184N00905630EA0000000866
B1456595602196N00905716EA0000000864
B1457045602133N00905756EA0000000881
B1457095602074N00905652EA0000000879
B1457145602088N00905492EA0000000887
B1457195602144N00905474EA0000000885
B1457245602134N00905574EA0000000887
B1457315602034N00905526EA0000000903
B1457365602021N00905362EA0000000907
B1457415602071N00905280EA0000000917
B1457465602108N00905327EA0000000910
B1457515602088N00905416EA0000000916
B1457565602023N00905430EA0000000923
B1458025601957N00905288EA0000000924
B1458075602001N00905171EA0000000920
B1458125602048N00905220EA0000000919
B1458175602024N00905307EA0000000926
B1458225601948N00905307EA0000000928
B1458275601891N00905181EA0000000936
B1458325601917N00905038EA0000000939
B1458385601980N00905033EA0000000941
B1458435601985N00905119EA0000000938
B1458485601956N00905202EA0000000942
B1458545601902N00905295EA0000000947
B1458595601859N00905377EA0000000946
B1459065601789N00905485EA0000000943
B1459125601705N00905546EA0000000940
B1459175601624N00905576EA0000000931
B1459225601537N00905601EA0000000924
B1459295601416N00905625EA0000000923
B1459375601273N00905633EA0000000911
B1459435601162N00905610EA0000000900
B1459515601019N00905580EA0000000900
B1459565600933N00905571EA0000000902
B1500025600829N00905554EA0000000894
B1500075600742N00905539EA0000000901
B1500135600641N00905507EA0000000918
B1500195600555N00905418EA0000000923
B1500245600496N00905303EA0000000919
B1500295600418N00905229EA0000000912
B1500345600336N00905239EA0000000909
B1500395600293N00905338EA0000000908
B1500445600318N00905434EA0000000912
B1500495600381N00905457EA0000000918
B1500565600469N00905406EA0000000928
B1501015600517N00905305EA0000000930
B1501065600512N00905143EA0000000920
B1501115600442N00905027EA0000000928
B1501165600364N00905023EA0000000932
B1501215600315N00905103EA0000000929
B1501265600312N00905213EA0000000923
B1501325600335N00905345EA0000000927
B1501375600352N00905450EA0000000947
B1501425600344N00905541EA0000000949
B1501475600269N00905576EA0000000945
B1501525600200N00905487EA0000000958
B1501575600195N00905348EA0000000961
B1502025600244N00905276EA0000000974
B1502085600279N00905345EA0000000971
B1502135600219N00905413EA0000000974
B1502185600147N00905333EA0000000977
B1502235600148N00905188EA0000000986
B1502285600204N00905143EA0000000995
B1502345600226N00905237EA0000001000
B1502395600161N00905292EA0000000997
B1502445600088N00905212EA0000001001
B1502505600088N00905043EA0000001012
B1502555600140N00904981EA0000001017
B1503005600186N00905023EA0000001025
B1503055600168N00905120EA0000001021
B1503105600088N00905128EA0000001018
B1503155600038N00904996EA0000001027
B1503205600057N00904867EA0000001040
B1503255600116N00904832EA0000001036
B1503315600128N00904952EA0000001033
B1503365600044N00904980EA0000001043
B1503415559978N00904861EA0000001046
B1503465559995N00904707EA0000001056
B1503515600059N00904667EA0000001059
B1503575600090N00904779EA0000001061
B1504025600025N00904859EA0000001065
B1504075559937N00904800EA0000001065
B1504125559902N00904637EA0000001079
B1504175559933N00904500EA0000001080
B1504225600002N00904469EA0000001082
B1504275600048N00904533EA0000001094
B1504325600038N00904635EA0000001095
B1504375559960N00904667EA0000001093
B1504425559886N00904567EA0000001098
B1504475559879N00904407EA0000001106
B1504525559932N00904309EA0000001112
B1504575559991N00904325EA0000001120
B1505035600002N00904447EA0000001120
B1505085559944N00904516EA0000001127
B1505135559863N00904483EA0000001123
B1505185559806N00904356EA0000001127
B1505235559803N00904208EA0000001140
B1505285559843N00904102EA0000001136
B1505345559918N00904079EA0000001140
B1505425559973N00904188EA0000001146
B1505495600002N00904311EA0000001142
B1505565600020N00904461EA0000001134
B1506015600036N00904592EA0000001110
B1506075600065N00904774EA0000001098
B1506165600103N00905043EA0000001099
B1506265600137N00905334EA0000001087
B1506315600151N00905479EA0000001079
B1506385600166N00905680EA0000001078
B1506435600178N00905818EA0000001076
B1506485600189N00905954EA0000001081
B1506545600203N00906095EA0000001087
B1506595600217N00906208EA0000001072
B1507065600238N00906396EA0000001054
B1507155600264N00906631EA0000001053
B1507225600294N00906811EA0000001036
B1507315600347N00907046EA0000001028
B1507365600374N00907173EA0000001026
B1507435600422N00907339EA0000001011
B1507525600517N00907540EA0000000993
B1507575600572N00907646EA0000000999
B1508025600624N00907746EA0000001000
B1508085600687N00907870EA0000000981
B1508135600737N00907982EA0000000972
B1508185600789N00908087EA0000000981
B1508235600842N00908184EA0000000999
B1508305600912N00908297EA0000001014
B1508355600956N00908375EA0000001021
B1508425601021N00908492EA0000001013
B1508485601086N00908598EA0000001007
B1508535601141N00908688EA0000001000
B1508595601204N00908805EA0000000995
B1509065601269N00908949EA0000001004
B1509115601313N00909054EA0000000999
B1509195601399N00909211EA0000000981
B1509265601487N00909341EA0000000972
B1509315601551N00909429EA0000000969
B1509395601648N00909570EA0000000979
B1509445601705N00909641EA0000000999
B1509505601769N00909699EA0000001015
B1509565601830N00909746EA0000001016
B1510025601885N00909832EA0000001007
B1510075601927N00909926EA0000000999
B1510125601968N00910027EA0000001000
B1510195602023N00910170EA0000001004
B1510255602072N00910285EA0000001036
B1510305602125N00910316EA0000001043
B1510365602157N00910159EA0000001041
B1510415602092N00910072EA0000001063
B1510465602044N00910141EA0000001074
B1510515602081N00910215EA0000001084
B1510565602132N00910130EA0000001088
B1511015602105N00909987EA0000001100
B1511065602033N00909979EA0000001115
B1511115602021N00910075EA0000001124
B1511165602081N00910093EA0000001126
B1511235602108N00909900EA0000001137
B1511285602045N00909810EA0000001153
B1511335601987N00909851EA0000001170
B1511385601992N00909942EA0000001178
B1511435602050N00909954EA0000001181
B1511485602086N00909828EA0000001176
B1511545602030N00909680EA0000001205
B1511595601967N00909698EA0000001215
B1512045601958N00909794EA0000001227
B1512105602012N00909877EA0000001214
B1512165602080N00909978EA0000001203
B1512235602157N00910104EA0000001203
B1512295602223N00910202EA0000001206
B1512355602287N00910299EA0000001204
B1512415602359N00910393EA0000001191
B1512465602416N00910475EA0000001206
B1512515602471N00910556EA0000001206
B1512595602558N00910692EA0000001205
B1513055602621N00910786EA0000001207
B1513145602724N00910925EA0000001187
B1513195602784N00911009EA0000001180
B1513255602853N00911117EA0000001176
B1513325602932N00911233EA0000001177
B1513405603022N00911358EA0000001172
B1513465603090N00911444EA0000001173
B1513525603161N00911518EA0000001170
B1514035603281N00911673EA0000001181
B1514095603318N00911801EA0000001185
B1514155603333N00911945EA0000001194
B1514235603338N00912135EA0000001198
B1514345603366N00912420EA0000001182
B1514405603391N00912576EA0000001183
B1514495603435N00912793EA0000001172
B1514545603462N00912914EA0000001168
B1514595603487N00913037EA0000001172
B1515045603507N00913153EA0000001184
B1515095603529N00913255EA0000001198
B1515185603573N00913451EA0000001185
B1515315603584N00913796EA0000001166
B1515365603568N00913933EA0000001163
B1515445603529N00914150EA0000001159
B1515525603482N00914364EA0000001148
B1515575603455N00914502EA0000001140
B1516075603393N00914780EA0000001138
B1516135603356N00914944EA0000001136
B1516195603315N00915105EA0000001132
B1516245603278N00915234EA0000001130
B1516295603239N00915357EA0000001128
B1516375603180N00915548EA0000001124
B1516435603145N00915695EA0000001122
B1516485603119N00915823EA0000001118
B1516575603061N00916051EA0000001121
B1517045603027N00916232EA0000001117
B1517115602999N00916415EA0000001112
B1517165602984N00916542EA0000001108
B1517225602969N00916689EA0000001105
B1517275602948N00916807EA0000001097
B1517365602901N00917018EA0000001090
B1517415602872N00917131EA0000001089
B1517465602848N00917248EA0000001108
B1517515602835N00917343EA0000001140
B1518035602806N00917554EA0000001144
B1518095602813N00917668EA0000001147
B1518145602831N00917753EA0000001150
B1518205602856N00917858EA0000001153
B1518265602882N00917973EA0000001154
B1518395602946N00918232EA0000001145
B1518455602988N00918370EA0000001133
B1518515603041N00918503EA0000001133
B1519045603155N00918791EA0000001115
B1519095603204N00918892EA0000001114
B1519145603253N00918989EA0000001112
B1519195603303N00919091EA0000001109
B1519255603365N00919218EA0000001111
B1519315603425N00919342EA0000001126
B1519365603476N00919427EA0000001130
B1519465603582N00919603EA0000001127
B1519555603663N00919800EA0000001135
B1520015603707N00919935EA0000001134
B1520075603758N00920081EA0000001121
B1520135603808N00920233EA0000001123
B1520205603850N00920417EA0000001118
B1520255603881N00920550EA0000001119
B1520315603926N00920692EA0000001122
B1520365603967N00920808EA0000001117
B1520425604016N00920948EA0000001111
B1520485604060N00921097EA0000001105
B1520545604099N00921253EA0000001123
B1521035604144N00921474EA0000001131
B1521095604164N00921633EA0000001120
B1521145604180N00921770EA0000001115
B1521205604202N00921930EA0000001118
B1521255604223N00922062EA0000001123
B1521305604247N00922192EA0000001136
B1521355604266N00922321EA0000001144
B1521405604280N00922443EA0000001150
B1521475604289N00922619EA0000001150
B1521535604241N00922766EA0000001150
B1521585604155N00922818EA0000001148
B1522035604061N00922763EA0000001138
B1522095604002N00922580EA0000001125
B1522145604006N00922401EA0000001109
B1522195604022N00922216EA0000001104
B1522265604034N00921959EA0000001102
B1522335604028N00921704EA0000001100
B1522395604014N00921470EA0000001107
B1522445604005N00921284EA0000001118
B1522515603998N00921053EA0000001114
B1522585603997N00920820EA0000001097
B1523035603978N00920648EA0000001099
B1523095603948N00920444EA0000001113
B1523165603938N00920211EA0000001125
B1523235603957N00919972EA0000001115
B1523285603979N00919790EA0000001112
B1523335604000N00919601EA0000001105
B1523395604024N00919381EA0000001102
B1523455604052N00919168EA0000001100
B1523505604079N00918994EA0000001094
B1523565604107N00918793EA0000001096
B1524025604133N00918597EA0000001083
B1524075604164N00918435EA0000001071
B1524125604198N00918265EA0000001064
B1524185604228N00918045EA0000001060
B1524235604252N00917862EA0000001062
B1524305604277N00917593EA0000001047
B1524365604279N00917351EA0000001037
B1524435604262N00917069EA0000001034
B1524495604252N00916823EA0000001027
B1524555604246N00916571EA0000001022
B1525015604241N00916321EA0000001024
B1525115604258N00915907EA0000001012
B1525165604286N00915711EA0000001013
B1525225604320N00915484EA0000001010
B1525305604364N00915186EA0000001008
B1525365604399N00914968EA0000001000
B1525465604453N00914609EA0000000999
B1525515604486N00914441EA0000000993
B1525565604520N00914274EA0000000989
B1526025604554N00914073EA0000000990
B1526095604582N00913844EA0000000982
B1526155604607N00913644EA0000000971
B1526235604648N00913362EA0000000965
B1526285604668N00913194EA0000000972
B1526355604688N00912957EA0000000965
B1526405604714N00912782EA0000000970
B1526485604761N00912530EA0000000999
B1526535604794N00912383EA0000000986
B1527005604852N00912144EA0000000967
B1527055604884N00911969EA0000000966
B1527115604910N00911751EA0000000958
B1527165604921N00911559EA0000000950
B1527215604930N00911364EA0000000946
B1527275604940N00911134EA0000000944
B1527325604942N00910941EA0000000942
B1527445604945N00910482EA0000000932
B1527525604944N00910185EA0000000930
B1527585604940N00909967EA0000000929
B1528085604928N00909595EA0000000919
B1528145604923N00909368EA0000000916
B1528215604920N00909114EA0000000922
B1528275604917N00908899EA0000000919
B1528335604912N00908687EA0000000915
B1528395604916N00908483EA0000000916
B1528455604917N00908283EA0000000921
B1528515604900N00908082EA0000000911
B1528565604879N00907913EA0000000900
B1529025604849N00907706EA0000000899
B1529075604820N00907538EA0000000906
B1529135604782N00907349EA0000000915
B1529205604724N00907140EA0000000903
B1529265604664N00906956EA0000000906
B1529315604604N00906803EA0000000900
B1529375604536N00906613EA0000000905
B1529435604484N00906422EA0000000915
B1529505604432N00906209EA0000000917
B1529555604382N00906062EA0000000929
B1530005604326N00905927EA0000000933
B1530085604237N00905714EA0000000936
B1530145604180N00905545EA0000000928
B1530195604147N00905377EA0000000919
B1530245604129N00905197EA0000000928
B1530295604124N00905027EA0000000949
B1530385604122N00904743EA0000000964
B1530455604118N00904511EA0000000942
B1530505604119N00904328EA0000000929
B1530565604123N00904106EA0000000919
B1531065604126N00903735EA0000000903
B1531165604126N00903352EA0000000884
B1531235604110N00903085EA0000000873
B1531295604089N00902855EA0000000863
B1531365604069N00902584EA0000000853
B1531425604055N00902351EA0000000855
B1531475604044N00902167EA0000000853
B1531565604022N00901841EA0000000837
B1532025604003N00901622EA0000000833
B1532085603977N00901403EA0000000834
B1532135603953N00901223EA0000000841
B1532205603911N00900981EA0000000847
B1532255603877N00900821EA0000000855
B1532315603846N00900627EA0000000853
B1532375603814N00900425EA0000000856
B1532425603782N00900261EA0000000865
B1532485603747N00900072EA0000000866
B1532545603713N00859874EA0000000858
B1532595603690N00859705EA0000000851
B1533055603662N00859497EA0000000838
B1533125603624N00859242EA0000000825
B1533255603540N00858778EA0000000814
B1533335603484N00858488EA0000000808
B1533385603449N00858310EA0000000815
B1533455603392N00858074EA0000000822
B1533515603347N00857877EA0000000840
B1533565603321N00857720EA0000000843
B1534025603290N00857524EA0000000824
B1534105603249N00857241EA0000000822
B1534175603211N00857003EA0000000831
B1534225603184N00856842EA0000000829
B1534325603130N00856498EA0000000812
B1534385603092N00856278EA0000000813
B1534435603060N00856105EA0000000829
B1534515603017N00855858EA0000000830
B1534565602985N00855696EA0000000827
B1535025602943N00855494EA0000000820
B1535115602885N00855183EA0000000819
B1535165602858N00855004EA0000000816
B1535225602822N00854791EA0000000814
B1535285602780N00854586EA0000000812
B1535335602745N00854418EA0000000806
B1535395602704N00854208EA0000000793
B1535515602627N00853775EA0000000780
B1535565602595N00853598EA0000000778
B1536045602543N00853315EA0000000772
B1536135602478N00853015EA0000000771
B1536225602403N00852724EA0000000762
B1536275602363N00852565EA0000000751
B1536325602320N00852401EA0000000742
B1536405602254N00852146EA0000000744
B1536455602219N00851992EA0000000735
B1536505602183N00851833EA0000000726
B1536565602149N00851632EA0000000713
B1537055602097N00851325EA0000000706
B1537135602043N00851060EA0000000716
B1537195601997N00850870EA0000000726
B1537245601996N00850714EA0000000725
B1537315602090N00850648EA0000000712
B1537365602126N00850764EA0000000705
B1537415602098N00850899EA0000000699
B1537465602037N00851022EA0000000696
B1537525601970N00851170EA0000000707
B1537575601926N00851289EA0000000714
B1538045601882N00851462EA0000000700
B1538105601850N00851626EA0000000689
B1538185601820N00851855EA0000000686
B1538255601795N00852055EA0000000681
B1538305601770N00852194EA0000000676
B1538355601732N00852328EA0000000669
B1538405601677N00852451EA0000000661
B1538455601611N00852566EA0000000653
B1538505601547N00852681EA0000000648
B1538565601477N00852823EA0000000648
B1539025601414N00852949EA0000000654
B1539085601351N00853069EA0000000634
B1539135601288N00853185EA0000000612
B1539205601197N00853349EA0000000617
B1539275601113N00853504EA0000000619
B1539355601016N00853682EA0000000611
B1539405600953N00853797EA0000000615
B1539495600859N00853996EA0000000618
B1539555600795N00854121EA0000000608
B1540065600654N00854333EA0000000596
B1540115600585N00854415EA0000000589
B1540185600471N00854512EA0000000575
B1540245600374N00854594EA0000000571
B1540315600272N00854707EA0000000564
B1540395600169N00854871EA0000000556
B1540445600109N00854981EA0000000557
B1540505600039N00855114EA0000000553
B1540555559996N00855236EA0000000557
B1541015559971N00855391EA0000000568
B1541065559981N00855508EA0000000578
B1541115600042N00855503EA0000000583
B1541165600053N00855362EA0000000590
B1541215559982N00855286EA0000000594
B1541265559926N00855352EA0000000604
B1541315559947N00855431EA0000000611
B1541365600002N00855379EA0000000611
B1541415559986N00855239EA0000000612
B1541465559905N00855220EA0000000614
B1541515559878N00855316EA0000000627
B1541565559930N00855357EA0000000627
B1542025559971N00855220EA0000000639
B1542075559906N00855120EA0000000638
B1542125559842N00855180EA0000000651
B1542175559854N00855269EA0000000661
B1542225559915N00855249EA0000000659
B1542275559925N00855107EA0000000668
B1542325559850N00855027EA0000000665
B1542375559786N00855092EA0000000683
B1542425559791N00855182EA0000000691
B1542485559862N00855137EA0000000690
B1542535559844N00854992EA0000000700
B1542585559762N00854972EA0000000696
B1543035559740N00855078EA0000000712
B1543085559791N00855109EA0000000717
B1543145559824N00854954EA0000000723
B1543195559757N00854858EA0000000723
B1543245559690N00854922EA0000000731
B1543295559700N00855016EA0000000742
B1543345559763N00854991EA0000000740
B1543395559766N00854841EA0000000745
B1543445559687N00854778EA0000000747
B1543495559639N00854867EA0000000752
B1543545559674N00854942EA0000000764
B1543595559729N00854868EA0000000758
B1544045559713N00854714EA0000000768
B1544105559618N00854663EA0000000773
B1544155559572N00854753EA0000000779
B1544205559590N00854841EA0000000787
B1544255559650N00854825EA0000000781
B1544315559671N00854657EA0000000794
B1544365559611N00854556EA0000000799
B1544425559523N00854584EA0000000801
B1544475559497N00854678EA0000000807
B1544525559521N00854761EA0000000807
B1545005559589N00854845EA0000000828
B1545075559648N00854937EA0000000812
B1545125559700N00855017EA0000000799
B1545175559755N00855101EA0000000795
B1545245559837N00855212EA0000000793
B1545325559918N00855355EA0000000781
B1545375559962N00855456EA0000000787
B1545435600012N00855564EA0000000797
B1545485600051N00855657EA0000000795
B1545535600091N00855751EA0000000793
B1546005600148N00855884EA0000000798
B1546065600200N00855990EA0000000799
B1546135600256N00856114EA0000000810
B1546185600290N00856203EA0000000804
B1546235600326N00856303EA0000000802
B1546285600364N00856396EA0000000811
B1546345600409N00856503EA0000000813
B1546405600455N00856610EA0000000811
B1546495600524N00856785EA0000000812
B1546545600567N00856876EA0000000808
B1547015600634N00856998EA0000000804
B1547095600711N00857144EA0000000787
B1547145600757N00857245EA0000000778
B1547225600828N00857403EA0000000777
B1547285600884N00857518EA0000000777
B1547335600933N00857604EA0000000783
B1547385600983N00857680EA0000000782
B1547445601041N00857775EA0000000766
B1547525601118N00857911EA0000000755
B1547585601171N00858026EA0000000753
B1548055601233N00858174EA0000000747
B1548105601279N00858280EA0000000746
B1548155601320N00858388EA0000000749
B1548215601365N00858511EA0000000757
B1548265601396N00858609EA0000000764
B1548385601473N00858843EA0000000788
B1548435601514N00858920EA0000000808
B1548485601561N00858981EA0000000800
B1548545601627N00859072EA0000000795
B1548595601683N00859155EA0000000792
B1549045601738N00859239EA0000000785
B1549095601798N00859313EA0000000777
B1549145601857N00859393EA0000000767
B1549205601931N00859493EA0000000763
B1549255601992N00859581EA0000000770
B1549315602063N00859683EA0000000772
B1549395602158N00859793EA0000000793
B1549465602238N00859841EA0000000806
B1549525602311N00859895EA0000000794
B1549575602375N00859948EA0000000793
B1550025602444N00859998EA0000000792
B1550085602524N00900064EA0000000792
B1550165602627N00900175EA0000000794
B1550215602694N00900239EA0000000797
B1550275602771N00900304EA0000000807
B1550365602884N00900389EA0000000808
B1550425602964N00900444EA0000000793
B1550485603054N00900502EA0000000789
B1550555603154N00900554EA0000000793
B1551025603252N00900617EA0000000779
B1551085603335N00900689EA0000000774
B1551165603441N00900796EA0000000770
B1551225603519N00900894EA0000000776
B1551275603583N00900971EA0000000788
B1551345603670N00901064EA0000000794
B1551435603791N00901165EA0000000773
B1551485603858N00901232EA0000000767
B1551595603999N00901394EA0000000765
B1552055604075N00901471EA0000000763
B1552105604140N00901536EA0000000756
B1552155604201N00901614EA0000000757
B1552235604275N00901758EA0000000763
B1552285604308N00901858EA0000000767
B1552355604362N00901979EA0000000772
B1552405604422N00902021EA0000000769
B1552465604510N00902056EA0000000763
B1552515604580N00902092EA0000000775
B1552585604664N00902125EA0000000784
B1553035604725N00902156EA0000000761
B1553095604810N00902204EA0000000753
B1553145604881N00902239EA0000000749
B1553195604950N00902277EA0000000747
B1553265605042N00902342EA0000000737
B1553315605110N00902395EA0000000730
B1553365605174N00902456EA0000000729
B1553415605234N00902519EA0000000729
B1553465605296N00902572EA0000000726
B1553525605373N00902635EA0000000721
B1553585605418N00902743EA0000000719
B1554035605408N00902859EA0000000713
B1554105605331N00903001EA0000000705
B1554165605251N00903106EA0000000701
B1554225605173N00903213EA0000000694
B1554275605104N00903297EA0000000690
B1554325605033N00903379EA0000000684
B1554405604923N00903517EA0000000680
B1554455604854N00903605EA0000000676
B1554505604786N00903696EA0000000673
B1554555604718N00903787EA0000000670
B1555015604637N00903897EA0000000662
B1555065604569N00903994EA0000000658
B1555115604506N00904093EA0000000657
B1555175604431N00904212EA0000000650
B1555225604369N00904314EA0000000646
B1555295604283N00904452EA0000000641
B1555365604196N00904579EA0000000637
B1555435604091N00904675EA0000000629
B1555505603969N00904748EA0000000627
B1555555603883N00904797EA0000000625
B1556015603783N00904863EA0000000616
B1556065603701N00904929EA0000000611
B1556115603617N00904995EA0000000608
B1556165603532N00905053EA0000000619
B1556215603461N00905104EA0000000642
B1556265603393N00905133EA0000000629
B1556325603294N00905173EA0000000605
B1556415603139N00905254EA0000000589
B1556465603055N00905306EA0000000585
B1556535602941N00905383EA0000000583
B1557015602815N00905478EA0000000577
B1557095602690N00905562EA0000000576
B1557145602614N00905613EA0000000575
B1557195602541N00905669EA0000000571
B1557245602469N00905727EA0000000564
B1557325602347N00905815EA0000000555
B1557385602260N00905891EA0000000554
B1557475602132N00906020EA0000000551
B1557525602057N00906085EA0000000554
B1557585601964N00906147EA0000000570
B1558035601892N00906173EA0000000578
B1558085601827N00906076EA0000000573
B1558135601842N00905927EA0000000577
B1558185601905N00905910EA0000000585
B1558235601914N00906006EA0000000593
B1558285601846N00906033EA0000000595
B1558335601800N00905913EA0000000605
B1558385601829N00905798EA0000000609
B1558435601883N00905818EA0000000612
B1558485601875N00905913EA0000000622
B1558535601809N00905933EA0000000625
B1558585601758N00905820EA0000000629
B1559035601775N00905689EA0000000636
B1559085601832N00905661EA0000000639
B1559135601862N00905739EA0000000642
B1559185601830N00905830EA0000000651
B1559235601760N00905812EA0000000655
B1559295601732N00905644EA0000000658
B1559345601785N00905566EA0000000668
B1559395601825N00905628EA0000000668
B1559445601798N00905720EA0000000679
B1559495601728N00905706EA0000000679
B1559545601680N00905580EA0000000684
B1559595601690N00905440EA0000000697
B1600045601743N00905381EA0000000698
B1600105601799N00905449EA0000000702
B1600155601782N00905546EA0000000708
B1600205601713N00905559EA0000000713
B1600255601666N00905441EA0000000711
B1600305601689N00905298EA0000000718
B1600355601750N00905269EA0000000726
B1600405601782N00905345EA0000000733
B1600455601747N00905432EA0000000730
B1600505601670N00905409EA0000000737
B1600555601648N00905265EA0000000735
B1601005601703N00905168EA0000000747
B1601065601754N00905219EA0000000752
B1601115601725N00905317EA0000000746
B1601165601648N00905328EA0000000758
B1601215601599N00905213EA0000000761
B1601265601631N00905081EA0000000763
B1601315601694N00905073EA0000000768
B1601365601714N00905160EA0000000774
B1601415601674N00905246EA0000000778
B1601465601601N00905249EA0000000783
B1601515601575N00905105EA0000000782
B1601565601637N00905039EA0000000786
B1602015601660N00905129EA0000000790
B1602065601592N00905169EA0000000790
B1602115601538N00905054EA0000000807
B1602165601570N00904928EA0000000806
B1602215601632N00904933EA0000000812
B1602265601644N00905022EA0000000818
B1602315601603N00905113EA0000000825
B1602385601535N00905236EA0000000833
B1602435601487N00905329EA0000000850
B1602485601456N00905422EA0000000850
B1602535601484N00905522EA0000000842
B1602585601554N00905498EA0000000865
B1603035601575N00905351EA0000000866
B1603085601512N00905231EA0000000882
B1603135601439N00905273EA0000000896
B1603185601460N00905374EA0000000906
B1603235601517N00905303EA0000000919
B1603285601498N00905147EA0000000928
B1603335601415N00905098EA0000000943
B1603385601372N00905190EA0000000950
B1603435601417N00905263EA0000000959
B1603485601469N00905183EA0000000977
B1603545601446N00905003EA0000000985
B1603595601366N00904951EA0000001004
B1604045601316N00905033EA0000001005
B1604105601361N00905134EA0000001012
B1604155601421N00905064EA0000001023
B1604205601414N00904904EA0000001036
B1604265601329N00904811EA0000001052
B1604315601266N00904877EA0000001056
B1604365601267N00904982EA0000001065
B1604415601325N00905005EA0000001073
B1604465601365N00904899EA0000001088
B1604515601346N00904756EA0000001099
B1604565601277N00904674EA0000001106
B1605015601205N00904724EA0000001106
B1605075601180N00904849EA0000001113
B1605135601187N00904998EA0000001105
B1605255601190N00905343EA0000001094
B1605335601194N00905574EA0000001085
B1605385601202N00905710EA0000001089
B1605435601216N00905831EA0000001093
B1605485601234N00905949EA0000001085
B1605535601252N00906076EA0000001072
B1605585601272N00906209EA0000001070
B1606045601292N00906358EA0000001073
B1606155601322N00906638EA0000001047
B1606205601341N00906779EA0000001041
B1606265601363N00906934EA0000001045
B1606325601386N00907083EA0000001031
B1606385601412N00907238EA0000001025
B1606445601440N00907389EA0000001017
B1606505601478N00907537EA0000001007
B1606575601535N00907702EA0000000998
B1607075601633N00907927EA0000000986
B1607125601682N00908037EA0000000978
B1607185601738N00908170EA0000000974
B1607235601785N00908285EA0000000970
B1607315601867N00908474EA0000000971
B1607365601917N00908588EA0000000983
B1607425601970N00908694EA0000001020
B1607495602020N00908808EA0000001003
B1607545602063N00908911EA0000000988
B1607595602109N00909016EA0000001010
B1608045602159N00909094EA0000001035
B1608105602223N00909168EA0000001046
B1608165602302N00909245EA0000001029
B1608215602371N00909315EA0000001049
B1608265602431N00909371EA0000001070
B1608315602487N00909423EA0000001076
B1608375602555N00909504EA0000001078
B1608425602609N00909570EA0000001089
B1608475602667N00909629EA0000001087
B1608525602729N00909692EA0000001082
B1608585602806N00909770EA0000001093
B1609035602869N00909832EA0000001111
B1609085602929N00909892EA0000001124
B1609135602989N00909943EA0000001123
B1609205603086N00910007EA0000001102
B1609265603177N00910047EA0000001093
B1609335603286N00910082EA0000001078
B1609395603382N00910114EA0000001066
B1609445603462N00910150EA0000001063
B1609495603540N00910185EA0000001066
B1609575603669N00910233EA0000001067
B1610025603748N00910276EA0000001073
B1610075603817N00910331EA0000001078
B1610155603916N00910441EA0000001082
B1610205603978N00910508EA0000001092
B1610255604037N00910584EA0000001100
B1610325604117N00910680EA0000001114
B1610395604194N00910776EA0000001112
B1610445604244N00910851EA0000001105
B1610505604307N00910957EA0000001080
B1610565604380N00911065EA0000001073
B1611025604454N00911177EA0000001068
B1611075604520N00911256EA0000001066
B1611125604587N00911329EA0000001062
B1611195604680N00911435EA0000001050
B1611245604744N00911517EA0000001046
B1611295604806N00911602EA0000001041
B1611345604870N00911687EA0000001031
B1611395604931N00911778EA0000001023
B1611455605004N00911895EA0000001013
B1611535605104N00912052EA0000001006
B1611595605180N00912159EA0000001007
B1612145605355N00912431EA0000000993
B1612215605439N00912547EA0000000990
B1612275605516N00912639EA0000000981
B1612375605646N00912806EA0000000968
B1612455605742N00912960EA0000000962
B1612505605770N00913090EA0000000961
B1612555605755N00913223EA0000000964
B1613005605693N00913313EA0000000958
B1613055605603N00913314EA0000000946
B1613105605518N00913215EA0000000931
B1613155605453N00913054EA0000000919
B1613215605398N00912830EA0000000908
B1613265605352N00912638EA0000000896
B1613335605281N00912357EA0000000878
B1613395605218N00912106EA0000000865
B1613445605164N00911894EA0000000856
B1613525605070N00911558EA0000000842
B1613595604983N00911275EA0000000838
B1614055604909N00911043EA0000000835
B1614105604846N00910854EA0000000825
B1614165604773N00910621EA0000000817
B1614215604711N00910429EA0000000809
B1614265604647N00910242EA0000000808
B1614325604562N00910027EA0000000805
B1614375604486N00909852EA0000000797
B1614445604369N00909625EA0000000800
B1614525604230N00909380EA0000000791
B1614585604123N00909190EA0000000781
B1615045604017N00908998EA0000000786
B1615095603930N00908851EA0000000809
B1615155603823N00908707EA0000000807
B1615235603668N00908496EA0000000791
B1615285603562N00908366EA0000000794
B1615355603418N00908198EA0000000795
B1615435603255N00908002EA0000000785
B1615485603158N00907871EA0000000782
B1615555603019N00907688EA0000000767
B1616025602875N00907491EA0000000747
B1616075602768N00907335EA0000000724
B1616135602626N00907148EA0000000709
B1616185602504N00907010EA0000000713
B1616235602381N00906905EA0000000710
B1616295602231N00906819EA0000000707
B1616375602032N00906756EA0000000702
B1616425601912N00906723EA0000000700
B1616515601692N00906652EA0000000683
B1616565601567N00906618EA0000000679
B1617015601444N00906587EA0000000694
B1617065601338N00906565EA0000000742
B1617115601270N00906614EA0000000761
B1617165601295N00906735EA0000000759
B1617215601382N00906736EA0000000766
B1617265601435N00906595EA0000000771
B1617315601415N00906419EA0000000773
B1617375601325N00906286EA0000000779
B1617425601237N00906269EA0000000787
B1617485601200N00906399EA0000000803
B1617535601270N00906446EA0000000816
B1617585601322N00906321EA0000000823
B1618035601291N00906174EA0000000839
B1618085601219N00906124EA0000000844
B1618135601159N00906170EA0000000850
B1618195601132N00906300EA0000000865
B1618245601164N00906406EA0000000872
B1618295601240N00906385EA0000000873
B1618345601268N00906239EA0000000879
B1618395601225N00906107EA0000000886
B1618445601146N00906055EA0000000903
B1618505601067N00906123EA0000000914
B1618555601079N00906257EA0000000920
B1619005601156N00906279EA0000000934
B1619055601203N00906149EA0000000933
B1619105601166N00906002EA0000000940
B1619155601090N00905960EA0000000961
B1619205601024N00906011EA0000000974
B1619275600922N00906102EA0000000968
B1619325600833N00906167EA0000000974
B1619385600728N00906229EA0000000990
B1619445600625N00906297EA0000000987
B1619525600478N00906386EA0000000973
B1619575600386N00906428EA0000000964
B1620045600256N00906460EA0000000948
B1620105600141N00906480EA0000000928
B1620155600042N00906503EA0000000914
B1620205559943N00906531EA0000000908
B1620305559742N00906624EA0000000872
B1620355559639N00906662EA0000000857
B1620415559509N00906664EA0000000829
B1620465559406N00906584EA0000000822
B1620515559343N00906426EA0000000817
B1620565559347N00906236EA0000000808
B1621015559407N00906087EA0000000807
B1621075559512N00905976EA0000000801
B1621155559676N00905859EA0000000769
B1621205559795N00905794EA0000000749
B1621255559921N00905734EA0000000737
B1621305600050N00905682EA0000000739
B1621365600204N00905632EA0000000753
B1621415600328N00905596EA0000000758
B1621475600474N00905556EA0000000760
B1621525600592N00905529EA0000000749
B1621595600751N00905494EA0000000742
B1622045600861N00905476EA0000000734
B1622125601037N00905493EA0000000722
B1622175601144N00905505EA0000000719
B1622225601250N00905513EA0000000718
B1622275601357N00905523EA0000000719
B1622325601461N00905543EA0000000746
B1622375601547N00905569EA0000000778
B1622425601619N00905603EA0000000787
B1622475601689N00905663EA0000000776
B1622535601775N00905763EA0000000767
B1623015601884N00905941EA0000000735
B1623065601921N00906099EA0000000718
B1623115601913N00906266EA0000000704
B1623165601864N00906413EA0000000697
B1623215601791N00906525EA0000000691
B1623275601689N00906635EA0000000681
B1623325601592N00906698EA0000000674
B1623405601425N00906731EA0000000672
B1623465601300N00906691EA0000000674
B1623535601170N00906580EA0000000673
B1624005601059N00906401EA0000000664
B1624085600945N00906154EA0000000660
B1624135600859N00906031EA0000000654
B1624185600759N00905981EA0000000656
B1624235600668N00906023EA0000000655
B1624285600612N00906142EA0000000650
B1624335600605N00906300EA0000000645
B1624385600647N00906450EA0000000637
B1624435600727N00906553EA0000000643
B1624485600826N00906580EA0000000643
B1624535600925N00906516EA0000000642
B1624585600995N00906360EA0000000634
B1625035601012N00906144EA0000000620
B1625085600963N00905942EA0000000613
B1625135600862N00905838EA0000000608
B1625185600760N00905885EA0000000604
B1625235600725N00906043EA0000000606
B1625285600783N00906170EA0000000609
B1625335600887N00906167EA0000000599
B1625385600966N00906014EA0000000595
B1625435600963N00905800EA0000000593
B1625485600886N00905637EA0000000576
B1625535600771N00905568EA0000000561
B1625585600656N00905592EA0000000561
B1626035600568N00905703EA0000000562
B1626085600533N00905873EA0000000564
B1626135600567N00906032EA0000000571
B1626185600659N00906103EA0000000565
B1626235600764N00906032EA0000000561
B1626285600819N00905844EA0000000563
B1626335600798N00905634EA0000000551
B1626385600709N00905489EA0000000542
B1626435600596N00905458EA0000000539
B1626485600496N00905531EA0000000531
B1626535600446N00905689EA0000000531
B1626585600468N00905861EA0000000529
B1627035600556N00905966EA0000000523
B1627085600674N00905960EA0000000519
B1627135600778N00905847EA0000000528
B1627195600810N00905606EA0000000536
B1627245600742N00905441EA0000000523
B1627295600635N00905420EA0000000517
B1627345600566N00905542EA0000000511
B1627395600583N00905711EA0000000506
B1627455600704N00905769EA0000000504
B1627505600803N00905630EA0000000472
B1627555600845N00905369EA0000000423
B1628005600824N00905061EA0000000382
B1628055600781N00904746EA0000000361
B1628105600734N00904420EA0000000316
B1628165600679N00904007EA0000000260
B1628235600616N00903504EA0000000209
B1628285600578N00903135EA0000000185
B1628335600542N00902768EA0000000162
B1628385600512N00902403EA0000000144
B1628435600485N00902042EA0000000122
B1628485600465N00901683EA0000000098
B1628535600451N00901326EA0000000079
B1628585600434N00901014EA0000000154
B1629045600390N00900728EA0000000203
B1629095600345N00900523EA0000000210
B1629145600293N00900343EA0000000217
B1629205600235N00900145EA0000000221
B1629255600194N00859988EA0000000213
B1629305600168N00859812EA0000000201
B1629355600177N00859629EA0000000192
B1629405600225N00859476EA0000000186
B1629475600333N00859348EA0000000176
B1629525600418N00859283EA0000000173
B1629575600500N00859260EA0000000175
B1630025600562N00859328EA0000000171
B1630085600591N00859485EA0000000153
B1630145600591N00859676EA0000000126
B1630195600589N00859845EA0000000105
B1630395600588N00900496EA0000000043
B1630445600594N00900640EA0000000039
B1630505600598N00900791EA0000000037
B1631005600598N00900972EA0000000037
