AOGNOGN
HFDTE170725
HFFXA050
HFPLTPILOTINCHARGE:
HFGTYGLIDERTYPE:Arcus T
HFGIDGLIDERID:OY-XUJ
HFDTM100GPSDATUM:WGS-1984
HFRFWFIRMWAREVERSION:
HFRHWHARDWAREVERSION:
HFFTYFRTYPE:OGN-FLIGHTBOOK
HFGPSGENERIC
HFPRSPRESSALTSENSOR:
HFCIDCOMPETITIONID:BA
B1040585600612N00900564EA0000000041
B1040595600614N00900579EA0000000041
B1041045600625N00900669EA0000000041
B1041105600642N00900803EA0000000043
B1041155600653N00900935EA0000000045
B1041205600666N00901079EA0000000051
B1041275600679N00901275EA0000000076
B1041335600691N00901437EA0000000091
B1041415600717N00901646EA0000000110
B1041465600735N00901781EA0000000118
B1041515600752N00901921EA0000000126
B1041575600779N00902081EA0000000142
B1042025600795N00902210EA0000000155
B1042085600814N00902368EA0000000160
B1042135600829N00902509EA0000000163
B1042185600861N00902643EA0000000171
B1042255600946N00902765EA0000000191
B1042315601038N00902772EA0000000207
B1042375601129N00902710EA0000000216
B1042455601222N00902521EA0000000232
B1042505601259N00902358EA0000000238
B1042555601281N00902180EA0000000250
B1043025601275N00901915EA0000000267
B1043075601252N00901726EA0000000276
B1043125601221N00901538EA0000000292
B1043175601178N00901355EA0000000305
B1043245601114N00901101EA0000000320
B1043295601059N00900930EA0000000333
B1043345600990N00900779EA0000000347
B1043395600896N00900693EA0000000358
B1043445600793N00900678EA0000000366
B1043495600698N00900725EA0000000372
B1043565600606N00900876EA0000000379
B1044015600574N00901012EA0000000385
B1044065600546N00901149EA0000000395
B1044125600517N00901311EA0000000407
B1044195600497N00901496EA0000000421
B1044245600507N00901625EA0000000426
B1044325600551N00901816EA0000000435
B1044375600583N00901930EA0000000443
B1044425600622N00902040EA0000000451
B1044485600673N00902174EA0000000465
B1044545600722N00902300EA0000000483
B1044595600764N00902404EA0000000495
B1045045600805N00902507EA0000000508
B1045105600859N00902630EA0000000523
B1045165600917N00902744EA0000000549
B1045225600974N00902850EA0000000566
B1045305601044N00903010EA0000000571
B1045355601072N00903134EA0000000577
B1045415601080N00903295EA0000000598
B1045465601110N00903393EA0000000614
B1045535601189N00903423EA0000000617
B1045585601252N00903384EA0000000614
B1046045601327N00903304EA0000000612
B1046115601412N00903188EA0000000607
B1046165601472N00903100EA0000000617
B1046215601529N00903012EA0000000624
B1046265601543N00902870EA0000000630
B1046315601488N00902747EA0000000628
B1046365601402N00902718EA0000000625
B1046415601339N00902794EA0000000628
B1046465601311N00902900EA0000000638
B1046515601311N00902993EA0000000648
B1046565601362N00903011EA0000000653
B1047015601406N00902919EA0000000662
B1047065601387N00902779EA0000000665
B1047115601313N00902699EA0000000665
B1047165601229N00902715EA0000000671
B1047225601174N00902811EA0000000673
B1047275601194N00902896EA0000000665
B1047325601254N00902892EA0000000665
B1047375601311N00902810EA0000000678
B1047425601325N00902677EA0000000685
B1047475601276N00902549EA0000000685
B1047535601175N00902511EA0000000685
B1047585601105N00902571EA0000000692
B1048035601080N00902672EA0000000687
B1048085601112N00902754EA0000000679
B1048135601174N00902781EA0000000683
B1048185601238N00902768EA0000000695
B1048235601263N00902648EA0000000707
B1048285601210N00902532EA0000000711
B1048335601128N00902541EA0000000714
B1048385601092N00902647EA0000000721
B1048435601128N00902721EA0000000726
B1048485601188N00902682EA0000000729
B1048535601208N00902547EA0000000736
B1048585601163N00902413EA0000000743
B1049035601075N00902375EA0000000743
B1049085601006N00902456EA0000000747
B1049135601006N00902574EA0000000753
B1049185601063N00902599EA0000000756
B1049235601116N00902508EA0000000758
B1049285601128N00902361EA0000000767
B1049335601073N00902238EA0000000773
B1049385600986N00902223EA0000000771
B1049435600927N00902314EA0000000780
B1049485600939N00902406EA0000000790
B1049535600995N00902385EA0000000787
B1049585601014N00902248EA0000000790
B1050035600976N00902104EA0000000795
B1050085600896N00902026EA0000000796
B1050135600812N00902060EA0000000799
B1050185600778N00902164EA0000000810
B1050235600801N00902244EA0000000817
B1050285600855N00902227EA0000000815
B1050335600885N00902113EA0000000815
B1050385600874N00901968EA0000000817
B1050445600799N00901841EA0000000812
B1050495600716N00901847EA0000000809
B1050545600681N00901958EA0000000805
B1051015600718N00902104EA0000000810
B1051065600760N00902190EA0000000813
B1051115600809N00902264EA0000000815
B1051165600858N00902337EA0000000827
B1051215600883N00902431EA0000000835
B1051265600896N00902538EA0000000836
B1051315600943N00902592EA0000000841
B1051365600996N00902523EA0000000847
B1051415600990N00902377EA0000000848
B1051465600915N00902289EA0000000846
B1051515600833N00902317EA0000000851
B1051565600781N00902409EA0000000851
B1052015600766N00902526EA0000000858
B1052065600776N00902622EA0000000868
B1052115600828N00902609EA0000000872
B1052165600850N00902472EA0000000872
B1052215600811N00902324EA0000000878
B1052265600730N00902259EA0000000880
B1052315600651N00902300EA0000000878
B1052375600624N00902433EA0000000881
B1052425600668N00902484EA0000000889
B1052475600722N00902437EA0000000889
B1052525600755N00902311EA0000000891
B1052575600743N00902157EA0000000893
B1053025600682N00902036EA0000000893
B1053085600575N00901984EA0000000894
B1053145600472N00902027EA0000000894
B1053195600415N00902120EA0000000895
B1053245600413N00902232EA0000000887
B1053295600456N00902299EA0000000884
B1053345600510N00902320EA0000000880
B1053405600575N00902342EA0000000865
B1053465600649N00902385EA0000000840
B1053515600723N00902446EA0000000832
B1053585600804N00902507EA0000000868
B1054035600856N00902544EA0000000877
B1054105600931N00902594EA0000000890
B1054155600984N00902635EA0000000900
B1054205601037N00902673EA0000000910
B1054275601110N00902742EA0000000925
B1054335601171N00902812EA0000000938
B1054415601249N00902923EA0000000962
B1054465601312N00902901EA0000000985
B1054515601338N00902758EA0000000992
B1054565601295N00902621EA0000000989
B1055015601215N00902585EA0000000990
B1055065601146N00902633EA0000000995
B1055115601122N00902727EA0000000998
B1055165601161N00902792EA0000001003
B1055215601221N00902746EA0000001012
B1055275601241N00902576EA0000001017
B1055325601193N00902437EA0000001011
B1055385601096N00902395EA0000001020
B1055435601039N00902461EA0000001024
B1055495601025N00902584EA0000001031
B1055545601068N00902639EA0000001033
B1055595601123N00902558EA0000001035
B1056045601111N00902394EA0000001042
B1056095601046N00902269EA0000001046
B1056145600964N00902232EA0000001050
B1056195600903N00902294EA0000001054
B1056245600902N00902395EA0000001059
B1056295600955N00902428EA0000001062
B1056345601005N00902333EA0000001063
B1056395601004N00902175EA0000001069
B1056445600963N00902027EA0000001071
B1056505600875N00901930EA0000001073
B1056565600782N00901840EA0000001073
B1057035600667N00901711EA0000001061
B1057085600575N00901616EA0000001053
B1057175600399N00901456EA0000001043
B1057235600278N00901361EA0000001040
B1057315600121N00901227EA0000001044
B1057375600005N00901118EA0000001046
B1057425559911N00901025EA0000001054
B1057485559803N00900908EA0000001057
B1057535559737N00900768EA0000001059
B1058005559657N00900552EA0000001037
B1058085559547N00900304EA0000001020
B1058135559486N00900137EA0000001015
B1058185559433N00859964EA0000001011
B1058275559369N00859639EA0000001009
B1058325559357N00859455EA0000001007
B1058395559350N00859196EA0000001005
B1058465559349N00858929EA0000001003
B1058545559348N00858629EA0000001000
B1059005559341N00858404EA0000000992
B1059085559327N00858104EA0000000987
B1059135559319N00857915EA0000000983
B1059195559300N00857690EA0000000980
B1059245559267N00857509EA0000000979
B1059315559187N00857273EA0000000974
B1059375559156N00857057EA0000000966
B1059445559218N00856835EA0000000957
B1059495559275N00856695EA0000000957
B1059545559335N00856559EA0000000947
B1059595559396N00856423EA0000000943
B1100065559475N00856230EA0000000944
B1100125559547N00856072EA0000000934
B1100235559673N00855777EA0000000935
B1100375559819N00855399EA0000000922
B1100425559870N00855260EA0000000920
B1100495559942N00855070EA0000000921
B1100545559990N00854932EA0000000914
B1101015600054N00854728EA0000000907
B1101075600107N00854548EA0000000887
B1101155600185N00854322EA0000000878
B1101215600252N00854165EA0000000874
B1101275600318N00854013EA0000000875
B1101325600370N00853892EA0000000889
B1101375600417N00853784EA0000000905
B1101425600444N00853654EA0000000909
B1101475600417N00853510EA0000000905
B1101525600340N00853435EA0000000896
B1101575600264N00853481EA0000000896
B1102025600230N00853591EA0000000900
B1102105600232N00853760EA0000000913
B1102155600273N00853822EA0000000914
B1102215600337N00853765EA0000000918
B1102265600347N00853626EA0000000912
B1102315600316N00853472EA0000000905
B1102375600259N00853289EA0000000898
B1102425600206N00853141EA0000000888
B1102485600133N00852964EA0000000890
B1102535600066N00852831EA0000000908
B1102585559981N00852799EA0000000914
B1103035559939N00852894EA0000000918
B1103085559968N00852978EA0000000920
B1103135600027N00852983EA0000000926
B1103195600082N00852867EA0000000934
B1103245600055N00852725EA0000000939
B1103295559970N00852673EA0000000944
B1103345559913N00852752EA0000000949
B1103395559938N00852847EA0000000948
B1103445600003N00852829EA0000000954
B1103495600033N00852702EA0000000958
B1103545559991N00852563EA0000000963
B1103595559905N00852506EA0000000965
B1104045559832N00852564EA0000000968
B1104105559806N00852702EA0000000965
B1104155559833N00852791EA0000000970
B1104205559891N00852784EA0000000965
B1104255559943N00852681EA0000000952
B1104305559967N00852528EA0000000932
B1104385559955N00852250EA0000000921
B1104445559926N00852040EA0000000920
B1104505559877N00851840EA0000000925
B1104555559832N00851681EA0000000928
B1105015559770N00851483EA0000000916
B1105075559702N00851269EA0000000905
B1105145559623N00851007EA0000000892
B1105205559558N00850770EA0000000883
B1105305559451N00850373EA0000000875
B1105375559387N00850092EA0000000866
B1105425559338N00849890EA0000000859
B1105515559253N00849524EA0000000844
B1105585559187N00849251EA0000000857
B1106035559147N00849075EA0000000868
B1106085559138N00848912EA0000000891
B1106135559194N00848879EA0000000898
B1106185559200N00848974EA0000000907
B1106235559128N00849019EA0000000908
B1106285559055N00848926EA0000000918
B1106345559024N00848755EA0000000930
B1106395559057N00848647EA0000000934
B1106445559111N00848671EA0000000936
B1106495559110N00848775EA0000000949
B1106545559044N00848829EA0000000951
B1106595558963N00848752EA0000000957
B1107045558915N00848616EA0000000968
B1107095558925N00848476EA0000000973
B1107155558987N00848430EA0000000983
B1107205559005N00848517EA0000000983
B1107255558963N00848605EA0000000996
B1107305558880N00848586EA0000000998
B1107355558826N00848461EA0000001007
B1107405558837N00848323EA0000001008
B1107455558893N00848288EA0000001012
B1107515558916N00848389EA0000001015
B1107565558858N00848456EA0000001026
B1108015558774N00848411EA0000001028
B1108075558696N00848271EA0000001036
B1108145558632N00848074EA0000001040
B1108195558597N00847923EA0000001045
B1108245558567N00847771EA0000001027
B1108295558529N00847610EA0000001006
B1108355558483N00847407EA0000001001
B1108405558444N00847242EA0000001008
B1108455558404N00847083EA0000001009
B1108515558351N00846887EA0000001004
B1108585558287N00846651EA0000000994
B1109045558226N00846453EA0000001002
B1109095558177N00846294EA0000000999
B1109145558129N00846133EA0000000999
B1109205558066N00845946EA0000001003
B1109265557991N00845776EA0000001013
B1109335557923N00845586EA0000001044
B1109385557971N00845500EA0000001046
B1109435558022N00845553EA0000001051
B1109485558009N00845667EA0000001069
B1109535557931N00845701EA0000001083
B1109585557858N00845612EA0000001091
B1110035557851N00845469EA0000001104
B1110085557901N00845396EA0000001101
B1110135557951N00845458EA0000001105
B1110185557927N00845573EA0000001118
B1110235557849N00845605EA0000001130
B1110285557769N00845521EA0000001123
B1110345557705N00845350EA0000001133
B1110415557640N00845137EA0000001144
B1110475557580N00844951EA0000001148
B1110545557499N00844745EA0000001163
B1110595557442N00844596EA0000001163
B1111065557365N00844391EA0000001164
B1111135557294N00844176EA0000001161
B1111185557252N00844002EA0000001151
B1111235557216N00843817EA0000001152
B1111285557173N00843651EA0000001170
B1111385557079N00843337EA0000001171
B1111435557043N00843170EA0000001165
B1111505557029N00842909EA0000001154
B1111565557034N00842670EA0000001133
B1112065557043N00842243EA0000001115
B1112125557052N00841995EA0000001116
B1112175557062N00841801EA0000001143
B1112265557066N00841536EA0000001165
B1112315557046N00841368EA0000001139
B1112405557016N00841025EA0000001118
B1112455557000N00840827EA0000001118
B1112505556981N00840632EA0000001122
B1112585556939N00840343EA0000001140
B1113035556886N00840191EA0000001141
B1113185556661N00839815EA0000001149
B1113255556564N00839639EA0000001149
B1113325556466N00839450EA0000001153
B1113375556401N00839311EA0000001157
B1113445556313N00839109EA0000001153
B1113515556223N00838911EA0000001149
B1113575556149N00838742EA0000001142
B1114025556085N00838594EA0000001135
B1114075556032N00838425EA0000001136
B1114125555993N00838242EA0000001147
B1114175555958N00838075EA0000001173
B1114225555920N00837934EA0000001179
B1114315555829N00837655EA0000001140
B1114375555755N00837448EA0000001109
B1114425555686N00837272EA0000001101
B1114505555570N00837004EA0000001086
B1114565555489N00836805EA0000001083
B1115015555430N00836643EA0000001100
B1115085555357N00836435EA0000001108
B1115135555278N00836339EA0000001111
B1115185555191N00836333EA0000001117
B1115235555130N00836410EA0000001117
B1115285555130N00836518EA0000001116
B1115335555184N00836575EA0000001118
B1115385555253N00836526EA0000001124
B1115445555290N00836354EA0000001122
B1115495555264N00836187EA0000001123
B1115545555209N00836046EA0000001129
B1115595555131N00836007EA0000001136
B1116045555082N00836096EA0000001126
B1116095555085N00836228EA0000001121
B1116145555118N00836339EA0000001129
B1116205555169N00836452EA0000001119
B1116275555231N00836590EA0000001110
B1116325555273N00836697EA0000001101
B1116385555321N00836840EA0000001082
B1116435555362N00836976EA0000001073
B1116505555415N00837173EA0000001072
B1116555555443N00837307EA0000001084
B1117015555475N00837460EA0000001082
B1117075555511N00837617EA0000001076
B1117125555549N00837750EA0000001069
B1117175555584N00837873EA0000001102
B1117225555614N00837977EA0000001115
B1117285555648N00838100EA0000001110
B1117335555684N00838197EA0000001110
B1117385555718N00838287EA0000001113
B1117435555759N00838369EA0000001097
B1117485555808N00838453EA0000001083
B1117535555862N00838547EA0000001065
B1117585555917N00838649EA0000001057
B1118045555983N00838768EA0000001068
B1118105556040N00838869EA0000001084
B1118165556097N00838952EA0000001084
B1118215556155N00839006EA0000001085
B1118265556219N00839043EA0000001088
B1118325556302N00839069EA0000001089
B1118375556374N00839081EA0000001092
B1118435556463N00839097EA0000001089
B1118495556559N00839116EA0000001067
B1118565556682N00839144EA0000001052
B1119035556807N00839166EA0000001041
B1119095556915N00839183EA0000001034
B1119165557039N00839201EA0000001028
B1119225557142N00839213EA0000001027
B1119285557246N00839221EA0000001022
B1119355557368N00839219EA0000001020
B1119415557474N00839215EA0000001016
B1119475557578N00839210EA0000001014
B1120005557800N00839207EA0000001004
B1120065557900N00839211EA0000000999
B1120145558030N00839229EA0000000999
B1120225558153N00839246EA0000001016
B1120275558226N00839255EA0000001031
B1120365558348N00839266EA0000001051
B1120425558427N00839239EA0000001066
B1120475558470N00839285EA0000001082
B1120525558454N00839382EA0000001090
B1120585558361N00839397EA0000001101
B1121035558303N00839287EA0000001112
B1121085558314N00839153EA0000001113
B1121135558369N00839100EA0000001122
B1121185558414N00839130EA0000001133
B1121235558411N00839225EA0000001140
B1121285558341N00839270EA0000001149
B1121335558268N00839186EA0000001156
B1121395558254N00839014EA0000001160
B1121445558297N00838916EA0000001166
B1121495558355N00838889EA0000001179
B1121545558391N00838950EA0000001178
B1121595558362N00839052EA0000001181
B1122045558278N00839066EA0000001193
B1122095558212N00838950EA0000001196
B1122145558241N00838826EA0000001210
B1122195558282N00838866EA0000001217
B1122245558242N00838944EA0000001225
B1122305558153N00838877EA0000001227
B1122355558144N00838730EA0000001221
B1122405558202N00838617EA0000001213
B1122475558317N00838563EA0000001213
B1122535558423N00838544EA0000001196
B1122595558538N00838531EA0000001179
B1123065558675N00838519EA0000001164
B1123165558873N00838489EA0000001151
B1123225558992N00838471EA0000001143
B1123295559129N00838471EA0000001135
B1123355559245N00838483EA0000001134
B1123405559340N00838492EA0000001128
B1123475559474N00838502EA0000001119
B1123545559608N00838512EA0000001113
B1123595559702N00838517EA0000001112
B1124085559868N00838524EA0000001102
B1124175600031N00838528EA0000001092
B1124315600291N00838528EA0000001072
B1124435600510N00838513EA0000001058
B1124485600601N00838512EA0000001051
B1124565600746N00838514EA0000001036
B1125055600908N00838512EA0000001021
B1125115601016N00838514EA0000001008
B1125175601124N00838528EA0000000991
B1125245601247N00838553EA0000000989
B1125315601368N00838575EA0000000982
B1125375601475N00838592EA0000000974
B1125435601580N00838614EA0000000984
B1125485601660N00838635EA0000000994
B1125555601767N00838666EA0000001009
B1126035601875N00838696EA0000001018
B1126085601945N00838709EA0000001006
B1126155602061N00838726EA0000000985
B1126215602170N00838736EA0000000975
B1126265602263N00838740EA0000000964
B1126325602378N00838737EA0000000948
B1126385602500N00838716EA0000000932
B1126435602605N00838701EA0000000920
B1126495602725N00838708EA0000000917
B1126545602819N00838716EA0000000916
B1126595602911N00838721EA0000000913
B1127065603036N00838729EA0000000911
B1127115603125N00838738EA0000000907
B1127175603233N00838750EA0000000900
B1127225603324N00838762EA0000000892
B1127275603418N00838775EA0000000883
B1127345603552N00838802EA0000000872
B1127405603667N00838831EA0000000865
B1127525603894N00838904EA0000000856
B1127585603997N00838941EA0000000866
B1128035604077N00838976EA0000000871
B1128085604152N00839005EA0000000888
B1128145604234N00839024EA0000000909
B1128195604287N00839052EA0000000916
B1128245604297N00839145EA0000000909
B1128295604236N00839211EA0000000908
B1128345604160N00839152EA0000000920
B1128425604096N00838939EA0000000936
B1128485604141N00838822EA0000000936
B1128535604193N00838862EA0000000941
B1128585604203N00838970EA0000000937
B1129055604204N00839137EA0000000931
B1129105604196N00839264EA0000000935
B1129185604183N00839461EA0000000953
B1129235604150N00839560EA0000000965
B1129285604072N00839579EA0000000958
B1129335604003N00839477EA0000000964
B1129385603978N00839333EA0000000965
B1129435604002N00839203EA0000000972
B1129485604056N00839143EA0000000976
B1129535604111N00839172EA0000000981
B1129585604130N00839266EA0000000988
B1130035604087N00839362EA0000000990
B1130085604007N00839384EA0000000995
B1130135603927N00839321EA0000000996
B1130185603879N00839193EA0000001004
B1130235603872N00839055EA0000001011
B1130285603907N00838954EA0000001012
B1130335603966N00838944EA0000001018
B1130385604005N00839009EA0000001028
B1130435604002N00839113EA0000001031
B1130485603953N00839203EA0000001034
B1130535603873N00839232EA0000001034
B1130585603791N00839181EA0000001036
B1131035603733N00839059EA0000001031
B1131085603729N00838903EA0000001028
B1131135603774N00838781EA0000001034
B1131185603830N00838681EA0000001046
B1131235603828N00838543EA0000001063
B1131285603754N00838492EA0000001066
B1131335603707N00838573EA0000001068
B1131385603733N00838652EA0000001071
B1131435603791N00838635EA0000001080
B1131495603840N00838529EA0000001074
B1131555603909N00838398EA0000001059
B1132015604001N00838304EA0000001061
B1132065604084N00838244EA0000001053
B1132135604205N00838176EA0000001045
B1132185604291N00838136EA0000001043
B1132235604378N00838099EA0000001040
B1132305604500N00838044EA0000001028
B1132365604607N00837999EA0000001021
B1132425604710N00837959EA0000001010
B1132485604820N00837943EA0000000997
B1132535604916N00837934EA0000000992
B1132585605012N00837917EA0000000991
B1133065605169N00837859EA0000000972
B1133115605270N00837814EA0000000955
B1133165605373N00837768EA0000000938
B1133255605560N00837681EA0000000917
B1133305605666N00837635EA0000000906
B1133355605774N00837598EA0000000901
B1133435605944N00837541EA0000000889
B1133485606049N00837501EA0000000889
B1133535606152N00837462EA0000000881
B1134015606315N00837398EA0000000871
B1134075606437N00837348EA0000000864
B1134125606537N00837303EA0000000860
B1134195606678N00837238EA0000000846
B1134245606775N00837198EA0000000857
B1134295606862N00837158EA0000000857
B1134365606985N00837102EA0000000844
B1134435607115N00837057EA0000000838
B1134525607278N00837019EA0000000839
B1134585607386N00836991EA0000000851
B1135065607515N00837003EA0000000872
B1135115607586N00837010EA0000000871
B1135175607670N00837035EA0000000860
B1135235607748N00837110EA0000000859
B1135295607817N00837202EA0000000856
B1135355607880N00837301EA0000000856
B1135415607939N00837399EA0000000864
B1135465607989N00837472EA0000000865
B1135525608058N00837543EA0000000867
B1136005608158N00837597EA0000000858
B1136055608228N00837626EA0000000856
B1136105608299N00837648EA0000000853
B1136175608404N00837663EA0000000842
B1136225608481N00837674EA0000000835
B1136285608579N00837704EA0000000829
B1136345608676N00837731EA0000000832
B1136395608754N00837761EA0000000833
B1136455608839N00837814EA0000000834
B1136505608901N00837874EA0000000832
B1136555608954N00837949EA0000000831
B1137035609024N00838081EA0000000830
B1137085609060N00838181EA0000000823
B1137145609096N00838316EA0000000812
B1137195609121N00838439EA0000000801
B1137255609154N00838592EA0000000794
B1137305609186N00838715EA0000000797
B1137375609225N00838880EA0000000819
B1137425609253N00838971EA0000000839
B1137475609303N00838971EA0000000841
B1137525609312N00838839EA0000000841
B1137575609240N00838746EA0000000837
B1138035609136N00838739EA0000000853
B1138085609083N00838804EA0000000866
B1138135609102N00838892EA0000000879
B1138185609155N00838844EA0000000896
B1138235609142N00838698EA0000000903
B1138285609066N00838631EA0000000908
B1138335608993N00838667EA0000000921
B1138405608976N00838797EA0000000937
B1138505609069N00838671EA0000000955
B1138555609020N00838538EA0000000974
B1139005608949N00838548EA0000000991
B1139055608944N00838635EA0000001000
B1139105608999N00838644EA0000001017
B1139155609032N00838536EA0000001020
B1139235608952N00838337EA0000001037
B1139285608888N00838370EA0000001047
B1139335608887N00838461EA0000001063
B1139425608971N00838391EA0000001078
B1139485608939N00838214EA0000001082
B1139535608865N00838157EA0000001097
B1139585608810N00838210EA0000001109
B1140035608813N00838294EA0000001120
B1140105608885N00838293EA0000001134
B1140155608913N00838167EA0000001129
B1140205608875N00838020EA0000001125
B1140255608791N00837963EA0000001132
B1140305608728N00838014EA0000001143
B1140355608742N00838096EA0000001155
B1140415608807N00838020EA0000001156
B1140465608795N00837861EA0000001162
B1140515608722N00837779EA0000001171
B1140565608665N00837835EA0000001180
B1141015608679N00837919EA0000001183
B1141065608735N00837966EA0000001189
B1141115608782N00838045EA0000001172
B1141175608836N00838173EA0000001156
B1141225608885N00838289EA0000001169
B1141285608938N00838408EA0000001198
B1141335608979N00838500EA0000001176
B1141385609029N00838621EA0000001171
B1141435609081N00838746EA0000001172
B1141485609129N00838868EA0000001176
B1141545609188N00839014EA0000001164
B1141595609243N00839141EA0000001161
B1142065609322N00839303EA0000001160
B1142115609380N00839418EA0000001149
B1142165609444N00839534EA0000001140
B1142225609516N00839682EA0000001134
B1142275609568N00839816EA0000001125
B1142325609618N00839953EA0000001117
B1142375609669N00840088EA0000001114
B1142425609719N00840223EA0000001123
B1142475609754N00840312EA0000001181
B1142525609782N00840366EA0000001184
B1142585609827N00840453EA0000001171
B1143035609873N00840538EA0000001156
B1143095609932N00840656EA0000001142
B1143155609996N00840785EA0000001131
B1143205610049N00840905EA0000001121
B1143255610107N00841025EA0000001113
B1143315610177N00841169EA0000001102
B1143395610277N00841350EA0000001097
B1143445610337N00841461EA0000001096
B1143505610404N00841597EA0000001104
B1143555610451N00841700EA0000001116
B1144005610499N00841793EA0000001114
B1144065610558N00841902EA0000001103
B1144115610603N00842012EA0000001099
B1144175610648N00842157EA0000001094
B1144235610693N00842298EA0000001092
B1144305610745N00842453EA0000001083
B1144355610782N00842562EA0000001074
B1144415610823N00842714EA0000001056
B1144465610856N00842849EA0000001047
B1144525610889N00843015EA0000001038
B1145005610928N00843238EA0000001020
B1145055610949N00843378EA0000001017
B1145115610977N00843543EA0000001013
B1145165610996N00843678EA0000001017
B1145225611007N00843831EA0000001034
B1145295611008N00843990EA0000001038
B1145345611028N00844101EA0000001020
B1145405611095N00844205EA0000000998
B1145455611169N00844271EA0000000984
B1145525611278N00844359EA0000000977
B1145585611368N00844429EA0000000974
B1146035611442N00844483EA0000000977
B1146115611564N00844550EA0000000978
B1146165611637N00844585EA0000000980
B1146225611721N00844633EA0000000976
B1146275611771N00844719EA0000000970
B1146345611817N00844881EA0000000953
B1146395611843N00845013EA0000000945
B1146445611864N00845152EA0000000937
B1146505611884N00845323EA0000000931
B1147005611915N00845617EA0000000920
B1147085611941N00845859EA0000000914
B1147155611965N00846066EA0000000917
B1147225611984N00846274EA0000000919
B1147285611998N00846436EA0000000940
B1147335611983N00846561EA0000000951
B1147385611962N00846673EA0000000985
B1147445612021N00846629EA0000001002
B1147495611975N00846520EA0000001011
B1147545611909N00846565EA0000001028
B1147595611907N00846664EA0000001051
B1148045611963N00846681EA0000001065
B1148095611993N00846560EA0000001081
B1148145611938N00846448EA0000001087
B1148205611855N00846487EA0000001110
B1148255611864N00846584EA0000001125
B1148315611935N00846556EA0000001138
B1148365611945N00846412EA0000001148
B1148425611866N00846307EA0000001151
B1148475611798N00846357EA0000001171
B1148525611797N00846454EA0000001186
B1148585611862N00846472EA0000001192
B1149035611906N00846359EA0000001184
B1149085611898N00846193EA0000001189
B1149145611814N00846074EA0000001189
B1149205611712N00846087EA0000001209
B1149255611666N00846172EA0000001222
B1149315611693N00846263EA0000001227
B1149365611759N00846263EA0000001223
B1149435611827N00846392EA0000001206
B1149485611859N00846525EA0000001196
B1149545611901N00846689EA0000001196
B1150005611948N00846851EA0000001193
B1150055611988N00846978EA0000001205
B1150105612017N00847071EA0000001232
B1150155612038N00847151EA0000001222
B1150205612063N00847256EA0000001200
B1150265612097N00847404EA0000001189
B1150315612126N00847535EA0000001188
B1150365612154N00847672EA0000001185
B1150415612183N00847817EA0000001188
B1150465612204N00847951EA0000001222
B1150545612233N00848117EA0000001246
B1150595612251N00848215EA0000001257
B1151055612270N00848330EA0000001269
B1151105612280N00848428EA0000001270
B1151165612295N00848571EA0000001244
B1151255612330N00848821EA0000001237
B1151305612350N00848953EA0000001254
B1151355612369N00849075EA0000001260
B1151405612390N00849201EA0000001259
B1151465612424N00849349EA0000001256
B1151565612492N00849607EA0000001248
B1152015612520N00849753EA0000001245
B1152065612544N00849908EA0000001254
B1152125612561N00850092EA0000001271
B1152185612569N00850258EA0000001292
B1152265612583N00850471EA0000001300
B1152315612602N00850603EA0000001306
B1152395612631N00850808EA0000001312
B1152455612654N00850963EA0000001322
B1152515612679N00851122EA0000001295
B1152565612701N00851266EA0000001295
B1153015612722N00851405EA0000001316
B1153075612743N00851563EA0000001327
B1153125612774N00851689EA0000001330
B1153185612833N00851831EA0000001308
B1153265612918N00852025EA0000001317
B1153315612970N00852139EA0000001334
B1153365613023N00852240EA0000001348
B1153415613070N00852334EA0000001358
B1153465613115N00852435EA0000001337
B1153525613172N00852571EA0000001321
B1153575613227N00852684EA0000001317
B1154025613297N00852781EA0000001317
B1154075613376N00852862EA0000001330
B1154125613434N00852920EA0000001373
B1154195613518N00852997EA0000001337
B1154245613596N00853067EA0000001314
B1154305613699N00853159EA0000001298
B1154375613819N00853268EA0000001287
B1154435613921N00853365EA0000001285
B1154515614066N00853468EA0000001287
B1154585614208N00853524EA0000001282
B1155035614312N00853549EA0000001285
B1155095614436N00853576EA0000001286
B1155145614541N00853580EA0000001284
B1155225614705N00853565EA0000001279
B1155285614823N00853582EA0000001296
B1155335614895N00853658EA0000001312
B1155385614929N00853777EA0000001323
B1155435614947N00853900EA0000001325
B1155495614966N00854056EA0000001310
B1155545614980N00854202EA0000001306
B1156015615000N00854412EA0000001307
B1156065615017N00854565EA0000001296
B1156125615044N00854744EA0000001301
B1156185615087N00854903EA0000001293
B1156255615177N00855047EA0000001277
B1156345615329N00855155EA0000001262
B1156405615441N00855185EA0000001258
B1156475615570N00855213EA0000001246
B1156555615723N00855232EA0000001232
B1157045615891N00855250EA0000001231
B1157095615978N00855275EA0000001232
B1157145616058N00855315EA0000001226
B1157225616186N00855384EA0000001222
B1157275616260N00855438EA0000001236
B1157325616325N00855499EA0000001241
B1157375616375N00855593EA0000001253
B1157435616427N00855704EA0000001279
B1157495616481N00855777EA0000001284
B1157565616548N00855888EA0000001257
B1158035616618N00856038EA0000001238
B1158085616669N00856156EA0000001229
B1158155616740N00856325EA0000001224
B1158205616793N00856446EA0000001221
B1158255616843N00856571EA0000001216
B1158315616898N00856731EA0000001211
B1158365616936N00856870EA0000001216
B1158415616967N00856994EA0000001235
B1158485617014N00857132EA0000001241
B1158545617091N00857190EA0000001212
B1159005617202N00857196EA0000001183
B1159055617305N00857191EA0000001163
B1159115617434N00857190EA0000001151
B1159205617621N00857191EA0000001157
B1159265617742N00857175EA0000001146
B1159315617844N00857163EA0000001141
B1159375617963N00857155EA0000001136
B1159425618061N00857149EA0000001133
B1159475618158N00857139EA0000001129
B1159525618251N00857134EA0000001130
B1159585618366N00857128EA0000001121
B1200055618504N00857139EA0000001121
B1200135618663N00857175EA0000001118
B1200185618761N00857201EA0000001121
B1200235618850N00857224EA0000001136
B1200285618932N00857248EA0000001134
B1200335619013N00857276EA0000001126
B1200445619192N00857341EA0000001116
B1200495619276N00857361EA0000001111
B1200555619372N00857379EA0000001118
B1201055619533N00857407EA0000001098
B1201115619637N00857435EA0000001092
B1201165619725N00857460EA0000001101
B1201215619800N00857486EA0000001147
B1201265619857N00857517EA0000001160
B1201315619915N00857560EA0000001167
B1201365619968N00857615EA0000001183
B1201415620015N00857672EA0000001196
B1201475620062N00857751EA0000001220
B1201525620101N00857819EA0000001233
B1201575620141N00857895EA0000001243
B1202055620225N00857990EA0000001264
B1202125620301N00858061EA0000001273
B1202185620350N00858155EA0000001264
B1202235620380N00858263EA0000001252
B1202285620411N00858368EA0000001258
B1202365620465N00858524EA0000001260
B1202415620496N00858628EA0000001258
B1202475620532N00858773EA0000001247
B1202525620565N00858904EA0000001233
B1203005620631N00859129EA0000001226
B1203065620684N00859301EA0000001227
B1203135620744N00859491EA0000001235
B1203195620794N00859647EA0000001231
B1203255620846N00859812EA0000001221
B1203325620912N00900009EA0000001217
B1203385620963N00900177EA0000001237
B1203445620997N00900304EA0000001271
B1203505621029N00900401EA0000001271
B1203555621066N00900475EA0000001262
B1204005621112N00900553EA0000001256
B1204055621148N00900654EA0000001252
B1204105621169N00900776EA0000001243
B1204155621178N00900910EA0000001239
B1204285621181N00901289EA0000001225
B1204335621180N00901445EA0000001225
B1204425621177N00901730EA0000001248
B1204475621172N00901860EA0000001279
B1204535621176N00902001EA0000001288
B1204585621192N00902113EA0000001297
B1205045621217N00902242EA0000001301
B1205095621246N00902349EA0000001302
B1205145621283N00902451EA0000001307
B1205195621322N00902547EA0000001310
B1205245621370N00902637EA0000001313
B1205305621433N00902746EA0000001311
B1205365621502N00902857EA0000001322
B1205415621555N00902950EA0000001319
B1205465621599N00903061EA0000001313
B1205525621645N00903209EA0000001300
B1205575621680N00903337EA0000001291
B1206035621720N00903493EA0000001278
B1206085621756N00903625EA0000001271
B1206135621792N00903753EA0000001280
B1206185621823N00903865EA0000001306
B1206265621883N00904014EA0000001321
B1206315621945N00904062EA0000001329
B1206365622016N00904067EA0000001331
B1206425622111N00904024EA0000001309
B1206495622240N00903954EA0000001286
B1206545622338N00903903EA0000001278
B1207045622538N00903789EA0000001274
B1207095622638N00903726EA0000001269
B1207175622799N00903622EA0000001269
B1207225622894N00903561EA0000001275
B1207315623054N00903463EA0000001272
B1207375623159N00903405EA0000001267
B1207425623246N00903354EA0000001257
B1207475623335N00903310EA0000001248
B1207525623426N00903276EA0000001246
B1207585623535N00903263EA0000001251
B1208035623610N00903312EA0000001262
B1208095623679N00903411EA0000001272
B1208145623732N00903498EA0000001277
B1208215623810N00903608EA0000001282
B1208265623878N00903669EA0000001267
B1208315623961N00903706EA0000001250
B1208375624073N00903707EA0000001240
B1208425624158N00903741EA0000001238
B1208475624232N00903807EA0000001229
B1208535624323N00903890EA0000001221
B1208585624404N00903946EA0000001212
B1209045624508N00904000EA0000001204
B1209105624617N00904043EA0000001192
B1209155624710N00904067EA0000001183
B1209205624804N00904083EA0000001176
B1209255624897N00904093EA0000001174
B1209325625026N00904107EA0000001160
B1209375625117N00904111EA0000001155
B1209435625225N00904132EA0000001146
B1209485625307N00904186EA0000001137
B1209575625434N00904331EA0000001122
B1210025625505N00904413EA0000001112
B1210095625601N00904531EA0000001106
B1210155625677N00904637EA0000001098
B1210205625743N00904719EA0000001081
B1210265625834N00904812EA0000001064
B1210315625913N00904881EA0000001062
B1210365625991N00904945EA0000001062
B1210415626067N00905004EA0000001054
B1210505626205N00905104EA0000001046
B1210555626277N00905172EA0000001048
B1211005626343N00905256EA0000001056
B1211055626405N00905334EA0000001082
B1211105626454N00905396EA0000001104
B1211155626504N00905452EA0000001110
B1211205626546N00905514EA0000001119
B1211265626550N00905645EA0000001106
B1211325626536N00905805EA0000001106
B1211385626521N00905971EA0000001115
B1211435626512N00906099EA0000001117
B1211505626515N00906273EA0000001119
B1211555626540N00906383EA0000001122
B1212005626575N00906482EA0000001130
B1212055626611N00906573EA0000001147
B1212105626659N00906620EA0000001164
B1212155626700N00906517EA0000001174
B1212205626659N00906385EA0000001187
B1212265626570N00906351EA0000001197
B1212325626511N00906447EA0000001208
B1212375626520N00906539EA0000001219
B1212425626575N00906549EA0000001235
B1212475626609N00906438EA0000001251
B1212525626580N00906308EA0000001261
B1212575626506N00906252EA0000001267
B1213035626428N00906307EA0000001284
B1213105626415N00906453EA0000001277
B1213155626451N00906570EA0000001282
B1213225626513N00906732EA0000001294
B1213275626540N00906868EA0000001293
B1213345626589N00907078EA0000001289
B1213425626651N00907336EA0000001265
B1213475626700N00907505EA0000001260
B1213545626789N00907708EA0000001278
B1213595626866N00907809EA0000001288
B1214045626950N00907891EA0000001284
B1214095627037N00907969EA0000001271
B1214145627131N00908042EA0000001263
B1214205627242N00908129EA0000001260
B1214275627364N00908246EA0000001253
B1214325627443N00908348EA0000001248
B1214385627529N00908481EA0000001244
B1214435627594N00908594EA0000001241
B1214535627720N00908829EA0000001229
B1214585627780N00908951EA0000001224
B1215065627871N00909152EA0000001212
B1215115627926N00909280EA0000001209
B1215175627994N00909429EA0000001205
B1215225628051N00909547EA0000001204
B1215305628145N00909723EA0000001193
B1215355628209N00909834EA0000001179
B1215445628329N00910032EA0000001176
B1215535628427N00910219EA0000001186
B1215585628476N00910322EA0000001178
B1216075628568N00910529EA0000001158
B1216135628631N00910672EA0000001156
B1216185628685N00910791EA0000001153
B1216235628739N00910907EA0000001164
B1216285628783N00911004EA0000001179
B1216335628822N00911102EA0000001172
B1216405628888N00911254EA0000001150
B1216475628970N00911410EA0000001128
B1216565629098N00911602EA0000001107
B1217045629212N00911767EA0000001096
B1217115629312N00911907EA0000001092
B1217195629424N00912058EA0000001091
B1217255629505N00912171EA0000001090
B1217305629569N00912260EA0000001087
B1217365629641N00912374EA0000001086
B1217415629700N00912463EA0000001084
B1217465629759N00912549EA0000001078
B1217535629850N00912669EA0000001057
B1217585629921N00912761EA0000001043
B1218045630006N00912874EA0000001034
B1218095630070N00912971EA0000001033
B1218185630182N00913150EA0000001029
B1218235630240N00913252EA0000001021
B1218325630343N00913452EA0000001004
B1218395630427N00913610EA0000000998
B1218475630517N00913785EA0000000995
B1218525630573N00913894EA0000000983
B1219025630690N00914127EA0000000970
B1219085630757N00914267EA0000000963
B1219145630819N00914414EA0000000959
B1219245630918N00914661EA0000000953
B1219305630971N00914810EA0000000951
B1219355631009N00914939EA0000000949
B1219405631046N00915063EA0000000951
B1219455631086N00915177EA0000000953
B1219505631130N00915278EA0000000965
B1219595631206N00915438EA0000000973
B1220065631259N00915555EA0000000979
B1220115631289N00915648EA0000000978
B1220165631314N00915751EA0000000980
B1220215631332N00915859EA0000000987
B1220295631398N00915982EA0000000994
B1220355631463N00916045EA0000001002
B1220425631547N00916059EA0000001002
B1220475631604N00916057EA0000001011
B1220525631636N00916132EA0000000997
B1220585631641N00916290EA0000000987
B1221045631631N00916470EA0000000983
B1221095631620N00916628EA0000000983
B1221155631609N00916818EA0000000984
B1221205631602N00916978EA0000000973
B1221255631596N00917143EA0000000966
B1221365631597N00917483EA0000000971
B1221445631611N00917726EA0000000951
B1221495631625N00917882EA0000000942
B1221545631639N00918039EA0000000932
B1222005631655N00918230EA0000000924
B1222075631670N00918453EA0000000916
B1222135631682N00918645EA0000000907
B1222185631689N00918804EA0000000904
B1222235631693N00918960EA0000000902
B1222285631695N00919118EA0000000890
B1222335631698N00919285EA0000000872
B1222405631704N00919521EA0000000860
B1222465631704N00919721EA0000000870
B1222515631700N00919860EA0000000896
B1222575631690N00919996EA0000000914
B1223055631685N00920177EA0000000917
B1223135631688N00920354EA0000000925
B1223185631699N00920461EA0000000927
B1223255631741N00920590EA0000000931
B1223305631776N00920674EA0000000929
B1223385631841N00920811EA0000000921
B1223455631899N00920940EA0000000917
B1223515631942N00921066EA0000000927
B1223565631975N00921158EA0000000956
B1224015632020N00921187EA0000000970
B1224075632047N00921044EA0000000983
B1224125631987N00920945EA0000000995
B1224175631913N00920957EA0000001005
B1224235631888N00921063EA0000001013
B1224285631938N00921085EA0000001026
B1224335631965N00920971EA0000001037
B1224385631918N00920839EA0000001046
B1224435631842N00920826EA0000001058
B1224485631808N00920909EA0000001064
B1224545631850N00920988EA0000001075
B1224595631899N00920935EA0000001090
B1225045631893N00920786EA0000001090
B1225095631822N00920711EA0000001108
B1225145631771N00920776EA0000001107
B1225195631780N00920874EA0000001125
B1225245631807N00920936EA0000001138
B1225295631855N00920893EA0000001146
B1225345631860N00920753EA0000001152
B1225395631800N00920640EA0000001155
B1225445631729N00920663EA0000001161
B1225495631715N00920769EA0000001164
B1225545631732N00920866EA0000001189
B1226035631808N00920853EA0000001214
B1226085631796N00920705EA0000001222
B1226135631718N00920639EA0000001230
B1226195631639N00920701EA0000001251
B1226245631619N00920790EA0000001269
B1226295631662N00920835EA0000001286
B1226345631705N00920740EA0000001305
B1226395631675N00920594EA0000001316
B1226465631564N00920553EA0000001340
B1226515631508N00920622EA0000001356
B1226565631488N00920718EA0000001377
B1227015631489N00920824EA0000001379
B1227065631507N00920946EA0000001383
B1227115631536N00921070EA0000001398
B1227175631574N00921219EA0000001399
B1227225631612N00921352EA0000001390
B1227285631664N00921522EA0000001375
B1227335631708N00921667EA0000001364
B1227385631755N00921816EA0000001355
B1227435631804N00921967EA0000001354
B1227485631855N00922114EA0000001352
B1227545631917N00922281EA0000001348
B1228015631995N00922456EA0000001356
B1228065632052N00922561EA0000001365
B1228125632124N00922672EA0000001380
B1228175632183N00922738EA0000001391
B1228225632247N00922787EA0000001393
B1228315632370N00922852EA0000001391
B1228365632439N00922892EA0000001395
B1228425632520N00922948EA0000001398
B1228475632586N00922997EA0000001397
B1228535632667N00923070EA0000001390
B1228585632730N00923148EA0000001391
B1229035632788N00923237EA0000001389
B1229085632841N00923335EA0000001388
B1229135632890N00923440EA0000001385
B1229185632942N00923548EA0000001376
B1229235633000N00923653EA0000001367
B1229295633072N00923781EA0000001351
B1229345633135N00923891EA0000001333
B1229405633214N00924025EA0000001325
B1229455633278N00924135EA0000001323
B1229515633348N00924256EA0000001347
B1229585633412N00924368EA0000001351
B1230045633468N00924459EA0000001338
B1230105633526N00924554EA0000001328
B1230155633573N00924641EA0000001316
B1230215633628N00924760EA0000001308
B1230265633672N00924861EA0000001305
B1230335633726N00925007EA0000001305
B1230385633762N00925113EA0000001302
B1230435633793N00925226EA0000001309
B1230495633822N00925346EA0000001318
B1230555633852N00925473EA0000001311
B1231025633887N00925629EA0000001302
B1231115633960N00925814EA0000001293
B1231175634027N00925911EA0000001302
B1231245634100N00926002EA0000001321
B1231305634156N00926078EA0000001332
B1231365634214N00926156EA0000001341
B1231415634264N00926222EA0000001357
B1231465634324N00926226EA0000001373
B1231525634366N00926084EA0000001374
B1231575634327N00925947EA0000001370
B1232025634244N00925913EA0000001366
B1232075634170N00925972EA0000001373
B1232125634115N00926055EA0000001391
B1232175634121N00926152EA0000001392
B1232235634189N00926161EA0000001394
B1232295634261N00926078EA0000001387
B1232345634334N00926060EA0000001375
B1232395634408N00926088EA0000001366
B1232475634519N00926179EA0000001357
B1232545634599N00926300EA0000001343
B1232595634651N00926403EA0000001336
B1233045634699N00926511EA0000001336
B1233115634762N00926661EA0000001326
B1233165634807N00926775EA0000001320
B1233215634847N00926878EA0000001318
B1233265634891N00926984EA0000001300
B1233355634981N00927182EA0000001281
B1233415635047N00927304EA0000001273
B1233495635141N00927462EA0000001262
B1233555635208N00927581EA0000001254
B1234025635281N00927725EA0000001250
B1234095635353N00927873EA0000001239
B1234155635410N00927999EA0000001268
B1234215635453N00928090EA0000001286
B1234275635503N00928174EA0000001279
B1234325635557N00928231EA0000001283
B1234375635618N00928267EA0000001284
B1234425635682N00928297EA0000001295
B1234485635748N00928321EA0000001310
B1234545635808N00928353EA0000001303
B1234595635866N00928396EA0000001290
B1235075635969N00928481EA0000001286
B1235155636072N00928571EA0000001291
B1235215636148N00928632EA0000001293
B1235275636218N00928703EA0000001290
B1235345636298N00928801EA0000001283
B1235415636376N00928910EA0000001274
B1235555636521N00929168EA0000001267
B1236025636594N00929298EA0000001255
B1236085636670N00929391EA0000001249
B1236175636788N00929514EA0000001250
B1236235636859N00929597EA0000001252
B1236375637014N00929818EA0000001267
B1236435637069N00929919EA0000001268
B1236505637134N00930038EA0000001248
B1236575637208N00930160EA0000001240
B1237035637265N00930275EA0000001242
B1237105637325N00930407EA0000001265
B1237155637355N00930495EA0000001276
B1237205637319N00930595EA0000001280
B1237265637231N00930623EA0000001295
B1237315637177N00930513EA0000001298
B1237365637195N00930379EA0000001300
B1237415637250N00930315EA0000001310
B1237475637308N00930366EA0000001312
B1237535637308N00930499EA0000001322
B1237585637286N00930607EA0000001324
B1238035637225N00930679EA0000001321
B1238085637139N00930687EA0000001322
B1238135637053N00930671EA0000001325
B1238185636975N00930616EA0000001329
B1238235636942N00930471EA0000001327
B1238285636956N00930323EA0000001336
B1238335636987N00930200EA0000001347
B1238385637048N00930167EA0000001350
B1238435637068N00930264EA0000001362
B1238485636999N00930310EA0000001362
B1238535636939N00930211EA0000001374
B1238585636946N00930087EA0000001377
B1239045637018N00930020EA0000001389
B1239095637082N00930009EA0000001394
B1239145637156N00929997EA0000001390
B1239195637236N00929987EA0000001374
B1239255637338N00929989EA0000001386
B1239305637414N00930015EA0000001395
B1239375637505N00930092EA0000001391
B1239445637591N00930192EA0000001375
B1239505637665N00930294EA0000001363
B1239565637744N00930401EA0000001353
B1240015637820N00930466EA0000001345
B1240065637906N00930503EA0000001333
B1240135638034N00930488EA0000001320
B1240205638162N00930424EA0000001312
B1240255638253N00930366EA0000001315
B1240305638342N00930319EA0000001332
B1240355638417N00930282EA0000001350
B1240405638488N00930248EA0000001347
B1240465638579N00930223EA0000001337
B1240545638703N00930209EA0000001325
B1241035638851N00930203EA0000001313
B1241125639001N00930211EA0000001307
B1241185639100N00930214EA0000001305
B1241265639235N00930218EA0000001298
B1241315639322N00930217EA0000001295
B1241365639412N00930220EA0000001291
B1241435639536N00930230EA0000001287
B1241515639679N00930251EA0000001287
B1241585639783N00930335EA0000001284
B1242045639858N00930446EA0000001264
B1242095639924N00930542EA0000001255
B1242145639993N00930636EA0000001252
B1242195640058N00930732EA0000001258
B1242265640136N00930845EA0000001284
B1242325640196N00930915EA0000001301
B1242385640253N00930984EA0000001278
B1242435640309N00931064EA0000001261
B1242495640378N00931172EA0000001267
B1242545640423N00931269EA0000001276
B1242595640461N00931373EA0000001276
B1243045640500N00931478EA0000001284
B1243115640548N00931616EA0000001295
B1243165640577N00931710EA0000001306
B1243215640601N00931802EA0000001307
B1243265640653N00931868EA0000001299
B1243315640722N00931908EA0000001298
B1243395640837N00931954EA0000001305
B1243445640907N00931984EA0000001300
B1243515641002N00932061EA0000001279
B1243585641104N00932155EA0000001269
B1244065641220N00932256EA0000001273
B1244125641306N00932326EA0000001265
B1244175641375N00932388EA0000001259
B1244225641440N00932464EA0000001245
B1244305641536N00932612EA0000001231
B1244395641645N00932780EA0000001229
B1244485641753N00932951EA0000001222
B1244545641823N00933067EA0000001216
B1245035641922N00933241EA0000001197
B1245105641989N00933385EA0000001183
B1245155642033N00933489EA0000001174
B1245235642106N00933634EA0000001175
B1245305642172N00933751EA0000001183
B1245355642215N00933824EA0000001185
B1245405642254N00933902EA0000001179
B1245455642301N00933975EA0000001173
B1245515642381N00933946EA0000001170
B1245575642450N00933823EA0000001166
B1246045642513N00933618EA0000001152
B1246105642548N00933408EA0000001165
B1246165642578N00933230EA0000001189
B1246215642603N00933106EA0000001189
B1246265642622N00932958EA0000001176
B1246325642598N00932752EA0000001170
B1246385642544N00932547EA0000001166
B1246435642494N00932374EA0000001156
B1246495642426N00932167EA0000001145
B1246545642366N00931998EA0000001156
B1247045642264N00931684EA0000001189
B1247095642304N00931563EA0000001197
B1247145642359N00931585EA0000001209
B1247195642345N00931686EA0000001222
B1247245642276N00931687EA0000001233
B1247315642223N00931494EA0000001236
B1247365642254N00931356EA0000001249
B1247415642318N00931328EA0000001259
B1247465642344N00931404EA0000001272
B1247515642291N00931461EA0000001267
B1247565642206N00931411EA0000001279
B1248025642155N00931245EA0000001292
B1248075642176N00931100EA0000001306
B1248125642235N00931053EA0000001318
B1248175642272N00931116EA0000001327
B1248225642243N00931190EA0000001342
B1248275642167N00931162EA0000001342
B1248325642121N00931036EA0000001363
B1248385642143N00930869EA0000001365
B1248445642212N00930801EA0000001377
B1248495642255N00930851EA0000001381
B1248565642221N00930968EA0000001381
B1249015642139N00930947EA0000001394
B1249065642090N00930814EA0000001406
B1249115642107N00930659EA0000001411
B1249185642189N00930534EA0000001414
B1249235642263N00930482EA0000001403
B1249285642345N00930435EA0000001389
B1249345642453N00930379EA0000001367
B1249415642586N00930307EA0000001351
B1249485642723N00930239EA0000001333
B1249545642841N00930184EA0000001322
B1249595642938N00930139EA0000001315
B1250045643034N00930096EA0000001309
B1250095643130N00930052EA0000001303
B1250145643224N00930008EA0000001294
B1250235643392N00929928EA0000001277
B1250315643539N00929855EA0000001269
B1250375643649N00929800EA0000001263
B1250425643738N00929753EA0000001262
B1250485643843N00929700EA0000001259
B1250555643964N00929643EA0000001250
B1251015644070N00929593EA0000001239
B1251075644177N00929546EA0000001234
B1251135644283N00929498EA0000001227
B1251195644390N00929449EA0000001220
B1251245644479N00929410EA0000001216
B1251315644602N00929350EA0000001229
B1251385644711N00929285EA0000001245
B1251435644788N00929221EA0000001233
B1251485644871N00929142EA0000001218
B1252025645138N00928942EA0000001179
B1252095645280N00928849EA0000001158
B1252155645402N00928776EA0000001151
B1252225645544N00928699EA0000001142
B1252305645701N00928614EA0000001135
B1252365645816N00928556EA0000001130
B1252425645932N00928506EA0000001126
B1252475646026N00928466EA0000001121
B1252545646160N00928405EA0000001116
B1253005646273N00928354EA0000001110
B1253075646404N00928301EA0000001099
B1253145646537N00928252EA0000001085
B1253215646666N00928193EA0000001086
B1253275646774N00928145EA0000001076
B1253325646864N00928104EA0000001072
B1253375646954N00928062EA0000001077
B1253425647035N00928022EA0000001103
B1253485647121N00927981EA0000001123
B1253545647193N00927890EA0000001143
B1253595647201N00927737EA0000001163
B1254045647143N00927622EA0000001176
B1254095647068N00927619EA0000001188
B1254145647029N00927706EA0000001193
B1254195647038N00927805EA0000001206
B1254245647081N00927846EA0000001218
B1254295647139N00927791EA0000001225
B1254375647146N00927562EA0000001256
B1254425647078N00927504EA0000001268
B1254475647020N00927574EA0000001267
B1254525647019N00927672EA0000001286
B1254575647058N00927722EA0000001291
B1255025647118N00927725EA0000001299
B1255085647194N00927721EA0000001313
B1255135647254N00927714EA0000001327
B1255195647324N00927708EA0000001328
B1255245647387N00927718EA0000001315
B1255305647469N00927740EA0000001324
B1255365647548N00927764EA0000001339
B1255415647609N00927790EA0000001345
B1255495647701N00927843EA0000001344
B1255565647758N00927948EA0000001334
B1256015647796N00928033EA0000001332
B1256125647880N00928221EA0000001330
B1256175647934N00928284EA0000001328
B1256245648033N00928289EA0000001329
B1256295648107N00928264EA0000001320
B1256355648201N00928229EA0000001303
B1256415648300N00928205EA0000001287
B1256475648400N00928203EA0000001276
B1256545648517N00928216EA0000001268
B1257015648627N00928257EA0000001260
B1257075648719N00928321EA0000001260
B1257125648791N00928395EA0000001269
B1257185648872N00928481EA0000001283
B1257235648933N00928550EA0000001291
B1257285648996N00928497EA0000001299
B1257345648979N00928305EA0000001296
B1257415648874N00928146EA0000001315
B1257465648795N00928059EA0000001333
B1257525648700N00927959EA0000001347
B1257595648596N00927827EA0000001357
B1258045648517N00927729EA0000001356
B1258095648433N00927628EA0000001344
B1258145648336N00927541EA0000001330
B1258205648210N00927457EA0000001320
B1258265648076N00927380EA0000001303
B1258325647937N00927309EA0000001298
B1258395647777N00927225EA0000001284
B1258465647618N00927140EA0000001274
B1258535647464N00927085EA0000001266
B1258585647362N00927019EA0000001267
B1259045647265N00926859EA0000001266
B1259095647203N00926699EA0000001260
B1259145647147N00926531EA0000001255
B1259225647068N00926253EA0000001254
B1259275647027N00926075EA0000001255
B1259345646946N00925852EA0000001244
B1259405646842N00925731EA0000001233
B1259455646747N00925677EA0000001237
B1259505646654N00925634EA0000001246
B1259555646567N00925623EA0000001260
B1300015646508N00925722EA0000001278
B1300095646568N00925806EA0000001300
B1300145646611N00925701EA0000001296
B1300245646551N00925418EA0000001311
B1300295646476N00925370EA0000001324
B1300345646412N00925414EA0000001323
B1300405646357N00925518EA0000001333
B1300455646280N00925519EA0000001343
B1300505646223N00925401EA0000001344
B1300565646176N00925219EA0000001354
B1301065646081N00924929EA0000001353
B1301165646000N00924584EA0000001327
B1301225645959N00924355EA0000001313
B1301305645911N00924032EA0000001304
B1301365645864N00923790EA0000001293
B1301455645807N00923408EA0000001283
B1301535645763N00923065EA0000001274
B1302025645728N00922667EA0000001265
B1302105645670N00922325EA0000001261
B1302195645607N00921948EA0000001254
B1302245645590N00921730EA0000001245
B1302315645579N00921428EA0000001239
B1302365645580N00921213EA0000001240
B1302455645580N00920877EA0000001250
B1302505645568N00920695EA0000001244
B1302585645548N00920397EA0000001257
B1303095645494N00920055EA0000001287
B1303145645416N00920051EA0000001281
B1303195645376N00920147EA0000001284
B1303245645396N00920250EA0000001286
B1303315645479N00920296EA0000001300
B1303365645540N00920229EA0000001311
B1303415645568N00920084EA0000001312
B1303545645496N00919693EA0000001319
B1304095645274N00919316EA0000001309
B1304145645203N00919170EA0000001297
B1304195645131N00919015EA0000001285
B1304265645025N00918806EA0000001286
B1304315644954N00918660EA0000001284
B1304365644883N00918508EA0000001277
B1304445644770N00918262EA0000001265
B1304505644677N00918088EA0000001263
B1304575644559N00917916EA0000001260
B1305055644417N00917753EA0000001263
B1305125644283N00917637EA0000001253
B1305175644184N00917552EA0000001244
B1305225644085N00917456EA0000001234
B1305295643945N00917309EA0000001223
B1305375643783N00917149EA0000001217
B1305455643624N00916999EA0000001214
B1305515643506N00916885EA0000001210
B1305565643408N00916786EA0000001198
B1306025643285N00916679EA0000001191
B1306095643137N00916563EA0000001186
B1306155643011N00916469EA0000001191
B1306205642909N00916390EA0000001183
B1306295642726N00916232EA0000001174
B1306345642627N00916143EA0000001168
B1306405642506N00916029EA0000001149
B1306465642387N00915900EA0000001133
B1306515642287N00915783EA0000001134
B1306575642172N00915658EA0000001155
B1307025642090N00915567EA0000001172
B1307095642035N00915360EA0000001173
B1307145642043N00915200EA0000001174
B1307195642058N00915041EA0000001170
B1307245642073N00914871EA0000001171
B1307385642158N00914531EA0000001209
B1307455642167N00914671EA0000001216
B1307505642099N00914733EA0000001229
B1307585641993N00914627EA0000001241
B1308035641997N00914488EA0000001254
B1308085642048N00914445EA0000001261
B1308135642086N00914514EA0000001261
B1308195642056N00914644EA0000001269
B1308245641988N00914703EA0000001281
B1308295641913N00914656EA0000001289
B1308355641872N00914490EA0000001297
B1308435641867N00914239EA0000001299
B1308485641872N00914071EA0000001288
B1308545641883N00913854EA0000001275
B1309005641897N00913630EA0000001281
B1309105641896N00913306EA0000001316
B1309165641889N00913127EA0000001310
B1309215641886N00912960EA0000001295
B1309265641879N00912775EA0000001293
B1309365641857N00912407EA0000001298
B1309415641835N00912231EA0000001316
B1309475641798N00912045EA0000001317
B1309545641745N00911816EA0000001287
B1310015641691N00911548EA0000001265
B1310095641621N00911247EA0000001264
B1310155641566N00911033EA0000001252
B1310245641497N00910707EA0000001257
B1310315641458N00910458EA0000001255
B1310375641443N00910240EA0000001251
B1310475641437N00909873EA0000001248
B1310595641422N00909405EA0000001232
B1311045641397N00909201EA0000001221
B1311115641336N00908910EA0000001210
B1311185641251N00908632EA0000001203
B1311285641120N00908247EA0000001194
B1311335641054N00908070EA0000001204
B1311395640976N00907867EA0000001199
B1311445640902N00907706EA0000001191
B1311505640796N00907527EA0000001174
B1311555640698N00907390EA0000001168
B1312005640592N00907282EA0000001164
B1312065640455N00907201EA0000001154
B1312135640293N00907171EA0000001156
B1312215640111N00907161EA0000001148
B1312275639973N00907161EA0000001148
B1312325639861N00907146EA0000001141
B1312375639746N00907108EA0000001128
B1312435639606N00907057EA0000001129
B1312485639497N00907021EA0000001140
B1312585639285N00907004EA0000001132
B1313045639157N00907011EA0000001131
B1313125638986N00907047EA0000001122
B1313205638820N00907096EA0000001126
B1313265638707N00907134EA0000001138
B1313335638580N00907191EA0000001130
B1313405638453N00907267EA0000001132
B1313455638372N00907321EA0000001142
B1313505638293N00907380EA0000001128
B1313575638177N00907489EA0000001104
B1314035638071N00907599EA0000001085
B1314085637980N00907694EA0000001080
B1314135637888N00907796EA0000001075
B1314195637779N00907922EA0000001077
B1314255637674N00908052EA0000001075
B1314325637552N00908198EA0000001076
B1314415637401N00908380EA0000001078
B1314475637300N00908493EA0000001079
B1314525637218N00908592EA0000001075
B1314575637132N00908692EA0000001073
B1315055636987N00908847EA0000001066
B1315105636897N00908942EA0000001062
B1315155636807N00909038EA0000001059
B1315205636721N00909138EA0000001052
B1315265636617N00909259EA0000001048
B1315345636477N00909420EA0000001038
B1315435636315N00909595EA0000001030
B1315535636138N00909791EA0000001026
B1316045635944N00910013EA0000001015
B1316105635840N00910139EA0000001011
B1316155635751N00910240EA0000001006
B1316215635642N00910354EA0000001003
B1316265635551N00910441EA0000001001
B1316335635426N00910560EA0000000999
B1316435635239N00910685EA0000000999
B1316495635125N00910745EA0000000993
B1316545635030N00910798EA0000000985
B1317025634862N00910835EA0000000970
B1317085634730N00910810EA0000000964
B1317145634599N00910756EA0000000962
B1317205634478N00910745EA0000000977
B1317265634390N00910828EA0000000998
B1317315634352N00910927EA0000001008
B1317365634365N00911019EA0000001014
B1317415634417N00911028EA0000001015
B1317465634452N00910917EA0000001021
B1317515634422N00910768EA0000001027
B1317585634309N00910669EA0000001043
B1318045634244N00910751EA0000001052
B1318095634268N00910827EA0000001058
B1318155634321N00910751EA0000001067
B1318205634300N00910602EA0000001074
B1318255634230N00910518EA0000001091
B1318325634169N00910614EA0000001103
B1318385634226N00910636EA0000001110
B1318435634254N00910508EA0000001115
B1318495634214N00910337EA0000001127
B1318545634134N00910303EA0000001143
B1318595634116N00910400EA0000001160
B1319065634181N00910327EA0000001178
B1319115634149N00910180EA0000001195
B1319165634076N00910143EA0000001214
B1319215634048N00910235EA0000001228
B1319265634097N00910276EA0000001248
B1319315634135N00910161EA0000001254
B1319365634098N00910020EA0000001275
B1319415634023N00910003EA0000001293
B1319475634009N00910117EA0000001311
B1319525634069N00910119EA0000001331
B1319585634094N00909951EA0000001344
B1320035634040N00909837EA0000001361
B1320085633968N00909846EA0000001378
B1320145633952N00909955EA0000001400
B1320195634007N00909977EA0000001416
B1320255634051N00909834EA0000001429
B1320315634004N00909677EA0000001445
B1320365633932N00909659EA0000001460
B1320415633905N00909749EA0000001470
B1320495633990N00909734EA0000001493
B1320545633962N00909589EA0000001508
B1321005633874N00909479EA0000001521
B1321085633750N00909329EA0000001525
B1321175633604N00909110EA0000001520
B1321235633494N00908952EA0000001503
B1321285633384N00908840EA0000001491
B1321365633190N00908681EA0000001462
B1321425633032N00908556EA0000001442
B1321475632899N00908452EA0000001438
B1321535632741N00908329EA0000001426
B1321585632617N00908208EA0000001441
B1322065632426N00908033EA0000001444
B1322115632301N00907932EA0000001436
B1322165632180N00907819EA0000001433
B1322225632035N00907691EA0000001453
B1322275631922N00907588EA0000001477
B1322325631811N00907484EA0000001478
B1322395631649N00907332EA0000001454
B1322455631504N00907194EA0000001443
B1322505631382N00907081EA0000001443
B1322555631261N00906974EA0000001442
B1323025631094N00906840EA0000001446
B1323075630973N00906768EA0000001454
B1323125630857N00906732EA0000001482
B1323175630761N00906713EA0000001487
B1323225630654N00906687EA0000001449
B1323275630530N00906651EA0000001424
B1323345630348N00906590EA0000001405
B1323395630217N00906536EA0000001393
B1323455630058N00906469EA0000001380
B1323505629925N00906412EA0000001372
B1323575629740N00906323EA0000001364
B1324055629531N00906204EA0000001351
B1324105629401N00906127EA0000001346
B1324175629218N00906021EA0000001336
B1324225629087N00905950EA0000001329
B1324275628957N00905876EA0000001324
B1324335628803N00905782EA0000001312
B1324385628675N00905707EA0000001308
B1324445628529N00905607EA0000001307
B1324495628410N00905522EA0000001305
B1324545628300N00905437EA0000001315
B1324595628195N00905355EA0000001314
B1325045628089N00905281EA0000001316
B1325105627960N00905189EA0000001316
B1325155627852N00905107EA0000001321
B1325215627726N00905007EA0000001326
B1325285627581N00904889EA0000001330
B1325335627479N00904802EA0000001332
B1325385627377N00904707EA0000001322
B1325445627250N00904588EA0000001313
B1325495627142N00904497EA0000001313
B1325545627036N00904404EA0000001320
B1325595626951N00904264EA0000001335
B1326045626893N00904091EA0000001347
B1326095626853N00903914EA0000001347
B1326145626818N00903729EA0000001352
B1326205626779N00903501EA0000001358
B1326265626741N00903269EA0000001363
B1326325626689N00903041EA0000001365
B1326375626644N00902852EA0000001362
B1326425626593N00902664EA0000001359
B1326475626536N00902475EA0000001346
B1326525626468N00902289EA0000001341
B1326585626352N00902121EA0000001345
B1327035626260N00902014EA0000001395
B1327085626194N00901920EA0000001406
B1327135626118N00901809EA0000001385
B1327185626028N00901687EA0000001365
B1327235625932N00901558EA0000001357
B1327285625839N00901422EA0000001373
B1327335625760N00901280EA0000001395
B1327385625685N00901159EA0000001418
B1327435625607N00901060EA0000001433
B1327495625534N00900916EA0000001455
B1327545625541N00900755EA0000001458
B1327595625513N00900608EA0000001472
B1328045625443N00900587EA0000001469
B1328105625410N00900696EA0000001453
B1328155625365N00900791EA0000001448
B1328205625281N00900837EA0000001425
B1328265625145N00900862EA0000001390
B1328315625019N00900879EA0000001373
B1328375624868N00900910EA0000001361
B1328425624740N00900944EA0000001355
B1328475624615N00900980EA0000001353
B1328525624491N00901017EA0000001343
B1328585624342N00901058EA0000001330
B1329055624168N00901106EA0000001320
B1329125623996N00901147EA0000001313
B1329195623825N00901183EA0000001307
B1329245623704N00901208EA0000001298
B1329295623579N00901237EA0000001285
B1329355623429N00901273EA0000001314
B1329405623320N00901291EA0000001336
B1329465623193N00901325EA0000001323
B1329525623059N00901387EA0000001314
B1329575622943N00901446EA0000001301
B1330025622824N00901505EA0000001293
B1330095622655N00901584EA0000001275
B1330145622533N00901638EA0000001273
B1330205622388N00901700EA0000001271
B1330275622221N00901771EA0000001260
B1330335622076N00901834EA0000001254
B1330435621841N00901935EA0000001241
B1330485621723N00901979EA0000001233
B1330545621580N00902033EA0000001223
B1330595621462N00902075EA0000001221
B1331055621321N00902122EA0000001213
B1331135621129N00902173EA0000001205
B1331195620980N00902192EA0000001199
B1331245620856N00902194EA0000001196
B1331295620734N00902173EA0000001187
B1331345620610N00902128EA0000001170
B1331395620485N00902072EA0000001159
B1331445620357N00902013EA0000001156
B1331495620233N00901950EA0000001154
B1331545620112N00901873EA0000001143
B1332025619919N00901718EA0000001129
B1332075619803N00901604EA0000001125
B1332135619666N00901456EA0000001122
B1332185619554N00901343EA0000001122
B1332245619418N00901213EA0000001111
B1332295619303N00901087EA0000001099
B1332355619173N00900913EA0000001097
B1332405619072N00900756EA0000001092
B1332455618981N00900583EA0000001089
B1332525618862N00900327EA0000001080
B1332585618774N00900099EA0000001099
B1333045618702N00859886EA0000001099
B1333115618622N00859633EA0000001102
B1333175618558N00859416EA0000001100
B1333225618502N00859239EA0000001088
B1333295618420N00858989EA0000001065
B1333345618355N00858810EA0000001058
B1333395618290N00858634EA0000001057
B1333455618212N00858417EA0000001045
B1333505618149N00858231EA0000001038
B1333555618085N00858045EA0000001032
B1334015618001N00857823EA0000001015
B1334075617916N00857588EA0000001001
B1334125617847N00857385EA0000000992
B1334185617767N00857136EA0000000983
B1334235617705N00856929EA0000000983
B1334285617643N00856723EA0000000978
B1334395617504N00856274EA0000000976
B1334445617445N00856064EA0000000978
B1334565617483N00855795EA0000001059
B1335015617481N00855885EA0000001059
B1335065617417N00855939EA0000001056
B1335115617331N00855891EA0000001057
B1335175617277N00855727EA0000001080
B1335235617273N00855547EA0000001100
B1335295617180N00855477EA0000001124
B1335345617149N00855581EA0000001133
B1335405617206N00855647EA0000001152
B1335455617260N00855589EA0000001167
B1335505617281N00855461EA0000001182
B1335555617232N00855328EA0000001190
B1336015617124N00855285EA0000001209
B1336065617071N00855372EA0000001231
B1336125617104N00855463EA0000001244
B1336195617177N00855369EA0000001263
B1336245617181N00855220EA0000001280
B1336295617127N00855089EA0000001291
B1336345617057N00854967EA0000001303
B1336395616988N00854842EA0000001321
B1336445616921N00854730EA0000001342
B1336495616845N00854635EA0000001341
B1336565616722N00854501EA0000001336
B1337015616627N00854406EA0000001332
B1337075616509N00854285EA0000001332
B1337125616406N00854184EA0000001333
B1337205616237N00854025EA0000001333
B1337255616131N00853921EA0000001330
B1337315616008N00853773EA0000001326
B1337375615883N00853616EA0000001321
B1337425615781N00853497EA0000001351
B1337475615689N00853416EA0000001387
B1337525615606N00853369EA0000001403
B1337575615522N00853327EA0000001410
B1338025615431N00853283EA0000001399
B1338085615302N00853229EA0000001370
B1338145615157N00853166EA0000001352
B1338195615030N00853112EA0000001344
B1338245614901N00853053EA0000001336
B1338305614745N00852969EA0000001331
B1338395614510N00852825EA0000001322
B1338465614325N00852739EA0000001316
B1338525614171N00852660EA0000001316
B1339015613937N00852541EA0000001307
B1339065613810N00852467EA0000001315
B1339135613655N00852317EA0000001321
B1339205613505N00852169EA0000001314
B1339255613391N00852086EA0000001306
B1339305613275N00852009EA0000001301
B1339355613159N00851932EA0000001292
B1339425612997N00851800EA0000001266
B1339475612877N00851699EA0000001258
B1339525612760N00851595EA0000001257
B1339575612646N00851489EA0000001254
B1340045612480N00851371EA0000001241
B1340125612285N00851283EA0000001224
B1340185612142N00851204EA0000001230
B1340235612037N00851102EA0000001227
B1340345611883N00850739EA0000001227
B1340405611841N00850507EA0000001223
B1340455611813N00850311EA0000001218
B1340505611796N00850114EA0000001225
B1340555611781N00849926EA0000001238
B1341015611766N00849712EA0000001248
B1341075611750N00849508EA0000001240
B1341135611729N00849287EA0000001222
B1341185611710N00849091EA0000001206
B1341235611687N00848885EA0000001203
B1341305611642N00848607EA0000001222
B1341385611587N00848314EA0000001225
B1341435611550N00848133EA0000001230
B1341505611501N00847892EA0000001249
B1341565611465N00847691EA0000001264
B1342045611424N00847425EA0000001272
B1342105611407N00847222EA0000001270
B1342155611401N00847049EA0000001269
B1342265611403N00846664EA0000001270
B1342335611410N00846413EA0000001268
B1342415611412N00846126EA0000001281
B1342465611402N00845944EA0000001265
B1342525611382N00845707EA0000001246
B1342585611361N00845462EA0000001235
B1343035611344N00845257EA0000001226
B1343105611321N00844971EA0000001216
B1343155611312N00844766EA0000001207
B1343205611308N00844555EA0000001202
B1343255611273N00844359EA0000001201
B1343305611177N00844276EA0000001199
B1343355611090N00844347EA0000001189
B1343405611053N00844493EA0000001176
B1343455611060N00844646EA0000001175
B1343515611078N00844821EA0000001165
B1343575611094N00845008EA0000001147
B1344025611106N00845173EA0000001132
B1344075611115N00845341EA0000001124
B1344145611120N00845578EA0000001113
B1344195611109N00845749EA0000001103
B1344285611066N00846064EA0000001100
B1344335611043N00846218EA0000001122
B1344395611009N00846387EA0000001122
B1344445610992N00846536EA0000001110
B1344555610985N00846874EA0000001125
B1345015610983N00847041EA0000001146
B1345065610993N00847155EA0000001156
B1345115611042N00847223EA0000001150
B1345165611077N00847344EA0000001127
B1345245611083N00847613EA0000001142
B1345305611071N00847799EA0000001176
B1345355611096N00847883EA0000001204
B1345405611140N00847820EA0000001219
B1345455611123N00847682EA0000001237
B1345505611052N00847612EA0000001252
B1345555610985N00847654EA0000001262
B1346015610983N00847761EA0000001269
B1346065611030N00847763EA0000001281
B1346115611062N00847659EA0000001293
B1346165611036N00847524EA0000001310
B1346225610941N00847477EA0000001322
B1346275610891N00847556EA0000001328
B1346325610902N00847646EA0000001339
B1346375610951N00847642EA0000001349
B1346425610984N00847543EA0000001366
B1346475610957N00847409EA0000001382
B1346525610880N00847345EA0000001389
B1346575610811N00847396EA0000001399
B1347025610796N00847496EA0000001407
B1347085610843N00847539EA0000001416
B1347145610897N00847445EA0000001423
B1347195610903N00847310EA0000001443
B1347265610824N00847158EA0000001452
B1347315610730N00847132EA0000001441
B1347365610621N00847119EA0000001426
B1347415610501N00847123EA0000001411
B1347465610375N00847131EA0000001393
B1347525610221N00847144EA0000001375
B1347585610064N00847165EA0000001362
B1348055609882N00847189EA0000001352
B1348115609730N00847209EA0000001358
B1348165609615N00847216EA0000001368
B1348235609455N00847232EA0000001357
B1348295609312N00847255EA0000001346
B1348395609071N00847282EA0000001337
B1348455608924N00847288EA0000001323
B1348505608799N00847297EA0000001310
B1348565608644N00847302EA0000001296
B1349025608486N00847310EA0000001283
B1349075608355N00847318EA0000001275
B1349125608225N00847325EA0000001268
B1349185608068N00847332EA0000001260
B1349245607913N00847343EA0000001252
B1349295607786N00847351EA0000001245
B1349355607635N00847347EA0000001244
B1349405607518N00847338EA0000001240
B1349455607401N00847330EA0000001231
B1349505607285N00847328EA0000001219
B1349565607138N00847312EA0000001202
B1350025606987N00847280EA0000001185
B1350075606863N00847258EA0000001178
B1350135606717N00847235EA0000001168
B1350225606503N00847188EA0000001155
B1350275606382N00847151EA0000001138
B1350345606210N00847110EA0000001128
B1350395606088N00847091EA0000001118
B1350455605943N00847073EA0000001107
B1350505605823N00847043EA0000001099
B1350565605679N00846989EA0000001087
B1351015605560N00846935EA0000001078
B1351065605443N00846872EA0000001074
B1351115605329N00846804EA0000001082
B1351175605206N00846769EA0000001116
B1351225605192N00846846EA0000001146
B1351275605246N00846845EA0000001146
B1351325605291N00846725EA0000001141
B1351385605291N00846510EA0000001137
B1351435605236N00846341EA0000001143
B1351485605158N00846232EA0000001160
B1351545605058N00846166EA0000001157
B1351595604962N00846108EA0000001152
B1352045604859N00846044EA0000001145
B1352105604723N00845962EA0000001127
B1352155604604N00845896EA0000001113
B1352215604459N00845815EA0000001096
B1352285604289N00845711EA0000001084
B1352345604145N00845628EA0000001073
B1352425603954N00845541EA0000001057
B1352475603835N00845487EA0000001047
B1352535603691N00845423EA0000001036
B1352585603573N00845372EA0000001030
B1353055603412N00845306EA0000001030
B1353105603298N00845271EA0000001036
B1353165603173N00845232EA0000001060
B1353215603091N00845200EA0000001094
B1353265603030N00845232EA0000001098
B1353315603028N00845326EA0000001093
B1353365603089N00845360EA0000001107
B1353435603162N00845250EA0000001119
B1353495603170N00845067EA0000001111
B1353575603120N00844805EA0000001104
B1354045603039N00844598EA0000001106
B1354095602978N00844457EA0000001111
B1354145602923N00844321EA0000001114
B1354235602812N00844062EA0000001087
B1354285602746N00843905EA0000001084
B1354345602667N00843713EA0000001081
B1354405602592N00843510EA0000001071
B1354475602521N00843257EA0000001081
B1354535602488N00843048EA0000001098
B1354585602460N00842879EA0000001084
B1355045602391N00842681EA0000001067
B1355095602314N00842530EA0000001071
B1355155602220N00842371EA0000001092
B1355225602102N00842332EA0000001109
B1355275602021N00842290EA0000001111
B1355355601934N00842050EA0000001109
B1355405601879N00841896EA0000001112
B1355455601797N00841787EA0000001100
B1355515601673N00841709EA0000001088
B1355565601561N00841654EA0000001073
B1356025601421N00841594EA0000001066
B1356075601305N00841548EA0000001062
B1356125601187N00841500EA0000001053
B1356195601021N00841432EA0000001042
B1356245600905N00841387EA0000001035
B1356295600788N00841342EA0000001031
B1356355600648N00841295EA0000001021
B1356405600532N00841261EA0000001013
B1356465600394N00841231EA0000001009
B1356515600279N00841208EA0000000999
B1356575600140N00841183EA0000000989
B1357025600024N00841158EA0000000991
B1357085559896N00841127EA0000000998
B1357155559757N00841116EA0000001005
B1357205559662N00841123EA0000001012
B1357255559570N00841127EA0000001018
B1357305559484N00841124EA0000001036
B1357355559406N00841146EA0000001029
B1357405559322N00841162EA0000001030
B1357465559214N00841086EA0000001026
B1357545559069N00840948EA0000001038
B1358005558958N00840856EA0000001036
B1358065558838N00840768EA0000001018
B1358125558705N00840692EA0000001000
B1358175558586N00840631EA0000000991
B1358255558398N00840534EA0000000980
B1358325558231N00840449EA0000000963
B1358375558111N00840385EA0000000960
B1358435557966N00840315EA0000000961
B1358485557846N00840260EA0000000960
B1358535557727N00840205EA0000000953
B1359005557560N00840119EA0000000938
B1359065557417N00840029EA0000000926
B1359135557252N00839927EA0000000924
B1359185557134N00839852EA0000000910
B1359245556996N00839745EA0000000900
B1359335556795N00839575EA0000000895
B1359385556686N00839487EA0000000909
B1359435556585N00839408EA0000000922
B1359495556477N00839320EA0000000929
B1359555556368N00839243EA0000000923
B1400015556256N00839192EA0000000949
B1400065556173N00839194EA0000000967
B1400115556119N00839276EA0000000973
B1400165556133N00839366EA0000000982
B1400215556189N00839350EA0000000994
B1400265556229N00839243EA0000001007
B1400315556231N00839093EA0000001008
B1400375556166N00838933EA0000001030
B1400425556084N00838927EA0000001037
B1400475556048N00839030EA0000001047
B1400525556082N00839093EA0000001058
B1400585556147N00839062EA0000001067
B1401035556167N00838927EA0000001060
B1401105556104N00838730EA0000001084
B1401155556028N00838658EA0000001085
B1401205555940N00838679EA0000001092
B1401255555867N00838735EA0000001111
B1401305555862N00838833EA0000001119
B1401355555910N00838837EA0000001129
B1401435555941N00838645EA0000001147
B1401485555895N00838515EA0000001160
B1401535555809N00838495EA0000001171
B1401585555764N00838580EA0000001185
B1402035555789N00838653EA0000001188
B1402085555843N00838630EA0000001198
B1402185555862N00838340EA0000001213
B1402255555753N00838210EA0000001232
B1402305555677N00838268EA0000001245
B1402355555680N00838370EA0000001261
B1402405555737N00838371EA0000001270
B1402455555761N00838237EA0000001287
B1402505555698N00838125EA0000001300
B1402555555625N00838175EA0000001314
B1403005555642N00838260EA0000001334
B1403115555696N00838035EA0000001361
B1403165555634N00837934EA0000001383
B1403225555547N00837961EA0000001398
B1403275555531N00838056EA0000001411
B1403325555574N00838091EA0000001422
B1403385555631N00837989EA0000001436
B1403435555633N00837844EA0000001456
B1403485555584N00837723EA0000001471
B1403545555489N00837693EA0000001485
B1403595555436N00837768EA0000001500
B1404045555440N00837856EA0000001518
B1404095555486N00837871EA0000001523
B1404165555535N00837721EA0000001532
B1404215555494N00837565EA0000001534
B1404275555388N00837431EA0000001533
B1404335555268N00837322EA0000001543
B1404385555177N00837233EA0000001556
B1404455555042N00837121EA0000001538
B1404505554941N00837034EA0000001528
B1404555554833N00836934EA0000001506
B1405045554632N00836743EA0000001502
B1405185554323N00836428EA0000001487
B1405355553958N00835978EA0000001458
B1405465553723N00835674EA0000001445
B1405515553617N00835534EA0000001443
B1406035553371N00835196EA0000001430
B1406085553270N00835054EA0000001426
B1406145553153N00834890EA0000001427
B1406205553048N00834723EA0000001439
B1406275552934N00834522EA0000001420
B1406345552831N00834295EA0000001417
B1406395552769N00834138EA0000001442
B1406475552687N00833913EA0000001453
B1406525552636N00833768EA0000001459
B1406595552568N00833559EA0000001466
B1407065552497N00833352EA0000001492
B1407115552447N00833209EA0000001498
B1407205552368N00832930EA0000001511
B1407265552332N00832728EA0000001517
B1407395552281N00832257EA0000001530
B1407465552228N00832006EA0000001523
B1407555552112N00831678EA0000001493
B1408005552035N00831489EA0000001486
B1408055551959N00831303EA0000001484
B1408105551885N00831115EA0000001484
B1408175551784N00830853EA0000001479
B1408225551711N00830669EA0000001476
B1408295551609N00830412EA0000001471
B1408395551452N00830055EA0000001458
B1408465551335N00829809EA0000001453
B1408545551186N00829544EA0000001444
B1409095550899N00829062EA0000001441
B1409185550727N00828774EA0000001431
B1409265550576N00828518EA0000001414
B1409315550482N00828353EA0000001406
B1409375550366N00828157EA0000001402
B1409465550202N00827854EA0000001394
B1409555550041N00827555EA0000001402
B1410005549963N00827403EA0000001407
B1410065549864N00827217EA0000001396
B1410135549743N00826996EA0000001383
B1410195549640N00826809EA0000001384
B1410315549441N00826437EA0000001363
B1410425549257N00826099EA0000001345
B1410505549125N00825857EA0000001338
B1410575549024N00825649EA0000001363
B1411035548982N00825445EA0000001369
B1411085548967N00825263EA0000001359
B1411185548929N00824878EA0000001360
B1411275548900N00824547EA0000001365
B1411415548829N00824027EA0000001363
B1411465548774N00823874EA0000001352
B1411515548681N00823820EA0000001347
B1411565548628N00823912EA0000001343
B1412035548666N00824073EA0000001324
B1412115548747N00824257EA0000001307
B1412185548819N00824432EA0000001298
B1412275548890N00824695EA0000001289
B1412335548935N00824874EA0000001284
B1412425549022N00825120EA0000001283
B1412475549081N00825235EA0000001280
B1412545549168N00825392EA0000001264
B1413075549333N00825686EA0000001237
B1413125549404N00825796EA0000001223
B1413185549490N00825924EA0000001216
B1413265549604N00826099EA0000001209
B1413365549757N00826316EA0000001201
B1413425549854N00826439EA0000001199
B1413475549935N00826537EA0000001193
B1413565550082N00826703EA0000001192
B1414035550191N00826814EA0000001195
B1414085550268N00826887EA0000001177
B1414165550401N00827008EA0000001165
B1414235550526N00827107EA0000001148
B1414285550618N00827186EA0000001140
B1414345550728N00827283EA0000001134
B1414415550853N00827399EA0000001127
B1414505551004N00827571EA0000001109
B1414555551091N00827659EA0000001101
B1415025551217N00827756EA0000001102
B1415075551304N00827815EA0000001104
B1415165551453N00827924EA0000001108
B1415235551557N00828002EA0000001129
B1415285551625N00828051EA0000001146
B1415345551691N00828106EA0000001166
B1415395551750N00828110EA0000001174
B1415445551800N00828022EA0000001182
B1415555551753N00827704EA0000001203
B1416015551658N00827660EA0000001206
B1416065551598N00827719EA0000001199
B1416155551563N00827915EA0000001206
B1416245551521N00828112EA0000001210
B1416295551483N00828219EA0000001222
B1416345551443N00828321EA0000001241
B1416395551446N00828426EA0000001258
B1416445551506N00828428EA0000001284
B1416515551536N00828244EA0000001306
B1416565551487N00828114EA0000001330
B1417015551414N00828101EA0000001339
B1417065551380N00828185EA0000001359
B1417115551413N00828252EA0000001373
B1417165551473N00828223EA0000001392
B1417245551501N00828010EA0000001419
B1417305551441N00827866EA0000001439
B1417355551364N00827838EA0000001453
B1417405551310N00827895EA0000001469
B1417465551321N00828004EA0000001482
B1417515551374N00828037EA0000001505
B1417565551438N00827994EA0000001518
B1418095551435N00827641EA0000001568
B1418155551342N00827603EA0000001586
B1418215551286N00827706EA0000001596
B1418265551293N00827829EA0000001600
B1418315551319N00827960EA0000001608
B1418395551406N00828135EA0000001623
B1418455551484N00828258EA0000001613
B1418515551574N00828392EA0000001596
B1419005551722N00828597EA0000001594
B1419065551827N00828710EA0000001596
B1419135551957N00828827EA0000001590
B1419205552094N00828946EA0000001588
B1419265552210N00829052EA0000001581
B1419325552327N00829169EA0000001576
B1419385552440N00829278EA0000001587
B1419435552529N00829362EA0000001581
B1419495552641N00829464EA0000001568
B1419545552736N00829555EA0000001555
B1420015552869N00829685EA0000001545
B1420065552964N00829775EA0000001538
B1420115553059N00829866EA0000001531
B1420175553170N00829980EA0000001522
B1420235553281N00830091EA0000001512
B1420285553374N00830180EA0000001500
B1420355553511N00830289EA0000001488
B1420445553683N00830428EA0000001484
B1420505553795N00830522EA0000001472
B1420585553950N00830639EA0000001467
B1421035554041N00830723EA0000001472
B1421095554109N00830881EA0000001494
B1421145554108N00831019EA0000001529
B1421205554076N00831162EA0000001540
B1421255554042N00831290EA0000001539
B1421305554011N00831430EA0000001548
B1421365553978N00831601EA0000001551
B1421415553952N00831750EA0000001552
B1421475553931N00831931EA0000001550
B1421525553919N00832092EA0000001547
B1421595553909N00832322EA0000001566
B1422065553908N00832544EA0000001552
B1422155553901N00832848EA0000001531
B1422205553894N00833022EA0000001518
B1422295553892N00833348EA0000001498
B1422355553897N00833568EA0000001491
B1422405553901N00833744EA0000001490
B1422455553904N00833917EA0000001487
B1422505553908N00834082EA0000001483
B1422565553916N00834280EA0000001475
B1423015553920N00834448EA0000001468
B1423135553921N00834853EA0000001448
B1423225553920N00835158EA0000001436
B1423285553916N00835362EA0000001422
B1423345553913N00835572EA0000001412
B1423485553905N00836055EA0000001395
B1423545553902N00836259EA0000001384
B1424005553885N00836467EA0000001372
B1424055553859N00836637EA0000001362
B1424105553827N00836806EA0000001354
B1424165553788N00837006EA0000001350
B1424215553756N00837168EA0000001347
B1424265553722N00837326EA0000001340
B1424325553679N00837516EA0000001329
B1424395553627N00837740EA0000001329
B1424465553575N00837959EA0000001332
B1424525553531N00838143EA0000001334
B1424575553501N00838303EA0000001337
B1425025553478N00838463EA0000001343
B1425085553461N00838642EA0000001354
B1425215553462N00839016EA0000001316
B1425285553481N00839235EA0000001311
B1425355553497N00839463EA0000001285
B1425425553497N00839706EA0000001291
B1425485553488N00839912EA0000001292
B1425545553473N00840121EA0000001289
B1425595553457N00840294EA0000001291
B1426055553435N00840502EA0000001288
B1426105553416N00840676EA0000001274
B1426175553384N00840917EA0000001278
B1426235553356N00841092EA0000001312
B1426315553330N00841286EA0000001312
B1426375553320N00841446EA0000001297
B1426445553321N00841651EA0000001305
B1426505553318N00841821EA0000001317
B1426565553316N00841980EA0000001315
B1427015553351N00842103EA0000001308
B1427065553411N00842208EA0000001302
B1427125553501N00842313EA0000001291
B1427175553584N00842392EA0000001277
B1427225553671N00842472EA0000001281
B1427295553785N00842570EA0000001311
B1427345553853N00842630EA0000001329
B1427405553926N00842700EA0000001341
B1427455553987N00842742EA0000001347
B1427525554091N00842735EA0000001338
B1427575554170N00842769EA0000001324
B1428025554253N00842828EA0000001309
B1428075554341N00842898EA0000001289
B1428125554433N00842971EA0000001285
B1428245554646N00843145EA0000001278
B1428335554807N00843280EA0000001261
B1428425554965N00843408EA0000001263
B1428505555097N00843533EA0000001251
B1428565555190N00843625EA0000001254
B1429025555282N00843716EA0000001248
B1429105555405N00843843EA0000001234
B1429175555515N00843954EA0000001226
B1429225555594N00844037EA0000001212
B1429305555723N00844169EA0000001202
B1429415555892N00844347EA0000001188
B1429465555969N00844427EA0000001177
B1429525556061N00844523EA0000001168
B1429575556135N00844602EA0000001164
B1430045556239N00844716EA0000001156
B1430125556350N00844853EA0000001154
B1430195556444N00844975EA0000001163
B1430245556505N00845063EA0000001170
B1430295556564N00845145EA0000001182
B1430345556617N00845213EA0000001201
B1430405556678N00845281EA0000001211
B1430465556736N00845347EA0000001209
B1430515556795N00845411EA0000001190
B1430585556892N00845523EA0000001163
B1431045556983N00845625EA0000001154
B1431135557128N00845772EA0000001135
B1431185557208N00845858EA0000001123
B1431245557299N00845969EA0000001112
B1431315557407N00846093EA0000001100
B1431365557482N00846180EA0000001091
B1431455557620N00846335EA0000001076
B1431515557710N00846436EA0000001070
B1431575557791N00846538EA0000001070
B1432045557881N00846669EA0000001058
B1432145558008N00846870EA0000001031
B1432215558100N00847013EA0000001026
B1432275558176N00847133EA0000001025
B1432325558239N00847230EA0000001013
B1432375558303N00847333EA0000001009
B1432425558356N00847447EA0000001024
B1432485558400N00847580EA0000001049
B1432535558404N00847699EA0000001063
B1432585558382N00847811EA0000001074
B1433035558387N00847910EA0000001082
B1433085558419N00847993EA0000001083
B1433155558492N00848073EA0000001080
B1433215558571N00848127EA0000001083
B1433305558701N00848208EA0000001080
B1433365558786N00848260EA0000001094
B1433425558871N00848278EA0000001093
B1433485558969N00848237EA0000001089
B1433535559048N00848198EA0000001104
B1433585559107N00848088EA0000001116
B1434035559117N00847930EA0000001130
B1434095559061N00847775EA0000001130
B1434145558986N00847761EA0000001133
B1434195558932N00847833EA0000001139
B1434255558920N00847954EA0000001149
B1434325558960N00848068EA0000001165
B1434375559013N00848112EA0000001175
B1434425559065N00848051EA0000001186
B1434475559076N00847904EA0000001190
B1434525559029N00847771EA0000001201
B1434575558959N00847742EA0000001213
B1435025558917N00847813EA0000001214
B1435075558937N00847900EA0000001227
B1435125558991N00847896EA0000001233
B1435185559043N00847757EA0000001243
B1435235559026N00847606EA0000001247
B1435285558957N00847520EA0000001250
B1435335558894N00847546EA0000001263
B1435385558868N00847633EA0000001267
B1435435558884N00847718EA0000001273
B1435485558941N00847728EA0000001280
B1435545558987N00847590EA0000001284
B1435595558957N00847437EA0000001290
B1436045558887N00847362EA0000001298
B1436105558817N00847421EA0000001301
B1436165558810N00847539EA0000001307
B1436225558857N00847632EA0000001315
B1436275558912N00847676EA0000001334
B1436325558963N00847605EA0000001333
B1436375558993N00847465EA0000001323
B1436425559067N00847420EA0000001304
B1436485559162N00847490EA0000001292
B1436545559248N00847595EA0000001281
B1437005559332N00847708EA0000001269
B1437075559433N00847839EA0000001262
B1437145559529N00847980EA0000001257
B1437195559593N00848078EA0000001256
B1437245559650N00848169EA0000001250
B1437305559720N00848284EA0000001229
B1437415559864N00848506EA0000001207
B1437475559949N00848625EA0000001203
B1437525600020N00848717EA0000001201
B1438005600130N00848873EA0000001203
B1438055600196N00848969EA0000001201
B1438115600280N00849071EA0000001204
B1438175600366N00849157EA0000001217
B1438225600433N00849224EA0000001226
B1438275600493N00849296EA0000001234
B1438335600556N00849411EA0000001221
B1438385600609N00849526EA0000001203
B1438445600671N00849678EA0000001197
B1438505600730N00849832EA0000001208
B1438565600785N00849981EA0000001227
B1439025600834N00850113EA0000001243
B1439075600869N00850214EA0000001262
B1439125600924N00850247EA0000001282
B1439175600975N00850153EA0000001292
B1439225600966N00849997EA0000001299
B1439275600896N00849877EA0000001307
B1439325600812N00849870EA0000001316
B1439385600766N00849983EA0000001321
B1439435600782N00850081EA0000001343
B1439485600833N00850120EA0000001360
B1439535600892N00850068EA0000001372
B1439585600906N00849931EA0000001381
B1440035600855N00849812EA0000001391
B1440085600776N00849787EA0000001401
B1440135600712N00849831EA0000001417
B1440195600690N00849941EA0000001431
B1440245600732N00849995EA0000001444
B1440295600789N00849935EA0000001458
B1440345600800N00849796EA0000001466
B1440395600745N00849673EA0000001464
B1440445600661N00849646EA0000001478
B1440495600605N00849713EA0000001493
B1440565600591N00849846EA0000001512
B1441015600620N00849923EA0000001523
B1441065600678N00849935EA0000001535
B1441115600722N00849834EA0000001536
B1441185600679N00849638EA0000001541
B1441235600605N00849555EA0000001549
B1441285600530N00849577EA0000001558
B1441335600513N00849686EA0000001559
B1441385600562N00849776EA0000001568
B1441435600629N00849817EA0000001582
B1441485600706N00849853EA0000001556
B1441545600819N00849908EA0000001531
B1442005600939N00849952EA0000001523
B1442055601040N00849984EA0000001506
B1442115601165N00850012EA0000001498
B1442165601265N00850033EA0000001488
B1442215601365N00850059EA0000001481
B1442275601484N00850085EA0000001471
B1442345601627N00850102EA0000001461
B1442395601727N00850111EA0000001453
B1442445601828N00850094EA0000001452
B1442505601943N00850058EA0000001446
B1442555602039N00850057EA0000001440
B1443015602149N00850110EA0000001436
B1443065602229N00850188EA0000001438
B1443135602327N00850354EA0000001408
B1443195602387N00850546EA0000001424
B1443245602408N00850694EA0000001469
B1443305602415N00850829EA0000001496
B1443355602438N00850931EA0000001479
B1443405602485N00851040EA0000001456
B1443465602558N00851191EA0000001452
B1443525602646N00851334EA0000001452
B1443575602725N00851444EA0000001443
B1444025602809N00851548EA0000001432
B1444085602912N00851675EA0000001426
B1444145603016N00851800EA0000001413
B1444205603120N00851924EA0000001402
B1444255603203N00852025EA0000001396
B1444305603282N00852119EA0000001394
B1444355603359N00852209EA0000001392
B1444435603479N00852354EA0000001385
B1444485603554N00852448EA0000001376
B1444535603627N00852547EA0000001378
B1444585603700N00852643EA0000001375
B1445035603775N00852732EA0000001383
B1445085603849N00852820EA0000001380
B1445135603921N00852914EA0000001376
B1445185603994N00853009EA0000001369
B1445235604068N00853104EA0000001365
B1445295604158N00853219EA0000001361
B1445345604233N00853319EA0000001359
B1445395604307N00853416EA0000001357
B1445445604381N00853514EA0000001352
B1445505604471N00853630EA0000001348
B1445575604575N00853769EA0000001345
B1446025604649N00853865EA0000001342
B1446085604738N00853977EA0000001333
B1446145604828N00854083EA0000001326
B1446195604903N00854171EA0000001319
B1446245604979N00854256EA0000001312
B1446295605053N00854343EA0000001306
B1446355605141N00854449EA0000001294
B1446405605217N00854536EA0000001286
B1446455605297N00854623EA0000001277
B1446535605423N00854761EA0000001265
B1447005605539N00854876EA0000001254
B1447065605638N00854978EA0000001242
B1447135605756N00855099EA0000001225
B1447215605890N00855235EA0000001217
B1447285606001N00855356EA0000001213
B1447345606090N00855463EA0000001216
B1447415606182N00855591EA0000001219
B1447475606267N00855676EA0000001226
B1447525606337N00855718EA0000001248
B1447575606406N00855708EA0000001255
B1448025606462N00855612EA0000001262
B1448075606473N00855464EA0000001272
B1448125606427N00855338EA0000001277
B1448175606352N00855289EA0000001278
B1448255606258N00855380EA0000001286
B1448325606246N00855533EA0000001279
B1448375606276N00855642EA0000001281
B1448425606328N00855724EA0000001285
B1448475606388N00855789EA0000001286
B1448525606450N00855855EA0000001285
B1448585606524N00855954EA0000001269
B1449035606594N00856054EA0000001273
B1449085606664N00856144EA0000001294
B1449145606734N00856239EA0000001296
B1449195606796N00856322EA0000001279
B1449245606866N00856417EA0000001264
B1449305606957N00856533EA0000001253
B1449375607065N00856663EA0000001240
B1449425607143N00856754EA0000001237
B1449485607235N00856864EA0000001232
B1449535607311N00856952EA0000001227
B1450015607434N00857079EA0000001213
B1450065607512N00857160EA0000001204
B1450125607608N00857262EA0000001199
B1450185607703N00857372EA0000001207
B1450235607767N00857472EA0000001218
B1450285607820N00857581EA0000001220
B1450345607863N00857737EA0000001221
B1450395607901N00857868EA0000001220
B1450455607946N00858021EA0000001199
B1450505607994N00858145EA0000001192
B1450555608055N00858232EA0000001208
B1451025608151N00858295EA0000001212
B1451095608257N00858318EA0000001199
B1451175608391N00858330EA0000001185
B1451245608509N00858340EA0000001183
B1451305608611N00858337EA0000001175
B1451365608714N00858351EA0000001172
B1451425608815N00858374EA0000001179
B1451475608897N00858392EA0000001189
B1451525608973N00858419EA0000001207
B1451575609034N00858457EA0000001229
B1452025609088N00858396EA0000001240
B1452075609082N00858259EA0000001241
B1452125609013N00858170EA0000001240
B1452175608940N00858210EA0000001249
B1452225608919N00858315EA0000001249
B1452275608941N00858418EA0000001259
B1452325608980N00858490EA0000001270
B1452375609042N00858472EA0000001271
B1452425609100N00858393EA0000001278
B1452475609163N00858325EA0000001288
B1452525609188N00858199EA0000001290
B1452575609138N00858070EA0000001278
B1453025609050N00858054EA0000001270
B1453075608975N00858134EA0000001271
B1453125608936N00858255EA0000001270
B1453175608957N00858380EA0000001273
B1453225609010N00858467EA0000001289
B1453275609042N00858557EA0000001306
B1453325608985N00858615EA0000001309
B1453375608932N00858487EA0000001319
B1453425608983N00858398EA0000001322
B1453475609018N00858469EA0000001339
B1453535608944N00858517EA0000001341
B1453585608896N00858385EA0000001350
B1454035608937N00858277EA0000001357
B1454085608987N00858317EA0000001363
B1454135608956N00858408EA0000001370
B1454185608876N00858370EA0000001378
B1454235608856N00858223EA0000001385
B1454285608913N00858153EA0000001384
B1454355608945N00858266EA0000001396
B1454405608873N00858309EA0000001398
B1454455608808N00858204EA0000001409
B1454505608818N00858048EA0000001407
B1454555608883N00857972EA0000001407
B1455015608967N00857999EA0000001419
B1455065609025N00858048EA0000001434
B1455125609093N00858114EA0000001435
B1455175609156N00858173EA0000001419
B1455245609248N00858256EA0000001415
B1455295609318N00858314EA0000001403
B1455355609406N00858380EA0000001404
B1455405609477N00858432EA0000001395
B1455455609554N00858496EA0000001379
B1455505609635N00858564EA0000001368
B1455555609717N00858634EA0000001361
B1456045609871N00858750EA0000001348
B1456095609960N00858812EA0000001346
B1456155610065N00858883EA0000001344
B1456205610151N00858947EA0000001340
B1456265610250N00859023EA0000001345
B1456315610329N00859086EA0000001355
B1456365610399N00859141EA0000001364
B1456445610502N00859245EA0000001358
B1456515610594N00859350EA0000001341
B1456565610662N00859431EA0000001323
B1457015610735N00859523EA0000001296
B1457085610852N00859657EA0000001280
B1457135610936N00859749EA0000001276
B1457185611019N00859844EA0000001279
B1457235611098N00859937EA0000001300
B1457285611161N00900019EA0000001322
B1457385611277N00900140EA0000001324
B1457445611350N00900207EA0000001322
B1457505611428N00900273EA0000001314
B1457555611496N00900328EA0000001311
B1458005611564N00900379EA0000001325
B1458095611680N00900467EA0000001337
B1458155611753N00900523EA0000001357
B1458215611823N00900555EA0000001368
B1458275611901N00900571EA0000001371
B1458325611969N00900590EA0000001377
B1458405612068N00900636EA0000001388
B1458485612167N00900685EA0000001394
B1458545612240N00900729EA0000001393
B1458595612303N00900779EA0000001371
B1459075612418N00900891EA0000001350
B1459125612490N00900959EA0000001344
B1459175612560N00901031EA0000001331
B1459225612633N00901108EA0000001325
B1459275612707N00901176EA0000001324
B1459325612778N00901247EA0000001320
B1459395612879N00901349EA0000001305
B1459445612954N00901428EA0000001297
B1459515613059N00901534EA0000001284
B1459565613134N00901606EA0000001275
B1500015613210N00901677EA0000001265
B1500075613304N00901766EA0000001252
B1500125613382N00901842EA0000001265
B1500185613456N00901909EA0000001304
B1500235613489N00901973EA0000001318
B1500285613456N00902058EA0000001311
B1500335613379N00902063EA0000001312
B1500385613318N00901947EA0000001308
B1500445613302N00901749EA0000001313
B1500495613344N00901627EA0000001314
B1500555613428N00901567EA0000001319
B1501025613511N00901598EA0000001333
B1501075613500N00901701EA0000001341
B1501125613420N00901702EA0000001350
B1501175613368N00901570EA0000001353
B1501245613401N00901383EA0000001369
B1501325613492N00901410EA0000001374
B1501375613503N00901505EA0000001387
B1501425613448N00901570EA0000001394
B1501475613371N00901517EA0000001398
B1501525613336N00901372EA0000001403
B1501595613363N00901168EA0000001416
B1502045613423N00901106EA0000001418
B1502105613493N00901119EA0000001428
B1502155613530N00901193EA0000001420
B1502205613592N00901254EA0000001410
B1502255613667N00901307EA0000001401
B1502315613762N00901371EA0000001392
B1502375613861N00901441EA0000001380
B1502425613944N00901501EA0000001375
B1502485614039N00901579EA0000001376
B1502535614114N00901645EA0000001377
B1502585614190N00901716EA0000001370
B1503045614282N00901801EA0000001371
B1503105614367N00901876EA0000001392
B1503165614431N00901978EA0000001400
B1503225614467N00902114EA0000001410
B1503275614492N00902229EA0000001402
B1503325614520N00902347EA0000001378
B1503375614554N00902483EA0000001362
B1503425614593N00902622EA0000001378
B1503475614623N00902743EA0000001418
B1503525614645N00902827EA0000001434
B1503595614718N00902895EA0000001414
B1504055614809N00902942EA0000001381
B1504115614915N00902998EA0000001361
B1504175615023N00903051EA0000001362
B1504245615148N00903118EA0000001352
B1504295615235N00903177EA0000001343
B1504345615322N00903239EA0000001338
B1504435615475N00903357EA0000001333
B1504485615558N00903419EA0000001330
B1504535615640N00903479EA0000001318
B1504585615725N00903547EA0000001303
B1505065615872N00903651EA0000001298
B1505145616020N00903758EA0000001289
B1505195616111N00903824EA0000001286
B1505255616215N00903901EA0000001290
B1505305616296N00903973EA0000001290
B1505365616395N00904007EA0000001303
B1505415616437N00903867EA0000001318
B1505465616393N00903708EA0000001313
B1505535616263N00903569EA0000001295
B1506005616119N00903455EA0000001290
B1506065615992N00903355EA0000001285
B1506115615888N00903259EA0000001276
B1506195615719N00903100EA0000001267
B1506245615614N00902994EA0000001261
B1506325615440N00902815EA0000001254
B1506405615269N00902631EA0000001234
B1506455615162N00902517EA0000001236
B1506515615035N00902386EA0000001228
B1506565614930N00902278EA0000001221
B1507015614826N00902163EA0000001211
B1507065614723N00902041EA0000001200
B1507115614625N00901907EA0000001194
B1507205614459N00901657EA0000001186
B1507265614367N00901471EA0000001192
B1507315614300N00901311EA0000001201
B1507365614232N00901168EA0000001220
B1507415614149N00901098EA0000001227
B1507465614085N00901154EA0000001234
B1507515614093N00901259EA0000001238
B1507565614152N00901290EA0000001247
B1508015614208N00901218EA0000001246
B1508065614218N00901069EA0000001232
B1508125614172N00900864EA0000001216
B1508175614112N00900707EA0000001219
B1508245614011N00900526EA0000001238
B1508305613928N00900374EA0000001247
B1508355613907N00900215EA0000001253
B1508405613928N00900058EA0000001256
B1508455613909N00859894EA0000001245
B1508505613837N00859777EA0000001230
B1508555613746N00859698EA0000001214
B1509045613564N00859546EA0000001190
B1509125613393N00859396EA0000001173
B1509175613288N00859288EA0000001172
B1509235613166N00859147EA0000001169
B1509305613027N00858971EA0000001170
B1509365612914N00858794EA0000001162
B1509435612784N00858584EA0000001170
B1509495612669N00858420EA0000001160
B1509565612528N00858241EA0000001149
B1510015612428N00858115EA0000001140
B1510075612310N00857954EA0000001125
B1510145612174N00857760EA0000001116
B1510205612060N00857601EA0000001116
B1510255611970N00857463EA0000001115
B1510305611878N00857328EA0000001124
B1510365611786N00857191EA0000001166
B1510415611723N00857096EA0000001172
B1510465611651N00857012EA0000001153
B1510515611558N00856927EA0000001140
B1510575611435N00856821EA0000001135
B1511025611340N00856745EA0000001170
B1511095611234N00856641EA0000001191
B1511145611155N00856604EA0000001199
B1511195611101N00856678EA0000001208
B1511255611129N00856793EA0000001235
B1511305611192N00856750EA0000001246
B1511355611201N00856607EA0000001257
B1511405611145N00856496EA0000001261
B1511455611071N00856495EA0000001271
B1511505611032N00856577EA0000001282
B1511555611057N00856671EA0000001298
B1512005611117N00856672EA0000001311
B1512065611169N00856545EA0000001322
B1512115611150N00856401EA0000001325
B1512165611082N00856315EA0000001332
B1512215611013N00856339EA0000001337
B1512265610990N00856438EA0000001341
B1512315611038N00856514EA0000001357
B1512365611104N00856468EA0000001368
B1512415611134N00856330EA0000001376
B1512465611101N00856181EA0000001378
B1512515611029N00856092EA0000001384
B1512565610951N00856098EA0000001387
B1513015610904N00856181EA0000001396
B1513065610920N00856287EA0000001398
B1513125610995N00856317EA0000001416
B1513175611050N00856224EA0000001425
B1513225611057N00856079EA0000001431
B1513275611010N00855946EA0000001432
B1513335610916N00855864EA0000001430
B1513385610824N00855785EA0000001405
B1513435610723N00855658EA0000001397
B1513495610605N00855479EA0000001382
B1513545610507N00855325EA0000001381
B1514015610371N00855115EA0000001384
B1514085610244N00854890EA0000001385
B1514135610148N00854739EA0000001376
B1514185610044N00854603EA0000001363
B1514235609934N00854473EA0000001351
B1514315609760N00854257EA0000001341
B1514365609659N00854112EA0000001353
B1514425609552N00853939EA0000001359
B1514475609461N00853795EA0000001349
B1514535609346N00853624EA0000001339
B1515005609216N00853410EA0000001333
B1515065609105N00853234EA0000001325
B1515115609008N00853095EA0000001328
B1515165608918N00852981EA0000001368
B1515215608843N00852881EA0000001392
B1515275608760N00852758EA0000001397
B1515335608673N00852628EA0000001391
B1515385608590N00852530EA0000001387
B1515465608450N00852386EA0000001375
B1515525608332N00852294EA0000001375
B1515575608235N00852221EA0000001391
B1516025608147N00852141EA0000001408
B1516075608065N00852070EA0000001434
B1516125607995N00851984EA0000001438
B1516175607949N00851841EA0000001431
B1516255607847N00851605EA0000001409
B1516305607759N00851473EA0000001396
B1516405607560N00851210EA0000001367
B1516455607464N00851074EA0000001364
B1516515607356N00850910EA0000001365
B1516565607272N00850782EA0000001365
B1517025607171N00850626EA0000001355
B1517075607081N00850504EA0000001352
B1517145606952N00850346EA0000001358
B1517205606848N00850232EA0000001396
B1517265606746N00850196EA0000001412
B1517315606694N00850278EA0000001427
B1517365606715N00850373EA0000001438
B1517415606777N00850371EA0000001444
B1517465606818N00850251EA0000001446
B1517515606808N00850084EA0000001455
B1517575606745N00849920EA0000001473
B1518025606661N00849888EA0000001478
B1518075606593N00849960EA0000001475
B1518125606583N00850074EA0000001495
B1518175606627N00850138EA0000001501
B1518225606693N00850097EA0000001504
B1518285606715N00849918EA0000001512
B1518345606664N00849730EA0000001522
B1518395606584N00849640EA0000001523
B1518455606472N00849583EA0000001507
B1518515606353N00849515EA0000001483
B1518575606231N00849421EA0000001476
B1519035606116N00849304EA0000001477
B1519085606022N00849202EA0000001470
B1519135605926N00849091EA0000001464
B1519195605810N00848952EA0000001453
B1519255605692N00848804EA0000001443
B1519325605570N00848600EA0000001438
B1519375605491N00848438EA0000001441
B1519425605417N00848286EA0000001477
B1519495605354N00848103EA0000001515
B1519545605385N00847980EA0000001508
B1519595605446N00848003EA0000001517
B1520045605435N00848115EA0000001534
B1520095605371N00848181EA0000001550
B1520145605288N00848158EA0000001559
B1520195605242N00848032EA0000001563
B1520245605275N00847918EA0000001553
B1520295605341N00847923EA0000001552
B1520345605349N00848028EA0000001561
B1520395605288N00848120EA0000001576
B1520445605207N00848166EA0000001595
B1520495605127N00848114EA0000001595
B1520545605073N00847980EA0000001592
B1521035605000N00847668EA0000001577
B1521095604949N00847448EA0000001574
B1521145604909N00847261EA0000001574
B1521215604854N00847005EA0000001587
B1521265604816N00846828EA0000001585
B1521315604766N00846653EA0000001577
B1521365604702N00846478EA0000001572
B1521415604630N00846302EA0000001559
B1521505604489N00845987EA0000001539
B1521555604415N00845808EA0000001534
B1522025604320N00845551EA0000001518
B1522085604239N00845332EA0000001508
B1522135604172N00845147EA0000001500
B1522215604052N00844867EA0000001488
B1522265603965N00844711EA0000001482
B1522315603877N00844568EA0000001497
B1522395603753N00844340EA0000001508
B1522445603677N00844203EA0000001518
B1522505603641N00844026EA0000001539
B1522555603700N00843944EA0000001534
B1523015603745N00844057EA0000001538
B1523065603692N00844158EA0000001546
B1523115603606N00844151EA0000001548
B1523165603524N00844070EA0000001535
B1523215603435N00843959EA0000001529
B1523305603277N00843733EA0000001530
B1523375603161N00843532EA0000001530
B1523425603082N00843380EA0000001522
B1523495602970N00843155EA0000001510
B1523545602891N00842993EA0000001506
B1524005602792N00842802EA0000001501
B1524055602710N00842644EA0000001497
B1524145602560N00842362EA0000001484
B1524195602471N00842208EA0000001483
B1524265602347N00842010EA0000001501
B1524315602263N00841887EA0000001520
B1524375602163N00841789EA0000001531
B1524445602032N00841713EA0000001510
B1524495601926N00841675EA0000001508
B1524545601820N00841642EA0000001511
B1525015601675N00841594EA0000001515
B1525075601557N00841562EA0000001520
B1525125601462N00841508EA0000001517
B1525175601375N00841407EA0000001512
B1525245601277N00841203EA0000001507
B1525345601149N00840883EA0000001497
B1525405601073N00840693EA0000001489
B1525485600962N00840441EA0000001481
B1526025600759N00840024EA0000001467
B1526105600636N00839790EA0000001460
B1526155600560N00839641EA0000001449
B1526215600467N00839454EA0000001438
B1526265600390N00839297EA0000001438
B1526345600264N00839050EA0000001429
B1526395600182N00838894EA0000001422
B1526475600041N00838665EA0000001417
B1526535559938N00838512EA0000001429
B1526585559933N00838339EA0000001429
B1527035559997N00838237EA0000001420
B1527095600091N00838209EA0000001419
B1527145600167N00838234EA0000001403
B1527195600223N00838346EA0000001388
B1527255600261N00838525EA0000001382
B1527315600288N00838708EA0000001381
B1527395600323N00838964EA0000001359
B1527445600345N00839134EA0000001354
B1527495600368N00839303EA0000001349
B1527545600387N00839476EA0000001342
B1528005600409N00839680EA0000001338
B1528065600430N00839880EA0000001338
B1528135600454N00840109EA0000001326
B1528185600472N00840270EA0000001325
B1528245600489N00840461EA0000001315
B1528325600516N00840720EA0000001300
B1528385600545N00840912EA0000001288
B1528445600578N00841102EA0000001276
B1528545600634N00841429EA0000001263
B1528595600665N00841588EA0000001256
B1529045600698N00841742EA0000001251
B1529095600733N00841890EA0000001247
B1529145600770N00842032EA0000001237
B1529205600819N00842202EA0000001226
B1529285600889N00842433EA0000001210
B1529385600981N00842718EA0000001210
B1529435601027N00842859EA0000001219
B1529485601073N00842982EA0000001239
B1529545601132N00843105EA0000001251
B1530005601190N00843231EA0000001233
B1530065601240N00843393EA0000001211
B1530125601277N00843583EA0000001204
B1530175601308N00843745EA0000001199
B1530225601340N00843910EA0000001199
B1530275601367N00844068EA0000001213
B1530345601402N00844280EA0000001204
B1530415601433N00844514EA0000001184
B1530485601447N00844766EA0000001171
B1530575601447N00845103EA0000001153
B1531025601442N00845290EA0000001153
B1531075601435N00845470EA0000001152
B1531155601423N00845755EA0000001145
B1531215601409N00845967EA0000001136
B1531295601385N00846255EA0000001128
B1531415601348N00846687EA0000001116
B1531475601334N00846899EA0000001106
B1531585601311N00847285EA0000001087
B1532035601300N00847464EA0000001076
B1532105601288N00847712EA0000001067
B1532175601277N00847960EA0000001055
B1532245601262N00848203EA0000001050
B1532315601245N00848448EA0000001030
B1532365601234N00848631EA0000001024
B1532425601221N00848852EA0000001020
B1532515601198N00849176EA0000001009
B1532565601184N00849356EA0000001005
B1533025601163N00849569EA0000001002
B1533085601142N00849781EA0000000992
B1533165601109N00850059EA0000000990
B1533255601076N00850359EA0000000981
B1533325601061N00850583EA0000000973
B1533375601055N00850742EA0000000964
B1533455601047N00851003EA0000000945
B1533515601039N00851203EA0000000932
B1533565601029N00851375EA0000000922
B1534025601010N00851592EA0000000922
B1534075600998N00851769EA0000000926
B1534135600984N00851978EA0000000941
B1534195600971N00852179EA0000000959
B1534255600958N00852358EA0000000976
B1534305600950N00852490EA0000000989
B1534375600936N00852674EA0000000988
B1534425600923N00852818EA0000000962
B1534485600899N00853007EA0000000947
B1534545600868N00853190EA0000000933
B1535045600809N00853492EA0000000929
B1535095600781N00853640EA0000000923
B1535165600732N00853852EA0000000904
B1535225600687N00854039EA0000000889
B1535285600648N00854232EA0000000878
B1535385600586N00854549EA0000000866
B1535435600554N00854705EA0000000859
B1535485600529N00854861EA0000000857
B1535595600477N00855213EA0000000837
B1536045600447N00855372EA0000000834
B1536095600418N00855530EA0000000826
B1536165600377N00855755EA0000000822
B1536235600341N00855972EA0000000841
B1536305600310N00856158EA0000000853
B1536355600284N00856286EA0000000838
B1536415600241N00856455EA0000000814
B1536465600196N00856608EA0000000808
B1536525600137N00856789EA0000000806
B1536585600075N00856964EA0000000791
B1537035600025N00857111EA0000000785
B1537085559976N00857255EA0000000776
B1537145559919N00857425EA0000000770
B1537195559869N00857564EA0000000760
B1537245559811N00857697EA0000000758
B1537335559710N00857938EA0000000755
B1537385559653N00858069EA0000000753
B1537435559596N00858192EA0000000763
B1537485559538N00858297EA0000000772
B1537535559496N00858418EA0000000771
B1537595559475N00858580EA0000000773
B1538045559463N00858717EA0000000770
B1538115559424N00858914EA0000000754
B1538165559383N00859059EA0000000743
B1538225559327N00859228EA0000000730
B1538305559255N00859464EA0000000714
B1538375559184N00859673EA0000000694
B1538465559091N00859943EA0000000676
B1538545559012N00900184EA0000000667
B1539005558955N00900367EA0000000656
B1539055558908N00900514EA0000000663
B1539115558853N00900681EA0000000669
B1539165558813N00900814EA0000000683
B1539225558764N00900960EA0000000705
B1539275558725N00901066EA0000000712
B1539325558701N00901182EA0000000712
B1539375558713N00901300EA0000000715
B1539435558767N00901410EA0000000721
B1539505558842N00901509EA0000000726
B1539565558909N00901588EA0000000725
B1540015558965N00901658EA0000000731
B1540075559035N00901737EA0000000738
B1540125559086N00901812EA0000000755
B1540175559073N00901920EA0000000757
B1540225558996N00901949EA0000000760
B1540275558926N00901856EA0000000765
B1540325558919N00901713EA0000000763
B1540375558974N00901623EA0000000759
B1540435559059N00901651EA0000000766
B1540485559121N00901717EA0000000769
B1540535559182N00901784EA0000000772
B1540585559241N00901861EA0000000770
B1541045559309N00901974EA0000000769
B1541095559364N00902066EA0000000797
B1541145559423N00902035EA0000000812
B1541195559426N00901891EA0000000814
B1541245559369N00901777EA0000000817
B1541295559294N00901783EA0000000829
B1541345559260N00901868EA0000000844
B1541395559283N00901953EA0000000851
B1541445559342N00901938EA0000000853
B1541495559396N00901839EA0000000844
B1541545559472N00901879EA0000000827
B1542005559530N00902030EA0000000843
B1542055559571N00902165EA0000000853
B1542105559600N00902293EA0000000879
B1542155559621N00902396EA0000000895
B1542205559649N00902497EA0000000890
B1542265559693N00902630EA0000000885
B1542315559728N00902751EA0000000896
B1542365559765N00902862EA0000000914
B1542415559801N00902962EA0000000925
B1542475559849N00903078EA0000000914
B1542545559920N00903237EA0000000888
B1542595559971N00903369EA0000000880
B1543055600030N00903531EA0000000867
B1543115600085N00903695EA0000000855
B1543165600129N00903834EA0000000851
B1543215600172N00903965EA0000000858
B1543265600215N00904096EA0000000865
B1543315600250N00904236EA0000000859
B1543385600295N00904448EA0000000848
B1543445600332N00904627EA0000000846
B1543495600365N00904772EA0000000835
B1543545600400N00904922EA0000000819
B1543595600437N00905076EA0000000809
B1544045600470N00905228EA0000000803
B1544095600500N00905384EA0000000795
B1544145600529N00905544EA0000000792
B1544245600581N00905872EA0000000783
B1544315600614N00906099EA0000000782
B1544375600649N00906298EA0000000770
B1544425600694N00906455EA0000000778
B1544475600750N00906585EA0000000798
B1544525600805N00906691EA0000000823
B1544585600868N00906801EA0000000833
B1545035600922N00906883EA0000000838
B1545115601009N00907022EA0000000838
B1545165601066N00907105EA0000000844
B1545215601127N00907180EA0000000845
B1545265601190N00907260EA0000000847
B1545315601251N00907345EA0000000848
B1545365601308N00907440EA0000000852
B1545425601371N00907560EA0000000865
B1545475601419N00907658EA0000000882
B1545525601482N00907704EA0000000896
B1545575601544N00907618EA0000000903
B1546025601535N00907463EA0000000909
B1546075601459N00907398EA0000000904
B1546125601386N00907452EA0000000904
B1546175601339N00907554EA0000000922
B1546225601339N00907663EA0000000927
B1546275601395N00907723EA0000000928
B1546325601463N00907675EA0000000936
B1546375601492N00907530EA0000000937
B1546425601454N00907376EA0000000942
B1546475601375N00907296EA0000000941
B1546525601287N00907309EA0000000948
B1546575601227N00907405EA0000000956
B1547025601227N00907532EA0000000961
B1547075601279N00907625EA0000000954
B1547125601356N00907638EA0000000953
B1547175601428N00907555EA0000000961
B1547225601470N00907410EA0000000962
B1547285601470N00907185EA0000000943
B1547345601449N00906946EA0000000948
B1547395601430N00906749EA0000000928
B1547465601403N00906444EA0000000913
B1547515601386N00906231EA0000000921
B1547585601374N00905953EA0000000924
B1548035601368N00905755EA0000000919
B1548115601345N00905432EA0000000913
B1548165601347N00905230EA0000000909
B1548215601372N00905039EA0000000907
B1548265601417N00904860EA0000000901
B1548375601516N00904475EA0000000914
B1548435601568N00904271EA0000000903
B1548495601623N00904072EA0000000892
B1548545601666N00903906EA0000000886
B1549005601713N00903704EA0000000881
B1549085601770N00903444EA0000000883
B1549135601816N00903306EA0000000882
B1549185601871N00903212EA0000000884
B1549235601889N00903067EA0000000869
B1549285601862N00902889EA0000000855
B1549345601817N00902661EA0000000838
B1549395601792N00902460EA0000000834
B1549475601761N00902141EA0000000818
B1549535601733N00901901EA0000000779
B1549595601693N00901670EA0000000730
B1550045601646N00901482EA0000000687
B1550105601574N00901272EA0000000634
B1550155601501N00901113EA0000000598
B1550215601401N00900952EA0000000556
B1550265601309N00900841EA0000000514
B1550345601143N00900711EA0000000441
B1550435600949N00900680EA0000000363
B1550485600847N00900742EA0000000331
B1550535600777N00900892EA0000000311
B1550585600754N00901076EA0000000298
B1551035600761N00901262EA0000000286
B1551085600773N00901439EA0000000285
B1551145600769N00901645EA0000000277
B1551205600732N00901852EA0000000257
B1551255600693N00902040EA0000000223
B1551305600710N00902244EA0000000192
B1551355600809N00902357EA0000000171
B1551405600914N00902214EA0000000131
B1551465600936N00901865EA0000000082
B1551525600904N00901492EA0000000063
B1551595600864N00901070EA0000000051
B1552045600859N00900828EA0000000135
B1552095600872N00900659EA0000000157
B1552155600900N00900470EA0000000151
B1552235600934N00900202EA0000000131
B1552285600908N00900024EA0000000123
B1552335600824N00859901EA0000000114
B1552395600701N00859858EA0000000103
B1552445600607N00859894EA0000000103
B1552495600559N00900006EA0000000094
B1552565600568N00900202EA0000000069
B1553045600575N00900426EA0000000046
B1553095600580N00900568EA0000000038
B1553145600583N00900697EA0000000037
B1553215600585N00900851EA0000000036
B1553285600587N00900963EA0000000037
