AOGNOGN
HFDTE180625
HFFXA050
HFPLTPILOTINCHARGE:
HFGTYGLIDERTYPE:LS-8 18
HFGIDGLIDERID:OY-XXO
HFDTM100GPSDATUM:WGS-1984
HFRFWFIRMWAREVERSION:
HFRHWHARDWAREVERSION:
HFFTYFRTYPE:OGN-FLIGHTBOOK
HFGPSGENERIC
HFPRSPRESSALTSENSOR:
HFCIDCOMPETITIONID:LS8
B0920235554419N00927266EA0000000092
B0920235554419N00927266EA0000000092
B0920285554441N00927171EA0000000140
B0920335554466N00927084EA0000000214
B0920385554489N00926999EA0000000286
B0920435554509N00926905EA0000000353
B0920485554530N00926803EA0000000414
B0920535554551N00926693EA0000000457
B0920585554572N00926581EA0000000471
B0921035554598N00926481EA0000000470
B0921085554651N00926435EA0000000470
B0921145554737N00926452EA0000000455
B0921205554829N00926518EA0000000447
B0921255554904N00926581EA0000000454
B0921305554981N00926646EA0000000435
B0921365555086N00926719EA0000000427
B0921415555170N00926788EA0000000437
B0921465555241N00926850EA0000000451
B0921525555286N00926783EA0000000449
B0921575555253N00926713EA0000000445
B0922025555172N00926769EA0000000441
B0922075555121N00926930EA0000000433
B0922135555062N00927113EA0000000445
B0922185555062N00927271EA0000000433
B0922235555125N00927301EA0000000423
B0922285555145N00927221EA0000000422
B0922355555145N00927104EA0000000426
B0922415555201N00927070EA0000000422
B0922465555257N00927057EA0000000423
B0922515555301N00927023EA0000000435
B0922565555323N00927150EA0000000427
B0923015555259N00927282EA0000000439
B0923065555193N00927283EA0000000442
B0923115555218N00927238EA0000000440
B0923165555233N00927375EA0000000454
B0923215555161N00927431EA0000000456
B0923265555162N00927366EA0000000455
B0923315555214N00927423EA0000000461
B0923365555189N00927583EA0000000457
B0923415555113N00927642EA0000000468
B0923465555083N00927573EA0000000461
B0923525555145N00927553EA0000000463
B0923575555189N00927642EA0000000475
B0924025555150N00927786EA0000000476
B0924075555085N00927766EA0000000473
B0924125555105N00927712EA0000000470
B0924185555172N00927712EA0000000463
B0924245555219N00927652EA0000000465
B0924295555243N00927590EA0000000476
B0924345555296N00927668EA0000000471
B0924395555263N00927824EA0000000467
B0924465555173N00927807EA0000000464
B0924515555125N00927747EA0000000477
B0924575555155N00927698EA0000000476
B0925025555171N00927851EA0000000474
B0925075555094N00927939EA0000000482
B0925125555028N00927923EA0000000495
B0925175555055N00927879EA0000000489
B0925225555086N00928014EA0000000496
B0925275555017N00928126EA0000000507
B0925325554961N00928086EA0000000512
B0925375555005N00928077EA0000000516
B0925425555014N00928233EA0000000517
B0925475554953N00928361EA0000000537
B0925525554898N00928327EA0000000534
B0925575554944N00928319EA0000000537
B0926025554929N00928471EA0000000542
B0926075554862N00928453EA0000000547
B0926125554898N00928428EA0000000551
B0926175554926N00928562EA0000000559
B0926225554857N00928645EA0000000557
B0926275554838N00928572EA0000000564
B0926325554879N00928661EA0000000569
B0926375554823N00928787EA0000000579
B0926425554772N00928748EA0000000581
B0926475554817N00928733EA0000000583
B0926525554838N00928870EA0000000583
B0926575554771N00928990EA0000000592
B0927025554712N00928963EA0000000592
B0927075554749N00928924EA0000000593
B0927125554802N00928923EA0000000586
B0927175554773N00928855EA0000000571
B0927225554697N00928938EA0000000568
B0927275554695N00929108EA0000000560
B0927335554758N00929156EA0000000553
B0927385554750N00929078EA0000000539
B0927435554707N00929006EA0000000531
B0927495554683N00928897EA0000000510
B0927545554647N00928804EA0000000481
B0927595554580N00928718EA0000000466
B0928065554471N00928622EA0000000466
B0928115554396N00928566EA0000000477
B0928175554325N00928503EA0000000491
B0928225554268N00928459EA0000000503
B0928275554197N00928527EA0000000504
B0928325554201N00928681EA0000000504
B0928375554258N00928690EA0000000510
B0928425554253N00928631EA0000000516
B0928485554186N00928755EA0000000514
B0928535554218N00928904EA0000000534
B0928595554263N00928885EA0000000527
B0929045554204N00928878EA0000000529
B0929095554179N00929038EA0000000534
B0929145554214N00929181EA0000000546
B0929195554253N00929179EA0000000539
B0929245554203N00929146EA0000000537
B0929305554164N00929316EA0000000542
B0929355554204N00929427EA0000000534
B0929405554229N00929387EA0000000532
B0929465554185N00929303EA0000000531
B0929555554120N00929183EA0000000547
B0930015554118N00929109EA0000000547
B0930065554185N00929143EA0000000554
B0930115554197N00929297EA0000000561
B0930165554132N00929319EA0000000565
B0930215554173N00929293EA0000000573
B0930265554174N00929453EA0000000586
B0930315554118N00929446EA0000000589
B0930365554170N00929448EA0000000598
B0930415554150N00929599EA0000000609
B0930475554126N00929548EA0000000612
B0930525554180N00929637EA0000000624
B0930585554106N00929733EA0000000620
B0931035554121N00929663EA0000000632
B0931095554160N00929806EA0000000637
B0931145554087N00929861EA0000000634
B0931195554071N00929776EA0000000656
B0931245554126N00929788EA0000000657
B0931295554105N00929945EA0000000659
B0931345554047N00929926EA0000000660
B0931395554095N00929904EA0000000671
B0931445554101N00930061EA0000000672
B0931495554029N00930091EA0000000674
B0931545554019N00930015EA0000000691
B0931595554070N00930058EA0000000694
B0932045554030N00930199EA0000000699
B0932095553992N00930149EA0000000709
B0932145554046N00930185EA0000000714
B0932195554018N00930345EA0000000720
B0932245553965N00930316EA0000000734
B0932295554015N00930330EA0000000740
B0932345554001N00930494EA0000000748
B0932395553938N00930498EA0000000756
B0932455553989N00930485EA0000000762
B0932505553974N00930646EA0000000767
B0932555553903N00930659EA0000000780
B0933005553919N00930599EA0000000780
B0933065553955N00930757EA0000000788
B0933115553885N00930820EA0000000794
B0933165553895N00930757EA0000000798
B0933215553935N00930882EA0000000801
B0933265553870N00930992EA0000000806
B0933315553830N00930939EA0000000815
B0933365553884N00930967EA0000000819
B0933415553868N00931129EA0000000821
B0933465553800N00931134EA0000000826
B0933515553837N00931092EA0000000828
B0933565553858N00931242EA0000000833
B0934035553761N00931300EA0000000844
B0934085553786N00931246EA0000000843
B0934135553825N00931370EA0000000851
B0934185553758N00931464EA0000000856
B0934235553763N00931401EA0000000861
B0934285553794N00931531EA0000000868
B0934335553720N00931591EA0000000877
B0934385553727N00931525EA0000000878
B0934445553764N00931677EA0000000888
B0934495553695N00931705EA0000000888
B0934545553725N00931656EA0000000901
B0934595553746N00931805EA0000000903
B0935045553673N00931860EA0000000910
B0935095553683N00931794EA0000000913
B0935145553735N00931885EA0000000922
B0935195553698N00932030EA0000000928
B0935245553645N00931999EA0000000932
B0935305553679N00931930EA0000000936
B0935355553737N00931904EA0000000916
B0935425553861N00931905EA0000000887
B0935475553953N00931919EA0000000872
B0935525554044N00931934EA0000000868
B0936005554184N00931955EA0000000858
B0936075554310N00931975EA0000000832
B0936135554422N00931987EA0000000818
B0936185554515N00931988EA0000000808
B0936235554604N00931996EA0000000805
B0936305554728N00932011EA0000000792
B0936385554869N00932010EA0000000792
B0936455554979N00932015EA0000000819
B0936515555036N00931967EA0000000834
B0936565555022N00931873EA0000000833
B0937015554952N00931852EA0000000845
B0937065554883N00931945EA0000000851
B0937115554892N00932089EA0000000854
B0937185554945N00932060EA0000000860
B0937235554880N00932043EA0000000860
B0937285554859N00932181EA0000000871
B0937335554910N00932259EA0000000877
B0937385554926N00932194EA0000000873
B0937435554859N00932188EA0000000880
B0937485554815N00932323EA0000000891
B0937535554828N00932470EA0000000897
B0937585554877N00932529EA0000000894
B0938035554851N00932459EA0000000882
B0938105554782N00932619EA0000000891
B0938175554785N00932850EA0000000906
B0938225554711N00932901EA0000000907
B0938275554721N00932829EA0000000913
B0938325554753N00932949EA0000000910
B0938375554677N00933011EA0000000919
B0938425554680N00932940EA0000000926
B0938475554716N00933049EA0000000926
B0938525554654N00933158EA0000000931
B0938575554619N00933089EA0000000932
B0939025554672N00933113EA0000000936
B0939075554683N00933265EA0000000938
B0939125554604N00933347EA0000000941
B0939175554578N00933269EA0000000939
B0939235554633N00933199EA0000000935
B0939295554707N00933118EA0000000918
B0939345554776N00933042EA0000000923
B0939415554865N00932960EA0000000930
B0939485554938N00932880EA0000000938
B0939545555007N00932802EA0000000901
B0939595555069N00932716EA0000000883
B0940045555130N00932620EA0000000865
B0940095555190N00932524EA0000000861
B0940145555243N00932433EA0000000852
B0940195555277N00932318EA0000000851
B0940265555289N00932148EA0000000841
B0940325555285N00931981EA0000000831
B0940375555282N00931837EA0000000839
B0940425555280N00931716EA0000000875
B0940475555304N00931647EA0000000891
B0940535555350N00931786EA0000000877
B0940585555285N00931909EA0000000862
B0941035555227N00931833EA0000000860
B0941085555227N00931721EA0000000870
B0941135555235N00931613EA0000000858
B0941185555252N00931482EA0000000832
B0941235555277N00931342EA0000000841
B0941285555299N00931221EA0000000861
B0941335555321N00931115EA0000000873
B0941385555345N00931019EA0000000872
B0941435555372N00930909EA0000000848
B0941485555398N00930778EA0000000832
B0941545555423N00930611EA0000000830
B0942005555443N00930443EA0000000832
B0942065555456N00930277EA0000000837
B0942115555461N00930161EA0000000888
B0942165555497N00930108EA0000000909
B0942215555530N00930236EA0000000917
B0942265555461N00930309EA0000000932
B0942315555468N00930246EA0000000945
B0942375555503N00930404EA0000000967
B0942425555433N00930453EA0000000977
B0942475555452N00930394EA0000000986
B0942525555498N00930499EA0000001003
B0942575555434N00930592EA0000001014
B0943025555436N00930529EA0000001025
B0943075555474N00930654EA0000001038
B0943145555397N00930690EA0000001050
B0943195555452N00930694EA0000001063
B0943245555428N00930848EA0000001076
B0943295555392N00930806EA0000001092
B0943345555446N00930840EA0000001100
B0943395555410N00930977EA0000001109
B0943445555377N00930927EA0000001111
B0943495555438N00930928EA0000001125
B0943545555441N00931087EA0000001124
B0943595555380N00931086EA0000001136
B0944045555426N00931043EA0000001149
B0944095555457N00931178EA0000001146
B0944145555391N00931256EA0000001143
B0944195555361N00931171EA0000001153
B0944245555412N00931151EA0000001146
B0944295555435N00931310EA0000001143
B0944345555362N00931373EA0000001140
B0944395555329N00931289EA0000001141
B0944445555385N00931267EA0000001119
B0944495555409N00931437EA0000001119
B0944545555340N00931493EA0000001112
B0944595555332N00931418EA0000001100
B0945045555358N00931326EA0000001071
B0945095555380N00931208EA0000001049
B0945195555376N00930935EA0000001027
B0945255555356N00930763EA0000001016
B0945315555335N00930586EA0000001006
B0945385555309N00930379EA0000000987
B0945435555292N00930228EA0000000982
B0945485555272N00930085EA0000000990
B0945535555258N00929948EA0000000994
B0945585555248N00929814EA0000001000
B0946035555259N00929687EA0000001001
B0946085555306N00929583EA0000001011
B0946135555370N00929503EA0000001010
B0946185555430N00929434EA0000001035
B0946235555487N00929364EA0000001014
B0946295555556N00929229EA0000001016
B0946345555597N00929112EA0000001036
B0946395555627N00929020EA0000001080
B0946445555681N00929074EA0000001087
B0946495555647N00929224EA0000001086
B0946555555574N00929180EA0000001097
B0947015555559N00929073EA0000001116
B0947065555613N00929042EA0000001120
B0947125555651N00929206EA0000001126
B0947175555580N00929289EA0000001117
B0947225555530N00929198EA0000001133
B0947275555498N00929108EA0000001147
B0947325555509N00929024EA0000001143
B0947375555550N00928924EA0000001085
B0947425555607N00928784EA0000001069
B0947505555693N00928579EA0000001074
B0947555555747N00928464EA0000001075
B0948035555831N00928261EA0000001047
B0948085555874N00928125EA0000001046
B0948135555920N00927999EA0000001045
B0948195555936N00927824EA0000001040
B0948245555906N00927675EA0000001043
B0948305555859N00927497EA0000001040
B0948375555813N00927309EA0000001065
B0948425555789N00927166EA0000001053
B0948475555776N00927031EA0000001090
B0948555555782N00926857EA0000001097
B0949005555815N00926748EA0000001074
B0949055555871N00926636EA0000001064
B0949115555942N00926507EA0000001052
B0949175556019N00926375EA0000001042
B0949255556107N00926177EA0000001041
B0949315556159N00926028EA0000001028
B0949365556184N00925894EA0000001021
B0949415556210N00925761EA0000001007
B0949465556246N00925630EA0000001011
B0949515556286N00925519EA0000001029
B0949565556330N00925422EA0000001016
B0950015556382N00925321EA0000001007
B0950085556465N00925200EA0000001001
B0950175556566N00925025EA0000000998
B0950225556625N00924929EA0000000989
B0950275556683N00924823EA0000000983
B0950345556761N00924665EA0000000973
B0950395556815N00924548EA0000000968
B0950455556878N00924401EA0000000957
B0950505556929N00924270EA0000000951
B0950555556982N00924145EA0000000947
B0951015557047N00924004EA0000000959
B0951065557093N00923904EA0000000968
B0951125557148N00923774EA0000000946
B0951175557188N00923657EA0000000946
B0951255557226N00923458EA0000000940
B0951315557276N00923321EA0000000935
B0951365557324N00923209EA0000000933
B0951415557373N00923102EA0000000931
B0951465557426N00922998EA0000000923
B0951515557478N00922891EA0000000942
B0951565557523N00922816EA0000000957
B0952025557589N00922723EA0000000942
B0952075557641N00922647EA0000000974
B0952125557687N00922595EA0000000982
B0952205557782N00922551EA0000000969
B0952255557863N00922517EA0000000949
B0952305557947N00922476EA0000000945
B0952375558057N00922397EA0000000923
B0952435558138N00922293EA0000000903
B0952505558207N00922143EA0000000901
B0952565558258N00922007EA0000000892
B0953045558337N00921831EA0000000874
B0953095558387N00921712EA0000000865
B0953145558438N00921599EA0000000864
B0953195558489N00921489EA0000000861
B0953245558534N00921370EA0000000852
B0953295558574N00921246EA0000000854
B0953345558612N00921140EA0000000857
B0953395558653N00921032EA0000000832
B0953455558710N00920883EA0000000822
B0953505558748N00920771EA0000000862
B0953595558807N00920638EA0000000891
B0954085558902N00920581EA0000000878
B0954145558967N00920509EA0000000852
B0954195559000N00920402EA0000000837
B0954255559016N00920247EA0000000819
B0954315559029N00920082EA0000000803
B0954365559039N00919935EA0000000790
B0954425559047N00919762EA0000000789
B0954495559049N00919565EA0000000800
B0954585559052N00919344EA0000000828
B0955045559058N00919214EA0000000825
B0955105559069N00919069EA0000000821
B0955165559086N00918924EA0000000814
B0955215559109N00918796EA0000000805
B0955265559136N00918664EA0000000805
B0955315559166N00918530EA0000000827
B0955375559200N00918430EA0000000865
B0955425559255N00918492EA0000000871
B0955475559218N00918642EA0000000871
B0955525559149N00918615EA0000000873
B0955575559133N00918515EA0000000868
B0956025559136N00918396EA0000000863
B0956075559146N00918286EA0000000893
B0956135559163N00918172EA0000000898
B0956185559183N00918077EA0000000918
B0956235559197N00917979EA0000000922
B0956295559217N00917853EA0000000917
B0956345559233N00917746EA0000000918
B0956405559246N00917619EA0000000940
B0956465559257N00917528EA0000000959
B0956515559268N00917445EA0000000942
B0956575559261N00917305EA0000000942
B0957025559232N00917185EA0000000924
B0957075559182N00917052EA0000000922
B0957125559133N00916944EA0000000947
B0957175559082N00916841EA0000000926
B0957265558979N00916620EA0000000902
B0957325558910N00916476EA0000000907
B0957395558836N00916313EA0000000884
B0957445558788N00916188EA0000000870
B0957495558738N00916069EA0000000867
B0957555558686N00915913EA0000000855
B0958005558643N00915781EA0000000881
B0958065558614N00915662EA0000000907
B0958125558638N00915534EA0000000884
B0958175558688N00915443EA0000000888
B0958225558738N00915352EA0000000892
B0958295558800N00915212EA0000000888
B0958365558845N00915039EA0000000867
B0958445558875N00914821EA0000000846
B0958495558889N00914675EA0000000829
B0958575558901N00914428EA0000000810
B0959025558905N00914277EA0000000801
B0959075558910N00914130EA0000000790
B0959125558916N00913981EA0000000785
B0959175558920N00913850EA0000000796
B0959235558926N00913701EA0000000802
B0959285558936N00913579EA0000000788
B0959335558962N00913442EA0000000754
B0959385559002N00913305EA0000000754
B0959445559051N00913158EA0000000753
B0959495559093N00913039EA0000000741
B0959575559164N00912850EA0000000741
B1000025559211N00912745EA0000000753
B1000085559265N00912610EA0000000740
B1000165559346N00912443EA0000000750
B1000225559422N00912366EA0000000777
B1000285559492N00912322EA0000000820
B1000345559565N00912292EA0000000820
B1000415559660N00912237EA0000000787
B1000465559731N00912163EA0000000777
B1000515559797N00912080EA0000000773
B1000565559859N00911987EA0000000762
B1001015559918N00911885EA0000000753
B1001065559980N00911787EA0000000753
B1001135600052N00911654EA0000000761
B1001185600092N00911542EA0000000745
B1001245600132N00911381EA0000000741
B1001315600157N00911199EA0000000761
B1001365600171N00911067EA0000000750
B1001415600176N00910924EA0000000752
B1001465600169N00910794EA0000000782
B1001545600166N00910665EA0000000814
B1002005600171N00910534EA0000000793
B1002065600173N00910383EA0000000795
B1002115600180N00910250EA0000000794
B1002175600193N00910105EA0000000824
B1002225600216N00909996EA0000000819
B1002295600257N00909841EA0000000826
B1002345600279N00909719EA0000000830
B1002405600302N00909579EA0000000857
B1002455600330N00909478EA0000000858
B1002505600359N00909366EA0000000877
B1002555600394N00909279EA0000000901
B1003035600429N00909116EA0000000923
B1003095600443N00908995EA0000000938
B1003145600449N00908893EA0000000946
B1003215600446N00908747EA0000000967
B1003265600435N00908642EA0000000973
B1003315600425N00908536EA0000000982
B1003365600414N00908428EA0000000990
B1003425600398N00908299EA0000000998
B1003475600383N00908181EA0000000997
B1003525600366N00908057EA0000000990
B1003585600332N00907914EA0000000985
B1004035600288N00907793EA0000000967
B1004085600243N00907658EA0000000957
B1004145600206N00907485EA0000000967
B1004195600181N00907352EA0000000972
B1004245600161N00907218EA0000000971
B1004295600137N00907097EA0000000991
B1004345600111N00906976EA0000000974
B1004395600079N00906840EA0000000977
B1004455600041N00906686EA0000000990
B1004515600004N00906527EA0000000978
B1004575559962N00906362EA0000000987
B1005025559931N00906230EA0000000970
B1005085559897N00906050EA0000000949
B1005145559888N00905867EA0000000945
B1005215559892N00905662EA0000000936
B1005275559900N00905500EA0000000932
B1005345559919N00905316EA0000000915
B1005395559934N00905187EA0000000913
B1005455559956N00905038EA0000000901
B1005505559974N00904904EA0000000889
B1005555559991N00904769EA0000000890
B1006025600019N00904613EA0000000902
B1006075600058N00904514EA0000000913
B1006125600108N00904438EA0000000899
B1006175600166N00904342EA0000000880
B1006235600239N00904228EA0000000876
B1006295600307N00904103EA0000000865
B1006365600384N00903962EA0000000856
B1006445600468N00903793EA0000000840
B1006495600515N00903675EA0000000829
B1006565600571N00903494EA0000000819
B1007055600640N00903259EA0000000811
B1007105600679N00903137EA0000000818
B1007165600733N00903007EA0000000809
B1007215600785N00902889EA0000000792
B1007275600846N00902746EA0000000789
B1007345600909N00902583EA0000000798
B1007395600953N00902467EA0000000807
B1007445600992N00902384EA0000000837
B1007505601041N00902292EA0000000830
B1007555601085N00902210EA0000000861
B1008005601121N00902131EA0000000873
B1008075601166N00902001EA0000000880
B1008125601200N00901903EA0000000892
B1008185601236N00901782EA0000000892
B1008235601274N00901675EA0000000873
B1008285601320N00901576EA0000000891
B1008335601370N00901506EA0000000914
B1008385601432N00901480EA0000000936
B1008435601485N00901442EA0000000941
B1008485601506N00901337EA0000000924
B1008535601514N00901200EA0000000924
B1009005601545N00901051EA0000000955
B1009065601580N00900933EA0000000963
B1009125601620N00900827EA0000000975
B1009175601655N00900726EA0000000988
B1009225601683N00900619EA0000000990
B1009285601705N00900477EA0000000997
B1009335601722N00900365EA0000001024
B1009385601737N00900263EA0000001032
B1009445601755N00900129EA0000001032
B1009505601777N00859985EA0000001026
B1009555601794N00859850EA0000001040
B1010005601809N00859731EA0000001059
B1010055601830N00859611EA0000001048
B1010105601854N00859472EA0000001062
B1010165601884N00859331EA0000001082
B1010215601912N00859221EA0000001101
B1010265601933N00859120EA0000001123
B1010325601956N00859010EA0000001122
B1010375601975N00858905EA0000001116
B1010425601972N00858775EA0000001111
B1010475601967N00858630EA0000001108
B1010525602013N00858524EA0000001114
B1010595602125N00858470EA0000001093
B1011045602218N00858447EA0000001083
B1011115602344N00858427EA0000001091
B1011165602423N00858417EA0000001091
B1011235602537N00858388EA0000001055
B1011285602616N00858310EA0000001034
B1011355602693N00858152EA0000001034
B1011405602734N00858037EA0000001023
B1011465602783N00857893EA0000001006
B1011535602846N00857725EA0000000999
B1011595602905N00857576EA0000000983
B1012055602970N00857430EA0000000972
B1012105603025N00857299EA0000000963
B1012165603080N00857157EA0000000980
B1012235603144N00857001EA0000000958
B1012325603216N00856764EA0000000945
B1012375603256N00856631EA0000000933
B1012425603303N00856490EA0000000931
B1012475603353N00856362EA0000000946
B1012525603401N00856241EA0000000964
B1012575603443N00856152EA0000000958
B1013035603508N00856020EA0000000953
B1013085603565N00855904EA0000000937
B1013175603678N00855693EA0000000918
B1013225603741N00855589EA0000000926
B1013275603803N00855483EA0000000919
B1013325603867N00855373EA0000000919
B1013405603952N00855187EA0000000927
B1013475604025N00855014EA0000000921
B1013525604076N00854887EA0000000918
B1013575604125N00854766EA0000000931
B1014025604175N00854650EA0000000917
B1014075604225N00854524EA0000000916
B1014135604283N00854364EA0000000900
B1014185604333N00854224EA0000000901
B1014245604394N00854056EA0000000888
B1014295604450N00853915EA0000000890
B1014345604502N00853783EA0000000891
B1014395604556N00853654EA0000000899
B1014455604617N00853523EA0000000902
B1014525604690N00853359EA0000000893
B1014585604753N00853203EA0000000891
B1015035604806N00853071EA0000000897
B1015115604884N00852873EA0000000916
B1015175604941N00852726EA0000000909
B1015305605059N00852387EA0000000885
B1015365605103N00852210EA0000000873
B1015415605134N00852053EA0000000870
B1015465605161N00851894EA0000000874
B1015515605188N00851753EA0000000899
B1015575605222N00851591EA0000000877
B1016025605251N00851434EA0000000863
B1016105605288N00851187EA0000000858
B1016175605316N00850981EA0000000844
B1016235605344N00850798EA0000000827
B1016315605384N00850556EA0000000817
B1016385605431N00850356EA0000000807
B1016435605470N00850210EA0000000798
B1016525605568N00849971EA0000000789
B1016575605619N00849855EA0000000813
B1017025605664N00849762EA0000000828
B1017105605731N00849615EA0000000830
B1017155605768N00849503EA0000000823
B1017205605794N00849401EA0000000861
B1017265605819N00849298EA0000000840
B1017315605803N00849178EA0000000821
B1017365605750N00849066EA0000000824
B1017415605696N00848959EA0000000822
B1017485605626N00848797EA0000000811
B1017545605578N00848647EA0000000801
B1018005605550N00848488EA0000000787
B1018065605531N00848328EA0000000789
B1018165605526N00848073EA0000000790
B1018225605525N00847928EA0000000789
B1018295605527N00847761EA0000000804
B1018405605535N00847508EA0000000805
B1018465605551N00847355EA0000000802
B1018525605573N00847208EA0000000809
B1018585605602N00847060EA0000000784
B1019045605632N00846896EA0000000795
B1019105605659N00846769EA0000000828
B1019165605684N00846661EA0000000827
B1019215605709N00846551EA0000000834
B1019285605739N00846414EA0000000832
B1019355605770N00846238EA0000000791
B1019435605799N00846006EA0000000781
B1019505605826N00845798EA0000000775
B1019565605853N00845620EA0000000771
B1020025605883N00845452EA0000000787
B1020075605950N00845441EA0000000827
B1020125605964N00845604EA0000000840
B1020195605898N00845841EA0000000839
B1020245605857N00846028EA0000000841
B1020315605794N00846307EA0000000822
B1020365605744N00846511EA0000000816
B1020435605680N00846808EA0000000813
B1020515605608N00847170EA0000000779
B1020575605548N00847456EA0000000769
B1021035605485N00847728EA0000000785
B1021085605437N00847944EA0000000799
B1021135605390N00848162EA0000000793
B1021195605334N00848430EA0000000783
B1021265605265N00848755EA0000000804
B1021315605226N00848945EA0000000831
B1021385605158N00849233EA0000000815
B1021465605076N00849589EA0000000814
B1021515605031N00849807EA0000000808
B1021565604988N00850031EA0000000825
B1022015604952N00850246EA0000000845
B1022075604912N00850481EA0000000873
B1022135604882N00850710EA0000000875
B1022185604896N00850917EA0000000854
B1022235604942N00851113EA0000000851
B1022315605032N00851425EA0000000837
B1022375605105N00851669EA0000000822
B1022435605179N00851923EA0000000804
B1022515605254N00852286EA0000000794
B1022575605281N00852585EA0000000788
B1023045605277N00852924EA0000000784
B1023095605257N00853169EA0000000762
B1023145605225N00853419EA0000000753
B1023195605189N00853657EA0000000758
B1023245605148N00853883EA0000000758
B1023315605062N00854181EA0000000747
B1023365604985N00854386EA0000000743
B1023435604875N00854659EA0000000748
B1023495604777N00854879EA0000000746
B1023555604674N00855097EA0000000730
B1024025604558N00855356EA0000000728
B1024075604479N00855552EA0000000717
B1024135604389N00855799EA0000000713
B1024185604320N00856007EA0000000721
B1024235604264N00856217EA0000000720
B1024315604203N00856565EA0000000721
B1024365604187N00856774EA0000000743
B1024455604165N00857113EA0000000769
B1024505604146N00857291EA0000000772
B1024555604117N00857474EA0000000774
B1025005604086N00857657EA0000000772
B1025065604046N00857887EA0000000768
B1025125604008N00858130EA0000000757
B1025175603981N00858336EA0000000760
B1025225603950N00858542EA0000000748
B1025285603876N00858768EA0000000740
B1025345603783N00858966EA0000000741
B1025405603689N00859149EA0000000738
B1025465603591N00859332EA0000000724
B1025525603485N00859491EA0000000714
B1025575603392N00859611EA0000000708
B1026045603265N00859770EA0000000719
B1026115603149N00859942EA0000000722
B1026165603076N00900078EA0000000734
B1026215603005N00900167EA0000000755
B1026265602974N00900105EA0000000770
B1026315603030N00900140EA0000000782
B1026365603004N00900285EA0000000787
B1026425602967N00900232EA0000000804
B1026475603023N00900291EA0000000821
B1026525602996N00900436EA0000000829
B1026575602939N00900420EA0000000843
B1027025602983N00900412EA0000000849
B1027075602991N00900565EA0000000863
B1027125602921N00900607EA0000000864
B1027175602948N00900564EA0000000880
B1027225602976N00900701EA0000000887
B1027275602908N00900777EA0000000892
B1027325602903N00900715EA0000000905
B1027375602957N00900785EA0000000913
B1027425602923N00900929EA0000000915
B1027475602862N00900912EA0000000925
B1027535602908N00900879EA0000000940
B1027585602934N00901008EA0000000935
B1028035602863N00901105EA0000000941
B1028085602837N00901040EA0000000946
B1028135602899N00901065EA0000000963
B1028185602908N00901215EA0000000969
B1028235602835N00901286EA0000000971
B1028285602819N00901218EA0000000979
B1028345602883N00901284EA0000000991
B1028395602846N00901429EA0000000990
B1028445602789N00901401EA0000001004
B1028505602843N00901408EA0000001018
B1028555602828N00901559EA0000001019
B1029005602764N00901553EA0000001027
B1029055602801N00901515EA0000001035
B1029105602828N00901656EA0000001043
B1029155602760N00901750EA0000001043
B1029205602731N00901681EA0000001059
B1029255602779N00901673EA0000001065
B1029305602801N00901837EA0000001047
B1029365602766N00902103EA0000001028
B1029445602709N00902473EA0000001042
B1029495602669N00902685EA0000001048
B1029545602626N00902904EA0000001032
B1030025602558N00903259EA0000001034
B1030075602519N00903472EA0000001042
B1030125602482N00903692EA0000001036
B1030185602434N00903951EA0000001047
B1030265602367N00904304EA0000001039
B1030315602330N00904530EA0000001033
B1030365602279N00904748EA0000001031
B1030425602214N00905009EA0000001017
B1030475602155N00905229EA0000001002
B1030535602077N00905492EA0000000993
B1030585602006N00905703EA0000000984
B1031075601883N00906093EA0000000981
B1031145601800N00906398EA0000000971
B1031195601742N00906618EA0000000967
B1031245601688N00906846EA0000000967
B1031315601620N00907159EA0000000965
B1031365601575N00907396EA0000000940
B1031415601531N00907640EA0000000936
B1031465601486N00907879EA0000000931
B1031545601422N00908261EA0000000909
B1032025601371N00908660EA0000000892
B1032085601340N00908959EA0000000880
B1032145601311N00909257EA0000000864
B1032225601273N00909658EA0000000854
B1032275601246N00909910EA0000000860
B1032345601210N00910253EA0000000876
B1032405601182N00910512EA0000000899
B1032465601137N00910752EA0000000904
B1032525601091N00910997EA0000000910
B1032585601051N00911223EA0000000930
B1033045601019N00911445EA0000000916
B1033115600967N00911723EA0000000905
B1033165600931N00911920EA0000000896
B1033225600878N00912167EA0000000874
B1033295600828N00912483EA0000000861
B1033345600798N00912713EA0000000858
B1033435600746N00913119EA0000000851
B1033485600715N00913336EA0000000875
B1033545600684N00913555EA0000000900
B1033595600725N00913687EA0000000901
B1034065600762N00913627EA0000000902
B1034115600706N00913581EA0000000909
B1034175600623N00913705EA0000000912
B1034225600655N00913845EA0000000922
B1034315600649N00913771EA0000000926
B1034365600587N00913893EA0000000935
B1034415600625N00914021EA0000000937
B1034475600659N00913961EA0000000942
B1034525600588N00913962EA0000000947
B1034575600534N00914115EA0000000950
B1035025600485N00914281EA0000000958
B1035075600423N00914446EA0000000956
B1035125600360N00914622EA0000000962
B1035225600240N00914979EA0000000958
B1035275600177N00915165EA0000000952
B1035325600116N00915356EA0000000961
B1035385600045N00915597EA0000000969
B1035445559976N00915827EA0000000985
B1035505559905N00916069EA0000000965
B1035565559830N00916320EA0000000953
B1036025559752N00916566EA0000000943
B1036095559657N00916855EA0000000920
B1036145559588N00917074EA0000000920
B1036195559530N00917259EA0000000965
B1036245559480N00917424EA0000000963
B1036305559415N00917624EA0000000991
B1036355559352N00917738EA0000000993
B1036405559304N00917696EA0000000985
B1036465559339N00917609EA0000000995
B1036515559395N00917599EA0000001016
B1036565559431N00917742EA0000001019
B1037035559392N00918018EA0000001018
B1037085559352N00918214EA0000001043
B1037145559284N00918404EA0000001033
B1037195559208N00918562EA0000001021
B1037265559095N00918789EA0000001006
B1037315559013N00918952EA0000001034
B1037365558945N00919075EA0000001065
B1037415558874N00919184EA0000001049
B1037465558816N00919365EA0000001038
B1037525558773N00919617EA0000001051
B1037585558731N00919885EA0000001056
B1038035558706N00920058EA0000001107
B1038085558680N00920230EA0000001078
B1038135558651N00920435EA0000001080
B1038195558612N00920678EA0000001083
B1038265558564N00920971EA0000001083
B1038335558516N00921276EA0000001084
B1038395558474N00921543EA0000001077
B1038455558430N00921824EA0000001066
B1038505558397N00922057EA0000001068
B1038555558368N00922291EA0000001066
B1039005558344N00922524EA0000001069
B1039065558308N00922803EA0000001057
B1039125558261N00923085EA0000001062
B1039175558212N00923299EA0000001072
B1039225558157N00923509EA0000001064
B1039275558096N00923721EA0000001064
B1039325558041N00923919EA0000001081
B1039385557971N00924165EA0000001065
B1039435557909N00924382EA0000001065
B1039515557814N00924741EA0000001060
B1039565557761N00924969EA0000001058
B1040015557713N00925196EA0000001051
B1040065557666N00925422EA0000001053
B1040115557618N00925639EA0000001036
B1040165557567N00925869EA0000001026
B1040215557514N00926080EA0000001046
B1040265557461N00926275EA0000001044
B1040315557407N00926466EA0000001059
B1040365557356N00926659EA0000001053
B1040415557310N00926860EA0000001058
B1040465557268N00927051EA0000001045
B1040545557186N00927376EA0000001040
B1040595557130N00927585EA0000001013
B1041045557071N00927806EA0000001008
B1041115556983N00928111EA0000000996
B1041165556915N00928333EA0000000983
B1041215556854N00928562EA0000000983
B1041265556828N00928799EA0000000983
B1041315556822N00929036EA0000000971
B1041375556817N00929327EA0000000959
B1041465556818N00929764EA0000000955
B1041565556829N00930230EA0000000943
B1042025556834N00930519EA0000000943
B1042085556824N00930802EA0000000950
B1042145556795N00931061EA0000000963
B1042215556756N00931363EA0000000945
B1042275556717N00931639EA0000000930
B1042335556670N00931926EA0000000930
B1042385556629N00932131EA0000000941
B1042435556577N00932341EA0000000906
B1042505556494N00932670EA0000000890
B1042555556433N00932900EA0000000894
B1043015556364N00933175EA0000000892
B1043085556290N00933495EA0000000889
B1043185556186N00933948EA0000000878
B1043245556121N00934211EA0000000874
B1043315556055N00934522EA0000000864
B1043375556020N00934802EA0000000850
B1043425556010N00935040EA0000000845
B1043475556002N00935278EA0000000841
B1043525556001N00935509EA0000000848
B1044005555995N00935850EA0000000850
B1044055555969N00936059EA0000000849
B1044105555920N00936254EA0000000842
B1044205555808N00936679EA0000000808
B1044285555705N00937027EA0000000794
B1044335555636N00937235EA0000000791
B1044405555541N00937532EA0000000774
B1044455555473N00937747EA0000000765
B1044515555392N00937991EA0000000760
B1044595555281N00938306EA0000000762
B1045045555217N00938489EA0000000755
B1045125555119N00938795EA0000000757
B1045245555037N00939219EA0000000773
B1045295555095N00939306EA0000000765
B1045515555099N00938953EA0000000763
B1045595554967N00938982EA0000000771
B1046045554916N00939138EA0000000762
B1046105554889N00939377EA0000000756
B1046155554865N00939577EA0000000761
B1046215554849N00939802EA0000000765
B1046265554833N00940006EA0000000752
B1046325554795N00940250EA0000000757
B1046405554731N00940580EA0000000741
B1046455554688N00940785EA0000000751
B1046505554647N00940973EA0000000773
B1046555554615N00941151EA0000000782
B1047015554670N00941273EA0000000786
B1047065554671N00941200EA0000000788
B1047115554590N00941254EA0000000796
B1047165554588N00941420EA0000000804
B1047225554638N00941411EA0000000804
B1047275554570N00941394EA0000000809
B1047325554536N00941561EA0000000817
B1047405554596N00941576EA0000000825
B1047455554517N00941577EA0000000834
B1047505554465N00941723EA0000000849
B1047555554503N00941859EA0000000855
B1048005554539N00941823EA0000000858
B1048055554474N00941804EA0000000868
B1048125554455N00942025EA0000000875
B1048175554506N00942017EA0000000879
B1048225554450N00941972EA0000000890
B1048285554408N00942153EA0000000902
B1048355554464N00942157EA0000000907
B1048405554394N00942154EA0000000924
B1048455554367N00942310EA0000000932
B1048525554425N00942333EA0000000939
B1048575554363N00942323EA0000000953
B1049025554340N00942482EA0000000961
B1049085554398N00942507EA0000000972
B1049145554334N00942480EA0000000991
B1049205554308N00942668EA0000001001
B1049275554367N00942675EA0000001009
B1049325554302N00942661EA0000001030
B1049375554261N00942809EA0000001045
B1049425554307N00942926EA0000001052
B1049475554337N00942880EA0000001053
B1049535554261N00942878EA0000001069
B1049585554245N00943039EA0000001082
B1050055554306N00943048EA0000001089
B1050105554249N00943029EA0000001096
B1050155554224N00943184EA0000001116
B1050245554278N00943197EA0000001122
B1050315554190N00943218EA0000001135
B1050375554186N00943405EA0000001146
B1050435554233N00943386EA0000001158
B1050485554167N00943396EA0000001166
B1050545554158N00943584EA0000001185
B1050595554207N00943581EA0000001187
B1051065554126N00943588EA0000001204
B1051115554112N00943749EA0000001220
B1051185554170N00943759EA0000001224
B1051235554109N00943757EA0000001239
B1051305554092N00943966EA0000001250
B1051355554140N00943969EA0000001250
B1051415554073N00943952EA0000001261
B1051465553987N00944020EA0000001259
B1051525553865N00944099EA0000001229
B1051575553752N00944182EA0000001222
B1052035553620N00944278EA0000001229
B1052085553526N00944311EA0000001246
B1052135553462N00944234EA0000001218
B1052185553494N00944127EA0000001219
B1052235553565N00944052EA0000001195
B1052285553649N00943975EA0000001179
B1052345553749N00943877EA0000001174
B1052395553815N00943780EA0000001184
B1052445553858N00943665EA0000001192
B1052505553885N00943523EA0000001207
B1052555553894N00943397EA0000001212
B1053065553890N00943075EA0000001195
B1053235553920N00942579EA0000001166
B1053305553936N00942368EA0000001178
B1053355553954N00942220EA0000001163
B1053435553985N00941976EA0000001171
B1053485554001N00941852EA0000001210
B1053565554035N00941654EA0000001182
B1054025554068N00941477EA0000001176
B1054095554107N00941267EA0000001170
B1054145554126N00941124EA0000001194
B1054215554147N00940977EA0000001188
B1054265554169N00940852EA0000001164
B1054315554194N00940709EA0000001144
B1054365554220N00940560EA0000001129
B1054425554253N00940384EA0000001140
B1054475554280N00940234EA0000001121
B1054525554308N00940077EA0000001118
B1054585554336N00939902EA0000001119
B1055075554377N00939635EA0000001101
B1055155554412N00939394EA0000001094
B1055235554440N00939155EA0000001088
B1055335554473N00938858EA0000001064
B1055405554499N00938645EA0000001060
B1055455554520N00938496EA0000001053
B1055505554546N00938346EA0000001041
B1055555554573N00938194EA0000001031
B1056015554608N00938015EA0000001028
B1056145554684N00937638EA0000001004
B1056235554737N00937372EA0000000991
B1056285554767N00937226EA0000000986
B1056345554802N00937057EA0000000976
B1056405554840N00936888EA0000000964
B1056485554901N00936670EA0000000945
B1056535554942N00936534EA0000000932
B1057045555026N00936234EA0000000917
B1057115555075N00936040EA0000000923
B1057165555107N00935917EA0000000950
B1057215555139N00935806EA0000000933
B1057275555185N00935655EA0000000919
B1057345555239N00935471EA0000000898
B1057415555296N00935296EA0000000893
B1057475555345N00935152EA0000000873
B1057545555407N00934972EA0000000841
B1058005555461N00934808EA0000000828
B1058055555507N00934676EA0000000817
B1058105555557N00934546EA0000000804
B1058165555617N00934389EA0000000802
B1058235555675N00934213EA0000000796
B1058295555723N00934066EA0000000783
B1058355555769N00933915EA0000000778
B1058425555821N00933745EA0000000772
B1058505555871N00933549EA0000000762
B1058575555880N00933360EA0000000747
B1059035555885N00933197EA0000000733
B1059095555900N00933029EA0000000718
B1059145555907N00932886EA0000000710
B1059205555916N00932715EA0000000695
B1059365555874N00932251EA0000000687
B1059465555826N00932003EA0000000708
B1059525555809N00931872EA0000000734
B1059585555802N00931763EA0000000745
B1100075555805N00931604EA0000000765
B1100135555810N00931507EA0000000776
B1100195555821N00931415EA0000000801
B1100245555831N00931346EA0000000811
B1100295555862N00931276EA0000000811
B1100345555928N00931227EA0000000813
B1100395556004N00931185EA0000000812
B1100445556083N00931138EA0000000795
B1100505556178N00931077EA0000000785
B1100575556281N00930990EA0000000777
B1101025556342N00930924EA0000000786
B1101075556402N00930857EA0000000765
B1101125556470N00930782EA0000000756
B1101175556540N00930699EA0000000750
B1101255556647N00930545EA0000000752
B1101315556722N00930422EA0000000749
B1101365556777N00930312EA0000000757
B1101415556833N00930214EA0000000766
B1101475556891N00930119EA0000000799
B1101525556938N00930045EA0000000781
B1101575556962N00929924EA0000000766
B1102035556956N00929774EA0000000772
B1102085556931N00929647EA0000000762
B1102135556895N00929519EA0000000767
B1102185556859N00929391EA0000000765
B1102245556816N00929245EA0000000771
B1102295556774N00929125EA0000000780
B1102345556735N00929024EA0000000812
B1102395556702N00928945EA0000000825
B1102455556654N00928826EA0000000808
B1102525556592N00928683EA0000000815
B1102585556533N00928546EA0000000786
B1103035556490N00928418EA0000000799
B1103105556457N00928250EA0000000807
B1103175556435N00928092EA0000000813
B1103225556433N00927983EA0000000807
B1103275556443N00927865EA0000000786
B1103335556462N00927729EA0000000812
B1103385556485N00927643EA0000000801
B1103445556529N00927522EA0000000778
B1103495556569N00927407EA0000000770
B1103545556609N00927287EA0000000758
B1104005556655N00927127EA0000000738
B1104055556690N00926997EA0000000751
B1104125556723N00926823EA0000000758
B1104185556744N00926687EA0000000760
B1104235556765N00926574EA0000000746
B1104295556799N00926416EA0000000709
B1104345556830N00926269EA0000000713
B1104405556878N00926126EA0000000725
B1104455556918N00926019EA0000000724
B1104505556964N00925895EA0000000691
B1104565557013N00925736EA0000000692
B1105045557074N00925535EA0000000702
B1105095557097N00925431EA0000000738
B1105145557120N00925337EA0000000724
B1105195557162N00925245EA0000000752
B1105245557205N00925169EA0000000747
B1105305557254N00925059EA0000000740
B1105355557295N00924951EA0000000742
B1105405557332N00924844EA0000000741
B1105455557366N00924732EA0000000738
B1105515557396N00924596EA0000000747
B1105585557419N00924429EA0000000742
B1106055557432N00924243EA0000000738
B1106105557441N00924109EA0000000744
B1106155557443N00923976EA0000000747
B1106215557427N00923832EA0000000775
B1106275557405N00923696EA0000000760
B1106345557364N00923524EA0000000770
B1106395557339N00923410EA0000000777
B1106475557314N00923232EA0000000781
B1106525557302N00923105EA0000000766
B1106595557290N00922900EA0000000752
B1107055557295N00922735EA0000000766
B1107105557305N00922610EA0000000754
B1107155557325N00922483EA0000000739
B1107225557372N00922295EA0000000729
B1107335557450N00922017EA0000000718
B1107385557487N00921892EA0000000724
B1107435557519N00921782EA0000000758
B1107515557562N00921628EA0000000767
B1107565557588N00921522EA0000000770
B1108035557622N00921374EA0000000789
B1108085557644N00921286EA0000000816
B1108145557667N00921195EA0000000823
B1108195557686N00921106EA0000000814
B1108265557709N00920955EA0000000810
B1108325557730N00920803EA0000000801
B1108375557741N00920674EA0000000823
B1108425557749N00920564EA0000000837
B1108485557756N00920418EA0000000842
B1108535557763N00920293EA0000000855
B1108595557777N00920158EA0000000872
B1109065557787N00920009EA0000000890
B1109135557795N00919862EA0000000892
B1109225557800N00919674EA0000000913
B1109285557804N00919553EA0000000913
B1109345557841N00919430EA0000000881
B1109395557921N00919375EA0000000885
B1109475558060N00919327EA0000000882
B1109535558167N00919291EA0000000871
B1110015558309N00919245EA0000000857
B1110065558387N00919197EA0000000841
B1110115558471N00919139EA0000000836
B1110185558575N00919079EA0000000855
B1110235558654N00919037EA0000000859
B1110285558728N00919000EA0000000883
B1110345558813N00918956EA0000000869
B1110395558893N00918923EA0000000859
B1110455558996N00918893EA0000000858
B1110525559103N00918845EA0000000882
B1110595559191N00918749EA0000000870
B1111055559227N00918601EA0000000860
B1111115559242N00918439EA0000000864
B1111165559252N00918310EA0000000872
B1111225559262N00918157EA0000000883
B1111295559266N00917988EA0000000908
B1111355559271N00917834EA0000000897
B1111425559264N00917644EA0000000912
B1111475559257N00917518EA0000000909
B1111555559256N00917301EA0000000866
B1112005559260N00917154EA0000000869
B1112055559267N00917011EA0000000873
B1112115559280N00916849EA0000000887
B1112165559293N00916721EA0000000899
B1112215559308N00916605EA0000000925
B1112265559334N00916501EA0000000922
B1112315559369N00916385EA0000000945
B1112375559407N00916266EA0000000964
B1112455559460N00916078EA0000000931
B1112535559492N00915847EA0000000913
B1112595559505N00915667EA0000000912
B1113065559503N00915460EA0000000931
B1113125559497N00915293EA0000000943
B1113185559489N00915146EA0000000956
B1113245559481N00914994EA0000000943
B1113305559486N00914824EA0000000944
B1113355559499N00914682EA0000000944
B1113435559523N00914447EA0000000927
B1113485559538N00914296EA0000000915
B1113565559562N00914056EA0000000899
B1114025559586N00913879EA0000000897
B1114075559606N00913731EA0000000910
B1114155559639N00913525EA0000000927
B1114225559674N00913358EA0000000946
B1114275559707N00913235EA0000000949
B1114325559742N00913133EA0000000993
B1114375559773N00913052EA0000000987
B1114435559806N00912927EA0000000990
B1114485559827N00912825EA0000000992
B1114535559846N00912707EA0000000992
B1114595559862N00912558EA0000001015
B1115055559876N00912402EA0000001018
B1115105559886N00912266EA0000001029
B1115155559896N00912133EA0000001026
B1115215559907N00911961EA0000001028
B1115265559914N00911811EA0000001033
B1115325559923N00911655EA0000001058
B1115375559930N00911526EA0000001051
B1115425559941N00911384EA0000001046
B1115485559961N00911200EA0000001035
B1115555559986N00910983EA0000001052
B1116015600010N00910822EA0000001066
B1116095600054N00910602EA0000001057
B1116145600080N00910455EA0000001090
B1116195600097N00910376EA0000001132
B1116265600133N00910233EA0000001104
B1116345600182N00910034EA0000001106
B1116415600244N00909866EA0000001106
B1116475600298N00909711EA0000001107
B1116545600350N00909525EA0000001105
B1116595600373N00909384EA0000001111
B1117065600395N00909208EA0000001135
B1117135600430N00909003EA0000001090
B1117185600446N00908838EA0000001092
B1117245600454N00908653EA0000001102
B1117295600459N00908506EA0000001112
B1117385600459N00908294EA0000001128
B1117445600460N00908130EA0000001110
B1117515600438N00907913EA0000001101
B1117575600408N00907728EA0000001097
B1118035600368N00907543EA0000001084
B1118085600328N00907397EA0000001085
B1118145600292N00907221EA0000001072
B1118205600274N00907029EA0000001057
B1118275600269N00906800EA0000001049
B1118335600283N00906607EA0000001060
B1118395600322N00906425EA0000001071
B1118445600374N00906300EA0000001077
B1118495600438N00906187EA0000001072
B1118545600502N00906069EA0000001075
B1119025600605N00905878EA0000001079
B1119075600663N00905758EA0000001096
B1119145600735N00905569EA0000001082
B1119225600790N00905315EA0000001108
B1119275600816N00905177EA0000001136
B1119325600842N00905042EA0000001127
B1119375600869N00904893EA0000001125
B1119435600903N00904703EA0000001128
B1119485600934N00904543EA0000001130
B1119545600971N00904352EA0000001136
B1120005601011N00904163EA0000001142
B1120055601047N00904007EA0000001135
B1120115601084N00903822EA0000001128
B1120165601110N00903663EA0000001111
B1120225601130N00903456EA0000001122
B1120275601141N00903302EA0000001137
B1120325601152N00903141EA0000001105
B1120385601155N00902917EA0000001105
B1120445601153N00902699EA0000001095
B1120505601153N00902495EA0000001121
B1120565601150N00902308EA0000001115
B1121015601146N00902146EA0000001101
B1121075601144N00901946EA0000001095
B1121125601143N00901773EA0000001090
B1121205601129N00901490EA0000001083
B1121275601111N00901238EA0000001068
B1121385601077N00900844EA0000001051
B1121485601045N00900475EA0000001026
B1121545601020N00900258EA0000001038
B1121595601001N00900080EA0000001030
B1122065601014N00859851EA0000001045
B1122115601061N00859737EA0000001050
B1122165601115N00859636EA0000001060
B1122215601171N00859529EA0000001039
B1122275601250N00859388EA0000001021
B1122335601334N00859244EA0000001026
B1122395601413N00859120EA0000001047
B1122475601511N00858947EA0000001042
B1122525601573N00858827EA0000001032
B1122585601647N00858674EA0000001027
B1123035601699N00858534EA0000001028
B1123095601762N00858369EA0000001025
B1123145601819N00858236EA0000001027
B1123195601877N00858103EA0000001023
B1123255601954N00857949EA0000001025
B1123315602033N00857794EA0000001023
B1123365602089N00857686EA0000001038
B1123445602183N00857504EA0000000997
B1123505602254N00857347EA0000000985
B1123565602318N00857189EA0000000980
B1124035602393N00857000EA0000000975
B1124105602464N00856805EA0000000960
B1124165602515N00856638EA0000000951
B1124215602555N00856491EA0000000943
B1124265602590N00856346EA0000000945
B1124315602623N00856209EA0000000937
B1124365602651N00856063EA0000000921
B1124425602679N00855888EA0000000918
B1124495602711N00855689EA0000000894
B1124575602741N00855445EA0000000890
B1125035602769N00855282EA0000000917
B1125085602799N00855160EA0000000923
B1125135602826N00855043EA0000000950
B1125185602844N00854948EA0000000959
B1125255602871N00854813EA0000000955
B1125305602884N00854704EA0000000944
B1125365602899N00854562EA0000000949
B1125425602911N00854428EA0000000962
B1125525602917N00854202EA0000000981
B1125575602926N00854081EA0000000991
B1126065602924N00853861EA0000000997
B1126135602927N00853693EA0000001018
B1126185602922N00853593EA0000001036
B1126235602921N00853487EA0000001025
B1126295602940N00853341EA0000001021
B1126345602969N00853226EA0000001020
B1126425603018N00853046EA0000001035
B1126475603045N00852940EA0000001032
B1126535603084N00852800EA0000001019
B1126585603122N00852674EA0000001015
B1127035603166N00852555EA0000001017
B1127085603209N00852448EA0000001017
B1127145603261N00852318EA0000001008
B1127205603321N00852190EA0000000998
B1127285603405N00852018EA0000000995
B1127345603468N00851883EA0000000984
B1127425603548N00851695EA0000000975
B1127495603613N00851522EA0000000968
B1127545603659N00851403EA0000000987
B1128025603725N00851245EA0000001001
B1128075603757N00851131EA0000000997
B1128165603765N00850894EA0000000984
B1128235603759N00850682EA0000000965
B1128295603752N00850495EA0000000963
B1128345603747N00850346EA0000000969
B1128415603746N00850148EA0000000962
B1128475603740N00849977EA0000000961
B1128535603733N00849819EA0000000980
B1128585603731N00849707EA0000000982
B1129035603741N00849583EA0000000953
B1129085603753N00849446EA0000000964
B1129145603764N00849294EA0000000970
B1129195603773N00849166EA0000000963
B1129255603799N00849007EA0000000951
B1129305603835N00848880EA0000000950
B1129365603890N00848727EA0000000952
B1129415603931N00848608EA0000000986
B1129465603964N00848513EA0000000998
B1129515604003N00848414EA0000000982
B1129595604075N00848245EA0000000965
B1130055604131N00848109EA0000000948
B1130105604187N00847990EA0000000934
B1130155604249N00847871EA0000000940
B1130215604323N00847729EA0000000943
B1130265604383N00847618EA0000000955
B1130315604445N00847520EA0000000957
B1130365604506N00847404EA0000000944
B1130435604587N00847224EA0000000942
B1130485604644N00847098EA0000000937
B1130545604703N00846950EA0000000939
B1130595604746N00846822EA0000000925
B1131065604803N00846619EA0000000906
B1131115604844N00846470EA0000000904
B1131175604894N00846294EA0000000906
B1131245604951N00846108EA0000000910
B1132035605149N00845028EA0000000898
B1132095605144N00844826EA0000000913
B1132155605134N00844647EA0000000929
B1132215605123N00844478EA0000000905
B1132265605113N00844323EA0000000902
B1132325605096N00844140EA0000000900
B1132405605066N00843906EA0000000899
B1132455605049N00843764EA0000000895
B1132505605033N00843624EA0000000891
B1133005605001N00843341EA0000000892
B1133065604991N00843172EA0000000898
B1133115604980N00843028EA0000000886
B1133185604962N00842824EA0000000886
B1133255604941N00842621EA0000000885
B1133305604919N00842475EA0000000881
B1133385604887N00842229EA0000000886
B1133455604860N00842016EA0000000893
B1133505604834N00841894EA0000000925
B1133555604807N00841787EA0000000910
B1134025604775N00841603EA0000000876
B1134075604750N00841457EA0000000869
B1134165604708N00841190EA0000000863
B1134235604661N00840994EA0000000863
B1134285604631N00840860EA0000000864
B1134345604588N00840696EA0000000851
B1134395604543N00840556EA0000000846
B1134475604474N00840334EA0000000838
B1134535604417N00840174EA0000000839
B1135025604331N00839934EA0000000821
B1135115604237N00839688EA0000000810
B1135195604160N00839469EA0000000816
B1135315604092N00839176EA0000000821
B1135385604147N00839041EA0000000787
B1135435604219N00838970EA0000000782
B1135485604292N00838902EA0000000785
B1135555604386N00838809EA0000000790
B1136025604477N00838709EA0000000815
B1136105604571N00838645EA0000000837
B1136225604715N00838539EA0000000805
B1136315604837N00838445EA0000000774
B1136385604926N00838353EA0000000764
B1136445605001N00838271EA0000000744
B1136525605086N00838121EA0000000727
B1136585605150N00838012EA0000000719
B1137045605222N00837915EA0000000708
B1137095605281N00837832EA0000000699
B1137155605351N00837746EA0000000702
B1137205605402N00837672EA0000000695
B1137265605449N00837571EA0000000691
B1137325605505N00837495EA0000000682
B1137385605583N00837480EA0000000680
B1137435605627N00837630EA0000000670
B1137505605549N00837892EA0000000646
B1137575605422N00838127EA0000000621
B1138065605253N00838446EA0000000603
B1138115605163N00838631EA0000000594
B1138175605064N00838868EA0000000585
B1138245604958N00839159EA0000000576
B1138295604876N00839362EA0000000563
B1138385604720N00839705EA0000000549
B1138455604605N00839976EA0000000538
B1138505604523N00840170EA0000000531
B1138555604441N00840367EA0000000523
B1139055604285N00840742EA0000000522
B1139105604204N00840906EA0000000525
B1139175604084N00841116EA0000000504
B1139235603980N00841307EA0000000496
B1139305603862N00841528EA0000000500
B1139355603788N00841694EA0000000503
B1139405603727N00841841EA0000000542
B1139465603642N00841853EA0000000529
B1139525603674N00841802EA0000000530
B1139585603748N00841852EA0000000528
B1140035603813N00841887EA0000000523
B1140085603843N00842028EA0000000512
B1140135603780N00842164EA0000000505
B1140195603688N00842152EA0000000495
B1140245603670N00842059EA0000000520
B1140295603640N00841991EA0000000522
B1140365603554N00842141EA0000000522
B1140425603607N00842241EA0000000525
B1140475603630N00842186EA0000000534
B1140525603564N00842174EA0000000528
B1140575603522N00842333EA0000000528
B1141025603560N00842482EA0000000545
B1141085603608N00842624EA0000000560
B1141135603577N00842790EA0000000545
B1141195603528N00842977EA0000000572
B1141245603571N00843084EA0000000573
B1141295603584N00843030EA0000000567
B1141345603506N00843057EA0000000576
B1141395603471N00843219EA0000000593
B1141445603524N00843305EA0000000588
B1141495603520N00843235EA0000000590
B1141555603419N00843296EA0000000603
B1142005603398N00843454EA0000000614
B1142055603453N00843503EA0000000619
B1142105603441N00843438EA0000000624
B1142185603356N00843609EA0000000629
B1142235603413N00843682EA0000000637
B1142285603409N00843617EA0000000640
B1142355603330N00843764EA0000000648
B1142405603382N00843840EA0000000651
B1142455603367N00843773EA0000000657
B1142535603298N00843969EA0000000664
B1142595603359N00844003EA0000000666
B1143045603311N00843961EA0000000670
B1143105603262N00844138EA0000000676
B1143175603335N00844258EA0000000680
B1143235603312N00844185EA0000000685
B1143285603236N00844226EA0000000693
B1143335603207N00844384EA0000000693
B1143405603273N00844445EA0000000694
B1143465603213N00844401EA0000000696
B1143535603148N00844599EA0000000705
B1143585603194N00844707EA0000000707
B1144035603237N00844680EA0000000710
B1144085603211N00844619EA0000000697
B1144135603138N00844699EA0000000710
B1144195603097N00844905EA0000000700
B1144255603071N00845117EA0000000717
B1144305603125N00845213EA0000000720
B1144355603143N00845156EA0000000725
B1144405603071N00845166EA0000000720
B1144475603006N00845402EA0000000725
B1144535602941N00845594EA0000000740
B1144585602879N00845753EA0000000733
B1145045602809N00845945EA0000000752
B1145105602747N00846136EA0000000759
B1145165602657N00846205EA0000000757
B1145225602652N00846122EA0000000737
B1145275602694N00846056EA0000000743
B1145325602736N00846015EA0000000758
B1145385602804N00846079EA0000000761
B1145445602819N00846281EA0000000757
B1145495602776N00846457EA0000000777
B1145575602687N00846487EA0000000781
B1146045602741N00846597EA0000000795
B1146105602659N00846682EA0000000801
B1146155602672N00846636EA0000000813
B1146205602697N00846774EA0000000820
B1146265602612N00846842EA0000000829
B1146315602632N00846805EA0000000829
B1146365602645N00846959EA0000000836
B1146425602562N00846992EA0000000841
B1146475602596N00846977EA0000000843
B1146525602608N00847132EA0000000847
B1146585602520N00847197EA0000000845
B1147035602520N00847135EA0000000851
B1147085602570N00847208EA0000000851
B1147145602534N00847402EA0000000853
B1147205602457N00847591EA0000000837
B1147265602377N00847802EA0000000834
B1147315602320N00847977EA0000000869
B1147365602333N00848138EA0000000877
B1147415602381N00848131EA0000000877
B1147465602330N00848087EA0000000884
B1147515602265N00848199EA0000000891
B1147575602199N00848398EA0000000886
B1148025602137N00848567EA0000000899
B1148075602081N00848744EA0000000903
B1148125602034N00848933EA0000000911
B1148205601946N00849229EA0000000890
B1148255601890N00849428EA0000000890
B1148335601798N00849755EA0000000874
B1148385601743N00849967EA0000000893
B1148435601687N00850150EA0000000912
B1148485601629N00850345EA0000000898
B1148535601578N00850553EA0000000915
B1148585601521N00850728EA0000000928
B1149045601446N00850944EA0000000914
B1149095601384N00851129EA0000000936
B1149145601329N00851296EA0000000925
B1149205601251N00851534EA0000000920
B1149275601159N00851805EA0000000923
B1149325601094N00852002EA0000000909
B1149385601017N00852248EA0000000893
B1149435600948N00852464EA0000000864
B1149485600878N00852695EA0000000852
B1149545600812N00852952EA0000000878
B1149595600764N00853146EA0000000865
B1150055600696N00853390EA0000000874
B1150105600636N00853586EA0000000873
B1150155600574N00853786EA0000000866
B1150205600519N00853978EA0000000869
B1150265600455N00854203EA0000000881
B1150315600401N00854393EA0000000889
B1150365600344N00854589EA0000000885
B1150435600271N00854876EA0000000904
B1150495600209N00855114EA0000000917
B1150555600147N00855350EA0000000923
B1151025600079N00855635EA0000000922
B1151085600015N00855878EA0000000923
B1151165559923N00856192EA0000000941
B1151215559869N00856376EA0000000961
B1151265559816N00856558EA0000000965
B1151325559752N00856794EA0000000961
B1151375559700N00856996EA0000000971
B1151425559653N00857185EA0000000980
B1151485559587N00857426EA0000000951
B1151535559525N00857642EA0000000951
B1151595559447N00857892EA0000000960
B1152045559382N00858104EA0000000956
B1152115559302N00858405EA0000000970
B1152165559249N00858611EA0000000967
B1152215559197N00858820EA0000000972
B1152265559147N00859024EA0000000968
B1152315559099N00859237EA0000000967
B1152365559051N00859449EA0000000965
B1152435558982N00859754EA0000000946
B1152495558917N00900021EA0000000936
B1152575558828N00900375EA0000000916
B1153025558768N00900590EA0000000921
B1153095558694N00900874EA0000000935
B1153165558631N00901125EA0000000979
B1153225558565N00901285EA0000000998
B1153275558513N00901247EA0000001003
B1153325558562N00901221EA0000001019
B1153385558602N00901382EA0000001035
B1153435558536N00901473EA0000001047
B1153485558521N00901402EA0000001052
B1153535558581N00901464EA0000001065
B1153585558543N00901613EA0000001077
B1154045558504N00901554EA0000001094
B1154095558554N00901619EA0000001100
B1154145558504N00901750EA0000001109
B1154195558468N00901694EA0000001117
B1154255558533N00901744EA0000001127
B1154305558502N00901907EA0000001128
B1154355558443N00901877EA0000001129
B1154405558497N00901856EA0000001142
B1154455558517N00902022EA0000001142
B1154515558482N00902259EA0000001125
B1154565558439N00902466EA0000001120
B1155015558391N00902675EA0000001123
B1155065558345N00902875EA0000001128
B1155115558296N00903074EA0000001110
B1155165558245N00903293EA0000001092
B1155235558167N00903621EA0000001088
B1155305558088N00903931EA0000001112
B1155355558034N00904155EA0000001112
B1155405557973N00904380EA0000001099
B1155465557900N00904649EA0000001098
B1155525557835N00904929EA0000001073
B1155585557763N00905215EA0000001069
B1156035557692N00905431EA0000001067
B1156095557604N00905683EA0000001058
B1156185557455N00906027EA0000001036
B1156265557311N00906332EA0000001021
B1156345557175N00906652EA0000001007
B1156415557057N00906914EA0000001020
B1156465556974N00907081EA0000001033
B1156535556863N00907331EA0000001034
B1156585556791N00907515EA0000001021
B1157045556705N00907741EA0000001016
B1157095556712N00907932EA0000001013
B1157155556807N00907944EA0000000979
B1157205556859N00907839EA0000000972
B1157255556903N00907722EA0000000964
B1157335556962N00907538EA0000000977
B1157405557011N00907377EA0000000977
B1157465557060N00907236EA0000000949
B1157525557118N00907088EA0000000926
B1157575557167N00906959EA0000000920
B1158045557232N00906773EA0000000907
B1158105557287N00906615EA0000000899
B1158175557353N00906430EA0000000882
B1158235557409N00906265EA0000000881
B1158295557464N00906107EA0000000876
B1158355557514N00905953EA0000000875
B1158435557576N00905739EA0000000872
B1158525557636N00905489EA0000000878
B1158585557669N00905354EA0000000932
B1159045557698N00905251EA0000000945
B1159105557725N00905126EA0000000944
B1159185557769N00904931EA0000000934
B1159235557798N00904802EA0000000937
B1159305557836N00904623EA0000000926
B1159375557887N00904448EA0000000939
B1159435557931N00904294EA0000000960
B1159505557984N00904116EA0000000954
B1159555558029N00903990EA0000000955
B1200005558073N00903885EA0000000967
B1200055558117N00903775EA0000000961
B1200115558172N00903626EA0000000949
B1200165558212N00903507EA0000000963
B1200215558253N00903391EA0000000946
B1200265558291N00903254EA0000000939
B1200315558332N00903112EA0000000956
B1200365558368N00902999EA0000001004
B1200435558413N00902877EA0000000989
B1200485558441N00902763EA0000000988
B1200545558470N00902633EA0000000987
B1201025558512N00902443EA0000000975
B1201085558545N00902293EA0000000975
B1201145558578N00902131EA0000000976
B1201205558608N00901982EA0000000989
B1201265558641N00901838EA0000000979
B1201345558693N00901638EA0000000972
B1201395558731N00901521EA0000000971
B1201455558779N00901372EA0000000947
B1201515558825N00901217EA0000000939
B1201575558875N00901067EA0000000940
B1202035558927N00900927EA0000000929
B1202095558974N00900779EA0000000916
B1202145559018N00900659EA0000000908
B1202195559060N00900543EA0000000905
B1202265559118N00900381EA0000000881
B1202315559159N00900256EA0000000864
B1202365559201N00900133EA0000000856
B1202425559254N00859986EA0000000846
B1202485559311N00859844EA0000000832
B1202585559407N00859608EA0000000811
B1203055559484N00859448EA0000000787
B1203115559549N00859298EA0000000768
B1203185559625N00859123EA0000000763
B1203235559679N00859009EA0000000773
B1203315559752N00858841EA0000000779
B1203365559780N00858730EA0000000799
B1203435559806N00858588EA0000000815
B1203515559826N00858406EA0000000809
B1203565559832N00858289EA0000000812
B1204035559831N00858119EA0000000790
B1204085559822N00857984EA0000000787
B1204145559815N00857821EA0000000771
B1204205559807N00857654EA0000000755
B1204275559801N00857456EA0000000741
B1204325559798N00857314EA0000000733
B1204395559796N00857108EA0000000720
B1204455559795N00856929EA0000000719
B1204505559798N00856784EA0000000717
B1204565559819N00856633EA0000000749
B1205015559841N00856533EA0000000770
B1205065559877N00856463EA0000000777
B1205195600023N00856345EA0000000776
B1205245600069N00856276EA0000000780
B1205315600126N00856178EA0000000785
B1205365600155N00856096EA0000000783
B1205425600173N00855980EA0000000791
B1205475600187N00855907EA0000000804
B1205545600222N00855793EA0000000775
B1206035600234N00855600EA0000000770
B1206105600209N00855437EA0000000765
B1206155600244N00855350EA0000000756
B1206245600383N00855304EA0000000746
B1206295600463N00855294EA0000000742
B1206345600550N00855297EA0000000723
B1206395600639N00855304EA0000000715
B1206455600745N00855326EA0000000700
B1206505600838N00855353EA0000000683
B1206585600987N00855400EA0000000666
B1207045601093N00855410EA0000000655
B1207115601213N00855411EA0000000643
B1207165601301N00855410EA0000000630
B1207305601555N00855422EA0000000610
B1207365601662N00855434EA0000000600
B1207425601774N00855462EA0000000594
B1207485601879N00855517EA0000000596
B1207535601961N00855576EA0000000597
B1207585602045N00855639EA0000000602
B1208045602138N00855700EA0000000623
B1208095602206N00855752EA0000000625
B1208145602229N00855678EA0000000619
B1208205602200N00855564EA0000000624
B1208255602175N00855461EA0000000605
B1208305602151N00855338EA0000000603
B1208365602132N00855193EA0000000626
B1208415602122N00855098EA0000000653
B1208495602118N00854934EA0000000621
B1208545602121N00854808EA0000000617
B1208595602126N00854684EA0000000614
B1209065602137N00854502EA0000000598
B1209145602156N00854294EA0000000596
B1209225602177N00854093EA0000000580
B1209275602190N00853962EA0000000590
B1209355602191N00853787EA0000000624
B1209405602177N00853683EA0000000632
B1209455602153N00853582EA0000000626
B1209525602115N00853427EA0000000600
B1209585602083N00853274EA0000000577
B1210035602054N00853146EA0000000565
B1210105602004N00852972EA0000000541
B1210185601934N00852781EA0000000527
B1210245601887N00852639EA0000000510
B1210305601861N00852489EA0000000495
B1210385601857N00852290EA0000000473
B1210435601868N00852172EA0000000470
B1210485601880N00852062EA0000000462
B1210535601884N00851949EA0000000445
B1210585601882N00851831EA0000000447
B1211065601877N00851648EA0000000432
B1211115601870N00851532EA0000000425
B1211165601864N00851437EA0000000438
B1211225601862N00851317EA0000000407
B1211285601854N00851185EA0000000403
B1211335601848N00851081EA0000000408
B1211385601842N00850991EA0000000414
B1211435601836N00850901EA0000000401
B1211505601830N00850768EA0000000391
B1211565601822N00850649EA0000000406
B1212035601777N00850539EA0000000395
B1212085601748N00850439EA0000000384
B1212135601743N00850334EA0000000406
B1212185601738N00850254EA0000000427
B1212255601792N00850288EA0000000421
B1212315601749N00850464EA0000000420
B1212365601666N00850481EA0000000430
B1212415601651N00850412EA0000000427
B1212465601693N00850500EA0000000432
B1212515601633N00850631EA0000000435
B1212565601562N00850606EA0000000443
B1213015601592N00850578EA0000000442
B1213065601623N00850712EA0000000449
B1213115601566N00850846EA0000000454
B1213165601493N00850841EA0000000452
B1213225601520N00850776EA0000000460
B1213275601558N00850875EA0000000459
B1213325601501N00851015EA0000000461
B1213385601431N00850977EA0000000475
B1213435601456N00850915EA0000000483
B1213485601501N00850998EA0000000485
B1213545601433N00851143EA0000000482
B1213595601369N00851104EA0000000515
B1214055601401N00851065EA0000000514
B1214115601406N00851236EA0000000520
B1214165601324N00851278EA0000000533
B1214225601294N00851207EA0000000544
B1214285601337N00851318EA0000000553
B1214335601269N00851426EA0000000561
B1214385601242N00851366EA0000000578
B1214435601288N00851422EA0000000587
B1214485601260N00851575EA0000000597
B1214535601192N00851566EA0000000612
B1214585601215N00851523EA0000000627
B1215035601244N00851650EA0000000639
B1215085601180N00851751EA0000000659
B1215145601161N00851685EA0000000672
B1215195601208N00851775EA0000000682
B1215255601151N00851935EA0000000705
B1215305601094N00851897EA0000000722
B1215355601127N00851877EA0000000732
B1215405601137N00852025EA0000000743
B1215465601050N00852070EA0000000764
B1215515601063N00852017EA0000000772
B1215565601089N00852149EA0000000781
B1216025601002N00852220EA0000000807
B1216105600982N00852070EA0000000798
B1216165600987N00851906EA0000000795
B1216215600996N00851776EA0000000798
B1216285601015N00851595EA0000000782
B1216335601039N00851463EA0000000778
B1216395601074N00851304EA0000000783
B1216445601102N00851178EA0000000790
B1216505601132N00851025EA0000000795
B1216555601153N00850899EA0000000805
B1217025601185N00850722EA0000000812
B1217075601208N00850619EA0000000823
B1217135601238N00850478EA0000000797
B1217185601259N00850341EA0000000799
B1217245601283N00850187EA0000000810
B1217295601305N00850064EA0000000800
B1217355601332N00849906EA0000000800
B1217405601351N00849770EA0000000796
B1217455601374N00849631EA0000000789
B1217515601403N00849457EA0000000778
B1217565601431N00849306EA0000000770
B1218015601455N00849158EA0000000784
B1218075601483N00848994EA0000000782
B1218165601542N00848755EA0000000771
B1218225601592N00848597EA0000000765
B1218285601636N00848460EA0000000795
B1218345601677N00848336EA0000000783
B1218395601721N00848221EA0000000763
B1218455601782N00848073EA0000000742
B1218535601853N00847867EA0000000741
B1219015601913N00847675EA0000000764
B1219065601946N00847558EA0000000769
B1219115601981N00847459EA0000000767
B1219175602034N00847318EA0000000750
B1219225602072N00847211EA0000000796
B1219285602109N00847120EA0000000811
B1219345602149N00847017EA0000000796
B1219395602176N00846908EA0000000795
B1219455602204N00846770EA0000000797
B1219515602231N00846618EA0000000792
B1220085602243N00846142EA0000000792
B1220165602231N00845917EA0000000770
B1220225602218N00845737EA0000000749
B1220285602207N00845553EA0000000747
B1220345602196N00845382EA0000000756
B1220465602193N00845052EA0000000757
B1220525602196N00844885EA0000000758
B1220585602217N00844718EA0000000742
B1221065602247N00844502EA0000000760
B1221115602269N00844382EA0000000758
B1221175602297N00844234EA0000000757
B1221225602313N00844098EA0000000749
B1221305602344N00843867EA0000000722
B1221385602374N00843629EA0000000712
B1221455602399N00843434EA0000000714
B1221545602431N00843201EA0000000705
B1222005602455N00843038EA0000000693
B1222115602502N00842737EA0000000684
B1222175602530N00842570EA0000000688
B1222285602592N00842276EA0000000685
B1222335602623N00842146EA0000000706
B1222525602716N00841671EA0000000722
B1223055602762N00841295EA0000000721
B1223115602780N00841121EA0000000714
B1223175602798N00840940EA0000000714
B1223225602809N00840793EA0000000714
B1223325602834N00840509EA0000000722
B1223395602848N00840319EA0000000734
B1223475602866N00840114EA0000000752
B1223545602885N00839931EA0000000749
B1223595602902N00839791EA0000000746
B1224055602925N00839620EA0000000748
B1224115602951N00839450EA0000000741
B1224215602997N00839196EA0000000758
B1224285603023N00839002EA0000000733
B1224345603044N00838834EA0000000738
B1224395603065N00838701EA0000000736
B1224455603091N00838541EA0000000732
B1224535603135N00838331EA0000000730
B1224595603166N00838168EA0000000716
B1225065603196N00837968EA0000000713
B1225115603219N00837826EA0000000717
B1225185603251N00837647EA0000000710
B1225265603292N00837432EA0000000707
B1225335603325N00837255EA0000000704
B1225395603351N00837092EA0000000679
B1225445603373N00836950EA0000000670
B1225505603401N00836773EA0000000655
B1225575603428N00836561EA0000000658
B1226035603451N00836382EA0000000669
B1226105603473N00836223EA0000000717
B1226165603493N00836101EA0000000705
B1226215603513N00835977EA0000000696
B1226275603548N00835818EA0000000705
B1226335603588N00835655EA0000000703
B1226385603624N00835514EA0000000708
B1226435603652N00835380EA0000000724
B1226505603688N00835201EA0000000723
B1226555603712N00835072EA0000000724
B1227015603740N00834915EA0000000716
B1227065603761N00834786EA0000000732
B1227115603778N00834665EA0000000719
B1227175603804N00834490EA0000000709
B1227235603841N00834322EA0000000718
B1227305603885N00834132EA0000000724
B1227365603923N00833976EA0000000731
B1227435603965N00833792EA0000000716
B1227515604026N00833572EA0000000715
B1227565604064N00833435EA0000000730
B1228025604105N00833301EA0000000745
B1228085604148N00833161EA0000000732
B1228155604196N00832977EA0000000716
B1228205604225N00832840EA0000000716
B1228265604263N00832673EA0000000713
B1228325604291N00832503EA0000000735
B1228435604304N00832217EA0000000723
B1228565604328N00831821EA0000000716
B1229035604346N00831615EA0000000712
B1229095604368N00831438EA0000000698
B1229155604408N00831278EA0000000687
B1229215604483N00831149EA0000000680
B1229305604610N00830989EA0000000661
B1229355604680N00830900EA0000000647
B1229435604791N00830754EA0000000629
B1229495604866N00830642EA0000000620
B1229565604955N00830513EA0000000606
B1230025605037N00830413EA0000000612
B1230075605113N00830437EA0000000625
B1230125605137N00830624EA0000000629
B1230175605068N00830792EA0000000624
B1230225604967N00830910EA0000000597
B1230315604767N00831121EA0000000588
B1230375604637N00831261EA0000000577
B1230425604529N00831383EA0000000566
B1230495604381N00831567EA0000000548
B1230585604203N00831819EA0000000531
B1231065604070N00832081EA0000000525
B1231125603985N00832295EA0000000517
B1231185603903N00832503EA0000000530
B1231365603740N00833135EA0000000583
B1231445603711N00833435EA0000000580
B1231555603717N00833874EA0000000569
B1232085603727N00834410EA0000000560
B1232135603715N00834623EA0000000552
B1232185603691N00834839EA0000000553
B1232275603637N00835202EA0000000589
B1232385603543N00835595EA0000000603
B1232525603352N00836087EA0000000617
B1232575603282N00836246EA0000000626
B1233045603188N00836496EA0000000626
B1233095603121N00836689EA0000000639
B1233155603044N00836918EA0000000640
B1233205602979N00837119EA0000000639
B1233255602912N00837324EA0000000644
B1233305602848N00837526EA0000000649
B1233365602776N00837767EA0000000656
B1233415602718N00837964EA0000000642
B1233475602638N00838221EA0000000623
B1233545602550N00838530EA0000000624
B1233595602496N00838749EA0000000620
B1234075602415N00839102EA0000000617
B1234125602368N00839325EA0000000618
B1234175602326N00839544EA0000000614
B1234235602271N00839806EA0000000615
B1234315602204N00840145EA0000000609
B1234365602160N00840361EA0000000589
B1234435602095N00840668EA0000000589
B1234485602046N00840891EA0000000591
B1234535601994N00841113EA0000000599
B1234595601931N00841349EA0000000630
B1235045601877N00841527EA0000000624
B1235105601819N00841780EA0000000600
B1235165601773N00842067EA0000000611
B1235245601707N00842415EA0000000648
B1235325601634N00842751EA0000000656
B1235385601581N00843009EA0000000664
B1235465601513N00843341EA0000000674
B1235535601441N00843638EA0000000660
B1236025601365N00844018EA0000000664
B1236075601321N00844229EA0000000650
B1236125601277N00844459EA0000000641
B1236185601212N00844719EA0000000659
B1236235601149N00844896EA0000000670
B1236295601077N00845113EA0000000673
B1236355601008N00845339EA0000000679
B1236405600958N00845530EA0000000689
B1236525600871N00845992EA0000000716
B1236575600838N00846199EA0000000697
B1237025600803N00846419EA0000000696
B1237075600768N00846630EA0000000709
B1237125600732N00846835EA0000000716
B1237195600686N00847120EA0000000714
B1237265600642N00847415EA0000000715
B1237315600610N00847623EA0000000728
B1237395600562N00847930EA0000000743
B1237455600524N00848170EA0000000730
B1237505600489N00848379EA0000000721
B1237555600454N00848596EA0000000713
B1238005600418N00848804EA0000000723
B1238055600378N00849004EA0000000729
B1238105600341N00849196EA0000000740
B1238155600304N00849378EA0000000751
B1238225600261N00849624EA0000000755
B1238275600233N00849811EA0000000748
B1238345600185N00850090EA0000000747
B1238405600137N00850325EA0000000762
B1238475600090N00850583EA0000000765
B1238585559991N00850990EA0000000764
B1239065559905N00851288EA0000000753
B1239145559826N00851607EA0000000749
B1239225559743N00851947EA0000000737
B1239295559670N00852253EA0000000739
B1239355559613N00852498EA0000000756
B1239425559552N00852779EA0000000745
B1239485559501N00853011EA0000000736
B1239555559438N00853288EA0000000720
B1240005559395N00853485EA0000000726
B1240115559297N00853909EA0000000731
B1240165559253N00854081EA0000000751
B1240215559180N00854167EA0000000753
B1240265559104N00854237EA0000000751
B1240315559064N00854416EA0000000765
B1240365559015N00854561EA0000000782
B1240415558951N00854547EA0000000794
B1240465558988N00854524EA0000000809
B1240515559006N00854676EA0000000820
B1240565558932N00854754EA0000000830
B1241015558924N00854694EA0000000847
B1241065558984N00854752EA0000000860
B1241115558972N00854922EA0000000875
B1241165558899N00854971EA0000000874
B1241225558907N00854900EA0000000899
B1241275558942N00855029EA0000000913
B1241325558879N00855131EA0000000920
B1241375558860N00855072EA0000000934
B1241425558917N00855139EA0000000948
B1241475558884N00855287EA0000000959
B1241525558838N00855257EA0000000964
B1241575558890N00855289EA0000000984
B1242035558884N00855512EA0000000965
B1242105558830N00855817EA0000000938
B1242155558780N00856036EA0000000942
B1242215558738N00856281EA0000000954
B1242275558719N00856525EA0000000941
B1242325558703N00856739EA0000000940
B1242395558685N00857013EA0000000951
B1242445558670N00857215EA0000000928
B1242495558638N00857438EA0000000913
B1242555558556N00857679EA0000000908
B1243015558470N00857915EA0000000903
B1243075558384N00858153EA0000000883
B1243125558302N00858342EA0000000866
B1243175558211N00858531EA0000000849
B1243225558128N00858717EA0000000852
B1243305558005N00859017EA0000000842
B1243355557938N00859217EA0000000862
B1243415557865N00859435EA0000000892
B1243465557812N00859619EA0000000906
B1243515557768N00859813EA0000000914
B1243585557723N00900092EA0000000937
B1244075557670N00900454EA0000000955
B1244125557640N00900661EA0000000958
B1244195557597N00900962EA0000000955
B1244255557556N00901223EA0000000959
B1244315557517N00901478EA0000000968
B1244365557493N00901689EA0000000960
B1244415557475N00901910EA0000000974
B1244465557460N00902122EA0000000977
B1244515557458N00902350EA0000000963
B1244575557476N00902629EA0000000960
B1245025557495N00902859EA0000000972
B1245085557512N00903095EA0000001023
B1245155557538N00903373EA0000001010
B1245205557567N00903587EA0000001028
B1245255557599N00903789EA0000001032
B1245305557642N00904001EA0000001032
B1245385557729N00904339EA0000001025
B1245445557799N00904598EA0000001014
B1245515557881N00904899EA0000001000
B1245565557942N00905113EA0000000985
B1246015558005N00905333EA0000000963
B1246065558068N00905561EA0000000949
B1246115558129N00905791EA0000000942
B1246175558198N00906065EA0000000930
B1246235558265N00906345EA0000000918
B1246285558319N00906575EA0000000912
B1246335558372N00906803EA0000000904
B1246385558421N00907030EA0000000894
B1246435558459N00907265EA0000000885
B1246485558478N00907508EA0000000882
B1246535558478N00907748EA0000000879
B1246595558457N00908031EA0000000872
B1247045558455N00908264EA0000000865
B1247105558471N00908531EA0000000868
B1247185558479N00908894EA0000000853
B1247245558472N00909172EA0000000846
B1247305558451N00909452EA0000000835
B1247365558419N00909733EA0000000832
B1247425558383N00910011EA0000000822
B1247485558349N00910290EA0000000808
B1247545558315N00910563EA0000000804
B1248005558278N00910838EA0000000790
B1248075558246N00911161EA0000000785
B1248135558255N00911421EA0000000779
B1248245558282N00911906EA0000000765
B1248345558302N00912368EA0000000764
B1248395558312N00912598EA0000000781
B1248455558324N00912856EA0000000797
B1248505558330N00913071EA0000000781
B1248555558333N00913301EA0000000762
B1249065558333N00913823EA0000000733
B1249125558328N00914110EA0000000725
B1249195558322N00914439EA0000000716
B1249245558317N00914670EA0000000700
B1249315558316N00914993EA0000000689
B1249385558317N00915315EA0000000670
B1249445558311N00915595EA0000000654
B1249515558294N00915926EA0000000642
B1249575558273N00916211EA0000000630
B1250035558239N00916492EA0000000624
B1250085558204N00916711EA0000000636
B1250135558168N00916916EA0000000623
B1250185558125N00917123EA0000000638
B1250235558090N00917297EA0000000674
B1250285558109N00917431EA0000000677
B1250335558147N00917398EA0000000686
B1250385558088N00917355EA0000000698
B1250445558046N00917522EA0000000703
B1250505558090N00917520EA0000000719
B1250555558025N00917501EA0000000726
B1251005557998N00917655EA0000000732
B1251065558042N00917658EA0000000743
B1251115557973N00917652EA0000000751
B1251165557952N00917804EA0000000757
B1251215557999N00917856EA0000000761
B1251275557952N00917799EA0000000769
B1251335557911N00917964EA0000000770
B1251385557952N00918078EA0000000782
B1251445558000N00918071EA0000000794
B1251495557942N00918052EA0000000806
B1251545557913N00918200EA0000000814
B1252025557962N00918198EA0000000832
B1252085557879N00918254EA0000000845
B1252135557902N00918390EA0000000857
B1252185557920N00918345EA0000000865
B1252235557843N00918388EA0000000877
B1252295557871N00918535EA0000000890
B1252345557877N00918478EA0000000900
B1252425557794N00918637EA0000000920
B1252485557855N00918675EA0000000928
B1252535557803N00918637EA0000000943
B1252585557759N00918786EA0000000949
B1253045557816N00918825EA0000000957
B1253095557751N00918798EA0000000973
B1253145557717N00918951EA0000000988
B1253195557772N00918992EA0000000998
B1253255557720N00918946EA0000001008
B1253305557683N00919102EA0000001020
B1253355557734N00919186EA0000001034
B1253405557728N00919119EA0000001038
B1253465557643N00919216EA0000001051
B1253515557673N00919342EA0000001061
B1253565557672N00919282EA0000001067
B1254015557599N00919366EA0000001068
B1254065557633N00919479EA0000001083
B1254115557629N00919416EA0000001090
B1254165557553N00919487EA0000001087
B1254215557573N00919627EA0000001098
B1254265557598N00919572EA0000001108
B1254315557519N00919594EA0000001103
B1254365557459N00919772EA0000001086
B1254415557406N00919975EA0000001106
B1254465557351N00920169EA0000001124
B1254515557298N00920364EA0000001140
B1254595557222N00920697EA0000001142
B1255045557178N00920910EA0000001155
B1255095557132N00921120EA0000001152
B1255145557075N00921330EA0000001138
B1255225556971N00921672EA0000001149
B1255295556877N00921979EA0000001131
B1255355556797N00922242EA0000001133
B1255405556727N00922452EA0000001142
B1255455556662N00922644EA0000001149
B1255505556599N00922837EA0000001134
B1255565556527N00923081EA0000001123
B1256025556461N00923343EA0000001111
B1256085556414N00923613EA0000001121
B1256165556378N00923971EA0000001104
B1256215556372N00924211EA0000001095
B1256265556365N00924459EA0000001094
B1256315556358N00924709EA0000001088
B1256365556360N00924955EA0000001091
B1256425556365N00925233EA0000001100
B1256485556370N00925517EA0000001079
B1256535556368N00925772EA0000001067
B1256595556364N00926073EA0000001070
B1257065556350N00926419EA0000001063
B1257135556326N00926762EA0000001064
B1257195556297N00927050EA0000001072
B1257245556259N00927276EA0000001081
B1257295556212N00927505EA0000001076
B1257345556159N00927704EA0000001137
B1257395556113N00927870EA0000001154
B1257445556070N00928049EA0000001155
B1257495556021N00928246EA0000001141
B1257545555975N00928459EA0000001153
B1257595555934N00928675EA0000001146
B1258075555857N00929045EA0000001133
B1258135555799N00929310EA0000001159
B1258205555728N00929609EA0000001131
B1258265555651N00929880EA0000001114
B1258315555573N00930096EA0000001113
B1258385555443N00930369EA0000001105
B1258435555349N00930559EA0000001100
B1258485555257N00930754EA0000001092
B1258555555126N00931024EA0000001076
B1259015555011N00931263EA0000001063
B1259075554896N00931505EA0000001052
B1259125554807N00931713EA0000001047
B1259205554679N00932044EA0000001035
B1259255554600N00932270EA0000001038
B1259325554502N00932561EA0000001071
B1259395554421N00932837EA0000001102
B1259465554335N00933087EA0000001114
B1259575554184N00933528EA0000001092
B1300075554073N00933980EA0000001089
B1300125554022N00934210EA0000001085
B1300175553978N00934456EA0000001067
B1300235553935N00934758EA0000001062
B1300295553901N00935059EA0000001053
B1300425553844N00935739EA0000001023
B1300505553831N00936147EA0000001025
B1300565553825N00936444EA0000001012
B1301015553814N00936698EA0000001000
B1301085553796N00937050EA0000001005
B1301145553774N00937333EA0000001005
B1301225553740N00937704EA0000000985
B1301285553713N00937994EA0000000976
B1301345553680N00938279EA0000000964
B1301415553648N00938607EA0000000956
B1301465553627N00938848EA0000000954
B1301535553595N00939186EA0000000976
B1301595553562N00939445EA0000001001
B1302045553529N00939655EA0000001009
B1302115553481N00939937EA0000001031
B1302175553450N00940195EA0000001032
B1302225553436N00940411EA0000001036
B1302285553429N00940672EA0000001028
B1302345553434N00940947EA0000001019
B1302395553442N00941181EA0000001013
B1302445553455N00941422EA0000000994
B1302505553474N00941721EA0000000974
B1302585553482N00942073EA0000001016
B1303035553483N00942295EA0000001008
B1303085553489N00942522EA0000001013
B1303145553499N00942803EA0000001008
B1303205553511N00943084EA0000001007
B1303255553529N00943322EA0000000998
B1303325553567N00943650EA0000001000
B1303405553621N00944013EA0000000990
B1303465553664N00944284EA0000000983
B1303515553708N00944504EA0000000977
B1303585553769N00944806EA0000000971
B1304055553831N00945106EA0000000958
B1304185553929N00945665EA0000000945
B1304285553979N00946103EA0000000927
B1304435554022N00946831EA0000000887
B1304545554044N00947373EA0000000882
B1305025554055N00947757EA0000000878
B1305085554055N00948028EA0000000890
B1305155554051N00948336EA0000000883
B1305225554048N00948644EA0000000881
B1305275554050N00948858EA0000000884
B1305325554049N00949061EA0000000894
B1305395554024N00949341EA0000000887
B1305465553977N00949626EA0000000862
B1305525553944N00949906EA0000000846
B1305595553910N00950216EA0000000852
B1306075553874N00950574EA0000000855
B1306135553851N00950821EA0000000877
B1306185553806N00950988EA0000000863
B1306235553775N00951190EA0000000835
B1306315553755N00951554EA0000000825
B1306405553743N00951974EA0000000806
B1306455553740N00952214EA0000000793
B1306525553728N00952545EA0000000793
B1306585553715N00952807EA0000000807
B1307045553703N00953040EA0000000810
B1307095553695N00953234EA0000000811
B1307145553710N00953408EA0000000808
B1307195553741N00953565EA0000000812
B1307275553705N00953848EA0000000818
B1307325553641N00953985EA0000000810
B1307375553562N00954099EA0000000812
B1307425553487N00954202EA0000000811
B1307475553444N00954377EA0000000801
B1307545553466N00954645EA0000000802
B1308005553495N00954867EA0000000785
B1308095553582N00955214EA0000000759
B1308155553649N00955427EA0000000752
B1308215553715N00955638EA0000000748
B1308265553768N00955799EA0000000779
B1308325553789N00955988EA0000000798
B1308375553719N00956065EA0000000794
B1308425553715N00955999EA0000000812
B1308485553755N00956135EA0000000823
B1308545553677N00956200EA0000000826
B1309015553719N00956158EA0000000846
B1309065553724N00956310EA0000000862
B1309125553645N00956355EA0000000864
B1309185553672N00956306EA0000000884
B1309235553697N00956450EA0000000896
B1309295553619N00956534EA0000000906
B1309355553631N00956466EA0000000924
B1309405553669N00956587EA0000000933
B1309455553616N00956714EA0000000942
B1309505553568N00956670EA0000000952
B1309555553611N00956649EA0000000965
B1310035553603N00956887EA0000000983
B1310085553540N00956877EA0000000991
B1310175553604N00956913EA0000001016
B1310225553563N00957065EA0000001034
B1310275553499N00957054EA0000001042
B1310335553541N00957014EA0000001055
B1310385553569N00957162EA0000001069
B1310435553508N00957279EA0000001079
B1310495553473N00957209EA0000001086
B1310545553532N00957268EA0000001091
B1311005553501N00957469EA0000001112
B1311055553437N00957455EA0000001124
B1311105553468N00957413EA0000001124
B1311155553513N00957554EA0000001140
B1311205553460N00957701EA0000001153
B1311255553399N00957674EA0000001158
B1311305553437N00957642EA0000001164
B1311365553465N00957829EA0000001182
B1311415553392N00957908EA0000001185
B1311465553381N00957847EA0000001193
B1311515553441N00957914EA0000001196
B1311565553442N00958098EA0000001210
B1312015553368N00958169EA0000001199
B1312065553358N00958099EA0000001207
B1312115553421N00958164EA0000001218
B1312165553407N00958344EA0000001227
B1312215553332N00958383EA0000001222
B1312265553354N00958330EA0000001222
B1312315553414N00958456EA0000001231
B1312365553464N00958642EA0000001213
B1312455553553N00959020EA0000001185
B1312505553596N00959224EA0000001178
B1312555553637N00959432EA0000001157
B1313015553688N00959691EA0000001143
B1313065553722N00959897EA0000001151
B1313115553760N01000098EA0000001140
B1313165553791N01000297EA0000001131
B1313215553826N01000507EA0000001112
B1313265553865N01000720EA0000001094
B1313345553958N01001025EA0000001083
B1313435554068N01001357EA0000001066
B1313505554122N01001666EA0000001043
B1313595554169N01002086EA0000001032
B1314075554223N01002431EA0000001042
B1314135554285N01002653EA0000001033
B1314215554408N01002834EA0000001057
B1314275554493N01002849EA0000001063
B1314345554597N01002866EA0000001063
B1314415554705N01002915EA0000001059
B1314465554785N01002966EA0000001056
B1314515554863N01003010EA0000001045
B1314565554936N01003033EA0000001039
B1315015554972N01002971EA0000001034
B1315065554954N01002868EA0000001006
B1315135554901N01002701EA0000000978
B1315185554865N01002572EA0000000963
B1315245554833N01002414EA0000000957
B1315305554806N01002262EA0000000962
B1315365554778N01002134EA0000000996
B1315415554749N01002031EA0000000978
B1315465554718N01001897EA0000000982
B1315515554687N01001762EA0000001002
B1315565554666N01001659EA0000001036
B1316025554645N01001538EA0000001025
B1316085554595N01001394EA0000001041
B1316135554540N01001302EA0000001061
B1316205554455N01001153EA0000001045
B1316255554387N01001031EA0000001046
B1316305554325N01000911EA0000001039
B1316355554270N01000799EA0000001027
B1316405554219N01000684EA0000001014
B1316465554160N01000537EA0000000991
B1316535554094N01000358EA0000000983
B1317015554022N01000147EA0000000966
B1317065553984N01000013EA0000000963
B1317125553951N00959853EA0000000949
B1317185553924N00959698EA0000000940
B1317245553905N00959543EA0000000924
B1317315553883N00959361EA0000000907
B1317375553854N00959211EA0000000893
B1317435553797N00959083EA0000000875
B1317515553720N00958914EA0000000859
B1317565553676N00958815EA0000000860
B1318045553607N00958657EA0000000853
B1318095553559N00958567EA0000000854
B1318185553496N00958404EA0000000861
B1318265553486N00958263EA0000000871
B1318315553509N00958182EA0000000863
B1318365553543N00958102EA0000000874
B1318425553588N00958020EA0000000869
B1318475553643N00957950EA0000000860
B1318525553696N00957882EA0000000853
B1318585553762N00957792EA0000000832
B1319045553829N00957693EA0000000835
B1319105553896N00957593EA0000000831
B1319155553954N00957510EA0000000824
B1319225554028N00957389EA0000000814
B1319305554094N00957234EA0000000801
B1319365554151N00957115EA0000000790
B1319435554220N00956982EA0000000796
B1319525554302N00956806EA0000000789
B1320025554377N00956614EA0000000783
B1320105554429N00956463EA0000000788
B1320155554459N00956372EA0000000796
B1320205554490N00956286EA0000000799
B1320285554532N00956147EA0000000802
B1320345554574N00956043EA0000000799
B1320415554625N00955929EA0000000833
B1320465554651N00955863EA0000000825
B1320525554690N00955765EA0000000813
B1320575554716N00955680EA0000000818
B1321025554696N00955597EA0000000816
B1321075554638N00955520EA0000000802
B1321125554566N00955444EA0000000788
B1321205554448N00955317EA0000000782
B1321275554345N00955200EA0000000769
B1321345554242N00955078EA0000000757
B1321425554138N00954935EA0000000757
B1321485554060N00954831EA0000000747
B1321545553975N00954721EA0000000735
B1322015553869N00954606EA0000000727
B1322075553780N00954507EA0000000717
B1322145553678N00954403EA0000000715
B1322205553593N00954320EA0000000708
B1322305553468N00954138EA0000000678
B1322365553415N00954008EA0000000678
B1322415553381N00953893EA0000000673
B1322485553342N00953724EA0000000673
B1322535553323N00953605EA0000000689
B1322595553305N00953484EA0000000705
B1323055553283N00953381EA0000000694
B1323135553258N00953218EA0000000683
B1323185553235N00953119EA0000000686
B1323245553198N00952996EA0000000681
B1323305553176N00952867EA0000000673
B1323375553158N00952701EA0000000671
B1323435553139N00952553EA0000000675
B1323515553109N00952367EA0000000682
B1325295553434N00950201EA0000000832
B1325345553461N00950097EA0000000870
B1325405553493N00949979EA0000000861
B1325465553524N00949841EA0000000855
B1325575553584N00949563EA0000000848
B1326035553619N00949403EA0000000845
B1326085553645N00949273EA0000000857
B1326195553695N00949004EA0000000867
B1326315553754N00948729EA0000000871
B1326395553795N00948534EA0000000876
B1326515553846N00948228EA0000000883
B1326585553873N00948038EA0000000873
B1327285554010N00947277EA0000000873
B1327345554049N00947127EA0000000881
B1327525554154N00946786EA0000000978
B1327575554174N00946703EA0000000995
B1328035554203N00946575EA0000000995
B1328165554265N00946297EA0000001020
B1328225554296N00946167EA0000001029
B1328285554325N00946029EA0000001021
B1328505554407N00945440EA0000001014
B1328555554418N00945304EA0000001041
B1329015554424N00945178EA0000001028
B1329105554437N00944946EA0000001028
B1329155554454N00944818EA0000001025
B1329205554472N00944683EA0000001009
B1329305554515N00944391EA0000000982
B1329375554553N00944183EA0000000974
B1329485554618N00943847EA0000000958
B1329535554645N00943691EA0000000955
B1329595554672N00943514EA0000000952
B1330045554696N00943358EA0000000942
B1330145554746N00943035EA0000000963
B1330225554773N00942791EA0000000973
B1330315554762N00942575EA0000001010
B1330465554739N00942219EA0000001051
B1331105554765N00941577EA0000000993
B1331195554784N00941301EA0000000969
B1331245554792N00941145EA0000000955
B1331335554807N00940851EA0000000930
B1331385554816N00940682EA0000000929
B1331435554828N00940516EA0000000950
B1331485554831N00940389EA0000000988
B1331565554850N00940168EA0000000961
B1332065554883N00939875EA0000000999
B1332175554915N00939581EA0000001015
B1332245554934N00939370EA0000001014
B1332315554954N00939145EA0000001012
B1332375554977N00938948EA0000001013
B1332425554998N00938787EA0000001014
B1332485555029N00938595EA0000001014
B1332545555062N00938406EA0000001011
B1333035555122N00938131EA0000001005
B1333105555171N00937903EA0000001011
B1333165555204N00937707EA0000001019
B1333215555228N00937542EA0000001009
B1333265555257N00937368EA0000001020
B1333315555280N00937208EA0000001029
B1333365555301N00937048EA0000001006
B1333445555339N00936780EA0000000988
B1333505555373N00936581EA0000000973
B1333585555426N00936322EA0000000943
B1334035555458N00936162EA0000000940
B1334235555601N00935561EA0000000922
B1334315555659N00935341EA0000000906
B1334395555701N00935114EA0000000924
B1334445555719N00934987EA0000000945
B1334505555736N00934866EA0000000972
B1335095555756N00934473EA0000000951
B1335165555759N00934287EA0000000908
B1335275555768N00933960EA0000000917
B1335325555779N00933823EA0000000931
B1335385555791N00933671EA0000000936
B1335445555806N00933516EA0000000918
B1335505555822N00933350EA0000000919
B1335555555834N00933215EA0000000936
B1336065555862N00932931EA0000000908
B1336175555883N00932589EA0000000913
B1336355555911N00932034EA0000000880
B1336415555916N00931846EA0000000873
B1336505555919N00931557EA0000000863
B1336555555913N00931398EA0000000860
B1337045555892N00931111EA0000000851
B1337145555856N00930815EA0000000850
B1337195555838N00930673EA0000000844
B1337245555823N00930535EA0000000835
B1337315555799N00930335EA0000000815
B1337395555759N00930110EA0000000816
B1337445555731N00929977EA0000000809
B1337495555707N00929839EA0000000791
B1337545555690N00929697EA0000000770
B1337595555678N00929557EA0000000758
B1338045555672N00929419EA0000000750
B1338155555671N00929106EA0000000751
B1338215555660N00928938EA0000000754
B1338285555640N00928755EA0000000759
B1338335555637N00928614EA0000000744
B1338445555657N00928302EA0000000747
B1338515555673N00928151EA0000000756
B1338585555693N00927982EA0000000733
B1339035555702N00927856EA0000000734
B1339085555708N00927731EA0000000736
B1339165555744N00927548EA0000000719
B1339215555773N00927436EA0000000707
B1339265555802N00927323EA0000000691
B1339315555829N00927205EA0000000681
B1339365555846N00927083EA0000000680
B1339415555862N00926965EA0000000685
B1339475555883N00926837EA0000000689
B1339535555902N00926713EA0000000694
B1339595555923N00926600EA0000000694
B1340085555974N00926447EA0000000684
B1340185556018N00926240EA0000000656
B1340255556043N00926097EA0000000679
B1340325556061N00925964EA0000000683
B1340375556091N00925881EA0000000677
B1340425556143N00925825EA0000000669
B1340475556199N00925766EA0000000662
B1340525556231N00925674EA0000000665
B1341095556187N00925314EA0000000667
B1341195556187N00925102EA0000000673
B1341265556211N00924959EA0000000662
B1341315556249N00924870EA0000000661
B1341385556324N00924771EA0000000657
B1341435556391N00924714EA0000000660
B1341485556455N00924665EA0000000686
B1341545556516N00924623EA0000000716
B1342005556565N00924580EA0000000716
B1342075556622N00924489EA0000000706
B1342125556662N00924407EA0000000706
B1342225556725N00924216EA0000000706
B1342285556759N00924096EA0000000696
B1342345556804N00923969EA0000000693
B1342405556857N00923846EA0000000694
B1342455556900N00923744EA0000000694
B1342505556949N00923645EA0000000690
B1342555557005N00923559EA0000000692
B1343035557102N00923446EA0000000690
B1343085557159N00923383EA0000000692
B1343175557273N00923270EA0000000666
B1343235557355N00923197EA0000000658
B1343315557452N00923081EA0000000659
B1343385557530N00922987EA0000000644
B1343465557618N00922854EA0000000630
B1343545557708N00922722EA0000000621
B1344005557778N00922631EA0000000612
B1344055557842N00922566EA0000000607
B1344115557927N00922513EA0000000604
B1344185558023N00922457EA0000000596
B1344235558091N00922409EA0000000584
B1344285558160N00922352EA0000000578
B1344345558233N00922270EA0000000582
B1344395558287N00922201EA0000000581
B1344445558338N00922125EA0000000575
B1344505558376N00922008EA0000000573
B1345015558331N00921762EA0000000570
B1345075558274N00921635EA0000000563
B1345165558211N00921419EA0000000554
B1345235558195N00921245EA0000000540
B1345285558203N00921120EA0000000530
B1345345558238N00920985EA0000000522
B1345395558284N00920879EA0000000511
B1345455558341N00920751EA0000000518
B1345505558377N00920663EA0000000544
B1345555558421N00920609EA0000000559
B1346005558447N00920741EA0000000562
B1346055558369N00920785EA0000000567
B1346105558382N00920715EA0000000577
B1346155558407N00920849EA0000000586
B1346205558332N00920921EA0000000587
B1346265558344N00920852EA0000000595
B1346315558366N00920996EA0000000606
B1346365558293N00921084EA0000000608
B1346415558275N00921013EA0000000613
B1346475558327N00921118EA0000000623
B1346525558276N00921261EA0000000629
B1346595558213N00921206EA0000000641
B1347065558263N00921318EA0000000648
B1347115558207N00921452EA0000000652
B1347165558138N00921438EA0000000655
B1347235558141N00921311EA0000000651
B1347305558170N00921194EA0000000657
B1347365558195N00921058EA0000000657
B1347415558212N00920963EA0000000699
B1347465558225N00920881EA0000000689
B1347525558238N00920744EA0000000686
B1347575558254N00920622EA0000000703
B1348025558265N00920514EA0000000727
B1348075558275N00920412EA0000000714
B1348125558289N00920288EA0000000693
B1348195558309N00920104EA0000000692
B1348245558321N00919970EA0000000699
B1348295558332N00919843EA0000000732
B1348355558335N00919736EA0000000738
B1348435558346N00919548EA0000000707
B1348535558364N00919281EA0000000700
B1348585558377N00919141EA0000000696
B1349035558392N00919007EA0000000713
B1349095558409N00918857EA0000000693
B1349145558433N00918724EA0000000688
B1349205558462N00918566EA0000000698
B1349295558501N00918338EA0000000717
B1349385558538N00918104EA0000000698
B1349445558573N00917950EA0000000707
B1349495558606N00917832EA0000000714
B1349545558636N00917721EA0000000731
B1350005558675N00917587EA0000000734
B1350065558713N00917471EA0000000756
B1350125558755N00917351EA0000000746
B1350195558802N00917200EA0000000752
B1350265558849N00917050EA0000000749
B1350345558902N00916861EA0000000742
B1350405558941N00916721EA0000000760
B1350475558988N00916559EA0000000747
B1350525559016N00916433EA0000000745
B1350595559047N00916254EA0000000750
B1351075559081N00916048EA0000000757
B1351145559104N00915869EA0000000759
B1351225559138N00915655EA0000000756
B1351275559160N00915521EA0000000755
B1351355559189N00915307EA0000000768
B1351405559207N00915188EA0000000798
B1351455559223N00915067EA0000000793
B1351505559240N00914926EA0000000811
B1351565559243N00914775EA0000000831
B1352025559250N00914615EA0000000822
B1352075559263N00914475EA0000000834
B1352125559279N00914337EA0000000832
B1352195559305N00914131EA0000000831
B1352245559325N00913991EA0000000845
B1352295559342N00913853EA0000000844
B1352355559354N00913670EA0000000854
B1352405559365N00913552EA0000000905
B1352465559374N00913405EA0000000901
B1352525559384N00913236EA0000000908
B1352575559391N00913095EA0000000943
B1353045559399N00912907EA0000000951
B1353095559408N00912767EA0000000965
B1353145559418N00912625EA0000000965
B1353205559430N00912444EA0000000978
B1353265559448N00912264EA0000000985
B1353315559467N00912113EA0000000988
B1353365559488N00911960EA0000000996
B1353425559517N00911783EA0000001011
B1353475559539N00911647EA0000001031
B1353525559560N00911521EA0000001042
B1353575559578N00911390EA0000001052
B1354025559596N00911254EA0000001049
B1354125559622N00910968EA0000001036
B1354215559653N00910696EA0000001008
B1354265559675N00910540EA0000001007
B1354315559699N00910387EA0000001009
B1354395559736N00910141EA0000001007
B1354465559770N00909919EA0000001011
B1354515559796N00909761EA0000001015
B1354585559828N00909539EA0000001020
B1355045559853N00909354EA0000001020
B1355105559876N00909169EA0000001008
B1355175559903N00908948EA0000000986
B1355225559920N00908785EA0000000977
B1355275559932N00908624EA0000000968
B1355335559937N00908427EA0000000958
B1355385559941N00908265EA0000000948
B1355465559935N00907995EA0000000933
B1355515559929N00907831EA0000000948
B1355565559921N00907672EA0000000945
B1356025559909N00907467EA0000000935
B1356105559888N00907201EA0000000911
B1356155559882N00907029EA0000000888
B1356205559889N00906857EA0000000877
B1356295559916N00906561EA0000000880
B1356345559933N00906413EA0000000891
B1356395559951N00906274EA0000000896
B1356445559974N00906137EA0000000893
B1356505600010N00905965EA0000000895
B1356575600047N00905759EA0000000888
B1357035600079N00905575EA0000000874
B1357125600125N00905285EA0000000859
B1357175600147N00905126EA0000000857
B1357225600170N00904968EA0000000849
B1357275600186N00904805EA0000000842
B1357345600210N00904576EA0000000832
B1357405600232N00904381EA0000000830
B1357495600281N00904084EA0000000819
B1357545600312N00903917EA0000000822
B1358015600360N00903704EA0000000848
B1358065600386N00903587EA0000000909
B1358125600420N00903498EA0000000922
B1358175600455N00903399EA0000000911
B1358225600465N00903285EA0000000950
B1358275600457N00903189EA0000000956
B1358335600444N00903036EA0000000916
B1358385600433N00902878EA0000000919
B1358435600422N00902725EA0000000918
B1358485600412N00902588EA0000000919
B1358555600405N00902394EA0000000897
B1359065600405N00902073EA0000000874
B1359115600412N00901931EA0000000885
B1359175600441N00901771EA0000000894
B1359225600467N00901649EA0000000891
B1359275600489N00901525EA0000000890
B1359335600505N00901378EA0000000909
B1359385600525N00901268EA0000000921
B1359435600543N00901163EA0000000933
B1359485600559N00901054EA0000000927
B1359535600575N00900929EA0000000925
B1359595600597N00900764EA0000000908
B1400045600620N00900622EA0000000910
B1400105600649N00900442EA0000000910
B1400195600701N00900186EA0000000906
B1400255600736N00900008EA0000000893
B1400315600774N00859832EA0000000877
B1400385600822N00859627EA0000000864
B1400475600882N00859375EA0000000854
B1400525600915N00859245EA0000000853
B1400575600948N00859121EA0000000842
B1401045600993N00858933EA0000000845
B1401095601016N00858813EA0000000860
B1401165601049N00858647EA0000000836
B1401245601074N00858450EA0000000839
B1401325601098N00858265EA0000000804
B1401385601122N00858101EA0000000777
B1401445601150N00857933EA0000000781
B1401505601168N00857771EA0000000762
B1401555601175N00857631EA0000000762
B1402025601179N00857443EA0000000772
B1402075601178N00857308EA0000000762
B1402145601161N00857096EA0000000761
B1402195601138N00856958EA0000000768
B1402275601099N00856744EA0000000746
B1402335601074N00856576EA0000000721
B1402385601052N00856429EA0000000707
B1402445601018N00856253EA0000000691
B1402515600972N00856051EA0000000678
B1402585600908N00855865EA0000000672
B1403045600853N00855716EA0000000668
B1403105600806N00855566EA0000000658
B1403165600764N00855404EA0000000640
B1403225600725N00855235EA0000000629
B1403285600694N00855067EA0000000625
B1403335600674N00854927EA0000000620
B1403385600663N00854790EA0000000618
B1403445600657N00854629EA0000000610
B1403505600662N00854464EA0000000597
B1403555600663N00854325EA0000000588
B1404045600609N00854092EA0000000587
B1404105600570N00853957EA0000000585
B1404155600541N00853849EA0000000575
B1404205600473N00853778EA0000000572
B1404265600356N00853771EA0000000572
B1404315600268N00853751EA0000000591
B1404365600189N00853831EA0000000603
B1404415600205N00853977EA0000000610
B1404465600240N00853951EA0000000619
B1404515600179N00853913EA0000000625
B1404565600116N00854042EA0000000634
B1405015600150N00854166EA0000000639
B1405065600172N00854105EA0000000649
B1405115600097N00854108EA0000000659
B1405165600077N00854271EA0000000671
B1405225600137N00854304EA0000000678
B1405275600090N00854253EA0000000696
B1405325600029N00854378EA0000000700
B1405395600086N00854473EA0000000711
B1405445600051N00854401EA0000000726
B1405525559910N00854374EA0000000721
B1405595559772N00854323EA0000000711
B1406045559668N00854300EA0000000708
B1406105559541N00854287EA0000000710
B1406205559329N00854288EA0000000702
B1406275559176N00854276EA0000000674
B1406325559065N00854249EA0000000665
B1406375558962N00854211EA0000000659
B1406445558838N00854128EA0000000653
B1406495558749N00854074EA0000000647
B1406545558714N00853979EA0000000640
B1406595558788N00853990EA0000000627
B1407065558905N00854137EA0000000610
B1407125559003N00854276EA0000000595
B1407195559120N00854429EA0000000577
B1407285559268N00854632EA0000000577
B1407335559351N00854748EA0000000577
B1407395559442N00854867EA0000000611
B1407465559517N00855050EA0000000598
B1407525559560N00855270EA0000000580
B1407575559572N00855479EA0000000585
B1408025559566N00855685EA0000000608
B1408085559545N00855923EA0000000599
B1408165559489N00856237EA0000000613
B1408245559419N00856537EA0000000624
B1408305559360N00856753EA0000000626
B1408365559297N00856984EA0000000632
B1408425559238N00857216EA0000000642
B1408475559189N00857402EA0000000646
B1408535559132N00857638EA0000000643
B1409015559066N00857967EA0000000651
B1409065559031N00858164EA0000000660
B1409135558982N00858448EA0000000660
B1409185558950N00858660EA0000000661
B1409235558919N00858867EA0000000684
B1409285558890N00859059EA0000000679
B1409345558850N00859306EA0000000677
B1409395558814N00859518EA0000000699
B1409455558774N00859740EA0000000732
B1409525558741N00859986EA0000000742
B1409575558711N00900180EA0000000728
B1410045558661N00900467EA0000000742
B1410105558621N00900712EA0000000746
B1410155558587N00900917EA0000000742
B1410205558546N00901122EA0000000734
B1410265558490N00901365EA0000000728
B1410325558441N00901612EA0000000724
B1410375558411N00901822EA0000000721
B1410435558398N00902077EA0000000714
B1410485558399N00902285EA0000000713
B1410545558407N00902535EA0000000697
B1411015558409N00902839EA0000000680
B1411145558408N00903432EA0000000650
B1411215558403N00903747EA0000000643
B1411305558393N00904158EA0000000623
B1411375558387N00904483EA0000000608
B1411485558386N00905008EA0000000587
B1411535558382N00905249EA0000000580
B1411585558379N00905491EA0000000572
B1412075558370N00905923EA0000000562
B1412125558367N00906157EA0000000559
B1412195558371N00906473EA0000000563
B1412245558371N00906686EA0000000570
B1412315558368N00906975EA0000000557
B1412365558358N00907187EA0000000546
B1412415558349N00907410EA0000000532
B1412465558341N00907635EA0000000527
B1412515558332N00907855EA0000000522
B1412565558324N00908077EA0000000515
B1413025558314N00908350EA0000000512
B1413085558303N00908615EA0000000520
B1413135558286N00908829EA0000000522
B1413205558252N00909106EA0000000547
B1413255558187N00909244EA0000000552
B1413315558091N00909282EA0000000552
B1413365558093N00909216EA0000000554
B1413415558144N00909271EA0000000554
B1413475558148N00909476EA0000000570
B1413525558084N00909595EA0000000568
B1413575558032N00909557EA0000000562
B1414025558072N00909555EA0000000560
B1414115558087N00909855EA0000000571
B1414165558073N00910036EA0000000594
B1414215558100N00910171EA0000000607
B1414265558134N00910149EA0000000611
B1414315558070N00910119EA0000000620
B1414365558057N00910266EA0000000634
B1414425558086N00910231EA0000000645
B1414475558018N00910254EA0000000670
B1414525558021N00910399EA0000000681
B1414595558040N00910358EA0000000695
B1415045557970N00910410EA0000000718
B1415095557929N00910564EA0000000712
B1415145557885N00910753EA0000000708
B1415195557842N00910963EA0000000710
B1415245557800N00911176EA0000000717
B1415305557746N00911431EA0000000723
B1415405557652N00911855EA0000000725
B1415465557599N00912106EA0000000742
B1415555557524N00912490EA0000000740
B1416025557463N00912791EA0000000749
B1416085557414N00913059EA0000000751
B1416165557348N00913424EA0000000744
B1416275557259N00913927EA0000000734
B1416345557200N00914247EA0000000735
B1416395557152N00914478EA0000000738
B1416465557091N00914757EA0000000783
B1416515557061N00914947EA0000000782
B1416595557026N00915282EA0000000762
B1417065556999N00915599EA0000000738
B1417145556977N00915975EA0000000732
B1417195556964N00916216EA0000000732
B1417265556944N00916539EA0000000742
B1417325556919N00916810EA0000000725
B1417385556887N00917094EA0000000713
B1417455556849N00917421EA0000000704
B1417515556807N00917694EA0000000690
B1417575556761N00917969EA0000000682
B1418035556712N00918234EA0000000708
B1418085556673N00918429EA0000000750
B1418155556624N00918680EA0000000778
B1418215556578N00918901EA0000000773
B1418265556533N00919114EA0000000762
B1418315556496N00919338EA0000000799
B1418385556452N00919605EA0000000795
B1418435556415N00919832EA0000000807
B1418485556380N00920034EA0000000831
B1418565556328N00920387EA0000000826
B1419025556289N00920678EA0000000813
B1419075556252N00920925EA0000000813
B1419125556207N00921175EA0000000811
B1419195556145N00921535EA0000000813
B1419245556101N00921795EA0000000825
B1419305556051N00922104EA0000000825
B1419355556007N00922363EA0000000837
B1419415555957N00922668EA0000000840
B1419465555912N00922921EA0000000850
B1419515555865N00923161EA0000000860
B1419565555810N00923404EA0000000829
B1420015555746N00923653EA0000000824
B1420075555667N00923942EA0000000823
B1420135555587N00924233EA0000000811
B1420205555496N00924580EA0000000800
B1420255555434N00924835EA0000000796
B1420305555389N00925064EA0000000840
B1420365555330N00925335EA0000000823
B1420425555276N00925634EA0000000815
B1420515555209N00926110EA0000000811
B1420585555170N00926483EA0000000804
B1421065555135N00926905EA0000000808
B1421115555119N00927165EA0000000820
B1421175555105N00927473EA0000000818
B1421245555083N00927839EA0000000817
B1421315555059N00928211EA0000000819
B1421365555038N00928471EA0000000833
B1421415555015N00928708EA0000000873
B1421465554994N00928935EA0000000864
B1421515554954N00929179EA0000000862
B1421565554906N00929420EA0000000878
B1422025554844N00929704EA0000000885
B1422095554769N00930042EA0000000876
B1422145554715N00930291EA0000000888
B1422195554665N00930543EA0000000909
B1422255554617N00930819EA0000000936
B1422325554566N00931147EA0000000917
B1422395554515N00931506EA0000000909
B1422445554480N00931765EA0000000910
B1422525554417N00932164EA0000000922
B1422595554370N00932503EA0000000929
B1423065554320N00932856EA0000000924
B1423145554267N00933243EA0000000930
B1423205554224N00933537EA0000000923
B1423275554167N00933883EA0000000926
B1423335554114N00934166EA0000000949
B1423395554060N00934430EA0000000949
B1423475553983N00934816EA0000000934
B1423555553905N00935214EA0000000953
B1424005553858N00935453EA0000000975
B1424055553811N00935671EA0000001017
B1424105553768N00935869EA0000001031
B1424175553709N00936156EA0000001021
B1424235553649N00936420EA0000001001
B1424285553590N00936651EA0000000988
B1424345553519N00936934EA0000000994
B1424395553465N00937166EA0000001024
B1424445553414N00937370EA0000001045
B1424525553336N00937720EA0000001042
B1424585553283N00938001EA0000001041
B1425045553233N00938283EA0000001044
B1425115553174N00938603EA0000001054
B1425185553115N00938928EA0000001061
B1425235553070N00939153EA0000001073
B1425305552997N00939473EA0000001069
B1425375552925N00939812EA0000001074
B1425445552860N00940157EA0000001079
B1425495552814N00940409EA0000001078
B1425565552746N00940775EA0000001076
B1426035552683N00941148EA0000001066
B1426085552640N00941413EA0000001064
B1426135552606N00941676EA0000001069
B1426185552573N00941938EA0000001072
B1426245552547N00942247EA0000001073
B1426295552537N00942494EA0000001073
B1426345552522N00942737EA0000001076
B1426395552494N00942971EA0000001086
B1426455552444N00943240EA0000001103
B1426505552390N00943453EA0000001097
B1426585552294N00943804EA0000001074
B1427035552230N00944027EA0000001060
B1427095552150N00944295EA0000001043
B1427145552083N00944518EA0000001030
B1427195552016N00944739EA0000001017
B1427265551915N00945025EA0000001013
B1427315551813N00945129EA0000001006
B1427385551682N00945057EA0000001010
B1427435551596N00944987EA0000001026
B1427515551461N00944874EA0000001003
B1427565551371N00944787EA0000000984
B1428025551257N00944674EA0000000969
B1428085551143N00944555EA0000000955
B1428175550978N00944383EA0000000954
B1428225550885N00944306EA0000000946
B1428295550754N00944195EA0000000930
B1428375550731N00944018EA0000000909
B1428425550814N00943975EA0000000905
B1428475550905N00943967EA0000000891
B1428545551040N00943950EA0000000863
B1429015551174N00943919EA0000000847
B1429075551289N00943879EA0000000834
B1429145551410N00943828EA0000000827
B1429235551564N00943739EA0000000803
B1429285551648N00943682EA0000000795
B1429345551747N00943614EA0000000781
B1429465551914N00943482EA0000000780
B1430185552158N00942680EA0000000748
B1430265552195N00942428EA0000000733
B1430465552290N00941791EA0000000752
B1430535552322N00941588EA0000000745
B1430595552349N00941412EA0000000744
B1431045552372N00941262EA0000000741
B1431105552397N00941076EA0000000743
B1431165552419N00940889EA0000000747
B1431225552440N00940705EA0000000765
B1431295552457N00940500EA0000000765
B1431365552477N00940280EA0000000759
B1431435552493N00940056EA0000000758
B1431505552512N00939829EA0000000756
B1431565552529N00939632EA0000000754
B1432075552552N00939269EA0000000753
B1432135552565N00939066EA0000000745
B1432185552573N00938889EA0000000737
B1432245552591N00938687EA0000000742
B1432315552615N00938459EA0000000734
B1432375552632N00938258EA0000000724
B1432435552650N00938053EA0000000719
B1432485552664N00937878EA0000000710
B1432585552695N00937519EA0000000695
B1433035552708N00937342EA0000000686
B1433095552725N00937124EA0000000670
B1433145552739N00936943EA0000000672
B1433195552750N00936772EA0000000676
B1433285552768N00936468EA0000000669
B1433335552780N00936303EA0000000661
B1433405552798N00936078EA0000000652
B1433485552821N00935828EA0000000638
B1433535552837N00935672EA0000000634
B1433595552861N00935483EA0000000623
B1434055552885N00935288EA0000000615
B1434105552904N00935112EA0000000610
B1434225552939N00934682EA0000000615
B1434275552955N00934512EA0000000615
B1434435553028N00933968EA0000000609
B1434545553082N00933588EA0000000598
B1434595553102N00933423EA0000000598
B1435185553206N00932748EA0000000565
B1435535553387N00931583EA0000000463
B1436035553433N00931267EA0000000451
B1436095553468N00931092EA0000000451
B1436155553507N00930921EA0000000444
B1436285553589N00930520EA0000000415
B1436395553652N00930184EA0000000406
B1436455553690N00929987EA0000000392
B1436515553720N00929781EA0000000380
B1436565553746N00929601EA0000000376
B1437195553819N00928863EA0000000405
B1437255553784N00928721EA0000000419
B1437325553790N00928601EA0000000433
B1437385553828N00928743EA0000000439
B1437445553732N00928806EA0000000445
B1437505553736N00928719EA0000000452
B1437575553770N00928888EA0000000464
B1438035553670N00928931EA0000000456
B1438085553683N00928856EA0000000470
B1438145553705N00929014EA0000000483
B1438195553621N00929052EA0000000474
B1438245553616N00928971EA0000000490
B1438295553670N00929035EA0000000489
B1438345553645N00929199EA0000000501
B1438395553563N00929201EA0000000492
B1438445553574N00929128EA0000000503
B1438515553608N00929316EA0000000504
B1438575553508N00929356EA0000000502
B1439045553533N00929276EA0000000510
B1439105553557N00929465EA0000000518
B1439165553458N00929519EA0000000514
B1439245553494N00929486EA0000000527
B1439315553434N00929692EA0000000538
B1439365553364N00929653EA0000000533
B1439435553382N00929537EA0000000536
B1439505553426N00929406EA0000000530
B1439555553442N00929297EA0000000544
B1440015553455N00929179EA0000000573
B1440065553463N00929090EA0000000574
B1440125553473N00928958EA0000000585
B1440205553472N00928794EA0000000595
B1440365553461N00928453EA0000000572
B1440425553470N00928324EA0000000550
B1440485553535N00928235EA0000000537
B1440535553608N00928212EA0000000534
B1440595553702N00928205EA0000000527
B1441065553812N00928204EA0000000524
B1441125553907N00928202EA0000000501
B1441195554019N00928200EA0000000491
B1441295554166N00928162EA0000000466
B1441345554240N00928144EA0000000463
B1441435554370N00928130EA0000000468
B1441485554438N00928121EA0000000472
B1441545554520N00928093EA0000000467
B1441595554591N00928055EA0000000459
B1442055554664N00928007EA0000000470
B1442105554714N00927944EA0000000452
B1442155554756N00927844EA0000000438
B1442235554809N00927660EA0000000441
B1442335554852N00927482EA0000000468
B1442425554854N00927314EA0000000487
B1442475554840N00927215EA0000000488
B1442525554857N00927127EA0000000513
B1443005554899N00927318EA0000000528
B1443075554800N00927369EA0000000536
B1443125554820N00927315EA0000000547
B1443175554866N00927426EA0000000563
B1443225554814N00927560EA0000000568
B1443275554767N00927520EA0000000582
B1443325554802N00927488EA0000000593
B1443375554823N00927630EA0000000597
B1443425554752N00927694EA0000000592
B1443485554774N00927625EA0000000610
B1443545554800N00927778EA0000000607
B1443595554717N00927832EA0000000605
B1444045554694N00927748EA0000000618
B1444115554699N00927628EA0000000631
B1444205554728N00927461EA0000000666
B1444275554748N00927340EA0000000681
B1444365554777N00927184EA0000000676
B1444425554798N00927090EA0000000670
B1444505554804N00926945EA0000000660
B1444585554822N00926802EA0000000643
B1445045554852N00926698EA0000000641
B1445115554908N00926623EA0000000633
B1445165554968N00926628EA0000000622
B1445235555044N00926789EA0000000617
B1445295555098N00926971EA0000000601
B1445345555153N00927099EA0000000599
B1445405555175N00927301EA0000000595
B1445465555132N00927521EA0000000598
B1445515555084N00927684EA0000000592
B1445565555004N00927764EA0000000578
B1446015554941N00927717EA0000000555
B1446075554940N00927608EA0000000545
B1446155554955N00927438EA0000000520
B1446205554960N00927317EA0000000516
B1446265554970N00927195EA0000000511
B1446315554975N00927083EA0000000492
B1446395554961N00926897EA0000000486
B1446455554943N00926760EA0000000479
B1446525554926N00926607EA0000000470
B1446585554914N00926478EA0000000459
B1447035554943N00926394EA0000000452
B1447105555042N00926380EA0000000442
B1447175555137N00926412EA0000000459
B1447225555199N00926458EA0000000454
B1447315555257N00926715EA0000000455
B1447365555232N00926885EA0000000446
B1447415555154N00926996EA0000000435
B1447495555009N00927027EA0000000416
B1447545554932N00927140EA0000000417
B1447595554882N00927307EA0000000409
B1448045554844N00927478EA0000000400
B1448115554872N00927727EA0000000379
B1448185554946N00927915EA0000000368
B1448235555004N00928009EA0000000394
B1448315555047N00927957EA0000000387
B1448385554953N00928032EA0000000390
B1448435554973N00928174EA0000000391
B1448505555020N00928124EA0000000390
B1448555554955N00928108EA0000000392
B1449015554896N00928277EA0000000392
B1449065554943N00928383EA0000000390
B1449115554982N00928342EA0000000387
B1449165554956N00928267EA0000000375
B1449345554890N00927903EA0000000364
B1449395554942N00927912EA0000000354
B1449555554919N00927635EA0000000327
B1450025554898N00927475EA0000000312
B1450285554927N00926936EA0000000325
B1450425554994N00926705EA0000000315
B1450475555065N00926724EA0000000301
B1451315554802N00928255EA0000000247
B1451485554446N00928249EA0000000235
