AOGNOGN
HFDTE200825
HFFXA050
HFPLTPILOTINCHARGE:
HFGTYGLIDERTYPE:Ventus 2cxT
HFGIDGLIDERID:OY-XXB
HFDTM100GPSDATUM:WGS-1984
HFRFWFIRMWAREVERSION:
HFRHWHARDWAREVERSION:
HFFTYFRTYPE:OGN-FLIGHTBOOK
HFGPSGENERIC
HFPRSPRESSALTSENSOR:
HFCIDCOMPETITIONID:CM
B0925015537952N00845007EA0000000031
B0925045537949N00845052EA0000000032
B0925135537934N00845227EA0000000032
B0925215537919N00845430EA0000000036
B0925265537907N00845570EA0000000040
B0925315537896N00845716EA0000000046
B0925375537881N00845897EA0000000052
B0925435537871N00846078EA0000000064
B0925495537860N00846259EA0000000071
B0925565537876N00846477EA0000000078
B0926035537909N00846675EA0000000098
B0926145537963N00846959EA0000000124
B0926195537998N00847096EA0000000122
B0926405538235N00847469EA0000000163
B0926465538345N00847452EA0000000170
B0926515538434N00847392EA0000000189
B0927005538568N00847188EA0000000196
B0927055538622N00847029EA0000000206
B0927115538678N00846834EA0000000220
B0927165538720N00846669EA0000000226
B0927235538774N00846424EA0000000227
B0927285538814N00846242EA0000000238
B0927335538852N00846059EA0000000258
B0927395538897N00845842EA0000000273
B0927465538950N00845586EA0000000281
B0927555539017N00845269EA0000000289
B0928075539107N00844844EA0000000287
B0928175539184N00844468EA0000000313
B0928235539232N00844239EA0000000328
B0928285539272N00844048EA0000000333
B0928335539310N00843854EA0000000335
B0928415539335N00843541EA0000000351
B0928485539310N00843254EA0000000354
B0928565539212N00842968EA0000000367
B0929015539124N00842830EA0000000369
B0929065539018N00842742EA0000000373
B0929165538796N00842701EA0000000382
B0929215538696N00842704EA0000000417
B0929265538598N00842701EA0000000434
B0929345538439N00842692EA0000000456
B0929415538296N00842693EA0000000461
B0929505538108N00842691EA0000000465
B0929575537965N00842689EA0000000465
B0930065537766N00842700EA0000000468
B0930125537632N00842727EA0000000478
B0930205537513N00842891EA0000000506
B0930255537483N00843026EA0000000519
B0930305537490N00843157EA0000000531
B0930355537534N00843254EA0000000538
B0930405537606N00843300EA0000000542
B0930475537719N00843266EA0000000569
B0930565537855N00843181EA0000000587
B0931065538003N00843016EA0000000557
B0931125538105N00842998EA0000000545
B0931185538206N00842916EA0000000534
B0931245538298N00842786EA0000000513
B0931305538391N00842661EA0000000514
B0931355538468N00842582EA0000000520
B0931405538545N00842584EA0000000532
B0931455538586N00842667EA0000000542
B0931505538561N00842778EA0000000554
B0931555538482N00842805EA0000000561
B0932005538405N00842708EA0000000556
B0932065538398N00842512EA0000000561
B0932115538456N00842416EA0000000564
B0932165538527N00842390EA0000000568
B0932215538575N00842458EA0000000571
B0932265538548N00842563EA0000000582
B0932315538465N00842571EA0000000592
B0932375538395N00842408EA0000000588
B0932435538434N00842240EA0000000591
B0932485538509N00842214EA0000000599
B0932535538563N00842264EA0000000606
B0932585538546N00842372EA0000000608
B0933045538447N00842356EA0000000619
B0933115538423N00842140EA0000000632
B0933165538488N00842083EA0000000639
B0933215538523N00842162EA0000000641
B0933265538486N00842260EA0000000651
B0933315538403N00842239EA0000000653
B0933385538337N00842030EA0000000661
B0933435538381N00841902EA0000000670
B0933485538443N00841916EA0000000677
B0933565538415N00842078EA0000000689
B0934095538296N00841808EA0000000700
B0934145538365N00841760EA0000000712
B0934195538396N00841846EA0000000720
B0934375538298N00841628EA0000000741
B0934435538354N00841702EA0000000753
B0934545538203N00841694EA0000000763
B0934595538205N00841530EA0000000772
B0935045538273N00841464EA0000000777
B0935125538301N00841607EA0000000787
B0935255538135N00841424EA0000000802
B0935325538214N00841285EA0000000810
B0935375538266N00841356EA0000000818
B0935425538247N00841476EA0000000830
B0935555538103N00841248EA0000000839
B0936015538185N00841181EA0000000847
B0936085538226N00841327EA0000000860
B0936135538246N00841456EA0000000867
B0936185538270N00841582EA0000000880
B0936235538294N00841711EA0000000883
B0936315538340N00841912EA0000000907
B0936365538374N00842033EA0000000912
B0936425538412N00842176EA0000000927
B0936485538455N00842308EA0000000930
B0936555538506N00842459EA0000000915
B0937015538553N00842598EA0000000910
B0937085538624N00842740EA0000000909
B0937165538723N00842879EA0000000900
B0937225538798N00842978EA0000000894
B0937315538918N00843129EA0000000879
B0937385539014N00843252EA0000000871
B0937435539076N00843348EA0000000888
B0937505539150N00843473EA0000000894
B0937565539216N00843593EA0000000889
B0938015539234N00843729EA0000000892
B0938065539214N00843874EA0000000892
B0938115539186N00844024EA0000000898
B0938185539201N00844209EA0000000922
B0938235539267N00844244EA0000000940
B0938305539334N00844091EA0000000939
B0938355539307N00843927EA0000000934
B0938415539213N00843870EA0000000947
B0938475539129N00843944EA0000000954
B0938535539089N00844068EA0000000957
B0938585539117N00844161EA0000000958
B0939075539221N00844064EA0000000963
B0939175539137N00843813EA0000000975
B0939245539047N00843898EA0000000979
B0939305539072N00844016EA0000000980
B0939365539153N00843977EA0000000985
B0939415539168N00843825EA0000000989
B0939475539089N00843695EA0000000991
B0939525539014N00843738EA0000000991
B0939575539001N00843857EA0000000986
B0940035539075N00843904EA0000000992
B0940115539115N00843686EA0000001002
B0940165539044N00843584EA0000001007
B0940215538969N00843626EA0000001005
B0940285538982N00843776EA0000001001
B0940345539064N00843795EA0000001020
B0940395539113N00843688EA0000001017
B0940445539092N00843526EA0000001020
B0940495539011N00843478EA0000001025
B0940545538953N00843557EA0000001023
B0940595538968N00843663EA0000001023
B0941055539043N00843702EA0000001031
B0941105539101N00843605EA0000001037
B0941165539084N00843416EA0000001034
B0941215539002N00843358EA0000001049
B0941265538945N00843429EA0000001056
B0941315538947N00843536EA0000001058
B0941365539005N00843576EA0000001064
B0941425539068N00843453EA0000001070
B0941535538947N00843231EA0000001069
B0941585538893N00843314EA0000001083
B0942035538915N00843417EA0000001083
B0942095538997N00843381EA0000001089
B0942185538964N00843102EA0000001090
B0942235538879N00843090EA0000001097
B0942295538832N00843215EA0000001104
B0942345538873N00843290EA0000001112
B0942395538942N00843243EA0000001114
B0942455538966N00843052EA0000001109
B0942505538907N00842917EA0000001113
B0942555538821N00842918EA0000001119
B0943005538780N00843022EA0000001119
B0943065538804N00843145EA0000001133
B0943125538883N00843142EA0000001135
B0943175538935N00843015EA0000001133
B0943225538917N00842847EA0000001131
B0943275538838N00842754EA0000001134
B0943325538758N00842774EA0000001142
B0943375538716N00842875EA0000001143
B0943425538742N00842970EA0000001155
B0943475538805N00842991EA0000001162
B0943525538864N00842905EA0000001153
B0943585538863N00842708EA0000001143
B0944045538766N00842623EA0000001155
B0944095538710N00842701EA0000001159
B0944145538714N00842810EA0000001170
B0944195538770N00842834EA0000001162
B0944255538838N00842701EA0000001135
B0944315538804N00842506EA0000001136
B0944365538717N00842431EA0000001139
B0944415538643N00842474EA0000001146
B0944465538618N00842581EA0000001154
B0944515538657N00842646EA0000001159
B0944565538723N00842596EA0000001131
B0945025538816N00842483EA0000001102
B0945075538908N00842419EA0000001091
B0945135539015N00842335EA0000001081
B0945215539153N00842200EA0000001075
B0945275539253N00842086EA0000001070
B0945325539338N00841990EA0000001065
B0945415539492N00841848EA0000001070
B0945465539573N00841785EA0000001086
B0945515539652N00841729EA0000001086
B0945565539728N00841761EA0000001097
B0946025539738N00841901EA0000001115
B0946075539698N00842012EA0000001104
B0946125539657N00842139EA0000001089
B0946175539612N00842275EA0000001087
B0946225539565N00842413EA0000001090
B0946305539492N00842637EA0000001077
B0946365539436N00842805EA0000001064
B0946415539386N00842949EA0000001058
B0946495539322N00843154EA0000001083
B0946555539248N00843269EA0000001101
B0947015539148N00843209EA0000001112
B0947065539116N00843049EA0000001118
B0947115539145N00842900EA0000001130
B0947165539210N00842852EA0000001141
B0947225539262N00842932EA0000001141
B0947275539239N00843041EA0000001152
B0947365539098N00842989EA0000001159
B0947425539081N00842791EA0000001166
B0947475539141N00842697EA0000001181
B0947525539194N00842755EA0000001183
B0947585539156N00842879EA0000001197
B0948045539059N00842891EA0000001196
B0948105538964N00842947EA0000001177
B0948165538897N00843097EA0000001159
B0948215538851N00843246EA0000001141
B0948265538807N00843410EA0000001137
B0948345538742N00843673EA0000001146
B0948395538702N00843830EA0000001156
B0948445538661N00843985EA0000001141
B0948505538611N00844182EA0000001125
B0948565538562N00844388EA0000001105
B0949015538520N00844562EA0000001102
B0949075538475N00844761EA0000001095
B0949125538441N00844924EA0000001084
B0949215538382N00845225EA0000001061
B0949285538338N00845466EA0000001054
B0949345538304N00845669EA0000001065
B0949425538262N00845908EA0000001087
B0949485538229N00846089EA0000001070
B0949595538172N00846468EA0000001041
B0950055538140N00846689EA0000001030
B0950115538111N00846908EA0000001020
B0950225538053N00847312EA0000000998
B0950305538004N00847609EA0000000981
B0950375537959N00847855EA0000000999
B0950425537929N00848017EA0000001019
B0950505537883N00848272EA0000000989
B0951015537813N00848662EA0000000964
B0951085537765N00848917EA0000000944
B0951225537673N00849447EA0000000908
B0951315537621N00849785EA0000000902
B0951365537591N00849973EA0000000892
B0951425537556N00850199EA0000000883
B0951485537517N00850419EA0000000883
B0951545537475N00850636EA0000000886
B0952005537435N00850846EA0000000888
B0952055537406N00851000EA0000000900
B0952105537376N00851156EA0000000893
B0952155537344N00851325EA0000000881
B0952225537307N00851547EA0000000892
B0952275537285N00851713EA0000000858
B0952335537254N00851931EA0000000843
B0952395537219N00852156EA0000000821
B0952455537180N00852379EA0000000805
B0952515537138N00852596EA0000000795
B0952585537086N00852843EA0000000783
B0953045537042N00853050EA0000000782
B0953115537017N00853297EA0000000774
B0953165537030N00853472EA0000000771
B0953225537059N00853664EA0000000803
B0953275537084N00853803EA0000000821
B0953325537131N00853873EA0000000850
B0953375537193N00853813EA0000000826
B0953425537203N00853638EA0000000827
B0953475537130N00853538EA0000000848
B0953525537048N00853569EA0000000850
B0953575537022N00853675EA0000000864
B0954025537064N00853737EA0000000852
B0954075537127N00853657EA0000000832
B0954145537107N00853413EA0000000849
B0954205537025N00853292EA0000000858
B0954265536928N00853351EA0000000855
B0954315536935N00853464EA0000000869
B0954395537018N00853370EA0000000884
B0954475536932N00853179EA0000000886
B0954535536849N00853265EA0000000898
B0954585536873N00853366EA0000000899
B0955065536956N00853243EA0000000914
B0955125536901N00853073EA0000000922
B0955195536789N00853098EA0000000929
B0955245536777N00853217EA0000000932
B0955295536833N00853264EA0000000925
B0955365536884N00853090EA0000000917
B0955415536812N00852981EA0000000936
B0955465536733N00853029EA0000000940
B0955515536680N00853135EA0000000935
B0956025536579N00853431EA0000000917
B0956085536531N00853611EA0000000933
B0956135536503N00853749EA0000000950
B0956225536457N00853988EA0000000940
B0956275536435N00854144EA0000000916
B0956345536428N00854388EA0000000902
B0956405536450N00854589EA0000000900
B0956455536473N00854749EA0000000892
B0956535536514N00855008EA0000000904
B0956585536533N00855131EA0000000922
B0957045536555N00855292EA0000000904
B0957105536581N00855481EA0000000889
B0957165536611N00855678EA0000000870
B0957225536646N00855885EA0000000849
B0957275536681N00856055EA0000000847
B0957325536714N00856226EA0000000858
B0957385536747N00856408EA0000000862
B0957435536777N00856567EA0000000867
B0957485536800N00856712EA0000000871
B0957555536840N00856933EA0000000853
B0958025536881N00857151EA0000000877
B0958095536916N00857348EA0000000915
B0958145536953N00857442EA0000000937
B0958195537022N00857413EA0000000943
B0958245537037N00857257EA0000000948
B0958295536971N00857132EA0000000946
B0958345536887N00857153EA0000000952
B0958395536833N00857245EA0000000976
B0958445536849N00857347EA0000000970
B0958525536936N00857220EA0000000989
B0958585536863N00857060EA0000000993
B0959045536778N00857116EA0000001012
B0959095536796N00857228EA0000001008
B0959155536877N00857179EA0000001019
B0959205536867N00857012EA0000001024
B0959255536781N00856945EA0000001030
B0959305536727N00857033EA0000001045
B0959355536757N00857135EA0000001041
B0959435536842N00856995EA0000001055
B0959495536762N00856861EA0000001067
B0959545536690N00856928EA0000001073
B0959595536711N00857043EA0000001076
B1000045536784N00857002EA0000001085
B1000185536654N00856869EA0000001105
B1000235536697N00856958EA0000001121
B1000285536762N00856884EA0000001116
B1000375536688N00856655EA0000001145
B1000435536609N00856735EA0000001136
B1000485536636N00856843EA0000001156
B1000555536728N00856761EA0000001151
B1001045536650N00856538EA0000001167
B1001105536571N00856626EA0000001175
B1001165536537N00856769EA0000001181
B1001225536505N00856929EA0000001195
B1001285536479N00857088EA0000001211
B1001365536435N00857322EA0000001163
B1001425536402N00857535EA0000001148
B1001485536370N00857756EA0000001123
B1001575536322N00858120EA0000001097
B1002025536297N00858335EA0000001085
B1002075536273N00858553EA0000001062
B1002165536233N00858961EA0000001035
B1002225536206N00859235EA0000001019
B1002325536160N00859688EA0000000991
B1002375536138N00859911EA0000000979
B1002445536097N00900220EA0000000963
B1002505536054N00900484EA0000000943
B1003015535983N00900972EA0000000914
B1003085535942N00901285EA0000000894
B1003135535915N00901507EA0000000905
B1003185535897N00901710EA0000000913
B1003245535887N00901936EA0000000919
B1003315535897N00902185EA0000000913
B1003385535931N00902436EA0000000920
B1003445535959N00902600EA0000000987
B1003495535958N00902719EA0000000999
B1003565535855N00902791EA0000001004
B1004025535773N00902648EA0000000996
B1004075535787N00902490EA0000000984
B1004125535868N00902432EA0000000986
B1004175535939N00902464EA0000001019
B1004265535898N00902645EA0000001039
B1004325535803N00902568EA0000001044
B1004375535805N00902408EA0000001028
B1004425535881N00902335EA0000001027
B1004485535973N00902352EA0000001062
B1004535535994N00902469EA0000001075
B1005045535861N00902384EA0000001091
B1005095535911N00902266EA0000001090
B1005145535996N00902267EA0000001106
B1005195536050N00902336EA0000001125
B1005275535967N00902448EA0000001098
B1005325535898N00902327EA0000001093
B1005395535942N00902107EA0000001117
B1005445535930N00901950EA0000001129
B1005555535805N00902002EA0000001163
B1006025535892N00902023EA0000001173
B1006075535900N00901862EA0000001178
B1006125535816N00901803EA0000001189
B1006185535770N00901932EA0000001208
B1006245535773N00902102EA0000001186
B1006295535797N00902269EA0000001168
B1006355535838N00902478EA0000001143
B1006405535871N00902658EA0000001130
B1006485535922N00902950EA0000001127
B1006535535950N00903128EA0000001128
B1006595535985N00903343EA0000001116
B1007045536009N00903528EA0000001109
B1007115536040N00903786EA0000001105
B1007165536059N00903968EA0000001101
B1007225536076N00904192EA0000001100
B1007275536090N00904384EA0000001093
B1007335536107N00904612EA0000001103
B1007385536118N00904776EA0000001135
B1007445536133N00904938EA0000001170
B1007515536154N00905125EA0000001174
B1007585536141N00905327EA0000001179
B1008085536061N00905612EA0000001172
B1008135536011N00905761EA0000001150
B1008195535953N00905971EA0000001114
B1008265535886N00906232EA0000001100
B1008315535834N00906414EA0000001092
B1008375535768N00906633EA0000001083
B1008455535676N00906923EA0000001076
B1008535535583N00907198EA0000001077
B1008585535527N00907366EA0000001070
B1009035535471N00907539EA0000001059
B1009095535408N00907748EA0000001049
B1009165535338N00907997EA0000001035
B1009225535280N00908212EA0000001020
B1009305535199N00908498EA0000001011
B1009435535049N00908951EA0000001014
B1009525534951N00909256EA0000001032
B1009575534908N00909398EA0000001078
B1010025534868N00909530EA0000001063
B1010075534831N00909681EA0000001042
B1010145534787N00909918EA0000001010
B1010225534740N00910214EA0000000987
B1010305534694N00910520EA0000000960
B1010365534660N00910749EA0000000952
B1010435534623N00911017EA0000000939
B1010505534590N00911282EA0000000929
B1010555534569N00911467EA0000000951
B1011005534553N00911616EA0000000983
B1011075534536N00911811EA0000000966
B1011135534523N00912002EA0000000950
B1011195534512N00912215EA0000000930
B1011285534495N00912558EA0000000905
B1011365534475N00912867EA0000000895
B1011445534448N00913186EA0000000878
B1011495534429N00913384EA0000000897
B1011565534407N00913593EA0000000963
B1012025534384N00913740EA0000000973
B1012075534368N00913873EA0000000990
B1012125534358N00913987EA0000000989
B1012175534347N00914120EA0000000957
B1012265534324N00914427EA0000000915
B1012475534232N00915225EA0000000890
B1012585534174N00915641EA0000000887
B1013075534136N00915975EA0000000879
B1013125534115N00916158EA0000000872
B1013205534082N00916461EA0000000848
B1013255534063N00916655EA0000000832
B1013315534040N00916888EA0000000820
B1013405534004N00917230EA0000000804
B1013525533967N00917687EA0000000776
B1013575533958N00917863EA0000000787
B1014035533945N00918064EA0000000784
B1014085533931N00918234EA0000000781
B1014145533913N00918425EA0000000806
B1014285533924N00918784EA0000000829
B1014365533941N00919000EA0000000808
B1014495533869N00919398EA0000000809
B1014545533838N00919528EA0000000801
B1015015533794N00919740EA0000000766
B1015105533735N00920054EA0000000727
B1015155533701N00920241EA0000000718
B1015365533559N00921021EA0000000704
B1015435533523N00921220EA0000000750
B1016025533630N00921322EA0000000813
B1016125533491N00921133EA0000000798
B1016265533461N00921337EA0000000843
B1016355533497N00921087EA0000000858
B1016405533406N00921013EA0000000866
B1016475533330N00921149EA0000000888
B1016545533389N00921229EA0000000894
B1016595533441N00921094EA0000000904
B1017045533393N00920945EA0000000918
B1017145533288N00921055EA0000000946
B1017195533355N00921059EA0000000948
B1017245533385N00920905EA0000000961
B1017295533319N00920776EA0000000969
B1017365533214N00920838EA0000000987
B1017415533236N00920925EA0000001002
B1017465533299N00920884EA0000001008
B1017545533284N00920639EA0000001017
B1018025533164N00920670EA0000001032
B1018105533235N00920736EA0000001042
B1018155533268N00920594EA0000001048
B1018205533205N00920467EA0000001050
B1018275533106N00920530EA0000001071
B1018345533147N00920633EA0000001065
B1018405533214N00920514EA0000001084
B1018455533169N00920361EA0000001089
B1018515533072N00920380EA0000001102
B1018565533063N00920489EA0000001110
B1019015533124N00920516EA0000001108
B1019085533169N00920320EA0000001137
B1019135533097N00920202EA0000001137
B1019185533016N00920236EA0000001151
B1019235533006N00920348EA0000001160
B1019285533065N00920380EA0000001166
B1019355533112N00920195EA0000001189
B1019405533037N00920081EA0000001189
B1019455532958N00920126EA0000001205
B1019525532925N00920297EA0000001200
B1019585532919N00920480EA0000001179
B1020035532949N00920633EA0000001184
B1020085532998N00920776EA0000001177
B1020135533047N00920932EA0000001172
B1020185533092N00921103EA0000001175
B1020235533126N00921281EA0000001175
B1020305533143N00921548EA0000001155
B1020375533147N00921820EA0000001153
B1020435533179N00922042EA0000001150
B1020505533227N00922289EA0000001143
B1020555533254N00922464EA0000001139
B1021025533240N00922719EA0000001139
B1021105533186N00923013EA0000001111
B1021165533138N00923242EA0000001091
B1021215533091N00923434EA0000001082
B1021265533046N00923604EA0000001117
B1021315533004N00923766EA0000001103
B1021375532954N00923980EA0000001082
B1021425532908N00924162EA0000001073
B1021485532846N00924384EA0000001066
B1021545532780N00924588EA0000001095
B1022045532679N00924886EA0000001082
B1022095532629N00925041EA0000001071
B1022165532556N00925280EA0000001042
B1022225532490N00925492EA0000001052
B1022275532439N00925648EA0000001055
B1022335532377N00925848EA0000001025
B1022425532274N00926171EA0000001007
B1022475532218N00926351EA0000001025
B1022535532159N00926539EA0000001043
B1022595532101N00926737EA0000001010
B1023155531943N00927291EA0000000990
B1023215531879N00927496EA0000000980
B1023285531834N00927733EA0000000984
B1023335531860N00927886EA0000000979
B1023395531936N00928014EA0000000969
B1023445532021N00928079EA0000000965
B1023495532108N00928135EA0000000956
B1023575532257N00928227EA0000000931
B1025075533641N00929068EA0000000821
B1025155533793N00929157EA0000000815
B1025225533928N00929233EA0000000796
B1025275534026N00929290EA0000000783
B1025535534520N00929526EA0000000749
B1026005534643N00929637EA0000000745
B1026065534729N00929718EA0000000790
B1026145534833N00929814EA0000000780
B1026195534907N00929887EA0000000768
B1026245534980N00929960EA0000000777
B1026305535064N00930041EA0000000766
B1026405535215N00930175EA0000000739
B1026465535309N00930248EA0000000733
B1026525535392N00930329EA0000000744
B1026585535478N00930404EA0000000733
B1027035535555N00930466EA0000000730
B1027095535640N00930531EA0000000735
B1027235535875N00930576EA0000000713
B1027345536065N00930576EA0000000686
B1027405536168N00930608EA0000000681
B1027465536268N00930648EA0000000687
B1027535536380N00930698EA0000000676
B1028025536513N00930787EA0000000715
B1028075536557N00930867EA0000000713
B1028165536547N00931074EA0000000704
B1028215536572N00931179EA0000000693
B1028265536610N00931292EA0000000676
B1028325536664N00931435EA0000000656
B1028375536704N00931554EA0000000674
B1028425536739N00931667EA0000000662
B1028495536792N00931846EA0000000646
B1028545536826N00931985EA0000000640
B1028595536859N00932124EA0000000619
B1029065536911N00932331EA0000000590
B1029135536966N00932546EA0000000561
B1029205537023N00932768EA0000000548
B1029295537097N00933058EA0000000522
B1029395537176N00933375EA0000000550
B1029445537213N00933484EA0000000575
B1029525537225N00933683EA0000000565
B1029575537249N00933817EA0000000569
B1030025537288N00933946EA0000000578
B1030085537349N00934076EA0000000553
B1030145537410N00934229EA0000000557
B1030205537454N00934353EA0000000567
B1030255537494N00934461EA0000000544
B1030335537569N00934655EA0000000524
B1030385537613N00934784EA0000000514
B1030445537665N00934939EA0000000524
B1030515537722N00935096EA0000000525
B1030565537768N00935211EA0000000529
B1031015537821N00935293EA0000000557
B1031065537889N00935268EA0000000571
B1031165537864N00934996EA0000000577
B1031215537777N00935005EA0000000583
B1031265537759N00935121EA0000000598
B1031315537817N00935158EA0000000609
B1031365537869N00935047EA0000000613
B1031425537815N00934882EA0000000611
B1031475537728N00934897EA0000000614
B1031525537699N00935020EA0000000631
B1031575537735N00935105EA0000000640
B1032035537810N00935017EA0000000657
B1032085537786N00934867EA0000000659
B1032135537701N00934821EA0000000666
B1032185537653N00934916EA0000000672
B1032235537694N00934997EA0000000685
B1032285537758N00934916EA0000000696
B1032345537719N00934741EA0000000704
B1032395537631N00934739EA0000000711
B1032445537604N00934845EA0000000725
B1033045537595N00934628EA0000000743
B1033095537563N00934736EA0000000755
B1033165537651N00934771EA0000000764
B1033215537702N00934668EA0000000778
B1033295537623N00934468EA0000000784
B1033345537546N00934522EA0000000791
B1033395537557N00934625EA0000000798
B1033455537641N00934617EA0000000809
B1033535537620N00934387EA0000000822
B1033585537529N00934373EA0000000834
B1034035537503N00934476EA0000000844
B1034085537560N00934531EA0000000840
B1034185537603N00934291EA0000000871
B1034245537498N00934253EA0000000878
B1034295537469N00934363EA0000000889
B1034565537424N00934290EA0000000937
B1035195537390N00934064EA0000000979
B1035245537383N00934180EA0000000985
B1035325537485N00934130EA0000000993
B1035425537365N00933958EA0000001021
B1035475537330N00934072EA0000001027
B1036095537323N00933834EA0000001063
B1036145537303N00933957EA0000001073
B1036195537361N00934006EA0000001070
B1036405537311N00933728EA0000001108
B1036455537329N00933843EA0000001122
B1037075537250N00933700EA0000001162
B1037125537289N00933796EA0000001166
B1037265537510N00933945EA0000001182
B1037315537592N00933993EA0000001192
B1037365537685N00934041EA0000001171
B1037455537877N00934127EA0000001141
B1037545538083N00934220EA0000001132
B1038055538338N00934341EA0000001124
B1038125538497N00934414EA0000001111
B1038205538675N00934497EA0000001100
B1038315538916N00934618EA0000001081
B1038405539109N00934722EA0000001081
B1038475539263N00934797EA0000001076
B1039145539839N00935051EA0000001033
B1039215539993N00935114EA0000001021
B1039325540238N00935216EA0000000999
B1039385540374N00935270EA0000000993
B1039485540596N00935355EA0000000980
B1039545540727N00935410EA0000000968
B1040055540969N00935526EA0000000941
B1040105541082N00935576EA0000000934
B1040375541693N00935843EA0000000886
B1040425541803N00935888EA0000000879
B1040535542045N00935982EA0000000862
B1041005542200N00936040EA0000000846
B1041145542511N00936141EA0000000816
B1041235542710N00936190EA0000000802
B1042025543591N00936389EA0000000743
B1042115543788N00936418EA0000000750
B1042165543895N00936440EA0000000743
B1042215543998N00936482EA0000000745
B1042275544116N00936569EA0000000743
B1043035544126N00936737EA0000000834
B1043255544037N00936729EA0000000857
B1043545544034N00936499EA0000000923
B1044175543967N00936467EA0000000961
B1044375543962N00936567EA0000001007
B1044465543959N00936300EA0000001011
B1045085543889N00936303EA0000001053
B1045155543957N00936173EA0000001072
B1045375543875N00936105EA0000001103
B1045595543784N00936104EA0000001127
B1046055543847N00936008EA0000001153
B1046105543901N00936086EA0000001151
B1046185544019N00936195EA0000001146
B1046245544132N00936225EA0000001146
B1046295544228N00936240EA0000001164
B1046345544327N00936251EA0000001138
B1046395544442N00936262EA0000001143
B1046445544548N00936276EA0000001182
B1046515544688N00936290EA0000001163
B1046575544822N00936301EA0000001129
B1047085545090N00936331EA0000001103
B1047145545228N00936344EA0000001108
B1047205545363N00936353EA0000001099
B1047275545521N00936364EA0000001090
B1047365545725N00936385EA0000001076
B1047415545843N00936394EA0000001073
B1047465545960N00936406EA0000001084
B1047525546098N00936424EA0000001080
B1047585546233N00936441EA0000001079
B1048065546414N00936474EA0000001060
B1048145546596N00936518EA0000001044
B1048265546858N00936583EA0000001036
B1048325546990N00936615EA0000001022
B1048385547123N00936647EA0000001013
B1048445547256N00936675EA0000001001
B1048515547414N00936703EA0000000978
B1048575547553N00936726EA0000000965
B1049025547669N00936742EA0000000977
B1049075547762N00936758EA0000001029
B1049155547883N00936780EA0000001031
B1049215547989N00936801EA0000001007
B1049315548201N00936841EA0000000969
B1049385548361N00936872EA0000000956
B1049435548476N00936895EA0000000952
B1049485548590N00936919EA0000000946
B1049535548702N00936940EA0000000940
B1049595548837N00936966EA0000000935
B1050045548947N00936992EA0000000929
B1050105549081N00937029EA0000000913
B1050155549193N00937062EA0000000905
B1050205549299N00937101EA0000000934
B1050255549379N00937132EA0000000980
B1050305549452N00937155EA0000000997
B1050365549538N00937162EA0000001009
B1050415549620N00937161EA0000000993
B1050465549709N00937182EA0000000975
B1050515549806N00937226EA0000000951
B1050565549910N00937278EA0000000937
B1051025550039N00937345EA0000000936
B1051085550152N00937420EA0000000947
B1051135550245N00937487EA0000000944
B1051185550331N00937554EA0000000959
B1051245550435N00937634EA0000000954
B1051295550527N00937707EA0000000949
B1051345550614N00937782EA0000000953
B1051405550719N00937878EA0000000945
B1051465550824N00937988EA0000000931
B1051535550952N00938128EA0000000924
B1051585551043N00938232EA0000000914
B1052035551132N00938340EA0000000903
B1052085551220N00938442EA0000000897
B1052135551309N00938531EA0000000895
B1052195551419N00938636EA0000000888
B1052245551515N00938712EA0000000879
B1052305551638N00938784EA0000000863
B1052365551765N00938836EA0000000858
B1052415551874N00938865EA0000000849
B1052465551981N00938893EA0000000844
B1052515552088N00938910EA0000000836
B1052585552241N00938917EA0000000838
B1053035552347N00938929EA0000000844
B1053085552454N00938946EA0000000851
B1053135552544N00938964EA0000000899
B1053185552595N00939040EA0000000904
B1053235552634N00939130EA0000000890
B1053305552733N00939178EA0000000867
B1053355552814N00939196EA0000000850
B1053405552900N00939206EA0000000840
B1053485553039N00939220EA0000000823
B1053555553168N00939258EA0000000798
B1054005553260N00939309EA0000000797
B1054055553350N00939370EA0000000790
B1054115553458N00939454EA0000000788
B1054185553581N00939563EA0000000784
B1054235553668N00939648EA0000000785
B1054285553745N00939731EA0000000808
B1054335553821N00939810EA0000000791
B1054385553901N00939899EA0000000784
B1054445553991N00939998EA0000000813
B1054525554101N00940125EA0000000804
B1054575554168N00940204EA0000000811
B1055035554252N00940296EA0000000794
B1055085554329N00940381EA0000000800
B1055135554394N00940459EA0000000821
B1055185554455N00940533EA0000000808
B1055245554538N00940637EA0000000792
B1055295554611N00940729EA0000000794
B1055345554672N00940806EA0000000828
B1055405554718N00940923EA0000000828
B1055485554794N00941072EA0000000814
B1055545554865N00941192EA0000000794
B1056025554976N00941364EA0000000760
B1056085555063N00941480EA0000000772
B1056145555148N00941584EA0000000784
B1056205555225N00941672EA0000000775
B1056265555313N00941766EA0000000740
B1056335555428N00941896EA0000000711
B1056395555522N00942015EA0000000727
B1056445555589N00942102EA0000000732
B1056495555652N00942200EA0000000719
B1056575555720N00942417EA0000000709
B1057025555760N00942551EA0000000703
B1057085555821N00942704EA0000000694
B1057155555901N00942846EA0000000710
B1057205555958N00942918EA0000000707
B1057265556042N00942969EA0000000681
B1057315556124N00942991EA0000000671
B1057385556243N00942992EA0000000666
B1057445556345N00942979EA0000000658
B1057505556448N00942949EA0000000649
B1057555556533N00942911EA0000000648
B1058015556629N00942867EA0000000674
B1058065556703N00942826EA0000000670
B1058115556782N00942759EA0000000652
B1058165556862N00942676EA0000000645
B1058235556978N00942553EA0000000626
B1058315557124N00942402EA0000000613
B1058365557213N00942313EA0000000642
B1058415557287N00942227EA0000000655
B1058475557372N00942103EA0000000627
B1058545557489N00941962EA0000000596
B1059005557600N00941841EA0000000573
B1059105557795N00941636EA0000000547
B1059155557894N00941531EA0000000532
B1059225558036N00941402EA0000000520
B1059285558156N00941299EA0000000527
B1059365558298N00941228EA0000000580
B1059425558323N00941061EA0000000611
B1059545558170N00941043EA0000000647
B1059595558208N00941128EA0000000657
B1100055558275N00941031EA0000000684
B1100135558179N00940878EA0000000704
B1100195558139N00941000EA0000000732
B1100245558197N00941045EA0000000743
B1100295558240N00940930EA0000000768
B1100345558192N00940797EA0000000775
B1100395558113N00940822EA0000000790
B1100445558117N00940939EA0000000803
B1100495558185N00940909EA0000000824
B1100545558178N00940753EA0000000840
B1101005558081N00940706EA0000000855
B1101055558051N00940817EA0000000866
B1101115558122N00940864EA0000000886
B1101165558144N00940717EA0000000904
B1101215558073N00940614EA0000000911
B1101265558006N00940688EA0000000924
B1101315558029N00940799EA0000000932
B1101365558096N00940738EA0000000945
B1101415558066N00940581EA0000000959
B1101465557984N00940613EA0000000953
B1101525558007N00940746EA0000000989
B1101575558075N00940684EA0000000990
B1102035558054N00940492EA0000001017
B1102085557972N00940484EA0000001024
B1102135557949N00940609EA0000001036
B1102205558039N00940613EA0000001050
B1102265558028N00940414EA0000001064
B1102315557943N00940394EA0000001074
B1102365557922N00940524EA0000001083
B1102455558015N00940420EA0000001104
B1102515557938N00940283EA0000001125
B1102575557867N00940386EA0000001128
B1103025557909N00940488EA0000001134
B1103085557978N00940378EA0000001146
B1103135557936N00940217EA0000001156
B1103185557853N00940226EA0000001172
B1103235557838N00940352EA0000001173
B1103285557900N00940409EA0000001178
B1103345557952N00940280EA0000001182
B1103395557924N00940106EA0000001185
B1103455557828N00940047EA0000001204
B1103505557786N00940159EA0000001205
B1103565557827N00940276EA0000001225
B1104015557891N00940255EA0000001209
B1104065557913N00940092EA0000001204
B1104115557857N00939941EA0000001222
B1104165557777N00939943EA0000001233
B1104215557758N00940066EA0000001231
B1104275557835N00940073EA0000001252
B1104325557857N00939912EA0000001251
B1104375557794N00939773EA0000001264
B1104425557710N00939757EA0000001277
B1104485557676N00939894EA0000001279
B1104535557730N00939949EA0000001296
B1104585557789N00939853EA0000001297
B1105035557775N00939677EA0000001297
B1105085557693N00939588EA0000001311
B1105135557623N00939652EA0000001311
B1105185557645N00939763EA0000001321
B1105235557718N00939721EA0000001319
B1105285557725N00939552EA0000001326
B1105345557627N00939475EA0000001324
B1105395557585N00939589EA0000001334
B1105445557622N00939683EA0000001342
B1105505557705N00939732EA0000001341
B1105555557786N00939769EA0000001328
B1106005557875N00939807EA0000001304
B1106055557974N00939851EA0000001282
B1106105558078N00939904EA0000001275
B1106155558179N00939957EA0000001296
B1106225558296N00940027EA0000001323
B1106275558378N00940072EA0000001321
B1106325558465N00940124EA0000001317
B1106375558555N00940176EA0000001325
B1106425558647N00940219EA0000001309
B1106485558772N00940278EA0000001287
B1106565558943N00940363EA0000001270
B1107025559076N00940429EA0000001261
B1107075559190N00940486EA0000001250
B1107125559299N00940541EA0000001263
B1107175559401N00940591EA0000001255
B1107235559526N00940650EA0000001240
B1107295559655N00940708EA0000001222
B1107355559785N00940777EA0000001216
B1107425559934N00940862EA0000001213
B1107475600038N00940925EA0000001206
B1107595600288N00941072EA0000001194
B1108065600433N00941166EA0000001183
B1108145600600N00941272EA0000001184
B1108195600700N00941325EA0000001181
B1108255600826N00941397EA0000001159
B1108305600937N00941463EA0000001148
B1108365601064N00941536EA0000001146
B1108435601215N00941606EA0000001135
B1108515601391N00941669EA0000001131
B1108595601561N00941725EA0000001126
B1109045601664N00941759EA0000001118
B1109105601789N00941801EA0000001108
B1109155601892N00941841EA0000001101
B1109225602036N00941898EA0000001098
B1109275602135N00941939EA0000001092
B1109325602236N00941988EA0000001067
B1109385602362N00942054EA0000001063
B1109445602485N00942123EA0000001058
B1109495602586N00942177EA0000001052
B1109555602710N00942231EA0000001033
B1110005602818N00942278EA0000001023
B1110065602940N00942326EA0000001049
B1110125603056N00942375EA0000001027
B1110185603180N00942436EA0000001011
B1110235603287N00942487EA0000001008
B1110305603436N00942552EA0000001003
B1110365603564N00942605EA0000000990
B1110425603692N00942660EA0000000982
B1110475603798N00942705EA0000000994
B1110525603894N00942742EA0000001006
B1110575603988N00942775EA0000000999
B1111045604124N00942820EA0000000984
B1111105604241N00942862EA0000000978
B1111175604381N00942919EA0000000962
B1111265604567N00943013EA0000000954
B1111325604689N00943080EA0000000947
B1111385604807N00943155EA0000000943
B1111435604907N00943218EA0000000933
B1111495605027N00943301EA0000000934
B1111545605128N00943372EA0000000927
B1112015605271N00943468EA0000000915
B1112075605395N00943544EA0000000915
B1112145605528N00943619EA0000000916
B1112215605666N00943690EA0000000894
B1112265605766N00943743EA0000000885
B1112315605867N00943794EA0000000867
B1112375605993N00943854EA0000000850
B1112455606158N00943923EA0000000847
B1112515606279N00943971EA0000000850
B1112565606378N00944014EA0000000840
B1113025606506N00944064EA0000000817
B1113085606636N00944110EA0000000807
B1113135606743N00944139EA0000000800
B1113225606936N00944161EA0000000788
B1113295607088N00944118EA0000000780
B1113345607196N00944078EA0000000769
B1113425607371N00944005EA0000000755
B1113485607503N00943945EA0000000748
B1113535607610N00943890EA0000000756
B1113585607705N00943839EA0000000764
B1114035607798N00943784EA0000000776
B1114085607872N00943731EA0000000787
B1114155607991N00943648EA0000000753
B1114235608140N00943553EA0000000739
B1114285608230N00943497EA0000000751
B1114345608333N00943432EA0000000769
B1114395608414N00943399EA0000000799
B1114445608467N00943470EA0000000825
B1114495608450N00943596EA0000000832
B1114545608367N00943635EA0000000834
B1114595608300N00943536EA0000000831
B1115045608305N00943385EA0000000830
B1115095608357N00943280EA0000000854
B1115145608423N00943299EA0000000868
B1115195608437N00943420EA0000000872
B1115245608369N00943511EA0000000883
B1115295608294N00943431EA0000000888
B1115345608305N00943283EA0000000892
B1115395608378N00943219EA0000000915
B1115445608431N00943286EA0000000932
B1115495608409N00943415EA0000000941
B1115545608322N00943432EA0000000949
B1115595608273N00943298EA0000000958
B1116045608313N00943175EA0000000977
B1116095608381N00943195EA0000000984
B1116155608370N00943348EA0000000997
B1116205608284N00943372EA0000001004
B1116255608230N00943242EA0000001012
B1116305608275N00943124EA0000001029
B1116365608340N00943193EA0000001044
B1116435608281N00943343EA0000001055
B1116485608195N00943275EA0000001052
B1116535608199N00943119EA0000001072
B1116585608273N00943076EA0000001089
B1117035608297N00943186EA0000001105
B1117085608230N00943269EA0000001105
B1117145608142N00943140EA0000001115
B1117195608178N00942996EA0000001133
B1117245608247N00943012EA0000001150
B1117295608245N00943140EA0000001154
B1117355608143N00943162EA0000001170
B1117405608114N00943014EA0000001189
B1117455608172N00942922EA0000001203
B1117505608237N00942958EA0000001205
B1117555608231N00943092EA0000001217
B1118015608133N00943104EA0000001217
B1118065608102N00942951EA0000001234
B1118115608158N00942859EA0000001241
B1118165608211N00942928EA0000001244
B1118215608185N00943058EA0000001251
B1118265608098N00943057EA0000001255
B1118315608062N00942909EA0000001265
B1118365608100N00942764EA0000001274
B1118415608171N00942728EA0000001275
B1118465608208N00942832EA0000001283
B1118515608158N00942935EA0000001286
B1118565608070N00942892EA0000001285
B1119015608018N00942756EA0000001314
B1119065608037N00942608EA0000001310
B1119115608111N00942567EA0000001304
B1119165608161N00942649EA0000001310
B1119215608130N00942774EA0000001302
B1119265608045N00942850EA0000001304
B1119315607957N00942796EA0000001325
B1119365607934N00942654EA0000001344
B1119415607985N00942552EA0000001336
B1119465608044N00942610EA0000001339
B1119515608021N00942740EA0000001341
B1119575607916N00942797EA0000001351
B1120025607829N00942754EA0000001365
B1120075607801N00942609EA0000001369
B1120125607852N00942494EA0000001378
B1120175607917N00942528EA0000001385
B1120225607912N00942659EA0000001385
B1120275607829N00942726EA0000001394
B1120325607735N00942708EA0000001404
B1120375607674N00942581EA0000001407
B1120425607689N00942427EA0000001417
B1120495607780N00942391EA0000001430
B1120555607847N00942499EA0000001429
B1121015607931N00942597EA0000001420
B1121065608003N00942695EA0000001417
B1121115608074N00942805EA0000001419
B1121175608154N00942933EA0000001431
B1121235608235N00943065EA0000001422
B1121285608305N00943182EA0000001415
B1121345608387N00943327EA0000001422
B1121395608453N00943442EA0000001427
B1121465608545N00943615EA0000001404
B1121515608609N00943759EA0000001403
B1121565608672N00943890EA0000001421
B1122025608731N00944019EA0000001440
B1122085608809N00944129EA0000001425
B1122145608906N00944213EA0000001406
B1122195609000N00944281EA0000001379
B1122255609126N00944364EA0000001365
B1122315609245N00944451EA0000001384
B1122365609342N00944525EA0000001366
B1122415609445N00944604EA0000001352
B1122465609544N00944685EA0000001365
B1122515609631N00944758EA0000001376
B1122565609718N00944836EA0000001361
B1123025609827N00944951EA0000001350
B1123075609917N00945052EA0000001341
B1123125610008N00945157EA0000001333
B1123195610135N00945302EA0000001322
B1123245610226N00945400EA0000001313
B1123305610338N00945521EA0000001298
B1123365610447N00945646EA0000001297
B1123425610553N00945773EA0000001289
B1123515610709N00945974EA0000001272
B1123585610833N00946127EA0000001253
B1124035610924N00946238EA0000001239
B1124085611019N00946350EA0000001229
B1124135611113N00946459EA0000001249
B1124185611189N00946540EA0000001291
B1124235611256N00946618EA0000001289
B1124285611325N00946709EA0000001295
B1124335611386N00946809EA0000001323
B1124385611392N00946937EA0000001340
B1124435611328N00947031EA0000001331
B1124485611234N00947004EA0000001330
B1124535611189N00946861EA0000001349
B1124585611222N00946729EA0000001340
B1125035611296N00946711EA0000001343
B1125085611347N00946801EA0000001345
B1125145611428N00946900EA0000001330
B1125205611533N00946969EA0000001298
B1125255611632N00947030EA0000001279
B1125315611751N00947132EA0000001267
B1125365611836N00947255EA0000001262
B1125425611922N00947440EA0000001241
B1125485612006N00947641EA0000001242
B1125545612082N00947834EA0000001248
B1126005612157N00948020EA0000001277
B1126065612214N00948168EA0000001296
B1126115612264N00948297EA0000001281
B1126165612319N00948436EA0000001289
B1126225612383N00948594EA0000001281
B1126275612444N00948741EA0000001261
B1126325612504N00948891EA0000001277
B1126395612588N00949093EA0000001259
B1126445612652N00949255EA0000001260
B1126495612712N00949413EA0000001256
B1126545612774N00949579EA0000001249
B1127015612853N00949790EA0000001256
B1127065612912N00949938EA0000001239
B1127115612976N00950092EA0000001238
B1127175613045N00950241EA0000001286
B1127225613095N00950359EA0000001268
B1127285613156N00950531EA0000001274
B1127335613197N00950674EA0000001309
B1127385613171N00950809EA0000001337
B1127435613086N00950855EA0000001340
B1127485613018N00950752EA0000001352
B1127535613033N00950615EA0000001353
B1127585613103N00950590EA0000001361
B1128035613131N00950704EA0000001381
B1128085613072N00950814EA0000001383
B1128145612958N00950772EA0000001385
B1128195612941N00950620EA0000001392
B1128245613006N00950558EA0000001391
B1128305613035N00950705EA0000001413
B1128355612958N00950792EA0000001416
B1128405612870N00950721EA0000001424
B1128455612862N00950573EA0000001421
B1128505612933N00950524EA0000001426
B1128555612989N00950602EA0000001448
B1129005612957N00950733EA0000001446
B1129055612858N00950748EA0000001445
B1129105612802N00950606EA0000001448
B1129155612849N00950506EA0000001460
B1129205612919N00950512EA0000001472
B1129265613003N00950557EA0000001453
B1129325613107N00950614EA0000001441
B1129375613199N00950664EA0000001418
B1129435613323N00950731EA0000001395
B1129515613496N00950826EA0000001378
B1129565613608N00950895EA0000001378
B1130025613739N00950975EA0000001387
B1130085613864N00951040EA0000001399
B1130135613955N00951087EA0000001444
B1130195614043N00951129EA0000001446
B1130255614145N00951172EA0000001425
B1130305614244N00951209EA0000001400
B1130355614354N00951250EA0000001373
B1130405614469N00951291EA0000001364
B1130475614623N00951359EA0000001360
B1130525614732N00951411EA0000001352
B1130595614879N00951497EA0000001354
B1131065615016N00951579EA0000001358
B1131125615137N00951641EA0000001340
B1131175615239N00951689EA0000001338
B1131225615341N00951735EA0000001328
B1131285615468N00951790EA0000001312
B1131355615616N00951861EA0000001300
B1131405615722N00951904EA0000001294
B1131455615828N00951945EA0000001276
B1131505615935N00951987EA0000001263
B1131565616065N00952034EA0000001250
B1132015616175N00952068EA0000001241
B1132075616307N00952105EA0000001230
B1132135616438N00952143EA0000001224
B1132195616568N00952192EA0000001216
B1132275616741N00952256EA0000001213
B1132325616841N00952293EA0000001227
B1132415617028N00952355EA0000001194
B1132465617138N00952385EA0000001181
B1132515617251N00952414EA0000001169
B1132565617365N00952442EA0000001161
B1133015617476N00952472EA0000001158
B1133065617586N00952497EA0000001150
B1133115617697N00952520EA0000001138
B1133165617809N00952541EA0000001128
B1133215617919N00952557EA0000001122
B1133295618094N00952580EA0000001107
B1133395618315N00952603EA0000001085
B1133485618516N00952622EA0000001071
B1133535618627N00952635EA0000001064
B1134005618778N00952654EA0000001056
B1134055618885N00952664EA0000001052
B1134105618989N00952673EA0000001042
B1134175619138N00952690EA0000001028
B1134275619351N00952728EA0000001011
B1134325619458N00952750EA0000001008
B1134385619579N00952774EA0000001022
B1134465619744N00952803EA0000000998
B1134575619987N00952847EA0000000980
B1135055620164N00952883EA0000000958
B1135115620299N00952910EA0000000947
B1135165620409N00952923EA0000000966
B1135215620500N00952933EA0000000975
B1135275620621N00952947EA0000000938
B1135325620729N00952963EA0000000924
B1135375620836N00952984EA0000000913
B1135425620943N00953005EA0000000901
B1135485621071N00953033EA0000000887
B1136035621404N00953089EA0000000873
B1136085621503N00953105EA0000000905
B1136145621602N00953114EA0000000911
B1136215621723N00953118EA0000000905
B1136285621852N00953121EA0000000887
B1136345621956N00953127EA0000000910
B1136405622055N00953143EA0000000908
B1136475622167N00953162EA0000000924
B1136525622249N00953178EA0000000911
B1136575622339N00953195EA0000000915
B1137025622422N00953219EA0000000921
B1137085622514N00953254EA0000000929
B1137145622610N00953296EA0000000917
B1137205622716N00953343EA0000000903
B1137295622874N00953477EA0000000871
B1137375623020N00953636EA0000000843
B1137435623132N00953767EA0000000823
B1137525623303N00953958EA0000000821
B1138085623586N00954254EA0000000818
B1138135623672N00954339EA0000000812
B1138195623771N00954444EA0000000838
B1138265623865N00954543EA0000000851
B1138355623996N00954675EA0000000824
B1138435624117N00954788EA0000000867
B1138485624176N00954841EA0000000867
B1138575624299N00954970EA0000000864
B1139025624366N00955038EA0000000891
B1139075624429N00955099EA0000000883
B1139125624501N00955168EA0000000886
B1139205624627N00955291EA0000000867
B1139255624710N00955375EA0000000861
B1139305624792N00955461EA0000000850
B1139365624900N00955574EA0000000833
B1139415624995N00955669EA0000000849
B1139465625070N00955751EA0000000908
B1139545625175N00955865EA0000000909
B1140005625264N00955949EA0000000928
B1140065625350N00956029EA0000000917
B1140115625431N00956104EA0000000921
B1140165625504N00956179EA0000000925
B1140215625583N00956258EA0000000933
B1140275625663N00956339EA0000000972
B1140335625742N00956414EA0000000967
B1140395625799N00956548EA0000000969
B1140445625761N00956682EA0000000960
B1140525625613N00956607EA0000000941
B1140575625586N00956425EA0000000945
B1141025625582N00956252EA0000000955
B1141085625529N00956081EA0000000993
B1141135625436N00956072EA0000000998
B1141205625389N00956257EA0000001018
B1141265625462N00956330EA0000001026
B1141315625493N00956223EA0000001038
B1141365625435N00956099EA0000001052
B1141415625346N00956132EA0000001069
B1141465625325N00956279EA0000001069
B1141525625400N00956346EA0000001085
B1141575625425N00956225EA0000001092
B1142025625367N00956109EA0000001116
B1142075625281N00956139EA0000001123
B1142135625260N00956316EA0000001128
B1142185625326N00956355EA0000001130
B1142265625313N00956149EA0000001149
B1142315625220N00956175EA0000001164
B1142365625199N00956330EA0000001177
B1142415625256N00956403EA0000001183
B1142475625314N00956295EA0000001191
B1142525625276N00956149EA0000001195
B1142585625167N00956106EA0000001222
B1143035625117N00956235EA0000001227
B1143095625173N00956348EA0000001240
B1143165625210N00956193EA0000001243
B1143235625117N00956032EA0000001266
B1143285625030N00956092EA0000001279
B1143345625028N00956269EA0000001276
B1143395625097N00956302EA0000001296
B1143465625108N00956124EA0000001295
B1143515625051N00955975EA0000001303
B1143565624966N00955896EA0000001322
B1144015624886N00955969EA0000001321
B1144065624884N00956118EA0000001324
B1144125624962N00956165EA0000001331
B1144175625013N00956069EA0000001350
B1144225625071N00956030EA0000001359
B1144275625110N00956129EA0000001358
B1144325625066N00956270EA0000001353
B1144375624968N00956298EA0000001359
B1144425624872N00956269EA0000001363
B1144485624748N00956245EA0000001360
B1144565624578N00956167EA0000001335
B1145015624469N00956084EA0000001336
B1145065624362N00955997EA0000001327
B1145115624246N00955920EA0000001331
B1145185624102N00955830EA0000001341
B1145235623996N00955749EA0000001323
B1145295623866N00955639EA0000001319
B1145345623761N00955547EA0000001327
B1145395623659N00955456EA0000001334
B1145445623562N00955372EA0000001339
B1145505623443N00955256EA0000001323
B1145555623340N00955153EA0000001340
B1146015623221N00955038EA0000001344
B1146065623117N00954937EA0000001337
B1146125622988N00954804EA0000001338
B1146175622883N00954686EA0000001333
B1146225622778N00954565EA0000001341
B1146285622657N00954425EA0000001342
B1146345622533N00954280EA0000001328
B1146405622410N00954138EA0000001346
B1146455622311N00954025EA0000001340
B1146515622188N00953884EA0000001316
B1146565622075N00953754EA0000001295
B1147025621933N00953590EA0000001277
B1147095621772N00953394EA0000001266
B1147145621659N00953256EA0000001258
B1147205621524N00953088EA0000001242
B1147265621390N00952917EA0000001228
B1147335621232N00952720EA0000001213
B1147405621071N00952527EA0000001196
B1147455620958N00952393EA0000001197
B1147505620847N00952256EA0000001186
B1147555620733N00952111EA0000001179
B1148005620620N00951964EA0000001184
B1148055620507N00951828EA0000001173
B1148135620325N00951599EA0000001150
B1148185620207N00951458EA0000001142
B1148235620091N00951328EA0000001141
B1148285619977N00951198EA0000001151
B1148335619875N00951083EA0000001189
B1148385619783N00950985EA0000001202
B1148445619678N00950863EA0000001211
B1148495619586N00950767EA0000001209
B1148555619470N00950646EA0000001208
B1149015619353N00950515EA0000001207
B1149085619216N00950348EA0000001208
B1149145619091N00950192EA0000001196
B1149195618986N00950055EA0000001218
B1149255618873N00949909EA0000001243
B1149315618760N00949763EA0000001227
B1149365618662N00949633EA0000001231
B1149425618547N00949483EA0000001222
B1149505618388N00949274EA0000001186
B1149555618284N00949132EA0000001168
B1150065618053N00948810EA0000001159
B1150115617944N00948662EA0000001161
B1150165617843N00948528EA0000001185
B1150215617743N00948398EA0000001167
B1150265617634N00948255EA0000001149
B1150335617473N00948051EA0000001150
B1150385617365N00947915EA0000001157
B1150445617235N00947752EA0000001137
B1150495617122N00947613EA0000001149
B1150545617019N00947492EA0000001173
B1150595616921N00947378EA0000001167
B1151045616822N00947261EA0000001173
B1151105616716N00947140EA0000001191
B1151155616624N00947034EA0000001189
B1151215616519N00946913EA0000001212
B1151275616414N00946786EA0000001216
B1151325616328N00946682EA0000001217
B1151395616202N00946520EA0000001204
B1151445616110N00946402EA0000001196
B1151495616004N00946307EA0000001181
B1151555615863N00946239EA0000001178
B1152025615707N00946175EA0000001192
B1152075615597N00946132EA0000001205
B1152135615465N00946094EA0000001198
B1152205615299N00946074EA0000001198
B1152265615163N00946065EA0000001208
B1152335615000N00946061EA0000001204
B1152395614859N00946067EA0000001202
B1152445614741N00946082EA0000001190
B1152495614614N00946108EA0000001171
B1152565614428N00946152EA0000001179
B1153015614305N00946175EA0000001208
B1153065614191N00946198EA0000001196
B1153115614068N00946223EA0000001180
B1153165613940N00946248EA0000001166
B1153215613806N00946274EA0000001152
B1153275613641N00946306EA0000001136
B1153325613501N00946331EA0000001122
B1153375613361N00946355EA0000001115
B1153425613224N00946372EA0000001114
B1153475613089N00946385EA0000001103
B1153525612954N00946383EA0000001095
B1153575612820N00946374EA0000001083
B1154025612683N00946372EA0000001062
B1154075612546N00946379EA0000001051
B1154135612383N00946393EA0000001043
B1154185612248N00946402EA0000001038
B1154245612088N00946432EA0000001023
B1154315611903N00946477EA0000001016
B1154395611694N00946533EA0000001004
B1154475611484N00946602EA0000000985
B1154525611354N00946652EA0000000990
B1154585611205N00946711EA0000000978
B1155035611073N00946759EA0000000961
B1155095610912N00946818EA0000000952
B1155145610780N00946865EA0000000945
B1155205610621N00946918EA0000000928
B1155255610490N00946951EA0000000924
B1155305610362N00946975EA0000000917
B1155355610244N00946991EA0000000951
B1155415610116N00947007EA0000000976
B1155465610035N00947086EA0000000988
B1155515610021N00947221EA0000000991
B1155565610078N00947283EA0000001000
B1156015610137N00947204EA0000001007
B1156065610127N00947048EA0000001013
B1156115610052N00946934EA0000001029
B1156165610000N00946809EA0000001043
B1156215610021N00946680EA0000001044
B1156265610086N00946671EA0000001050
B1156325610111N00946811EA0000001062
B1156375610045N00946904EA0000001078
B1156425609962N00946846EA0000001088
B1156475609942N00946703EA0000001102
B1156525609994N00946621EA0000001105
B1156575610052N00946684EA0000001115
B1157025610046N00946817EA0000001128
B1157075609971N00946880EA0000001144
B1157125609889N00946799EA0000001147
B1157175609892N00946655EA0000001163
B1157225609958N00946637EA0000001168
B1157275609981N00946761EA0000001183
B1157335609894N00946823EA0000001197
B1157385609826N00946710EA0000001206
B1157435609850N00946576EA0000001217
B1157485609916N00946594EA0000001225
B1157535609924N00946725EA0000001239
B1157585609846N00946769EA0000001244
B1158035609780N00946649EA0000001254
B1158085609815N00946529EA0000001270
B1158135609880N00946568EA0000001279
B1158185609863N00946697EA0000001293
B1158235609777N00946684EA0000001294
B1158285609744N00946536EA0000001313
B1158335609804N00946473EA0000001321
B1158385609843N00946585EA0000001330
B1158435609779N00946666EA0000001341
B1158485609704N00946576EA0000001344
B1158535609716N00946427EA0000001360
B1158585609783N00946434EA0000001365
B1159035609779N00946566EA0000001373
B1159095609680N00946550EA0000001381
B1159145609664N00946388EA0000001391
B1159195609731N00946351EA0000001404
B1159245609759N00946472EA0000001408
B1159295609692N00946549EA0000001417
B1159345609620N00946450EA0000001422
B1159395609634N00946300EA0000001435
B1159445609704N00946292EA0000001439
B1159495609717N00946423EA0000001444
B1159545609645N00946482EA0000001453
B1159595609574N00946384EA0000001451
B1200045609577N00946229EA0000001463
B1200095609646N00946185EA0000001460
B1200145609684N00946293EA0000001472
B1200195609633N00946395EA0000001475
B1200255609523N00946406EA0000001476
B1200305609424N00946431EA0000001473
B1200355609318N00946455EA0000001473
B1200405609205N00946443EA0000001482
B1200465609096N00946314EA0000001493
B1200515609012N00946185EA0000001481
B1200565608921N00946036EA0000001456
B1201025608802N00945842EA0000001435
B1201085608685N00945639EA0000001439
B1201135608589N00945478EA0000001443
B1201185608490N00945319EA0000001432
B1201235608382N00945159EA0000001418
B1201285608272N00945005EA0000001404
B1201335608156N00944863EA0000001404
B1201385608037N00944736EA0000001407
B1201435607923N00944617EA0000001448
B1201485607842N00944517EA0000001492
B1201545607819N00944345EA0000001489
B1201595607878N00944256EA0000001485
B1202045607940N00944315EA0000001488
B1202095607963N00944440EA0000001512
B1202145607926N00944556EA0000001525
B1202195607835N00944586EA0000001527
B1202245607767N00944473EA0000001542
B1202295607791N00944334EA0000001537
B1202345607863N00944343EA0000001543
B1202415607875N00944530EA0000001572
B1202465607826N00944648EA0000001569
B1202515607733N00944658EA0000001577
B1202565607682N00944530EA0000001580
B1203015607711N00944396EA0000001581
B1203065607783N00944399EA0000001586
B1203115607800N00944524EA0000001600
B1203165607732N00944626EA0000001589
B1203225607606N00944624EA0000001589
B1203275607496N00944597EA0000001580
B1203335607358N00944539EA0000001563
B1203405607185N00944501EA0000001541
B1203475607010N00944510EA0000001531
B1203545606832N00944533EA0000001507
B1203595606695N00944562EA0000001490
B1204045606558N00944600EA0000001484
B1204095606421N00944637EA0000001476
B1204145606282N00944663EA0000001474
B1204225606065N00944664EA0000001468
B1204275605931N00944635EA0000001459
B1204325605795N00944599EA0000001448
B1204375605659N00944555EA0000001440
B1204465605417N00944485EA0000001437
B1204515605282N00944442EA0000001435
B1204565605145N00944399EA0000001433
B1205015605010N00944352EA0000001444
B1205065604888N00944306EA0000001451
B1205125604742N00944237EA0000001426
B1205175604616N00944163EA0000001408
B1205225604489N00944080EA0000001395
B1205285604339N00943973EA0000001387
B1205355604164N00943847EA0000001372
B1205405604043N00943760EA0000001397
B1205465603910N00943672EA0000001406
B1205515603797N00943602EA0000001395
B1205575603650N00943510EA0000001383
B1206025603524N00943429EA0000001376
B1206075603398N00943346EA0000001366
B1206125603271N00943257EA0000001355
B1206205603066N00943103EA0000001342
B1206255602938N00942999EA0000001334
B1206315602786N00942869EA0000001329
B1206375602642N00942735EA0000001328
B1206425602525N00942623EA0000001311
B1206475602405N00942508EA0000001303
B1206525602281N00942399EA0000001299
B1206585602137N00942273EA0000001300
B1207035602021N00942174EA0000001289
B1207085601903N00942078EA0000001295
B1207135601787N00941987EA0000001294
B1207185601668N00941892EA0000001288
B1207235601552N00941801EA0000001335
B1207285601464N00941723EA0000001374
B1207335601425N00941587EA0000001365
B1207385601454N00941456EA0000001363
B1207445601536N00941390EA0000001369
B1207495601605N00941422EA0000001372
B1207545601637N00941531EA0000001368
B1207595601604N00941667EA0000001365
B1208055601500N00941702EA0000001372
B1208105601409N00941649EA0000001389
B1208155601322N00941668EA0000001390
B1208205601272N00941798EA0000001386
B1208255601309N00941905EA0000001400
B1208305601369N00941858EA0000001403
B1208355601369N00941703EA0000001414
B1208405601289N00941619EA0000001421
B1208465601189N00941711EA0000001424
B1208515601182N00941856EA0000001429
B1208565601228N00941938EA0000001442
B1209015601288N00941882EA0000001434
B1209065601280N00941728EA0000001441
B1209115601204N00941613EA0000001443
B1209175601086N00941506EA0000001430
B1209235600953N00941413EA0000001416
B1209285600839N00941327EA0000001401
B1209375600619N00941151EA0000001373
B1209485600340N00940925EA0000001360
B1209535600215N00940820EA0000001348
B1209585600090N00940717EA0000001341
B1210035559966N00940617EA0000001328
B1210095559815N00940494EA0000001319
B1210145559694N00940395EA0000001345
B1210195559599N00940327EA0000001379
B1210255559482N00940263EA0000001354
B1210305559375N00940186EA0000001343
B1210365559245N00940072EA0000001335
B1210425559115N00939942EA0000001314
B1210495558950N00939797EA0000001296
B1210545558846N00939713EA0000001346
B1211005558737N00939629EA0000001355
B1211055558660N00939511EA0000001356
B1211105558566N00939450EA0000001377
B1211155558486N00939512EA0000001387
B1211205558479N00939638EA0000001398
B1211255558542N00939678EA0000001394
B1211305558589N00939574EA0000001401
B1211355558565N00939419EA0000001401
B1211405558487N00939326EA0000001414
B1211455558407N00939385EA0000001423
B1211505558413N00939503EA0000001431
B1211555558482N00939492EA0000001425
B1212005558499N00939339EA0000001433
B1212055558451N00939194EA0000001458
B1212105558362N00939147EA0000001460
B1212155558306N00939252EA0000001462
B1212205558349N00939353EA0000001459
B1212265558426N00939245EA0000001474
B1212315558413N00939080EA0000001506
B1212365558331N00938990EA0000001509
B1212415558256N00939067EA0000001522
B1212465558287N00939171EA0000001519
B1212515558362N00939114EA0000001523
B1212565558370N00938964EA0000001549
B1213025558276N00938847EA0000001559
B1213075558201N00938925EA0000001558
B1213125558222N00939043EA0000001565
B1213175558293N00938993EA0000001558
B1213225558320N00938837EA0000001596
B1213275558287N00938694EA0000001605
B1213345558159N00938687EA0000001621
B1213395558147N00938813EA0000001628
B1213445558212N00938841EA0000001628
B1213495558264N00938722EA0000001649
B1213545558233N00938576EA0000001663
B1213595558138N00938553EA0000001670
B1214045558091N00938671EA0000001680
B1214095558134N00938763EA0000001683
B1214145558188N00938668EA0000001691
B1214195558136N00938526EA0000001699
B1214245558045N00938564EA0000001715
B1214295558036N00938693EA0000001719
B1214345558105N00938708EA0000001719
B1214395558122N00938561EA0000001735
B1214445558044N00938459EA0000001747
B1214495557962N00938523EA0000001758
B1214545557963N00938653EA0000001755
B1215005558042N00938637EA0000001760
B1215065558041N00938444EA0000001775
B1215115557978N00938324EA0000001793
B1215165557887N00938330EA0000001790
B1215235557861N00938506EA0000001796
B1215285557927N00938521EA0000001786
B1215335557958N00938386EA0000001789
B1215385557893N00938246EA0000001797
B1215435557801N00938171EA0000001810
B1215505557654N00938150EA0000001791
B1215555557534N00938155EA0000001763
B1216015557373N00938171EA0000001738
B1216075557202N00938190EA0000001709
B1216135557024N00938205EA0000001703
B1216205556822N00938209EA0000001710
B1216315556506N00938209EA0000001695
B1216395556274N00938210EA0000001682
B1216465556070N00938211EA0000001664
B1216515555926N00938214EA0000001653
B1216575555750N00938219EA0000001634
B1217055555517N00938221EA0000001626
B1217105555372N00938217EA0000001620
B1217165555201N00938203EA0000001616
B1217275554888N00938166EA0000001601
B1217345554693N00938130EA0000001600
B1217405554526N00938103EA0000001586
B1217455554383N00938084EA0000001579
B1217515554212N00938061EA0000001573
B1217565554072N00938045EA0000001569
B1218035553875N00938013EA0000001562
B1218085553736N00937991EA0000001556
B1218135553600N00937972EA0000001564
B1218185553475N00937955EA0000001566
B1218245553321N00937933EA0000001541
B1218305553160N00937913EA0000001526
B1218355553026N00937899EA0000001527
B1218405552895N00937887EA0000001524
B1218455552763N00937872EA0000001515
B1218515552604N00937849EA0000001505
B1218565552468N00937826EA0000001504
B1219015552334N00937797EA0000001528
B1219065552217N00937770EA0000001555
B1219125552081N00937732EA0000001537
B1219185551935N00937676EA0000001519
B1219235551809N00937628EA0000001509
B1219295551649N00937573EA0000001492
B1219345551510N00937533EA0000001482
B1219395551371N00937490EA0000001476
B1219445551232N00937446EA0000001462
B1219505551063N00937393EA0000001457
B1219555550932N00937355EA0000001504
B1220005550823N00937327EA0000001518
B1220065550680N00937307EA0000001491
B1220115550557N00937297EA0000001496
B1220165550432N00937282EA0000001484
B1220215550301N00937262EA0000001462
B1220265550166N00937236EA0000001459
B1220325550004N00937200EA0000001452
B1220435549693N00937114EA0000001416
B1220485549551N00937066EA0000001411
B1220535549408N00937015EA0000001402
B1221015549179N00936925EA0000001387
B1221075549010N00936847EA0000001376
B1221145548812N00936756EA0000001363
B1221195548674N00936696EA0000001359
B1221245548540N00936640EA0000001347
B1221305548375N00936576EA0000001312
B1221365548203N00936523EA0000001299
B1221415548057N00936490EA0000001292
B1221465547909N00936467EA0000001275
B1221525547729N00936437EA0000001249
B1221585547551N00936398EA0000001240
B1222045547381N00936351EA0000001235
B1222105547215N00936298EA0000001231
B1222165547055N00936247EA0000001236
B1222225546901N00936198EA0000001227
B1222275546770N00936155EA0000001216
B1222325546638N00936119EA0000001202
B1222375546508N00936092EA0000001228
B1222425546395N00936061EA0000001260
B1222545546139N00935993EA0000001258
B1223045545909N00935946EA0000001235
B1223125545715N00935909EA0000001209
B1223515544728N00935689EA0000001162
B1223565544598N00935671EA0000001152
B1224035544417N00935642EA0000001135
B1224115544219N00935604EA0000001151
B1224215544004N00935515EA0000001169
B1224285543862N00935505EA0000001181
B1224335543771N00935549EA0000001182
B1224465543498N00935379EA0000001142
B1225025543117N00935007EA0000001102
B1225105542937N00934802EA0000001088
B1225165542814N00934673EA0000001149
B1225215542748N00934588EA0000001179
B1225285542745N00934374EA0000001176
B1225375542843N00934432EA0000001190
B1225535542637N00934543EA0000001213
B1225585542645N00934383EA0000001203
B1226045542733N00934353EA0000001215
B1226095542748N00934486EA0000001222
B1226225542576N00934565EA0000001261
B1226285542587N00934375EA0000001257
B1226335542666N00934365EA0000001258
B1226385542723N00934464EA0000001280
B1226525542584N00934642EA0000001290
B1226595542572N00934425EA0000001305
B1227275542456N00934352EA0000001334
B1227335542529N00934259EA0000001339
B1227505542385N00934376EA0000001355
B1227555542305N00934268EA0000001351
B1228015542191N00934159EA0000001330
B1228065542084N00934076EA0000001323
B1228135541925N00933954EA0000001299
B1228195541780N00933835EA0000001283
B1228245541654N00933730EA0000001277
B1228295541527N00933617EA0000001268
B1228475541074N00933233EA0000001249
B1229205540251N00932474EA0000001203
B1230245538862N00930579EA0000001147
B1230465538442N00929854EA0000001147
B1231045538082N00929242EA0000001128
B1231135537909N00928954EA0000001117
B1231195537793N00928759EA0000001137
B1231265537725N00928567EA0000001191
B1231315537757N00928432EA0000001181
B1231385537861N00928452EA0000001182
B1231505537982N00928625EA0000001207
B1231565538025N00928471EA0000001202
B1232015537978N00928318EA0000001192
B1232245537578N00927755EA0000001179
B1232315537435N00927581EA0000001152
B1232445537148N00927204EA0000001132
B1232495537036N00927056EA0000001126
B1232595536814N00926782EA0000001142
B1233065536657N00926604EA0000001115
B1233235536253N00926178EA0000001073
B1233355535981N00925913EA0000001093
B1233405535869N00925809EA0000001077
B1233505535633N00925629EA0000001059
B1234285534697N00925071EA0000000997
B1235195533516N00924302EA0000000966
B1235425533066N00923685EA0000000951
B1235495532943N00923531EA0000000985
B1235575532803N00923386EA0000000957
B1236025532705N00923296EA0000000949
B1236105532545N00923161EA0000000944
B1236185532377N00923051EA0000000919
B1236245532238N00922976EA0000000908
B1236305532101N00922912EA0000000923
B1236375531955N00922858EA0000000928
B1236445531803N00922815EA0000000929
B1236505531674N00922778EA0000000931
B1236565531544N00922746EA0000000934
B1237015531435N00922720EA0000000934
B1237085531285N00922673EA0000000928
B1237185531082N00922518EA0000000912
B1240285527999N00917083EA0000000754
B1240335527944N00916940EA0000000761
B1240385527859N00916909EA0000000765
B1240435527803N00916999EA0000000779
B1240485527825N00917106EA0000000788
B1240535527898N00917116EA0000000797
B1240585527948N00916984EA0000000802
B1241055527889N00916797EA0000000812
B1241105527807N00916798EA0000000812
B1241165527777N00916943EA0000000815
B1241225527855N00916992EA0000000833
B1241275527907N00916870EA0000000835
B1241325527876N00916721EA0000000828
B1241395527761N00916729EA0000000824
B1241445527719N00916855EA0000000840
B1241495527748N00916960EA0000000846
B1241565527839N00916878EA0000000859
B1242015527810N00916743EA0000000870
B1242065527732N00916753EA0000000874
B1242135527747N00916910EA0000000877
B1242185527824N00916928EA0000000893
B1242235527874N00916821EA0000000902
B1242305527810N00916661EA0000000917
B1242355527748N00916733EA0000000922
B1242415527789N00916860EA0000000934
B1246365526619N00911599EA0000000957
B1246445526486N00911350EA0000000927
B1246525526339N00911089EA0000000923
B1246575526243N00910927EA0000000908
B1247035526118N00910732EA0000000881
B1247085526010N00910586EA0000000899
B1247145525885N00910423EA0000000899
B1247195525779N00910291EA0000000893
B1247245525676N00910156EA0000000905
B1247295525582N00910034EA0000000919
B1247355525476N00909891EA0000000905
B1249025523487N00908648EA0000000852
B1249345523428N00908434EA0000000901
B1250055523348N00908316EA0000000926
B1250105523262N00908329EA0000000943
B1250345523227N00908212EA0000000996
B1250415523119N00908152EA0000001008
B1250505523188N00907966EA0000001020
B1250555523232N00908064EA0000001026
B1251015523184N00908190EA0000001049
B1251065523102N00908145EA0000001057
B1251125523105N00907963EA0000001069
B1251225523184N00908068EA0000001088
B1251315523058N00907975EA0000001110
B1251365523095N00907845EA0000001115
B1251435523179N00907921EA0000001129
B1251485523127N00908009EA0000001143
B1251535523049N00907942EA0000001148
B1252005523079N00907749EA0000001157
B1252055523154N00907782EA0000001157
B1252105523176N00907901EA0000001182
B1252155523121N00907990EA0000001182
B1252205523040N00907913EA0000001192
B1252285523100N00907727EA0000001201
B1252335523149N00907811EA0000001218
B1252385523101N00907911EA0000001218
B1252495523031N00907661EA0000001229
B1252545523111N00907645EA0000001235
B1252595523155N00907740EA0000001249
B1253045523114N00907857EA0000001241
B1253125522994N00907748EA0000001254
B1253185523037N00907583EA0000001253
B1253275523133N00907675EA0000001268
B1253325523080N00907773EA0000001248
B1253385522978N00907704EA0000001259
B1253445522933N00907522EA0000001267
B1253505522862N00907344EA0000001268
B1253555522776N00907298EA0000001289
B1254045522761N00907474EA0000001286
B1254095522831N00907439EA0000001300
B1254155522830N00907248EA0000001303
B1254205522750N00907179EA0000001308
B1254255522692N00907265EA0000001309
B1254315522741N00907364EA0000001323
B1254415522793N00907127EA0000001338
B1254475522695N00907065EA0000001333
B1254535522651N00907194EA0000001343
B1255025522737N00907312EA0000001351
B1255105522780N00907095EA0000001352
B1255175522750N00906849EA0000001362
B1255225522722N00906664EA0000001350
B1255275522686N00906473EA0000001343
B1255355522619N00906160EA0000001309
B1255415522561N00905901EA0000001284
B1255475522498N00905645EA0000001287
B1255535522437N00905394EA0000001274
B1255585522385N00905178EA0000001261
B1256045522324N00904934EA0000001288
B1256125522247N00904673EA0000001307
B1256185522182N00904485EA0000001303
B1256345522069N00903889EA0000001267
B1256395522049N00903671EA0000001253
B1256455522030N00903399EA0000001240
B1256515522013N00903119EA0000001221
B1256565522003N00902883EA0000001210
B1257055521983N00902468EA0000001187
B1257125521958N00902164EA0000001221
B1257195521931N00901897EA0000001230
B1257255521905N00901670EA0000001229
B1257555521595N00900938EA0000001219
B1258025521424N00900882EA0000001198
B1258085521273N00900832EA0000001191
B1258185521022N00900743EA0000001162
B1258275520790N00900645EA0000001150
B1258325520664N00900589EA0000001138
B1258405520460N00900497EA0000001126
B1258465520310N00900435EA0000001143
B1258585520054N00900342EA0000001174
B1259065519879N00900275EA0000001156
B1259125519737N00900196EA0000001132
B1259175519614N00900112EA0000001109
B1259245519434N00859983EA0000001090
B1259335519208N00859800EA0000001088
B1259405519036N00859656EA0000001073
B1259455518913N00859543EA0000001067
B1259505518790N00859432EA0000001065
B1259585518604N00859254EA0000001068
B1300065518420N00859078EA0000001071
B1300115518313N00858979EA0000001079
B1300195518133N00858828EA0000001064
B1300245518012N00858736EA0000001051
B1300315517834N00858613EA0000001015
B1300375517676N00858501EA0000000987
B1300425517544N00858411EA0000000982
B1300485517388N00858315EA0000000970
B1300565517180N00858200EA0000000958
B1301015517052N00858129EA0000000966
B1301085516904N00858041EA0000001005
B1301145516789N00857948EA0000000993
B1301225516616N00857830EA0000000973
B1301315516420N00857699EA0000000970
B1301395516240N00857538EA0000000932
B1301445516125N00857407EA0000000915
B1301505515987N00857250EA0000000907
B1302015515732N00856967EA0000000882
B1302065515617N00856851EA0000000875
B1302135515453N00856692EA0000000848
B1302185515327N00856601EA0000000838
B1302265515127N00856517EA0000000839
B1302325514981N00856476EA0000000820
B1302375514866N00856448EA0000000855
B1302425514771N00856424EA0000000870
B1302495514639N00856424EA0000000877
B1302545514580N00856514EA0000000897
B1303085514712N00856518EA0000000913
B1303165514661N00856279EA0000000909
B1303215514571N00856238EA0000000929
B1303265514500N00856286EA0000000937
B1303325514507N00856410EA0000000943
B1303455514592N00856145EA0000000966
B1303505514512N00856067EA0000000979
B1303555514448N00856130EA0000000983
B1304005514457N00856235EA0000000995
B1304125514578N00856061EA0000001011
B1304175514527N00855918EA0000001018
B1304225514444N00855905EA0000001030
B1304305514432N00856060EA0000001036
B1304355514503N00856036EA0000001042
B1304415514527N00855849EA0000001051
B1304465514460N00855726EA0000001057
B1304515514381N00855755EA0000001071
B1304575514376N00855881EA0000001078
B1305105514514N00855687EA0000001087
B1305165514482N00855496EA0000001096
B1305215514395N00855449EA0000001105
B1305265514348N00855532EA0000001115
B1305325514397N00855615EA0000001125
B1305375514459N00855521EA0000001126
B1305425514453N00855347EA0000001138
B1305475514376N00855256EA0000001147
B1305535514299N00855323EA0000001156
B1305585514314N00855421EA0000001163
B1306045514394N00855392EA0000001168
B1306115514407N00855166EA0000001176
B1306165514329N00855079EA0000001183
B1306215514263N00855139EA0000001187
B1306275514285N00855256EA0000001201
B1306325514355N00855223EA0000001207
B1306375514391N00855077EA0000001215
B1306445514319N00854884EA0000001221
B1306495514238N00854897EA0000001228
B1306555514218N00855027EA0000001242
B1307025514306N00855036EA0000001255
B1307085514340N00854854EA0000001260
B1307135514283N00854715EA0000001266
B1307185514199N00854714EA0000001270
B1307265514188N00854878EA0000001291
B1307315514259N00854865EA0000001300
B1307385514296N00854650EA0000001306
B1307435514238N00854517EA0000001318
B1307485514153N00854508EA0000001326
B1307565514124N00854673EA0000001348
B1308055514236N00854619EA0000001364
B1308125514226N00854392EA0000001368
B1308185514127N00854318EA0000001381
B1308235514066N00854397EA0000001396
B1308315514119N00854524EA0000001421
B1308365514179N00854433EA0000001425
B1308435514147N00854218EA0000001430
B1308495514043N00854190EA0000001439
B1308545513995N00854286EA0000001457
B1309025514066N00854381EA0000001470
B1309075514121N00854272EA0000001471
B1309125514097N00854113EA0000001478
B1309175514011N00854059EA0000001481
B1309225513951N00854142EA0000001495
B1309275513972N00854245EA0000001499
B1309355514071N00854156EA0000001493
B1309405514068N00853975EA0000001494
B1309455514015N00853824EA0000001511
B1309515513917N00853807EA0000001523
B1309565513888N00853916EA0000001525
B1310015513941N00853985EA0000001535
B1310085514020N00853841EA0000001534
B1310135514022N00853660EA0000001549
B1310185513955N00853533EA0000001557
B1310255513849N00853567EA0000001553
B1310315513844N00853709EA0000001563
B1310365513901N00853762EA0000001564
B1310415513977N00853737EA0000001570
B1310465514020N00853607EA0000001570
B1310515513995N00853435EA0000001568
B1310565513911N00853349EA0000001581
B1311025513799N00853322EA0000001581
B1311075513705N00853330EA0000001567
B1311165513505N00853346EA0000001539
B1311255513289N00853347EA0000001507
B1311365512999N00853341EA0000001484
B1311445512779N00853317EA0000001458
B1311495512641N00853293EA0000001472
B1311545512517N00853268EA0000001476
B1312005512360N00853255EA0000001436
B1312075512161N00853257EA0000001422
B1312165511921N00853270EA0000001426
B1312275511631N00853303EA0000001402
B1312335511471N00853319EA0000001398
B1312415511263N00853327EA0000001401
B1312465511136N00853333EA0000001390
B1312545510932N00853339EA0000001391
B1313015510755N00853367EA0000001363
B1313085510574N00853369EA0000001371
B1313155510398N00853326EA0000001358
B1313245510167N00853283EA0000001357
B1313315510008N00853257EA0000001404
B1313365509908N00853242EA0000001383
B1313415509795N00853234EA0000001367
B1313465509678N00853229EA0000001350
B1313515509553N00853220EA0000001336
B1313575509397N00853206EA0000001326
B1314045509218N00853183EA0000001335
B1314125509014N00853143EA0000001313
B1314205508802N00853117EA0000001303
B1314255508673N00853105EA0000001305
B1314315508524N00853094EA0000001298
B1314365508400N00853085EA0000001290
B1314425508253N00853074EA0000001288
B1314505508059N00853059EA0000001279
B1314565507911N00853064EA0000001258
B1315025507757N00853086EA0000001235
B1315075507627N00853122EA0000001222
B1315135507473N00853164EA0000001217
B1315245507187N00853223EA0000001198
B1315305507035N00853250EA0000001195
B1315385506837N00853287EA0000001183
B1315445506687N00853306EA0000001169
B1315515506509N00853318EA0000001166
B1315575506364N00853316EA0000001168
B1316045506192N00853272EA0000001150
B1316145505933N00853215EA0000001133
B1316215505749N00853175EA0000001118
B1316265505618N00853140EA0000001111
B1316315505491N00853099EA0000001107
B1316405505274N00852946EA0000001089
B1316465505143N00852798EA0000001084
B1316565504928N00852505EA0000001065
B1317045504783N00852249EA0000001094
B1317125504653N00852008EA0000001083
B1317185504560N00851833EA0000001105
B1317255504448N00851656EA0000001094
B1317325504324N00851477EA0000001087
B1317425504145N00851199EA0000001093
B1317485504044N00851043EA0000001095
B1317545503940N00850872EA0000001085
B1318025503790N00850673EA0000001074
B1318085503663N00850584EA0000001080
B1318135503566N00850520EA0000001088
B1318195503452N00850401EA0000001058
B1318265503293N00850336EA0000001033
B1318335503123N00850325EA0000001013
B1318395502981N00850323EA0000001034
B1318445502875N00850317EA0000001053
B1318495502783N00850234EA0000001052
B1318545502715N00850087EA0000001041
B1318595502622N00850003EA0000001042
B1319055502505N00850004EA0000001026
B1319105502405N00850029EA0000001010
B1319165502274N00850057EA0000000978
B1319235502104N00850098EA0000000977
B1319285501983N00850124EA0000001008
B1319335501885N00850121EA0000001031
B1319385501813N00850004EA0000001025
B1319475501884N00849793EA0000001002
B1319525501929N00849876EA0000000994
B1320015501897N00850084EA0000001014
B1320065501900N00850190EA0000001005
B1320115501886N00850306EA0000001006
B1320185501788N00850405EA0000000982
B1320245501667N00850449EA0000000953
B1320315501508N00850482EA0000000938
B1320375501373N00850510EA0000000931
B1320455501188N00850540EA0000000907
B1320525501021N00850550EA0000000896
B1320575500899N00850564EA0000000879
B1321025500771N00850580EA0000000887
B1321125500545N00850574EA0000000914
B1321205500370N00850527EA0000000916
B1321265500245N00850523EA0000000924
B1321315500145N00850515EA0000000930
B1321365500070N00850391EA0000000938
B1321435500078N00850147EA0000000946
B1321495500159N00850057EA0000000950
B1321545500204N00850109EA0000000946
B1322005500184N00850229EA0000000950
B1322055500155N00850324EA0000000953
B1322105500184N00850413EA0000000951
B1322175500280N00850378EA0000000963
B1322225500298N00850227EA0000000960
B1322275500243N00850077EA0000000963
B1322345500121N00849991EA0000000959
B1322395500028N00849925EA0000000959
B1322455459916N00849814EA0000000951
B1322515459796N00849792EA0000000968
B1322575459705N00849684EA0000000995
B1323025459706N00849513EA0000001001
B1323085459782N00849448EA0000001014
B1323135459809N00849541EA0000001005
B1323205459732N00849652EA0000001041
B1323275459631N00849557EA0000001037
B1323325459628N00849387EA0000001043
B1323375459692N00849317EA0000001062
B1323425459726N00849393EA0000001069
B1323475459683N00849484EA0000001077
B1323535459593N00849401EA0000001081
B1323595459598N00849199EA0000001093
B1324045459656N00849115EA0000001108
B1324095459706N00849170EA0000001107
B1324165459634N00849261EA0000001126
B1324215459578N00849131EA0000001121
B1324265459609N00848982EA0000001134
B1324325459684N00848916EA0000001138
B1324385459721N00849013EA0000001143
B1324435459660N00849075EA0000001155
B1324505459584N00848907EA0000001160
B1324555459625N00848774EA0000001175
B1325015459691N00848814EA0000001174
B1325065459661N00848913EA0000001185
B1325115459577N00848888EA0000001196
B1325175459545N00848693EA0000001197
B1325235459617N00848591EA0000001212
B1325285459658N00848664EA0000001214
B1325335459605N00848741EA0000001225
B1325415459505N00848562EA0000001226
B1325475459551N00848399EA0000001243
B1325525459616N00848410EA0000001243
B1325575459621N00848512EA0000001252
B1326035459537N00848555EA0000001260
B1326085459469N00848439EA0000001251
B1326145459453N00848219EA0000001272
B1326195459407N00848075EA0000001274
B1326245459317N00848027EA0000001272
B1326325459201N00848146EA0000001262
B1326375459127N00848230EA0000001282
B1326425459114N00848340EA0000001284
B1326495459207N00848369EA0000001283
B1326545459253N00848228EA0000001277
B1327015459234N00847976EA0000001298
B1327065459170N00847855EA0000001302
B1327115459080N00847827EA0000001303
B1327165459012N00847887EA0000001316
B1327225458945N00847991EA0000001308
B1327285458847N00848062EA0000001297
B1327345458750N00848155EA0000001278
B1327395458660N00848237EA0000001263
B1327445458564N00848314EA0000001259
B1327505458449N00848413EA0000001238
B1327565458326N00848530EA0000001212
B1328015458215N00848624EA0000001200
B1328065458102N00848708EA0000001201
B1328135457947N00848816EA0000001184
B1328205457787N00848926EA0000001164
B1328265457649N00849030EA0000001154
B1328315457537N00849108EA0000001183
B1328365457442N00849150EA0000001202
B1328415457350N00849205EA0000001180
B1328475457235N00849301EA0000001154
B1328525457132N00849387EA0000001132
B1329005456963N00849544EA0000001106
B1329065456826N00849653EA0000001091
B1329115456712N00849741EA0000001087
B1329165456601N00849831EA0000001079
B1329225456472N00849949EA0000001064
B1329275456364N00850056EA0000001050
B1329325456251N00850162EA0000001037
B1329385456114N00850281EA0000001034
B1329435455997N00850360EA0000001037
B1329485455920N00850496EA0000001040
B1329555455952N00850692EA0000001039
B1330025456073N00850736EA0000001024
B1330075456172N00850726EA0000001006
B1330135456301N00850728EA0000000987
B1330235456525N00850749EA0000000979
B1330295456646N00850755EA0000001013
B1330345456732N00850765EA0000001020
B1330405456834N00850798EA0000000994
B1330465456955N00850824EA0000000971
B1330525457083N00850844EA0000000969
B1330585457216N00850863EA0000000959
B1331035457326N00850877EA0000000973
B1331085457416N00850885EA0000000997
B1331145457521N00850898EA0000000981
B1331195457612N00850927EA0000000964
B1331245457710N00850959EA0000000945
B1331305457837N00850993EA0000000934
B1331365457950N00851015EA0000000948
B1331425458064N00851042EA0000000923
B1331535458289N00851118EA0000000884
B1331595458418N00851163EA0000000874
B1332045458526N00851193EA0000000879
B1332105458643N00851230EA0000000890
B1332155458739N00851259EA0000000885
B1332205458839N00851287EA0000000882
B1332285458990N00851323EA0000000879
B1332375459172N00851381EA0000000853
B1332445459297N00851429EA0000000913
B1332495459365N00851383EA0000000924
B1332565459383N00851176EA0000000919
B1333015459316N00851060EA0000000907
B1333065459226N00851067EA0000000915
B1333125459162N00851180EA0000000926
B1333185459131N00851299EA0000000930
B1333235459175N00851385EA0000000914
B1333305459270N00851437EA0000000925
B1333355459335N00851501EA0000000928
B1333405459407N00851498EA0000000944
B1333455459440N00851374EA0000000936
B1333535459339N00851197EA0000000934
B1333585459263N00851253EA0000000930
B1334035459204N00851338EA0000000958
B1334095459107N00851306EA0000000938
B1334145459058N00851159EA0000000940
B1334195459085N00851018EA0000000944
B1334265459178N00850998EA0000000949
B1334345459235N00851152EA0000000955
B1334395459264N00851268EA0000000967
B1334445459326N00851320EA0000000979
B1334495459390N00851254EA0000000971
B1334545459397N00851088EA0000000960
B1335005459307N00850985EA0000000986
B1335055459240N00851051EA0000000969
B1335105459212N00851176EA0000000983
B1335175459135N00851274EA0000000995
B1335235459046N00851182EA0000000984
B1335285459039N00851024EA0000000973
B1335345459121N00850947EA0000000972
B1335405459178N00851042EA0000000986
B1335465459245N00851125EA0000000993
B1335515459312N00851070EA0000001004
B1335585459330N00850860EA0000000990
B1336035459261N00850758EA0000000991
B1336085459193N00850804EA0000000979
B1336135459183N00850937EA0000000976
B1336255459201N00851246EA0000000986
B1336305459232N00851368EA0000000978
B1336375459307N00851502EA0000000983
B1336425459362N00851586EA0000000979
B1336505459467N00851716EA0000000963
B1336595459628N00851832EA0000000925
B1337055459757N00851890EA0000000918
B1337115459885N00851931EA0000000941
B1337165459975N00851966EA0000000980
B1337215500055N00851941EA0000000990
B1337265500136N00851866EA0000000980
B1337325500216N00851901EA0000001004
B1337385500271N00851985EA0000000999
B1337435500324N00852065EA0000001000
B1337495500341N00852208EA0000001008
B1337545500311N00852325EA0000001002
B1337595500321N00852454EA0000000976
B1338065500407N00852614EA0000000954
B1338115500487N00852715EA0000000937
B1338175500595N00852831EA0000000925
B1338235500706N00852936EA0000000913
B1338285500802N00853020EA0000000924
B1338335500892N00853092EA0000000927
B1338405501024N00853185EA0000000906
B1338455501125N00853250EA0000000889
B1338525501270N00853339EA0000000875
B1338585501396N00853413EA0000000854
B1339035501503N00853469EA0000000855
B1339095501616N00853521EA0000000867
B1339155501733N00853565EA0000000845
B1339235501904N00853622EA0000000821
B1339315502077N00853681EA0000000815
B1339405502268N00853734EA0000000814
B1339475502399N00853758EA0000000867
B1339535502477N00853721EA0000000879
B1339585502514N00853581EA0000000881
B1340055502448N00853397EA0000000884
B1340105502365N00853401EA0000000874
B1340165502338N00853528EA0000000869
B1340225502377N00853649EA0000000872
B1340275502409N00853766EA0000000865
B1340325502451N00853872EA0000000864
B1340395502546N00853990EA0000000858
B1340445502620N00854061EA0000000866
B1340495502685N00854112EA0000000872
B1340565502784N00854189EA0000000851
B1341015502860N00854254EA0000000839
B1341105503007N00854379EA0000000814
B1341155503098N00854443EA0000000787
B1341265503320N00854569EA0000000755
B1341345503488N00854637EA0000000740
B1341405503615N00854682EA0000000735
B1341475503764N00854724EA0000000728
B1341525503875N00854747EA0000000712
B1341595504034N00854772EA0000000704
B1342055504169N00854784EA0000000693
B1342145504375N00854768EA0000000678
B1342195504488N00854742EA0000000675
B1342245504599N00854715EA0000000680
B1342295504699N00854684EA0000000713
B1342365504817N00854671EA0000000734
B1342415504874N00854739EA0000000761
B1342465504855N00854839EA0000000770
B1342515504780N00854870EA0000000769
B1343015504688N00854608EA0000000775
B1343145504834N00854430EA0000000808
B1343195504838N00854537EA0000000809
B1343245504764N00854584EA0000000812
B1343375504752N00854293EA0000000844
B1343425504800N00854355EA0000000844
B1343485504737N00854447EA0000000849
B1343545504634N00854357EA0000000869
B1344005504618N00854183EA0000000892
B1344055504683N00854107EA0000000891
B1344105504732N00854171EA0000000903
B1344155504695N00854265EA0000000906
B1344215504591N00854239EA0000000920
B1344265504561N00854091EA0000000937
B1344315504612N00853973EA0000000941
B1344365504685N00853990EA0000000950
B1344415504684N00854099EA0000000960
B1344465504602N00854128EA0000000963
B1344535504543N00853937EA0000000989
B1344585504610N00853856EA0000000992
B1345035504657N00853932EA0000001012
B1345125504530N00853965EA0000001019
B1345175504513N00853807EA0000001044
B1345225504579N00853722EA0000001048
B1345275504630N00853791EA0000001065
B1345325504580N00853880EA0000001064
B1345375504493N00853817EA0000001075
B1345455504539N00853608EA0000001099
B1345505504601N00853656EA0000001114
B1345565504553N00853767EA0000001114
B1346015504466N00853710EA0000001125
B1346065504460N00853551EA0000001144
B1346135504561N00853489EA0000001150
B1346185504576N00853593EA0000001161
B1346235504505N00853654EA0000001153
B1346285504425N00853551EA0000001166
B1346375504428N00853285EA0000001190
B1346425504500N00853281EA0000001193
B1346475504515N00853386EA0000001206
B1346525504449N00853454EA0000001203
B1346595504362N00853300EA0000001228
B1347045504395N00853157EA0000001232
B1347095504470N00853137EA0000001236
B1347145504501N00853234EA0000001246
B1347195504446N00853317EA0000001239
B1347275504344N00853158EA0000001266
B1347325504382N00853021EA0000001267
B1347405504479N00853074EA0000001282
B1347455504440N00853176EA0000001276
B1347505504351N00853150EA0000001285
B1347565504321N00852961EA0000001296
B1348015504382N00852863EA0000001299
B1348085504460N00852945EA0000001311
B1348135504428N00853053EA0000001305
B1348205504309N00852995EA0000001309
B1348285504285N00852736EA0000001327
B1348345504363N00852643EA0000001330
B1348395504415N00852714EA0000001338
B1348445504392N00852828EA0000001331
B1348535504255N00852745EA0000001344
B1349025504275N00852458EA0000001360
B1349085504340N00852324EA0000001362
B1349135504408N00852345EA0000001350
B1349195504491N00852419EA0000001317
B1349255504586N00852506EA0000001294
B1349315504691N00852598EA0000001275
B1349385504822N00852717EA0000001255
B1349445504935N00852825EA0000001240
B1349495505033N00852911EA0000001233
B1349555505149N00853016EA0000001237
B1350005505235N00853097EA0000001274
B1350085505352N00853202EA0000001291
B1350135505417N00853265EA0000001312
B1350195505489N00853343EA0000001302
B1350255505572N00853411EA0000001306
B1350325505669N00853488EA0000001310
B1350375505743N00853541EA0000001293
B1350445505861N00853631EA0000001268
B1350505505970N00853719EA0000001253
B1350575506104N00853825EA0000001244
B1351035506219N00853916EA0000001240
B1351105506355N00854022EA0000001231
B1351185506513N00854153EA0000001209
B1351235506613N00854234EA0000001204
B1351285506711N00854312EA0000001203
B1351365506870N00854432EA0000001189
B1351435507010N00854537EA0000001181
B1351485507109N00854615EA0000001174
B1351575507279N00854759EA0000001171
B1352025507373N00854841EA0000001162
B1352105507524N00854972EA0000001154
B1352215507725N00855165EA0000001143
B1352285507849N00855289EA0000001138
B1352345507955N00855393EA0000001128
B1352405508060N00855494EA0000001119
B1352455508147N00855579EA0000001115
B1352545508297N00855734EA0000001113
B1353025508430N00855878EA0000001103
B1353075508514N00855962EA0000001123
B1353135508598N00856037EA0000001141
B1353225508730N00856158EA0000001098
B1353275508813N00856246EA0000001093
B1353335508897N00856330EA0000001123
B1353395508977N00856404EA0000001101
B1353445509050N00856476EA0000001087
B1353515509150N00856588EA0000001087
B1353565509218N00856665EA0000001102
B1354035509306N00856755EA0000001101
B1354095509375N00856829EA0000001132
B1354165509459N00856872EA0000001110
B1354225509538N00856937EA0000001086
B1354275509607N00857005EA0000001067
B1354345509706N00857114EA0000001051
B1354415509801N00857233EA0000001035
B1354475509885N00857336EA0000001022
B1354535509973N00857443EA0000001012
B1354595510058N00857537EA0000001014
B1355045510130N00857614EA0000001003
B1355095510203N00857695EA0000000998
B1355185510335N00857839EA0000000985
B1355245510426N00857938EA0000000979
B1355305510510N00858030EA0000000978
B1355395510645N00858179EA0000000949
B1355455510736N00858285EA0000000939
B1355515510825N00858392EA0000000935
B1355565510896N00858478EA0000000933
B1356025510979N00858585EA0000000916
B1356075511056N00858681EA0000000887
B1356125511139N00858786EA0000000869
B1356205511272N00858955EA0000000865
B1356255511350N00859051EA0000000901
B1356315511432N00859110EA0000000936
B1356365511492N00859031EA0000000939
B1356415511484N00858869EA0000000933
B1356465511401N00858786EA0000000935
B1356525511305N00858834EA0000000959
B1357035511308N00859028EA0000000972
B1357085511370N00858960EA0000000979
B1357135511368N00858802EA0000000976
B1357185511284N00858723EA0000000974
B1357235511210N00858798EA0000000993
B1357285511204N00858905EA0000000995
B1357355511294N00858883EA0000001007
B1357405511296N00858725EA0000001015
B1357465511195N00858662EA0000001010
B1357535511158N00858819EA0000001026
B1357585511203N00858883EA0000001038
B1358035511266N00858812EA0000001042
B1358105511239N00858603EA0000001046
B1358155511148N00858590EA0000001039
B1358205511114N00858699EA0000001054
B1358275511164N00858808EA0000001063
B1358335511250N00858776EA0000001061
B1358385511325N00858794EA0000001058
B1358455511416N00858881EA0000001070
B1358525511511N00858967EA0000001063
B1359015511622N00859071EA0000001081
B1359065511689N00859134EA0000001067
B1359135511797N00859239EA0000001040
B1359185511883N00859320EA0000001026
B1359235511968N00859398EA0000001015
B1359285512055N00859478EA0000001007
B1359355512177N00859588EA0000001009
B1359405512265N00859668EA0000000997
B1359465512376N00859770EA0000000980
B1359515512467N00859860EA0000000972
B1359565512557N00859952EA0000000966
B1400025512663N00900063EA0000000966
B1400085512762N00900168EA0000000984
B1400135512835N00900243EA0000001014
B1400185512903N00900311EA0000001024
B1400255513001N00900384EA0000001031
B1400335513117N00900464EA0000001015
B1400395513201N00900574EA0000001000
B1400465513309N00900714EA0000000977
B1400525513401N00900841EA0000000978
B1401015513535N00901014EA0000000971
B1401065513609N00901097EA0000000991
B1401125513685N00901175EA0000000988
B1401175513751N00901243EA0000000974
B1401235513832N00901334EA0000000956
B1401315513962N00901464EA0000000932
B1401365514054N00901543EA0000000919
B1401425514166N00901631EA0000000917
B1401475514263N00901690EA0000000903
B1401525514366N00901736EA0000000895
B1401595514507N00901791EA0000000901
B1402055514624N00901832EA0000000892
B1402125514764N00901872EA0000000877
B1402195514907N00901908EA0000000866
B1402265515050N00901942EA0000000849
B1402325515176N00901971EA0000000838
B1402385515302N00902004EA0000000833
B1402485515510N00902070EA0000000814
B1402555515654N00902116EA0000000810
B1403005515747N00902146EA0000000840
B1403055515827N00902170EA0000000836
B1403105515917N00902189EA0000000815
B1403165516034N00902208EA0000000800
B1403225516157N00902231EA0000000777
B1403285516285N00902263EA0000000764
B1403345516413N00902302EA0000000754
B1403425516588N00902348EA0000000732
B1403525516806N00902387EA0000000740
B1403575516907N00902402EA0000000767
B1404035516997N00902405EA0000000769
B1404105517123N00902431EA0000000750
B1404185517262N00902471EA0000000771
B1404235517347N00902490EA0000000763
B1404325517510N00902563EA0000000756
B1404465517730N00902712EA0000000756
B1404515517808N00902771EA0000000744
B1404575517906N00902854EA0000000718
B1405045518027N00902960EA0000000698
B1405165518240N00903151EA0000000680
B1405255518398N00903311EA0000000665
B1406595519789N00904391EA0000000642
B1407045519711N00904320EA0000000642
B1407095519641N00904384EA0000000653
B1407175519658N00904560EA0000000665
B1407275519753N00904419EA0000000678
B1407325519696N00904310EA0000000684
B1407375519618N00904331EA0000000685
B1407435519580N00904475EA0000000703
B1407555519693N00904468EA0000000711
B1408045519593N00904312EA0000000714
B1408235519594N00904514EA0000000739
B1408305519589N00904306EA0000000750
B1408385519472N00904320EA0000000763
B1408595519512N00904188EA0000000789
B1409085519438N00904338EA0000000786
B1409225519524N00904141EA0000000811
B1409415519537N00904197EA0000000832
B1409465519518N00904050EA0000000840
B1409515519438N00904026EA0000000841
B1409575519403N00904155EA0000000854
B1410025519462N00904211EA0000000852
B1410075519538N00904242EA0000000848
B1410135519635N00904290EA0000000849
B1410205519734N00904357EA0000000861
B1410315519910N00904458EA0000000807
B1410555520369N00904697EA0000000758
B1411105520655N00904867EA0000000731
B1411225520887N00905003EA0000000713
B1411285521007N00905074EA0000000695
B1412095521696N00905735EA0000000700
B1412145521776N00905765EA0000000681
B1412205521855N00905878EA0000000658
B1412255521913N00906000EA0000000635
B1412345522027N00906230EA0000000601
B1412445522165N00906488EA0000000589
B1412515522255N00906664EA0000000592
B1412565522322N00906787EA0000000589
B1413015522382N00906898EA0000000621
B1413085522479N00906923EA0000000644
B1413135522522N00906808EA0000000652
B1413185522495N00906668EA0000000654
B1413255522385N00906638EA0000000658
B1413315522355N00906787EA0000000660
B1413365522392N00906883EA0000000683
B1413425522471N00906856EA0000000680
B1413475522496N00906717EA0000000681
B1413525522442N00906602EA0000000691
B1414185522454N00906624EA0000000708
B1414265522348N00906530EA0000000722
B1414465522407N00906672EA0000000731
B1414555522310N00906518EA0000000744
B1415015522236N00906615EA0000000755
B1415065522204N00906722EA0000000767
B1415115522243N00906810EA0000000760
B1415165522314N00906756EA0000000759
B1415235522291N00906544EA0000000762
B1415285522214N00906480EA0000000769
B1415335522146N00906548EA0000000769
B1415405522145N00906719EA0000000783
B1415465522176N00906854EA0000000781
B1415515522230N00906947EA0000000781
B1415565522304N00906994EA0000000767
B1416035522427N00907058EA0000000735
B1416095522543N00907109EA0000000723
B1416165522683N00907173EA0000000708
B1416215522778N00907241EA0000000699
B1416265522839N00907376EA0000000706
B1416335522878N00907595EA0000000702
B1416405522897N00907833EA0000000679
B1417385522907N00909970EA0000000630
B1417435522917N00910121EA0000000643
B1417485522892N00910251EA0000000658
B1417555522792N00910281EA0000000662
B1418005522738N00910168EA0000000666
B1418055522751N00910019EA0000000672
B1418125522848N00909959EA0000000680
B1418175522889N00910056EA0000000689
B1418225522851N00910163EA0000000684
B1418295522750N00910096EA0000000686
B1418345522759N00909950EA0000000696
B1418405522832N00909843EA0000000700
B1418475522923N00909906EA0000000710
B1418525522908N00910025EA0000000709
B1418575522833N00910056EA0000000712
B1419025522777N00909946EA0000000714
B1419075522805N00909803EA0000000719
B1419125522879N00909779EA0000000727
B1419195522943N00909908EA0000000734
B1419245522982N00910016EA0000000728
B1419325523085N00910185EA0000000708
B1419375523156N00910280EA0000000736
B1419425523214N00910352EA0000000749
B1419475523285N00910356EA0000000748
B1419535523325N00910213EA0000000741
B1419585523263N00910097EA0000000738
B1420035523178N00910123EA0000000733
B1420105523129N00910308EA0000000745
B1420155523126N00910431EA0000000752
B1420225523204N00910555EA0000000744
B1420285523286N00910627EA0000000765
B1420345523368N00910684EA0000000777
B1420395523384N00910808EA0000000787
B1420445523325N00910901EA0000000796
B1420495523245N00910856EA0000000796
B1421385523214N00910874EA0000000876
B1422035523227N00910899EA0000000916
B1422305523256N00910918EA0000000951
B1422405523160N00910751EA0000000958
B1423145523204N00910711EA0000000982
B1423315523487N00910817EA0000000976
B1424315524510N00911328EA0000001016
B1424555524930N00911579EA0000001004
B1425045525094N00911654EA0000001003
B1425105525206N00911704EA0000001007
B1425235525460N00911795EA0000000957
B1425345525702N00911859EA0000000925
B1425515526094N00911914EA0000000894
B1425595526283N00911915EA0000000877
B1426405526660N00911533EA0000000968
B1426545526697N00911841EA0000000972
B1427095526908N00912115EA0000000971
B1427295527046N00912559EA0000000989
B1433245527683N00915388EA0000000960
B1433295527621N00915467EA0000000970
B1433345527547N00915379EA0000000974
B1433405527572N00915208EA0000000982
B1433465527652N00915230EA0000000990
B1433515527659N00915362EA0000000997
B1433565527595N00915442EA0000001014
B1434015527519N00915365EA0000001009
B1434085527548N00915173EA0000001029
B1434135527613N00915201EA0000001033
B1434185527611N00915327EA0000001044
B1434235527532N00915356EA0000001051
B1434285527477N00915228EA0000001052
B1434345527528N00915081EA0000001066
B1434395527594N00915096EA0000001073
B1434445527609N00915221EA0000001072
B1434495527534N00915280EA0000001090
B1434545527465N00915178EA0000001092
B1435015527499N00914989EA0000001099
B1435065527566N00915031EA0000001106
B1435275527447N00914923EA0000001135
B1436015527466N00914996EA0000001176
B1436075527545N00915071EA0000001193
B1436345527497N00915063EA0000001249
B1436545527387N00915156EA0000001289
B1436595527429N00915029EA0000001302
B1437245527387N00914994EA0000001360
B1437315527478N00915013EA0000001370
B1437515527363N00914955EA0000001408
B1438135527299N00915034EA0000001441
B1438185527345N00914916EA0000001463
B1438235527409N00914960EA0000001463
B1438325527348N00915152EA0000001482
B1438445527312N00914885EA0000001510
B1438595527295N00915104EA0000001525
B1439105527289N00914832EA0000001545
B1439165527360N00914918EA0000001549
B1439235527296N00915075EA0000001560
B1439355527229N00914813EA0000001584
B1439415527310N00914851EA0000001582
B1439525527208N00915049EA0000001604
B1440085526966N00914684EA0000001581
B1440135526877N00914542EA0000001554
B1440195526760N00914356EA0000001534
B1440345526505N00913926EA0000001583
B1440435526353N00913674EA0000001580
B1440485526272N00913541EA0000001590
B1440595526076N00913214EA0000001535
B1441095525876N00912877EA0000001517
B1441145525778N00912712EA0000001511
B1441195525680N00912546EA0000001509
B1441255525561N00912362EA0000001524
B1441325525423N00912153EA0000001507
B1441375525318N00912003EA0000001503
B1441425525217N00911870EA0000001522
B1441485525099N00911726EA0000001541
B1441575524926N00911515EA0000001541
B1442035524807N00911377EA0000001553
B1442105524674N00911228EA0000001555
B1442165524555N00911097EA0000001541
B1442225524433N00910955EA0000001531
B1442375524116N00910575EA0000001494
B1442445523962N00910383EA0000001478
B1442515523806N00910189EA0000001464
B1442565523695N00910049EA0000001465
B1443015523590N00909921EA0000001479
B1443065523488N00909807EA0000001479
B1443115523378N00909691EA0000001451
B1443185523223N00909525EA0000001472
B1443235523116N00909412EA0000001465
B1443305522959N00909253EA0000001446
B1443365522823N00909108EA0000001436
B1443445522643N00908904EA0000001426
B1443495522532N00908775EA0000001431
B1443575522358N00908573EA0000001416
B1444035522221N00908416EA0000001405
B1444095522084N00908255EA0000001393
B1444145521966N00908120EA0000001382
B1444215521798N00907949EA0000001376
B1444265521683N00907840EA0000001399
B1444315521591N00907752EA0000001420
B1444365521494N00907670EA0000001407
B1444415521390N00907589EA0000001390
B1444485521224N00907478EA0000001379
B1444535521106N00907407EA0000001380
B1445015520909N00907304EA0000001349
B1445105520684N00907203EA0000001354
B1445225520388N00907079EA0000001337
B1445275520262N00907032EA0000001327
B1445355520058N00906967EA0000001314
B1445435519873N00906845EA0000001326
B1445495519763N00906708EA0000001332
B1445575519653N00906471EA0000001340
B1446045519597N00906241EA0000001345
B1446105519552N00906041EA0000001353
B1446155519519N00905880EA0000001346
B1446235519460N00905600EA0000001328
B1446315519399N00905291EA0000001325
B1446365519370N00905113EA0000001358
B1446425519348N00904919EA0000001352
B1446475519316N00904740EA0000001326
B1446525519274N00904543EA0000001305
B1447015519180N00904168EA0000001279
B1447125519057N00903718EA0000001267
B1447175519000N00903516EA0000001271
B1447235518928N00903292EA0000001274
B1447285518865N00903106EA0000001269
B1447345518793N00902889EA0000001269
B1447395518731N00902709EA0000001265
B1447485518621N00902375EA0000001243
B1447555518546N00902158EA0000001306
B1448015518487N00902000EA0000001297
B1448085518404N00901788EA0000001265
B1448145518320N00901584EA0000001251
B1448235518178N00901271EA0000001225
B1448295518077N00901059EA0000001220
B1448365517962N00900815EA0000001208
B1448435517845N00900570EA0000001217
B1448485517765N00900408EA0000001230
B1448545517683N00900226EA0000001236
B1449025517576N00859990EA0000001237
B1449095517481N00859788EA0000001240
B1449155517399N00859626EA0000001229
B1449215517291N00859505EA0000001210
B1449275517162N00859400EA0000001194
B1449335517023N00859298EA0000001186
B1449385516916N00859225EA0000001209
B1449445516800N00859138EA0000001215
B1449505516681N00859059EA0000001198
B1449575516533N00858973EA0000001209
B1450025516433N00858913EA0000001202
B1450105516252N00858824EA0000001164
B1450165516103N00858759EA0000001145
B1450275515822N00858628EA0000001112
B1450365515587N00858519EA0000001089
B1450415515457N00858461EA0000001077
B1450485515276N00858377EA0000001075
B1450535515151N00858320EA0000001066
B1451015514949N00858230EA0000001056
B1451065514827N00858174EA0000001063
B1451145514650N00858080EA0000001109
B1451195514559N00858022EA0000001119
B1451245514493N00857903EA0000001128
B1451295514496N00857752EA0000001130
B1451375514594N00857674EA0000001135
B1451435514637N00857783EA0000001119
B1451495514587N00857914EA0000001123
B1451545514510N00857961EA0000001135
B1451595514463N00858059EA0000001131
B1452055514489N00858189EA0000001129
B1452105514559N00858196EA0000001125
B1452165514628N00858065EA0000001137
B1452275514745N00858101EA0000001147
B1452335514700N00858226EA0000001143
B1452395514594N00858226EA0000001148
B1452455514484N00858190EA0000001159
B1452515514385N00858219EA0000001163
B1452565514324N00858316EA0000001144
B1453035514185N00858356EA0000001140
B1453085514086N00858298EA0000001149
B1453135513994N00858235EA0000001175
B1453185513922N00858285EA0000001186
B1453235513918N00858413EA0000001181
B1453285513987N00858465EA0000001178
B1453345514059N00858342EA0000001186
B1453395514040N00858192EA0000001190
B1453445513962N00858122EA0000001198
B1453515513901N00858239EA0000001212
B1453565513954N00858307EA0000001219
B1454015514012N00858228EA0000001222
B1454085513976N00858014EA0000001222
B1454135513897N00857960EA0000001245
B1454185513838N00858040EA0000001244
B1454355513920N00857911EA0000001267
B1454425513810N00857914EA0000001285
B1454485513815N00858053EA0000001291
B1454565513912N00857981EA0000001307
B1455025513870N00857809EA0000001308
B1455085513776N00857848EA0000001326
B1455165513833N00857974EA0000001332
B1455235513886N00857810EA0000001338
B1455285513825N00857685EA0000001348
B1455345513735N00857737EA0000001363
B1455425513782N00857873EA0000001371
B1455495513849N00857728EA0000001379
B1455545513821N00857567EA0000001388
B1456015513708N00857528EA0000001407
B1456125513747N00857697EA0000001418
B1456175513798N00857577EA0000001420
B1456235513770N00857394EA0000001433
B1456315513638N00857385EA0000001435
B1456365513630N00857508EA0000001441
B1456425513713N00857515EA0000001449
B1456485513736N00857340EA0000001451
B1456535513684N00857196EA0000001465
B1456595513578N00857158EA0000001442
B1457045513470N00857143EA0000001406
B1457125513269N00857068EA0000001369
B1457175513136N00857001EA0000001353
B1457265512891N00856895EA0000001346
B1457325512738N00856835EA0000001349
B1457395512558N00856754EA0000001334
B1457465512383N00856641EA0000001326
B1457525512235N00856535EA0000001318
B1458025511989N00856351EA0000001298
B1458105511795N00856199EA0000001295
B1458195511583N00856023EA0000001277
B1458285511370N00855844EA0000001273
B1458385511130N00855640EA0000001247
B1458445510980N00855522EA0000001241
B1458495510861N00855434EA0000001263
B1458555510737N00855343EA0000001289
B1459005510636N00855265EA0000001289
B1459055510537N00855188EA0000001298
B1459135510380N00855052EA0000001300
B1459185510288N00854966EA0000001289
B1459235510183N00854873EA0000001275
B1459305510049N00854746EA0000001290
B1459355509951N00854654EA0000001268
B1459435509771N00854508EA0000001229
B1459485509651N00854414EA0000001227
B1459535509535N00854320EA0000001238
B1500015509353N00854155EA0000001240
B1500075509226N00854040EA0000001263
B1500135509101N00853932EA0000001252
B1500185508986N00853843EA0000001228
B1500245508839N00853734EA0000001226
B1500295508721N00853640EA0000001222
B1500345508600N00853547EA0000001205
B1500425508404N00853384EA0000001200
B1500485508264N00853259EA0000001198
B1500555508117N00853131EA0000001216
B1501025507965N00853002EA0000001191
B1501075507847N00852907EA0000001172
B1501125507727N00852807EA0000001166
B1501175507606N00852708EA0000001154
B1501295507305N00852473EA0000001123
B1501365507128N00852331EA0000001115
B1501415507017N00852241EA0000001145
B1501465506916N00852159EA0000001150
B1501515506817N00852080EA0000001141
B1501585506669N00851970EA0000001103
B1502035506550N00851886EA0000001077
B1502085506427N00851795EA0000001065
B1502145506277N00851685EA0000001052
B1502195506157N00851589EA0000001060
B1502245506047N00851497EA0000001064
B1502315505883N00851358EA0000001044
B1502365505777N00851264EA0000001079
B1502425505655N00851164EA0000001074
B1502495505513N00851045EA0000001081
B1502565505381N00850937EA0000001097
B1503035505245N00850840EA0000001076
B1503105505094N00850731EA0000001054
B1503165504954N00850619EA0000001027
B1503245504762N00850471EA0000001022
B1503325504577N00850326EA0000001024
B1503415504363N00850172EA0000000994
B1503485504186N00850046EA0000000975
B1503535504060N00849952EA0000000974
B1503595503920N00849848EA0000000999
B1504075503753N00849736EA0000001002
B1504135503633N00849659EA0000000997
B1504185503537N00849559EA0000000998
B1504235503491N00849388EA0000001006
B1504285503511N00849229EA0000001003
B1504335503577N00849156EA0000001001
B1504405503687N00849133EA0000000991
B1504465503787N00849121EA0000000997
B1504545503909N00849124EA0000001004
B1504595503985N00849100EA0000001020
B1505065504034N00848910EA0000001030
B1505115503979N00848778EA0000001030
B1505165503889N00848765EA0000001027
B1505235503841N00848910EA0000001030
B1505285503864N00849017EA0000001044
B1505335503920N00849047EA0000001049
B1505395503983N00848920EA0000001044
B1505445503948N00848770EA0000001062
B1505505503849N00848744EA0000001061
B1505555503811N00848849EA0000001065
B1506015503860N00848940EA0000001066
B1506075503942N00848939EA0000001066
B1506135503985N00848787EA0000001066
B1506195503929N00848619EA0000001072
B1506245503844N00848610EA0000001071
B1506295503806N00848715EA0000001071
B1506345503840N00848796EA0000001076
B1506395503907N00848818EA0000001062
B1506485504063N00848806EA0000001036
B1506555504201N00848785EA0000001005
B1507015504331N00848758EA0000000983
B1507085504489N00848719EA0000000967
B1507165504669N00848660EA0000000955
B1507225504802N00848610EA0000000942
B1507295504954N00848537EA0000000933
B1507365505104N00848459EA0000000915
B1507485505358N00848332EA0000000910
B1507595505581N00848200EA0000000903
B1508045505688N00848137EA0000000895
B1508115505829N00848053EA0000000897
B1508165505929N00847993EA0000000882
B1508355506342N00847743EA0000000855
B1509015506793N00847440EA0000000871
B1509065506888N00847373EA0000000854
B1509115506988N00847300EA0000000833
B1509185507136N00847197EA0000000822
B1509255507285N00847094EA0000000810
B1509365507523N00846929EA0000000789
B1509445507698N00846813EA0000000778
B1509515507850N00846715EA0000000761
B1509575507981N00846629EA0000000766
B1510085508187N00846480EA0000000801
B1510155508304N00846391EA0000000785
B1510225508426N00846302EA0000000766
B1510405508795N00846032EA0000000695
B1510455508903N00845960EA0000000693
B1510515509027N00845890EA0000000695
B1511025509255N00845782EA0000000668
B1511085509381N00845733EA0000000657
B1511145509507N00845693EA0000000666
B1511225509661N00845632EA0000000689
B1511405509978N00845500EA0000000670
B1511455510072N00845470EA0000000657
B1511515510192N00845431EA0000000641
B1512015510400N00845340EA0000000623
B1512265510911N00845022EA0000000606
B1512315511013N00844953EA0000000611
B1512365511110N00844883EA0000000634
B1512425511210N00844842EA0000000655
B1512475511257N00844931EA0000000665
B1512525511227N00845051EA0000000668
B1512575511140N00845072EA0000000662
B1513075511082N00844795EA0000000685
B1513125511151N00844748EA0000000690
B1513175511192N00844840EA0000000694
B1513225511148N00844951EA0000000694
B1513275511058N00844931EA0000000701
B1513385511036N00844645EA0000000726
B1513435511104N00844663EA0000000730
B1513485511105N00844786EA0000000730
B1514065511031N00844563EA0000000768
B1514125511071N00844678EA0000000767
B1514175511013N00844780EA0000000768
B1514295510865N00844599EA0000000794
B1514385510983N00844533EA0000000806
B1514435510975N00844651EA0000000822
B1514485510893N00844666EA0000000830
B1515085510956N00844575EA0000000853
B1515215510842N00844386EA0000000878
B1515265510918N00844360EA0000000882
B1515315510944N00844468EA0000000895
B1515395510829N00844539EA0000000903
B1515475510822N00844315EA0000000908
B1515545510917N00844352EA0000000917
B1515595510885N00844468EA0000000929
B1516105510786N00844275EA0000000939
B1516185510893N00844264EA0000000946
B1516235510914N00844376EA0000000957
B1516285510867N00844481EA0000000956
B1516385510755N00844320EA0000000958
B1516445510829N00844242EA0000000974
B1516515510879N00844378EA0000000983
B1516565510825N00844469EA0000000989
B1517025510733N00844408EA0000000988
B1517085510737N00844241EA0000000984
B1517145510824N00844205EA0000000998
B1517195510892N00844216EA0000001012
B1517265510939N00844052EA0000001024
B1517315510879N00843955EA0000001030
B1517365510808N00844001EA0000001034
B1517425510816N00844137EA0000001029
B1517475510888N00844176EA0000001041
B1517565510951N00843994EA0000001061
B1518025510874N00843902EA0000001071
B1518125510823N00844084EA0000001084
B1518175510892N00844116EA0000001089
B1518225510943N00844020EA0000001103
B1518275510922N00843882EA0000001112
B1518325510846N00843835EA0000001119
B1518375510791N00843917EA0000001115
B1518435510829N00844043EA0000001126
B1518525510944N00843971EA0000001142
B1518575510919N00843833EA0000001151
B1519025510841N00843813EA0000001163
B1519075510802N00843919EA0000001168
B1519125510844N00844020EA0000001178
B1519185510923N00843964EA0000001185
B1519245510901N00843804EA0000001197
B1519295510823N00843785EA0000001205
B1519345510783N00843895EA0000001207
B1519395510822N00843996EA0000001225
B1519455510899N00843945EA0000001226
B1519515510886N00843783EA0000001235
B1519565510806N00843763EA0000001242
B1520015510767N00843877EA0000001247
B1520085510843N00843969EA0000001257
B1520145510886N00843834EA0000001254
B1520195510831N00843723EA0000001264
B1520255510744N00843776EA0000001273
B1520315510757N00843923EA0000001282
B1520375510839N00844000EA0000001271
B1520445510951N00844096EA0000001244
B1520495511041N00844168EA0000001229
B1520595511236N00844320EA0000001206
B1521065511379N00844428EA0000001197
B1521125511504N00844522EA0000001189
B1521185511631N00844617EA0000001177
B1521245511757N00844707EA0000001171
B1521325511919N00844836EA0000001166
B1521385512039N00844932EA0000001162
B1521475512219N00845073EA0000001146
B1521555512384N00845205EA0000001141
B1522015512504N00845308EA0000001134
B1522065512605N00845391EA0000001124
B1522115512710N00845476EA0000001116
B1522165512813N00845568EA0000001125
B1522245512939N00845696EA0000001170
B1522365513137N00845868EA0000001132
B1522415513235N00845922EA0000001116
B1522475513359N00845981EA0000001101
B1522565513552N00846061EA0000001103
B1523035513697N00846098EA0000001100
B1523085513801N00846106EA0000001104
B1523145513923N00846100EA0000001099
B1523255514157N00846105EA0000001100
B1523325514296N00846138EA0000001111
B1523415514467N00846225EA0000001081
B1523515514668N00846361EA0000001067
B1524015514869N00846518EA0000001075
B1524075514983N00846608EA0000001067
B1524155515141N00846741EA0000001037
B1524255515345N00846913EA0000001011
B1524305515448N00847000EA0000000998
B1524365515571N00847100EA0000001001
B1524415515669N00847174EA0000001010
B1524475515781N00847257EA0000001004
B1524535515896N00847344EA0000001001
B1524585515990N00847421EA0000001006
B1525035516079N00847495EA0000001023
B1525105516194N00847584EA0000001050
B1525155516273N00847564EA0000001071
B1525205516303N00847436EA0000001085
B1525275516215N00847305EA0000001086
B1525325516140N00847376EA0000001088
B1525445516179N00847621EA0000001129
B1525575516187N00847349EA0000001139
B1526045516079N00847412EA0000001145
B1526285516141N00847425EA0000001194
B1526335516057N00847440EA0000001203
B1526565516078N00847368EA0000001248
B1527035516019N00847511EA0000001270
B1527085516077N00847584EA0000001277
B1527145516144N00847480EA0000001288
B1527195516105N00847345EA0000001291
B1527245516019N00847363EA0000001299
B1527325516041N00847535EA0000001313
B1527465516089N00847236EA0000001331
B1527545515973N00847289EA0000001338
B1528015516005N00847439EA0000001352
B1528135516072N00847216EA0000001355
B1528215515952N00847227EA0000001366
B1528275515918N00847383EA0000001375
B1528405516032N00847355EA0000001401
B1528455515965N00847252EA0000001389
B1528505515884N00847311EA0000001409
B1528555515853N00847441EA0000001423
B1529025515916N00847563EA0000001434
B1529135515960N00847330EA0000001453
B1529205515852N00847373EA0000001461
B1529265515878N00847511EA0000001473
B1529315515953N00847496EA0000001481
B1529405515934N00847285EA0000001497
B1529455515849N00847314EA0000001496
B1529515515841N00847463EA0000001513
B1529565515911N00847515EA0000001521
B1530035515962N00847357EA0000001528
B1530085515897N00847266EA0000001540
B1530145515819N00847359EA0000001545
B1530195515841N00847484EA0000001559
B1530315515946N00847308EA0000001565
B1530365515870N00847250EA0000001577
B1530435515804N00847400EA0000001585
B1530485515852N00847501EA0000001597
B1531015515924N00847283EA0000001602
B1531105515809N00847352EA0000001621
B1531175515831N00847535EA0000001629
B1531225515889N00847614EA0000001632
B1531295516000N00847690EA0000001626
B1531385516152N00847777EA0000001614
B1531455516276N00847846EA0000001597
B1531515516379N00847908EA0000001607
B1531595516515N00847993EA0000001609
B1532075516655N00848076EA0000001610
B1532135516764N00848143EA0000001623
B1532205516885N00848220EA0000001626
B1532285517038N00848318EA0000001589
B1532345517165N00848399EA0000001576
B1532455517403N00848552EA0000001558
B1532505517511N00848624EA0000001556
B1532565517644N00848712EA0000001558
B1533015517751N00848781EA0000001576
B1533075517866N00848853EA0000001614
B1533125517956N00848904EA0000001613
B1533195518094N00848975EA0000001587
B1533255518216N00849039EA0000001604
B1533305518310N00849085EA0000001613
B1533355518403N00849128EA0000001608
B1533445518581N00849210EA0000001608
B1533515518707N00849273EA0000001629
B1534025518906N00849381EA0000001631
B1534075518992N00849428EA0000001635
B1534135519097N00849483EA0000001619
B1534185519196N00849531EA0000001589
B1534265519371N00849615EA0000001567
B1534315519484N00849672EA0000001560
B1534375519618N00849741EA0000001555
B1534435519752N00849812EA0000001543
B1534515519931N00849904EA0000001534
B1534565520042N00849954EA0000001525
B1535035520203N00850019EA0000001510
B1535105520362N00850082EA0000001515
B1535155520472N00850126EA0000001508
B1535245520677N00850204EA0000001485
B1535315520841N00850268EA0000001473
B1535425521092N00850398EA0000001458
B1535485521223N00850493EA0000001453
B1535555521367N00850603EA0000001464
B1536005521465N00850676EA0000001458
B1536055521566N00850751EA0000001450
B1536105521670N00850830EA0000001442
B1536165521796N00850926EA0000001432
B1536245521962N00851049EA0000001430
B1536295522063N00851115EA0000001427
B1536355522183N00851190EA0000001413
B1536435522348N00851289EA0000001388
B1536495522474N00851372EA0000001386
B1536545522572N00851446EA0000001384
B1537025522726N00851566EA0000001372
B1537075522824N00851637EA0000001363
B1537145522965N00851736EA0000001346
B1537235523150N00851865EA0000001337
B1537295523266N00851960EA0000001343
B1537355523383N00852052EA0000001337
B1537415523499N00852139EA0000001341
B1537485523636N00852238EA0000001337
B1537535523727N00852301EA0000001359
B1537595523830N00852370EA0000001342
B1538055523947N00852441EA0000001319
B1538115524069N00852509EA0000001334
B1538205524246N00852603EA0000001314
B1538255524335N00852653EA0000001355
B1538305524410N00852693EA0000001368
B1538385524541N00852759EA0000001355
B1538435524624N00852807EA0000001371
B1538505524740N00852864EA0000001385
B1538575524848N00852935EA0000001404
B1539035524938N00853015EA0000001411
B1539125525075N00853147EA0000001419
B1539175525150N00853226EA0000001421
B1539235525238N00853350EA0000001409
B1539295525321N00853510EA0000001395
B1539355525406N00853684EA0000001387
B1539435525523N00853918EA0000001364
B1539495525614N00854097EA0000001359
B1539545525690N00854245EA0000001353
B1540155526025N00854866EA0000001313
B1540205526101N00855022EA0000001314
B1540265526185N00855213EA0000001302
B1540315526258N00855373EA0000001293
B1540405526381N00855652EA0000001295
B1540455526449N00855802EA0000001283
B1540545526577N00856071EA0000001275
B1541015526677N00856276EA0000001278
B1541075526759N00856449EA0000001263
B1541145526862N00856663EA0000001251
B1541195526932N00856813EA0000001260
B1541305527085N00857134EA0000001256
B1541365527169N00857316EA0000001252
B1541425527253N00857498EA0000001248
B1541505527363N00857751EA0000001235
B1541575527458N00857980EA0000001219
B1542035527544N00858176EA0000001206
B1542105527645N00858399EA0000001202
B1542165527732N00858589EA0000001188
B1542215527806N00858747EA0000001175
B1542265527878N00858903EA0000001167
B1542325527965N00859090EA0000001156
B1542395528065N00859311EA0000001157
B1542485528199N00859576EA0000001180
B1542555528303N00859769EA0000001163
B1543005528385N00859909EA0000001156
B1543085528517N00900129EA0000001157
B1543135528596N00900266EA0000001147
B1543205528716N00900457EA0000001123
B1543265528819N00900615EA0000001125
B1543315528927N00900650EA0000001113
B1543395529082N00900475EA0000001100
B1543465529200N00900256EA0000001097
B1543555529350N00859975EA0000001089
B1544015529453N00859785EA0000001068
B1544065529544N00859619EA0000001045
B1544125529656N00859413EA0000001029
B1544205529803N00859135EA0000001016
B1544275529931N00858889EA0000001001
B1544405530158N00858414EA0000000974
B1544465530262N00858191EA0000000965
B1544525530364N00857970EA0000000960
B1544585530464N00857747EA0000000945
B1545055530584N00857484EA0000000934
B1545105530670N00857297EA0000000936
B1545155530757N00857108EA0000000933
B1545225530882N00856849EA0000000931
B1545305531030N00856558EA0000000920
B1545355531121N00856376EA0000000912
B1545405531211N00856191EA0000000898
B1545475531336N00855927EA0000000880
B1545535531444N00855702EA0000000866
B1546035531622N00855323EA0000000840
B1546095531730N00855099EA0000000825
B1546155531838N00854877EA0000000810
B1546225531964N00854617EA0000000788
B1546355532185N00854105EA0000000751
B1546405532273N00853908EA0000000741
B1546485532425N00853596EA0000000735
B1546535532523N00853402EA0000000726
B1546595532646N00853171EA0000000712
B1547045532751N00852974EA0000000694
B1547105532877N00852732EA0000000671
B1547195533064N00852368EA0000000637
B1547245533168N00852162EA0000000623
B1547305533294N00851917EA0000000615
B1547365533422N00851677EA0000000610
B1547415533529N00851485EA0000000607
B1547495533702N00851194EA0000000600
B1547555533834N00850980EA0000000580
B1549345536317N00847440EA0000000232
B1549395536452N00847252EA0000000217
B1549455536610N00847030EA0000000202
B1549505536740N00846849EA0000000192
B1549555536871N00846673EA0000000174
B1550005537004N00846500EA0000000157
B1550065537163N00846298EA0000000141
B1550165537431N00845957EA0000000102
B1550255537672N00845640EA0000000070
B1550305537807N00845469EA0000000061
B1550365537967N00845271EA0000000057
B1550415538086N00845115EA0000000091
B1550465538183N00844978EA0000000126
B1550515538260N00844861EA0000000157
B1550585538331N00844714EA0000000178
B1551035538342N00844583EA0000000171
B1551095538293N00844427EA0000000160
B1551145538244N00844298EA0000000157
B1551195538191N00844174EA0000000157
B1551245538120N00844087EA0000000159
B1551295538041N00844118EA0000000152
B1551365538012N00844319EA0000000125
B1551445537992N00844551EA0000000087
B1551535537975N00844809EA0000000047
B1552005537956N00845009EA0000000032
B1552055537941N00845140EA0000000029
B1552105537924N00845262EA0000000028
B1552165537899N00845362EA0000000028
