AOGNOGN
HFDTE190725
HFFXA050
HFPLTPILOTINCHARGE:
HFGTYGLIDERTYPE:ASH-26 E
HFGIDGLIDERID:OY-KVX
HFDTM100GPSDATUM:WGS-1984
HFRFWFIRMWAREVERSION:
HFRHWHARDWAREVERSION:
HFFTYFRTYPE:OGN-FLIGHTBOOK
HFGPSGENERIC
HFPRSPRESSALTSENSOR:
HFCIDCOMPETITIONID:MA
B0916075554522N00926620EA0000000105
B0916105554515N00926673EA0000000106
B0916165554501N00926801EA0000000110
B0916235554484N00926966EA0000000124
B0916345554434N00927222EA0000000153
B0916425554379N00927394EA0000000175
B0916495554317N00927535EA0000000193
B0916575554243N00927689EA0000000205
B0917045554187N00927834EA0000000235
B0917095554152N00927936EA0000000257
B0917155554115N00928069EA0000000280
B0917205554089N00928174EA0000000287
B0917275554048N00928321EA0000000295
B0917335554017N00928448EA0000000309
B0917415553990N00928638EA0000000335
B0917485553983N00928818EA0000000360
B0917585553978N00929074EA0000000374
B0918285553883N00929822EA0000000420
B0918345553873N00929978EA0000000437
B0918405553874N00930125EA0000000465
B0918455553923N00930213EA0000000478
B0918505553996N00930160EA0000000498
B0918575553990N00929965EA0000000519
B0919025553918N00929935EA0000000534
B0919085553867N00930049EA0000000553
B0919135553906N00930153EA0000000566
B0919185553987N00930161EA0000000581
B0919235554041N00930047EA0000000602
B0919295554002N00929892EA0000000616
B0919345553932N00929885EA0000000617
B0919395553905N00929991EA0000000627
B0919445553954N00930075EA0000000633
B0919495554025N00930027EA0000000638
B0919565554023N00929835EA0000000646
B0920015553956N00929800EA0000000651
B0920065553922N00929889EA0000000650
B0920115553955N00929980EA0000000642
B0920165554032N00929986EA0000000635
B0920215554097N00929894EA0000000639
B0920265554127N00929761EA0000000645
B0920315554100N00929635EA0000000642
B0920365554041N00929576EA0000000637
B0920415553980N00929596EA0000000636
B0920475553939N00929693EA0000000641
B0920525553923N00929782EA0000000636
B0920575553948N00929876EA0000000626
B0921025554018N00929900EA0000000626
B0921075554081N00929816EA0000000629
B0921135554100N00929653EA0000000630
B0921185554064N00929546EA0000000621
B0921235554000N00929544EA0000000625
B0921285553968N00929629EA0000000624
B0921335553982N00929731EA0000000620
B0921385554031N00929804EA0000000618
B0921445554112N00929871EA0000000613
B0921495554185N00929923EA0000000611
B0921555554282N00929986EA0000000600
B0922015554385N00930041EA0000000603
B0922075554482N00930084EA0000000613
B0922145554590N00930120EA0000000611
B0922195554665N00930139EA0000000602
B0922275554797N00930160EA0000000597
B0922355554921N00930155EA0000000607
B0922405554976N00930067EA0000000606
B0922455554964N00929933EA0000000601
B0922505554895N00929883EA0000000608
B0922555554833N00929922EA0000000618
B0923005554826N00930025EA0000000621
B0923055554892N00930066EA0000000613
B0923105554951N00929973EA0000000616
B0923155554945N00929842EA0000000619
B0923205554888N00929760EA0000000630
B0923255554827N00929785EA0000000629
B0923305554831N00929902EA0000000633
B0923355554905N00929924EA0000000637
B0923405554957N00929822EA0000000644
B0923455554945N00929690EA0000000649
B0923505554878N00929640EA0000000652
B0923555554837N00929726EA0000000664
B0924005554862N00929833EA0000000669
B0924055554936N00929846EA0000000668
B0924105554981N00929740EA0000000678
B0924165554942N00929599EA0000000673
B0924235554869N00929671EA0000000694
B0924285554913N00929762EA0000000694
B0924335554981N00929709EA0000000702
B0924385554987N00929575EA0000000701
B0924435554932N00929488EA0000000713
B0924495554866N00929529EA0000000721
B0924555554906N00929638EA0000000713
B0925005554977N00929580EA0000000723
B0925055554980N00929445EA0000000720
B0925105554926N00929348EA0000000732
B0925155554864N00929330EA0000000736
B0925205554838N00929423EA0000000720
B0925255554888N00929505EA0000000721
B0925305554961N00929478EA0000000723
B0925355555008N00929365EA0000000732
B0925405555009N00929230EA0000000744
B0925465554934N00929178EA0000000741
B0925515554904N00929270EA0000000744
B0925565554953N00929348EA0000000748
B0926015555026N00929336EA0000000764
B0926065555075N00929232EA0000000762
B0926115555043N00929104EA0000000774
B0926175554974N00929143EA0000000781
B0926225555001N00929243EA0000000795
B0926275555072N00929231EA0000000797
B0926335555101N00929066EA0000000808
B0926385555041N00928998EA0000000819
B0926435555000N00929077EA0000000820
B0926485555044N00929162EA0000000832
B0926535555112N00929114EA0000000836
B0926585555136N00928977EA0000000844
B0927035555083N00928891EA0000000848
B0927095555026N00928965EA0000000854
B0927145555057N00929058EA0000000863
B0927195555127N00929043EA0000000863
B0927245555167N00928912EA0000000865
B0927295555130N00928786EA0000000873
B0927345555065N00928774EA0000000876
B0927395555045N00928873EA0000000884
B0927445555097N00928930EA0000000893
B0927495555163N00928847EA0000000898
B0927545555154N00928709EA0000000905
B0927595555089N00928666EA0000000908
B0928045555045N00928738EA0000000916
B0928095555057N00928838EA0000000922
B0928145555113N00928892EA0000000927
B0928195555177N00928808EA0000000925
B0928245555164N00928665EA0000000937
B0928295555097N00928635EA0000000941
B0928345555071N00928731EA0000000948
B0928405555142N00928779EA0000000955
B0928455555185N00928656EA0000000967
B0928505555141N00928547EA0000000970
B0928555555080N00928580EA0000000975
B0929005555090N00928680EA0000000985
B0929055555160N00928675EA0000000987
B0929115555181N00928510EA0000000993
B0929165555113N00928457EA0000000996
B0929215555074N00928539EA0000001006
B0929265555112N00928621EA0000001015
B0929315555181N00928564EA0000001018
B0929365555170N00928418EA0000001020
B0929415555098N00928399EA0000001022
B0929465555057N00928486EA0000001037
B0929515555080N00928577EA0000001036
B0929565555155N00928546EA0000001036
B0930015555192N00928406EA0000001046
B0930075555237N00928233EA0000001040
B0930125555289N00928102EA0000001043
B0930195555364N00927917EA0000001043
B0930245555425N00927793EA0000001035
B0930295555500N00927674EA0000001017
B0930365555614N00927506EA0000001009
B0930415555699N00927395EA0000001000
B0930475555810N00927273EA0000000982
B0930525555919N00927205EA0000000973
B0930585556055N00927168EA0000000967
B0931035556167N00927140EA0000000979
B0931085556274N00927114EA0000000978
B0931155556432N00927115EA0000000951
B0931225556601N00927146EA0000000936
B0931285556742N00927174EA0000000928
B0931365556929N00927221EA0000000910
B0931425557073N00927256EA0000000898
B0931475557194N00927291EA0000000890
B0931545557360N00927351EA0000000882
B0932005557498N00927409EA0000000877
B0932095557708N00927517EA0000000867
B0932145557824N00927575EA0000000855
B0932195557943N00927638EA0000000839
B0932275558132N00927738EA0000000830
B0932345558288N00927845EA0000000818
B0932395558391N00927944EA0000000810
B0932445558489N00928062EA0000000786
B0932515558621N00928244EA0000000786
B0932565558705N00928376EA0000000795
B0933015558777N00928514EA0000000803
B0933075558848N00928660EA0000000823
B0933125558907N00928763EA0000000825
B0933175558956N00928875EA0000000827
B0933225558990N00928997EA0000000837
B0933275559013N00929121EA0000000839
B0933325559027N00929250EA0000000838
B0933375559049N00929380EA0000000832
B0933435559108N00929535EA0000000820
B0933495559191N00929671EA0000000830
B0933555559272N00929788EA0000000838
B0934005559339N00929888EA0000000824
B0934055559414N00930006EA0000000797
B0934105559499N00930148EA0000000773
B0934155559588N00930297EA0000000765
B0934215559692N00930472EA0000000764
B0934285559809N00930667EA0000000757
B0934335559893N00930799EA0000000753
B0934425600039N00931042EA0000000740
B0934485600132N00931207EA0000000736
B0934545600215N00931378EA0000000737
B0934595600262N00931531EA0000000750
B0935045600290N00931671EA0000000772
B0935125600305N00931861EA0000000792
B0935175600249N00931901EA0000000791
B0935225600199N00931802EA0000000797
B0935275600221N00931673EA0000000798
B0935325600295N00931630EA0000000787
B0935385600382N00931705EA0000000793
B0935435600435N00931801EA0000000789
B0935495600509N00931938EA0000000763
B0935545600581N00932073EA0000000734
B0935595600659N00932221EA0000000716
B0936085600793N00932483EA0000000733
B0936155600890N00932656EA0000000766
B0936205600948N00932751EA0000000786
B0936255601015N00932816EA0000000773
B0936345601116N00933012EA0000000758
B0936395601166N00933125EA0000000766
B0936445601220N00933214EA0000000772
B0936495601275N00933298EA0000000766
B0936545601344N00933365EA0000000768
B0936595601423N00933362EA0000000774
B0937085601445N00933152EA0000000774
B0937145601367N00933102EA0000000778
B0937215601283N00933131EA0000000785
B0937275601219N00933182EA0000000784
B0937345601159N00933273EA0000000801
B0937405601150N00933386EA0000000787
B0937455601224N00933419EA0000000794
B0937505601272N00933312EA0000000805
B0937585601233N00933141EA0000000803
B0938035601169N00933139EA0000000808
B0938085601115N00933176EA0000000814
B0938145601066N00933253EA0000000813
B0938195601085N00933363EA0000000807
B0938285601195N00933274EA0000000821
B0938365601209N00933036EA0000000818
B0938415601213N00932892EA0000000819
B0938495601215N00932654EA0000000793
B0938565601217N00932397EA0000000765
B0939025601222N00932178EA0000000781
B0939085601228N00931985EA0000000799
B0939145601226N00931815EA0000000809
B0939205601166N00931709EA0000000807
B0939265601101N00931778EA0000000808
B0939315601113N00931891EA0000000814
B0939385601200N00931963EA0000000824
B0939445601279N00931903EA0000000824
B0939505601255N00931744EA0000000823
B0939555601185N00931728EA0000000824
B0940015601151N00931846EA0000000825
B0940075601191N00931961EA0000000838
B0940195601331N00931842EA0000000834
B0940245601281N00931737EA0000000848
B0940335601208N00931863EA0000000847
B0940385601276N00931927EA0000000849
B0940445601369N00931837EA0000000857
B0940495601405N00931702EA0000000873
B0940545601382N00931575EA0000000879
B0940595601319N00931519EA0000000871
B0941085601246N00931665EA0000000867
B0941135601287N00931760EA0000000869
B0941205601397N00931742EA0000000869
B0941255601464N00931652EA0000000883
B0941315601481N00931493EA0000000883
B0941395601414N00931295EA0000000862
B0941585601686N00930808EA0000000784
B0942095601942N00930630EA0000000761
B0942155602084N00930543EA0000000757
B0942205602202N00930485EA0000000763
B0942265602341N00930420EA0000000754
B0942315602458N00930369EA0000000750
B0942395602641N00930296EA0000000742
B0942475602818N00930225EA0000000744
B0942525602920N00930176EA0000000753
B0942585603030N00930129EA0000000776
B0943045603128N00930081EA0000000791
B0943105603221N00930062EA0000000792
B0943155603283N00930129EA0000000800
B0943215603296N00930260EA0000000804
B0943265603254N00930347EA0000000801
B0943315603186N00930367EA0000000799
B0943435603077N00930143EA0000000808
B0943525603075N00929885EA0000000816
B0943585603091N00929736EA0000000814
B0944055603173N00929628EA0000000790
B0944105603262N00929658EA0000000768
B0944155603332N00929770EA0000000771
B0944205603389N00929889EA0000000775
B0944265603473N00929991EA0000000781
B0944315603557N00929993EA0000000780
B0944405603673N00929760EA0000000738
B0944485603758N00929458EA0000000713
B0944535603804N00929256EA0000000706
B0944595603863N00929017EA0000000690
B0945065603946N00928751EA0000000674
B0945115604012N00928567EA0000000664
B0945175604090N00928347EA0000000656
B0945235604169N00928126EA0000000659
B0945285604237N00927948EA0000000662
B0945335604307N00927774EA0000000649
B0945405604410N00927531EA0000000626
B0945485604524N00927243EA0000000604
B0945545604609N00927030EA0000000594
B0945595604682N00926870EA0000000616
B0946045604747N00926736EA0000000650
B0946095604772N00926606EA0000000659
B0946145604715N00926542EA0000000668
B0946195604679N00926637EA0000000678
B0946245604722N00926733EA0000000681
B0946295604797N00926701EA0000000683
B0946345604830N00926577EA0000000685
B0946395604798N00926464EA0000000699
B0946465604714N00926408EA0000000711
B0946515604686N00926517EA0000000708
B0946565604752N00926578EA0000000723
B0947015604806N00926481EA0000000725
B0947065604779N00926360EA0000000729
B0947115604713N00926375EA0000000739
B0947165604696N00926492EA0000000745
B0947215604750N00926568EA0000000756
B0947265604813N00926495EA0000000753
B0947315604795N00926366EA0000000755
B0947375604713N00926351EA0000000770
B0947425604665N00926431EA0000000774
B0947475604703N00926542EA0000000775
B0947525604776N00926496EA0000000782
B0947575604786N00926363EA0000000785
B0948035604719N00926269EA0000000795
B0948085604656N00926305EA0000000800
B0948135604656N00926430EA0000000802
B0948185604725N00926473EA0000000809
B0948235604781N00926378EA0000000807
B0948285604834N00926240EA0000000785
B0948335604897N00926077EA0000000783
B0948385604960N00925906EA0000000791
B0948435605023N00925740EA0000000813
B0948495605076N00925558EA0000000827
B0948555605109N00925382EA0000000828
B0949015605154N00925219EA0000000819
B0949075605198N00925052EA0000000826
B0949125605229N00924921EA0000000842
B0949175605229N00924800EA0000000844
B0949235605156N00924791EA0000000849
B0949285605157N00924912EA0000000843
B0949365605266N00924974EA0000000855
B0949415605337N00924957EA0000000856
B0949465605406N00924918EA0000000855
B0949515605463N00924828EA0000000840
B0949575605528N00924675EA0000000836
B0950025605575N00924532EA0000000829
B0950075605608N00924369EA0000000821
B0950125605640N00924183EA0000000812
B0950245605683N00923689EA0000000794
B0950295605695N00923477EA0000000779
B0950355605708N00923218EA0000000768
B0950405605716N00923003EA0000000767
B0950455605727N00922786EA0000000764
B0950525605750N00922482EA0000000762
B0951005605784N00922138EA0000000743
B0951075605821N00921843EA0000000733
B0951145605856N00921568EA0000000733
B0951215605885N00921313EA0000000738
B0951285605911N00921085EA0000000747
B0951355605956N00920895EA0000000765
B0951405605986N00920769EA0000000772
B0951455605981N00920638EA0000000774
B0951505605914N00920598EA0000000778
B0951565605867N00920706EA0000000779
B0952015605903N00920820EA0000000782
B0952065605967N00920876EA0000000798
B0952115606037N00920873EA0000000793
B0952165606079N00920751EA0000000791
B0952215606046N00920626EA0000000804
B0952285605965N00920648EA0000000804
B0952335605967N00920770EA0000000809
B0952385606028N00920840EA0000000816
B0952455606131N00920796EA0000000818
B0952515606184N00920669EA0000000817
B0952565606169N00920538EA0000000813
B0953015606108N00920497EA0000000832
B0953065606071N00920573EA0000000830
B0953115606103N00920683EA0000000832
B0953165606177N00920689EA0000000837
B0953215606217N00920572EA0000000834
B0953265606184N00920451EA0000000841
B0953315606128N00920392EA0000000852
B0953365606075N00920443EA0000000841
B0953415606092N00920572EA0000000843
B0953465606170N00920597EA0000000856
B0953515606226N00920496EA0000000863
B0953565606207N00920372EA0000000866
B0954015606143N00920376EA0000000868
B0954065606130N00920497EA0000000866
B0954115606185N00920586EA0000000877
B0954165606261N00920600EA0000000863
B0954215606353N00920566EA0000000846
B0954265606452N00920514EA0000000831
B0954325606575N00920434EA0000000810
B0954395606724N00920330EA0000000784
B0954445606840N00920270EA0000000761
B0954525607023N00920200EA0000000775
B0954575607123N00920184EA0000000807
B0955025607200N00920133EA0000000831
B0955085607197N00919981EA0000000842
B0955145607114N00920002EA0000000843
B0955195607121N00920121EA0000000859
B0955245607188N00920156EA0000000869
B0955305607239N00920026EA0000000872
B0955355607186N00919929EA0000000870
B0955405607126N00919992EA0000000888
B0955455607127N00920107EA0000000898
B0955515607209N00920119EA0000000897
B0955565607225N00919981EA0000000908
B0956015607159N00919933EA0000000914
B0956065607106N00920011EA0000000929
B0956125607138N00920128EA0000000928
B0956175607211N00920068EA0000000939
B0956225607211N00919927EA0000000953
B0956285607132N00919893EA0000000959
B0956335607108N00920005EA0000000967
B0956385607167N00920054EA0000000975
B0956445607222N00919916EA0000000984
B0956495607173N00919815EA0000000995
B0956545607112N00919867EA0000000998
B0957005607147N00919984EA0000001003
B0957055607219N00919938EA0000001015
B0957105607248N00919812EA0000001025
B0957155607196N00919718EA0000001027
B0957215607141N00919814EA0000001032
B0957265607192N00919885EA0000001039
B0957315607263N00919831EA0000001048
B0957365607290N00919704EA0000001051
B0957415607232N00919612EA0000001052
B0957475607172N00919704EA0000001065
B0957525607213N00919787EA0000001065
B0957575607281N00919728EA0000001071
B0958025607286N00919587EA0000001082
B0958085607209N00919524EA0000001085
B0958135607178N00919624EA0000001084
B0958185607229N00919700EA0000001083
B0958235607305N00919693EA0000001087
B0958295607402N00919641EA0000001092
B0958345607479N00919598EA0000001109
B0958405607564N00919550EA0000001119
B0958455607637N00919509EA0000001130
B0958515607726N00919451EA0000001147
B0958565607803N00919394EA0000001137
B0959015607888N00919320EA0000001121
B0959085608028N00919192EA0000001084
B0959145608162N00919067EA0000001071
B0959265608427N00918814EA0000001050
B0959325608562N00918685EA0000001045
B0959415608768N00918514EA0000001042
B0959485608925N00918414EA0000001056
B0959585609144N00918274EA0000001038
B1000065609333N00918174EA0000001040
B1000135609500N00918090EA0000001035
B1000195609644N00918014EA0000001027
B1000245609766N00917949EA0000001011
B1000295609891N00917879EA0000001004
B1000345610017N00917812EA0000000997
B1000395610143N00917745EA0000000993
B1000465610317N00917651EA0000000986
B1000525610469N00917565EA0000000973
B1000585610620N00917467EA0000000966
B1001045610770N00917378EA0000000962
B1001095610893N00917307EA0000000954
B1001165611066N00917212EA0000000935
B1001215611190N00917145EA0000000931
B1001275611335N00917065EA0000000932
B1001325611450N00916996EA0000000939
B1001375611560N00916923EA0000000937
B1001435611696N00916838EA0000000926
B1001495611831N00916751EA0000000919
B1001545611946N00916683EA0000000911
B1002015612110N00916596EA0000000889
B1002075612258N00916520EA0000000871
B1002145612426N00916444EA0000000883
B1002205612562N00916377EA0000000866
B1002255612683N00916316EA0000000847
B1002305612804N00916252EA0000000841
B1002355612922N00916186EA0000000838
B1002405613036N00916111EA0000000838
B1002455613146N00916036EA0000000837
B1002535613315N00915944EA0000000857
B1002585613409N00915904EA0000000870
B1003045613513N00915840EA0000000874
B1003095613591N00915783EA0000000886
B1003145613669N00915723EA0000000864
B1003195613761N00915660EA0000000849
B1003245613858N00915612EA0000000833
B1003295613963N00915565EA0000000808
B1003345614076N00915518EA0000000813
B1003395614183N00915470EA0000000827
B1003445614272N00915433EA0000000856
B1003495614349N00915415EA0000000869
B1003545614406N00915479EA0000000873
B1003595614401N00915606EA0000000866
B1004045614338N00915653EA0000000862
B1004095614289N00915556EA0000000857
B1004145614313N00915420EA0000000856
B1004195614389N00915372EA0000000854
B1004255614488N00915385EA0000000864
B1004315614579N00915403EA0000000874
B1004365614650N00915426EA0000000880
B1004435614749N00915470EA0000000874
B1004495614847N00915502EA0000000870
B1004555614947N00915514EA0000000892
B1005015615035N00915475EA0000000895
B1005065615050N00915327EA0000000897
B1005115614989N00915248EA0000000898
B1005205614882N00915342EA0000000904
B1005265614843N00915466EA0000000925
B1005315614879N00915565EA0000000926
B1005365614962N00915537EA0000000916
B1005425614985N00915363EA0000000926
B1005485614918N00915267EA0000000935
B1005555614830N00915306EA0000000952
B1006025614861N00915461EA0000000930
B1006075614956N00915492EA0000000922
B1006125615056N00915494EA0000000924
B1006205615210N00915457EA0000000933
B1006255615304N00915425EA0000000926
B1006315615425N00915425EA0000000907
B1006365615532N00915447EA0000000898
B1006425615663N00915486EA0000000899
B1006475615773N00915522EA0000000900
B1006525615881N00915561EA0000000904
B1006575615987N00915613EA0000000901
B1007025616091N00915683EA0000000893
B1007075616195N00915752EA0000000884
B1007135616323N00915820EA0000000876
B1007185616420N00915873EA0000000908
B1007245616516N00915902EA0000000932
B1007305616550N00915758EA0000000941
B1007365616476N00915707EA0000000933
B1007415616438N00915817EA0000000939
B1007475616455N00915963EA0000000963
B1007525616509N00916032EA0000000969
B1007585616576N00915913EA0000000968
B1008035616533N00915801EA0000000980
B1008085616467N00915802EA0000000994
B1008135616429N00915888EA0000001001
B1008185616457N00915999EA0000001002
B1008235616535N00915980EA0000001014
B1008285616553N00915850EA0000001023
B1008335616496N00915781EA0000001032
B1008385616454N00915865EA0000001035
B1008445616515N00915971EA0000001045
B1008495616585N00915909EA0000001063
B1008545616594N00915783EA0000001057
B1009005616516N00915743EA0000001071
B1009055616500N00915861EA0000001078
B1009115616581N00915918EA0000001092
B1009165616638N00915823EA0000001100
B1009215616616N00915698EA0000001090
B1009265616546N00915688EA0000001105
B1009315616520N00915795EA0000001113
B1009365616577N00915881EA0000001112
B1009425616689N00915845EA0000001096
B1009485616811N00915747EA0000001077
B1009565616974N00915574EA0000001067
B1010015617078N00915464EA0000001075
B1010065617184N00915372EA0000001067
B1010125617320N00915278EA0000001053
B1010175617434N00915203EA0000001050
B1010235617567N00915110EA0000001049
B1010285617674N00915029EA0000001059
B1010335617773N00914942EA0000001059
B1010395617894N00914829EA0000001034
B1010445618000N00914735EA0000001037
B1010545618210N00914553EA0000001037
B1011015618357N00914430EA0000001047
B1011075618481N00914331EA0000001054
B1011135618604N00914250EA0000001049
B1011185618715N00914183EA0000001023
B1011235618831N00914116EA0000001025
B1011305618988N00914025EA0000001031
B1011375619151N00913972EA0000001034
B1011435619295N00913951EA0000001037
B1011575619615N00913999EA0000001020
B1012035619753N00914029EA0000001020
B1012385620529N00914383EA0000000972
B1012435620643N00914434EA0000000966
B1012515620822N00914518EA0000000959
B1012565620934N00914566EA0000000960
B1013035621089N00914648EA0000000957
B1013085621192N00914731EA0000000951
B1013175621376N00914888EA0000000936
B1013255621537N00915028EA0000000928
B1013305621631N00915118EA0000000924
B1013365621744N00915233EA0000000918
B1013415621836N00915338EA0000000909
B1013495621984N00915525EA0000000893
B1013575622134N00915717EA0000000883
B1014045622262N00915879EA0000000882
B1014125622410N00916052EA0000000879
B1014265622663N00916353EA0000000857
B1014325622771N00916481EA0000000866
B1014405622907N00916649EA0000000866
B1014455622994N00916756EA0000000856
B1014515623106N00916888EA0000000844
B1014575623222N00917017EA0000000837
B1015065623396N00917210EA0000000824
B1015115623491N00917314EA0000000820
B1015185623620N00917458EA0000000815
B1015235623704N00917567EA0000000812
B1015295623786N00917693EA0000000835
B1015415623911N00917928EA0000000838
B1015465623974N00918018EA0000000828
B1015525624069N00918086EA0000000825
B1015595624202N00918128EA0000000779
B1016135624528N00918239EA0000000750
B1016295624878N00918375EA0000000744
B1016345624985N00918423EA0000000735
B1016455625217N00918545EA0000000721
B1016525625369N00918626EA0000000707
B1016595625523N00918713EA0000000705
B1017055625654N00918781EA0000000701
B1017145625852N00918876EA0000000688
B1017195625962N00918933EA0000000684
B1017245626072N00918995EA0000000680
B1017315626226N00919088EA0000000661
B1017365626337N00919158EA0000000659
B1017435626487N00919252EA0000000652
B1017505626637N00919348EA0000000644
B1017585626808N00919449EA0000000637
B1018235627342N00919771EA0000000608
B1018285627448N00919835EA0000000606
B1018355627594N00919922EA0000000602
B1018405627697N00919980EA0000000603
B1018485627855N00920073EA0000000597
B1018555627998N00920160EA0000000567
B1019025628144N00920275EA0000000560
B1019075628248N00920355EA0000000566
B1019125628341N00920438EA0000000577
B1019265628593N00920627EA0000000560
B1019335628722N00920699EA0000000553
B1019395628817N00920771EA0000000572
B1019475628923N00920853EA0000000581
B1019545629017N00920882EA0000000583
B1020015629106N00920939EA0000000577
B1020075629161N00921047EA0000000577
B1020145629223N00921184EA0000000586
B1020215629285N00921314EA0000000598
B1020265629260N00921410EA0000000600
B1020315629192N00921398EA0000000607
B1020365629154N00921284EA0000000618
B1020425629158N00921123EA0000000629
B1020485629229N00921051EA0000000638
B1020535629259N00921150EA0000000639
B1020585629209N00921233EA0000000640
B1021045629139N00921165EA0000000654
B1021095629124N00921030EA0000000661
B1021145629170N00920933EA0000000666
B1021195629234N00920966EA0000000673
B1021245629241N00921075EA0000000677
B1021315629153N00921090EA0000000675
B1021365629126N00920959EA0000000683
B1021465629201N00920758EA0000000690
B1021515629274N00920779EA0000000678
B1021565629321N00920883EA0000000686
B1022035629377N00921004EA0000000705
B1022095629423N00921120EA0000000688
B1022165629461N00921287EA0000000689
B1022245629502N00921490EA0000000680
B1022305629540N00921646EA0000000670
B1022375629582N00921833EA0000000677
B1022445629624N00922005EA0000000694
B1022505629587N00922119EA0000000702
B1022575629511N00922024EA0000000711
B1023035629533N00921864EA0000000718
B1023085629604N00921818EA0000000728
B1023135629662N00921898EA0000000730
B1023185629648N00922018EA0000000740
B1023265629561N00921949EA0000000750
B1023315629578N00921815EA0000000765
B1023365629645N00921776EA0000000765
B1023425629709N00921877EA0000000769
B1023475629702N00921996EA0000000775
B1023585629587N00921927EA0000000781
B1024045629575N00921763EA0000000794
B1024125629652N00921611EA0000000794
B1024175629725N00921663EA0000000791
B1024265629806N00921889EA0000000787
B1024375629927N00922157EA0000000783
B1025015630253N00922823EA0000000731
B1025065630322N00922968EA0000000726
B1025135630407N00923170EA0000000728
B1025185630472N00923312EA0000000727
B1025235630542N00923455EA0000000718
B1025285630614N00923598EA0000000713
B1025335630684N00923742EA0000000710
B1025385630755N00923883EA0000000706
B1025445630838N00924048EA0000000708
B1025495630898N00924191EA0000000708
B1025555630946N00924370EA0000000723
B1026015630968N00924530EA0000000731
B1026065630987N00924656EA0000000728
B1026165631042N00924892EA0000000718
B1026235631148N00924960EA0000000711
B1026325631304N00924966EA0000000699
B1026455631553N00925102EA0000000651
B1026535631702N00925220EA0000000653
B1027015631808N00925369EA0000000684
B1027405632361N00925342EA0000000612
B1027555632695N00925231EA0000000599
B1028255632656N00924361EA0000000618
B1028385632481N00924420EA0000000598
B1028505632332N00924660EA0000000605
B1029085632122N00924988EA0000000599
B1029155632047N00925122EA0000000597
B1029235631943N00925232EA0000000587
B1029335631779N00925262EA0000000575
B1029445631595N00925242EA0000000568
B1029555631402N00925222EA0000000562
B1030065631215N00925207EA0000000536
B1030185630962N00925186EA0000000513
B1030245630834N00925172EA0000000518
B1030455630798N00925242EA0000000555
B1030575630734N00924981EA0000000568
B1031035630655N00924986EA0000000555
B1031095630562N00925014EA0000000549
B1031145630479N00925036EA0000000551
B1031195630393N00925049EA0000000554
B1031265630283N00925114EA0000000551
B1031365630146N00925272EA0000000545
B1031425630064N00925358EA0000000534
B1031505629952N00925469EA0000000530
B1031565629872N00925547EA0000000524
B1032035629763N00925595EA0000000507
B1032085629686N00925612EA0000000509
B1032155629589N00925657EA0000000513
B1032205629524N00925701EA0000000506
B1032265629438N00925755EA0000000493
B1032385629282N00925542EA0000000472
B1032435629233N00925419EA0000000472
B1033025629032N00924994EA0000000462
B1033095628961N00924856EA0000000473
B1033145628895N00924887EA0000000472
B1033195628895N00925000EA0000000466
B1033245628958N00925035EA0000000448
B1033305629020N00924912EA0000000454
B1033385629032N00924707EA0000000478
B1033435628989N00924612EA0000000469
B1033485628922N00924671EA0000000473
B1033555628973N00924797EA0000000488
B1034005629031N00924715EA0000000487
B1034055629005N00924584EA0000000500
B1034135628919N00924672EA0000000505
B1034195628979N00924756EA0000000517
B1034245629035N00924669EA0000000521
B1034295629006N00924545EA0000000529
B1034345628939N00924581EA0000000531
B1034395628948N00924702EA0000000546
B1034445629014N00924713EA0000000554
B1034515629025N00924535EA0000000563
B1034575628948N00924573EA0000000570
B1035025628969N00924688EA0000000583
B1035075629042N00924679EA0000000595
B1035135629073N00924521EA0000000607
B1035185629018N00924434EA0000000620
B1035235628962N00924505EA0000000627
B1035295629013N00924616EA0000000624
B1036045629114N00924376EA0000000690
B1036345629093N00924351EA0000000739
B1036425628998N00924424EA0000000744
B1036475629027N00924527EA0000000748
B1036525629097N00924509EA0000000756
B1036585629106N00924348EA0000000759
B1037035629034N00924307EA0000000767
B1037265629113N00924355EA0000000798
B1037475629081N00924566EA0000000811
B1037525629126N00924453EA0000000812
B1045575624927N00921374EA0000000995
B1046025624818N00921394EA0000000988
B1046085624686N00921425EA0000000983
B1046185624469N00921397EA0000000972
B1046265624301N00921341EA0000000960
B1046345624132N00921291EA0000000941
B1046435623944N00921249EA0000000928
B1046505623798N00921204EA0000000919
B1046555623691N00921165EA0000000907
B1047015623563N00921120EA0000000911
B1047085623413N00921079EA0000000905
B1047175623221N00921021EA0000000896
B1047225623113N00920992EA0000000890
B1047275623002N00920968EA0000000885
B1047325622893N00920945EA0000000882
B1047415622695N00920907EA0000000873
B1047475622562N00920869EA0000000869
B1047545622412N00920826EA0000000869
B1047595622311N00920790EA0000000869
B1048265621783N00920636EA0000000903
B1048315621754N00920746EA0000000909
B1048385621850N00920826EA0000000914
B1048445621917N00920703EA0000000929
B1048505621907N00920553EA0000000932
B1048565621831N00920538EA0000000941
B1049015621804N00920639EA0000000946
B1049065621841N00920742EA0000000935
B1049115621920N00920731EA0000000943
B1049165621968N00920624EA0000000952
B1049215621949N00920502EA0000000941
B1049265621882N00920464EA0000000944
B1049335621774N00920422EA0000000929
B1049405621643N00920374EA0000000909
B1049455621540N00920334EA0000000897
B1049515621413N00920269EA0000000886
B1049575621283N00920203EA0000000879
B1050035621154N00920143EA0000000875
B1050095621030N00920075EA0000000871
B1050145620927N00920021EA0000000863
B1050205620803N00919950EA0000000855
B1050265620678N00919889EA0000000851
B1050315620575N00919847EA0000000857
B1050365620484N00919812EA0000000880
B1050425620390N00919788EA0000000907
B1050475620338N00919855EA0000000915
B1050525620362N00919968EA0000000914
B1050575620439N00919972EA0000000911
B1051025620483N00919848EA0000000917
B1051075620470N00919714EA0000000931
B1051135620437N00919580EA0000000939
B1051185620393N00919486EA0000000945
B1051255620319N00919408EA0000000952
B1051305620254N00919370EA0000000927
B1051395620085N00919291EA0000000870
B1051445619977N00919238EA0000000847
B1051495619868N00919180EA0000000840
B1051555619740N00919108EA0000000831
B1052015619615N00919037EA0000000826
B1052075619492N00918960EA0000000817
B1052125619392N00918895EA0000000808
B1052185619271N00918823EA0000000794
B1052245619149N00918749EA0000000773
B1052315619011N00918660EA0000000772
B1052365618921N00918574EA0000000766
B1052435618798N00918461EA0000000735
B1052505618661N00918352EA0000000722
B1052555618567N00918289EA0000000729
B1053005618484N00918240EA0000000752
B1053055618418N00918202EA0000000775
B1053105618369N00918262EA0000000777
B1053155618407N00918369EA0000000786
B1053205618478N00918309EA0000000798
B1053255618475N00918181EA0000000804
B1053305618412N00918164EA0000000809
B1053355618391N00918281EA0000000824
B1053405618443N00918362EA0000000832
B1053465618511N00918258EA0000000840
B1053515618477N00918149EA0000000854
B1053565618418N00918181EA0000000860
B1054025618443N00918322EA0000000872
B1054085618529N00918271EA0000000886
B1054135618524N00918139EA0000000897
B1054185618463N00918104EA0000000909
B1054285618485N00918288EA0000000924
B1054365618563N00918139EA0000000940
B1054415618516N00918049EA0000000948
B1054465618458N00918107EA0000000960
B1054515618472N00918226EA0000000971
B1054565618550N00918233EA0000000974
B1055015618585N00918104EA0000000983
B1055065618538N00918007EA0000000994
B1055115618473N00918026EA0000001012
B1055165618458N00918137EA0000001015
B1055215618529N00918200EA0000001017
B1055265618590N00918106EA0000001030
B1055315618561N00917982EA0000001039
B1055365618495N00918003EA0000001056
B1055415618491N00918125EA0000001058
B1055465618565N00918175EA0000001066
B1055515618627N00918084EA0000001077
B1055575618615N00917931EA0000001089
B1056025618553N00917904EA0000001094
B1056085618534N00918042EA0000001103
B1056145618619N00918090EA0000001109
B1056195618681N00917997EA0000001120
B1056265618686N00917821EA0000001124
B1056325618616N00917723EA0000001117
B1056375618539N00917670EA0000001137
B1056445618447N00917664EA0000001174
B1056515618472N00917813EA0000001161
B1056565618554N00917782EA0000001189
B1057015618592N00917656EA0000001208
B1057065618549N00917551EA0000001226
B1057115618493N00917601EA0000001240
B1057165618516N00917716EA0000001241
B1057215618596N00917694EA0000001258
B1057265618635N00917557EA0000001276
B1057315618595N00917445EA0000001289
B1057365618536N00917478EA0000001303
B1057415618534N00917597EA0000001296
B1057465618616N00917612EA0000001294
B1057515618644N00917467EA0000001319
B1057565618580N00917370EA0000001308
B1058015618482N00917314EA0000001271
B1058065618367N00917284EA0000001251
B1058115618248N00917265EA0000001241
B1058175618108N00917245EA0000001236
B1058255617926N00917251EA0000001234
B1058305617817N00917273EA0000001232
B1058365617689N00917309EA0000001236
B1058435617545N00917349EA0000001237
B1058485617444N00917386EA0000001231
B1058535617346N00917429EA0000001220
B1058595617224N00917484EA0000001203
B1059045617124N00917548EA0000001208
B1059095617039N00917642EA0000001223
B1059165616942N00917757EA0000001257
B1059215616884N00917833EA0000001245
B1059265616811N00917926EA0000001198
B1059315616725N00918036EA0000001187
B1059375616622N00918164EA0000001179
B1059425616533N00918259EA0000001174
B1059505616386N00918385EA0000001163
B1059565616264N00918450EA0000001157
B1100035616113N00918506EA0000001157
B1100105615963N00918558EA0000001146
B1100155615857N00918594EA0000001140
B1100215615732N00918637EA0000001130
B1100285615587N00918692EA0000001123
B1100335615485N00918727EA0000001117
B1100385615383N00918767EA0000001111
B1100435615279N00918806EA0000001103
B1100495615148N00918852EA0000001100
B1100545615038N00918887EA0000001098
B1101005614907N00918923EA0000001091
B1101075614755N00918965EA0000001083
B1101125614646N00918991EA0000001078
B1101175614538N00919016EA0000001075
B1101235614406N00919042EA0000001067
B1101325614212N00919075EA0000001052
B1101385614084N00919093EA0000001042
B1101435613977N00919096EA0000001033
B1101505613829N00919104EA0000001021
B1101575613679N00919105EA0000000996
B1102025613570N00919105EA0000000995
B1102095613417N00919090EA0000000985
B1102165613265N00919057EA0000000980
B1102265613049N00918997EA0000000966
B1102315612941N00918957EA0000000957
B1102375612810N00918905EA0000000945
B1102445612657N00918851EA0000000930
B1102495612546N00918811EA0000000929
B1102565612392N00918763EA0000000933
B1103015612285N00918738EA0000000921
B1103085612134N00918710EA0000000913
B1103185611921N00918653EA0000000893
B1103245611793N00918620EA0000000885
B1103305611667N00918588EA0000000872
B1103365611538N00918558EA0000000859
B1103435611387N00918532EA0000000855
B1103515611216N00918506EA0000000842
B1103565611108N00918501EA0000000835
B1104015610999N00918505EA0000000831
B1104085610848N00918518EA0000000822
B1104145610720N00918532EA0000000824
B1104235610535N00918537EA0000000830
B1104305610391N00918527EA0000000827
B1104355610289N00918529EA0000000818
B1104415610165N00918531EA0000000807
B1104495609998N00918533EA0000000806
B1104545609906N00918526EA0000000833
B1105005609824N00918548EA0000000852
B1105075609760N00918419EA0000000847
B1105125609802N00918302EA0000000852
B1105185609889N00918335EA0000000866
B1105265609906N00918504EA0000000863
B1105325609820N00918549EA0000000849
B1105375609727N00918545EA0000000827
B1105425609625N00918528EA0000000820
B1105485609497N00918500EA0000000815
B1105555609344N00918458EA0000000815
B1106005609237N00918448EA0000000819
B1106065609120N00918435EA0000000850
B1106135609014N00918426EA0000000870
B1106185608946N00918438EA0000000869
B1106235608875N00918471EA0000000858
B1106295608775N00918499EA0000000839
B1106345608677N00918475EA0000000834
B1106405608563N00918424EA0000000850
B1106465608461N00918379EA0000000866
B1106525608371N00918334EA0000000872
B1106575608298N00918294EA0000000847
B1107055608147N00918197EA0000000803
B1107105608048N00918118EA0000000798
B1107175607923N00917965EA0000000799
B1107225607838N00917860EA0000000806
B1107285607751N00917742EA0000000811
B1107355607650N00917614EA0000000810
B1107425607550N00917504EA0000000804
B1107495607450N00917404EA0000000800
B1107545607374N00917357EA0000000802
B1108035607242N00917398EA0000000790
B1108085607176N00917459EA0000000814
B1108135607129N00917527EA0000000820
B1108195607179N00917646EA0000000810
B1108245607256N00917594EA0000000826
B1108295607264N00917472EA0000000833
B1108345607223N00917369EA0000000846
B1108405607173N00917272EA0000000865
B1108465607102N00917260EA0000000835
B1108535606996N00917350EA0000000820
B1108585606913N00917421EA0000000801
B1109055606784N00917532EA0000000787
B1109105606693N00917627EA0000000787
B1109275606413N00918015EA0000000768
B1109325606335N00918135EA0000000751
B1109375606260N00918264EA0000000742
B1109455606142N00918467EA0000000713
B1109515606044N00918614EA0000000693
B1110015605876N00918851EA0000000670
B1110155605649N00919188EA0000000644
B1110385605278N00919724EA0000000629
B1110485605138N00919960EA0000000607
B1110545605055N00920098EA0000000615
B1111015604967N00920214EA0000000648
B1111135604871N00920408EA0000000670
B1111235604989N00920377EA0000000686
B1111285604961N00920250EA0000000688
B1111345604877N00920244EA0000000710
B1111405604827N00920342EA0000000723
B1111455604864N00920455EA0000000728
B1111505604941N00920439EA0000000741
B1111575604938N00920266EA0000000752
B1112025604870N00920232EA0000000777
B1112075604834N00920323EA0000000781
B1112125604881N00920429EA0000000785
B1112185604959N00920354EA0000000812
B1112235604941N00920239EA0000000826
B1112285604877N00920235EA0000000839
B1112345604853N00920370EA0000000844
B1112395604916N00920449EA0000000853
B1112455605003N00920388EA0000000878
B1112505604994N00920263EA0000000879
B1112555604928N00920286EA0000000900
B1113005604943N00920414EA0000000909
B1113055605020N00920417EA0000000920
B1113115605039N00920264EA0000000933
B1113165604974N00920224EA0000000951
B1113225604948N00920362EA0000000957
B1113275605015N00920435EA0000000970
B1113325605084N00920376EA0000000982
B1113375605098N00920242EA0000000988
B1113425605045N00920152EA0000001004
B1113505604978N00920262EA0000001018
B1113555605044N00920336EA0000001026
B1114025605108N00920197EA0000001047
B1114075605060N00920101EA0000001061
B1114135605002N00920187EA0000001063
B1114185605056N00920296EA0000001069
B1114235605130N00920238EA0000001091
B1114285605148N00920110EA0000001100
B1114335605089N00920041EA0000001108
B1114395605042N00920146EA0000001116
B1114445605091N00920253EA0000001118
B1114495605169N00920215EA0000001140
B1114545605188N00920090EA0000001155
B1114595605131N00920021EA0000001155
B1115045605085N00920106EA0000001169
B1115105605129N00920238EA0000001168
B1115155605207N00920265EA0000001185
B1115205605268N00920183EA0000001185
B1115265605235N00920039EA0000001200
B1115315605178N00920090EA0000001206
B1115365605198N00920221EA0000001211
B1115415605272N00920259EA0000001229
B1115465605341N00920196EA0000001227
B1115515605352N00920052EA0000001235
B1115565605300N00919969EA0000001254
B1116015605241N00920016EA0000001250
B1116075605261N00920168EA0000001258
B1116125605339N00920172EA0000001269
B1116175605387N00920054EA0000001272
B1116225605351N00919940EA0000001284
B1116305605246N00919977EA0000001281
B1116375605138N00920056EA0000001278
B1116445605026N00920146EA0000001276
B1116495604933N00920222EA0000001267
B1116555604808N00920321EA0000001261
B1117005604700N00920391EA0000001258
B1117085604524N00920487EA0000001249
B1117135604417N00920541EA0000001256
B1117185604316N00920586EA0000001253
B1117235604215N00920637EA0000001245
B1117285604116N00920695EA0000001244
B1117335604015N00920752EA0000001245
B1117385603912N00920804EA0000001239
B1117435603806N00920845EA0000001242
B1117485603701N00920888EA0000001242
B1117535603602N00920926EA0000001241
B1117585603501N00920960EA0000001227
B1118045603374N00920997EA0000001211
B1118115603223N00921031EA0000001197
B1118165603116N00921060EA0000001194
B1118225602991N00921097EA0000001189
B1118295602846N00921141EA0000001187
B1118345602743N00921167EA0000001181
B1118395602638N00921189EA0000001167
B1118575602267N00921301EA0000001146
B1119045602122N00921340EA0000001137
B1119095602014N00921369EA0000001133
B1119175601841N00921416EA0000001158
B1119235601723N00921453EA0000001165
B1119285601620N00921484EA0000001158
B1119335601517N00921514EA0000001158
B1119385601414N00921530EA0000001150
B1119445601291N00921551EA0000001144
B1119495601191N00921572EA0000001139
B1119585601010N00921628EA0000001129
B1120075600829N00921669EA0000001127
B1120145600687N00921704EA0000001120
B1120205600564N00921734EA0000001111
B1120305600360N00921773EA0000001097
B1120355600259N00921799EA0000001087
B1120425600125N00921836EA0000001108
B1120475600048N00921834EA0000001128
B1120525559982N00921825EA0000001129
B1120575559929N00921889EA0000001126
B1121025559898N00922003EA0000001122
B1121075559871N00922129EA0000001106
B1121135559820N00922308EA0000001079
B1121195559756N00922485EA0000001078
B1121245559700N00922627EA0000001079
B1121305559637N00922799EA0000001070
B1121375559564N00923002EA0000001064
B1121425559510N00923142EA0000001061
B1121485559445N00923308EA0000001058
B1121545559381N00923467EA0000001059
B1121595559328N00923595EA0000001062
B1122055559278N00923741EA0000001083
B1122125559227N00923886EA0000001102
B1122185559186N00923994EA0000001113
B1122255559104N00923930EA0000001114
B1122305559118N00923781EA0000001126
B1122355559193N00923720EA0000001132
B1122425559272N00923820EA0000001134
B1122475559271N00923945EA0000001136
B1122525559227N00924044EA0000001139
B1122575559172N00924128EA0000001140
B1123035559107N00924233EA0000001150
B1123085559048N00924322EA0000001137
B1123135558980N00924413EA0000001112
B1123195558878N00924541EA0000001093
B1123245558794N00924641EA0000001100
B1123295558713N00924733EA0000001125
B1123345558647N00924796EA0000001159
B1123405558632N00924908EA0000001163
B1123455558707N00924914EA0000001159
B1123505558749N00924778EA0000001169
B1123585558697N00924576EA0000001185
B1124045558615N00924597EA0000001171
B1124115558498N00924622EA0000001127
B1124165558395N00924635EA0000001104
B1124225558266N00924651EA0000001098
B1124275558164N00924660EA0000001109
B1124325558065N00924674EA0000001106
B1124385557955N00924700EA0000001135
B1124445557871N00924716EA0000001157
B1124495557806N00924736EA0000001162
B1124545557773N00924825EA0000001150
B1124595557840N00924872EA0000001152
B1125045557884N00924746EA0000001163
B1125095557843N00924631EA0000001160
B1125155557750N00924623EA0000001156
B1125215557647N00924659EA0000001122
B1125265557545N00924698EA0000001105
B1125315557439N00924738EA0000001093
B1125365557334N00924783EA0000001092
B1125415557235N00924830EA0000001083
B1125475557113N00924886EA0000001084
B1125525557012N00924920EA0000001082
B1125575556907N00924951EA0000001065
B1126065556719N00924983EA0000001065
B1126125556600N00924989EA0000001067
B1126175556512N00925011EA0000001076
B1126225556436N00925040EA0000001085
B1126285556352N00925082EA0000001081
B1126345556271N00925137EA0000001079
B1126425556175N00925234EA0000001091
B1126505556089N00925327EA0000001090
B1126555556030N00925385EA0000001072
B1127015555961N00925501EA0000001069
B1127075555895N00925649EA0000001054
B1127125555842N00925789EA0000001046
B1127185555779N00925965EA0000001029
B1127235555723N00926117EA0000001020
B1127295555654N00926304EA0000001010
B1127375555551N00926549EA0000000999
B1127425555485N00926697EA0000000995
B1127495555395N00926904EA0000000989
B1127565555310N00927104EA0000000988
B1128045555211N00927324EA0000000979
B1128105555133N00927472EA0000000998
B1128175555048N00927609EA0000001008
B1128225554991N00927682EA0000001022
B1128275554942N00927748EA0000001030
B1128335554885N00927816EA0000001033
B1128395554850N00927905EA0000001032
B1128445554864N00928012EA0000001018
B1128495554866N00928128EA0000001012
B1128555554795N00928196EA0000001021
B1129005554721N00928148EA0000001024
B1129055554655N00928080EA0000001022
B1129105554578N00928065EA0000001005
B1129165554481N00928090EA0000001016
B1129215554409N00928100EA0000001028
B1129265554339N00928110EA0000001013
B1129315554262N00928140EA0000001008
B1129375554177N00928185EA0000001009
B1129445554086N00928233EA0000001013
B1129495554020N00928248EA0000001011
B1129555553937N00928257EA0000001019
B1130015553862N00928269EA0000001029
B1130075553834N00928386EA0000000999
B1130125553922N00928425EA0000000993
B1130185553994N00928302EA0000001004
B1130255554048N00928124EA0000001017
B1130325554093N00927942EA0000001014
B1130375554124N00927804EA0000001023
B1130435554132N00927643EA0000001022
B1130485554063N00927591EA0000001002
B1130545554032N00927719EA0000001018
B1130595554087N00927795EA0000001029
B1131045554157N00927696EA0000001035
B1131095554126N00927564EA0000001043
B1131145554063N00927597EA0000001040
B1131195554069N00927717EA0000001061
B1131245554133N00927756EA0000001069
B1131315554163N00927562EA0000001073
B1131365554097N00927563EA0000001087
B1131415554096N00927674EA0000001101
B1131465554171N00927684EA0000001108
B1131535554182N00927490EA0000001110
B1131585554117N00927498EA0000001126
B1132035554114N00927605EA0000001145
B1132095554196N00927620EA0000001143
B1132155554205N00927444EA0000001148
B1132205554137N00927438EA0000001159
B1132255554120N00927532EA0000001178
B1132305554187N00927574EA0000001166
B1132355554245N00927454EA0000001183
B1132405554204N00927341EA0000001187
B1132455554151N00927394EA0000001195
B1132505554182N00927487EA0000001199
B1132555554261N00927441EA0000001202
B1133015554262N00927273EA0000001210
B1133065554194N00927261EA0000001211
B1133115554194N00927369EA0000001224
B1133175554273N00927402EA0000001226
B1133235554342N00927263EA0000001215
B1133285554397N00927095EA0000001179
B1133345554474N00926863EA0000001158
B1133405554555N00926614EA0000001140
B1133485554657N00926276EA0000001133
B1133565554766N00925960EA0000001129
B1134015554833N00925767EA0000001118
B1134065554902N00925572EA0000001105
B1134205555109N00925047EA0000001089
B1134275555211N00924784EA0000001073
B1134365555337N00924430EA0000001054
B1134425555420N00924189EA0000001047
B1134475555488N00923989EA0000001044
B1134525555557N00923797EA0000001045
B1134585555640N00923583EA0000001057
B1135065555748N00923308EA0000001053
B1135135555845N00923059EA0000001047
B1135195555927N00922845EA0000001035
B1135245555997N00922659EA0000001028
B1135315556096N00922402EA0000001029
B1135405556223N00922090EA0000001024
B1135455556303N00921938EA0000001027
B1135515556396N00921768EA0000001041
B1135565556457N00921631EA0000001064
B1136035556516N00921454EA0000001091
B1136105556608N00921397EA0000001086
B1136155556637N00921510EA0000001091
B1136235556550N00921572EA0000001108
B1136285556494N00921505EA0000001116
B1136335556443N00921418EA0000001122
B1136395556412N00921255EA0000001123
B1136445556437N00921108EA0000001134
B1136515556492N00920935EA0000001160
B1137005556553N00920712EA0000001175
B1137055556580N00920580EA0000001185
B1137105556603N00920442EA0000001178
B1137155556631N00920278EA0000001177
B1137215556659N00920080EA0000001181
B1137275556676N00919858EA0000001147
B1137325556680N00919634EA0000001118
B1137405556673N00919253EA0000001104
B1137485556661N00918878EA0000001099
B1137565556638N00918519EA0000001103
B1138015556627N00918309EA0000001130
B1138105556622N00918021EA0000001174
B1138155556620N00917871EA0000001165
B1138225556628N00917639EA0000001168
B1138275556637N00917479EA0000001176
B1138325556652N00917327EA0000001179
B1138375556668N00917170EA0000001175
B1138425556689N00917012EA0000001171
B1138475556721N00916834EA0000001138
B1138525556782N00916638EA0000001130
B1138595556885N00916389EA0000001137
B1139065556992N00916148EA0000001134
B1139155557125N00915821EA0000001117
B1139205557196N00915630EA0000001114
B1139275557295N00915364EA0000001111
B1139325557364N00915175EA0000001107
B1139415557487N00914835EA0000001097
B1139465557555N00914649EA0000001093
B1139525557635N00914426EA0000001083
B1139575557701N00914244EA0000001075
B1140035557779N00914021EA0000001070
B1140085557837N00913835EA0000001068
B1140155557904N00913560EA0000001046
B1140255557967N00913129EA0000001027
B1140305557990N00912912EA0000001025
B1140355558013N00912695EA0000001021
B1140405558037N00912481EA0000001020
B1140475558067N00912185EA0000001016
B1140525558088N00911974EA0000001015
B1140585558111N00911729EA0000001023
B1141065558152N00911399EA0000000998
B1141125558187N00911144EA0000000993
B1141185558220N00910896EA0000000991
B1141265558270N00910577EA0000000983
B1141335558314N00910307EA0000001002
B1141385558351N00910127EA0000001011
B1141435558388N00909978EA0000001044
B1141485558417N00909850EA0000001054
B1141535558445N00909726EA0000001044
B1142005558494N00909525EA0000001029
B1142055558535N00909359EA0000001004
B1142115558587N00909136EA0000000983
B1142175558642N00908903EA0000000978
B1142235558704N00908680EA0000000981
B1142295558768N00908470EA0000000998
B1142345558814N00908324EA0000001020
B1142395558856N00908194EA0000001043
B1142445558878N00908068EA0000001046
B1142495558811N00908005EA0000001037
B1142545558772N00908092EA0000001046
B1142595558812N00908189EA0000001049
B1143045558882N00908234EA0000001074
B1143095558948N00908179EA0000001064
B1143145558978N00908027EA0000001072
B1143195559011N00907883EA0000001086
B1143245559040N00907741EA0000001085
B1143305559062N00907559EA0000001068
B1143355559065N00907369EA0000001038
B1143405559059N00907157EA0000001038
B1143455559045N00906945EA0000001058
B1143505559035N00906767EA0000001103
B1143565558979N00906644EA0000001100
B1144015558920N00906718EA0000001089
B1144065558946N00906844EA0000001096
B1144135559047N00906924EA0000001108
B1144195559143N00906929EA0000001123
B1144245559218N00906868EA0000001143
B1144295559212N00906725EA0000001152
B1144345559135N00906712EA0000001162
B1144395559120N00906828EA0000001180
B1144445559184N00906884EA0000001190
B1144495559252N00906802EA0000001207
B1144545559249N00906656EA0000001214
B1145005559164N00906612EA0000001226
B1145055559140N00906725EA0000001241
B1145105559198N00906797EA0000001254
B1145165559272N00906687EA0000001267
B1145225559261N00906508EA0000001286
B1145275559245N00906347EA0000001253
B1145325559221N00906130EA0000001221
B1145375559200N00905891EA0000001213
B1145425559182N00905647EA0000001209
B1145485559162N00905356EA0000001208
B1145555559142N00905020EA0000001206
B1146005559131N00904784EA0000001200
B1146065559122N00904503EA0000001191
B1146125559108N00904229EA0000001191
B1146175559095N00904008EA0000001191
B1146225559083N00903788EA0000001181
B1146315559066N00903386EA0000001176
B1146365559057N00903152EA0000001160
B1146435559058N00902811EA0000001168
B1146485559070N00902568EA0000001178
B1146535559098N00902325EA0000001184
B1146585559131N00902077EA0000001182
B1147055559177N00901720EA0000001162
B1147135559232N00901308EA0000001148
B1147205559281N00900954EA0000001139
B1147285559332N00900555EA0000001125
B1147355559371N00900214EA0000001126
B1147415559419N00859934EA0000001123
B1147475559470N00859663EA0000001116
B1147535559516N00859392EA0000001108
B1148035559591N00858932EA0000001100
B1148095559634N00858656EA0000001098
B1148145559661N00858419EA0000001080
B1148215559682N00858074EA0000001064
B1148295559712N00857685EA0000001044
B1148345559746N00857444EA0000001033
B1148415559786N00857109EA0000001015
B1148505559814N00856691EA0000001015
B1148575559817N00856380EA0000001026
B1149045559809N00856088EA0000001044
B1149095559801N00855890EA0000001067
B1149185559795N00855581EA0000001101
B1149235559802N00855400EA0000001086
B1149285559848N00855217EA0000001085
B1149385559999N00854902EA0000001084
B1149455600109N00854668EA0000001064
B1149565600273N00854274EA0000001060
B1150025600361N00854061EA0000001048
B1150085600387N00853824EA0000001050
B1150135600339N00853640EA0000001040
B1150235600230N00853284EA0000001021
B1150305600161N00853024EA0000000996
B1150365600108N00852805EA0000001001
B1150415600062N00852637EA0000000999
B1150505559991N00852324EA0000000981
B1150555559953N00852151EA0000000984
B1151005559930N00851978EA0000000986
B1151055559923N00851797EA0000000977
B1151105559919N00851606EA0000000965
B1151175559928N00851333EA0000000970
B1151245559952N00851069EA0000000977
B1151305559975N00850849EA0000000969
B1151355559991N00850665EA0000000966
B1151405600001N00850489EA0000000975
B1151465600003N00850289EA0000000987
B1151535559993N00850085EA0000001009
B1151585559989N00849951EA0000001009
B1152045559973N00849772EA0000001012
B1152095559947N00849642EA0000001025
B1152145559877N00849636EA0000001038
B1152195559880N00849759EA0000001048
B1152245559959N00849771EA0000001059
B1152295559998N00849647EA0000001067
B1152345559960N00849527EA0000001078
B1152395559894N00849519EA0000001094
B1152445559888N00849638EA0000001095
B1152495559964N00849673EA0000001107
B1152545600009N00849552EA0000001110
B1153005559975N00849393EA0000001128
B1153055559911N00849355EA0000001125
B1153105559883N00849463EA0000001131
B1153165559960N00849526EA0000001142
B1153215600026N00849437EA0000001147
B1153275600079N00849276EA0000001158
B1153325600111N00849127EA0000001156
B1153375600151N00848958EA0000001150
B1153425600198N00848779EA0000001149
B1153485600269N00848553EA0000001142
B1153575600390N00848199EA0000001129
B1154055600499N00847873EA0000001128
B1154125600593N00847586EA0000001113
B1154175600662N00847378EA0000001106
B1154235600749N00847135EA0000001096
B1154285600823N00846935EA0000001089
B1154375600953N00846580EA0000001082
B1154435601038N00846347EA0000001065
B1154485601111N00846146EA0000001048
B1154545601198N00845902EA0000001040
B1155005601281N00845654EA0000001029
B1155085601387N00845333EA0000001021
B1155155601483N00845054EA0000001004
B1155255601621N00844657EA0000001000
B1155345601739N00844306EA0000000990
B1155405601813N00844071EA0000000991
B1155465601881N00843843EA0000000991
B1155525601944N00843620EA0000001010
B1155585602002N00843401EA0000000999
B1156035602049N00843211EA0000001002
B1156085602094N00843029EA0000001009
B1156165602161N00842760EA0000001019
B1156215602196N00842602EA0000001015
B1156295602251N00842348EA0000000997
B1156355602298N00842133EA0000000987
B1156415602340N00841912EA0000000993
B1156495602399N00841620EA0000000994
B1156545602438N00841434EA0000000987
B1157005602485N00841194EA0000000954
B1157065602540N00840940EA0000000945
B1157125602593N00840689EA0000000939
B1157195602649N00840395EA0000000928
B1157305602737N00839939EA0000000909
B1157355602782N00839728EA0000000889
B1157415602837N00839473EA0000000885
B1157535602931N00838963EA0000000879
B1158015602992N00838631EA0000000870
B1158095603049N00838305EA0000000883
B1158145603078N00838117EA0000000892
B1158255603137N00837729EA0000000887
B1159185603291N00836095EA0000000901
B1200245603413N00834783EA0000000934
B1200335603421N00834529EA0000000946
B1200385603387N00834416EA0000000932
B1200455603305N00834499EA0000000929
B1200545603407N00834644EA0000000935
B1201165603627N00834206EA0000000895
B1201365603659N00833404EA0000000846
B1201445603669N00833072EA0000000831
B1201505603679N00832824EA0000000815
B1201575603689N00832532EA0000000804
B1202045603696N00832231EA0000000786
B1202105603701N00831971EA0000000782
B1202205603731N00831554EA0000000771
B1202265603759N00831316EA0000000768
B1202315603779N00831125EA0000000780
B1202365603796N00830964EA0000000804
B1202465603818N00830678EA0000000796
B1202525603833N00830502EA0000000791
B1202575603887N00830389EA0000000790
B1203035603977N00830304EA0000000789
B1203085604060N00830249EA0000000787
B1203145604161N00830194EA0000000783
B1203215604279N00830190EA0000000788
B1203295604405N00830224EA0000000801
B1203385604544N00830203EA0000000780
B1203485604746N00830191EA0000000752
B1203545604864N00830261EA0000000754
B1203595604952N00830321EA0000000778
B1204055605035N00830376EA0000000797
B1204125605127N00830447EA0000000779
B1204175605203N00830515EA0000000783
B1204265605334N00830619EA0000000788
B1204345605451N00830711EA0000000792
B1204405605540N00830792EA0000000780
B1204455605621N00830848EA0000000770
B1204505605713N00830899EA0000000747
B1204555605807N00830939EA0000000756
B1205015605912N00831000EA0000000749
B1205065605978N00831099EA0000000744
B1205115605989N00831240EA0000000733
B1205165605948N00831368EA0000000730
B1205245605865N00831564EA0000000710
B1205295605802N00831697EA0000000694
B1205375605692N00831903EA0000000679
B1205435605609N00832051EA0000000681
B1205485605548N00832158EA0000000719
B1205535605512N00832252EA0000000723
B1205595605580N00832341EA0000000709
B1206045605636N00832243EA0000000709
B1206095605612N00832118EA0000000698
B1206145605544N00832086EA0000000708
B1206215605455N00832107EA0000000726
B1206265605412N00832183EA0000000717
B1206335605495N00832261EA0000000711
B1206385605527N00832135EA0000000714
B1206435605481N00832027EA0000000723
B1206485605416N00832000EA0000000732
B1206535605363N00832062EA0000000723
B1206585605308N00832148EA0000000728
B1207035605258N00832229EA0000000743
B1207095605205N00832320EA0000000758
B1207165605263N00832414EA0000000749
B1207215605298N00832275EA0000000757
B1207265605240N00832187EA0000000765
B1207315605171N00832194EA0000000780
B1207365605144N00832297EA0000000769
B1207415605206N00832362EA0000000771
B1207465605262N00832261EA0000000782
B1207515605248N00832121EA0000000787
B1207565605178N00832093EA0000000793
B1208025605164N00832228EA0000000784
B1208085605247N00832235EA0000000799
B1208135605286N00832114EA0000000809
B1208185605262N00831982EA0000000809
B1208235605193N00831986EA0000000815
B1208285605203N00832105EA0000000804
B1208335605281N00832098EA0000000821
B1208405605333N00831930EA0000000826
B1208455605273N00831830EA0000000827
B1208515605199N00831896EA0000000843
B1208575605149N00831996EA0000000834
B1209025605100N00832103EA0000000815
B1209095605020N00832258EA0000000821
B1209145604962N00832353EA0000000830
B1209205604895N00832467EA0000000811
B1209255604830N00832583EA0000000772
B1209325604727N00832771EA0000000765
B1209375604657N00832910EA0000000759
B1209425604591N00833051EA0000000751
B1209515604470N00833284EA0000000749
B1209575604389N00833443EA0000000746
B1210045604289N00833603EA0000000754
B1210105604205N00833717EA0000000760
B1210165604132N00833831EA0000000746
B1210235604047N00833990EA0000000712
B1210295603953N00834109EA0000000703
B1210365603861N00834244EA0000000717
B1210425603799N00834346EA0000000736
B1210485603741N00834432EA0000000746
B1210535603696N00834506EA0000000753
B1210585603700N00834614EA0000000746
B1211085603810N00834488EA0000000763
B1211135603779N00834365EA0000000772
B1211185603714N00834330EA0000000773
B1211235603674N00834428EA0000000763
B1211285603725N00834529EA0000000772
B1211335603803N00834520EA0000000780
B1211405603873N00834381EA0000000784
B1211455603834N00834262EA0000000773
B1211515603755N00834304EA0000000790
B1211575603727N00834425EA0000000800
B1212025603704N00834524EA0000000785
B1212075603676N00834649EA0000000762
B1212125603641N00834802EA0000000726
B1212175603599N00834967EA0000000728
B1212235603529N00835103EA0000000746
B1212285603468N00835162EA0000000766
B1212335603410N00835208EA0000000767
B1212385603351N00835266EA0000000765
B1212445603288N00835352EA0000000776
B1212495603242N00835427EA0000000785
B1212545603273N00835516EA0000000769
B1213005603362N00835426EA0000000767
B1213055603366N00835272EA0000000777
B1213125603337N00835095EA0000000791
B1213175603284N00835017EA0000000792
B1213225603235N00835079EA0000000791
B1213275603281N00835155EA0000000783
B1213325603352N00835075EA0000000797
B1213375603376N00834932EA0000000811
B1213435603332N00834796EA0000000815
B1213495603267N00834861EA0000000823
B1213545603308N00834956EA0000000819
B1213595603385N00834906EA0000000826
B1214065603443N00834733EA0000000846
B1214115603401N00834627EA0000000844
B1214175603354N00834720EA0000000858
B1214235603428N00834778EA0000000866
B1214285603474N00834662EA0000000874
B1214365603389N00834574EA0000000882
B1214445603423N00834715EA0000000895
B1214505603491N00834607EA0000000898
B1214555603457N00834485EA0000000908
B1215035603378N00834547EA0000000919
B1215105603459N00834616EA0000000922
B1215165603517N00834476EA0000000937
B1215215603481N00834356EA0000000932
B1215265603419N00834386EA0000000947
B1215435603527N00834304EA0000000958
B1215515603432N00834311EA0000000974
B1216205603414N00834184EA0000000993
B1216295603416N00834420EA0000000940
B1216345603428N00834603EA0000000899
B1216395603444N00834807EA0000000891
B1216445603460N00835002EA0000000893
B1216495603468N00835191EA0000000893
B1216555603474N00835415EA0000000886
B1217045603477N00835748EA0000000878
B1217115603478N00835994EA0000000875
B1217165603466N00836173EA0000000859
B1217215603456N00836360EA0000000839
B1217265603446N00836553EA0000000840
B1217325603424N00836770EA0000000847
B1217375603402N00836940EA0000000854
B1217425603380N00837095EA0000000875
B1217475603363N00837229EA0000000896
B1217525603343N00837342EA0000000912
B1218045603441N00837433EA0000000905
B1218095603429N00837290EA0000000917
B1218145603367N00837227EA0000000916
B1218205603293N00837274EA0000000923
B1218285603253N00837441EA0000000934
B1218375603277N00837628EA0000000938
B1218425603302N00837751EA0000000902
B1218525603361N00838124EA0000000835
B1218575603390N00838325EA0000000826
B1219035603423N00838563EA0000000813
B1219095603457N00838802EA0000000794
B1219145603486N00839001EA0000000794
B1219245603533N00839368EA0000000797
B1219335603580N00839692EA0000000776
B1219415603625N00839985EA0000000762
B1219495603670N00840287EA0000000748
B1219555603696N00840511EA0000000742
B1220015603715N00840725EA0000000740
B1220075603733N00840939EA0000000730
B1220155603758N00841231EA0000000715
B1220255603785N00841598EA0000000694
B1220355603804N00841966EA0000000674
B1220415603812N00842191EA0000000668
B1220495603823N00842477EA0000000671
B1220545603836N00842658EA0000000668
B1221015603863N00842900EA0000000691
B1221065603876N00843041EA0000000716
B1221145603943N00843179EA0000000717
B1221195604005N00843075EA0000000722
B1221245603973N00842954EA0000000733
B1221295603909N00842955EA0000000730
B1221375603853N00843083EA0000000742
B1221425603839N00843179EA0000000734
B1221505603841N00843375EA0000000730
B1221555603851N00843506EA0000000732
B1222025603876N00843684EA0000000752
B1222075603930N00843750EA0000000747
B1222145603983N00843584EA0000000748
B1222195603940N00843466EA0000000755
B1222265603849N00843393EA0000000762
B1222335603756N00843382EA0000000772
B1222385603706N00843425EA0000000756
B1222445603676N00843570EA0000000708
B1222515603634N00843790EA0000000711
B1222585603574N00843960EA0000000732
B1223035603538N00844068EA0000000740
B1223095603504N00844197EA0000000758
B1223145603512N00844310EA0000000755
B1223195603588N00844310EA0000000766
B1223245603600N00844173EA0000000782
B1223295603533N00844137EA0000000790
B1223345603510N00844250EA0000000797
B1223395603574N00844310EA0000000811
B1223445603633N00844214EA0000000818
B1223495603600N00844097EA0000000837
B1223545603537N00844136EA0000000840
B1223595603554N00844254EA0000000856
B1224045603629N00844260EA0000000865
B1224095603672N00844144EA0000000876
B1224145603623N00844056EA0000000886
B1224195603571N00844140EA0000000894
B1224265603643N00844246EA0000000905
B1224315603687N00844130EA0000000921
B1224365603635N00844049EA0000000932
B1224445603607N00844207EA0000000952
B1224495603679N00844224EA0000000955
B1224555603713N00844062EA0000000955
B1225005603654N00843973EA0000000978
B1225065603594N00844051EA0000000989
B1225115603631N00844156EA0000000997
B1225165603706N00844121EA0000000993
B1225215603709N00843971EA0000001000
B1225265603637N00843921EA0000001016
B1225315603582N00843971EA0000001023
B1225365603605N00844095EA0000001014
B1225425603677N00844236EA0000000982
B1225495603782N00844442EA0000000934
B1225545603867N00844597EA0000000917
B1226015603983N00844829EA0000000902
B1226065604062N00844997EA0000000896
B1226155604198N00845290EA0000000896
B1226205604269N00845445EA0000000895
B1226265604360N00845617EA0000000896
B1226325604451N00845783EA0000000890
B1226395604559N00845985EA0000000876
B1226475604685N00846214EA0000000864
B1226535604783N00846372EA0000000858
B1227015604912N00846585EA0000000843
B1227085605019N00846780EA0000000841
B1227135605089N00846922EA0000000845
B1227195605160N00847092EA0000000865
B1227245605203N00847221EA0000000904
B1227295605248N00847313EA0000000923
B1227345605325N00847280EA0000000926
B1227395605333N00847122EA0000000937
B1227455605250N00847061EA0000000951
B1227505605215N00847154EA0000000965
B1227555605241N00847259EA0000000970
B1228005605321N00847245EA0000000972
B1228055605349N00847096EA0000000987
B1228105605291N00846993EA0000000998
B1228155605228N00847013EA0000001017
B1228205605239N00847125EA0000001015
B1228255605321N00847130EA0000001021
B1228305605351N00846988EA0000001034
B1228355605300N00846873EA0000001047
B1228405605243N00846903EA0000001058
B1228455605262N00847014EA0000001058
B1228505605343N00847016EA0000001066
B1228555605401N00846906EA0000001086
B1229015605378N00846736EA0000001082
B1229065605308N00846725EA0000001092
B1229125605323N00846850EA0000001099
B1229195605424N00846792EA0000001120
B1229245605417N00846642EA0000001109
B1229295605345N00846620EA0000001117
B1229345605349N00846731EA0000001130
B1229395605404N00846837EA0000001119
B1229455605475N00846986EA0000001136
B1229505605525N00847116EA0000001144
B1229575605576N00847302EA0000001143
B1230025605604N00847449EA0000001139
B1230095605657N00847674EA0000001123
B1230145605706N00847836EA0000001134
B1230205605769N00848025EA0000001134
B1230255605827N00848179EA0000001134
B1230315605902N00848370EA0000001104
B1230365605966N00848546EA0000001091
B1230425606044N00848755EA0000001083
B1230475606110N00848929EA0000001073
B1230525606180N00849101EA0000001069
B1230575606249N00849272EA0000001062
B1231045606347N00849509EA0000001061
B1231095606411N00849678EA0000001062
B1231145606467N00849848EA0000001064
B1231205606511N00850061EA0000001065
B1231275606530N00850305EA0000001065
B1231345606525N00850548EA0000001056
B1231415606514N00850797EA0000001041
B1231465606503N00850985EA0000001028
B1231515606491N00851175EA0000001025
B1231575606470N00851394EA0000001020
B1232025606444N00851568EA0000001012
B1232075606421N00851743EA0000001009
B1232125606399N00851913EA0000001016
B1232175606377N00852076EA0000001018
B1232245606343N00852282EA0000001032
B1232315606315N00852471EA0000001037
B1232375606290N00852626EA0000001042
B1232445606265N00852812EA0000001053
B1232505606240N00852956EA0000001077
B1232555606219N00853071EA0000001083
B1233005606200N00853196EA0000001098
B1233065606174N00853340EA0000001108
B1233115606152N00853463EA0000001132
B1233165606121N00853573EA0000001156
B1233215606088N00853663EA0000001182
B1233265606056N00853761EA0000001192
B1233315606026N00853861EA0000001216
B1233365605993N00853957EA0000001221
B1233415605956N00854081EA0000001181
B1233485605893N00854323EA0000001172
B1233555605859N00854582EA0000001177
B1234025605836N00854844EA0000001195
B1234085605819N00855058EA0000001211
B1234135605813N00855237EA0000001223
B1234185605819N00855421EA0000001235
B1234255605838N00855683EA0000001223
B1234345605843N00856046EA0000001224
B1234395605840N00856250EA0000001228
B1234475605812N00856567EA0000001245
B1234525605784N00856760EA0000001262
B1234575605753N00856941EA0000001274
B1235045605702N00857197EA0000001266
B1235115605649N00857457EA0000001256
B1235185605585N00857708EA0000001244
B1235245605536N00857922EA0000001253
B1235325605478N00858186EA0000001286
B1235375605445N00858336EA0000001300
B1235425605414N00858484EA0000001306
B1235485605383N00858678EA0000001316
B1235535605367N00858846EA0000001324
B1235595605355N00859062EA0000001319
B1236055605344N00859285EA0000001335
B1236105605332N00859469EA0000001336
B1236155605323N00859658EA0000001319
B1236205605313N00859851EA0000001312
B1236255605306N00900038EA0000001318
B1236325605296N00900311EA0000001290
B1236375605291N00900509EA0000001283
B1236445605290N00900781EA0000001284
B1236495605286N00900972EA0000001281
B1236545605279N00901164EA0000001279
B1237005605254N00901389EA0000001272
B1237055605216N00901567EA0000001264
B1237125605142N00901796EA0000001260
B1237195605070N00902021EA0000001251
B1237265604997N00902249EA0000001244
B1237325604930N00902434EA0000001242
B1237375604873N00902594EA0000001232
B1237425604815N00902758EA0000001241
B1237485604746N00902951EA0000001239
B1237535604689N00903111EA0000001247
B1237585604635N00903272EA0000001234
B1238045604568N00903475EA0000001213
B1238105604499N00903683EA0000001200
B1238155604445N00903864EA0000001187
B1238205604394N00904045EA0000001186
B1238265604332N00904247EA0000001190
B1238335604262N00904473EA0000001195
B1238395604209N00904662EA0000001206
B1238455604163N00904839EA0000001213
B1238515604117N00904984EA0000001235
B1238565604083N00905087EA0000001235
B1239015604049N00905186EA0000001238
B1239065604016N00905281EA0000001237
B1239115603992N00905379EA0000001234
B1239185604016N00905537EA0000001229
B1239245604072N00905694EA0000001198
B1239295604129N00905848EA0000001185
B1239355604190N00906043EA0000001200
B1239405604227N00906196EA0000001208
B1239455604267N00906342EA0000001195
B1239525604335N00906559EA0000001170
B1239595604408N00906794EA0000001150
B1240065604482N00907031EA0000001149
B1240125604543N00907231EA0000001141
B1240195604618N00907463EA0000001131
B1240245604671N00907629EA0000001126
B1240305604731N00907829EA0000001120
B1240365604790N00908028EA0000001115
B1240425604848N00908227EA0000001109
B1240475604894N00908394EA0000001103
B1240525604938N00908562EA0000001097
B1241005605007N00908835EA0000001081
B1241055605046N00909005EA0000001075
B1241105605087N00909174EA0000001067
B1241155605132N00909339EA0000001058
B1241215605188N00909537EA0000001049
B1241275605247N00909740EA0000001035
B1241335605307N00909944EA0000001033
B1241405605383N00910181EA0000001052
B1241455605432N00910331EA0000001085
B1241505605473N00910458EA0000001127
B1241555605504N00910560EA0000001144
B1242015605539N00910702EA0000001108
B1242075605587N00910903EA0000001093
B1242155605655N00911166EA0000001093
B1242205605698N00911327EA0000001085
B1242265605746N00911530EA0000001087
B1242355605818N00911830EA0000001079
B1242415605874N00912026EA0000001062
B1242465605925N00912187EA0000001067
B1242515605980N00912329EA0000001090
B1242565606031N00912442EA0000001114
B1243015606080N00912543EA0000001123
B1243085606141N00912691EA0000001133
B1243135606183N00912793EA0000001137
B1243185606219N00912908EA0000001122
B1243235606251N00913060EA0000001092
B1243295606278N00913273EA0000001091
B1243355606297N00913475EA0000001105
B1243405606308N00913628EA0000001122
B1243455606319N00913765EA0000001112
B1243525606323N00913972EA0000001072
B1243585606314N00914189EA0000001051
B1244045606306N00914406EA0000001055
B1244095606312N00914573EA0000001073
B1244145606321N00914711EA0000001110
B1244195606329N00914815EA0000001144
B1244245606339N00914907EA0000001160
B1244295606401N00914961EA0000001141
B1244345606462N00914820EA0000001150
B1244395606421N00914675EA0000001185
B1244445606360N00914663EA0000001211
B1244495606364N00914761EA0000001219
B1244545606442N00914769EA0000001238
B1245015606453N00914585EA0000001263
B1245065606396N00914553EA0000001275
B1245115606391N00914658EA0000001277
B1245165606466N00914682EA0000001305
B1245215606516N00914573EA0000001330
B1245265606496N00914442EA0000001329
B1245325606429N00914483EA0000001345
B1245375606463N00914582EA0000001360
B1245425606537N00914560EA0000001376
B1245475606572N00914426EA0000001385
B1245525606524N00914325EA0000001392
B1245575606475N00914406EA0000001403
B1246025606455N00914523EA0000001433
B1246075606431N00914619EA0000001447
B1246145606391N00914787EA0000001442
B1246195606357N00914921EA0000001425
B1246255606309N00915109EA0000001403
B1246305606268N00915276EA0000001390
B1246385606191N00915537EA0000001379
B1246455606124N00915754EA0000001383
B1246505606080N00915910EA0000001395
B1246555606039N00916066EA0000001396
B1247015605993N00916250EA0000001399
B1247085605941N00916482EA0000001390
B1247155605893N00916729EA0000001385
B1247205605865N00916911EA0000001388
B1247255605843N00917097EA0000001375
B1247305605833N00917296EA0000001383
B1247365605826N00917533EA0000001385
B1247415605826N00917726EA0000001400
B1247475605831N00917943EA0000001408
B1247525605836N00918126EA0000001401
B1247585605835N00918356EA0000001378
B1248035605829N00918550EA0000001370
B1248095605821N00918779EA0000001361
B1248145605816N00918968EA0000001358
B1248215605809N00919221EA0000001350
B1248265605802N00919401EA0000001345
B1248315605797N00919577EA0000001354
B1248385605795N00919827EA0000001361
B1248435605792N00920005EA0000001364
B1248525605789N00920335EA0000001361
B1248575605780N00920517EA0000001368
B1249025605765N00920698EA0000001369
B1249075605744N00920875EA0000001363
B1249125605721N00921058EA0000001354
B1249175605703N00921240EA0000001345
B1249235605688N00921453EA0000001350
B1249325605683N00921771EA0000001366
B1249375605682N00921949EA0000001363
B1249425605689N00922132EA0000001357
B1249495605709N00922372EA0000001357
B1249545605715N00922545EA0000001342
B1249595605720N00922720EA0000001341
B1250045605731N00922892EA0000001334
B1250095605748N00923064EA0000001327
B1250145605802N00923227EA0000001304
B1250205605906N00923387EA0000001289
B1250255606011N00923492EA0000001277
B1250305606119N00923569EA0000001282
B1250365606236N00923457EA0000001283
B1250415606248N00923250EA0000001273
B1250465606218N00923038EA0000001247
B1250525606171N00922780EA0000001231
B1250585606128N00922522EA0000001214
B1251045606084N00922263EA0000001198
B1251105606035N00922005EA0000001184
B1251165605980N00921750EA0000001171
B1251225605925N00921498EA0000001165
B1251275605878N00921297EA0000001166
B1251325605827N00921110EA0000001176
B1251375605778N00920936EA0000001197
B1251425605743N00920788EA0000001216
B1251485605698N00920616EA0000001193
B1251545605659N00920392EA0000001131
B1252005605629N00920132EA0000001115
B1252055605602N00919918EA0000001109
B1252115605574N00919664EA0000001125
B1252165605560N00919462EA0000001130
B1252215605553N00919259EA0000001134
B1252275605558N00919036EA0000001162
B1252335605563N00918832EA0000001160
B1252385605577N00918654EA0000001137
B1252435605602N00918448EA0000001101
B1252485605636N00918228EA0000001089
B1252555605686N00917921EA0000001069
B1253015605725N00917650EA0000001062
B1253065605755N00917428EA0000001059
B1253125605790N00917166EA0000001060
B1253175605826N00916959EA0000001072
B1253245605880N00916735EA0000001119
B1253295605910N00916603EA0000001131
B1253345605945N00916466EA0000001112
B1253395605987N00916293EA0000001076
B1253465606062N00916008EA0000001061
B1253515606114N00915801EA0000001067
B1254015606229N00915397EA0000001082
B1254085606299N00915145EA0000001122
B1254145606345N00914960EA0000001147
B1254205606384N00914788EA0000001155
B1254265606414N00914598EA0000001137
B1254315606447N00914407EA0000001112
B1254365606490N00914199EA0000001104
B1254415606536N00913994EA0000001116
B1254465606582N00913792EA0000001106
B1254525606643N00913552EA0000001118
B1254575606687N00913367EA0000001125
B1255025606728N00913193EA0000001134
B1255135606803N00912825EA0000001137
B1255195606840N00912627EA0000001145
B1255245606873N00912472EA0000001166
B1255295606901N00912327EA0000001179
B1255375606943N00912082EA0000001191
B1255435606971N00911892EA0000001194
B1255495607008N00911699EA0000001198
B1255545607043N00911536EA0000001186
B1256005607096N00911301EA0000001136
B1256065607153N00911034EA0000001126
B1256175607253N00910548EA0000001142
B1256255607322N00910193EA0000001135
B1256315607373N00909926EA0000001131
B1256365607417N00909705EA0000001119
B1256425607474N00909439EA0000001107
B1256475607526N00909221EA0000001100
B1256535607596N00908965EA0000001091
B1256585607653N00908753EA0000001092
B1257035607703N00908539EA0000001095
B1257085607750N00908326EA0000001097
B1257145607808N00908082EA0000001100
B1257205607860N00907834EA0000001094
B1257255607889N00907621EA0000001094
B1257305607913N00907405EA0000001094
B1257365607934N00907152EA0000001108
B1257415607947N00906957EA0000001101
B1257465607962N00906743EA0000001072
B1257555608003N00906334EA0000001066
B1258045608046N00905929EA0000001048
B1258095608073N00905700EA0000001040
B1258155608108N00905426EA0000001041
B1258205608137N00905195EA0000001034
B1258255608166N00904964EA0000001028
B1258325608210N00904647EA0000001010
B1258385608249N00904376EA0000001002
B1258435608288N00904158EA0000001027
B1258485608332N00903984EA0000001079
B1258555608362N00903786EA0000001105
B1259005608381N00903647EA0000001113
B1259085608430N00903423EA0000001133
B1259145608483N00903270EA0000001155
B1259195608528N00903152EA0000001173
B1259245608529N00903021EA0000001171
B1259295608460N00902992EA0000001181
B1259345608435N00903100EA0000001200
B1259405608497N00903214EA0000001213
B1259455608579N00903200EA0000001222
B1259505608632N00903087EA0000001239
B1259555608619N00902953EA0000001246
B1300005608558N00902917EA0000001256
B1300055608517N00903007EA0000001268
B1300105608518N00903126EA0000001280
B1300165608605N00903193EA0000001279
B1300215608680N00903099EA0000001288
B1300295608739N00902856EA0000001315
B1300345608771N00902711EA0000001326
B1300395608798N00902571EA0000001333
B1300445608821N00902424EA0000001326
B1300495608839N00902266EA0000001332
B1300555608856N00902064EA0000001311
B1301015608855N00901822EA0000001303
B1301065608824N00901629EA0000001321
B1301115608795N00901460EA0000001340
B1301165608765N00901304EA0000001342
B1301215608727N00901138EA0000001311
B1301275608663N00900901EA0000001277
B1301325608601N00900691EA0000001267
B1301375608536N00900480EA0000001267
B1301435608454N00900232EA0000001257
B1301495608371N00859986EA0000001261
B1301565608273N00859716EA0000001273
B1302025608191N00859484EA0000001265
B1302095608095N00859212EA0000001257
B1302165607992N00858953EA0000001247
B1302215607917N00858765EA0000001235
B1302305607782N00858416EA0000001227
B1302385607663N00858111EA0000001222
B1302465607545N00857814EA0000001213
B1302525607458N00857590EA0000001205
B1302585607368N00857372EA0000001195
B1303045607275N00857160EA0000001189
B1303115607162N00856923EA0000001185
B1303165607082N00856758EA0000001183
B1303215607000N00856592EA0000001177
B1303285606887N00856371EA0000001183
B1303345606795N00856191EA0000001196
B1303405606723N00856038EA0000001233
B1303475606648N00855888EA0000001241
B1303525606593N00855780EA0000001252
B1303585606528N00855653EA0000001268
B1304045606472N00855507EA0000001272
B1304105606437N00855330EA0000001271
B1304155606427N00855166EA0000001273
B1304215606413N00854968EA0000001288
B1304285606405N00854721EA0000001279
B1304345606403N00854489EA0000001261
B1304395606397N00854271EA0000001259
B1304445606392N00854051EA0000001261
B1304495606383N00853823EA0000001245
B1304555606366N00853539EA0000001240
B1305005606349N00853304EA0000001242
B1305055606331N00853069EA0000001246
B1305105606313N00852843EA0000001276
B1305165606296N00852603EA0000001298
B1305225606273N00852345EA0000001254
B1305275606247N00852108EA0000001246
B1305325606218N00851872EA0000001245
B1305395606178N00851544EA0000001251
B1305455606141N00851266EA0000001245
B1305545606080N00850849EA0000001245
B1306005606042N00850570EA0000001243
B1306055606012N00850334EA0000001235
B1306105605989N00850094EA0000001231
B1306155605972N00849854EA0000001227
B1306205605953N00849614EA0000001219
B1306275605924N00849278EA0000001204
B1306345605897N00848935EA0000001197
B1306425605865N00848545EA0000001192
B1306475605849N00848303EA0000001197
B1306525605850N00848063EA0000001196
B1306595605849N00847721EA0000001175
B1307095605849N00847208EA0000001164
B1307165605846N00846850EA0000001156
B1307225605842N00846541EA0000001142
B1307295605843N00846176EA0000001132
B1307345605836N00845923EA0000001140
B1307395605765N00845773EA0000001157
B1307445605709N00845857EA0000001163
B1307495605750N00845991EA0000001145
B1307545605815N00846135EA0000001120
B1307595605864N00846305EA0000001109
B1308125605964N00846765EA0000001094
B1308205606016N00847043EA0000001085
B1308285606072N00847326EA0000001072
B1308405606152N00847749EA0000001069
B1308465606192N00847956EA0000001064
B1308545606240N00848234EA0000001055
B1309005606268N00848445EA0000001051
B1309065606288N00848655EA0000001051
B1309115606303N00848823EA0000001060
B1309195606322N00849097EA0000001036
B1309245606329N00849277EA0000001022
B1309295606333N00849455EA0000001022
B1309345606338N00849629EA0000001008
B1309415606350N00849888EA0000000992
B1309495606363N00850173EA0000001004
B1309595606367N00850499EA0000001025
B1310045606369N00850641EA0000001029
B1310135606381N00850893EA0000001041
B1310205606384N00851078EA0000001084
B1310285606388N00851260EA0000001100
B1310335606384N00851386EA0000001081
B1310395606356N00851582EA0000001059
B1310475606310N00851845EA0000001069
B1310525606281N00852003EA0000001053
B1310575606249N00852174EA0000001039
B1311025606209N00852343EA0000001029
B1311085606159N00852543EA0000001009
B1311135606116N00852715EA0000001003
B1311195606064N00852909EA0000001003
B1311245606020N00853063EA0000000996
B1311305605970N00853253EA0000000981
B1311355605927N00853410EA0000000976
B1311405605883N00853565EA0000000969
B1311475605826N00853784EA0000000961
B1311525605792N00853943EA0000000950
B1312005605730N00854189EA0000000950
B1312065605690N00854362EA0000000972
B1312115605660N00854479EA0000001005
B1312215605621N00854679EA0000001014
B1312265605613N00854813EA0000000976
B1312315605605N00854988EA0000000957
B1312365605598N00855170EA0000000949
B1312425605588N00855392EA0000000940
B1312475605579N00855577EA0000000945
B1312525605569N00855752EA0000000969
B1312585605555N00855932EA0000000987
B1313035605546N00856070EA0000000994
B1313085605536N00856201EA0000001005
B1313145605523N00856349EA0000001010
B1313215605507N00856523EA0000001022
B1313275605493N00856659EA0000001032
B1313325605479N00856772EA0000001026
B1313385605462N00856923EA0000001022
B1313455605453N00857106EA0000001026
B1314025605445N00857524EA0000001057
B1314075605440N00857644EA0000001068
B1314145605437N00857812EA0000001083
B1314215605430N00857980EA0000001099
B1314275605417N00858134EA0000001113
B1314335605399N00858276EA0000001142
B1314385605386N00858387EA0000001140
B1314435605372N00858509EA0000001115
B1314505605333N00858736EA0000001087
B1314555605298N00858900EA0000001087
B1315025605251N00859136EA0000001072
B1315085605212N00859336EA0000001052
B1315135605180N00859516EA0000001040
B1315205605143N00859760EA0000001043
B1315255605127N00859932EA0000001040
B1315315605111N00900128EA0000001051
B1315365605098N00900267EA0000001078
B1315415605086N00900388EA0000001097
B1315465605074N00900507EA0000001105
B1315515605061N00900628EA0000001096
B1315575605045N00900788EA0000001082
B1316045605002N00900995EA0000001053
B1316095604959N00901148EA0000001045
B1316155604902N00901328EA0000001031
B1316215604842N00901505EA0000001031
B1316285604773N00901704EA0000001032
B1316355604711N00901901EA0000001022
B1316405604669N00902048EA0000001009
B1316455604627N00902199EA0000000999
B1316525604563N00902412EA0000000975
B1317015604486N00902702EA0000000959
B1317065604444N00902851EA0000000964
B1317115604404N00902993EA0000000965
B1317165604365N00903106EA0000000984
B1317235604321N00903241EA0000001002
B1317305604286N00903382EA0000000999
B1317355604266N00903494EA0000001007
B1317445604240N00903698EA0000001018
B1317505604228N00903842EA0000001014
B1317555604218N00903964EA0000001009
B1318015604196N00904133EA0000000972
B1318065604173N00904302EA0000000970
B1318135604148N00904538EA0000000977
B1318185604128N00904695EA0000000993
B1318245604107N00904838EA0000001033
B1318335604082N00905031EA0000001030
B1318395604060N00905160EA0000001037
B1318485604021N00905367EA0000001033
B1318545603993N00905503EA0000001033
B1318595603967N00905625EA0000000996
B1319065603925N00905860EA0000000970
B1319115603892N00906029EA0000000982
B1319165603865N00906186EA0000001005
B1319215603846N00906319EA0000001019
B1319265603818N00906443EA0000001024
B1319375603721N00906690EA0000001009
B1319435603661N00906831EA0000001003
B1319485603612N00906957EA0000000986
B1319555603541N00907134EA0000000981
B1320005603488N00907264EA0000000945
B1320065603428N00907455EA0000000922
B1320145603355N00907712EA0000000916
B1320215603291N00907928EA0000000912
B1320265603250N00908081EA0000000909
B1320315603209N00908228EA0000000912
B1320385603153N00908420EA0000000914
B1320455603105N00908592EA0000000936
B1320515603073N00908722EA0000000941
B1320585603044N00908882EA0000000941
B1321055603011N00909043EA0000000945
B1321115602983N00909189EA0000000946
B1321165602951N00909304EA0000000957
B1321225602909N00909436EA0000000963
B1321285602869N00909563EA0000000980
B1321335602829N00909662EA0000000968
B1321395602769N00909797EA0000000929
B1321445602711N00909953EA0000000887
B1321495602653N00910120EA0000000887
B1321565602577N00910357EA0000000885
B1322015602522N00910525EA0000000882
B1322075602456N00910726EA0000000855
B1322125602397N00910906EA0000000833
B1322175602333N00911064EA0000000877
B1322225602287N00911183EA0000000905
B1322275602247N00911286EA0000000900
B1322325602211N00911398EA0000000886
B1322375602165N00911508EA0000000867
B1322435602067N00911617EA0000000833
B1322495601948N00911701EA0000000824
B1322555601830N00911782EA0000000826
B1323005601735N00911850EA0000000824
B1323085601582N00911953EA0000000816
B1323135601484N00912006EA0000000804
B1323235601280N00912111EA0000000771
B1323305601136N00912185EA0000000756
B1323365601014N00912259EA0000000745
B1323415600915N00912320EA0000000748
B1323465600818N00912375EA0000000745
B1323515600724N00912432EA0000000746
B1323585600589N00912520EA0000000737
B1324035600489N00912586EA0000000733
B1324095600369N00912672EA0000000722
B1324165600225N00912748EA0000000724
B1324215600123N00912783EA0000000724
B1324295559960N00912858EA0000000691
B1324355559829N00912911EA0000000686
B1324405559724N00912959EA0000000689
B1324465559607N00913021EA0000000701
B1324535559490N00913112EA0000000727
B1324595559406N00913183EA0000000738
B1325045559343N00913244EA0000000736
B1325115559251N00913336EA0000000732
B1325185559159N00913425EA0000000739
B1325245559083N00913501EA0000000747
B1325305559011N00913579EA0000000749
B1325385558916N00913690EA0000000752
B1325445558849N00913767EA0000000755
B1325505558778N00913866EA0000000713
B1325565558697N00913994EA0000000709
B1326015558631N00914100EA0000000711
B1326075558555N00914230EA0000000703
B1326135558478N00914358EA0000000721
B1326225558382N00914505EA0000000735
B1326275558330N00914598EA0000000713
B1326335558264N00914732EA0000000687
B1326405558161N00914878EA0000000677
B1326455558090N00914986EA0000000678
B1326525557997N00915136EA0000000688
B1327005557898N00915300EA0000000691
B1327055557841N00915397EA0000000700
B1327105557787N00915487EA0000000695
B1327195557695N00915671EA0000000712
B1327305557597N00915879EA0000000726
B1327375557533N00916022EA0000000726
B1327445557463N00916167EA0000000725
B1327495557409N00916267EA0000000724
B1327565557328N00916396EA0000000738
B1328035557234N00916535EA0000000711
B1328125557104N00916761EA0000000710
B1328185557024N00916921EA0000000712
B1328295556882N00917211EA0000000729
B1328355556811N00917353EA0000000754
B1328415556757N00917484EA0000000777
B1328475556711N00917600EA0000000787
B1328525556674N00917702EA0000000782
B1328585556628N00917843EA0000000754
B1329055556549N00918043EA0000000745
B1329115556478N00918215EA0000000734
B1329165556419N00918363EA0000000737
B1329215556362N00918510EA0000000740
B1329265556306N00918647EA0000000746
B1329315556252N00918782EA0000000755
B1329365556200N00918898EA0000000780
B1329415556156N00919004EA0000000785
B1329465556115N00919124EA0000000784
B1329525556066N00919268EA0000000798
B1329595556021N00919434EA0000000811
B1330055555986N00919567EA0000000826
B1330115555951N00919698EA0000000819
B1330175555909N00919854EA0000000783
B1330235555857N00920043EA0000000768
B1330305555790N00920257EA0000000763
B1330365555733N00920453EA0000000760
B1330435555665N00920687EA0000000756
B1330485555614N00920853EA0000000751
B1330555555534N00921077EA0000000741
B1331005555475N00921232EA0000000738
B1331055555417N00921379EA0000000735
B1331145555309N00921648EA0000000724
B1331215555230N00921861EA0000000721
B1331265555173N00922009EA0000000718
B1331335555097N00922213EA0000000705
B1331385555046N00922357EA0000000696
B1331435554994N00922500EA0000000687
B1331495554936N00922674EA0000000689
B1331585554853N00922925EA0000000682
B1332045554788N00923082EA0000000681
B1332135554696N00923312EA0000000710
B1332195554654N00923444EA0000000740
B1332245554625N00923547EA0000000742
B1332325554584N00923733EA0000000749
B1332395554541N00923893EA0000000771
B1332445554512N00924003EA0000000785
B1332495554483N00924124EA0000000783
B1332545554470N00924246EA0000000788
B1332595554538N00924307EA0000000793
B1333045554615N00924209EA0000000802
B1333105554632N00924019EA0000000812
B1333165554584N00923872EA0000000823
B1333215554518N00923827EA0000000823
B1333265554474N00923897EA0000000825
B1333345554569N00923940EA0000000809
B1333395554607N00923783EA0000000824
B1333465554607N00923576EA0000000850
B1333515554568N00923466EA0000000845
B1333565554509N00923508EA0000000848
B1334025554561N00923602EA0000000857
B1334075554633N00923521EA0000000864
B1334125554655N00923370EA0000000877
B1334175554602N00923266EA0000000884
B1334225554547N00923309EA0000000898
B1334285554517N00923433EA0000000873
B1334355554490N00923649EA0000000838
B1334435554460N00923933EA0000000843
B1334485554454N00924110EA0000000853
B1334545554449N00924324EA0000000843
B1334595554445N00924502EA0000000840
B1335065554445N00924763EA0000000827
B1335145554462N00925063EA0000000816
B1335225554486N00925353EA0000000816
B1335295554503N00925603EA0000000804
B1335375554515N00925891EA0000000777
B1335445554521N00926139EA0000000770
B1335495554510N00926309EA0000000763
B1335585554481N00926624EA0000000737
B1336065554456N00926899EA0000000730
B1336125554411N00927066EA0000000732
B1336175554323N00927095EA0000000715
B1336225554236N00926993EA0000000708
B1336285554167N00926782EA0000000687
B1336345554113N00926552EA0000000679
B1336405554077N00926317EA0000000665
B1336465554051N00926071EA0000000655
B1336535554029N00925784EA0000000662
B1336585554014N00925581EA0000000677
B1337035553997N00925390EA0000000691
B1337095553962N00925189EA0000000710
B1337145553917N00925068EA0000000721
B1337195553858N00925106EA0000000723
B1337245553883N00925214EA0000000724
B1337315553984N00925241EA0000000740
B1337365554051N00925178EA0000000738
B1337425554092N00925001EA0000000735
B1337505554153N00924770EA0000000731
B1337575554222N00924559EA0000000719
B1338035554287N00924358EA0000000712
B1338105554359N00924116EA0000000709
B1338155554400N00923946EA0000000721
B1338215554441N00923756EA0000000737
B1338265554421N00923612EA0000000732
B1338325554344N00923615EA0000000730
B1338375554341N00923724EA0000000739
B1338425554379N00923813EA0000000754
B1338475554450N00923822EA0000000754
B1338555554486N00923608EA0000000759
B1339015554405N00923560EA0000000771
B1339065554367N00923628EA0000000788
B1339115554392N00923709EA0000000776
B1339165554473N00923667EA0000000778
B1339215554517N00923522EA0000000800
B1339265554489N00923391EA0000000796
B1339325554415N00923422EA0000000804
B1339375554445N00923516EA0000000822
B1339435554526N00923433EA0000000834
B1339485554510N00923287EA0000000843
B1339545554441N00923304EA0000000840
B1339595554470N00923409EA0000000860
B1340045554541N00923399EA0000000871
B1340095554561N00923249EA0000000871
B1340155554489N00923220EA0000000877
B1340215554503N00923348EA0000000893
B1340275554588N00923350EA0000000898
B1340325554618N00923198EA0000000901
B1340375554560N00923115EA0000000910
B1340425554519N00923186EA0000000919
B1340475554554N00923281EA0000000930
B1340525554629N00923261EA0000000928
B1341005554711N00923026EA0000000934
B1341105554788N00922724EA0000000951
B1341165554830N00922542EA0000000952
B1341225554877N00922340EA0000000939
B1341285554926N00922137EA0000000944
B1341355554974N00921909EA0000000953
B1341455555036N00921589EA0000000959
B1341515555075N00921394EA0000000968
B1341565555096N00921243EA0000000977
B1342015555041N00921145EA0000000972
B1342065554984N00921214EA0000000985
B1342115554996N00921326EA0000000998
B1342175555077N00921362EA0000000988
B1342225555144N00921247EA0000000994
B1342285555197N00921047EA0000000979
B1342375555266N00920708EA0000000968
B1342465555311N00920367EA0000000977
B1342515555334N00920180EA0000000976
B1343015555365N00919807EA0000000983
B1343075555381N00919588EA0000000971
B1343135555403N00919345EA0000000956
B1343185555423N00919136EA0000000946
B1343255555463N00918842EA0000000939
B1343315555501N00918591EA0000000945
B1343365555534N00918391EA0000000972
B1343415555565N00918224EA0000001002
B1343465555638N00918156EA0000001007
B1343545555691N00918293EA0000001022
B1344015555608N00918346EA0000001033
B1344065555562N00918225EA0000001047
B1344115555584N00918066EA0000001054
B1344165555655N00917980EA0000001057
B1344215555732N00917996EA0000001063
B1344265555769N00918094EA0000001070
B1344315555746N00918195EA0000001074
B1344365555688N00918252EA0000001088
B1344415555620N00918205EA0000001096
B1344465555594N00918059EA0000001114
B1344535555676N00917914EA0000001122
B1344585555737N00917970EA0000001134
B1345045555717N00918086EA0000001145
B1345125555610N00918037EA0000001155
B1345175555561N00917908EA0000001175
B1345245555594N00917688EA0000001185
B1345305555681N00917685EA0000001185
B1345355555692N00917792EA0000001192
B1345405555637N00917845EA0000001210
B1345455555569N00917806EA0000001220
B1345505555529N00917664EA0000001222
B1345555555552N00917496EA0000001222
B1346005555613N00917351EA0000001217
B1346055555685N00917200EA0000001192
B1346125555801N00916962EA0000001164
B1346205555944N00916675EA0000001146
B1346265556052N00916460EA0000001153
B1346315556145N00916285EA0000001146
B1346415556310N00915940EA0000001135
B1346535556507N00915524EA0000001120
B1346595556606N00915318EA0000001125
B1347095556749N00915006EA0000001151
B1347145556811N00914854EA0000001166
B1347205556873N00914687EA0000001190
B1347265556925N00914526EA0000001198
B1347315556968N00914381EA0000001183
B1347375557031N00914186EA0000001160
B1347425557090N00914018EA0000001181
B1347475557138N00913865EA0000001217
B1347525557129N00913716EA0000001232
B1347585557044N00913712EA0000001245
B1348035557048N00913822EA0000001266
B1348085557117N00913846EA0000001287
B1348135557177N00913741EA0000001297
B1348195557144N00913573EA0000001311
B1348245557078N00913594EA0000001320
B1348295557089N00913697EA0000001343
B1348345557160N00913695EA0000001354
B1348415557178N00913492EA0000001371
B1348495557081N00913500EA0000001387
B1348545557106N00913604EA0000001403
B1349005557210N00913608EA0000001356
B1349055557309N00913425EA0000001349
B1349105557389N00913211EA0000001355
B1349165557476N00912964EA0000001376
B1349225557554N00912725EA0000001375
B1349275557617N00912521EA0000001370
B1349325557678N00912319EA0000001363
B1349395557764N00912037EA0000001343
B1349455557843N00911801EA0000001332
B1349505557914N00911615EA0000001336
B1349575558029N00911376EA0000001329
B1350045558169N00911199EA0000001339
B1350105558281N00911058EA0000001357
B1350185558420N00910909EA0000001369
B1350235558515N00910823EA0000001344
B1350315558692N00910642EA0000001317
B1350385558854N00910488EA0000001312
B1350485559089N00910273EA0000001296
B1350535559207N00910166EA0000001287
B1350595559350N00910039EA0000001277
B1351045559469N00909944EA0000001278
B1351105559611N00909833EA0000001270
B1351155559727N00909733EA0000001262
B1351215559868N00909619EA0000001254
B1351285600029N00909477EA0000001244
B1351345600169N00909363EA0000001236
B1351395600287N00909276EA0000001222
B1351445600410N00909194EA0000001208
B1351525600606N00909063EA0000001199
B1351575600727N00908988EA0000001196
B1352045600895N00908881EA0000001182
B1352095601018N00908809EA0000001168
B1352175601219N00908697EA0000001155
B1352245601391N00908601EA0000001148
B1352295601511N00908519EA0000001141
B1352345601629N00908431EA0000001134
B1352395601746N00908339EA0000001126
B1352445601865N00908259EA0000001119
B1352535602076N00908111EA0000001102
B1353005602240N00907995EA0000001097
B1353075602407N00907884EA0000001081
B1353125602531N00907808EA0000001068
B1353185602682N00907719EA0000001057
B1353265602882N00907601EA0000001052
B1353325603027N00907514EA0000001047
B1353375603147N00907439EA0000001037
B1353425603266N00907363EA0000001023
B1353475603387N00907289EA0000001005
B1353535603532N00907203EA0000000998
B1354005603701N00907128EA0000000992
B1354055603818N00907079EA0000000992
B1354135604008N00906959EA0000000974
B1354195604157N00906871EA0000000960
B1354245604282N00906802EA0000000948
B1354295604410N00906734EA0000000938
B1354375604612N00906632EA0000000930
B1354445604784N00906552EA0000000925
B1354515604952N00906470EA0000000915
B1354575605096N00906401EA0000000901
B1355025605215N00906345EA0000000899
B1355115605430N00906246EA0000000882
B1355195605616N00906163EA0000000877
B1355255605756N00906098EA0000000860
B1355305605874N00906044EA0000000855
B1355375606034N00905973EA0000000852
B1355465606237N00905861EA0000000830
B1355525606375N00905766EA0000000813
B1355575606491N00905678EA0000000801
B1356055606677N00905538EA0000000794
B1356105606794N00905459EA0000000785
B1356175606962N00905356EA0000000770
B1356225607082N00905277EA0000000768
B1356285607218N00905164EA0000000766
B1356365607387N00904995EA0000000779
B1356425607507N00904900EA0000000803
B1356475607599N00904853EA0000000789
B1356525607700N00904794EA0000000774
B1356575607801N00904728EA0000000774
B1357045607934N00904644EA0000000778
B1357095608022N00904591EA0000000785
B1357165608137N00904519EA0000000793
B1357225608233N00904444EA0000000782
B1357285608335N00904352EA0000000782
B1357335608414N00904281EA0000000797
B1357385608489N00904210EA0000000795
B1357435608565N00904127EA0000000792
B1357505608673N00904019EA0000000795
B1357565608764N00903936EA0000000810
B1358045608878N00903825EA0000000821
B1358095608952N00903810EA0000000823
B1358145609009N00903872EA0000000835
B1358205609026N00903998EA0000000836
B1358255608989N00904080EA0000000840
B1358305608928N00904075EA0000000830
B1358355608877N00903980EA0000000832
B1358435608867N00903758EA0000000834
B1358555608896N00903419EA0000000842
B1359005608908N00903276EA0000000844
B1359065608926N00903098EA0000000850
B1359125608945N00902916EA0000000860
B1359185608962N00902745EA0000000876
B1359235608960N00902598EA0000000868
B1359295608885N00902533EA0000000881
B1359345608847N00902612EA0000000895
B1359405608879N00902734EA0000000893
B1359455608965N00902708EA0000000903
B1359505608994N00902555EA0000000904
B1359555608950N00902435EA0000000918
B1400015608879N00902416EA0000000935
B1400075608879N00902538EA0000000919
B1400125608963N00902548EA0000000941
B1400175609023N00902431EA0000000958
B1400225609035N00902286EA0000000960
B1400285608969N00902232EA0000000971
B1400335608961N00902334EA0000000980
B1400385609033N00902382EA0000000983
B1400455609118N00902219EA0000000996
B1400505609150N00902079EA0000001006
B1400565609185N00901896EA0000001001
B1401015609220N00901739EA0000001002
B1401085609275N00901522EA0000000995
B1401185609304N00901185EA0000000979
B1401285609298N00900854EA0000000974
B1401335609242N00900744EA0000000961
B1401395609176N00900837EA0000000950
B1401455609180N00900999EA0000000921
B1401505609197N00901151EA0000000903
B1401565609227N00901344EA0000000888
B1402045609252N00901599EA0000000886
B1402095609250N00901750EA0000000903
B1402145609246N00901880EA0000000926
B1402205609236N00902012EA0000000956
B1402285609219N00902195EA0000000964
B1402365609180N00902382EA0000000984
B1402435609122N00902530EA0000001010
B1402485609080N00902628EA0000001024
B1402535609039N00902727EA0000001026
B1402585609002N00902834EA0000001029
B1403035608965N00902942EA0000001026
B1403085608931N00903052EA0000001024
B1403155608886N00903206EA0000001041
B1403205608854N00903306EA0000001061
B1403265608817N00903398EA0000001088
B1403315608791N00903477EA0000001092
B1403385608751N00903601EA0000001092
B1403435608716N00903704EA0000001081
B1403495608668N00903856EA0000001083
B1403575608610N00904053EA0000001097
B1404035608568N00904191EA0000001119
B1404085608539N00904300EA0000001129
B1404145608503N00904429EA0000001140
B1404195608469N00904525EA0000001153
B1404245608434N00904630EA0000001162
B1404295608402N00904730EA0000001190
B1404345608374N00904821EA0000001194
B1404395608341N00904929EA0000001190
B1404445608308N00905042EA0000001216
B1404495608276N00905147EA0000001240
B1404565608240N00905282EA0000001267
B1405015608221N00905381EA0000001290
B1405075608199N00905498EA0000001270
B1405125608167N00905619EA0000001269
B1405175608137N00905729EA0000001276
B1405275608071N00905927EA0000001286
B1405325608039N00906032EA0000001283
B1405375608010N00906144EA0000001296
B1405425607982N00906255EA0000001295
B1405485607941N00906401EA0000001282
B1405545607883N00906576EA0000001241
B1406015607809N00906797EA0000001245
B1406075607742N00906982EA0000001236
B1406125607684N00907141EA0000001233
B1406175607629N00907297EA0000001239
B1406225607575N00907442EA0000001256
B1406275607523N00907579EA0000001258
B1406335607456N00907741EA0000001248
B1406385607404N00907889EA0000001245
B1406435607348N00908032EA0000001253
B1406495607276N00908188EA0000001269
B1406575607194N00908397EA0000001279
B1407025607145N00908521EA0000001280
B1407085607091N00908667EA0000001278
B1407145607041N00908811EA0000001280
B1407195606997N00908929EA0000001275
B1407245606949N00909061EA0000001257
B1407305606883N00909229EA0000001244
B1407355606824N00909366EA0000001254
B1407405606767N00909500EA0000001275
B1407455606723N00909612EA0000001298
B1407505606682N00909707EA0000001301
B1407555606644N00909807EA0000001307
B1408015606603N00909930EA0000001300
B1408075606557N00910071EA0000001272
B1408125606508N00910212EA0000001237
B1408225606389N00910505EA0000001217
B1408285606304N00910659EA0000001214
B1408345606220N00910815EA0000001196
B1408395606158N00910955EA0000001190
B1408445606099N00911094EA0000001182
B1408505606031N00911259EA0000001169
B1408565605964N00911437EA0000001152
B1409015605917N00911592EA0000001160
B1409065605880N00911747EA0000001164
B1409115605847N00911889EA0000001179
B1409175605815N00912040EA0000001189
B1409225605792N00912167EA0000001202
B1409275605773N00912274EA0000001240
B1409325605759N00912364EA0000001241
B1409395605727N00912521EA0000001228
B1409445605697N00912636EA0000001244
B1409505605663N00912756EA0000001274
B1409565605636N00912879EA0000001273
B1410015605611N00912999EA0000001260
B1410065605580N00913125EA0000001266
B1410145605530N00913314EA0000001296
B1410205605498N00913448EA0000001303
B1410265605468N00913585EA0000001309
B1410315605449N00913711EA0000001314
B1410365605436N00913842EA0000001316
B1410435605426N00914026EA0000001319
B1410515605408N00914234EA0000001345
B1410565605392N00914351EA0000001376
B1411015605377N00914458EA0000001399
B1411065605366N00914569EA0000001423
B1411125605352N00914692EA0000001424
B1411175605339N00914821EA0000001423
B1411225605328N00914949EA0000001448
B1411275605314N00915065EA0000001467
B1411355605287N00915263EA0000001483
B1411435605257N00915467EA0000001478
B1411495605232N00915623EA0000001481
B1411545605207N00915747EA0000001481
B1411595605183N00915873EA0000001481
B1412055605156N00916024EA0000001486
B1412125605123N00916199EA0000001483
B1412185605100N00916351EA0000001481
B1412235605079N00916479EA0000001489
B1412295605043N00916612EA0000001506
B1412395604966N00916809EA0000001521
B1412445604917N00916887EA0000001516
B1412495604862N00916971EA0000001492
B1412555604785N00917093EA0000001470
B1413005604718N00917201EA0000001476
B1413055604651N00917316EA0000001488
B1413105604587N00917395EA0000001526
B1413155604531N00917458EA0000001534
B1413205604473N00917524EA0000001515
B1413255604410N00917610EA0000001496
B1413315604331N00917734EA0000001466
B1413365604257N00917849EA0000001453
B1413425604160N00917980EA0000001439
B1413475604077N00918091EA0000001424
B1413525603996N00918204EA0000001421
B1413575603918N00918306EA0000001434
B1414025603846N00918400EA0000001453
B1414085603772N00918488EA0000001483
B1414155603692N00918566EA0000001495
B1414205603633N00918636EA0000001503
B1414255603582N00918704EA0000001521
B1414305603539N00918784EA0000001516
B1414365603497N00918909EA0000001507
B1414415603466N00919029EA0000001482
B1414475603422N00919209EA0000001457
B1414525603382N00919375EA0000001455
B1414575603346N00919538EA0000001456
B1415045603300N00919764EA0000001437
B1415095603262N00919926EA0000001433
B1415175603197N00920180EA0000001424
B1415255603125N00920426EA0000001415
B1415325603060N00920637EA0000001421
B1415375603016N00920766EA0000001436
B1415425602974N00920894EA0000001432
B1415475602931N00921014EA0000001445
B1415525602885N00921123EA0000001446
B1415595602825N00921281EA0000001449
B1416065602767N00921457EA0000001438
B1416125602726N00921616EA0000001438
B1416175602690N00921752EA0000001406
B1416225602657N00921920EA0000001392
B1416285602619N00922125EA0000001392
B1416365602565N00922392EA0000001379
B1416425602527N00922588EA0000001393
B1416485602497N00922774EA0000001406
B1416535602475N00922908EA0000001433
B1416595602449N00923043EA0000001441
B1417055602424N00923189EA0000001434
B1417125602393N00923378EA0000001442
B1417185602365N00923545EA0000001430
B1417235602340N00923713EA0000001401
B1417285602307N00923894EA0000001385
B1417345602270N00924109EA0000001382
B1417395602244N00924281EA0000001382
B1417465602206N00924518EA0000001391
B1417515602172N00924672EA0000001413
B1417565602138N00924812EA0000001417
B1418015602098N00924948EA0000001398
B1418085602034N00925147EA0000001388
B1418135601980N00925285EA0000001381
B1418185601922N00925427EA0000001387
B1418235601869N00925562EA0000001398
B1418285601819N00925695EA0000001401
B1418335601768N00925825EA0000001407
B1418385601722N00925941EA0000001420
B1418435601677N00926042EA0000001433
B1418505601619N00926187EA0000001436
B1418575601563N00926334EA0000001453
B1419025601525N00926430EA0000001469
B1419075601489N00926526EA0000001478
B1419135601444N00926650EA0000001473
B1419185601409N00926761EA0000001475
B1419245601356N00926905EA0000001440
B1419295601307N00927043EA0000001428
B1419345601255N00927184EA0000001436
B1419395601209N00927320EA0000001453
B1419445601164N00927439EA0000001471
B1419495601122N00927553EA0000001464
B1419565601072N00927724EA0000001443
B1420015601032N00927860EA0000001425
B1420065600988N00928000EA0000001413
B1420115600944N00928151EA0000001412
B1420175600898N00928341EA0000001406
B1420225600854N00928497EA0000001405
B1420275600811N00928647EA0000001413
B1420335600766N00928799EA0000001447
B1420395600722N00928934EA0000001445
B1420455600672N00929088EA0000001424
B1420515600620N00929272EA0000001414
B1420565600577N00929431EA0000001404
B1421015600533N00929592EA0000001396
B1421065600489N00929757EA0000001399
B1421125600436N00929950EA0000001396
B1421175600393N00930114EA0000001393
B1421265600323N00930400EA0000001391
B1421335600278N00930621EA0000001385
B1421395600245N00930811EA0000001385
B1421455600219N00930990EA0000001403
B1421505600201N00931114EA0000001412
B1421555600182N00931231EA0000001421
B1422025600161N00931381EA0000001437
B1422355600053N00932280EA0000001385
B1422435600004N00932520EA0000001432
B1422505559954N00932663EA0000001470
B1422565559917N00932784EA0000001464
B1423015559882N00932917EA0000001430
B1423095559821N00933190EA0000001410
B1423185559754N00933491EA0000001409
B1423245559714N00933688EA0000001413
B1423295559684N00933849EA0000001412
B1423375559626N00934106EA0000001405
B1423445559569N00934325EA0000001413
B1423495559527N00934476EA0000001405
B1423565559471N00934699EA0000001397
B1424025559420N00934885EA0000001406
B1424085559373N00935045EA0000001437
B1424145559334N00935186EA0000001439
B1424205559299N00935325EA0000001438
B1424255559276N00935452EA0000001423
B1424315559240N00935645EA0000001387
B1424385559188N00935885EA0000001391
B1424465559141N00936143EA0000001405
B1424515559114N00936284EA0000001431
B1424565559055N00936370EA0000001435
B1425015558964N00936383EA0000001432
B1425075558845N00936389EA0000001393
B1425125558732N00936417EA0000001386
B1425195558577N00936449EA0000001383
B1425245558468N00936474EA0000001388
B1425315558318N00936511EA0000001404
B1425365558213N00936524EA0000001420
B1425415558141N00936407EA0000001451
B1425485558209N00936202EA0000001448
B1425535558302N00936107EA0000001434
B1426005558453N00935978EA0000001415
B1426075558610N00935840EA0000001411
B1426125558719N00935741EA0000001415
B1426195558868N00935599EA0000001405
B1426255558994N00935476EA0000001403
B1426305559096N00935373EA0000001409
B1426365559214N00935253EA0000001411
B1426425559323N00935139EA0000001432
B1426475559395N00935032EA0000001445
B1426535559439N00934849EA0000001453
B1426585559465N00934689EA0000001464
B1427035559489N00934528EA0000001477
B1427115559523N00934271EA0000001482
B1427165559548N00934097EA0000001469
B1427245559604N00933780EA0000001445
B1427325559666N00933439EA0000001441
B1427375559708N00933231EA0000001442
B1427435559755N00932974EA0000001439
B1427485559791N00932752EA0000001442
B1427555559840N00932447EA0000001442
B1428005559873N00932241EA0000001456
B1428055559905N00932043EA0000001464
B1428105559934N00931846EA0000001463
B1428165559960N00931598EA0000001443
B1428215559980N00931376EA0000001433
B1428275600004N00931107EA0000001437
B1428325600021N00930886EA0000001447
B1428375600021N00930674EA0000001469
B1428435600016N00930449EA0000001489
B1428495600004N00930238EA0000001499
B1428545559990N00930057EA0000001484
B1429005559982N00929805EA0000001451
B1429065559985N00929528EA0000001439
B1429135600005N00929197EA0000001432
B1429195600036N00928918EA0000001426
B1429245600074N00928699EA0000001430
B1429295600117N00928485EA0000001429
B1429345600167N00928279EA0000001440
B1429405600233N00928055EA0000001459
B1429465600289N00927854EA0000001485
B1429515600333N00927702EA0000001493
B1429565600379N00927545EA0000001479
B1430015600429N00927370EA0000001457
B1430075600498N00927137EA0000001439
B1430135600569N00926902EA0000001431
B1430185600624N00926710EA0000001435
B1430235600680N00926530EA0000001458
B1430285600727N00926380EA0000001492
B1430335600766N00926240EA0000001499
B1430385600803N00926094EA0000001509
B1430445600856N00925925EA0000001503
B1430495600908N00925781EA0000001501
B1430545600967N00925624EA0000001465
B1431015601070N00925359EA0000001431
B1431065601147N00925158EA0000001423
B1431125601237N00924918EA0000001422
B1431175601311N00924721EA0000001416
B1431235601398N00924487EA0000001405
B1431285601471N00924283EA0000001389
B1431335601546N00924075EA0000001387
B1431385601614N00923882EA0000001407
B1431445601693N00923664EA0000001404
B1431495601756N00923486EA0000001398
B1431555601832N00923266EA0000001389
B1432015601909N00923045EA0000001399
B1432075601976N00922848EA0000001432
B1432125602027N00922697EA0000001432
B1432175602080N00922535EA0000001416
B1432225602133N00922360EA0000001400
B1432285602208N00922128EA0000001382
B1432335602274N00921931EA0000001389
B1432385602332N00921730EA0000001401
B1432445602396N00921501EA0000001421
B1432505602455N00921298EA0000001440
B1432555602503N00921141EA0000001441
B1433025602576N00920914EA0000001427
B1433085602646N00920683EA0000001407
B1433145602720N00920435EA0000001412
B1433195602783N00920226EA0000001402
B1433245602849N00920016EA0000001404
B1433295602908N00919821EA0000001449
B1433345602955N00919665EA0000001497
B1433405603000N00919490EA0000001504
B1433455603036N00919331EA0000001514
B1433505603066N00919176EA0000001527
B1433575603096N00918953EA0000001533
B1434035603125N00918755EA0000001532
B1434085603155N00918586EA0000001529
B1434145603195N00918377EA0000001531
B1434195603233N00918201EA0000001513
B1434245603280N00918018EA0000001490
B1434305603350N00917778EA0000001462
B1434355603417N00917565EA0000001442
B1434405603484N00917343EA0000001432
B1434475603581N00917044EA0000001425
B1434525603653N00916838EA0000001417
B1434585603739N00916595EA0000001416
B1435045603822N00916351EA0000001410
B1435105603896N00916101EA0000001416
B1435155603949N00915911EA0000001447
B1435235604028N00915641EA0000001467
B1435285604075N00915482EA0000001478
B1435335604121N00915331EA0000001484
B1435385604169N00915167EA0000001462
B1435435604224N00914968EA0000001424
B1435495604291N00914697EA0000001411
B1435575604382N00914337EA0000001397
B1436055604480N00913995EA0000001387
B1436115604556N00913749EA0000001381
B1436205604662N00913374EA0000001370
B1436265604736N00913127EA0000001366
B1436315604800N00912930EA0000001364
B1436365604862N00912730EA0000001353
B1436415604923N00912529EA0000001342
B1436465604986N00912333EA0000001334
B1436515605048N00912137EA0000001325
B1436575605123N00911901EA0000001311
B1437025605185N00911699EA0000001298
B1437115605306N00911366EA0000001316
B1437165605373N00911224EA0000001368
B1437215605399N00911079EA0000001383
B1437265605339N00910972EA0000001381
B1437315605269N00911018EA0000001400
B1437365605253N00911118EA0000001418
B1437415605302N00911187EA0000001411
B1437465605376N00911126EA0000001429
B1437515605384N00910975EA0000001444
B1437565605319N00910877EA0000001440
B1438015605246N00910901EA0000001456
B1438065605216N00910994EA0000001466
B1438115605246N00911090EA0000001458
B1438165605323N00911093EA0000001455
B1438225605419N00911010EA0000001478
B1438275605485N00910906EA0000001491
B1438355605552N00910695EA0000001502
B1438425605593N00910464EA0000001465
B1438475605630N00910258EA0000001459
B1438525605667N00910035EA0000001461
B1438595605717N00909708EA0000001450
B1439055605765N00909427EA0000001437
B1439105605815N00909201EA0000001445
B1439165605883N00908937EA0000001434
B1439215605943N00908716EA0000001428
B1439275606012N00908462EA0000001433
B1439325606075N00908266EA0000001440
B1439375606136N00908088EA0000001467
B1439425606194N00907939EA0000001480
B1439495606274N00907742EA0000001494
B1439565606346N00907545EA0000001514
B1440035606410N00907343EA0000001518
B1440095606465N00907148EA0000001484
B1440145606520N00906949EA0000001464
B1440205606586N00906700EA0000001458
B1440265606651N00906451EA0000001452
B1440345606738N00906113EA0000001450
B1440405606797N00905852EA0000001446
B1440465606856N00905594EA0000001450
B1440515606912N00905393EA0000001451
B1440565606973N00905196EA0000001444
B1441015607031N00904997EA0000001441
B1441065607092N00904800EA0000001447
B1441115607153N00904604EA0000001458
B1441165607216N00904412EA0000001458
B1441255607336N00904068EA0000001448
B1441315607419N00903840EA0000001437
B1441365607488N00903642EA0000001425
B1441425607570N00903403EA0000001416
B1441475607638N00903205EA0000001408
B1441575607772N00902808EA0000001398
B1442045607859N00902542EA0000001394
B1442105607929N00902316EA0000001396
B1442155607986N00902119EA0000001384
B1442245608088N00901753EA0000001375
B1442295608150N00901557EA0000001379
B1442365608240N00901290EA0000001368
B1442425608315N00901058EA0000001371
B1442475608376N00900867EA0000001377
B1442535608446N00900633EA0000001381
B1442595608518N00900398EA0000001381
B1443055608593N00900160EA0000001389
B1443105608660N00859965EA0000001389
B1443165608742N00859728EA0000001382
B1443215608806N00859529EA0000001388
B1443265608866N00859332EA0000001385
B1443315608925N00859139EA0000001393
B1443365608989N00858969EA0000001427
B1443425609057N00858820EA0000001467
B1443475609068N00858672EA0000001463
B1443525609007N00858561EA0000001462
B1443575608940N00858601EA0000001478
B1444025608938N00858707EA0000001492
B1444075608996N00858772EA0000001501
B1444125609075N00858762EA0000001508
B1444175609126N00858638EA0000001515
B1444225609100N00858490EA0000001514
B1444275609026N00858445EA0000001518
B1444325608976N00858516EA0000001530
B1444385608964N00858643EA0000001548
B1444445609035N00858696EA0000001554
B1444495609090N00858566EA0000001559
B1444545609062N00858419EA0000001575
B1445005608980N00858383EA0000001583
B1445055608946N00858468EA0000001596
B1445105608964N00858559EA0000001603
B1445155609040N00858553EA0000001599
B1445205609078N00858398EA0000001608
B1445255609028N00858280EA0000001610
B1445305608964N00858308EA0000001617
B1445355608970N00858412EA0000001625
B1445405609038N00858451EA0000001637
B1445485609145N00858309EA0000001656
B1445545609200N00858148EA0000001645
B1446015609257N00857925EA0000001653
B1446075609308N00857750EA0000001670
B1446135609357N00857588EA0000001677
B1446185609390N00857450EA0000001694
B1446235609388N00857312EA0000001697
B1446285609316N00857283EA0000001694
B1446335609294N00857406EA0000001711
B1446385609341N00857502EA0000001713
B1446445609437N00857521EA0000001713
B1446495609518N00857476EA0000001725
B1446545609592N00857403EA0000001745
B1447005609622N00857247EA0000001740
B1447065609543N00857183EA0000001737
B1447125609515N00857317EA0000001753
B1447195609583N00857455EA0000001770
B1447245609663N00857467EA0000001776
B1447295609727N00857348EA0000001766
B1447345609738N00857160EA0000001765
B1447425609738N00856846EA0000001770
B1447475609755N00856636EA0000001747
B1447525609786N00856410EA0000001723
B1447595609843N00856079EA0000001706
B1448055609897N00855797EA0000001703
B1448105609940N00855563EA0000001699
B1448175609996N00855237EA0000001696
B1448225610038N00855010EA0000001697
B1448285610095N00854749EA0000001697
B1448335610142N00854536EA0000001709
B1448385610192N00854324EA0000001708
B1448465610288N00853992EA0000001702
B1448525610371N00853762EA0000001702
B1448585610453N00853537EA0000001694
B1449055610545N00853269EA0000001686
B1449105610606N00853077EA0000001681
B1449155610669N00852886EA0000001688
B1449235610779N00852601EA0000001691
B1449295610857N00852404EA0000001709
B1449345610916N00852252EA0000001714
B1449395610978N00852099EA0000001700
B1449445611038N00851937EA0000001685
B1449505611117N00851717EA0000001657
B1449575611206N00851449EA0000001660
B1450025611258N00851254EA0000001671
B1450085611318N00851049EA0000001712
B1450155611379N00850834EA0000001724
B1450215611429N00850631EA0000001700
B1450265611472N00850435EA0000001683
B1450315611513N00850222EA0000001668
B1450375611565N00849957EA0000001653
B1450435611618N00849690EA0000001650
B1450485611661N00849474EA0000001652
B1450535611703N00849265EA0000001654
B1451015611777N00848932EA0000001647
B1451105611860N00848549EA0000001629
B1451185611933N00848214EA0000001632
B1451245611990N00847972EA0000001628
B1451295612042N00847787EA0000001638
B1451345612087N00847615EA0000001640
B1451405612129N00847417EA0000001639
B1451465612170N00847231EA0000001639
B1451525612225N00847047EA0000001625
B1451585612286N00846853EA0000001610
B1452045612346N00846642EA0000001599
B1452095612400N00846460EA0000001588
B1452165612483N00846217EA0000001584
B1452215612542N00846052EA0000001577
B1452295612627N00845789EA0000001572
B1452365612709N00845583EA0000001566
B1452415612772N00845446EA0000001571
B1452475612845N00845291EA0000001579
B1452545612944N00845139EA0000001594
B1453015613050N00845015EA0000001610
B1453065613125N00844924EA0000001622
B1453115613197N00844825EA0000001633
B1453175613224N00844641EA0000001634
B1453245613137N00844523EA0000001643
B1453295613095N00844610EA0000001658
B1453345613129N00844708EA0000001667
B1453395613215N00844696EA0000001673
B1453475613276N00844452EA0000001682
B1453525613223N00844328EA0000001695
B1453575613158N00844351EA0000001704
B1454025613153N00844461EA0000001712
B1454075613219N00844521EA0000001720
B1454125613298N00844434EA0000001720
B1454185613271N00844237EA0000001720
B1454255613171N00844264EA0000001744
B1454305613117N00844327EA0000001752
B1454365613048N00844410EA0000001750
B1454425612965N00844514EA0000001729
B1454475612885N00844616EA0000001716
B1454535612781N00844740EA0000001707
B1454595612675N00844862EA0000001701
B1455085612520N00845054EA0000001685
B1455165612383N00845239EA0000001673
B1455245612249N00845427EA0000001671
B1455295612166N00845540EA0000001667
B1455355612067N00845674EA0000001663
B1455405611988N00845784EA0000001664
B1455455611910N00845894EA0000001662
B1455515611820N00846025EA0000001668
B1455565611753N00846141EA0000001675
B1456015611718N00846285EA0000001676
B1456075611705N00846484EA0000001673
B1456125611696N00846660EA0000001672
B1456185611686N00846871EA0000001666
B1456235611680N00847047EA0000001659
B1456295611680N00847263EA0000001648
B1456365611684N00847516EA0000001646
B1456435611679N00847761EA0000001644
B1456495611664N00847964EA0000001637
B1456545611647N00848131EA0000001634
B1456595611623N00848295EA0000001628
B1457055611589N00848489EA0000001630
B1457115611553N00848673EA0000001628
B1457175611510N00848849EA0000001626
B1457255611451N00849090EA0000001622
B1457305611413N00849240EA0000001619
B1457355611366N00849395EA0000001616
B1457415611313N00849568EA0000001651
B1457465611271N00849692EA0000001667
B1457525611229N00849823EA0000001670
B1457575611198N00849937EA0000001667
B1458025611164N00850061EA0000001673
B1458085611122N00850199EA0000001689
B1458135611089N00850309EA0000001688
B1458185611060N00850429EA0000001689
B1458255611021N00850596EA0000001705
B1458305610997N00850715EA0000001712
B1458375610959N00850883EA0000001692
B1458425610933N00851016EA0000001672
B1458495610882N00851237EA0000001639
B1458545610846N00851411EA0000001628
B1459035610777N00851714EA0000001627
B1459095610734N00851910EA0000001617
B1459155610690N00852105EA0000001611
B1459205610654N00852263EA0000001610
B1459265610610N00852451EA0000001603
B1459345610553N00852695EA0000001605
B1459395610521N00852830EA0000001644
B1459455610492N00852949EA0000001677
B1459505610472N00853041EA0000001677
B1459565610452N00853169EA0000001677
B1500015610439N00853286EA0000001681
B1500095610419N00853475EA0000001696
B1500165610389N00853632EA0000001696
B1500225610355N00853773EA0000001690
B1500275610331N00853892EA0000001702
B1500325610310N00854002EA0000001705
B1500395610275N00854167EA0000001676
B1500455610233N00854348EA0000001646
B1500505610190N00854506EA0000001647
B1500555610143N00854654EA0000001654
B1501045610026N00854892EA0000001635
B1501125609912N00855100EA0000001621
B1501205609790N00855307EA0000001597
B1501275609683N00855498EA0000001582
B1501325609606N00855632EA0000001567
B1501375609529N00855771EA0000001553
B1501425609454N00855914EA0000001557
B1501485609372N00856069EA0000001589
B1501535609312N00856190EA0000001595
B1502015609224N00856400EA0000001577
B1502105609120N00856670EA0000001553
B1502165609045N00856860EA0000001542
B1502215608984N00857017EA0000001540
B1502265608926N00857177EA0000001533
B1502335608843N00857414EA0000001513
B1502395608771N00857616EA0000001511
B1502465608693N00857854EA0000001501
B1502525608621N00858058EA0000001496
B1503025608503N00858384EA0000001500
B1503075608447N00858548EA0000001486
B1503125608390N00858712EA0000001477
B1503175608332N00858878EA0000001468
B1503265608230N00859182EA0000001459
B1503325608162N00859373EA0000001460
B1503375608105N00859529EA0000001456
B1503435608035N00859705EA0000001455
B1503515607941N00859942EA0000001451
B1503565607884N00900093EA0000001440
B1504025607815N00900282EA0000001432
B1504075607759N00900440EA0000001428
B1504135607689N00900626EA0000001432
B1504185607631N00900781EA0000001422
B1504235607572N00900945EA0000001413
B1504295607498N00901148EA0000001404
B1504355607419N00901351EA0000001400
B1504415607342N00901556EA0000001392
B1504465607280N00901729EA0000001385
B1504525607212N00901941EA0000001382
B1505005607128N00902218EA0000001386
B1505075607057N00902463EA0000001392
B1505155606973N00902746EA0000001397
B1505215606913N00902959EA0000001388
B1505295606835N00903265EA0000001369
B1505355606774N00903501EA0000001373
B1505405606728N00903700EA0000001378
B1505455606681N00903901EA0000001386
B1505505606632N00904095EA0000001383
B1505555606585N00904287EA0000001393
B1506005606540N00904477EA0000001391
B1506065606489N00904713EA0000001396
B1506125606438N00904940EA0000001416
B1506195606388N00905204EA0000001422
B1506245606345N00905391EA0000001430
B1506305606290N00905610EA0000001441
B1506355606243N00905793EA0000001449
B1506405606193N00905977EA0000001461
B1506475606126N00906226EA0000001488
B1506535606066N00906434EA0000001497
B1506585606010N00906600EA0000001514
B1507035605947N00906760EA0000001516
B1507105605845N00906985EA0000001492
B1507165605743N00907181EA0000001471
B1507225605642N00907373EA0000001468
B1507275605563N00907525EA0000001462
B1507335605465N00907707EA0000001448
B1507405605350N00907924EA0000001448
B1507475605240N00908135EA0000001445
B1507535605148N00908314EA0000001431
B1508015605027N00908553EA0000001427
B1508065604951N00908705EA0000001420
B1508115604874N00908858EA0000001431
B1508175604786N00909037EA0000001447
B1508235604697N00909220EA0000001426
B1508285604621N00909380EA0000001424
B1508345604528N00909572EA0000001424
B1508395604454N00909731EA0000001421
B1508445604378N00909890EA0000001403
B1508495604302N00910052EA0000001389
B1508555604213N00910247EA0000001376
B1509005604136N00910408EA0000001359
B1509055604057N00910568EA0000001350
B1509105603981N00910728EA0000001342
B1509155603909N00910887EA0000001335
B1509215603826N00911076EA0000001325
B1509265603759N00911244EA0000001320
B1509315603695N00911411EA0000001321
B1509375603621N00911615EA0000001324
B1509425603561N00911787EA0000001326
B1509485603487N00911992EA0000001318
B1509535603425N00912168EA0000001313
B1510015603321N00912464EA0000001288
B1510075603246N00912693EA0000001278
B1510145603164N00912954EA0000001271
B1510215603089N00913212EA0000001256
B1510265603031N00913399EA0000001249
B1510345602918N00913683EA0000001247
B1510405602828N00913895EA0000001245
B1510485602701N00914170EA0000001229
B1510545602606N00914384EA0000001209
B1511005602506N00914607EA0000001193
B1511055602422N00914794EA0000001200
B1511105602346N00914965EA0000001221
B1511165602255N00915159EA0000001218
B1511235602148N00915381EA0000001217
B1511285602069N00915540EA0000001217
B1511345601971N00915732EA0000001221
B1511395601885N00915886EA0000001222
B1511465601758N00916086EA0000001220
B1511525601646N00916258EA0000001208
B1511575601556N00916405EA0000001200
B1512055601405N00916640EA0000001166
B1512105601311N00916793EA0000001156
B1512155601221N00916944EA0000001147
B1512205601131N00917095EA0000001136
B1512255601039N00917245EA0000001123
B1512305600946N00917396EA0000001114
B1512375600817N00917599EA0000001108
B1512425600722N00917742EA0000001100
B1512485600613N00917911EA0000001109
B1512535600526N00918052EA0000001093
B1512595600415N00918229EA0000001072
B1513045600323N00918372EA0000001068
B1513115600194N00918573EA0000001055
B1513165600104N00918723EA0000001045
B1513215600018N00918878EA0000001035
B1513265559934N00919032EA0000001027
B1513335559818N00919242EA0000001011
B1513425559672N00919523EA0000000988
B1513525559530N00919871EA0000000968
B1513575559456N00920032EA0000000971
B1514025559378N00920186EA0000000957
B1514085559283N00920371EA0000000945
B1514135559201N00920519EA0000000934
B1514205559076N00920710EA0000000919
B1514275558949N00920907EA0000000895
B1514325558859N00921056EA0000000885
B1514395558732N00921251EA0000000880
B1514455558620N00921408EA0000000880
B1514505558528N00921541EA0000000874
B1514585558379N00921743EA0000000863
B1515045558268N00921897EA0000000849
B1515105558159N00922056EA0000000835
B1515155558067N00922184EA0000000823
B1515205557976N00922313EA0000000814
B1515255557885N00922442EA0000000802
B1515315557774N00922596EA0000000781
B1515365557682N00922730EA0000000765
B1515445557530N00922953EA0000000749
B1515495557439N00923090EA0000000752
B1515585557276N00923331EA0000000735
B1516035557185N00923465EA0000000723
B1516115557042N00923686EA0000000707
B1516165556954N00923823EA0000000699
B1516215556862N00923956EA0000000688
B1516265556771N00924087EA0000000678
B1516335556647N00924274EA0000000674
B1516405556527N00924458EA0000000665
B1516455556439N00924586EA0000000658
B1516505556348N00924715EA0000000655
B1516555556260N00924849EA0000000658
B1517005556174N00924976EA0000000655
B1517055556081N00925098EA0000000641
B1517115555967N00925248EA0000000634
B1517165555874N00925367EA0000000626
B1517235555748N00925535EA0000000613
B1517295555661N00925699EA0000000612
B1517345555599N00925840EA0000000612
B1517405555531N00926012EA0000000597
B1517465555470N00926178EA0000000599
B1517535555412N00926353EA0000000591
B1517595555369N00926499EA0000000577
B1518045555336N00926623EA0000000562
B1518095555306N00926752EA0000000544
B1518155555275N00926912EA0000000534
B1518205555245N00927036EA0000000532
B1518265555203N00927182EA0000000514
B1518315555176N00927318EA0000000508
B1518365555172N00927452EA0000000510
B1518415555226N00927544EA0000000511
B1518465555313N00927526EA0000000518
B1518515555364N00927376EA0000000529
B1518565555337N00927222EA0000000543
B1519025555256N00927179EA0000000539
B1519075555207N00927250EA0000000537
B1519155555208N00927408EA0000000536
B1519205555250N00927485EA0000000532
B1519255555325N00927498EA0000000530
B1519305555402N00927428EA0000000546
B1519355555465N00927329EA0000000554
B1519405555487N00927174EA0000000548
B1519455555438N00927036EA0000000554
B1519505555367N00927030EA0000000555
B1519555555307N00927093EA0000000555
B1520035555223N00927202EA0000000555
B1520085555175N00927276EA0000000547
B1520145555118N00927374EA0000000540
B1520195555074N00927458EA0000000530
B1520245555035N00927550EA0000000514
B1520295555016N00927657EA0000000506
B1520345555057N00927744EA0000000491
B1520395555143N00927698EA0000000475
B1520445555189N00927540EA0000000454
B1520515555219N00927304EA0000000429
B1520565555213N00927142EA0000000402
B1521015555158N00927018EA0000000377
B1521065555085N00926988EA0000000364
B1521115555037N00927058EA0000000361
B1521165555050N00927162EA0000000344
B1521215555129N00927177EA0000000328
B1521265555182N00927037EA0000000315
B1521315555183N00926864EA0000000307
B1521365555173N00926694EA0000000301
B1521445555165N00926421EA0000000289
B1521495555158N00926252EA0000000282
B1521545555143N00926086EA0000000278
B1522015555099N00925880EA0000000252
B1522075555041N00925723EA0000000237
B1522135554964N00925605EA0000000231
B1522185554898N00925523EA0000000228
B1522255554804N00925428EA0000000222
B1522325554701N00925399EA0000000206
B1522375554651N00925485EA0000000200
B1522425554634N00925595EA0000000195
B1522495554621N00925739EA0000000171
B1522545554610N00925841EA0000000158
B1523005554596N00925962EA0000000142
B1523055554585N00926064EA0000000132
B1523135554566N00926237EA0000000112
B1523215554546N00926413EA0000000089
B1523285554532N00926553EA0000000088
