AOGNOGN
HFDTE100825
HFFXA050
HFPLTPILOTINCHARGE:
HFGTYGLIDERTYPE:Arcus M
HFGIDGLIDERID:D-KGVM
HFDTM100GPSDATUM:WGS-1984
HFRFWFIRMWAREVERSION:
HFRHWHARDWAREVERSION:
HFFTYFRTYPE:OGN-FLIGHTBOOK
HFGPSGENERIC
HFPRSPRESSALTSENSOR:
HFCIDCOMPETITIONID:VM
B0859395600671N00901301EA0000000042
B0859395600671N00901301EA0000000042
B0859455600664N00901184EA0000000050
B0859505600657N00901086EA0000000068
B0859555600649N00900989EA0000000083
B0900025600635N00900856EA0000000103
B0900075600623N00900755EA0000000115
B0900135600615N00900630EA0000000137
B0900185600616N00900531EA0000000155
B0900235600618N00900429EA0000000166
B0900285600654N00900341EA0000000180
B0900335600721N00900330EA0000000200
B0900395600810N00900367EA0000000210
B0900445600887N00900407EA0000000235
B0900515600989N00900494EA0000000243
B0900565601055N00900603EA0000000257
B0901015601108N00900738EA0000000280
B0901065601147N00900885EA0000000296
B0901115601159N00901048EA0000000311
B0901165601135N00901211EA0000000327
B0901215601092N00901359EA0000000340
B0901265601043N00901500EA0000000350
B0901315600988N00901635EA0000000364
B0901365600926N00901751EA0000000378
B0901425600836N00901850EA0000000386
B0901485600742N00901901EA0000000399
B0901535600670N00901894EA0000000407
B0901585600608N00901843EA0000000421
B0902045600537N00901782EA0000000433
B0902095600482N00901717EA0000000446
B0902145600430N00901652EA0000000463
B0902195600379N00901591EA0000000477
B0902245600330N00901527EA0000000485
B0902305600273N00901444EA0000000496
B0902375600217N00901340EA0000000507
B0902425600180N00901258EA0000000511
B0902495600133N00901135EA0000000527
B0902565600094N00901004EA0000000545
B0903045600052N00900850EA0000000582
B0903095600027N00900748EA0000000598
B0903145559998N00900646EA0000000617
B0903195559970N00900548EA0000000629
B0903245559942N00900453EA0000000643
B0903325559891N00900302EA0000000660
B0903395559840N00900162EA0000000677
B0903465559795N00900027EA0000000704
B0903535559754N00859888EA0000000720
B0903595559719N00859765EA0000000732
B0904105559661N00859543EA0000000748
B0904155559635N00859444EA0000000758
B0904225559598N00859306EA0000000767
B0904275559575N00859213EA0000000768
B0904325559558N00859119EA0000000765
B0904405559534N00858967EA0000000757
B0904455559516N00858868EA0000000760
B0904545559470N00858683EA0000000752
B0904595559441N00858578EA0000000744
B0905055559406N00858456EA0000000738
B0905105559384N00858356EA0000000731
B0905165559356N00858236EA0000000724
B0905215559334N00858136EA0000000717
B0905265559314N00858032EA0000000712
B0905315559295N00857941EA0000000714
B0905365559274N00857846EA0000000701
B0905415559248N00857733EA0000000682
B0905475559218N00857588EA0000000681
B0905525559196N00857485EA0000000677
B0905585559171N00857380EA0000000678
B0906045559148N00857288EA0000000656
B0906105559124N00857180EA0000000643
B0906175559092N00857047EA0000000627
B0906235559055N00856921EA0000000615
B0906305559013N00856759EA0000000605
B0906365558982N00856609EA0000000594
B0906415558949N00856472EA0000000578
B0906465558924N00856353EA0000000584
B0906525558900N00856201EA0000000597
B0906595558871N00856022EA0000000589
B0907045558844N00855896EA0000000586
B0907095558814N00855770EA0000000584
B0907165558776N00855591EA0000000586
B0907215558755N00855470EA0000000588
B0907295558715N00855283EA0000000588
B0907345558685N00855175EA0000000587
B0907405558644N00855046EA0000000584
B0907455558596N00854952EA0000000585
B0907505558533N00854875EA0000000580
B0907555558446N00854863EA0000000570
B0908015558331N00854911EA0000000570
B0908065558239N00854978EA0000000573
B0908115558149N00855051EA0000000578
B0908185558027N00855164EA0000000566
B0908245557920N00855271EA0000000558
B0908305557812N00855382EA0000000554
B0908385557669N00855515EA0000000557
B0908435557588N00855502EA0000000563
B0908485557573N00855403EA0000000563
B0908535557630N00855362EA0000000565
B0908585557697N00855450EA0000000571
B0909035557705N00855610EA0000000578
B0909105557603N00855694EA0000000570
B0909175557558N00855564EA0000000583
B0909225557538N00855468EA0000000584
B0909275557470N00855427EA0000000591
B0909325557403N00855513EA0000000598
B0909375557404N00855663EA0000000591
B0909425557467N00855720EA0000000601
B0909475557501N00855640EA0000000606
B0909535557439N00855565EA0000000619
B0909585557369N00855648EA0000000619
B0910035557360N00855802EA0000000619
B0910105557446N00855890EA0000000623
B0910155557498N00855826EA0000000634
B0910205557487N00855724EA0000000644
B0910255557420N00855699EA0000000651
B0910305557352N00855793EA0000000645
B0910355557331N00855959EA0000000647
B0910405557373N00856094EA0000000653
B0910455557444N00856148EA0000000665
B0910505557491N00856086EA0000000676
B0910555557467N00855987EA0000000681
B0911025557361N00856048EA0000000690
B0911075557359N00856217EA0000000691
B0911135557440N00856277EA0000000708
B0911195557460N00856157EA0000000711
B0911245557387N00856113EA0000000718
B0911305557310N00856251EA0000000726
B0911355557315N00856415EA0000000731
B0911405557376N00856519EA0000000740
B0911455557445N00856513EA0000000751
B0911505557465N00856412EA0000000758
B0911555557410N00856328EA0000000756
B0912015557306N00856404EA0000000760
B0912065557273N00856572EA0000000770
B0912125557315N00856748EA0000000778
B0912175557389N00856782EA0000000787
B0912225557438N00856710EA0000000804
B0912275557413N00856610EA0000000812
B0912325557334N00856598EA0000000812
B0912375557269N00856721EA0000000821
B0912425557271N00856892EA0000000831
B0912475557338N00856970EA0000000842
B0912525557395N00856907EA0000000859
B0912585557366N00856786EA0000000871
B0913035557285N00856790EA0000000875
B0913085557224N00856925EA0000000873
B0913135557235N00857103EA0000000881
B0913185557306N00857191EA0000000896
B0913235557372N00857139EA0000000899
B0913285557362N00857020EA0000000912
B0913345557267N00856989EA0000000919
B0913395557195N00857114EA0000000922
B0913445557183N00857294EA0000000933
B0913495557241N00857417EA0000000949
B0913545557317N00857430EA0000000957
B0914005557373N00857327EA0000000962
B0914055557394N00857208EA0000000961
B0914105557412N00857078EA0000000960
B0914175557422N00856881EA0000000942
B0914255557420N00856633EA0000000932
B0914305557424N00856480EA0000000925
B0914385557423N00856248EA0000000935
B0914445557423N00856080EA0000000932
B0914505557426N00855913EA0000000930
B0914555557435N00855775EA0000000923
B0915015557461N00855610EA0000000915
B0915075557503N00855443EA0000000905
B0915155557573N00855228EA0000000897
B0915205557613N00855095EA0000000903
B0915265557660N00854938EA0000000901
B0915325557701N00854775EA0000000898
B0915375557723N00854635EA0000000910
B0915425557749N00854523EA0000000924
B0915485557796N00854397EA0000000907
B0915545557870N00854281EA0000000899
B0916025557991N00854166EA0000000902
B0916075558072N00854105EA0000000899
B0916125558148N00854034EA0000000893
B0916195558248N00853922EA0000000885
B0916275558345N00853777EA0000000905
B0916325558367N00853675EA0000000915
B0916375558360N00853564EA0000000906
B0916425558368N00853455EA0000000908
B0916485558430N00853374EA0000000908
B0916545558518N00853325EA0000000901
B0917005558617N00853274EA0000000901
B0917065558714N00853222EA0000000905
B0917115558795N00853181EA0000000901
B0917165558877N00853140EA0000000891
B0917215558963N00853098EA0000000883
B0917275559070N00853050EA0000000875
B0917335559179N00852996EA0000000860
B0917405559308N00852930EA0000000853
B0917455559397N00852885EA0000000847
B0917525559522N00852819EA0000000835
B0917595559646N00852748EA0000000826
B0918045559734N00852702EA0000000822
B0918095559824N00852659EA0000000814
B0918155559932N00852611EA0000000808
B0918205600019N00852568EA0000000811
B0918265600119N00852518EA0000000804
B0918315600203N00852476EA0000000799
B0918365600287N00852434EA0000000797
B0918425600387N00852387EA0000000795
B0918485600493N00852346EA0000000789
B0918535600577N00852305EA0000000786
B0918585600658N00852263EA0000000785
B0919035600738N00852221EA0000000782
B0919095600817N00852127EA0000000784
B0919145600867N00852026EA0000000792
B0919195600891N00851905EA0000000794
B0919255600901N00851755EA0000000808
B0919315600910N00851607EA0000000804
B0919395600927N00851410EA0000000827
B0919445600940N00851303EA0000000856
B0919505600952N00851180EA0000000862
B0920005600975N00850962EA0000000850
B0920065600997N00850806EA0000000845
B0920125601017N00850659EA0000000848
B0920185601043N00850513EA0000000832
B0920255601076N00850332EA0000000829
B0920315601102N00850178EA0000000820
B0920385601121N00849989EA0000000816
B0920435601130N00849858EA0000000819
B0920495601136N00849713EA0000000841
B0920565601154N00849561EA0000000829
B0921015601175N00849439EA0000000838
B0921065601195N00849329EA0000000860
B0921125601266N00849301EA0000000855
B0921175601328N00849375EA0000000874
B0921225601334N00849520EA0000000880
B0921275601273N00849632EA0000000872
B0921365601144N00849595EA0000000892
B0921415601135N00849496EA0000000898
B0921465601195N00849488EA0000000892
B0921515601234N00849626EA0000000894
B0921575601183N00849795EA0000000905
B0922035601090N00849801EA0000000918
B0922095601059N00849689EA0000000927
B0922145601111N00849653EA0000000923
B0922195601162N00849760EA0000000923
B0922245601156N00849922EA0000000928
B0922325601047N00850054EA0000000947
B0922375600985N00849994EA0000000947
B0922425600984N00849882EA0000000950
B0922485601052N00849835EA0000000947
B0922535601137N00849855EA0000000912
B0922585601241N00849888EA0000000896
B0923035601352N00849930EA0000000896
B0923095601485N00849974EA0000000899
B0923145601596N00850013EA0000000888
B0923215601748N00850130EA0000000887
B0923265601841N00850258EA0000000889
B0923315601922N00850419EA0000000880
B0923385602046N00850621EA0000000885
B0923445602163N00850732EA0000000893
B0923515602310N00850780EA0000000879
B0923565602419N00850796EA0000000867
B0924015602527N00850814EA0000000873
B0924065602628N00850831EA0000000876
B0924115602726N00850845EA0000000874
B0924175602846N00850877EA0000000867
B0924225602949N00850909EA0000000864
B0924285603068N00850942EA0000000864
B0924355603208N00850967EA0000000852
B0924405603307N00850982EA0000000853
B0924455603407N00850999EA0000000845
B0924525603548N00851027EA0000000838
B0925035603770N00851047EA0000000827
B0925095603886N00851049EA0000000827
B0925145603982N00851055EA0000000822
B0925195604081N00851089EA0000000815
B0925275604239N00851176EA0000000808
B0925325604338N00851219EA0000000801
B0925395604476N00851261EA0000000798
B0925455604589N00851319EA0000000809
B0925505604675N00851386EA0000000819
B0925555604747N00851482EA0000000830
B0926005604815N00851550EA0000000828
B0926065604878N00851452EA0000000835
B0926115604878N00851339EA0000000849
B0926175604794N00851328EA0000000854
B0926225604731N00851446EA0000000866
B0926275604723N00851600EA0000000875
B0926325604769N00851711EA0000000884
B0926375604832N00851718EA0000000892
B0926425604853N00851640EA0000000897
B0926475604807N00851567EA0000000897
B0926525604727N00851597EA0000000905
B0926575604682N00851729EA0000000918
B0927025604701N00851873EA0000000918
B0927075604767N00851936EA0000000930
B0927125604819N00851907EA0000000943
B0927175604816N00851814EA0000000940
B0927235604740N00851760EA0000000940
B0927285604659N00851828EA0000000945
B0927335604617N00851972EA0000000956
B0927385604642N00852113EA0000000960
B0927455604731N00852188EA0000000977
B0927525604821N00852192EA0000000977
B0927575604895N00852169EA0000000962
B0928045605008N00852130EA0000000955
B0928115605120N00852084EA0000000956
B0928165605203N00852055EA0000000951
B0928225605307N00852025EA0000000952
B0928285605411N00852000EA0000000948
B0928365605545N00851954EA0000000946
B0928455605689N00851886EA0000000935
B0928515605785N00851836EA0000000923
B0928565605865N00851793EA0000000916
B0929025605960N00851741EA0000000901
B0929085606060N00851690EA0000000893
B0929135606142N00851654EA0000000889
B0929195606239N00851614EA0000000879
B0929275606370N00851556EA0000000867
B0929325606450N00851524EA0000000857
B0929375606532N00851494EA0000000850
B0929425606613N00851468EA0000000837
B0929475606694N00851434EA0000000838
B0929525606774N00851402EA0000000842
B0929575606852N00851372EA0000000843
B0930025606934N00851342EA0000000827
B0930105607077N00851301EA0000000827
B0930165607189N00851268EA0000000809
B0930215607286N00851241EA0000000810
B0930265607381N00851219EA0000000804
B0930315607477N00851203EA0000000794
B0930365607574N00851183EA0000000787
B0930425607691N00851154EA0000000772
B0930485607809N00851126EA0000000766
B0930545607922N00851101EA0000000752
B0931015608046N00851072EA0000000745
B0931065608134N00851070EA0000000749
B0931125608235N00851139EA0000000765
B0931185608326N00851250EA0000000766
B0931235608407N00851324EA0000000772
B0931285608482N00851310EA0000000772
B0931355608564N00851217EA0000000775
B0931425608619N00851072EA0000000767
B0931475608635N00850949EA0000000770
B0931525608635N00850826EA0000000774
B0931585608637N00850680EA0000000774
B0932055608663N00850520EA0000000778
B0932135608663N00850328EA0000000758
B0932205608573N00850199EA0000000745
B0932255608480N00850199EA0000000741
B0932315608361N00850254EA0000000719
B0932385608221N00850379EA0000000718
B0932465608068N00850493EA0000000722
B0932525607953N00850597EA0000000711
B0933035607741N00850802EA0000000709
B0933085607649N00850809EA0000000710
B0933135607592N00850737EA0000000709
B0933185607590N00850637EA0000000700
B0933235607650N00850607EA0000000695
B0933295607715N00850748EA0000000692
B0933345607703N00850933EA0000000686
B0933425607600N00851200EA0000000668
B0933505607479N00851458EA0000000655
B0933575607378N00851694EA0000000651
B0934055607264N00851954EA0000000647
B0934125607168N00852185EA0000000653
B0934185607091N00852385EA0000000634
B0934265606983N00852675EA0000000624
B0934395606806N00853139EA0000000600
B0934465606709N00853371EA0000000591
B0934525606626N00853564EA0000000591
B0934595606530N00853772EA0000000588
B0935045606455N00853913EA0000000583
B0935105606362N00854074EA0000000583
B0935195606240N00854316EA0000000597
B0935245606235N00854481EA0000000599
B0935295606286N00854603EA0000000596
B0935345606359N00854641EA0000000590
B0935395606411N00854576EA0000000582
B0935445606410N00854458EA0000000574
B0935505606348N00854329EA0000000563
B0935555606304N00854217EA0000000570
B0936025606258N00854065EA0000000578
B0936075606280N00853959EA0000000601
B0936125606349N00854000EA0000000610
B0936175606343N00854168EA0000000602
B0936225606260N00854236EA0000000606
B0936275606191N00854186EA0000000623
B0936325606187N00854085EA0000000632
B0936385606268N00854071EA0000000636
B0936445606303N00854248EA0000000650
B0936495606240N00854364EA0000000645
B0936545606154N00854353EA0000000656
B0936595606125N00854253EA0000000667
B0937055606193N00854188EA0000000674
B0937105606257N00854291EA0000000681
B0937165606232N00854485EA0000000688
B0937215606152N00854516EA0000000694
B0937265606127N00854414EA0000000698
B0937315606192N00854361EA0000000701
B0937365606255N00854479EA0000000714
B0937425606211N00854664EA0000000715
B0937475606135N00854642EA0000000724
B0937525606142N00854532EA0000000729
B0937575606223N00854534EA0000000730
B0938025606262N00854704EA0000000734
B0938095606164N00854869EA0000000735
B0938145606090N00854839EA0000000756
B0938195606085N00854732EA0000000756
B0938265606189N00854709EA0000000775
B0938315606215N00854870EA0000000778
B0938365606148N00854989EA0000000771
B0938425606086N00854911EA0000000791
B0938475606128N00854824EA0000000789
B0938525606207N00854898EA0000000796
B0938575606207N00855081EA0000000797
B0939025606132N00855166EA0000000799
B0939075606075N00855104EA0000000801
B0939135606109N00854984EA0000000812
B0939185606188N00855041EA0000000819
B0939235606208N00855218EA0000000817
B0939295606136N00855377EA0000000818
B0939345606064N00855371EA0000000819
B0939425606002N00855220EA0000000833
B0939485605991N00855097EA0000000854
B0939535606049N00855058EA0000000858
B0939585606108N00855171EA0000000858
B0940035606085N00855339EA0000000863
B0940085606003N00855371EA0000000861
B0940135605946N00855282EA0000000874
B0940185605958N00855184EA0000000892
B0940235606025N00855191EA0000000884
B0940285606064N00855348EA0000000886
B0940335606021N00855503EA0000000902
B0940385605940N00855537EA0000000907
B0940435605876N00855473EA0000000918
B0940495605862N00855355EA0000000922
B0940575605943N00855298EA0000000923
B0941035606023N00855378EA0000000929
B0941105606094N00855551EA0000000930
B0941165606135N00855753EA0000000936
B0941245606180N00856038EA0000000927
B0941305606195N00856268EA0000000918
B0941365606221N00856495EA0000000908
B0941415606252N00856683EA0000000900
B0941505606318N00857024EA0000000881
B0941585606382N00857362EA0000000860
B0942035606423N00857574EA0000000861
B0942085606463N00857779EA0000000858
B0942155606513N00858075EA0000000857
B0942235606558N00858407EA0000000862
B0942305606594N00858684EA0000000873
B0942355606622N00858866EA0000000881
B0942405606645N00859056EA0000000887
B0942465606670N00859283EA0000000881
B0942515606689N00859488EA0000000861
B0942575606707N00859747EA0000000849
B0943045606727N00900051EA0000000837
B0943105606735N00900309EA0000000837
B0943185606739N00900643EA0000000828
B0943235606744N00900853EA0000000824
B0943315606756N00901171EA0000000841
B0943365606764N00901358EA0000000843
B0943415606772N00901543EA0000000851
B0943475606782N00901749EA0000000879
B0943525606840N00901833EA0000000877
B0943575606899N00901785EA0000000881
B0944025606905N00901678EA0000000876
B0944095606824N00901598EA0000000879
B0944145606745N00901670EA0000000867
B0944195606699N00901823EA0000000881
B0944265606678N00902051EA0000000895
B0944325606670N00902257EA0000000896
B0944375606662N00902429EA0000000897
B0944425606641N00902607EA0000000904
B0944495606613N00902857EA0000000905
B0944545606595N00903042EA0000000908
B0944595606579N00903232EA0000000896
B0945045606572N00903422EA0000000906
B0945105606586N00903634EA0000000906
B0945155606599N00903817EA0000000901
B0945205606612N00904008EA0000000899
B0945255606616N00904209EA0000000884
B0945305606574N00904405EA0000000878
B0945355606512N00904583EA0000000871
B0945405606460N00904758EA0000000880
B0945455606429N00904942EA0000000878
B0945505606440N00905130EA0000000875
B0945555606472N00905305EA0000000878
B0946025606537N00905523EA0000000879
B0946085606601N00905693EA0000000888
B0946135606647N00905840EA0000000893
B0946195606641N00906050EA0000000895
B0946255606600N00906257EA0000000892
B0946305606577N00906450EA0000000883
B0946365606567N00906693EA0000000886
B0946425606576N00906936EA0000000884
B0946475606592N00907133EA0000000881
B0946525606614N00907322EA0000000875
B0946585606648N00907557EA0000000859
B0947035606674N00907758EA0000000859
B0947085606700N00907951EA0000000859
B0947175606736N00908316EA0000000836
B0947265606769N00908674EA0000000834
B0947325606801N00908904EA0000000817
B0947375606844N00909087EA0000000812
B0947445606911N00909318EA0000000816
B0947505606969N00909510EA0000000807
B0947565607031N00909702EA0000000798
B0948015607086N00909861EA0000000787
B0948075607153N00910057EA0000000776
B0948125607210N00910222EA0000000767
B0948225607318N00910547EA0000000753
B0948295607398N00910759EA0000000753
B0948345607462N00910889EA0000000753
B0948415607555N00911072EA0000000745
B0948515607703N00911298EA0000000742
B0948565607785N00911381EA0000000749
B0949015607860N00911471EA0000000756
B0949085607958N00911617EA0000000766
B0949135608026N00911653EA0000000762
B0949195608061N00911559EA0000000749
B0949275607977N00911443EA0000000732
B0949325607898N00911511EA0000000723
B0949375607845N00911677EA0000000718
B0949425607788N00911848EA0000000720
B0949475607704N00911969EA0000000725
B0949535607602N00912096EA0000000734
B0949585607517N00912190EA0000000738
B0950055607399N00912331EA0000000740
B0950105607321N00912447EA0000000746
B0950155607270N00912609EA0000000742
B0950205607251N00912791EA0000000744
B0950255607243N00912979EA0000000732
B0950305607233N00913177EA0000000724
B0950355607225N00913370EA0000000726
B0950415607215N00913608EA0000000720
B0950465607206N00913809EA0000000724
B0950515607196N00914005EA0000000727
B0950565607180N00914199EA0000000726
B0951025607153N00914428EA0000000742
B0951075607109N00914580EA0000000769
B0951125607035N00914597EA0000000769
B0951215607060N00914482EA0000000774
B0951265607108N00914604EA0000000785
B0951315607079N00914759EA0000000801
B0951375606994N00914755EA0000000795
B0951425607015N00914669EA0000000807
B0951475607075N00914752EA0000000815
B0951525607051N00914918EA0000000828
B0951575606974N00914942EA0000000837
B0952025606952N00914851EA0000000829
B0952085607020N00914827EA0000000847
B0952135607056N00914969EA0000000845
B0952185607006N00915106EA0000000859
B0952245606925N00915081EA0000000863
B0952295606939N00915000EA0000000866
B0952355607013N00915077EA0000000867
B0952405607003N00915246EA0000000879
B0952465606912N00915321EA0000000882
B0952515606865N00915242EA0000000877
B0952565606899N00915163EA0000000879
B0953015606967N00915222EA0000000879
B0953075606951N00915422EA0000000894
B0953135606854N00915479EA0000000895
B0953205606828N00915350EA0000000898
B0953255606891N00915334EA0000000893
B0953305606939N00915468EA0000000898
B0953375606919N00915732EA0000000894
B0953425606874N00915916EA0000000897
B0953475606813N00916079EA0000000904
B0953525606724N00916126EA0000000905
B0954005606657N00915982EA0000000889
B0954055606706N00915899EA0000000880
B0954105606782N00915950EA0000000881
B0954155606812N00916113EA0000000877
B0954205606797N00916296EA0000000878
B0954255606760N00916472EA0000000877
B0954315606702N00916672EA0000000874
B0954375606633N00916881EA0000000854
B0954445606539N00917138EA0000000851
B0954495606473N00917316EA0000000850
B0954555606394N00917529EA0000000845
B0955015606319N00917749EA0000000832
B0955075606242N00917974EA0000000831
B0955125606184N00918159EA0000000832
B0955175606129N00918343EA0000000826
B0955225606075N00918531EA0000000817
B0955305605984N00918834EA0000000809
B0955355605924N00919022EA0000000799
B0955415605853N00919253EA0000000795
B0955485605773N00919526EA0000000784
B0955535605715N00919723EA0000000781
B0956015605625N00920038EA0000000780
B0956075605562N00920276EA0000000778
B0956135605501N00920512EA0000000777
B0956185605452N00920710EA0000000766
B0956235605401N00920913EA0000000757
B0956285605350N00921116EA0000000753
B0956335605302N00921319EA0000000748
B0956385605256N00921524EA0000000743
B0956435605204N00921719EA0000000738
B0956485605153N00921915EA0000000731
B0956555605078N00922182EA0000000729
B0957025605007N00922444EA0000000720
B0957095604934N00922707EA0000000705
B0957145604881N00922893EA0000000699
B0957195604820N00923065EA0000000698
B0957295604704N00923401EA0000000684
B0957345604648N00923578EA0000000687
B0957395604591N00923742EA0000000724
B0957455604513N00923809EA0000000745
B0957525604507N00923686EA0000000736
B0957575604573N00923701EA0000000744
B0958025604611N00923850EA0000000751
B0958075604559N00923989EA0000000767
B0958125604484N00923961EA0000000771
B0958175604491N00923865EA0000000792
B0958225604548N00923908EA0000000801
B0958275604552N00924063EA0000000809
B0958325604483N00924150EA0000000819
B0958405604414N00924036EA0000000831
B0958465604477N00924075EA0000000848
B0958515604456N00924224EA0000000859
B0958575604370N00924199EA0000000869
B0959025604398N00924142EA0000000882
B0959075604443N00924248EA0000000894
B0959125604401N00924389EA0000000903
B0959175604321N00924375EA0000000907
B0959225604330N00924289EA0000000912
B0959295604395N00924415EA0000000930
B0959345604349N00924560EA0000000943
B0959395604272N00924539EA0000000940
B0959445604287N00924450EA0000000947
B0959505604356N00924533EA0000000960
B0959555604328N00924694EA0000000973
B1000015604233N00924691EA0000000977
B1000065604236N00924596EA0000000988
B1000115604295N00924636EA0000000986
B1000165604289N00924810EA0000001001
B1000215604207N00924857EA0000001009
B1000285604198N00924733EA0000001015
B1000335604263N00924790EA0000001015
B1000385604271N00924965EA0000001034
B1000455604164N00925043EA0000001040
B1000505604147N00924942EA0000001042
B1000555604212N00924948EA0000001043
B1001005604232N00925114EA0000001055
B1001065604147N00925230EA0000001075
B1001125604096N00925135EA0000001072
B1001185604164N00925125EA0000001076
B1001235604187N00925282EA0000001080
B1001295604115N00925438EA0000001101
B1001345604039N00925423EA0000001095
B1001395604024N00925331EA0000001098
B1001455604089N00925313EA0000001100
B1001505604125N00925456EA0000001099
B1001555604086N00925630EA0000001107
B1002015604023N00925838EA0000001096
B1002065603976N00926022EA0000001089
B1002115603919N00926196EA0000001095
B1002165603832N00926318EA0000001097
B1002225603711N00926400EA0000001100
B1002295603562N00926497EA0000001097
B1002345603454N00926588EA0000001088
B1002395603350N00926703EA0000001084
B1002455603228N00926841EA0000001082
B1002515603105N00926987EA0000001072
B1002595602951N00927214EA0000001071
B1003055602848N00927404EA0000001072
B1003105602765N00927565EA0000001070
B1003155602684N00927730EA0000001067
B1003225602579N00927963EA0000001076
B1003275602512N00928116EA0000001083
B1003325602446N00928273EA0000001062
B1003375602379N00928439EA0000001061
B1003425602305N00928582EA0000001060
B1003485602213N00928749EA0000001057
B1003535602135N00928888EA0000001055
B1003585602054N00929017EA0000001053
B1004035601967N00929128EA0000001046
B1004135601783N00929349EA0000001013
B1004185601690N00929462EA0000001011
B1004235601607N00929583EA0000001015
B1004285601528N00929705EA0000001009
B1004345601431N00929858EA0000001003
B1004395601353N00929990EA0000001001
B1004445601272N00930106EA0000001000
B1004495601189N00930200EA0000001000
B1004585601042N00930374EA0000001017
B1005045600959N00930348EA0000001013
B1005105600969N00930226EA0000001009
B1005165601050N00930183EA0000001026
B1005215601121N00930259EA0000001027
B1005265601187N00930359EA0000001026
B1005315601228N00930505EA0000001018
B1005365601218N00930672EA0000001015
B1005425601151N00930832EA0000001008
B1005475601073N00930947EA0000000988
B1005525600990N00931068EA0000000984
B1006015600846N00931303EA0000000975
B1006065600767N00931450EA0000000970
B1006125600668N00931629EA0000000958
B1006175600583N00931790EA0000000949
B1006225600500N00931951EA0000000948
B1006305600372N00932208EA0000000947
B1006385600242N00932462EA0000000943
B1006435600159N00932624EA0000000933
B1006515600030N00932881EA0000000929
B1006565559949N00933042EA0000000922
B1007065559798N00933380EA0000000912
B1007185559629N00933788EA0000000901
B1007235559553N00933948EA0000000898
B1007295559462N00934143EA0000000890
B1007355559372N00934343EA0000000880
B1007405559297N00934512EA0000000870
B1007465559207N00934737EA0000000843
B1007535559106N00935001EA0000000855
B1007585559040N00935168EA0000000850
B1008035558972N00935338EA0000000833
B1008085558902N00935501EA0000000832
B1008145558824N00935698EA0000000813
B1008195558753N00935865EA0000000797
B1008255558668N00936056EA0000000793
B1008325558578N00936302EA0000000786
B1008375558513N00936474EA0000000795
B1008445558404N00936521EA0000000811
B1008505558320N00936461EA0000000808
B1008555558232N00936487EA0000000809
B1009005558145N00936570EA0000000797
B1009065558041N00936717EA0000000785
B1009115557961N00936866EA0000000782
B1009165557885N00937024EA0000000780
B1009245557763N00937283EA0000000769
B1009305557672N00937482EA0000000759
B1009365557580N00937686EA0000000759
B1009425557487N00937871EA0000000774
B1009475557405N00937998EA0000000773
B1009535557306N00938165EA0000000772
B1009595557213N00938350EA0000000766
B1010055557120N00938547EA0000000758
B1010115557032N00938752EA0000000761
B1010185556931N00938976EA0000000766
B1010245556844N00939176EA0000000765
B1010295556772N00939345EA0000000768
B1010395556627N00939669EA0000000772
B1010445556552N00939815EA0000000771
B1010515556446N00940016EA0000000761
B1010565556370N00940170EA0000000752
B1011025556278N00940362EA0000000741
B1011085556183N00940549EA0000000734
B1011165556052N00940793EA0000000720
B1011215555970N00940947EA0000000715
B1011265555893N00941112EA0000000711
B1011325555807N00941315EA0000000703
B1011385555721N00941528EA0000000697
B1011465555612N00941813EA0000000695
B1011515555543N00941986EA0000000695
B1012015555399N00942308EA0000000688
B1012105555275N00942608EA0000000684
B1012165555204N00942827EA0000000681
B1012255555098N00943161EA0000000677
B1012345554997N00943498EA0000000680
B1012415554926N00943771EA0000000669
B1012485554855N00944036EA0000000669
B1013005554737N00944496EA0000000656
B1013055554688N00944687EA0000000658
B1013155554538N00944883EA0000000689
B1013245554535N00944732EA0000000688
B1013295554608N00944784EA0000000691
B1013345554631N00944950EA0000000696
B1014095554305N00945846EA0000000732
B1014145554295N00945738EA0000000747
B1014225554409N00945801EA0000000748
B1014355554275N00946049EA0000000772
B1014405554271N00945949EA0000000788
B1014455554337N00945931EA0000000786
B1014535554401N00946165EA0000000804
B1014595554326N00946337EA0000000812
B1015085554230N00946230EA0000000821
B1015155554324N00946272EA0000000837
B1015205554318N00946460EA0000000841
B1015325554164N00946447EA0000000860
B1015375554225N00946419EA0000000869
B1015425554276N00946564EA0000000879
B1015515554162N00946778EA0000000896
B1015565554107N00946698EA0000000902
B1016025554156N00946619EA0000000907
B1016075554229N00946689EA0000000913
B1016195554165N00947021EA0000000941
B1016245554107N00946942EA0000000937
B1016295554138N00946851EA0000000946
B1016345554216N00946883EA0000000949
B1016395554263N00947056EA0000000954
B1016475554154N00947265EA0000000971
B1016555554094N00947135EA0000000983
B1017005554158N00947106EA0000000998
B1017055554222N00947224EA0000001004
B1017105554200N00947413EA0000001017
B1017155554113N00947498EA0000001021
B1017215554048N00947409EA0000001017
B1017265554088N00947328EA0000001026
B1017315554166N00947394EA0000001035
B1017365554177N00947580EA0000001047
B1017425554079N00947717EA0000001050
B1017475554004N00947670EA0000001049
B1017535554011N00947540EA0000001050
B1017585554078N00947501EA0000001059
B1018045554164N00947625EA0000001062
B1018105554178N00947852EA0000001073
B1018185554041N00947999EA0000001059
B1018255553959N00947872EA0000001062
B1018315553971N00947732EA0000001075
B1018365554023N00947660EA0000001073
B1018415554107N00947707EA0000001075
B1018465554155N00947870EA0000001077
B1018515554142N00948066EA0000001082
B1019005553993N00948242EA0000001079
B1019055553917N00948189EA0000001085
B1019115553917N00948064EA0000001090
B1019165553985N00948010EA0000001090
B1019215554062N00947998EA0000001098
B1019265554139N00948093EA0000001098
B1019315554154N00948289EA0000001096
B1019395554030N00948500EA0000001103
B1019465553919N00948682EA0000001113
B1019535553807N00948874EA0000001108
B1020005553685N00949077EA0000001098
B1020055553612N00949249EA0000001108
B1020135553466N00949406EA0000001115
B1020185553382N00949525EA0000001124
B1020255553298N00949754EA0000001123
B1020355553216N00950137EA0000001118
B1020425553192N00950416EA0000001141
B1020495553268N00950576EA0000001149
B1020545553331N00950552EA0000001155
B1021065553244N00950422EA0000001176
B1021125553161N00950557EA0000001188
B1021175553148N00950727EA0000001192
B1021225553194N00950861EA0000001193
B1021275553264N00950893EA0000001193
B1021325553309N00950826EA0000001202
B1021375553301N00950725EA0000001214
B1021455553216N00950616EA0000001232
B1021515553116N00950604EA0000001236
B1021595552971N00950712EA0000001242
B1022055552884N00950867EA0000001243
B1022105552858N00951048EA0000001253
B1022155552868N00951228EA0000001254
B1022215552900N00951449EA0000001249
B1022285552963N00951673EA0000001257
B1022335553014N00951820EA0000001263
B1022405553080N00952022EA0000001270
B1022495553130N00952320EA0000001274
B1022565553161N00952556EA0000001260
B1023025553177N00952798EA0000001242
B1023125553167N00953224EA0000001262
B1023195553134N00953502EA0000001251
B1023255553098N00953746EA0000001244
B1023345553042N00954123EA0000001234
B1023415553008N00954414EA0000001231
B1023475552983N00954654EA0000001244
B1023535552960N00954884EA0000001248
B1024005552930N00955165EA0000001244
B1024055552907N00955363EA0000001250
B1024125552878N00955640EA0000001252
B1024175552859N00955841EA0000001260
B1024235552834N00956076EA0000001269
B1024305552804N00956335EA0000001279
B1024375552773N00956601EA0000001280
B1024425552756N00956785EA0000001288
B1024485552744N00957006EA0000001276
B1024535552746N00957196EA0000001261
B1025005552771N00957461EA0000001262
B1025075552807N00957712EA0000001274
B1025145552852N00957959EA0000001272
B1025215552907N00958219EA0000001264
B1025275552958N00958444EA0000001258
B1025325553002N00958624EA0000001259
B1025375553048N00958797EA0000001255
B1025425553080N00958987EA0000001250
B1025475553130N00959153EA0000001247
B1025535553213N00959297EA0000001244
B1026015553342N00959412EA0000001230
B1026065553425N00959465EA0000001228
B1026155553577N00959530EA0000001213
B1026205553666N00959562EA0000001207
B1026255553758N00959584EA0000001194
B1026325553895N00959596EA0000001186
B1026385554006N00959597EA0000001184
B1026435554098N00959587EA0000001180
B1026485554189N00959565EA0000001175
B1026535554277N00959542EA0000001170
B1027005554397N00959498EA0000001159
B1027085554526N00959428EA0000001161
B1027135554602N00959376EA0000001170
B1027215554705N00959309EA0000001212
B1027285554723N00959209EA0000001231
B1027345554636N00959187EA0000001243
B1027395554566N00959318EA0000001247
B1027445554559N00959499EA0000001254
B1027495554601N00959635EA0000001268
B1027545554666N00959691EA0000001275
B1028005554731N00959647EA0000001278
B1028055554739N00959553EA0000001282
B1028105554689N00959483EA0000001294
B1028175554578N00959562EA0000001309
B1028235554545N00959771EA0000001312
B1028295554610N00959922EA0000001325
B1028375554726N00959902EA0000001302
B1028425554804N00959854EA0000001302
B1028475554881N00959802EA0000001310
B1028535554965N00959750EA0000001325
B1028585555038N00959707EA0000001303
B1029055555118N00959582EA0000001294
B1029105555171N00959486EA0000001288
B1029175555248N00959362EA0000001286
B1029225555306N00959283EA0000001280
B1029275555370N00959203EA0000001271
B1029345555462N00959098EA0000001265
B1029395555530N00959030EA0000001253
B1029455555615N00958956EA0000001245
B1029525555721N00958884EA0000001236
B1029585555816N00958835EA0000001237
B1030045555914N00958808EA0000001226
B1030105556014N00958761EA0000001214
B1030165556112N00958707EA0000001200
B1030215556207N00958686EA0000001187
B1030275556326N00958675EA0000001183
B1030335556445N00958681EA0000001179
B1030405556589N00958705EA0000001166
B1030505556793N00958738EA0000001155
B1030565556913N00958763EA0000001144
B1031025557040N00958790EA0000001123
B1031095557188N00958808EA0000001123
B1031145557290N00958821EA0000001116
B1031225557455N00958847EA0000001107
B1031285557574N00958860EA0000001104
B1031335557674N00958869EA0000001096
B1031395557795N00958881EA0000001086
B1031465557933N00958887EA0000001078
B1031525558053N00958890EA0000001060
B1031585558173N00958889EA0000001050
B1032035558270N00958885EA0000001038
B1032125558447N00958860EA0000001021
B1032175558541N00958825EA0000001021
B1032255558684N00958774EA0000001024
B1032335558825N00958759EA0000001033
B1032385558900N00958709EA0000001023
B1032445558945N00958557EA0000001028
B1032495558955N00958428EA0000001050
B1032545558896N00958369EA0000001058
B1032595558811N00958422EA0000001052
B1033045558742N00958560EA0000001053
B1033095558700N00958725EA0000001061
B1033145558720N00958892EA0000001055
B1033205558806N00958999EA0000001041
B1033255558880N00958973EA0000001052
B1033315558938N00958868EA0000001044
B1033375558977N00958726EA0000001027
B1033435559011N00958567EA0000001017
B1033525559059N00958334EA0000001008
B1034045559128N00958022EA0000001006
B1034115559173N00957845EA0000001001
B1034165559202N00957712EA0000000999
B1034215559231N00957578EA0000000991
B1034285559269N00957395EA0000000987
B1034355559311N00957228EA0000000992
B1034425559338N00957063EA0000000995
B1034485559352N00956915EA0000000991
B1034565559369N00956715EA0000000983
B1035015559381N00956584EA0000000993
B1035065559383N00956475EA0000001024
B1035125559305N00956462EA0000001017
B1035175559249N00956597EA0000001032
B1035225559273N00956759EA0000001023
B1035285559362N00956855EA0000001032
B1035335559427N00956816EA0000001037
B1035385559444N00956717EA0000001034
B1035465559344N00956637EA0000001022
B1035515559262N00956728EA0000001028
B1035565559216N00956889EA0000001043
B1036015559246N00957038EA0000001049
B1036065559316N00957047EA0000001051
B1036115559323N00956952EA0000001052
B1036165559257N00956911EA0000001054
B1036215559179N00956997EA0000001062
B1036265559167N00957162EA0000001068
B1036325559244N00957261EA0000001072
B1036375559298N00957204EA0000001073
B1036425559294N00957102EA0000001079
B1036485559231N00957029EA0000001090
B1036545559136N00957045EA0000001091
B1036595559083N00957190EA0000001088
B1037055559119N00957369EA0000001087
B1037105559193N00957412EA0000001097
B1037165559258N00957354EA0000001109
B1037215559253N00957257EA0000001104
B1037265559196N00957191EA0000001110
B1037315559113N00957229EA0000001115
B1037365559071N00957382EA0000001117
B1037415559112N00957524EA0000001113
B1037475559196N00957533EA0000001122
B1037525559227N00957451EA0000001128
B1038015559216N00957272EA0000001142
B1038065559208N00957179EA0000001143
B1038125559196N00957041EA0000001131
B1038175559187N00956912EA0000001109
B1038255559188N00956684EA0000001099
B1038315559206N00956512EA0000001090
B1038385559232N00956329EA0000001096
B1038455559261N00956162EA0000001080
B1038525559300N00955985EA0000001075
B1038575559330N00955858EA0000001068
B1039025559358N00955720EA0000001055
B1039085559385N00955557EA0000001051
B1039165559425N00955346EA0000001058
B1039235559457N00955166EA0000001049
B1039295559488N00955008EA0000001036
B1039355559522N00954844EA0000001032
B1039445559571N00954614EA0000001034
B1039515559603N00954445EA0000001035
B1040015559663N00954218EA0000001037
B1040075559711N00954099EA0000001030
B1040135559762N00953975EA0000001016
B1040185559806N00953873EA0000001005
B1040235559854N00953772EA0000000996
B1040295559910N00953653EA0000001004
B1040345559959N00953558EA0000001006
B1040395600013N00953468EA0000001008
B1040465600089N00953370EA0000001032
B1040535600154N00953271EA0000001023
B1040585600189N00953185EA0000001035
B1041055600232N00953080EA0000001030
B1041115600266N00952966EA0000001012
B1041175600294N00952836EA0000001008
B1041255600316N00952650EA0000000995
B1041365600339N00952383EA0000000984
B1041425600351N00952233EA0000000980
B1041495600366N00952052EA0000000975
B1041555600377N00951901EA0000000973
B1042025600389N00951722EA0000000966
B1042105600405N00951521EA0000000963
B1042195600428N00951298EA0000000953
B1042245600441N00951179EA0000000951
B1042295600457N00951067EA0000000948
B1042345600478N00950956EA0000000937
B1042415600505N00950788EA0000000933
B1042485600533N00950613EA0000000922
B1042535600551N00950485EA0000000923
B1042585600570N00950361EA0000000927
B1043055600593N00950183EA0000000933
B1043105600602N00950068EA0000000944
B1043155600607N00949959EA0000000928
B1043235600612N00949756EA0000000925
B1043285600614N00949626EA0000000942
B1043375600617N00949417EA0000000919
B1043445600622N00949232EA0000000915
B1043505600630N00949079EA0000000912
B1043575600646N00948903EA0000000927
B1044045600658N00948759EA0000000933
B1044105600667N00948622EA0000000908
B1044155600683N00948500EA0000000928
B1044225600703N00948337EA0000000930
B1044295600725N00948179EA0000000946
B1044345600735N00948077EA0000000939
B1044445600766N00947867EA0000000935
B1044495600786N00947760EA0000000948
B1044555600812N00947643EA0000000969
B1045015600879N00947627EA0000000973
B1045075600908N00947800EA0000000980
B1045125600866N00947946EA0000000980
B1045175600789N00948042EA0000000985
B1045235600693N00948072EA0000001005
B1045295600627N00948005EA0000001008
B1045345600620N00947917EA0000001007
B1045395600659N00947860EA0000000998
B1045445600725N00947891EA0000001000
B1045495600764N00948021EA0000001009
B1045545600740N00948182EA0000001019
B1046015600631N00948251EA0000001040
B1046065600609N00948168EA0000001042
B1046115600660N00948137EA0000001040
B1046165600715N00948243EA0000001047
B1046215600694N00948414EA0000001067
B1046265600615N00948500EA0000001082
B1046315600556N00948447EA0000001090
B1046365600580N00948371EA0000001085
B1046415600646N00948417EA0000001096
B1046465600666N00948570EA0000001112
B1046515600609N00948704EA0000001126
B1046585600508N00948673EA0000001132
B1047035600521N00948589EA0000001129
B1047085600585N00948616EA0000001132
B1047135600607N00948767EA0000001148
B1047225600480N00948939EA0000001160
B1047275600431N00948865EA0000001157
B1047325600464N00948794EA0000001151
B1047375600527N00948855EA0000001156
B1047425600529N00949018EA0000001159
B1047475600454N00949132EA0000001160
B1047525600369N00949132EA0000001161
B1047595600341N00949012EA0000001147
B1048045600368N00948904EA0000001114
B1048095600416N00948784EA0000001096
B1048145600465N00948660EA0000001089
B1048205600520N00948511EA0000001093
B1048265600569N00948390EA0000001125
B1048335600625N00948280EA0000001140
B1048385600645N00948180EA0000001119
B1048445600642N00948020EA0000001104
B1048495600634N00947876EA0000001097
B1048545600625N00947732EA0000001098
B1048595600616N00947580EA0000001093
B1049045600602N00947428EA0000001091
B1049095600587N00947281EA0000001092
B1049145600576N00947145EA0000001100
B1049225600559N00946942EA0000001096
B1049275600549N00946821EA0000001098
B1049335600535N00946686EA0000001098
B1049385600517N00946569EA0000001089
B1049435600501N00946442EA0000001080
B1049495600480N00946279EA0000001066
B1049555600457N00946105EA0000001060
B1050025600439N00945905EA0000001054
B1050095600421N00945708EA0000001050
B1050145600403N00945574EA0000001052
B1050195600384N00945444EA0000001044
B1050245600359N00945311EA0000001036
B1050305600325N00945154EA0000001035
B1050355600301N00945030EA0000001059
B1050405600283N00944913EA0000001043
B1050455600255N00944775EA0000001045
B1050505600225N00944661EA0000001072
B1050555600197N00944552EA0000001074
B1051005600146N00944471EA0000001094
B1051055600064N00944517EA0000001108
B1051105600022N00944667EA0000001122
B1051155600038N00944834EA0000001129
B1051205600100N00944924EA0000001142
B1051255600160N00944889EA0000001142
B1051315600148N00944761EA0000001150
B1051365600070N00944727EA0000001165
B1051415559995N00944830EA0000001175
B1051465559995N00945013EA0000001179
B1051515600072N00945092EA0000001188
B1051565600130N00945026EA0000001205
B1052015600128N00944912EA0000001207
B1052095600033N00944775EA0000001202
B1052145559996N00944660EA0000001182
B1052225559984N00944438EA0000001165
B1052325559986N00944156EA0000001148
B1052395600001N00943971EA0000001140
B1052445600021N00943847EA0000001136
B1052515600059N00943682EA0000001130
B1052575600093N00943536EA0000001124
B1053025600120N00943410EA0000001112
B1053085600151N00943257EA0000001104
B1053135600182N00943127EA0000001091
B1053185600221N00943000EA0000001095
B1053245600277N00942867EA0000001100
B1053295600328N00942763EA0000001109
B1053345600377N00942672EA0000001113
B1053425600453N00942503EA0000001093
B1053485600511N00942369EA0000001091
B1053545600569N00942239EA0000001089
B1054015600633N00942086EA0000001093
B1054075600687N00941952EA0000001084
B1054125600734N00941841EA0000001082
B1054175600782N00941740EA0000001084
B1054245600855N00941600EA0000001072
B1054305600906N00941458EA0000001071
B1054365600953N00941313EA0000001064
B1054425601001N00941172EA0000001066
B1054475601045N00941060EA0000001055
B1054525601088N00940941EA0000001051
B1054575601129N00940826EA0000001050
B1055025601174N00940714EA0000001048
B1055075601214N00940597EA0000001044
B1055125601250N00940480EA0000001046
B1055195601294N00940321EA0000001039
B1055255601318N00940179EA0000001044
B1055315601341N00940042EA0000001042
B1055375601365N00939907EA0000001043
B1055425601383N00939801EA0000001041
B1055475601405N00939693EA0000001030
B1055525601444N00939588EA0000001022
B1055585601518N00939503EA0000001024
B1056035601591N00939469EA0000001021
B1056085601671N00939447EA0000001012
B1056145601770N00939425EA0000001000
B1056245601942N00939414EA0000000992
B1056315602069N00939417EA0000000983
B1056365602158N00939426EA0000000981
B1056425602267N00939435EA0000000970
B1056485602375N00939444EA0000000967
B1056535602463N00939455EA0000000960
B1057005602587N00939455EA0000000950
B1057065602687N00939437EA0000000941
B1057115602767N00939402EA0000000938
B1057205602897N00939335EA0000000953
B1057255602963N00939294EA0000000945
B1057305603005N00939204EA0000000942
B1057355603040N00939108EA0000000951
B1057405603103N00939076EA0000000962
B1057485603147N00939307EA0000000954
B1057545603052N00939416EA0000000962
B1058045602899N00939361EA0000000968
B1058095602830N00939304EA0000000978
B1058155602825N00939182EA0000001000
B1058205602887N00939190EA0000001013
B1058295602856N00939455EA0000001029
B1058375602770N00939363EA0000001056
B1058435602842N00939381EA0000001069
B1058495602842N00939590EA0000001086
B1058545602760N00939652EA0000001100
B1058595602713N00939570EA0000001114
B1059045602755N00939516EA0000001132
B1059095602817N00939619EA0000001137
B1059155602788N00939826EA0000001164
B1059235602677N00939805EA0000001179
B1059295602716N00939729EA0000001196
B1059445602686N00940055EA0000001224
B1059495602658N00939963EA0000001243
B1059565602752N00940019EA0000001259
B1100045602705N00940261EA0000001284
B1100115602628N00940182EA0000001296
B1100165602682N00940140EA0000001316
B1100225602747N00940292EA0000001337
B1100275602705N00940451EA0000001342
B1100335602601N00940476EA0000001349
B1100415602572N00940302EA0000001354
B1100465602636N00940220EA0000001353
B1100525602745N00940163EA0000001343
B1100575602853N00940139EA0000001334
B1101025602960N00940111EA0000001355
B1101075603048N00940076EA0000001381
B1101125603127N00940049EA0000001371
B1101175603210N00940013EA0000001360
B1101225603289N00939955EA0000001353
B1101305603409N00939843EA0000001344
B1101355603481N00939771EA0000001341
B1101405603557N00939713EA0000001341
B1101455603635N00939661EA0000001341
B1101515603721N00939587EA0000001342
B1102015603864N00939496EA0000001340
B1102085603967N00939455EA0000001342
B1102165604072N00939402EA0000001340
B1102215604136N00939358EA0000001330
B1102295604237N00939282EA0000001322
B1102375604337N00939215EA0000001318
B1102485604476N00939130EA0000001303
B1102535604538N00939085EA0000001296
B1102595604612N00939029EA0000001290
B1103065604703N00938972EA0000001280
B1103135604797N00938915EA0000001269
B1103185604867N00938875EA0000001264
B1103265604988N00938823EA0000001254
B1103315605067N00938804EA0000001256
B1103365605142N00938791EA0000001254
B1103445605264N00938754EA0000001241
B1103495605337N00938711EA0000001238
B1103565605425N00938617EA0000001228
B1104045605516N00938480EA0000001223
B1104105605583N00938372EA0000001219
B1104165605647N00938259EA0000001217
B1104215605701N00938164EA0000001206
B1104265605756N00938060EA0000001196
B1104315605818N00937965EA0000001185
B1104375605917N00937903EA0000001181
B1104425606007N00937882EA0000001178
B1104485606116N00937879EA0000001179
B1104545606225N00937905EA0000001177
B1104595606314N00937934EA0000001177
B1105055606421N00937950EA0000001169
B1105105606506N00937966EA0000001191
B1105165606598N00937980EA0000001181
B1105225606700N00937976EA0000001172
B1105285606800N00937978EA0000001187
B1105365606935N00937965EA0000001169
B1105435607063N00937952EA0000001155
B1105515607208N00937935EA0000001137
B1105565607301N00937921EA0000001125
B1106045607455N00937898EA0000001115
B1106095607555N00937889EA0000001106
B1106145607657N00937881EA0000001107
B1106205607774N00937880EA0000001109
B1106275607912N00937871EA0000001096
B1106345608053N00937872EA0000001098
B1106395608152N00937879EA0000001097
B1106455608268N00937881EA0000001087
B1106505608364N00937873EA0000001079
B1106555608458N00937850EA0000001072
B1107005608551N00937818EA0000001078
B1107055608638N00937803EA0000001100
B1107125608736N00937860EA0000001102
B1107175608790N00937801EA0000001084
B1107235608839N00937669EA0000001059
B1107285608864N00937533EA0000001050
B1107335608876N00937388EA0000001042
B1107405608888N00937182EA0000001036
B1107465608898N00937008EA0000001032
B1107545608910N00936786EA0000001023
B1107595608917N00936642EA0000001011
B1108045608929N00936495EA0000001005
B1108105608947N00936320EA0000001007
B1108165608966N00936154EA0000001008
B1108215608981N00936019EA0000001002
B1108285609010N00935829EA0000000988
B1108335609036N00935697EA0000000984
B1108385609061N00935564EA0000000984
B1108435609088N00935437EA0000000978
B1108495609119N00935291EA0000000988
B1108555609151N00935147EA0000000972
B1109015609189N00934996EA0000000969
B1109075609232N00934847EA0000000965
B1109135609268N00934695EA0000000962
B1109185609288N00934565EA0000000961
B1109255609312N00934380EA0000000956
B1109305609326N00934244EA0000000959
B1109375609335N00934067EA0000000966
B1109425609342N00933949EA0000000965
B1109475609350N00933832EA0000000961
B1109565609366N00933617EA0000000953
B1110025609366N00933474EA0000000949
B1110075609363N00933353EA0000000942
B1110135609362N00933201EA0000000932
B1110185609360N00933072EA0000000928
B1110235609356N00932946EA0000000930
B1110285609354N00932826EA0000000931
B1110335609353N00932709EA0000000929
B1110405609361N00932541EA0000000919
B1110455609373N00932417EA0000000912
B1110505609386N00932292EA0000000908
B1110555609396N00932164EA0000000912
B1111005609390N00932044EA0000000919
B1111055609355N00931939EA0000000926
B1111105609305N00931849EA0000000935
B1111155609226N00931865EA0000000954
B1111205609175N00932008EA0000000946
B1111255609193N00932181EA0000000938
B1111305609255N00932278EA0000000940
B1111355609321N00932284EA0000000939
B1111425609359N00932190EA0000000945
B1111475609316N00932116EA0000000946
B1111525609237N00932150EA0000000954
B1111575609184N00932303EA0000000948
B1112025609203N00932481EA0000000946
B1112075609272N00932576EA0000000948
B1112125609339N00932610EA0000000960
B1112205609424N00932560EA0000000947
B1112255609469N00932505EA0000000959
B1112315609529N00932488EA0000000970
B1112365609590N00932578EA0000000968
B1112415609607N00932749EA0000000972
B1112465609569N00932912EA0000000976
B1112515609494N00933011EA0000000970
B1112565609416N00933016EA0000000961
B1113015609370N00932937EA0000000954
B1113065609382N00932831EA0000000956
B1113125609464N00932793EA0000000956
B1113175609539N00932889EA0000000970
B1113225609550N00933069EA0000000975
B1113275609488N00933208EA0000000968
B1113325609406N00933230EA0000000967
B1113375609350N00933174EA0000000970
B1113425609337N00933084EA0000000965
B1113475609372N00933012EA0000000969
B1113525609432N00933005EA0000000970
B1113575609492N00933083EA0000000968
B1114025609551N00933189EA0000000952
B1114095609660N00933315EA0000000931
B1114165609775N00933461EA0000000922
B1114215609857N00933564EA0000000930
B1114265609932N00933670EA0000000930
B1114325610025N00933794EA0000000932
B1114375610095N00933896EA0000000942
B1114425610163N00933997EA0000000944
B1114475610226N00934016EA0000000945
B1114535610248N00933919EA0000000940
B1114585610204N00933848EA0000000953
B1115035610125N00933874EA0000000958
B1115085610064N00934012EA0000000962
B1115135610072N00934186EA0000000957
B1115185610134N00934276EA0000000969
B1115235610182N00934252EA0000000966
B1115285610179N00934164EA0000000967
B1115355610083N00934140EA0000000981
B1115405610018N00934263EA0000000985
B1115465610027N00934472EA0000000978
B1115515610094N00934561EA0000000979
B1115575610148N00934501EA0000000975
B1116025610109N00934419EA0000000985
B1116075610025N00934460EA0000000994
B1116125609980N00934618EA0000001003
B1116175610011N00934776EA0000000998
B1116225610081N00934817EA0000000996
B1116275610105N00934731EA0000000991
B1116325610047N00934662EA0000000999
B1116375609961N00934720EA0000001010
B1116425609919N00934890EA0000001010
B1116485609965N00935079EA0000001009
B1116535610036N00935117EA0000001011
B1116595610074N00935030EA0000001011
B1117045610034N00934950EA0000001018
B1117095609953N00934963EA0000001021
B1117145609884N00935095EA0000001022
B1117205609879N00935316EA0000001024
B1117255609935N00935441EA0000001027
B1117305610003N00935458EA0000001024
B1117355610039N00935399EA0000001025
B1117405610034N00935315EA0000001032
B1117455609989N00935250EA0000001029
B1117505609912N00935225EA0000001013
B1117565609799N00935207EA0000000998
B1118015609700N00935200EA0000000990
B1118065609593N00935217EA0000000979
B1118135609444N00935251EA0000001004
B1118185609350N00935283EA0000000993
B1118235609246N00935319EA0000000978
B1118285609141N00935366EA0000000979
B1118335609040N00935411EA0000000975
B1118395608919N00935452EA0000000970
B1118475608763N00935502EA0000000970
B1118535608649N00935554EA0000000967
B1118585608556N00935607EA0000000960
B1119035608463N00935668EA0000000951
B1119085608366N00935731EA0000000951
B1119145608254N00935794EA0000000964
B1119195608176N00935823EA0000000977
B1119245608103N00935899EA0000000978
B1119295608058N00936046EA0000000981
B1119355608080N00936235EA0000000984
B1119405608142N00936321EA0000000978
B1119455608207N00936312EA0000000975
B1119505608229N00936240EA0000000979
B1119565608195N00936146EA0000000965
B1120015608157N00936050EA0000000952
B1120075608089N00935954EA0000000957
B1120125608019N00935899EA0000000952
B1120185607937N00935813EA0000000942
B1120235607872N00935728EA0000000940
B1120285607810N00935642EA0000000955
B1120335607730N00935645EA0000000978
B1120385607673N00935784EA0000000983
B1120435607688N00935950EA0000000993
B1120485607746N00936021EA0000000995
B1120545607807N00935971EA0000000995
B1121005607817N00935850EA0000000997
B1121055607776N00935765EA0000001010
B1121105607701N00935756EA0000001019
B1121155607631N00935860EA0000001023
B1121205607607N00936036EA0000001022
B1121255607642N00936188EA0000001035
B1121305607701N00936268EA0000001044
B1121355607761N00936259EA0000001039
B1121405607794N00936181EA0000001044
B1121455607776N00936101EA0000001057
B1121505607715N00936078EA0000001049
B1121555607637N00936151EA0000001052
B1122045607613N00936449EA0000001059
B1122095607673N00936545EA0000001067
B1122145607732N00936524EA0000001065
B1122195607746N00936432EA0000001069
B1122245607696N00936368EA0000001069
B1122295607613N00936412EA0000001071
B1122355607560N00936595EA0000001079
B1122415607596N00936781EA0000001089
B1122465607655N00936833EA0000001099
B1122515607701N00936795EA0000001095
B1122565607710N00936714EA0000001091
B1123015607678N00936634EA0000001081
B1123065607605N00936611EA0000001081
B1123115607528N00936697EA0000001093
B1123195607527N00936955EA0000001097
B1123245607594N00937007EA0000001101
B1123305607639N00936931EA0000001103
B1123355607623N00936840EA0000001104
B1123425607542N00936779EA0000001113
B1123475607464N00936840EA0000001112
B1123525607411N00936996EA0000001117
B1123575607412N00937177EA0000001120
B1124025607464N00937297EA0000001127
B1124075607525N00937308EA0000001127
B1124135607551N00937212EA0000001124
B1124185607545N00937126EA0000001133
B1124255607528N00937005EA0000001137
B1124305607484N00936946EA0000001140
B1124355607403N00936998EA0000001132
B1124445607342N00937303EA0000001129
B1124545607407N00937614EA0000001141
B1124595607478N00937675EA0000001133
B1125045607548N00937666EA0000001127
B1125095607591N00937599EA0000001124
B1125155607609N00937471EA0000001102
B1125235607588N00937275EA0000001101
B1125295607563N00937128EA0000001090
B1125345607537N00936998EA0000001084
B1125425607497N00936791EA0000001084
B1125495607461N00936618EA0000001085
B1125575607421N00936416EA0000001076
B1126025607398N00936291EA0000001071
B1126075607376N00936164EA0000001062
B1126135607349N00936007EA0000001053
B1126195607324N00935849EA0000001050
B1126245607307N00935717EA0000001037
B1126295607293N00935581EA0000001029
B1126355607275N00935415EA0000001025
B1126405607256N00935274EA0000001017
B1126455607240N00935130EA0000001019
B1126505607227N00934990EA0000001021
B1126565607210N00934822EA0000001019
B1127015607190N00934679EA0000001021
B1127065607171N00934530EA0000001015
B1127125607153N00934349EA0000001009
B1127185607135N00934173EA0000001004
B1127245607120N00933998EA0000000994
B1127305607113N00933824EA0000000988
B1127405607115N00933542EA0000000990
B1127455607126N00933413EA0000001012
B1127505607111N00933326EA0000001042
B1127565607028N00933357EA0000001033
B1128025606998N00933552EA0000001033
B1128075607052N00933686EA0000001038
B1128135607143N00933767EA0000001041
B1128185607214N00933769EA0000001038
B1128245607260N00933673EA0000001047
B1128295607249N00933574EA0000001048
B1128355607208N00933469EA0000001054
B1128405607164N00933392EA0000001044
B1128465607076N00933352EA0000001039
B1128515606989N00933388EA0000001049
B1128565606910N00933491EA0000001047
B1129025606877N00933710EA0000001045
B1129075606901N00933888EA0000001038
B1129135606971N00934051EA0000001034
B1129185607045N00934125EA0000001042
B1129245607129N00934167EA0000001047
B1129305607197N00934117EA0000001048
B1129365607240N00934025EA0000001050
B1129415607262N00933937EA0000001061
B1129465607287N00933843EA0000001068
B1129525607366N00933848EA0000001077
B1129575607368N00934013EA0000001066
B1130025607288N00934108EA0000001074
B1130075607212N00934084EA0000001084
B1130145607192N00933945EA0000001098
B1130195607257N00933971EA0000001114
B1130245607270N00934135EA0000001119
B1130295607206N00934253EA0000001126
B1130345607123N00934272EA0000001128
B1130405607044N00934196EA0000001129
B1130455607016N00934087EA0000001137
B1130515607060N00933989EA0000001140
B1130565607125N00934071EA0000001152
B1131015607105N00934249EA0000001155
B1131065607024N00934333EA0000001156
B1131125606955N00934249EA0000001153
B1131175606934N00934120EA0000001130
B1131235606934N00933939EA0000001120
B1131285606935N00933781EA0000001112
B1131355606929N00933565EA0000001111
B1131405606914N00933419EA0000001111
B1131465606900N00933251EA0000001111
B1131515606891N00933114EA0000001097
B1131575606878N00932937EA0000001087
B1132025606863N00932788EA0000001085
B1132095606840N00932586EA0000001087
B1132155606824N00932416EA0000001082
B1132205606802N00932273EA0000001075
B1132255606776N00932129EA0000001070
B1132355606718N00931847EA0000001061
B1132405606687N00931711EA0000001053
B1132475606648N00931516EA0000001047
B1132535606615N00931352EA0000001043
B1132595606577N00931190EA0000001034
B1133055606531N00931031EA0000001031
B1133105606484N00930905EA0000001027
B1133175606424N00930728EA0000001025
B1133225606383N00930601EA0000001025
B1133275606341N00930478EA0000001026
B1133325606299N00930355EA0000001010
B1133375606251N00930225EA0000001002
B1133425606204N00930097EA0000001001
B1133495606138N00929916EA0000000993
B1133555606078N00929775EA0000000995
B1134005606033N00929670EA0000000995
B1134055605991N00929562EA0000000976
B1134105605945N00929445EA0000000966
B1134165605883N00929315EA0000000966
B1134225605822N00929187EA0000000957
B1134275605779N00929081EA0000000987
B1134325605804N00929006EA0000000994
B1134375605870N00929065EA0000000988
B1134435605875N00929263EA0000000982
B1134485605808N00929395EA0000000974
B1134535605735N00929516EA0000000984
B1134585605661N00929616EA0000000998
B1135045605579N00929593EA0000000999
B1135095605596N00929515EA0000001003
B1135165605676N00929631EA0000001007
B1135215605669N00929817EA0000001013
B1135265605621N00929969EA0000001025
B1135315605541N00929996EA0000001013
B1135365605532N00929903EA0000001013
B1135435605565N00929796EA0000001029
B1135485605538N00929724EA0000001029
B1135545605460N00929684EA0000001016
B1135595605379N00929659EA0000000997
B1136045605306N00929609EA0000000996
B1136105605257N00929500EA0000000992
B1136155605217N00929399EA0000000988
B1136215605177N00929271EA0000000993
B1136285605124N00929116EA0000000980
B1136345605077N00928977EA0000000981
B1136405605043N00928835EA0000000986
B1136455605014N00928721EA0000000985
B1136515604970N00928579EA0000000981
B1136565604917N00928474EA0000000998
B1137015604871N00928380EA0000001012
B1137065604881N00928290EA0000001018
B1137135604966N00928359EA0000001023
B1137195604957N00928556EA0000001036
B1137245604878N00928627EA0000001040
B1137295604816N00928561EA0000001043
B1137355604824N00928452EA0000001049
B1137405604890N00928438EA0000001047
B1137465604966N00928561EA0000001043
B1137515605034N00928656EA0000001052
B1137565605091N00928634EA0000001049
B1138015605102N00928548EA0000001037
B1138075605063N00928437EA0000001009
B1138135605012N00928306EA0000001012
B1138185604981N00928199EA0000001018
B1138235604973N00928094EA0000001027
B1138285605036N00928078EA0000001035
B1138335605091N00928209EA0000001036
B1138385605066N00928384EA0000001045
B1138435604985N00928445EA0000001053
B1138485604937N00928384EA0000001054
B1138555604984N00928293EA0000001056
B1139005605018N00928228EA0000001055
B1139065604996N00928110EA0000001046
B1139125604933N00927999EA0000001058
B1139185604873N00927894EA0000001062
B1139235604860N00927791EA0000001069
B1139285604837N00927687EA0000001067
B1139345604779N00927565EA0000001047
B1139405604705N00927445EA0000001034
B1139465604624N00927338EA0000001034
B1139545604514N00927200EA0000001011
B1139595604443N00927105EA0000001000
B1140065604350N00926970EA0000001008
B1140115604285N00926875EA0000001009
B1140195604175N00926721EA0000001007
B1140255604097N00926606EA0000001031
B1140315604029N00926484EA0000001029
B1140365604051N00926392EA0000001046
B1140415604120N00926447EA0000001045
B1140465604137N00926621EA0000001053
B1140515604081N00926767EA0000001054
B1140595603935N00926827EA0000001055
B1141055603831N00926796EA0000001064
B1141115603740N00926744EA0000001066
B1141175603651N00926667EA0000001044
B1141225603578N00926569EA0000001027
B1141275603517N00926454EA0000001023
B1141335603452N00926313EA0000001016
B1141395603391N00926162EA0000001006
B1141485603296N00925932EA0000000998
B1141535603236N00925822EA0000001008
B1141595603187N00925683EA0000001028
B1142045603219N00925591EA0000001035
B1142105603300N00925675EA0000001024
B1142155603311N00925854EA0000001018
B1142215603243N00926013EA0000001030
B1142265603169N00926106EA0000001043
B1142315603089N00926127EA0000001040
B1142375603061N00926017EA0000001055
B1142435603133N00926038EA0000001065
B1142485603147N00926200EA0000001058
B1142535603075N00926309EA0000001063
B1142585602999N00926278EA0000001079
B1143035602979N00926195EA0000001091
B1143085603034N00926177EA0000001091
B1143135603081N00926311EA0000001092
B1143185603048N00926477EA0000001100
B1143245602957N00926496EA0000001114
B1143295602950N00926407EA0000001125
B1143365603030N00926461EA0000001134
B1143415603033N00926639EA0000001140
B1143475602943N00926725EA0000001150
B1143525602907N00926637EA0000001152
B1143585602977N00926619EA0000001176
B1144035603005N00926781EA0000001174
B1144085602936N00926903EA0000001186
B1144135602874N00926849EA0000001187
B1144185602900N00926768EA0000001210
B1144235602961N00926845EA0000001220
B1144295602957N00927052EA0000001227
B1144345602884N00927139EA0000001241
B1144395602823N00927094EA0000001240
B1144455602837N00926993EA0000001264
B1144505602901N00927033EA0000001267
B1144565602925N00927225EA0000001283
B1145015602853N00927327EA0000001277
B1145085602794N00927237EA0000001306
B1145135602857N00927227EA0000001307
B1145185602894N00927384EA0000001322
B1145245602818N00927543EA0000001328
B1145295602730N00927573EA0000001344
B1145345602645N00927564EA0000001353
B1145405602563N00927490EA0000001364
B1145455602531N00927392EA0000001377
B1145505602515N00927284EA0000001380
B1145565602508N00927120EA0000001380
B1146025602510N00926934EA0000001394
B1146095602520N00926691EA0000001388
B1146145602531N00926493EA0000001384
B1146195602537N00926303EA0000001402
B1146255602534N00926090EA0000001405
B1146305602530N00925916EA0000001398
B1146355602527N00925737EA0000001384
B1146405602519N00925558EA0000001378
B1146455602508N00925380EA0000001374
B1146505602501N00925203EA0000001359
B1146565602483N00924981EA0000001345
B1147025602471N00924756EA0000001326
B1147075602469N00924559EA0000001307
B1147145602460N00924276EA0000001301
B1147235602438N00923926EA0000001288
B1147305602412N00923658EA0000001279
B1147375602402N00923390EA0000001269
B1147435602389N00923160EA0000001260
B1147485602371N00922970EA0000001257
B1147535602356N00922785EA0000001256
B1147595602341N00922565EA0000001250
B1148075602307N00922285EA0000001245
B1148135602284N00922080EA0000001237
B1148185602271N00921909EA0000001232
B1148235602259N00921739EA0000001222
B1148285602251N00921566EA0000001214
B1148335602240N00921395EA0000001216
B1148385602225N00921230EA0000001205
B1148445602214N00921028EA0000001189
B1148515602192N00920790EA0000001188
B1148575602158N00920595EA0000001176
B1149045602113N00920371EA0000001176
B1149105602067N00920188EA0000001183
B1149165602021N00919996EA0000001166
B1149225601981N00919796EA0000001168
B1149275601939N00919635EA0000001164
B1149335601897N00919445EA0000001165
B1149395601860N00919257EA0000001167
B1149445601833N00919104EA0000001181
B1149515601805N00918932EA0000001208
B1149585601783N00918761EA0000001182
B1150035601764N00918620EA0000001170
B1150105601736N00918431EA0000001192
B1150165601716N00918291EA0000001186
B1150215601701N00918158EA0000001171
B1150285601684N00917972EA0000001190
B1150375601683N00917721EA0000001159
B1150425601683N00917578EA0000001171
B1150515601680N00917316EA0000001160
B1150585601677N00917114EA0000001169
B1151035601696N00916994EA0000001165
B1151095601703N00916825EA0000001115
B1151145601687N00916653EA0000001104
B1151225601650N00916385EA0000001095
B1151295601605N00916152EA0000001079
B1151345601570N00915986EA0000001070
B1151415601522N00915758EA0000001070
B1151465601481N00915605EA0000001063
B1151515601442N00915454EA0000001056
B1151585601384N00915245EA0000001044
B1152055601325N00915037EA0000001032
B1152105601291N00914885EA0000001020
B1152165601254N00914694EA0000001004
B1152225601217N00914506EA0000001005
B1152305601179N00914264EA0000001012
B1152355601161N00914115EA0000001028
B1152405601148N00913988EA0000001054
B1152455601144N00913869EA0000001053
B1152505601196N00913785EA0000001058
B1152555601272N00913869EA0000001075
B1153005601268N00914049EA0000001083
B1153055601194N00914149EA0000001089
B1153105601118N00914123EA0000001095
B1153165601056N00914034EA0000001108
B1153215601020N00913947EA0000001122
B1153265601035N00913850EA0000001122
B1153315601107N00913842EA0000001131
B1153365601160N00913962EA0000001143
B1153425601120N00914156EA0000001138
B1153475601039N00914191EA0000001148
B1153525600998N00914106EA0000001153
B1153575601034N00914013EA0000001160
B1154025601107N00914026EA0000001172
B1154075601156N00914170EA0000001173
B1154125601132N00914342EA0000001186
B1154175601063N00914434EA0000001185
B1154225600983N00914428EA0000001191
B1154305600922N00914292EA0000001200
B1154355600907N00914175EA0000001187
B1154405600897N00914022EA0000001186
B1154465600888N00913830EA0000001191
B1154535600878N00913616EA0000001215
B1155005600872N00913421EA0000001232
B1155085600869N00913217EA0000001264
B1155135600864N00913095EA0000001264
B1155185600855N00912963EA0000001250
B1155235600839N00912827EA0000001246
B1155285600820N00912694EA0000001237
B1155335600794N00912560EA0000001223
B1155385600765N00912429EA0000001216
B1155435600732N00912305EA0000001211
B1155485600695N00912185EA0000001202
B1155575600632N00911963EA0000001186
B1156025600596N00911844EA0000001186
B1156075600561N00911730EA0000001181
B1156125600511N00911617EA0000001162
B1156175600449N00911509EA0000001158
B1156265600340N00911323EA0000001148
B1156315600282N00911218EA0000001140
B1156385600197N00911078EA0000001138
B1156445600133N00910948EA0000001132
B1156505600070N00910824EA0000001132
B1156555600024N00910722EA0000001129
B1157005559978N00910618EA0000001116
B1157085559898N00910444EA0000001112
B1157155559837N00910287EA0000001104
B1157265559765N00910035EA0000001102
B1157315559736N00909916EA0000001090
B1157375559704N00909763EA0000001081
B1157425559679N00909638EA0000001079
B1157475559648N00909519EA0000001072
B1157585559579N00909243EA0000001050
B1158035559545N00909112EA0000001043
B1158105559497N00908935EA0000001038
B1158175559455N00908749EA0000001015
B1158235559413N00908580EA0000001001
B1158285559375N00908452EA0000001011
B1158345559329N00908317EA0000001008
B1158415559285N00908157EA0000001010
B1158515559229N00907935EA0000000999
B1158595559201N00907761EA0000001005
B1159055559190N00907628EA0000000989
B1159115559181N00907482EA0000000988
B1159165559184N00907372EA0000000994
B1159215559189N00907260EA0000000991
B1159285559190N00907103EA0000000994
B1159345559196N00906968EA0000001003
B1159405559205N00906853EA0000000996
B1159455559212N00906735EA0000000988
B1159505559197N00906604EA0000000984
B1159565559171N00906438EA0000000989
B1200015559182N00906327EA0000001023
B1200065559247N00906332EA0000001027
B1200115559295N00906472EA0000001024
B1200165559275N00906653EA0000001032
B1200215559225N00906815EA0000001038
B1200265559145N00906893EA0000001039
B1200315559081N00906839EA0000001042
B1200385559071N00906700EA0000001052
B1200435559116N00906650EA0000001070
B1200485559181N00906703EA0000001064
B1200535559229N00906849EA0000001076
B1200585559223N00907015EA0000001084
B1201035559168N00907150EA0000001078
B1201085559089N00907222EA0000001080
B1201135559012N00907230EA0000001083
B1201205558911N00907169EA0000001069
B1201265558822N00907087EA0000001055
B1201315558767N00906981EA0000001038
B1201365558739N00906846EA0000001031
B1201425558724N00906680EA0000001023
B1201505558719N00906456EA0000001004
B1201595558722N00906201EA0000000989
B1202095558723N00905921EA0000000987
B1202145558719N00905787EA0000000984
B1202205558711N00905637EA0000000984
B1202285558706N00905426EA0000000974
B1202355558698N00905244EA0000000995
B1202405558689N00905128EA0000001007
B1202465558652N00905013EA0000001026
B1202525558636N00904899EA0000001038
B1202575558693N00904860EA0000001032
B1203025558760N00904971EA0000001022
B1203075558758N00905151EA0000001021
B1203125558694N00905281EA0000001024
B1203185558596N00905339EA0000001033
B1203255558495N00905307EA0000001047
B1203315558446N00905215EA0000001039
B1203375558431N00905078EA0000001026
B1203425558445N00904951EA0000001021
B1203495558470N00904784EA0000001042
B1203545558496N00904680EA0000001026
B1203595558528N00904557EA0000001007
B1204085558588N00904335EA0000000998
B1204135558621N00904211EA0000000992
B1204185558654N00904091EA0000000989
B1204245558686N00903952EA0000000988
B1204305558723N00903815EA0000000985
B1204375558778N00903661EA0000000977
B1204435558825N00903542EA0000001008
B1204485558875N00903482EA0000001006
B1204545558966N00903478EA0000000990
B1204595559021N00903408EA0000000982
B1205045559059N00903303EA0000000973
B1205105559102N00903167EA0000000975
B1205155559142N00903064EA0000000976
B1205205559185N00902960EA0000000966
B1205255559230N00902853EA0000000967
B1205315559276N00902733EA0000000974
B1205365559313N00902639EA0000000965
B1205415559353N00902529EA0000000965
B1205465559391N00902420EA0000000977
B1205515559430N00902326EA0000000977
B1205585559490N00902182EA0000000969
B1206045559537N00902065EA0000000968
B1206105559583N00901939EA0000000956
B1206185559642N00901760EA0000000946
B1206245559686N00901620EA0000000930
B1206305559728N00901469EA0000000928
B1206355559761N00901352EA0000000916
B1206425559804N00901175EA0000000891
B1206495559845N00900988EA0000000872
B1206565559885N00900804EA0000000860
B1207025559919N00900656EA0000000867
B1207085559955N00900518EA0000000866
B1207155559997N00900344EA0000000856
B1207275600071N00900035EA0000000846
B1207355600113N00859824EA0000000848
B1207405600137N00859695EA0000000844
B1207455600167N00859573EA0000000844
B1207505600208N00859464EA0000000841
B1207555600245N00859349EA0000000838
B1208005600290N00859250EA0000000841
B1208065600350N00859132EA0000000841
B1208115600393N00859038EA0000000855
B1208165600457N00859005EA0000000867
B1208225600544N00859017EA0000000868
B1208285600618N00858952EA0000000875
B1208345600663N00858839EA0000000887
B1208395600705N00858752EA0000000895
B1208455600724N00858632EA0000000902
B1208505600775N00858588EA0000000911
B1208555600841N00858679EA0000000921
B1209005600840N00858845EA0000000929
B1209055600762N00858930EA0000000934
B1209105600716N00858875EA0000000948
B1209155600743N00858803EA0000000948
B1209205600812N00858840EA0000000961
B1209255600836N00858997EA0000000968
B1209305600783N00859131EA0000000975
B1209355600708N00859142EA0000000984
B1209405600687N00859064EA0000000981
B1209455600734N00859001EA0000000996
B1209505600800N00859055EA0000001009
B1209555600823N00859208EA0000001016
B1210015600750N00859350EA0000001017
B1210065600681N00859315EA0000001026
B1210115600691N00859230EA0000001037
B1210165600759N00859236EA0000001053
B1210215600801N00859366EA0000001061
B1210265600766N00859521EA0000001062
B1210315600685N00859574EA0000001067
B1210375600639N00859488EA0000001075
B1210425600680N00859425EA0000001091
B1210475600747N00859474EA0000001096
B1210525600771N00859630EA0000001101
B1210575600718N00859767EA0000001105
B1211025600642N00859781EA0000001114
B1211075600610N00859697EA0000001117
B1211125600649N00859634EA0000001138
B1211175600711N00859705EA0000001140
B1211225600719N00859871EA0000001144
B1211285600635N00859996EA0000001147
B1211335600570N00859963EA0000001160
B1211385600568N00859881EA0000001173
B1211435600626N00859880EA0000001185
B1211485600675N00900000EA0000001189
B1211535600663N00900159EA0000001194
B1211595600581N00900282EA0000001199
B1212065600483N00900289EA0000001204
B1212115600446N00900205EA0000001202
B1212195600445N00900027EA0000001190
B1212275600465N00859819EA0000001172
B1212345600492N00859629EA0000001165
B1212425600525N00859414EA0000001174
B1212495600547N00859228EA0000001190
B1212545600565N00859100EA0000001194
B1213015600589N00858904EA0000001185
B1213065600605N00858755EA0000001188
B1213125600623N00858570EA0000001194
B1213175600644N00858408EA0000001185
B1213225600672N00858245EA0000001181
B1213275600690N00858080EA0000001188
B1213355600710N00857822EA0000001173
B1213435600720N00857559EA0000001171
B1213515600722N00857306EA0000001171
B1213565600717N00857149EA0000001164
B1214015600711N00856982EA0000001151
B1214065600700N00856814EA0000001152
B1214115600692N00856650EA0000001142
B1214185600678N00856415EA0000001133
B1214285600673N00856090EA0000001124
B1214345600681N00855900EA0000001113
B1214405600685N00855706EA0000001105
B1214475600689N00855478EA0000001096
B1214565600692N00855195EA0000001094
B1215045600710N00854958EA0000001091
B1215095600727N00854815EA0000001083
B1215155600751N00854639EA0000001071
B1215255600787N00854341EA0000001060
B1215305600804N00854194EA0000001053
B1215375600837N00853984EA0000001037
B1215425600863N00853835EA0000001028
B1215505600913N00853597EA0000001012
B1215575600959N00853393EA0000001015
B1216085601014N00853077EA0000001001
B1216135601039N00852935EA0000000997
B1216195601072N00852767EA0000000992
B1216245601096N00852629EA0000000990
B1216295601121N00852495EA0000000979
B1216355601156N00852333EA0000000970
B1216405601184N00852202EA0000000971
B1216475601210N00852022EA0000000982
B1216525601233N00851905EA0000000992
B1216575601297N00851868EA0000001010
B1217025601364N00851974EA0000001009
B1217075601371N00852160EA0000001012
B1217125601309N00852294EA0000001009
B1217175601229N00852306EA0000001000
B1217225601173N00852231EA0000001002
B1217295601125N00852098EA0000001008
B1217365601106N00851945EA0000001002
B1217435601106N00851786EA0000001015
B1217485601161N00851727EA0000001027
B1217535601228N00851821EA0000001031
B1217585601228N00852004EA0000001020
B1218035601162N00852147EA0000001032
B1218085601083N00852150EA0000001035
B1218135601065N00852049EA0000001046
B1218185601125N00852009EA0000001058
B1218235601190N00852120EA0000001071
B1218285601193N00852300EA0000001071
B1218335601121N00852420EA0000001070
B1218385601039N00852402EA0000001064
B1218435600985N00852303EA0000001067
B1218485600993N00852193EA0000001081
B1218535601063N00852172EA0000001080
B1218585601130N00852300EA0000001077
B1219035601123N00852496EA0000001074
B1219085601046N00852619EA0000001080
B1219135600959N00852643EA0000001085
B1219185600900N00852562EA0000001082
B1219235600874N00852447EA0000001094
B1219295600861N00852308EA0000001093
B1219355600873N00852165EA0000001101
B1219405600905N00852068EA0000001114
B1219455600973N00852086EA0000001112
B1219505601020N00852228EA0000001107
B1219555601009N00852412EA0000001094
B1220005600936N00852547EA0000001097
B1220055600849N00852552EA0000001104
B1220105600807N00852454EA0000001111
B1220165600814N00852319EA0000001116
B1220225600836N00852180EA0000001105
B1220295600870N00852013EA0000001098
B1220355600918N00851848EA0000001075
B1220415600973N00851669EA0000001079
B1220475601020N00851488EA0000001091
B1220525601054N00851345EA0000001105
B1220595601099N00851138EA0000001087
B1221055601137N00850953EA0000001078
B1221115601173N00850759EA0000001073
B1221165601202N00850597EA0000001081
B1221225601237N00850405EA0000001075
B1221275601271N00850241EA0000001064
B1221345601315N00850005EA0000001060
B1221425601361N00849738EA0000001055
B1221475601386N00849571EA0000001049
B1221545601424N00849340EA0000001046
B1221595601450N00849177EA0000001032
B1222055601479N00848976EA0000001022
B1222115601505N00848775EA0000001014
B1222175601530N00848578EA0000001014
B1222225601551N00848420EA0000001025
B1222275601556N00848289EA0000001064
B1222325601516N00848203EA0000001075
B1222375601508N00848099EA0000001091
B1222435601544N00847970EA0000001073
B1222485601595N00847835EA0000001044
B1222585601692N00847511EA0000001045
B1223065601758N00847253EA0000001035
B1223115601794N00847089EA0000001027
B1223185601837N00846860EA0000001011
B1223255601873N00846618EA0000001010
B1223305601894N00846460EA0000001047
B1223365601913N00846313EA0000001064
B1223435601946N00846119EA0000001058
B1223505601990N00845933EA0000001078
B1223555602022N00845804EA0000001078
B1224005602054N00845671EA0000001078
B1224075602105N00845496EA0000001093
B1224125602144N00845367EA0000001083
B1224185602193N00845197EA0000001071
B1224235602231N00845046EA0000001065
B1224295602275N00844864EA0000001053
B1224365602311N00844637EA0000001048
B1224425602336N00844438EA0000001051
B1224475602357N00844266EA0000001038
B1224555602388N00843990EA0000001057
B1225045602434N00843675EA0000001044
B1225115602473N00843429EA0000001058
B1225165602496N00843249EA0000001041
B1225215602525N00843064EA0000001031
B1225275602558N00842843EA0000001029
B1225335602592N00842632EA0000001019
B1225395602629N00842418EA0000001002
B1225455602663N00842193EA0000000987
B1225505602694N00842003EA0000000991
B1225575602744N00841754EA0000001023
B1226035602785N00841551EA0000001012
B1226085602820N00841363EA0000000985
B1226145602869N00841138EA0000000969
B1226215602918N00840875EA0000000961
B1226275602949N00840651EA0000000952
B1226325602970N00840460EA0000000953
B1226405602986N00840153EA0000000946
B1226465602954N00839926EA0000000946
B1226535602922N00839675EA0000000947
B1226585602927N00839499EA0000000945
B1227045602960N00839298EA0000000939
B1227115602998N00839053EA0000000930
B1227185602959N00838817EA0000000927
B1227235602890N00838680EA0000000929
B1227285602806N00838567EA0000000937
B1227335602732N00838447EA0000000945
B1227405602705N00838233EA0000000948
B1227475602702N00838019EA0000000940
B1227565602704N00837725EA0000000932
B1228025602700N00837541EA0000000958
B1228105602697N00837336EA0000000977
B1228175602708N00837152EA0000000978
B1228235602728N00836992EA0000000994
B1228285602742N00836865EA0000001010
B1228345602757N00836720EA0000001022
B1228395602773N00836592EA0000001010
B1228445602792N00836460EA0000000997
B1228505602825N00836289EA0000000975
B1228565602867N00836110EA0000000961
B1229015602867N00835941EA0000000958
B1229075602824N00835737EA0000000952
B1229125602770N00835577EA0000000942
B1229185602711N00835376EA0000000937
B1229245602661N00835173EA0000000944
B1229305602621N00834982EA0000000942
B1229355602602N00834812EA0000000942
B1229435602594N00834537EA0000000953
B1229485602602N00834364EA0000000956
B1229555602635N00834114EA0000000953
B1230005602669N00833932EA0000000951
B1230085602733N00833629EA0000000939
B1230145602750N00833392EA0000000963
B1230195602754N00833227EA0000000998
B1230295602771N00832922EA0000000997
B1230345602778N00832755EA0000000990
B1230435602819N00832456EA0000000990
B1230575602909N00831959EA0000000967
B1231025602944N00831778EA0000000954
B1231115603012N00831460EA0000000940
B1231185603044N00831202EA0000000928
B1231235603054N00831017EA0000000933
B1231325603068N00830725EA0000000963
B1231385603091N00830525EA0000000959
B1231475603135N00830214EA0000000958
B1231525603165N00830036EA0000000964
B1231585603204N00829825EA0000000971
B1232035603238N00829644EA0000000964
B1232085603265N00829449EA0000000954
B1232135603293N00829253EA0000000942
B1232255603392N00828790EA0000000918
B1232305603429N00828588EA0000000916
B1232355603456N00828384EA0000000913
B1232405603480N00828170EA0000000889
B1232455603487N00827947EA0000000898
B1232545603474N00827558EA0000000887
B1233015603463N00827274EA0000000900
B1233065603458N00827076EA0000000889
B1233135603462N00826798EA0000000874
B1233225603502N00826451EA0000000877
B1233285603537N00826228EA0000000882
B1233335603556N00826051EA0000000901
B1233405603586N00825810EA0000000889
B1233495603630N00825511EA0000000898
B1233555603664N00825319EA0000000887
B1234015603706N00825117EA0000000883
B1237245605337N00819301EA0000000786
B1237295605396N00819420EA0000000798
B1237355605347N00819641EA0000000773
B1237445605209N00819962EA0000000755
B1237505605117N00820173EA0000000753
B1237555605039N00820341EA0000000743
B1238015604944N00820549EA0000000733
B1238095604822N00820831EA0000000730
B1238155604727N00821037EA0000000723
B1238225604607N00821260EA0000000714
B1238305604493N00821556EA0000000711
B1238355604432N00821745EA0000000705
B1238405604378N00821941EA0000000700
B1238475604320N00822229EA0000000694
B1238535604284N00822483EA0000000697
B1238595604250N00822729EA0000000712
B1239055604213N00822952EA0000000727
B1239115604174N00823170EA0000000714
B1239185604120N00823430EA0000000698
B1239255604059N00823697EA0000000684
B1239315603998N00823927EA0000000686
B1239365603943N00824109EA0000000684
B1239425603878N00824338EA0000000674
B1239485603818N00824580EA0000000676
B1239555603754N00824851EA0000000677
B1240015603698N00825076EA0000000677
B1240065603644N00825256EA0000000668
B1240115603586N00825438EA0000000664
B1240165603533N00825628EA0000000658
B1240225603476N00825856EA0000000671
B1240285603428N00826080EA0000000664
B1240335603390N00826275EA0000000654
B1240385603353N00826469EA0000000644
B1240445603301N00826704EA0000000626
B1240495603253N00826905EA0000000612
B1240545603206N00827107EA0000000604
B1241005603163N00827353EA0000000606
B1241075603121N00827637EA0000000595
B1241135603093N00827882EA0000000589
B1241215603085N00828205EA0000000563
B1241265603110N00828400EA0000000572
B1241315603147N00828571EA0000000587
B1241375603187N00828770EA0000000612
B1241425603177N00828939EA0000000627
B1241475603150N00829114EA0000000636
B1241525603119N00829297EA0000000639
B1241585603081N00829514EA0000000659
B1242035603049N00829691EA0000000665
B1242085603016N00829870EA0000000667
B1242135602986N00830055EA0000000665
B1242215602942N00830357EA0000000683
B1242265602913N00830527EA0000000709
B1242325602882N00830732EA0000000717
B1242375602859N00830894EA0000000759
B1242425602838N00831047EA0000000768
B1242485602808N00831254EA0000000785
B1242555602770N00831517EA0000000796
B1243015602739N00831757EA0000000812
B1243085602715N00832030EA0000000819
B1243145602694N00832275EA0000000824
B1243205602662N00832514EA0000000834
B1243275602619N00832776EA0000000869
B1243325602593N00832955EA0000000885
B1243375602569N00833111EA0000000903
B1243445602532N00833354EA0000000853
B1243495602492N00833562EA0000000841
B1243545602449N00833772EA0000000843
B1244005602393N00834007EA0000000851
B1244065602343N00834221EA0000000846
B1244135602284N00834494EA0000000826
B1244185602240N00834692EA0000000823
B1244235602190N00834883EA0000000821
B1244305602115N00835130EA0000000851
B1244365602036N00835289EA0000000881
B1244425601987N00835478EA0000000888
B1244495601948N00835718EA0000000904
B1244545601918N00835879EA0000000915
B1244595601886N00836033EA0000000914
B1245055601840N00836238EA0000000907
B1245105601797N00836413EA0000000897
B1245175601730N00836677EA0000000882
B1245225601680N00836874EA0000000873
B1245275601625N00837074EA0000000871
B1245325601568N00837273EA0000000869
B1245375601506N00837472EA0000000867
B1245425601442N00837660EA0000000878
B1245475601381N00837846EA0000000893
B1245535601328N00838071EA0000000920
B1245585601294N00838256EA0000000944
B1246055601252N00838520EA0000000962
B1246115601216N00838761EA0000000961
B1246175601169N00839029EA0000000943
B1246245601110N00839374EA0000000938
B1246305601060N00839675EA0000000939
B1246355601018N00839933EA0000000933
B1246405600992N00840196EA0000000940
B1246475600961N00840562EA0000000933
B1246525600936N00840822EA0000000938
B1246575600907N00841083EA0000000935
B1247025600875N00841345EA0000000929
B1247095600834N00841705EA0000000928
B1247155600803N00842011EA0000000919
B1247215600773N00842321EA0000000924
B1247265600750N00842576EA0000000927
B1247315600730N00842834EA0000000919
B1247365600719N00843097EA0000000911
B1247415600713N00843358EA0000000905
B1247465600704N00843617EA0000000902
B1247525600692N00843924EA0000000897
B1247575600683N00844178EA0000000895
B1248025600669N00844433EA0000000885
B1248075600663N00844688EA0000000878
B1248135600665N00844988EA0000000874
B1248185600681N00845226EA0000000894
B1248235600709N00845445EA0000000914
B1248305600748N00845731EA0000000926
B1248355600767N00845948EA0000000902
B1248405600785N00846188EA0000000888
B1248475600810N00846528EA0000000903
B1248525600825N00846759EA0000000904
B1248575600833N00846989EA0000000911
B1249035600841N00847256EA0000000909
B1249085600838N00847484EA0000000906
B1249135600829N00847704EA0000000918
B1249185600816N00847915EA0000000926
B1249245600802N00848158EA0000000947
B1249295600794N00848356EA0000000945
B1249345600776N00848563EA0000000926
B1249405600740N00848827EA0000000911
B1249465600710N00849095EA0000000902
B1249535600683N00849405EA0000000881
B1249585600668N00849633EA0000000877
B1250045600651N00849903EA0000000869
B1250095600644N00850125EA0000000870
B1250145600641N00850331EA0000000877
B1250195600633N00850535EA0000000869
B1250265600632N00850820EA0000000893
B1250315600635N00851015EA0000000902
B1250375600634N00851245EA0000000909
B1250425600630N00851436EA0000000908
B1250475600631N00851638EA0000000896
B1251145600615N00852824EA0000000847
B1251195600593N00853047EA0000000831
B1251245600513N00853211EA0000000827
B1251315600376N00853354EA0000000827
B1251365600282N00853404EA0000000853
B1251415600218N00853534EA0000000866
B1251465600246N00853707EA0000000871
B1251515600327N00853738EA0000000873
B1251565600356N00853639EA0000000874
B1252015600300N00853557EA0000000872
B1252065600202N00853583EA0000000877
B1252125600105N00853740EA0000000887
B1252175600087N00853943EA0000000895
B1252225600141N00854104EA0000000902
B1252275600219N00854139EA0000000895
B1252325600248N00854042EA0000000896
B1252375600199N00853956EA0000000911
B1252425600114N00853976EA0000000920
B1252475600047N00854116EA0000000927
B1252525600050N00854303EA0000000935
B1252585600138N00854369EA0000000933
B1253045600161N00854261EA0000000935
B1253105600096N00854170EA0000000942
B1253155600010N00854198EA0000000945
B1253205559942N00854338EA0000000950
B1253265559930N00854568EA0000000950
B1253315559942N00854779EA0000000927
B1253385559984N00855091EA0000000923
B1253435600016N00855309EA0000000929
B1253485600036N00855512EA0000000948
B1253555600053N00855793EA0000000940
B1254005600066N00856002EA0000000936
B1254055600083N00856216EA0000000935
B1254115600098N00856467EA0000000951
B1254175600117N00856712EA0000000959
B1254245600092N00856992EA0000000959
B1254305600062N00857239EA0000000958
B1254365600041N00857493EA0000000957
B1254415600036N00857703EA0000000962
B1254465600068N00857900EA0000000948
B1254535600176N00858111EA0000000934
B1254585600270N00858225EA0000000918
B1255035600368N00858340EA0000000904
B1255085600465N00858455EA0000000893
B1255145600583N00858599EA0000000881
B1255195600682N00858721EA0000000874
B1255245600782N00858841EA0000000867
B1255295600879N00858971EA0000000860
B1255385601055N00859218EA0000000840
B1255445601170N00859381EA0000000838
B1255505601283N00859538EA0000000822
B1255555601376N00859675EA0000000815
B1256005601468N00859802EA0000000809
B1256055601561N00859923EA0000000801
B1256105601653N00900043EA0000000789
B1256155601746N00900162EA0000000779
B1256225601876N00900324EA0000000774
B1256285601980N00900470EA0000000769
B1256335602067N00900592EA0000000757
B1256385602157N00900711EA0000000748
B1256435602248N00900824EA0000000744
B1256485602336N00900938EA0000000736
B1256545602444N00901078EA0000000726
B1256595602531N00901201EA0000000727
B1257055602629N00901357EA0000000721
B1257105602711N00901487EA0000000715
B1257195602861N00901720EA0000000708
B1257245602943N00901847EA0000000704
B1257295603026N00901969EA0000000696
B1257355603135N00902043EA0000000695
B1257405603219N00902050EA0000000692
B1257455603291N00901998EA0000000700
B1257505603355N00901940EA0000000723
B1257555603393N00901872EA0000000749
B1258005603342N00901810EA0000000730
B1258055603257N00901897EA0000000752
B1258105603252N00902059EA0000000768
B1258155603310N00902125EA0000000782
B1258205603353N00902072EA0000000793
B1258255603326N00901982EA0000000782
B1258305603237N00901995EA0000000794
B1258365603201N00902178EA0000000817
B1258415603256N00902238EA0000000823
B1258465603282N00902159EA0000000826
B1258515603222N00902092EA0000000833
B1258565603140N00902164EA0000000847
B1259015603135N00902323EA0000000853
B1259065603188N00902349EA0000000865
B1259115603170N00902260EA0000000871
B1259165603089N00902316EA0000000873
B1259215603084N00902481EA0000000873
B1259275603147N00902486EA0000000886
B1259325603115N00902394EA0000000892
B1259375603031N00902443EA0000000899
B1259425603010N00902612EA0000000894
B1259475603061N00902732EA0000000905
B1259535603123N00902705EA0000000913
B1259585603098N00902610EA0000000914
B1300035603011N00902617EA0000000917
B1300085602959N00902773EA0000000911
B1300135602991N00902929EA0000000921
B1300185603055N00903004EA0000000932
B1300245603125N00903003EA0000000946
B1300305603181N00902952EA0000000931
B1300355603253N00902927EA0000000899
B1300415603356N00902935EA0000000894
B1300465603442N00902952EA0000000884
B1300515603532N00902983EA0000000873
B1300575603637N00903035EA0000000871
B1301025603725N00903075EA0000000862
B1301075603816N00903117EA0000000856
B1301135603922N00903162EA0000000853
B1301185604009N00903189EA0000000841
B1301275604171N00903238EA0000000835
B1301335604276N00903266EA0000000825
B1301395604378N00903296EA0000000824
B1301445604459N00903315EA0000000825
B1301495604538N00903331EA0000000822
B1301545604617N00903328EA0000000831
B1301595604690N00903331EA0000000861
B1302045604741N00903309EA0000000877
B1302095604724N00903233EA0000000882
B1302145604645N00903229EA0000000894
B1302195604581N00903348EA0000000908
B1302245604592N00903501EA0000000916
B1302315604678N00903558EA0000000928
B1302365604703N00903479EA0000000938
B1302415604661N00903407EA0000000954
B1302465604582N00903446EA0000000957
B1302515604542N00903600EA0000000973
B1302575604593N00903737EA0000000986
B1303025604654N00903719EA0000000988
B1303075604657N00903624EA0000001007
B1303125604588N00903603EA0000001015
B1303185604517N00903761EA0000001024
B1303235604548N00903910EA0000001042
B1303285604614N00903940EA0000001047
B1303335604640N00903856EA0000001054
B1303385604579N00903791EA0000001065
B1303435604502N00903876EA0000001073
B1303485604485N00904050EA0000001081
B1303545604551N00904171EA0000001099
B1303595604606N00904132EA0000001113
B1304045604588N00904043EA0000001117
B1304095604507N00904060EA0000001117
B1304145604449N00904202EA0000001130
B1304205604467N00904390EA0000001147
B1304255604530N00904406EA0000001152
B1304305604542N00904313EA0000001164
B1304355604473N00904267EA0000001166
B1304405604396N00904366EA0000001173
B1304455604372N00904535EA0000001187
B1304525604443N00904687EA0000001200
B1304575604508N00904661EA0000001211
B1305025604510N00904565EA0000001225
B1305075604443N00904525EA0000001227
B1305125604363N00904598EA0000001230
B1305175604308N00904742EA0000001243
B1305225604282N00904911EA0000001248
B1305305604255N00905208EA0000001242
B1305375604229N00905482EA0000001228
B1305425604208N00905678EA0000001225
B1305475604188N00905878EA0000001222
B1305525604168N00906082EA0000001218
B1305595604141N00906374EA0000001208
B1306045604123N00906590EA0000001209
B1306105604101N00906845EA0000001229
B1306165604076N00907073EA0000001239
B1306215604039N00907256EA0000001240
B1306265603997N00907435EA0000001251
B1306325603947N00907650EA0000001269
B1306415603882N00907993EA0000001278
B1306465603847N00908201EA0000001274
B1306515603811N00908412EA0000001275
B1306565603777N00908632EA0000001262
B1307025603734N00908901EA0000001268
B1307085603687N00909165EA0000001261
B1307145603628N00909439EA0000001255
B1307225603589N00909826EA0000001251
B1307295603589N00910163EA0000001260
B1307345603594N00910403EA0000001245
B1307405603608N00910692EA0000001245
B1307465603635N00910976EA0000001237
B1307535603663N00911307EA0000001232
B1308005603677N00911645EA0000001220
B1308065603676N00911948EA0000001223
B1308135603656N00912298EA0000001223
B1308205603636N00912649EA0000001214
B1308265603611N00912944EA0000001219
B1308315603584N00913186EA0000001230
B1308365603559N00913423EA0000001225
B1308425603526N00913714EA0000001208
B1308475603498N00913957EA0000001210
B1308535603467N00914244EA0000001207
B1309025603403N00914657EA0000001205
B1309085603360N00914930EA0000001209
B1309145603333N00915194EA0000001235
B1309215603311N00915494EA0000001241
B1309265603287N00915710EA0000001240
B1309325603265N00915969EA0000001246
B1309385603232N00916222EA0000001244
B1309435603205N00916436EA0000001245
B1309485603184N00916651EA0000001238
B1309545603151N00916915EA0000001221
B1309595603114N00917135EA0000001221
B1310045603070N00917348EA0000001220
B1310095603024N00917562EA0000001208
B1310145602969N00917776EA0000001206
B1310205602894N00918017EA0000001200
B1310265602803N00918238EA0000001185
B1310315602719N00918408EA0000001188
B1310365602630N00918560EA0000001195
B1310415602540N00918700EA0000001205
B1310475602437N00918863EA0000001221
B1310525602350N00918986EA0000001223
B1310575602255N00919095EA0000001220
B1311025602154N00919197EA0000001210
B1311075602047N00919296EA0000001197
B1311125601936N00919397EA0000001186
B1311205601756N00919552EA0000001185
B1311255601645N00919645EA0000001182
B1311315601512N00919759EA0000001180
B1311365601401N00919844EA0000001175
B1311415601289N00919919EA0000001175
B1311475601151N00919998EA0000001165
B1311525601036N00920042EA0000001166
B1311575600925N00920079EA0000001167
B1312025600817N00920109EA0000001166
B1312105600651N00920097EA0000001161
B1312155600575N00920009EA0000001163
B1312205600537N00919882EA0000001158
B1312255600559N00919747EA0000001136
B1312325600696N00919716EA0000001126
B1312375600803N00919769EA0000001126
B1312425600911N00919841EA0000001111
B1312495601066N00919965EA0000001101
B1312555601194N00920062EA0000001102
B1313015601313N00920199EA0000001097
B1313075601434N00920325EA0000001089
B1313175601645N00920495EA0000001079
B1313225601749N00920580EA0000001076
B1313285601875N00920680EA0000001066
B1313335601979N00920745EA0000001069
B1313385602079N00920782EA0000001071
B1313445602191N00920754EA0000001064
B1313495602277N00920694EA0000001069
B1313545602348N00920597EA0000001074
B1314015602421N00920401EA0000001060
B1314075602467N00920208EA0000001054
B1314155602518N00919938EA0000001042
B1314205602545N00919764EA0000001032
B1314265602584N00919558EA0000001024
B1314325602625N00919352EA0000001013
B1314385602663N00919139EA0000000999
B1314445602697N00918926EA0000001000
B1314495602722N00918756EA0000000996
B1314545602749N00918590EA0000000990
B1314595602773N00918423EA0000000980
B1315055602800N00918213EA0000000971
B1315105602817N00918042EA0000000975
B1315155602819N00917874EA0000000969
B1315255602806N00917535EA0000000954
B1315345602800N00917233EA0000000941
B1315395602794N00917071EA0000000932
B1315445602788N00916906EA0000000919
B1315555602784N00916533EA0000000894
B1316015602792N00916331EA0000000887
B1316065602799N00916170EA0000000885
B1316185602805N00915764EA0000000856
B1316255602811N00915535EA0000000862
B1316335602812N00915281EA0000000849
B1316395602811N00915083EA0000000847
B1316465602796N00914859EA0000000854
B1316535602796N00914628EA0000000853
B1316585602804N00914466EA0000000853
B1317045602815N00914272EA0000000855
B1317095602832N00914114EA0000000873
B1317145602865N00913970EA0000000878
B1317215602925N00913777EA0000000882
B1317265602962N00913633EA0000000868
B1317315602995N00913478EA0000000859
B1317365603023N00913319EA0000000847
B1317455603060N00913031EA0000000847
B1317505603074N00912870EA0000000847
B1317575603092N00912648EA0000000855
B1318035603111N00912453EA0000000851
B1318085603130N00912295EA0000000860
B1318145603155N00912116EA0000000869
B1318205603182N00911947EA0000000870
B1318275603211N00911730EA0000000851
B1318325603236N00911573EA0000000849
B1318375603270N00911426EA0000000839
B1318425603309N00911280EA0000000833
B1318485603357N00911115EA0000000857
B1318535603388N00910982EA0000000871
B1318585603418N00910862EA0000000889
B1319035603438N00910734EA0000000899
B1319115603457N00910530EA0000000914
B1319195603465N00910312EA0000000901
B1319245603470N00910169EA0000000889
B1319315603479N00909956EA0000000874
B1319365603483N00909798EA0000000866
B1319425603481N00909599EA0000000856
B1319475603475N00909424EA0000000845
B1319555603486N00909161EA0000000856
B1320025603503N00908936EA0000000833
B1320105603526N00908668EA0000000831
B1320165603538N00908469EA0000000829
B1320225603551N00908269EA0000000820
B1320305603576N00908005EA0000000815
B1320355603588N00907847EA0000000819
B1320415603600N00907660EA0000000818
B1320475603607N00907475EA0000000809
B1320525603617N00907318EA0000000801
B1320575603629N00907161EA0000000797
B1321035603647N00906974EA0000000789
B1321115603668N00906725EA0000000783
B1321175603680N00906532EA0000000768
B1321245603694N00906291EA0000000763
B1321305603698N00906097EA0000000774
B1321355603695N00905952EA0000000783
B1321405603690N00905816EA0000000775
B1321505603690N00905522EA0000000762
B1321585603698N00905272EA0000000739
B1322045603703N00905078EA0000000731
B1322145603703N00904760EA0000000724
B1322215603695N00904535EA0000000714
B1322315603674N00904217EA0000000709
B1322385603657N00904002EA0000000706
B1322445603659N00903824EA0000000704
B1322495603674N00903676EA0000000692
B1322545603696N00903529EA0000000688
B1322595603718N00903379EA0000000684
B1323075603769N00903154EA0000000686
B1323135603818N00903008EA0000000682
B1323185603866N00902887EA0000000677
B1323255603924N00902706EA0000000683
B1323305603955N00902576EA0000000702
B1323375604004N00902423EA0000000725
B1323435604050N00902299EA0000000740
B1323505604100N00902161EA0000000757
B1323555604144N00902055EA0000000765
B1324015604193N00901933EA0000000794
B1324065604231N00901831EA0000000794
B1324125604285N00901694EA0000000777
B1324185604345N00901552EA0000000773
B1324235604398N00901440EA0000000781
B1324305604471N00901285EA0000000783
B1324365604529N00901146EA0000000788
B1324425604587N00901009EA0000000799
B1324485604641N00900879EA0000000812
B1324545604693N00900744EA0000000809
B1324595604741N00900627EA0000000813
B1325055604801N00900494EA0000000821
B1325105604851N00900386EA0000000825
B1325185604926N00900204EA0000000829
B1325235604965N00900097EA0000000848
B1325285604995N00859994EA0000000851
B1325395605053N00859718EA0000000838
B1325455605081N00859556EA0000000834
B1325515605108N00859386EA0000000832
B1325595605141N00859170EA0000000840
B1326065605178N00858983EA0000000830
B1326135605214N00858786EA0000000829
B1326195605247N00858621EA0000000827
B1326285605299N00858363EA0000000802
B1326345605337N00858191EA0000000796
B1326425605410N00857983EA0000000794
B1326475605473N00857875EA0000000790
B1326565605609N00857706EA0000000773
B1327015605688N00857615EA0000000764
B1327065605764N00857517EA0000000763
B1327115605831N00857429EA0000000790
B1327165605894N00857362EA0000000798
B1327225605977N00857283EA0000000784
B1327275606045N00857204EA0000000780
B1327335606113N00857090EA0000000772
B1327395606171N00856961EA0000000761
B1327445606215N00856852EA0000000758
B1327495606254N00856733EA0000000754
B1327555606305N00856583EA0000000738
B1328005606350N00856467EA0000000735
B1328075606410N00856282EA0000000725
B1328125606441N00856158EA0000000736
B1328205606484N00855962EA0000000717
B1328255606508N00855834EA0000000708
B1328325606543N00855640EA0000000694
B1328385606577N00855480EA0000000696
B1328435606559N00855349EA0000000700
B1328495606450N00855302EA0000000690
B1328555606323N00855392EA0000000699
B1329005606217N00855494EA0000000693
B1329075606072N00855644EA0000000694
B1329125605977N00855766EA0000000693
B1329195605844N00855929EA0000000685
B1329275605687N00856115EA0000000674
B1329335605566N00856246EA0000000668
B1329435605361N00856457EA0000000660
B1329495605239N00856582EA0000000654
B1329565605092N00856725EA0000000643
B1330015604987N00856823EA0000000639
B1330065604881N00856915EA0000000633
B1330145604707N00857046EA0000000624
B1330215604554N00857160EA0000000615
B1330295604377N00857283EA0000000603
B1330355604244N00857365EA0000000598
B1330405604133N00857426EA0000000592
B1330455604023N00857485EA0000000582
B1330525603864N00857569EA0000000576
B1330585603732N00857650EA0000000568
B1331035603621N00857723EA0000000557
B1331095603504N00857889EA0000000564
B1331165603407N00858129EA0000000570
B1331215603345N00858310EA0000000551
B1331265603264N00858477EA0000000547
B1331345603092N00858639EA0000000548
B1331415602938N00858687EA0000000555
B1331475602813N00858715EA0000000555
B1331525602707N00858742EA0000000553
B1331585602579N00858774EA0000000544
B1332045602447N00858808EA0000000536
B1332105602313N00858850EA0000000528
B1332155602201N00858875EA0000000529
B1332215602072N00858901EA0000000520
B1332265601960N00858937EA0000000509
B1332315601849N00858970EA0000000502
B1332395601671N00859024EA0000000493
B1332445601558N00859056EA0000000488
B1332505601424N00859090EA0000000486
B1332565601298N00859138EA0000000496
B1333015601202N00859187EA0000000495
B1333085601069N00859267EA0000000476
B1333145600949N00859343EA0000000453
B1333235600765N00859493EA0000000420
B1333305600628N00859638EA0000000399
B1333365600519N00859795EA0000000379
B1333425600428N00859984EA0000000367
B1333475600367N00900158EA0000000354
B1333525600309N00900338EA0000000340
B1333585600255N00900568EA0000000321
B1334045600223N00900815EA0000000299
B1334095600206N00901024EA0000000285
B1334155600191N00901277EA0000000287
B1334205600183N00901482EA0000000285
B1334275600178N00901772EA0000000273
B1334325600185N00901978EA0000000269
B1334385600206N00902224EA0000000261
B1334435600263N00902398EA0000000260
B1334485600345N00902516EA0000000240
B1334565600497N00902571EA0000000224
B1335015600583N00902561EA0000000227
B1335065600667N00902544EA0000000225
B1335125600755N00902483EA0000000223
B1335175600803N00902381EA0000000202
B1335225600808N00902250EA0000000181
B1335295600789N00902058EA0000000140
B1335385600757N00901809EA0000000095
B1335475600722N00901564EA0000000054
B1335535600698N00901405EA0000000047
B1336015600666N00901238EA0000000047
B1336065600640N00901176EA0000000047
