AOGNOGN
HFDTE100825
HFFXA050
HFPLTPILOTINCHARGE:
HFGTYGLIDERTYPE:Cirrus Std
HFGIDGLIDERID:OY-XDU
HFDTM100GPSDATUM:WGS-1984
HFRFWFIRMWAREVERSION:
HFRHWHARDWAREVERSION:
HFFTYFRTYPE:OGN-FLIGHTBOOK
HFGPSGENERIC
HFPRSPRESSALTSENSOR:
HFCIDCOMPETITIONID:P7
B0928565600694N00901320EA0000000041
B0928565600694N00901320EA0000000041
B0929015600686N00901212EA0000000041
B0929065600676N00901079EA0000000045
B0929125600660N00900901EA0000000055
B0929175600643N00900753EA0000000070
B0929225600621N00900609EA0000000086
B0929295600596N00900418EA0000000112
B0929365600570N00900233EA0000000135
B0929435600531N00900067EA0000000161
B0929505600494N00859903EA0000000183
B0929555600466N00859783EA0000000191
B0930035600422N00859597EA0000000214
B0930095600387N00859462EA0000000225
B0930165600346N00859294EA0000000236
B0930235600306N00859128EA0000000256
B0930285600282N00859012EA0000000268
B0930345600263N00858864EA0000000280
B0930425600241N00858662EA0000000302
B0930475600224N00858535EA0000000316
B0930525600208N00858407EA0000000329
B0930575600192N00858280EA0000000337
B0931025600174N00858157EA0000000353
B0931085600155N00858013EA0000000366
B0931145600135N00857866EA0000000383
B0931195600114N00857740EA0000000395
B0931245600095N00857610EA0000000402
B0931295600079N00857479EA0000000412
B0931355600059N00857322EA0000000429
B0931445600051N00857075EA0000000459
B0931495600068N00856945EA0000000484
B0931565600085N00856768EA0000000508
B0932015600081N00856636EA0000000518
B0932075600048N00856475EA0000000527
B0932135559990N00856330EA0000000553
B0932205559907N00856198EA0000000577
B0932255559824N00856222EA0000000584
B0932305559768N00856378EA0000000582
B0932355559742N00856574EA0000000583
B0932435559693N00856871EA0000000608
B0932485559705N00857026EA0000000627
B0932545559770N00856990EA0000000628
B0932595559717N00856917EA0000000632
B0933055559666N00857081EA0000000642
B0933105559734N00857137EA0000000664
B0933155559740N00857037EA0000000665
B0933215559654N00857097EA0000000680
B0933275559693N00857250EA0000000698
B0933335559703N00857146EA0000000695
B0933395559612N00857195EA0000000726
B0933445559623N00857344EA0000000729
B0933495559679N00857301EA0000000737
B0933545559622N00857242EA0000000750
B0934035559633N00857466EA0000000786
B0934085559655N00857382EA0000000793
B0934145559572N00857421EA0000000794
B0934195559591N00857582EA0000000819
B0934245559648N00857558EA0000000831
B0934335559551N00857598EA0000000841
B0934385559590N00857731EA0000000856
B0934435559628N00857662EA0000000853
B0934485559549N00857636EA0000000856
B0934535559533N00857799EA0000000863
B0934585559603N00857821EA0000000882
B0935045559559N00857729EA0000000884
B0935095559518N00857875EA0000000893
B0935155559596N00857953EA0000000912
B0935215559563N00857848EA0000000903
B0935265559511N00857977EA0000000910
B0935315559570N00858062EA0000000916
B0935365559606N00857971EA0000000925
B0935415559626N00857867EA0000000944
B0935465559642N00857767EA0000000958
B0935525559662N00857646EA0000000967
B0935575559671N00857543EA0000000971
B0936045559676N00857398EA0000000956
B0936115559687N00857225EA0000000933
B0936185559708N00857040EA0000000938
B0936235559728N00856918EA0000000951
B0936285559748N00856812EA0000000944
B0936335559770N00856689EA0000000924
B0936385559792N00856549EA0000000923
B0936445559822N00856397EA0000000920
B0936495559834N00856260EA0000000910
B0936555559839N00856089EA0000000905
B0937015559840N00855918EA0000000903
B0937065559836N00855776EA0000000898
B0937115559831N00855634EA0000000891
B0937245559805N00855265EA0000000879
B0937315559788N00855065EA0000000873
B0937365559776N00854931EA0000000904
B0937435559762N00854797EA0000000905
B0937485559751N00854681EA0000000874
B0937565559735N00854451EA0000000880
B0938025559736N00854310EA0000000905
B0938095559746N00854182EA0000000907
B0938165559793N00854063EA0000000899
B0938225559870N00853991EA0000000887
B0938275559943N00853943EA0000000887
B0938335600002N00853829EA0000000882
B0938385600036N00853716EA0000000883
B0938435600057N00853599EA0000000877
B0938505600077N00853421EA0000000873
B0938575600102N00853255EA0000000892
B0939025600128N00853159EA0000000890
B0939075600161N00853063EA0000000873
B0939125600195N00852941EA0000000859
B0939175600231N00852815EA0000000858
B0939225600268N00852692EA0000000850
B0939285600300N00852537EA0000000847
B0939355600329N00852356EA0000000831
B0939425600354N00852172EA0000000825
B0939475600367N00852044EA0000000836
B0939535600372N00851924EA0000000863
B0939595600387N00851814EA0000000874
B0940075600446N00851698EA0000000878
B0940125600425N00851599EA0000000857
B0940175600383N00851489EA0000000834
B0940225600340N00851366EA0000000826
B0940285600287N00851209EA0000000817
B0940355600230N00851024EA0000000824
B0940435600175N00850831EA0000000813
B0940495600157N00850669EA0000000805
B0940545600185N00850541EA0000000801
B0940595600240N00850434EA0000000792
B0941055600308N00850311EA0000000806
B0941105600362N00850224EA0000000796
B0941175600443N00850097EA0000000778
B0941245600522N00849965EA0000000760
B0941315600601N00849822EA0000000745
B0941385600686N00849689EA0000000760
B0941485600810N00849522EA0000000753
B0941545600886N00849411EA0000000765
B0941595600948N00849325EA0000000780
B0942055600986N00849206EA0000000797
B0942115600910N00849156EA0000000813
B0942165600858N00849295EA0000000819
B0942215600912N00849405EA0000000831
B0942265600951N00849312EA0000000837
B0942335600861N00849352EA0000000847
B0942425600948N00849407EA0000000873
B0942475600881N00849371EA0000000882
B0942525600862N00849526EA0000000892
B0942585600942N00849522EA0000000908
B0943035600900N00849422EA0000000912
B0943085600812N00849475EA0000000922
B0943155600809N00849692EA0000000939
B0943245600864N00849582EA0000000945
B0943315600780N00849698EA0000000960
B0943365600834N00849802EA0000000972
B0943415600868N00849721EA0000000976
B0943465600791N00849699EA0000000983
B0943525600764N00849894EA0000000997
B0943595600825N00850113EA0000001015
B0944065600906N00850311EA0000001006
B0944135600995N00850524EA0000000979
B0944195601069N00850728EA0000000964
B0944265601153N00850974EA0000000950
B0944325601228N00851179EA0000000940
B0944395601317N00851427EA0000000934
B0944455601384N00851639EA0000000945
B0944505601436N00851808EA0000000943
B0944575601507N00852055EA0000000936
B0945035601556N00852282EA0000000922
B0945105601578N00852583EA0000000910
B0945155601587N00852799EA0000000904
B0945225601591N00853101EA0000000898
B0945275601592N00853311EA0000000899
B0945375601590N00853736EA0000000880
B0945445601580N00854042EA0000000867
B0945495601575N00854262EA0000000862
B0945565601571N00854568EA0000000853
B0946035601562N00854877EA0000000843
B0946085601555N00855097EA0000000838
B0946135601546N00855316EA0000000830
B0946195601533N00855582EA0000000825
B0946255601521N00855843EA0000000816
B0946315601499N00856101EA0000000813
B0946375601474N00856346EA0000000795
B0946425601451N00856567EA0000000772
B0946475601438N00856805EA0000000759
B0946525601442N00857002EA0000000806
B0946585601513N00857073EA0000000816
B0947055601483N00856956EA0000000812
B0947115601392N00857055EA0000000818
B0947165601384N00857218EA0000000822
B0947235601449N00857193EA0000000827
B0947295601405N00857079EA0000000833
B0947345601332N00857149EA0000000825
B0947395601356N00857320EA0000000843
B0947445601411N00857292EA0000000850
B0947495601356N00857219EA0000000849
B0947565601269N00857402EA0000000865
B0948025601327N00857532EA0000000878
B0948075601349N00857444EA0000000885
B0948125601271N00857447EA0000000892
B0948175601247N00857612EA0000000900
B0948235601320N00857670EA0000000911
B0948315601263N00857559EA0000000923
B0948365601209N00857686EA0000000920
B0948415601255N00857814EA0000000933
B0948475601295N00857741EA0000000937
B0948555601183N00857773EA0000000937
B0949025601160N00858015EA0000000958
B0949085601151N00858223EA0000000959
B0949135601136N00858405EA0000000967
B0949195601116N00858606EA0000000991
B0949265601095N00858827EA0000001004
B0949345601078N00859095EA0000001026
B0949425601075N00859368EA0000001023
B0949505601091N00859632EA0000001038
B0949565601102N00859825EA0000001049
B0950015601111N00859987EA0000001045
B0950075601105N00900211EA0000001030
B0950125601084N00900411EA0000001035
B0950205601029N00900715EA0000001031
B0950275600971N00900978EA0000001035
B0950355600905N00901276EA0000001032
B0950405600862N00901463EA0000001024
B0950485600799N00901769EA0000001017
B0950535600759N00901953EA0000001015
B0950585600716N00902139EA0000001008
B0951045600662N00902360EA0000001005
B0951105600607N00902576EA0000000992
B0951175600545N00902828EA0000000991
B0951235600499N00903028EA0000001024
B0951285600455N00903166EA0000001035
B0951335600386N00903146EA0000001040
B0951385600399N00903043EA0000001048
B0951435600463N00903070EA0000001060
B0951485600482N00903221EA0000001064
B0951535600414N00903317EA0000001075
B0951585600354N00903249EA0000001082
B0952035600363N00903143EA0000001090
B0952095600444N00903175EA0000001096
B0952145600461N00903346EA0000001094
B0952195600385N00903463EA0000001099
B0952245600300N00903424EA0000001106
B0952305600275N00903254EA0000001086
B0952355600312N00903097EA0000001087
B0952415600366N00902905EA0000001068
B0952485600437N00902680EA0000001060
B0952535600488N00902529EA0000001068
B0952595600552N00902348EA0000001065
B0953045600612N00902202EA0000001064
B0953095600668N00902054EA0000001067
B0953165600748N00901848EA0000001059
B0953225600806N00901660EA0000001069
B0953315600875N00901375EA0000001064
B0953375600912N00901167EA0000001065
B0953435600946N00900949EA0000001063
B0953515601018N00900662EA0000001072
B0953595601100N00900389EA0000001077
B0954045601149N00900232EA0000001083
B0954095601192N00900091EA0000001093
B0954145601226N00859972EA0000001105
B0954235601261N00859772EA0000001098
B0954285601269N00859654EA0000001086
B0954345601251N00859499EA0000001069
B0954405601224N00859333EA0000001057
B0954455601200N00859194EA0000001048
B0954515601173N00859026EA0000001037
B0954585601148N00858836EA0000001032
B0955035601110N00858713EA0000001035
B0955085601034N00858641EA0000001032
B0955145600924N00858724EA0000001024
B0955195600869N00858899EA0000001017
B0955245600839N00859098EA0000001015
B0955325600807N00859426EA0000000999
B0955395600787N00859722EA0000000986
B0955455600777N00859976EA0000000976
B0955515600770N00900228EA0000000961
B0955565600769N00900441EA0000000969
B0956015600790N00900641EA0000000983
B0956065600829N00900821EA0000000987
B0956145600905N00901110EA0000000975
B0956195600942N00901303EA0000000968
B0956255600965N00901542EA0000000958
B0956325600899N00901791EA0000000968
B0956375600814N00901899EA0000000979
B0956425600725N00901957EA0000000991
B0956475600654N00901910EA0000001000
B0956545600661N00901762EA0000001016
B0956595600732N00901746EA0000001033
B0957075600781N00901982EA0000001061
B0957125600712N00902091EA0000001065
B0957195600632N00901999EA0000001072
B0957255600697N00901904EA0000001085
B0957315600807N00901974EA0000001085
B0957365600872N00902160EA0000001076
B0957425600924N00902426EA0000001065
B0957485600971N00902691EA0000001072
B0957535601008N00902891EA0000001076
B0957585601081N00903000EA0000001078
B0958045601151N00902940EA0000001067
B0958105601142N00902802EA0000001062
B0958175601109N00902643EA0000001060
B0958225601085N00902532EA0000001056
B0958295601050N00902383EA0000001048
B0958345601017N00902282EA0000001039
B0958395600951N00902212EA0000001035
B0958445600870N00902186EA0000001029
B0958495600780N00902221EA0000001019
B0958545600693N00902312EA0000001013
B0959015600595N00902494EA0000001031
B0959065600522N00902586EA0000001044
B0959115600443N00902583EA0000001056
B0959165600387N00902503EA0000001059
B0959235600374N00902344EA0000001089
B0959315600386N00902162EA0000001096
B0959385600374N00901991EA0000001111
B0959435600326N00901896EA0000001109
B0959515600193N00901874EA0000001097
B0959565600123N00902013EA0000001088
B1000055600140N00902354EA0000001069
B1000135600222N00902609EA0000001075
B1000185600260N00902791EA0000001089
B1000235600307N00902978EA0000001089
B1000305600417N00903197EA0000001094
B1000355600513N00903337EA0000001086
B1000425600664N00903484EA0000001086
B1000475600768N00903546EA0000001099
B1000525600855N00903569EA0000001109
B1001005600949N00903481EA0000001104
B1001085600980N00903331EA0000001102
B1001165600965N00903177EA0000001088
B1001225600928N00903065EA0000001071
B1001275600873N00902990EA0000001062
B1001355600753N00902921EA0000001049
B1001425600632N00902924EA0000001035
B1001485600523N00902986EA0000001032
B1001535600443N00903093EA0000001028
B1001595600361N00903261EA0000001018
B1002075600284N00903533EA0000001016
B1002135600232N00903735EA0000001044
B1002215600162N00903986EA0000001061
B1002265600167N00904159EA0000001066
B1002315600227N00904271EA0000001073
B1002365600293N00904272EA0000001084
B1002415600321N00904190EA0000001093
B1002465600299N00904093EA0000001100
B1002515600240N00904016EA0000001099
B1002565600163N00903967EA0000001110
B1003025600056N00903946EA0000001113
B1003085559939N00903961EA0000001125
B1003145559829N00903968EA0000001133
B1003225559727N00903865EA0000001127
B1003275559659N00903804EA0000001126
B1003345559535N00903797EA0000001118
B1003405559433N00903923EA0000001111
B1003475559372N00904184EA0000001107
B1003525559334N00904373EA0000001103
B1004005559273N00904666EA0000001105
B1004065559258N00904883EA0000001099
B1004125559271N00905100EA0000001097
B1004195559296N00905338EA0000001092
B1004265559374N00905500EA0000001079
B1004315559447N00905525EA0000001067
B1004365559501N00905464EA0000001067
B1004425559523N00905342EA0000001062
B1004495559532N00905190EA0000001062
B1004555559542N00905073EA0000001067
B1005025559498N00904954EA0000001066
B1005105559410N00904850EA0000001064
B1005155559331N00904853EA0000001058
B1005205559253N00904950EA0000001055
B1005265559212N00905145EA0000001049
B1005315559231N00905312EA0000001045
B1005365559274N00905457EA0000001037
B1005425559354N00905568EA0000001029
B1005475559429N00905628EA0000001023
B1005525559508N00905703EA0000001008
B1005575559593N00905783EA0000001005
B1006035559697N00905858EA0000001010
B1006095559782N00905798EA0000001017
B1006145559777N00905671EA0000001023
B1006195559704N00905609EA0000001038
B1006265559622N00905789EA0000001058
B1006315559667N00905937EA0000001065
B1006365559747N00905967EA0000001071
B1006435559823N00905829EA0000001071
B1006505559895N00905667EA0000001079
B1006555559960N00905587EA0000001082
B1007035600060N00905491EA0000001080
B1007085600112N00905421EA0000001072
B1007145600120N00905295EA0000001065
B1007195600078N00905197EA0000001061
B1007245600001N00905152EA0000001050
B1007295559905N00905187EA0000001049
B1007365559776N00905311EA0000001042
B1007425559679N00905442EA0000001050
B1007485559603N00905613EA0000001049
B1007535559530N00905744EA0000001064
B1008005559425N00905904EA0000001069
B1008075559327N00906082EA0000001076
B1008145559221N00906252EA0000001069
B1008225559108N00906477EA0000001066
B1008285559026N00906646EA0000001065
B1008335558974N00906809EA0000001063
B1008385558972N00906993EA0000001056
B1008445559031N00907162EA0000001049
B1008505559120N00907237EA0000001041
B1008555559201N00907253EA0000001029
B1009005559281N00907233EA0000001030
B1009075559398N00907215EA0000001023
B1009135559499N00907184EA0000001025
B1009185559570N00907129EA0000001034
B1009235559610N00907033EA0000001032
B1009285559633N00906924EA0000001026
B1009345559672N00906805EA0000001026
B1009395559650N00906709EA0000001034
B1009455559558N00906709EA0000001040
B1009505559475N00906779EA0000001043
B1009555559406N00906897EA0000001051
B1010015559400N00907108EA0000001062
B1010065559469N00907196EA0000001069
B1010145559487N00907069EA0000001073
B1010195559410N00907099EA0000001084
B1010245559373N00907257EA0000001091
B1010305559439N00907406EA0000001096
B1010355559499N00907351EA0000001096
B1010425559505N00907187EA0000001088
B1010535559510N00906895EA0000001083
B1011005559519N00906719EA0000001082
B1011055559524N00906600EA0000001080
B1011105559528N00906488EA0000001078
B1011165559535N00906353EA0000001070
B1011215559504N00906248EA0000001065
B1011265559418N00906252EA0000001065
B1011315559353N00906409EA0000001051
B1011405559306N00906774EA0000001040
B1011465559254N00907001EA0000001043
B1011525559185N00907220EA0000001041
B1011575559143N00907415EA0000001058
B1012025559137N00907618EA0000001065
B1012115559143N00907982EA0000001077
B1012165559191N00908153EA0000001074
B1012225559293N00908273EA0000001072
B1012275559380N00908264EA0000001070
B1012335559436N00908149EA0000001065
B1012395559479N00908018EA0000001046
B1012475559537N00907839EA0000001036
B1012545559568N00907678EA0000001030
B1013015559594N00907515EA0000001018
B1013075559619N00907374EA0000001014
B1013125559640N00907254EA0000001004
B1013205559668N00907058EA0000001004
B1013285559691N00906863EA0000001002
B1013355559707N00906696EA0000000999
B1013445559724N00906472EA0000000985
B1013495559737N00906347EA0000000977
B1013545559750N00906221EA0000000963
B1014035559786N00905990EA0000000952
B1014095559813N00905841EA0000000948
B1014145559837N00905721EA0000000941
B1014205559863N00905574EA0000000932
B1014255559893N00905454EA0000000925
B1014315559940N00905321EA0000000920
B1014375559997N00905191EA0000000908
B1014435600049N00905057EA0000000909
B1014495600105N00904929EA0000000915
B1014545600155N00904834EA0000000921
B1014595600149N00904716EA0000000926
B1015045600058N00904719EA0000000922
B1015095600016N00904893EA0000000922
B1015145600077N00905039EA0000000929
B1015195600156N00905056EA0000000934
B1015245600167N00904944EA0000000930
B1015295600098N00904874EA0000000931
B1015345600008N00904939EA0000000928
B1015395559970N00905122EA0000000928
B1015445600002N00905290EA0000000942
B1015515600098N00905306EA0000000957
B1015565600094N00905207EA0000000960
B1016025559993N00905241EA0000000959
B1016075559949N00905414EA0000000961
B1016135600006N00905597EA0000000966
B1016195600089N00905557EA0000000975
B1016245600087N00905441EA0000000980
B1016305559996N00905393EA0000000980
B1016355559920N00905505EA0000000978
B1016405559920N00905694EA0000000977
B1016465600003N00905823EA0000000982
B1016515600069N00905779EA0000000987
B1016565600054N00905673EA0000000986
B1017015559973N00905646EA0000000987
B1017065559900N00905758EA0000000990
B1017115559907N00905937EA0000000994
B1017165559979N00906020EA0000000995
B1017215600041N00905971EA0000000994
B1017265600036N00905855EA0000000990
B1017325559949N00905781EA0000000987
B1017375559854N00905829EA0000000982
B1017425559802N00905996EA0000000984
B1017485559849N00906190EA0000000993
B1017535559929N00906210EA0000000995
B1018005559971N00906088EA0000000997
B1018055559920N00906004EA0000000982
B1018105559840N00905935EA0000000965
B1018165559750N00905836EA0000000976
B1018225559694N00905714EA0000000981
B1018275559712N00905602EA0000000984
B1018355559650N00905440EA0000000982
B1018415559555N00905365EA0000000965
B1018475559443N00905318EA0000000964
B1018525559347N00905292EA0000000971
B1018585559240N00905267EA0000000976
B1019055559122N00905211EA0000000948
B1019105559042N00905129EA0000000933
B1019205558898N00904943EA0000000934
B1019255558837N00904845EA0000000939
B1019325558762N00904697EA0000000948
B1019395558689N00904552EA0000000940
B1019465558628N00904397EA0000000928
B1019515558586N00904289EA0000000925
B1019575558537N00904158EA0000000916
B1020025558496N00904051EA0000000907
B1020095558436N00903898EA0000000886
B1020165558375N00903738EA0000000877
B1020215558336N00903618EA0000000867
B1020265558303N00903490EA0000000854
B1020335558255N00903309EA0000000839
B1020385558224N00903176EA0000000833
B1020455558187N00902990EA0000000819
B1020515558154N00902833EA0000000814
B1020565558127N00902704EA0000000804
B1021025558099N00902539EA0000000796
B1021105558060N00902323EA0000000821
B1021175558003N00902156EA0000000840
B1021225557958N00902054EA0000000851
B1021275557966N00901952EA0000000860
B1021325558031N00901940EA0000000852
B1021425558166N00902143EA0000000863
B1021475558149N00902311EA0000000873
B1021535558054N00902421EA0000000890
B1021585557971N00902451EA0000000900
B1022035557925N00902375EA0000000903
B1022085557959N00902295EA0000000906
B1022145558041N00902360EA0000000914
B1022195558054N00902530EA0000000921
B1022245557985N00902641EA0000000933
B1022305557924N00902563EA0000000936
B1022355557968N00902491EA0000000946
B1022405558036N00902568EA0000000948
B1022465558005N00902764EA0000000963
B1022515557925N00902758EA0000000968
B1022575557950N00902658EA0000000977
B1023025558006N00902768EA0000000982
B1023085557939N00902937EA0000000996
B1023135557875N00902884EA0000001007
B1023185557912N00902803EA0000001008
B1023235557983N00902890EA0000001014
B1023295557982N00903100EA0000001030
B1023355557881N00903168EA0000001043
B1023425557861N00903033EA0000001051
B1023505557966N00903080EA0000001057
B1023565557942N00903279EA0000001070
B1024015557858N00903299EA0000001082
B1024065557842N00903189EA0000001083
B1024145557917N00903028EA0000001074
B1024215558006N00902909EA0000001075
B1024265558072N00902825EA0000001076
B1024335558166N00902712EA0000001086
B1024385558234N00902629EA0000001090
B1024455558324N00902495EA0000001079
B1024505558384N00902398EA0000001080
B1024585558469N00902239EA0000001084
B1025035558519N00902148EA0000001085
B1025145558624N00901958EA0000001072
B1025225558704N00901822EA0000001058
B1025275558754N00901737EA0000001051
B1025345558819N00901606EA0000001043
B1025395558868N00901513EA0000001034
B1025445558919N00901418EA0000001023
B1025495558965N00901314EA0000001011
B1025545559006N00901203EA0000000998
B1025595559044N00901086EA0000000984
B1026045559087N00900973EA0000000975
B1026095559136N00900864EA0000000975
B1026145559181N00900762EA0000000978
B1026215559240N00900630EA0000000970
B1026305559306N00900448EA0000000943
B1026365559345N00900311EA0000000929
B1026415559375N00900192EA0000000915
B1026465559411N00900074EA0000000908
B1026515559451N00859964EA0000000903
B1026565559492N00859857EA0000000895
B1027045559552N00859682EA0000000886
B1027155559646N00859448EA0000000864
B1027215559701N00859319EA0000000863
B1027265559731N00859209EA0000000873
B1027315559767N00859106EA0000000874
B1027365559838N00859088EA0000000884
B1027415559872N00859240EA0000000899
B1027465559801N00859349EA0000000904
B1027515559767N00859264EA0000000911
B1027565559829N00859259EA0000000915
B1028015559849N00859421EA0000000923
B1028085559748N00859491EA0000000924
B1028145559767N00859380EA0000000936
B1028195559825N00859484EA0000000945
B1028245559774N00859625EA0000000952
B1028295559717N00859569EA0000000958
B1028355559780N00859533EA0000000966
B1028415559780N00859723EA0000000970
B1028465559700N00859735EA0000000981
B1028515559715N00859644EA0000000986
B1028565559775N00859738EA0000001001
B1029015559734N00859880EA0000001003
B1029065559666N00859833EA0000001005
B1029125559719N00859770EA0000001020
B1029185559742N00859956EA0000001029
B1029235559669N00900060EA0000001037
B1029285559620N00859979EA0000001035
B1029345559680N00859914EA0000001054
B1029395559713N00900059EA0000001059
B1029445559639N00900160EA0000001073
B1029505559599N00900055EA0000001085
B1029555559665N00900057EA0000001097
B1030015559687N00900261EA0000001109
B1030075559668N00900486EA0000001118
B1030125559656N00900670EA0000001127
B1030185559651N00900887EA0000001127
B1030245559660N00901101EA0000001121
B1030315559671N00901364EA0000001118
B1030365559677N00901554EA0000001114
B1030425559679N00901786EA0000001111
B1030485559682N00902022EA0000001100
B1030565559679N00902345EA0000001092
B1031025559674N00902588EA0000001106
B1031125559677N00902963EA0000001103
B1031185559686N00903173EA0000001116
B1031235559694N00903342EA0000001122
B1031315559696N00903606EA0000001129
B1031375559693N00903807EA0000001127
B1031425559691N00903969EA0000001139
B1031475559685N00904133EA0000001138
B1031545559686N00904371EA0000001133
B1032015559726N00904597EA0000001120
B1032065559749N00904765EA0000001128
B1032125559773N00904963EA0000001130
B1032175559812N00905117EA0000001137
B1032225559872N00905212EA0000001149
B1032275559929N00905175EA0000001158
B1032335559912N00905057EA0000001170
B1032385559846N00905007EA0000001163
B1032435559762N00905070EA0000001153
B1032505559740N00905295EA0000001149
B1032555559804N00905364EA0000001160
B1033005559843N00905295EA0000001170
B1033055559804N00905207EA0000001163
B1033105559718N00905219EA0000001157
B1033155559649N00905341EA0000001152
B1033205559650N00905511EA0000001148
B1033265559700N00905687EA0000001161
B1033315559762N00905756EA0000001169
B1033365559807N00905692EA0000001179
B1033425559765N00905584EA0000001190
B1033475559683N00905566EA0000001177
B1033525559586N00905628EA0000001167
B1033585559471N00905735EA0000001166
B1034085559269N00905906EA0000001147
B1034145559144N00906003EA0000001124
B1034195559033N00906067EA0000001119
B1034245558924N00906126EA0000001113
B1034305558795N00906137EA0000001104
B1034365558674N00906103EA0000001094
B1034415558567N00906104EA0000001089
B1034465558467N00906215EA0000001089
B1034535558374N00906468EA0000001085
B1034585558327N00906669EA0000001078
B1035045558278N00906915EA0000001070
B1035095558239N00907126EA0000001065
B1035145558205N00907337EA0000001067
B1035225558149N00907666EA0000001067
B1035285558111N00907922EA0000001060
B1035345558076N00908177EA0000001058
B1035395558045N00908392EA0000001054
B1035445558012N00908604EA0000001048
B1035505557977N00908853EA0000001038
B1035555557948N00909072EA0000001029
B1036025557904N00909375EA0000001025
B1036085557867N00909633EA0000001021
B1036175557814N00910021EA0000001015
B1036265557755N00910405EA0000001010
B1036315557723N00910600EA0000001042
B1036365557693N00910777EA0000001054
B1036415557657N00910952EA0000001060
B1036475557606N00911153EA0000001078
B1036535557548N00911335EA0000001087
B1036585557507N00911494EA0000001095
B1037055557450N00911730EA0000001083
B1037135557374N00912026EA0000001080
B1037195557319N00912254EA0000001079
B1037245557279N00912440EA0000001075
B1037325557218N00912741EA0000001067
B1037405557168N00913048EA0000001066
B1037455557141N00913244EA0000001064
B1037545557090N00913589EA0000001064
B1038035557036N00913936EA0000001060
B1038085557005N00914126EA0000001048
B1038155556960N00914408EA0000001029
B1038215556922N00914657EA0000001012
B1038275556894N00914913EA0000001007
B1038335556869N00915157EA0000001011
B1038405556845N00915448EA0000001007
B1038485556825N00915795EA0000001014
B1038535556816N00915998EA0000001039
B1039035556787N00916343EA0000001033
B1039105556729N00916588EA0000001011
B1039155556681N00916772EA0000001002
B1039215556625N00916989EA0000000999
B1039265556578N00917171EA0000000977
B1039315556532N00917362EA0000000965
B1039365556491N00917559EA0000000962
B1039415556450N00917754EA0000000958
B1039485556395N00918027EA0000000946
B1039565556321N00918337EA0000000941
B1040015556280N00918533EA0000000934
B1040065556248N00918735EA0000000929
B1040115556220N00918937EA0000000926
B1040185556181N00919227EA0000000913
B1040235556151N00919434EA0000000911
B1040295556113N00919680EA0000000895
B1040355556076N00919929EA0000000891
B1040475555998N00920430EA0000000868
B1040535555961N00920681EA0000000865
B1040595555925N00920930EA0000000859
B1041075555873N00921259EA0000000848
B1041165555817N00921630EA0000000831
B1041225555782N00921876EA0000000833
B1041275555756N00922075EA0000000840
B1041325555735N00922269EA0000000828
B1041385555712N00922514EA0000000806
B1041435555694N00922723EA0000000806
B1041495555670N00922967EA0000000805
B1041545555647N00923166EA0000000806
B1041595555629N00923357EA0000000799
B1042065555605N00923628EA0000000787
B1042125555584N00923861EA0000000780
B1042175555566N00924054EA0000000772
B1042225555547N00924243EA0000000765
B1042285555523N00924475EA0000000749
B1042335555500N00924674EA0000000736
B1042385555473N00924873EA0000000723
B1042455555436N00925149EA0000000717
B1042515555400N00925376EA0000000744
B1042575555369N00925573EA0000000753
B1043025555339N00925737EA0000000748
B1043075555338N00925907EA0000000759
B1043125555326N00926076EA0000000757
B1043175555313N00926260EA0000000745
B1043265555310N00926609EA0000000740
B1043325555323N00926832EA0000000742
B1043375555329N00927012EA0000000741
B1043435555312N00927237EA0000000741
B1043495555292N00927455EA0000000757
B1043595555273N00927796EA0000000760
B1044055555220N00927981EA0000000781
B1044105555212N00928134EA0000000767
B1044155555273N00928167EA0000000767
B1044205555256N00928084EA0000000765
B1044265555163N00928036EA0000000772
B1044315555092N00928004EA0000000784
B1044365555027N00928113EA0000000774
B1044415555048N00928279EA0000000767
B1044465555116N00928315EA0000000776
B1044515555144N00928243EA0000000778
B1044565555073N00928222EA0000000779
B1045015555042N00928395EA0000000783
B1045075555114N00928449EA0000000789
B1045125555090N00928359EA0000000789
B1045175555011N00928437EA0000000799
B1045235555044N00928623EA0000000800
B1045285555088N00928579EA0000000809
B1045345555006N00928544EA0000000815
B1045395554976N00928713EA0000000819
B1045445555040N00928796EA0000000821
B1045495555048N00928707EA0000000825
B1045545554963N00928724EA0000000827
B1045595554924N00928896EA0000000834
B1046045554977N00929018EA0000000840
B1046095555021N00928973EA0000000840
B1046145554969N00928900EA0000000843
B1046195554895N00929006EA0000000850
B1046245554916N00929178EA0000000855
B1046295554979N00929188EA0000000861
B1046345554961N00929101EA0000000861
B1046395554882N00929159EA0000000866
B1046445554876N00929336EA0000000875
B1046495554915N00929489EA0000000880
B1046585554979N00929778EA0000000878
B1047045555020N00929980EA0000000874
B1047095555053N00930149EA0000000872
B1047185555117N00930456EA0000000846
B1047235555160N00930637EA0000000840
B1047285555205N00930812EA0000000846
B1047345555255N00931012EA0000000862
B1047435555325N00931287EA0000000859
B1047485555370N00931446EA0000000837
B1047535555420N00931616EA0000000821
B1047585555475N00931788EA0000000806
B1048035555532N00931960EA0000000794
B1048125555635N00932273EA0000000777
B1048185555700N00932490EA0000000764
B1048235555755N00932672EA0000000756
B1048295555815N00932898EA0000000748
B1048345555855N00933098EA0000000740
B1048395555889N00933299EA0000000738
B1048445555921N00933497EA0000000730
B1048495555955N00933697EA0000000725
B1048545555990N00933891EA0000000720
B1049015556042N00934166EA0000000708
B1049065556080N00934367EA0000000705
B1049135556135N00934654EA0000000695
B1049215556184N00934980EA0000000695
B1049275556208N00935209EA0000000711
B1049355556226N00935485EA0000000731
B1049405556271N00935616EA0000000723
B1049465556323N00935542EA0000000733
B1049515556257N00935477EA0000000737
B1049575556182N00935644EA0000000751
B1050025556237N00935771EA0000000757
B1050075556269N00935697EA0000000765
B1050125556195N00935669EA0000000772
B1050175556151N00935837EA0000000784
B1050235556225N00935929EA0000000788
B1050285556216N00935823EA0000000799
B1050335556132N00935856EA0000000804
B1050385556116N00936034EA0000000807
B1050435556185N00936084EA0000000819
B1050495556171N00935980EA0000000823
B1050545556089N00936040EA0000000831
B1051035556153N00936252EA0000000844
B1051085556150N00936152EA0000000842
B1051135556065N00936169EA0000000859
B1051185556036N00936343EA0000000869
B1051255556122N00936435EA0000000869
B1051305556109N00936334EA0000000881
B1051395555982N00936502EA0000000897
B1051445556034N00936632EA0000000906
B1051505556072N00936553EA0000000913
B1051555556002N00936505EA0000000915
B1052015555936N00936684EA0000000932
B1052095556031N00936746EA0000000950
B1052145555986N00936664EA0000000957
B1052205555886N00936776EA0000000964
B1052265555923N00936966EA0000000971
B1052315555984N00936937EA0000000991
B1052365555936N00936864EA0000000998
B1052415555858N00936977EA0000001012
B1052465555892N00937130EA0000001018
B1052515555943N00937076EA0000001032
B1052565555886N00936992EA0000001042
B1053025555798N00937129EA0000001053
B1053115555891N00937294EA0000001069
B1053165555897N00937197EA0000001081
B1053215555815N00937185EA0000001098
B1053275555759N00937368EA0000001105
B1053365555862N00937537EA0000001119
B1053425555867N00937420EA0000001133
B1053525555726N00937565EA0000001158
B1053595555786N00937744EA0000001167
B1054075555837N00937639EA0000001185
B1054125555763N00937597EA0000001189
B1054175555695N00937728EA0000001207
B1054225555723N00937888EA0000001221
B1054275555791N00937891EA0000001234
B1054345555741N00937775EA0000001247
B1054445555624N00938047EA0000001278
B1054515555604N00938313EA0000001284
B1054575555592N00938540EA0000001281
B1055035555570N00938783EA0000001284
B1055125555535N00939125EA0000001316
B1055175555521N00939313EA0000001307
B1055235555499N00939563EA0000001294
B1055285555469N00939771EA0000001312
B1055335555438N00939967EA0000001333
B1055385555416N00940155EA0000001351
B1055435555428N00940347EA0000001345
B1055505555506N00940585EA0000001339
B1055555555578N00940730EA0000001340
B1056015555665N00940902EA0000001337
B1056065555735N00941052EA0000001335
B1056125555822N00941225EA0000001327
B1056185555911N00941398EA0000001322
B1056305556076N00941764EA0000001307
B1056355556143N00941923EA0000001299
B1056415556225N00942115EA0000001294
B1056495556335N00942365EA0000001289
B1056555556413N00942550EA0000001289
B1057015556490N00942734EA0000001280
B1057075556572N00942918EA0000001269
B1057155556699N00943113EA0000001261
B1057205556781N00943215EA0000001258
B1057295556929N00943388EA0000001251
B1057345557008N00943491EA0000001244
B1057405557102N00943620EA0000001239
B1057495557251N00943818EA0000001220
B1057565557369N00943964EA0000001209
B1058055557520N00944138EA0000001208
B1058115557617N00944238EA0000001204
B1058175557711N00944347EA0000001196
B1058255557836N00944500EA0000001182
B1058315557931N00944615EA0000001162
B1058365558014N00944710EA0000001150
B1058415558097N00944805EA0000001148
B1058465558180N00944897EA0000001140
B1058515558265N00944979EA0000001130
B1058575558364N00945070EA0000001135
B1059025558441N00945150EA0000001132
B1059075558516N00945268EA0000001122
B1059135558600N00945437EA0000001118
B1059195558684N00945598EA0000001114
B1059245558744N00945754EA0000001109
B1059345558838N00946109EA0000001100
B1059395558882N00946286EA0000001099
B1059475558941N00946571EA0000001087
B1059525558977N00946745EA0000001108
B1059585559013N00946930EA0000001147
B1100045559047N00947109EA0000001165
B1100115559006N00947318EA0000001173
B1100175558987N00947507EA0000001179
B1100225559040N00947623EA0000001175
B1100335559154N00947929EA0000001159
B1100405559182N00948196EA0000001139
B1100505559202N00948590EA0000001131
B1100585559203N00948887EA0000001159
B1101045559197N00949087EA0000001180
B1101135559181N00949374EA0000001197
B1101215559149N00949642EA0000001184
B1101285559108N00949899EA0000001170
B1101365559060N00950194EA0000001170
B1101435559022N00950463EA0000001169
B1101485558991N00950652EA0000001173
B1101535558967N00950836EA0000001177
B1101585558948N00951013EA0000001183
B1102085558919N00951335EA0000001194
B1102155558899N00951578EA0000001178
B1102255558883N00951963EA0000001177
B1102315558869N00952191EA0000001189
B1102385558849N00952454EA0000001169
B1102435558833N00952660EA0000001157
B1102535558797N00953077EA0000001146
B1102595558774N00953325EA0000001133
B1103045558760N00953535EA0000001126
B1103135558736N00953904EA0000001110
B1103195558719N00954156EA0000001102
B1103255558705N00954408EA0000001094
B1103315558691N00954660EA0000001092
B1103375558674N00954902EA0000001092
B1103425558658N00955099EA0000001085
B1103475558645N00955296EA0000001080
B1103545558630N00955581EA0000001065
B1104045558514N00955926EA0000001045
B1104175558294N00956270EA0000001034
B1104225558209N00956396EA0000001048
B1104285558124N00956522EA0000001071
B1104335558056N00956496EA0000001074
B1104445558142N00956545EA0000001070
B1104495558077N00956676EA0000001075
B1104545558033N00956598EA0000001084
B1105025558132N00956645EA0000001096
B1105075558116N00956826EA0000001115
B1105125558036N00956879EA0000001111
B1105175558015N00956782EA0000001113
B1105225558079N00956783EA0000001120
B1105275558102N00956954EA0000001131
B1105325558028N00957068EA0000001135
B1105375557982N00956988EA0000001131
B1105425558040N00956965EA0000001149
B1105475558068N00957117EA0000001160
B1105525557999N00957228EA0000001167
B1105575557950N00957159EA0000001165
B1106025557994N00957098EA0000001172
B1106105558031N00957309EA0000001181
B1106165557939N00957336EA0000001183
B1106255558005N00957308EA0000001177
B1106315557965N00957503EA0000001187
B1106365557892N00957471EA0000001189
B1106415557914N00957380EA0000001195
B1106465557983N00957423EA0000001200
B1106515557993N00957604EA0000001217
B1106575557897N00957674EA0000001225
B1107025557881N00957582EA0000001225
B1107085557956N00957603EA0000001230
B1107135557969N00957779EA0000001240
B1107185557895N00957892EA0000001242
B1107235557815N00957873EA0000001243
B1107285557790N00957772EA0000001245
B1107335557823N00957684EA0000001242
B1107385557896N00957687EA0000001245
B1107445557988N00957800EA0000001251
B1107515558092N00957963EA0000001256
B1108005558213N00958185EA0000001253
B1108055558288N00958293EA0000001242
B1108145558440N00958446EA0000001235
B1108205558542N00958544EA0000001224
B1108265558646N00958639EA0000001225
B1108325558746N00958708EA0000001232
B1108395558860N00958703EA0000001211
B1108515559042N00958571EA0000001176
B1108565559117N00958514EA0000001175
B1109015559203N00958537EA0000001173
B1109065559286N00958656EA0000001160
B1109165559445N00958932EA0000001153
B1109215559524N00959062EA0000001150
B1109325559694N00959347EA0000001140
B1109375559770N00959481EA0000001132
B1109465559905N00959738EA0000001123
B1110045600166N01000263EA0000001099
B1110115600270N01000467EA0000001094
B1110195600385N01000693EA0000001083
B1110255600472N01000868EA0000001072
B1110335600596N01001070EA0000001063
B1110405600704N01001250EA0000001051
B1110455600780N01001381EA0000001050
B1110515600868N01001538EA0000001043
B1110585600974N01001722EA0000001031
B1111045601061N01001885EA0000001018
B1111105601148N01002053EA0000001008
B1111205601275N01002374EA0000001001
B1111255601332N01002539EA0000000992
B1111315601401N01002735EA0000000982
B1111375601470N01002935EA0000000972
B1111455601569N01003192EA0000000963
B1111525601657N01003418EA0000000949
B1111585601723N01003624EA0000000945
B1112075601814N01003933EA0000000924
B1112145601887N01004183EA0000000913
B1112205601951N01004394EA0000000910
B1112255602011N01004551EA0000000914
B1112305602076N01004676EA0000000938
B1112355602136N01004741EA0000000941
B1112405602164N01004664EA0000000935
B1112455602098N01004636EA0000000925
B1112505602035N01004764EA0000000933
B1112555601980N01004912EA0000000941
B1113005601990N01005092EA0000000935
B1113055602057N01005211EA0000000935
B1113115602151N01005243EA0000000936
B1113165602222N01005233EA0000000926
B1113255602361N01005200EA0000000914
B1113305602437N01005172EA0000000903
B1113365602526N01005129EA0000000902
B1113425602610N01005079EA0000000901
B1113495602704N01005016EA0000000890
B1113575602801N01004907EA0000000876
B1114055602884N01004770EA0000000860
B1114115602945N01004670EA0000000858
B1114175603002N01004561EA0000000849
B1114265603082N01004380EA0000000833
B1114335603136N01004262EA0000000864
B1114385603168N01004199EA0000000872
B1114435603146N01004103EA0000000863
B1114505603179N01003993EA0000000862
B1114565603257N01003980EA0000000862
B1115015603313N01003946EA0000000873
B1115065603310N01003854EA0000000875
B1115125603277N01003735EA0000000866
B1115195603314N01003590EA0000000849
B1115265603384N01003476EA0000000835
B1115335603459N01003361EA0000000823
B1115395603524N01003259EA0000000813
B1115445603579N01003172EA0000000812
B1115525603664N01003044EA0000000820
B1115575603715N01002964EA0000000826
B1116035603774N01002878EA0000000828
B1116085603826N01002800EA0000000826
B1116165603911N01002673EA0000000840
B1116225603979N01002592EA0000000849
B1116285604056N01002551EA0000000862
B1116335604130N01002549EA0000000865
B1116395604166N01002457EA0000000854
B1116445604105N01002415EA0000000847
B1116505604011N01002520EA0000000858
B1116555603962N01002676EA0000000870
B1117015604033N01002796EA0000000888
B1117065604088N01002740EA0000000884
B1117125604051N01002643EA0000000883
B1117175603968N01002671EA0000000901
B1117225603902N01002792EA0000000912
B1117275603906N01002970EA0000000923
B1117325603977N01003034EA0000000938
B1117375603998N01002941EA0000000940
B1117425603935N01002877EA0000000956
B1117485603852N01003001EA0000000980
B1117535603868N01003169EA0000000982
B1117585603942N01003198EA0000000995
B1118035603966N01003108EA0000001005
B1118085603896N01003076EA0000001019
B1118135603834N01003200EA0000001038
B1118185603853N01003374EA0000001045
B1118255603957N01003429EA0000001063
B1118305603972N01003331EA0000001066
B1118365603887N01003292EA0000001085
B1118475603854N01003633EA0000001115
B1118535603940N01003627EA0000001118
B1118585603942N01003516EA0000001134
B1119085603796N01003543EA0000001161
B1119175603762N01003869EA0000001178
B1119245603861N01003904EA0000001189
B1119305603858N01003764EA0000001200
B1119355603778N01003742EA0000001218
B1119415603707N01003922EA0000001234
B1119475603739N01004129EA0000001247
B1119525603813N01004167EA0000001253
B1119575603852N01004076EA0000001261
B1120055603768N01003960EA0000001277
B1120135603675N01004186EA0000001291
B1120185603728N01004319EA0000001306
B1120235603789N01004268EA0000001308
B1120305603740N01004127EA0000001319
B1120355603655N01004171EA0000001332
B1120415603615N01004376EA0000001331
B1120465603666N01004522EA0000001334
B1120515603747N01004535EA0000001332
B1120575603832N01004450EA0000001336
B1121025603902N01004358EA0000001326
B1121105604008N01004178EA0000001311
B1121165604091N01004048EA0000001316
B1121225604200N01004014EA0000001317
B1121275604297N01004084EA0000001316
B1121365604470N01004253EA0000001309
B1121425604583N01004371EA0000001312
B1121525604761N01004567EA0000001301
B1121595604896N01004564EA0000001281
B1122085605061N01004498EA0000001278
B1122135605148N01004453EA0000001276
B1122215605281N01004376EA0000001273
B1122265605362N01004333EA0000001277
B1122335605487N01004286EA0000001257
B1122405605617N01004242EA0000001249
B1122465605725N01004208EA0000001253
B1122525605826N01004175EA0000001256
B1122585605928N01004155EA0000001244
B1123045606032N01004131EA0000001234
B1123105606133N01004101EA0000001230
B1123165606240N01004070EA0000001219
B1123245606371N01004037EA0000001251
B1123315606487N01004034EA0000001255
B1123375606588N01004088EA0000001269
B1123425606672N01004147EA0000001247
B1123485606788N01004225EA0000001233
B1123565606940N01004325EA0000001232
B1124025607055N01004405EA0000001227
B1124095607189N01004501EA0000001229
B1124155607297N01004583EA0000001232
B1124235607427N01004691EA0000001235
B1124325607577N01004812EA0000001220
B1124375607661N01004876EA0000001209
B1124485607862N01005012EA0000001183
B1124535607952N01005044EA0000001180
B1124595608048N01005010EA0000001190
B1125045608112N01004995EA0000001223
B1125105608181N01004969EA0000001214
B1125155608254N01004964EA0000001192
B1125205608346N01004987EA0000001170
B1125255608437N01005017EA0000001189
B1125305608514N01005102EA0000001203
B1125365608542N01005310EA0000001211
B1125425608448N01005398EA0000001223
B1125475608451N01005301EA0000001233
B1125535608512N01005434EA0000001247
B1125585608437N01005550EA0000001250
B1126035608381N01005464EA0000001259
B1126085608433N01005415EA0000001284
B1126135608478N01005560EA0000001286
B1126185608414N01005691EA0000001298
B1126245608374N01005598EA0000001310
B1126295608444N01005593EA0000001311
B1126345608484N01005762EA0000001306
B1126405608396N01005903EA0000001319
B1126455608337N01005824EA0000001322
B1126505608349N01005702EA0000001303
B1126565608440N01005596EA0000001294
B1127015608527N01005544EA0000001295
B1127065608610N01005499EA0000001293
B1127175608785N01005400EA0000001281
B1127225608860N01005355EA0000001278
B1127295608970N01005298EA0000001269
B1127365609073N01005227EA0000001261
B1127445609193N01005131EA0000001242
B1127495609267N01005071EA0000001241
B1127555609353N01005001EA0000001234
B1128025609457N01004914EA0000001216
B1128075609527N01004841EA0000001212
B1128145609626N01004756EA0000001204
B1128225609748N01004679EA0000001189
B1128295609854N01004624EA0000001183
B1128345609929N01004586EA0000001178
B1128395610006N01004555EA0000001165
B1128485610155N01004494EA0000001147
B1128555610265N01004436EA0000001139
B1129045610393N01004328EA0000001160
B1129095610454N01004280EA0000001166
B1129165610538N01004222EA0000001182
B1129245610631N01004160EA0000001193
B1129335610719N01004040EA0000001196
B1129405610783N01003910EA0000001199
B1129475610843N01003770EA0000001185
B1129525610887N01003664EA0000001182
B1130015610970N01003474EA0000001166
B1130085611035N01003328EA0000001160
B1130145611087N01003210EA0000001161
B1130245611167N01003004EA0000001139
B1130305611210N01002882EA0000001135
B1130435611311N01002620EA0000001138
B1130505611356N01002495EA0000001161
B1130565611393N01002409EA0000001170
B1131015611452N01002376EA0000001158
B1131065611527N01002387EA0000001164
B1131125611625N01002426EA0000001149
B1131175611711N01002478EA0000001141
B1131245611833N01002549EA0000001132
B1131305611939N01002614EA0000001122
B1131405612114N01002720EA0000001106
B1131465612221N01002798EA0000001101
B1131545612360N01002896EA0000001096
B1132015612483N01002987EA0000001093
B1132085612607N01003070EA0000001085
B1132165612747N01003153EA0000001076
B1132225612852N01003214EA0000001060
B1132285612958N01003278EA0000001052
B1132355613080N01003352EA0000001045
B1132415613177N01003404EA0000001046
B1132465613258N01003443EA0000001054
B1132525613346N01003489EA0000001081
B1132575613407N01003580EA0000001090
B1133025613379N01003748EA0000001090
B1133075613295N01003759EA0000001081
B1133125613306N01003663EA0000001085
B1133185613393N01003711EA0000001108
B1133235613398N01003891EA0000001120
B1133285613313N01003957EA0000001130
B1133335613283N01003866EA0000001134
B1133395613347N01003816EA0000001152
B1133445613384N01003961EA0000001162
B1133495613322N01004096EA0000001166
B1133545613268N01004034EA0000001185
B1133595613316N01003978EA0000001199
B1134045613373N01004103EA0000001211
B1134105613317N01004292EA0000001219
B1134155613245N01004265EA0000001234
B1134205613253N01004170EA0000001254
B1134255613320N01004196EA0000001252
B1134305613328N01004367EA0000001259
B1134355613243N01004427EA0000001269
B1134405613224N01004350EA0000001283
B1134455613283N01004323EA0000001270
B1134505613368N01004350EA0000001262
B1134565613481N01004385EA0000001259
B1135025613593N01004411EA0000001255
B1135125613777N01004456EA0000001229
B1135175613869N01004462EA0000001223
B1135245613989N01004468EA0000001212
B1135315614108N01004476EA0000001203
B1135385614226N01004509EA0000001198
B1135445614329N01004587EA0000001198
B1135525614452N01004738EA0000001206
B1136015614577N01004906EA0000001220
B1136095614701N01004974EA0000001221
B1136165614809N01004960EA0000001213
B1136215614889N01004925EA0000001197
B1136285614999N01004853EA0000001188
B1136395615168N01004753EA0000001177
B1136485615315N01004679EA0000001160
B1136555615418N01004587EA0000001163
B1137015615488N01004494EA0000001162
B1137065615540N01004405EA0000001158
B1137125615604N01004295EA0000001144
B1137185615668N01004185EA0000001142
B1137245615735N01004073EA0000001141
B1137295615787N01003988EA0000001149
B1137345615837N01003901EA0000001137
B1137405615907N01003798EA0000001128
B1137465615985N01003707EA0000001123
B1137525616072N01003649EA0000001118
B1137595616177N01003591EA0000001111
B1138085616312N01003516EA0000001106
B1138135616390N01003475EA0000001103
B1138245616572N01003422EA0000001086
B1138305616677N01003409EA0000001085
B1138355616761N01003400EA0000001087
B1138455616921N01003376EA0000001086
B1138505616999N01003364EA0000001082
B1138565617084N01003326EA0000001077
B1139045617181N01003219EA0000001068
B1139095617242N01003160EA0000001065
B1139175617336N01003067EA0000001055
B1139285617457N01002905EA0000001041
B1139365617538N01002774EA0000001029
B1139425617598N01002675EA0000001024
B1139495617664N01002557EA0000001015
B1139555617722N01002450EA0000001006
B1140005617771N01002364EA0000001002
B1140095617848N01002211EA0000001011
B1140195617926N01002044EA0000000998
B1140275617985N01001889EA0000000994
B1140335618024N01001765EA0000000989
B1140405618012N01001599EA0000000984
B1140485617971N01001403EA0000000979
B1140555617953N01001233EA0000000976
B1141015617985N01001105EA0000000969
B1141075618068N01001045EA0000000957
B1141145618185N01001022EA0000000958
B1141225618305N01000974EA0000000971
B1141285618379N01000943EA0000000984
B1141345618460N01000955EA0000000971
B1141395618507N01000891EA0000000957
B1141455618556N01000785EA0000000945
B1141545618634N01000632EA0000000939
B1141595618681N01000551EA0000000939
B1142055618736N01000464EA0000000942
B1142145618824N01000329EA0000000924
B1142205618886N01000232EA0000000913
B1142255618937N01000146EA0000000908
B1142305618988N01000066EA0000000900
B1142355619040N00959987EA0000000890
B1142425619107N00959867EA0000000880
B1142505619176N00959722EA0000000869
B1142585619240N00959574EA0000000852
B1143045619290N00959461EA0000000835
B1143095619336N00959361EA0000000820
B1143215619447N00959118EA0000000802
B1143285619508N00958987EA0000000794
B1143345619561N00958876EA0000000779
B1143445619651N00958693EA0000000765
B1143495619693N00958601EA0000000757
B1143555619744N00958483EA0000000740
B1144015619779N00958351EA0000000730
B1144075619805N00958205EA0000000715
B1144125619825N00958076EA0000000706
B1144215619867N00957847EA0000000686
B1144325619969N00957600EA0000000665
B1144385620029N00957472EA0000000658
B1144485620121N00957262EA0000000636
B1144535620164N00957159EA0000000633
B1145045620252N00956934EA0000000625
B1145115620298N00956779EA0000000609
B1145165620330N00956670EA0000000596
B1145215620361N00956560EA0000000575
B1145285620392N00956396EA0000000578
B1145545620434N00956567EA0000000639
B1145595620482N00956527EA0000000654
B1146045620540N00956648EA0000000671
B1146155620422N00956873EA0000000698
B1146205620381N00956791EA0000000715
B1146275620441N00956738EA0000000728
B1146365620533N00956977EA0000000743
B1146445620477N00957236EA0000000744
B1146505620370N00957277EA0000000757
B1146565620315N00957194EA0000000772
B1147035620389N00957149EA0000000786
B1147085620443N00957269EA0000000793
B1147145620412N00957476EA0000000802
B1147205620310N00957530EA0000000814
B1147255620267N00957449EA0000000824
B1147355620367N00957382EA0000000851
B1147405620422N00957516EA0000000859
B1147455620417N00957705EA0000000865
B1147525620314N00957849EA0000000875
B1147575620237N00957835EA0000000888
B1148025620203N00957750EA0000000890
B1148125620303N00957690EA0000000910
B1148175620359N00957813EA0000000912
B1148245620324N00958059EA0000000918
B1148295620238N00958092EA0000000924
B1148355620234N00957987EA0000000930
B1148405620301N00958085EA0000000941
B1148485620189N00958241EA0000000941
B1148575620208N00958113EA0000000957
B1149025620257N00958252EA0000000963
B1149075620208N00958424EA0000000971
B1149125620125N00958425EA0000000982
B1149215620174N00958334EA0000000986
B1149265620198N00958511EA0000000991
B1149325620101N00958625EA0000000998
B1149415620117N00958494EA0000001015
B1149465620178N00958625EA0000001012
B1149545620096N00958876EA0000001030
B1150025620003N00958773EA0000001044
B1150085620041N00958681EA0000001050
B1150135620102N00958792EA0000001047
B1150195620078N00959014EA0000001057
B1150245619993N00959080EA0000001072
B1150315620007N00958987EA0000001083
B1150365620046N00959132EA0000001080
B1150415619979N00959251EA0000001094
B1150465619928N00959183EA0000001094
B1150515619978N00959145EA0000001103
B1150565620016N00959296EA0000001102
B1151015619946N00959418EA0000001108
B1151065619899N00959344EA0000001105
B1151125619972N00959373EA0000001120
B1151175619966N00959553EA0000001115
B1151225619881N00959598EA0000001119
B1151335619926N00959518EA0000001129
B1151385619947N00959692EA0000001120
B1151465619820N00959795EA0000001123
B1151525619719N00959751EA0000001122
B1151585619619N00959706EA0000001130
B1152055619501N00959641EA0000001107
B1152145619331N00959546EA0000001095
B1152215619197N00959476EA0000001092
B1152325618987N00959364EA0000001081
B1152405618850N00959274EA0000001082
B1152455618761N00959236EA0000001089
B1152505618679N00959206EA0000001109
B1152555618595N00959201EA0000001105
B1153005618496N00959230EA0000001092
B1153105618277N00959342EA0000001065
B1153155618162N00959400EA0000001059
B1153205618051N00959457EA0000001057
B1153265617920N00959523EA0000001049
B1153315617811N00959577EA0000001044
B1153395617637N00959677EA0000001040
B1153465617487N00959776EA0000001036
B1153575617256N00959942EA0000001026
B1154025617153N01000017EA0000001026
B1154095617010N01000117EA0000001021
B1154165616864N01000212EA0000001016
B1154255616681N01000317EA0000001005
B1154345616501N01000408EA0000000989
B1154405616383N01000462EA0000000985
B1154515616166N01000568EA0000000992
B1154565616082N01000622EA0000001007
B1155025615984N01000683EA0000000999
B1155095615863N01000704EA0000000992
B1155155615754N01000711EA0000000983
B1155225615622N01000708EA0000000982
B1155325615441N01000682EA0000000972
B1155375615350N01000673EA0000000963
B1155485615137N01000674EA0000000929
B1155585614934N01000669EA0000000913
B1156035614832N01000668EA0000000911
B1156095614714N01000678EA0000000902
B1156145614611N01000721EA0000000887
B1156215614473N01000887EA0000000870
B1156265614382N01001028EA0000000868
B1156335614262N01001216EA0000000880
B1156395614166N01001369EA0000000880
B1156445614085N01001499EA0000000873
B1156495614006N01001628EA0000000898
B1156555613925N01001759EA0000000901
B1157015613841N01001904EA0000000903
B1157065613777N01002022EA0000000929
B1157115613702N01002021EA0000000927
B1157165613731N01001938EA0000000920
B1157215613782N01002060EA0000000918
B1157265613720N01002190EA0000000940
B1157315613672N01002127EA0000000942
B1157365613727N01002111EA0000000943
B1157415613739N01002284EA0000000955
B1157465613658N01002354EA0000000977
B1157525613638N01002261EA0000000979
B1157575613700N01002316EA0000000977
B1158025613715N01002493EA0000000995
B1158085613629N01002571EA0000001009
B1158135613633N01002492EA0000001018
B1158185613684N01002601EA0000001033
B1158245613604N01002725EA0000001049
B1158295613584N01002639EA0000001054
B1158345613648N01002681EA0000001069
B1158405613616N01002862EA0000001086
B1158455613552N01002815EA0000001088
B1158505613600N01002787EA0000001100
B1158565613596N01002979EA0000001113
B1159015613517N01002967EA0000001122
B1159065613554N01002910EA0000001130
B1159125613579N01003100EA0000001147
B1159175613500N01003166EA0000001155
B1159225613478N01003073EA0000001151
B1159285613548N01003141EA0000001159
B1159335613527N01003305EA0000001174
B1159385613454N01003285EA0000001177
B1159445613507N01003245EA0000001181
B1159495613562N01003369EA0000001193
B1159545613529N01003534EA0000001198
B1200005613451N01003488EA0000001203
B1200055613508N01003486EA0000001205
B1200105613540N01003655EA0000001220
B1200165613455N01003779EA0000001236
B1200215613432N01003689EA0000001236
B1200265613495N01003701EA0000001246
B1200325613537N01003883EA0000001250
B1200375613474N01004028EA0000001255
B1200435613378N01004010EA0000001276
B1200495613284N01003959EA0000001275
B1200565613158N01003906EA0000001256
B1201015613058N01003872EA0000001251
B1201075612939N01003834EA0000001249
B1201155612781N01003778EA0000001242
B1201225612643N01003725EA0000001234
B1201295612510N01003664EA0000001230
B1201345612416N01003632EA0000001224
B1201415612272N01003609EA0000001212
B1201485612135N01003584EA0000001206
B1201585611947N01003549EA0000001189
B1202095611739N01003509EA0000001170
B1202175611589N01003465EA0000001164
B1202225611497N01003428EA0000001157
B1202295611361N01003381EA0000001154
B1202345611268N01003348EA0000001174
B1202405611161N01003327EA0000001185
B1202465611054N01003302EA0000001171
B1202525610938N01003268EA0000001148
B1203005610777N01003230EA0000001151
B1203055610684N01003205EA0000001158
B1203125610560N01003175EA0000001165
B1203185610456N01003148EA0000001177
B1203245610363N01003101EA0000001181
B1203305610277N01003053EA0000001179
B1203365610181N01002994EA0000001151
B1203475609993N01002862EA0000001139
B1203545609875N01002782EA0000001135
B1204025609749N01002680EA0000001140
B1204075609677N01002610EA0000001138
B1204135609595N01002520EA0000001134
B1204195609516N01002430EA0000001126
B1204275609411N01002300EA0000001111
B1204345609312N01002194EA0000001093
B1204405609224N01002104EA0000001081
B1204465609133N01002011EA0000001077
B1204515609059N01001931EA0000001079
B1204565608990N01001856EA0000001090
B1205025608908N01001783EA0000001081
B1205095608800N01001694EA0000001060
B1205175608665N01001595EA0000001059
B1205225608578N01001546EA0000001058
B1205275608493N01001518EA0000001081
B1205325608418N01001508EA0000001084
B1205405608279N01001541EA0000001060
B1205455608184N01001570EA0000001060
B1205535608036N01001600EA0000001049
B1205595607924N01001563EA0000001038
B1206045607839N01001518EA0000001047
B1206105607743N01001473EA0000001055
B1206165607639N01001474EA0000001038
B1206225607532N01001428EA0000001035
B1206275607461N01001374EA0000001049
B1206325607391N01001325EA0000001031
B1206455607181N01001179EA0000001000
B1206505607098N01001115EA0000000986
B1206585606964N01001021EA0000000975
B1207035606880N01000968EA0000000967
B1207095606776N01000908EA0000000956
B1207215606567N01000774EA0000000940
B1207285606448N01000685EA0000000930
B1207385606280N01000572EA0000000926
B1207475606128N01000473EA0000000907
B1207555605986N01000391EA0000000891
B1208015605882N01000329EA0000000887
B1208105605729N01000235EA0000000877
B1208165605628N01000174EA0000000871
B1208215605547N01000127EA0000000871
B1208275605448N01000074EA0000000863
B1208335605352N01000014EA0000000859
B1208425605212N00959922EA0000000839
B1208525605060N00959791EA0000000823
B1208595604957N00959694EA0000000821
B1209055604870N00959611EA0000000810
B1209105604799N00959541EA0000000803
B1209165604720N00959443EA0000000789
B1209225604645N00959337EA0000000769
B1209295604558N00959197EA0000000741
B1209345604496N00959096EA0000000744
B1209405604425N00958981EA0000000753
B1209455604369N00958893EA0000000770
B1209505604313N00958819EA0000000764
B1209565604240N00958717EA0000000751
B1210035604144N00958612EA0000000758
B1210085604074N00958551EA0000000748
B1210155603969N00958464EA0000000737
B1210215603877N00958382EA0000000728
B1210265603801N00958312EA0000000720
B1210325603712N00958230EA0000000713
B1210375603642N00958149EA0000000697
B1210425603577N00958064EA0000000700
B1210485603506N00957952EA0000000679
B1210565603435N00957772EA0000000660
B1211015603400N00957651EA0000000645
B1211085603360N00957476EA0000000645
B1211165603318N00957285EA0000000636
B1211215603289N00957167EA0000000624
B1211265603265N00957041EA0000000618
B1211325603235N00956904EA0000000639
B1211395603212N00956790EA0000000656
B1211455603200N00956684EA0000000644
B1211515603169N00956577EA0000000653
B1211565603158N00956503EA0000000657
B1212025603234N00956532EA0000000647
B1212085603302N00956516EA0000000645
B1212165603291N00956347EA0000000639
B1212235603260N00956202EA0000000651
B1212325603222N00956026EA0000000634
B1212385603208N00955894EA0000000620
B1212435603215N00955775EA0000000603
B1212485603230N00955653EA0000000600
B1212555603240N00955498EA0000000605
B1213025603247N00955346EA0000000597
B1213095603330N00955275EA0000000584
B1213155603421N00955280EA0000000578
B1213205603499N00955281EA0000000570
B1213305603648N00955304EA0000000572
B1213385603761N00955330EA0000000554
B1213445603854N00955348EA0000000544
B1213535603993N00955376EA0000000536
B1213595604085N00955390EA0000000527
B1214065604192N00955414EA0000000520
B1214115604266N00955433EA0000000508
B1214205604409N00955472EA0000000483
B1214275604532N00955505EA0000000467
B1214335604634N00955534EA0000000477
B1214415604752N00955552EA0000000490
B1214465604812N00955556EA0000000496
B1214585604959N00955551EA0000000477
B1215045605037N00955534EA0000000469
B1215125605148N00955519EA0000000458
B1215175605218N00955527EA0000000456
B1215225605290N00955577EA0000000463
B1215295605379N00955660EA0000000472
B1215345605420N00955777EA0000000469
B1215395605409N00955942EA0000000471
B1215445605429N00956090EA0000000453
B1215495605485N00956202EA0000000432
B1215555605554N00956332EA0000000431
B1216015605618N00956465EA0000000421
B1216065605673N00956553EA0000000411
B1216115605727N00956542EA0000000399
B1216165605739N00956451EA0000000388
B1216245605661N00956313EA0000000377
B1216325605548N00956233EA0000000385
B1216395605440N00956213EA0000000382
B1216465605373N00956111EA0000000379
B1216515605348N00956027EA0000000374
B1216565605336N00955934EA0000000372
B1217045605302N00955800EA0000000374
B1217095605279N00955715EA0000000377
B1217155605199N00955708EA0000000369
B1217205605162N00955850EA0000000366
B1217255605205N00955945EA0000000366
B1217325605232N00955855EA0000000373
B1217375605158N00955870EA0000000368
B1217425605140N00956009EA0000000369
B1217475605191N00956090EA0000000369
B1217525605218N00956018EA0000000373
B1217595605127N00956059EA0000000365
B1218045605148N00956198EA0000000368
B1218095605204N00956174EA0000000364
B1218145605156N00956120EA0000000366
B1218195605105N00956235EA0000000361
B1218245605148N00956336EA0000000370
B1218305605162N00956259EA0000000366
B1218355605098N00956276EA0000000372
B1218405605041N00956394EA0000000368
B1218455605066N00956534EA0000000375
B1218525605104N00956458EA0000000378
B1218575605029N00956473EA0000000382
B1219035605004N00956660EA0000000388
B1219105605067N00956679EA0000000389
B1219195604973N00956722EA0000000404
B1219255605019N00956850EA0000000406
B1219315605024N00956765EA0000000403
B1219365604952N00956798EA0000000413
B1219415604915N00956936EA0000000421
B1219465604937N00957063EA0000000422
B1219515604972N00957024EA0000000416
B1220015604867N00957117EA0000000430
B1220065604915N00957198EA0000000437
B1220115604918N00957121EA0000000435
B1220175604834N00957170EA0000000436
B1220225604834N00957314EA0000000446
B1220275604885N00957319EA0000000451
B1220325604845N00957249EA0000000443
B1220385604785N00957384EA0000000445
B1220435604833N00957468EA0000000453
B1220485604853N00957401EA0000000457
B1220535604786N00957390EA0000000458
B1220585604730N00957514EA0000000460
B1221045604754N00957677EA0000000462
B1221095604798N00957646EA0000000471
B1221155604736N00957583EA0000000468
B1221205604681N00957700EA0000000472
B1221255604708N00957836EA0000000480
B1221305604753N00957947EA0000000487
B1221365604688N00958073EA0000000491
B1221415604677N00957989EA0000000476
B1221465604718N00958083EA0000000472
B1221525604640N00958181EA0000000488
B1221575604638N00958093EA0000000496
B1222025604687N00958174EA0000000498
B1222085604615N00958288EA0000000497
B1222135604604N00958207EA0000000505
B1222185604650N00958289EA0000000498
B1222245604610N00958470EA0000000507
B1222305604569N00958402EA0000000513
B1222355604614N00958466EA0000000516
B1222415604552N00958595EA0000000521
B1222465604507N00958535EA0000000527
B1222515604552N00958531EA0000000531
B1222565604535N00958677EA0000000533
B1223015604463N00958703EA0000000540
B1223065604481N00958632EA0000000546
B1223125604502N00958781EA0000000544
B1223175604427N00958811EA0000000554
B1223225604442N00958737EA0000000564
B1223285604475N00958873EA0000000560
B1223335604407N00958973EA0000000570
B1223405604395N00958886EA0000000575
B1223455604418N00959005EA0000000576
B1223505604347N00959038EA0000000579
B1223555604370N00958989EA0000000572
B1224005604382N00959131EA0000000579
B1224055604368N00959277EA0000000591
B1224115604423N00959307EA0000000586
B1224165604411N00959222EA0000000583
B1224215604402N00959135EA0000000586
B1224275604437N00959064EA0000000600
B1224335604492N00959035EA0000000593
B1224395604566N00959041EA0000000574
B1224505604724N00959053EA0000000548
B1224565604807N00959055EA0000000542
B1225065604944N00959048EA0000000529
B1225125605021N00959037EA0000000542
B1225175605081N00959047EA0000000542
B1225225605144N00959096EA0000000537
B1225295605222N00959240EA0000000524
B1225365605291N00959418EA0000000513
B1225425605350N00959581EA0000000503
B1225505605424N00959808EA0000000492
B1225555605474N00959938EA0000000487
B1226025605544N01000092EA0000000507
B1226095605606N01000227EA0000000510
B1226145605639N01000176EA0000000516
B1226195605572N01000161EA0000000511
B1226245605550N01000310EA0000000514
B1226295605608N01000366EA0000000520
B1226345605605N01000291EA0000000528
B1226405605529N01000374EA0000000540
B1226455605557N01000512EA0000000548
B1226505605606N01000485EA0000000560
B1226565605549N01000447EA0000000567
B1227015605519N01000592EA0000000570
B1227065605573N01000672EA0000000581
B1227145605534N01000607EA0000000584
B1227205605501N01000782EA0000000597
B1227255605561N01000832EA0000000599
B1227315605534N01000766EA0000000608
B1227365605483N01000888EA0000000617
B1227415605530N01000998EA0000000626
B1227465605550N01000940EA0000000632
B1227515605478N01000979EA0000000647
B1227565605482N01001137EA0000000651
B1228025605551N01001161EA0000000658
B1228075605522N01001111EA0000000655
B1228125605455N01001220EA0000000659
B1228175605474N01001370EA0000000665
B1228225605509N01001336EA0000000652
B1228275605435N01001364EA0000000666
B1228325605398N01001516EA0000000690
B1228375605345N01001618EA0000000680
B1228425605323N01001549EA0000000677
B1228485605374N01001495EA0000000691
B1228535605425N01001486EA0000000699
B1228595605442N01001670EA0000000683
B1229045605378N01001684EA0000000683
B1229095605409N01001624EA0000000687
B1229145605440N01001774EA0000000683
B1229205605355N01001867EA0000000688
B1229255605309N01001808EA0000000689
B1229305605306N01001711EA0000000713
B1229365605362N01001708EA0000000712
B1229425605326N01001884EA0000000706
B1229475605263N01001859EA0000000723
B1229535605308N01001820EA0000000727
B1229585605308N01001985EA0000000733
B1230035605251N01001991EA0000000740
B1230085605282N01001936EA0000000750
B1230135605323N01002063EA0000000752
B1230185605272N01002194EA0000000749
B1230245605245N01002124EA0000000780
B1230295605304N01002175EA0000000775
B1230345605290N01002351EA0000000770
B1230405605212N01002460EA0000000780
B1230455605202N01002394EA0000000788
B1230525605248N01002538EA0000000792
B1230585605183N01002565EA0000000813
B1231035605206N01002511EA0000000805
B1231095605243N01002656EA0000000803
B1231145605181N01002726EA0000000806
B1231205605202N01002664EA0000000814
B1231255605241N01002779EA0000000804
B1231305605183N01002919EA0000000808
B1231355605124N01002913EA0000000816
B1231425605192N01002940EA0000000823
B1231475605178N01003111EA0000000824
B1231535605115N01003107EA0000000821
B1232005605159N01003029EA0000000826
B1232065605207N01002963EA0000000838
B1232125605254N01002902EA0000000834
B1232185605301N01002829EA0000000834
B1232235605337N01002763EA0000000826
B1232295605378N01002678EA0000000811
B1232355605422N01002586EA0000000803
B1232405605464N01002509EA0000000821
B1232465605501N01002434EA0000000851
B1232515605555N01002468EA0000000843
B1232565605540N01002631EA0000000826
B1233015605464N01002643EA0000000827
B1233085605392N01002561EA0000000850
B1233145605412N01002476EA0000000848
B1233205605461N01002449EA0000000851
B1233255605515N01002442EA0000000836
B1233305605552N01002382EA0000000826
B1233385605611N01002275EA0000000814
B1233485605689N01002153EA0000000810
B1233575605757N01002052EA0000000796
B1234055605811N01001945EA0000000780
B1234105605842N01001872EA0000000768
B1234165605880N01001780EA0000000758
B1234245605930N01001648EA0000000736
B1234295605958N01001560EA0000000724
B1234435606048N01001325EA0000000703
B1234485606082N01001237EA0000000708
B1234545606115N01001156EA0000000727
B1235015606153N01001077EA0000000728
B1235065606180N01001018EA0000000732
B1235125606232N01000992EA0000000753
B1235175606280N01001072EA0000000745
B1235225606240N01001207EA0000000741
B1235285606147N01001187EA0000000756
B1235335606169N01001125EA0000000764
B1235385606196N01001257EA0000000764
B1235445606116N01001295EA0000000777
B1235495606144N01001241EA0000000782
B1235545606160N01001379EA0000000786
B1236005606084N01001384EA0000000801
B1236055606125N01001352EA0000000812
B1236105606129N01001490EA0000000818
B1236165606060N01001472EA0000000832
B1236235606118N01001505EA0000000831
B1236295606055N01001648EA0000000846
B1236345606003N01001599EA0000000845
B1236395606050N01001588EA0000000846
B1236445606050N01001743EA0000000858
B1236495605983N01001754EA0000000861
B1236545606020N01001695EA0000000874
B1236595606032N01001847EA0000000880
B1237045605961N01001873EA0000000889
B1237095605985N01001801EA0000000895
B1237145606011N01001933EA0000000902
B1237205605939N01001962EA0000000918
B1237265605987N01001958EA0000000920
B1237325605935N01002106EA0000000929
B1237375605912N01002034EA0000000937
B1237425605968N01002050EA0000000943
B1237475605954N01002198EA0000000943
B1237525605887N01002178EA0000000953
B1237585605932N01002121EA0000000961
B1238035605940N01002260EA0000000959
B1238085605872N01002328EA0000000974
B1238135605856N01002258EA0000000976
B1238185605918N01002301EA0000000981
B1238245605876N01002454EA0000000987
B1238295605824N01002409EA0000000987
B1238345605864N01002375EA0000000985
B1238405605862N01002550EA0000000988
B1238465605783N01002603EA0000000997
B1238525605781N01002497EA0000001001
B1238585605806N01002393EA0000000993
B1239055605842N01002264EA0000001002
B1239135605885N01002127EA0000001030
B1239185605911N01002051EA0000001038
B1239235605938N01001974EA0000001055
B1239285605959N01001902EA0000001068
B1239355605996N01001793EA0000001071
B1239405606022N01001708EA0000001063
B1239475606063N01001571EA0000001053
B1239545606103N01001424EA0000001042
B1240005606118N01001292EA0000001038
B1240065606121N01001160EA0000001034
B1240115606124N01001052EA0000001021
B1240195606134N01000868EA0000001000
B1240305606147N01000603EA0000000977
B1240375606154N01000445EA0000000975
B1240435606164N01000321EA0000000973
B1240485606170N01000215EA0000000967
B1240555606175N01000066EA0000000962
B1241015606178N00959942EA0000000957
B1241075606176N00959820EA0000000949
B1241135606174N00959701EA0000000941
B1241235606174N00959515EA0000000945
B1241315606171N00959377EA0000000938
B1241395606165N00959247EA0000000948
B1241445606163N00959177EA0000000955
B1241495606194N00959128EA0000000964
B1241545606244N00959178EA0000000961
B1241595606228N00959328EA0000000962
B1242045606158N00959350EA0000000962
B1242115606131N00959250EA0000000967
B1242165606113N00959176EA0000000974
B1242215606077N00959114EA0000000986
B1242265606033N00959074EA0000000987
B1242375605883N00959029EA0000000963
B1242445605772N00958981EA0000000954
B1242535605622N00958913EA0000000952
B1242595605523N00958866EA0000000937
B1243055605430N00958803EA0000000934
B1243125605338N00958695EA0000000921
B1243205605256N00958538EA0000000909
B1243265605192N00958425EA0000000899
B1243365605083N00958241EA0000000877
B1243415605024N00958145EA0000000870
B1243475604952N00958035EA0000000868
B1243565604851N00957872EA0000000860
B1244065604748N00957686EA0000000854
B1244115604700N00957593EA0000000855
B1244225604595N00957397EA0000000854
B1244325604490N00957228EA0000000840
B1244405604388N00957090EA0000000835
B1244485604255N00957014EA0000000832
B1244545604145N00956989EA0000000845
B1245015604027N00956973EA0000000863
B1245075603930N00956980EA0000000870
B1245155603792N00957004EA0000000847
B1245205603699N00957020EA0000000839
B1245255603603N00957028EA0000000830
B1245315603485N00957031EA0000000820
B1245365603386N00957031EA0000000814
B1245435603247N00957021EA0000000802
B1245525603075N00956988EA0000000795
B1245585602964N00956974EA0000000791
B1246065602822N00956956EA0000000798
B1246145602685N00956928EA0000000786
B1246205602581N00956891EA0000000779
B1246265602482N00956835EA0000000768
B1246335602377N00956734EA0000000777
B1246385602307N00956677EA0000000797
B1246455602212N00956622EA0000000793
B1246515602124N00956582EA0000000783
B1246565602046N00956547EA0000000789
B1247025601954N00956524EA0000000800
B1247075601880N00956514EA0000000795
B1247125601804N00956488EA0000000793
B1247185601714N00956455EA0000000801
B1247295601556N00956360EA0000000776
B1247355601472N00956273EA0000000762
B1247415601385N00956177EA0000000748
B1247475601301N00956070EA0000000734
B1247525601239N00955988EA0000000738
B1247575601184N00955903EA0000000729
B1248045601128N00955758EA0000000724
B1248105601061N00955647EA0000000719
B1248165600975N00955587EA0000000740
B1248215600903N00955560EA0000000742
B1248285600813N00955495EA0000000760
B1248335600786N00955427EA0000000763
B1248385600838N00955453EA0000000758
B1248435600829N00955617EA0000000760
B1248495600737N00955645EA0000000775
B1248545600727N00955577EA0000000771
B1248595600774N00955671EA0000000766
B1249045600776N00955842EA0000000772
B1249105600692N00955926EA0000000773
B1249155600659N00955845EA0000000781
B1249205600709N00955884EA0000000777
B1249255600665N00956035EA0000000777
B1249315600596N00955972EA0000000784
B1249365600551N00955890EA0000000780
B1249445600470N00955741EA0000000755
B1249525600398N00955570EA0000000743
B1249595600342N00955411EA0000000728
B1250095600244N00955190EA0000000711
B1250165600175N00955044EA0000000706
B1250245600109N00954883EA0000000696
B1250295600075N00954778EA0000000684
B1250355600039N00954670EA0000000708
B1250415559991N00954605EA0000000713
B1250475559907N00954716EA0000000714
B1251135559875N00955107EA0000000738
B1251195559867N00955038EA0000000750
B1251245559790N00955114EA0000000756
B1251305559806N00955279EA0000000764
B1251375559825N00955226EA0000000777
B1251425559751N00955256EA0000000781
B1251475559738N00955411EA0000000789
B1251525559784N00955431EA0000000791
B1251575559746N00955376EA0000000796
B1252035559674N00955511EA0000000804
B1252085559714N00955609EA0000000804
B1252145559708N00955541EA0000000812
B1252205559629N00955640EA0000000814
B1252255559662N00955766EA0000000823
B1252325559666N00955706EA0000000824
B1252375559592N00955781EA0000000828
B1252435559629N00955925EA0000000831
B1252485559684N00955944EA0000000838
B1252535559730N00955942EA0000000842
B1252595559764N00955891EA0000000839
B1253045559779N00955825EA0000000831
B1253095559758N00955748EA0000000823
B1253215559698N00955540EA0000000809
B1253265559680N00955454EA0000000816
B1253315559664N00955388EA0000000824
B1253365559679N00955330EA0000000823
B1253425559683N00955242EA0000000810
B1253475559662N00955152EA0000000806
B1253525559642N00955065EA0000000804
B1253575559621N00954975EA0000000794
B1254025559602N00954882EA0000000792
B1254105559564N00954733EA0000000779
B1254215559503N00954532EA0000000788
B1254265559476N00954469EA0000000805
B1254335559455N00954386EA0000000809
B1254385559399N00954371EA0000000805
B1254445559354N00954556EA0000000819
B1254495559409N00954626EA0000000828
B1254575559349N00954599EA0000000835
B1255025559340N00954764EA0000000851
B1255075559397N00954792EA0000000860
B1255135559355N00954736EA0000000864
B1255195559294N00954884EA0000000878
B1255245559350N00954961EA0000000889
B1255295559338N00954908EA0000000888
B1255365559271N00955083EA0000000908
B1255415559327N00955155EA0000000917
B1255465559318N00955094EA0000000922
B1255525559241N00955212EA0000000937
B1255575559282N00955338EA0000000950
B1256055559274N00955278EA0000000953
B1256105559225N00955416EA0000000965
B1256185559299N00955495EA0000000968
B1256255559223N00955472EA0000000983
B1256325559239N00955672EA0000001001
B1256385559254N00955628EA0000001003
B1256435559188N00955717EA0000001016
B1256495559228N00955865EA0000001023
B1256585559203N00955808EA0000001035
B1257045559153N00955956EA0000001039
B1257095559207N00956043EA0000001041
B1257155559204N00955980EA0000001044
B1257205559138N00956079EA0000001051
B1257255559164N00956224EA0000001058
B1257305559221N00956241EA0000001061
B1257365559206N00956177EA0000001059
B1257415559143N00956270EA0000001064
B1257475559186N00956420EA0000001067
B1257525559218N00956387EA0000001062
B1257595559131N00956402EA0000001063
B1258055559055N00956535EA0000001074
B1258135558984N00956756EA0000001087
B1258195559028N00956892EA0000001097
B1258245559053N00956844EA0000001099
B1258315558968N00956885EA0000001104
B1258375558944N00957075EA0000001106
B1258425559001N00957125EA0000001129
B1258475558989N00957065EA0000001134
B1258535558915N00957178EA0000001140
B1258585558952N00957310EA0000001151
B1259035559000N00957286EA0000001164
B1259085558971N00957227EA0000001168
B1259145558890N00957298EA0000001177
B1259195558869N00957462EA0000001181
B1259245558920N00957564EA0000001194
B1259295558960N00957521EA0000001207
B1259345558922N00957469EA0000001214
B1259395558860N00957565EA0000001219
B1259455558895N00957730EA0000001230
B1259505558935N00957701EA0000001234
B1259565558879N00957662EA0000001243
B1300025558815N00957818EA0000001250
B1300075558847N00957963EA0000001252
B1300125558901N00957964EA0000001260
B1300185558910N00957870EA0000001261
B1300235558901N00957781EA0000001266
B1300325558880N00957618EA0000001286
B1300405558858N00957494EA0000001291
B1300485558849N00957358EA0000001280
B1300555558851N00957219EA0000001269
B1301025558844N00957084EA0000001271
B1301085558838N00956963EA0000001278
B1301175558845N00956788EA0000001264
B1301235558856N00956664EA0000001258
B1301285558865N00956559EA0000001251
B1301335558880N00956456EA0000001244
B1301405558911N00956316EA0000001239
B1301455558940N00956226EA0000001231
B1301535558996N00956089EA0000001231
B1302035559065N00955916EA0000001217
B1302095559112N00955816EA0000001212
B1302145559148N00955730EA0000001209
B1302225559204N00955591EA0000001205
B1302355559288N00955354EA0000001195
B1302445559347N00955188EA0000001191
B1302575559448N00954972EA0000001179
B1303035559498N00954878EA0000001176
B1303155559592N00954684EA0000001163
B1303255559671N00954526EA0000001159
B1303315559715N00954438EA0000001157
B1303405559775N00954302EA0000001146
B1303485559828N00954176EA0000001139
B1303565559898N00954072EA0000001133
B1304015559947N00954010EA0000001130
B1304085600015N00953920EA0000001128
B1304165600097N00953828EA0000001125
B1304245600173N00953729EA0000001121
B1304325600245N00953633EA0000001117
B1304375600293N00953571EA0000001109
B1304435600343N00953491EA0000001102
B1304505600386N00953372EA0000001090
B1304555600414N00953279EA0000001081
B1305045600463N00953101EA0000001070
B1305155600514N00952891EA0000001068
B1305215600560N00952799EA0000001064
B1305265600602N00952722EA0000001061
B1305365600681N00952562EA0000001060
B1305435600718N00952432EA0000001050
B1305505600750N00952288EA0000001045
B1305555600777N00952192EA0000001043
B1306015600823N00952088EA0000001038
B1306085600880N00951972EA0000001039
B1306145600920N00951870EA0000001038
B1306195600951N00951781EA0000001033
B1306275601005N00951643EA0000001028
B1306345601059N00951530EA0000001023
B1306405601107N00951435EA0000001022
B1306465601152N00951345EA0000001020
B1306565601230N00951190EA0000001010
B1307025601283N00951105EA0000001009
B1307085601336N00951020EA0000001005
B1307225601461N00950822EA0000001004
B1307305601532N00950709EA0000001000
B1307355601579N00950639EA0000000993
B1307445601666N00950514EA0000000985
B1307505601726N00950438EA0000000981
B1309065602355N00949259EA0000000921
B1309125602413N00949162EA0000000919
B1309175602460N00949085EA0000000915
B1309335602589N00948833EA0000000899
B1309405602646N00948721EA0000000895
B1309455602683N00948637EA0000000891
B1310395602949N00947562EA0000000849
B1310495602993N00947331EA0000000860
B1311115603052N00946909EA0000000903
B1311325603044N00947002EA0000000920
B1311405603078N00947159EA0000000937
B1311485602989N00947131EA0000000937
B1311545603029N00947074EA0000000947
B1312005603017N00947229EA0000000959
B1312055602974N00947177EA0000000959
B1312115603024N00947235EA0000000964
B1312165602965N00947309EA0000000966
B1312215602958N00947225EA0000000981
B1312265602996N00947319EA0000000985
B1312325602920N00947385EA0000001002
B1312375602933N00947319EA0000001002
B1312425602955N00947442EA0000001009
B1312485602888N00947444EA0000001015
B1312535602940N00947427EA0000001027
B1312585602952N00947550EA0000001028
B1313045602892N00947536EA0000001030
B1313095602936N00947563EA0000001037
B1313145602898N00947675EA0000001037
B1313205602859N00947587EA0000001055
B1313275602873N00947463EA0000001057
B1313345602883N00947324EA0000001052
B1313405602892N00947196EA0000001051
B1313465602900N00947077EA0000001064
B1313545602911N00946936EA0000001072
B1314035602923N00946769EA0000001077
B1314085602930N00946676EA0000001085
B1314155602943N00946549EA0000001090
B1314225602951N00946417EA0000001104
B1314275602953N00946334EA0000001101
B1314355602966N00946184EA0000001084
B1314405602976N00946075EA0000001083
B1314475602989N00945937EA0000001109
B1314525603013N00945868EA0000001113
B1314595603072N00945983EA0000001114
B1315055603000N00946074EA0000001114
B1315135602946N00945944EA0000001109
B1315205602939N00945801EA0000001125
B1315285602938N00945649EA0000001131
B1315345602954N00945543EA0000001115
B1315395602968N00945443EA0000001102
B1315475602986N00945273EA0000001084
B1315555602985N00945099EA0000001078
B1316015602982N00944965EA0000001069
B1316115602968N00944744EA0000001066
B1316195602963N00944569EA0000001074
B1316295602946N00944382EA0000001067
B1316345602922N00944279EA0000001053
B1316395602889N00944169EA0000001039
B1316455602850N00944030EA0000001030
B1316515602818N00943891EA0000001038
B1316565602796N00943782EA0000001046
B1317015602775N00943680EA0000001046
B1317085602740N00943541EA0000001034
B1317145602702N00943420EA0000001026
B1317225602649N00943257EA0000001035
B1317285602615N00943146EA0000001048
B1317335602594N00943055EA0000001055
B1317395602550N00942974EA0000001068
B1317455602479N00943078EA0000001078
B1317505602507N00943216EA0000001081
B1317595602527N00943133EA0000001105
B1318055602458N00943217EA0000001117
B1318185602536N00943318EA0000001139
B1318235602480N00943297EA0000001145
B1318295602458N00943462EA0000001156
B1318345602519N00943498EA0000001168
B1318415602490N00943405EA0000001181
B1318475602413N00943516EA0000001193
B1318525602423N00943667EA0000001204
B1318575602478N00943699EA0000001212
B1319025602466N00943624EA0000001222
B1319075602393N00943624EA0000001230
B1319135602321N00943752EA0000001249
B1319195602331N00943941EA0000001266
B1319245602394N00944008EA0000001279
B1319295602451N00943970EA0000001282
B1319345602480N00943859EA0000001278
B1319395602482N00943720EA0000001280
B1319445602469N00943586EA0000001279
B1319525602435N00943377EA0000001263
B1319585602393N00943236EA0000001269
B1320035602349N00943124EA0000001282
B1320095602304N00942999EA0000001300
B1320185602258N00942790EA0000001274
B1320235602238N00942667EA0000001271
B1320285602220N00942556EA0000001273
B1320345602199N00942429EA0000001266
B1320395602184N00942318EA0000001265
B1320465602158N00942171EA0000001268
B1320535602136N00942024EA0000001255
B1321005602115N00941876EA0000001255
B1321105602089N00941676EA0000001253
B1321165602068N00941558EA0000001251
B1321235602037N00941426EA0000001250
B1321295602013N00941316EA0000001252
B1321365601985N00941200EA0000001254
B1321415601966N00941117EA0000001248
B1321465601945N00941029EA0000001241
B1321525601913N00940915EA0000001230
B1321585601878N00940798EA0000001227
B1322035601854N00940696EA0000001224
B1322135601807N00940499EA0000001220
B1322245601753N00940291EA0000001216
B1322315601718N00940168EA0000001213
B1322365601693N00940084EA0000001209
B1322475601648N00939900EA0000001197
B1322575601614N00939724EA0000001186
B1323085601584N00939516EA0000001175
B1323155601565N00939388EA0000001171
B1323205601554N00939302EA0000001167
B1323315601540N00939116EA0000001158
B1323375601535N00939014EA0000001150
B1323515601520N00938774EA0000001137
B1324035601504N00938561EA0000001119
B1324105601491N00938434EA0000001111
B1324165601474N00938323EA0000001103
B1324225601462N00938213EA0000001095
B1324285601451N00938102EA0000001090
B1324365601444N00937957EA0000001079
B1324465601438N00937769EA0000001064
B1324555601419N00937600EA0000001053
B1325065601394N00937402EA0000001042
B1325135601382N00937277EA0000001038
B1325215601368N00937137EA0000001030
B1325285601352N00937007EA0000001024
B1325335601338N00936915EA0000001022
B1325405601321N00936788EA0000001021
B1325465601304N00936679EA0000001013
B1325525601273N00936567EA0000001009
B1325585601221N00936465EA0000001000
B1326045601162N00936362EA0000000995
B1326105601101N00936265EA0000000991
B1326165601043N00936171EA0000000987
B1326245600967N00936045EA0000000979
B1326325600900N00935912EA0000000969
B1326415600826N00935763EA0000000958
B1326495600769N00935628EA0000000953
B1326545600739N00935542EA0000000948
B1327025600703N00935392EA0000000934
B1327095600681N00935260EA0000000929
B1327165600662N00935125EA0000000929
B1327215600645N00935031EA0000000927
B1327295600616N00934877EA0000000916
B1327355600586N00934763EA0000000905
B1327405600550N00934673EA0000000901
B1327465600495N00934566EA0000000896
B1327535600425N00934450EA0000000895
B1327585600376N00934371EA0000000888
B1328045600315N00934275EA0000000881
B1328095600261N00934199EA0000000877
B1328215600133N00934011EA0000000868
B1328345600000N00933806EA0000000854
B1328425559920N00933683EA0000000845
B1328475559869N00933607EA0000000836
B1328535559811N00933509EA0000000830
B1329035559723N00933345EA0000000819
B1329105559661N00933234EA0000000811
B1329165559614N00933137EA0000000807
B1329225559569N00933039EA0000000802
B1329285559520N00932944EA0000000794
B1329335559469N00932874EA0000000790
B1329395559407N00932790EA0000000787
B1329445559356N00932718EA0000000782
B1329495559302N00932646EA0000000783
B1329545559248N00932576EA0000000782
B1330045559141N00932434EA0000000781
B1330095559090N00932359EA0000000780
B1330165559026N00932250EA0000000780
B1330215558984N00932174EA0000000778
B1330265558939N00932098EA0000000774
B1330315558888N00932022EA0000000766
B1330365558833N00931944EA0000000764
B1330415558777N00931872EA0000000762
B1330465558724N00931795EA0000000759
B1330525558662N00931698EA0000000750
B1330585558595N00931602EA0000000742
B1331045558522N00931507EA0000000737
B1331105558451N00931410EA0000000734
B1331185558354N00931282EA0000000727
B1331245558282N00931187EA0000000719
B1331325558189N00931044EA0000000697
B1331405558092N00930898EA0000000698
B1331455558033N00930816EA0000000700
B1331515557967N00930715EA0000000691
B1331575557909N00930600EA0000000678
B1332045557859N00930448EA0000000674
B1332125557824N00930290EA0000000683
B1332185557797N00930179EA0000000687
B1332235557777N00930090EA0000000679
B1332285557777N00929986EA0000000666
B1332345557793N00929862EA0000000672
B1332415557770N00929730EA0000000671
B1332465557732N00929643EA0000000659
B1332525557669N00929547EA0000000647
B1333005557595N00929399EA0000000648
B1333055557564N00929320EA0000000671
B1333105557511N00929278EA0000000665
B1333165557451N00929423EA0000000661
B1333215557499N00929521EA0000000666
B1333265557521N00929460EA0000000670
B1333325557440N00929488EA0000000671
B1333375557423N00929649EA0000000676
B1333425557441N00929781EA0000000678
B1333485557486N00929740EA0000000678
B1333545557486N00929627EA0000000685
B1333595557505N00929560EA0000000696
B1334045557544N00929514EA0000000695
B1334095557584N00929464EA0000000702
B1334155557624N00929399EA0000000702
B1334205557658N00929347EA0000000715
B1334275557695N00929278EA0000000714
B1334335557736N00929223EA0000000716
B1334385557769N00929166EA0000000709
B1334455557814N00929061EA0000000703
B1334505557847N00928981EA0000000705
B1334555557881N00928905EA0000000711
B1335005557915N00928831EA0000000724
B1335065557966N00928795EA0000000730
B1335115557988N00928943EA0000000730
B1335165557922N00929010EA0000000716
B1335215557903N00928919EA0000000714
B1335265557878N00928845EA0000000725
B1335315557825N00928956EA0000000715
B1335365557868N00929064EA0000000719
B1335415557888N00928994EA0000000726
B1335465557817N00929018EA0000000736
B1335515557815N00929176EA0000000735
B1335565557873N00929171EA0000000737
B1336055557784N00929198EA0000000740
B1336105557818N00929320EA0000000749
B1336165557845N00929248EA0000000754
B1336215557776N00929272EA0000000756
B1336265557783N00929417EA0000000764
B1336325557840N00929396EA0000000770
B1336375557820N00929323EA0000000778
B1336425557764N00929437EA0000000772
B1336495557831N00929534EA0000000786
B1336545557805N00929470EA0000000789
B1337015557772N00929651EA0000000787
B1337075557810N00929607EA0000000801
B1337125557741N00929624EA0000000808
B1337175557741N00929782EA0000000808
B1337225557798N00929786EA0000000818
B1337275557776N00929702EA0000000829
B1337335557695N00929789EA0000000824
B1337385557723N00929923EA0000000818
B1337435557784N00929930EA0000000828
B1337485557834N00929901EA0000000837
B1337535557800N00929843EA0000000848
B1337585557749N00929963EA0000000843
B1338045557805N00930053EA0000000856
B1338105557779N00929973EA0000000870
B1338155557731N00930108EA0000000868
B1338205557783N00930186EA0000000879
B1338255557785N00930106EA0000000886
B1338305557714N00930150EA0000000903
B1338355557726N00930305EA0000000907
B1338405557778N00930306EA0000000908
B1338455557746N00930237EA0000000917
B1338505557688N00930341EA0000000927
B1338555557728N00930455EA0000000934
B1339085557668N00930498EA0000000939
B1339135557710N00930610EA0000000954
B1339185557751N00930565EA0000000961
B1339245557694N00930528EA0000000970
B1339315557676N00930724EA0000000975
B1339365557728N00930722EA0000000974
B1339415557687N00930670EA0000000976
B1339475557647N00930832EA0000000981
B1339525557672N00930975EA0000000998
B1339585557610N00931068EA0000001006
B1340045557626N00930971EA0000001004
B1340115557674N00930884EA0000001022
B1340195557718N00930780EA0000001023
B1340245557748N00930705EA0000001029
B1340305557779N00930629EA0000001041
B1340375557817N00930538EA0000001026
B1340435557855N00930449EA0000001030
B1340495557890N00930360EA0000001028
B1340555557927N00930268EA0000001024
B1341005557964N00930188EA0000001018
B1341065558002N00930089EA0000001039
B1341115558032N00930027EA0000001036
B1341165558066N00929956EA0000001022
B1341225558108N00929852EA0000001018
B1341275558143N00929768EA0000001029
B1341335558184N00929685EA0000001040
B1341405558228N00929598EA0000001042
B1341475558273N00929502EA0000001036
B1341525558306N00929428EA0000001029
B1341575558341N00929349EA0000001022
B1342025558376N00929270EA0000001020
B1342105558424N00929133EA0000001005
B1342175558469N00929004EA0000001007
B1342225558497N00928922EA0000001014
B1342295558544N00928824EA0000001012
B1342345558581N00928748EA0000001009
B1342395558617N00928674EA0000001012
B1342455558660N00928589EA0000001010
B1342515558704N00928498EA0000001004
B1342565558740N00928421EA0000001000
B1343015558778N00928348EA0000000996
B1343065558816N00928271EA0000000984
B1343115558853N00928190EA0000000981
B1343165558888N00928110EA0000000984
B1343215558921N00928033EA0000000987
B1343305558981N00927889EA0000000981
B1343365559026N00927801EA0000000993
B1343455559088N00927670EA0000000973
B1343525559146N00927551EA0000000966
B1343595559206N00927424EA0000000959
B1344055559260N00927324EA0000000948
B1344105559305N00927239EA0000000948
B1344155559349N00927160EA0000000970
B1344205559382N00927104EA0000000984
B1344275559435N00927031EA0000000979
B1344335559488N00926952EA0000000965
B1344385559537N00926873EA0000000960
B1344435559586N00926791EA0000000959
B1344495559643N00926690EA0000000956
B1344565559710N00926576EA0000000953
B1345015559761N00926492EA0000000949
B1345085559831N00926372EA0000000942
B1345135559879N00926286EA0000000944
B1345185559927N00926203EA0000000947
B1345235559975N00926129EA0000000959
B1345295600031N00926039EA0000000951
B1345345600078N00925959EA0000000947
B1345395600127N00925874EA0000000948
B1345445600169N00925796EA0000000954
B1345495600210N00925719EA0000000961
B1345545600244N00925657EA0000000970
B1345595600282N00925597EA0000000968
B1346065600352N00925552EA0000000972
B1346145600406N00925446EA0000000963
B1346215600456N00925330EA0000000950
B1346285600511N00925203EA0000000944
B1346365600571N00925059EA0000000941
B1346425600611N00924946EA0000000933
B1346485600651N00924828EA0000000925
B1346545600697N00924717EA0000000932
B1346595600732N00924644EA0000000944
B1347045600762N00924577EA0000000948
B1347095600788N00924507EA0000000950
B1347145600820N00924434EA0000000941
B1347205600864N00924339EA0000000936
B1347255600902N00924253EA0000000930
B1347315600948N00924151EA0000000926
B1347425601029N00923963EA0000000929
B1347485601062N00923866EA0000000931
B1347535601093N00923784EA0000000920
B1347585601129N00923694EA0000000908
B1348035601165N00923599EA0000000905
B1348105601220N00923468EA0000000890
B1348175601282N00923338EA0000000868
B1348265601366N00923170EA0000000860
B1348325601418N00923057EA0000000863
B1348385601463N00922954EA0000000864
B1348455601517N00922837EA0000000859
B1348505601546N00922750EA0000000879
B1348575601613N00922699EA0000000886
B1349025601662N00922677EA0000000893
B1349075601716N00922684EA0000000896
B1349125601731N00922816EA0000000893
B1349175601660N00922871EA0000000892
B1349235601614N00922762EA0000000901
B1349285601656N00922723EA0000000900
B1349345601657N00922879EA0000000896
B1349395601587N00922879EA0000000899
B1349455601518N00922810EA0000000912
B1349505601488N00922727EA0000000900
B1349565601514N00922611EA0000000886
B1350015601541N00922509EA0000000877
B1350085601582N00922373EA0000000874
B1350145601620N00922256EA0000000870
B1350195601649N00922165EA0000000882
B1350245601674N00922085EA0000000879
B1350315601712N00921967EA0000000867
B1350375601744N00921855EA0000000866
B1350435601773N00921754EA0000000873
B1350505601814N00921645EA0000000866
B1350575601862N00921530EA0000000858
B1351055601915N00921396EA0000000857
B1351105601950N00921315EA0000000852
B1351175602002N00921199EA0000000845
B1351225602038N00921111EA0000000837
B1351295602088N00920982EA0000000828
B1351365602135N00920850EA0000000823
B1351415602154N00920745EA0000000818
B1351515602157N00920517EA0000000798
B1352075602154N00920121EA0000000754
B1352125602148N00919993EA0000000747
B1352195602137N00919825EA0000000747
B1352245602131N00919711EA0000000743
B1352305602121N00919571EA0000000737
B1352375602109N00919413EA0000000737
B1352445602117N00919292EA0000000741
B1352495602140N00919229EA0000000746
B1352565602181N00919178EA0000000735
B1353015602231N00919278EA0000000728
B1353065602251N00919443EA0000000736
B1353115602277N00919591EA0000000741
B1353175602333N00919603EA0000000744
B1353225602288N00919550EA0000000741
B1353275602237N00919677EA0000000749
B1353325602283N00919797EA0000000748
B1353385602327N00919756EA0000000759
B1353435602259N00919749EA0000000763
B1353485602250N00919901EA0000000768
B1353545602316N00919919EA0000000775
B1354015602246N00919888EA0000000790
B1354075602256N00920043EA0000000790
B1354125602273N00919983EA0000000801
B1354175602202N00920019EA0000000803
B1354225602205N00920164EA0000000807
B1354285602266N00920198EA0000000817
B1354355602190N00920169EA0000000838
B1354405602180N00920312EA0000000840
B1354465602224N00920291EA0000000850
B1354515602154N00920293EA0000000862
B1354565602141N00920436EA0000000865
B1355035602184N00920412EA0000000872
B1355085602115N00920412EA0000000882
B1355135602098N00920557EA0000000881
B1355185602154N00920588EA0000000891
B1355235602181N00920518EA0000000907
B1355285602134N00920454EA0000000919
B1355335602074N00920552EA0000000918
B1355385602117N00920656EA0000000918
B1355435602141N00920586EA0000000935
B1355495602079N00920541EA0000000940
B1355545602057N00920683EA0000000944
B1356015602130N00920757EA0000000952
B1356065602112N00920678EA0000000945
B1356115602043N00920752EA0000000948
B1356185602096N00920877EA0000000964
B1356235602111N00920804EA0000000965
B1356285602104N00920694EA0000000963
B1356335602092N00920574EA0000000975
B1356385602079N00920468EA0000000988
B1356435602059N00920364EA0000000983
B1356495602027N00920241EA0000000998
B1356545601992N00920157EA0000000997
B1356595601958N00920068EA0000000982
B1357045601928N00919962EA0000000965
B1357115601888N00919801EA0000000971
B1357165601853N00919695EA0000000975
B1357215601841N00919594EA0000000976
B1357265601887N00919577EA0000000963
B1357315601909N00919720EA0000000959
B1357375601847N00919900EA0000000965
B1357425601772N00919999EA0000000967
B1357485601690N00919967EA0000000946
B1357535601665N00919863EA0000000927
B1357595601654N00919725EA0000000915
B1358055601627N00919592EA0000000906
B1358125601568N00919446EA0000000897
B1358225601482N00919248EA0000000895
B1358285601433N00919131EA0000000897
B1358345601392N00919037EA0000000918
B1358405601355N00918957EA0000000911
B1358475601346N00918841EA0000000905
B1358535601347N00918736EA0000000912
B1358595601346N00918644EA0000000910
B1359045601350N00918569EA0000000908
B1359095601365N00918500EA0000000886
B1359155601359N00918366EA0000000862
B1359225601340N00918198EA0000000844
B1359285601306N00918059EA0000000839
B1359345601258N00917928EA0000000822
B1359395601204N00917824EA0000000809
B1359455601135N00917702EA0000000801
B1359535601071N00917520EA0000000782
B1359585601036N00917400EA0000000774
B1400055600991N00917243EA0000000763
B1400105600961N00917134EA0000000751
B1400155600928N00917021EA0000000738
B1400205600893N00916904EA0000000724
B1400255600851N00916789EA0000000714
B1400305600804N00916678EA0000000702
B1400355600745N00916575EA0000000696
B1400405600680N00916485EA0000000689
B1400465600600N00916388EA0000000683
B1400535600513N00916276EA0000000665
B1400585600456N00916192EA0000000674
B1401035600408N00916128EA0000000691
B1401095600352N00916060EA0000000681
B1401145600301N00915989EA0000000666
B1401195600248N00915905EA0000000655
B1401265600191N00915763EA0000000642
B1401315600164N00915658EA0000000642
B1401365600146N00915562EA0000000642
B1401415600133N00915461EA0000000628
B1401465600120N00915351EA0000000626
B1401515600104N00915244EA0000000620
B1401565600090N00915132EA0000000613
B1402015600079N00915014EA0000000611
B1402065600069N00914898EA0000000633
B1402135600047N00914784EA0000000647
B1402185600016N00914704EA0000000644
B1402235559966N00914641EA0000000655
B1402285559976N00914571EA0000000657
B1402335600021N00914659EA0000000657
B1402385559971N00914789EA0000000656
B1402435559911N00914752EA0000000667
B1402485559942N00914704EA0000000670
B1402535559962N00914834EA0000000675
B1402585559890N00914895EA0000000682
B1403045559861N00914814EA0000000687
B1403095559908N00914887EA0000000686
B1403145559856N00914992EA0000000694
B1403205559830N00914897EA0000000705
B1403255559882N00914931EA0000000710
B1403305559856N00915067EA0000000712
B1403355559797N00915033EA0000000717
B1403415559805N00914924EA0000000728
B1403475559831N00914817EA0000000733
B1403535559869N00914710EA0000000730
B1403595559910N00914596EA0000000740
B1404045559931N00914512EA0000000760
B1404095559972N00914469EA0000000760
B1404145600005N00914600EA0000000765
B1404195559937N00914671EA0000000774
B1404245559924N00914595EA0000000781
B1404295559981N00914645EA0000000775
B1404345559947N00914777EA0000000776
B1404395559899N00914724EA0000000787
B1404445559949N00914706EA0000000791
B1404505559933N00914869EA0000000814
B1404555559880N00914830EA0000000816
B1405005559924N00914801EA0000000820
B1405055559920N00914952EA0000000829
B1405125559871N00914883EA0000000835
B1405175559928N00914944EA0000000839
B1405225559887N00915074EA0000000850
B1405275559857N00915007EA0000000848
B1405325559917N00915033EA0000000849
B1405375559923N00915183EA0000000862
B1405425559858N00915190EA0000000882
B1405485559899N00915172EA0000000873
B1405535559885N00915318EA0000000891
B1405585559830N00915295EA0000000899
B1406035559864N00915252EA0000000893
B1406085559912N00915361EA0000000907
B1406135559867N00915480EA0000000909
B1406185559833N00915414EA0000000920
B1406235559887N00915448EA0000000917
B1406285559868N00915596EA0000000924
B1406335559795N00915607EA0000000939
B1406385559737N00915693EA0000000935
B1406435559784N00915785EA0000000942
B1406485559773N00915709EA0000000944
B1406535559714N00915817EA0000000946
B1406585559767N00915883EA0000000958
B1407035559749N00915808EA0000000964
B1407085559689N00915915EA0000000949
B1407145559753N00916012EA0000000973
B1407195559749N00915932EA0000000979
B1407245559679N00916011EA0000000969
B1407295559724N00916125EA0000000983
B1407345559778N00916088EA0000001005
B1407405559771N00915970EA0000001003
B1407455559761N00915866EA0000001001
B1407505559758N00915758EA0000001003
B1407575559767N00915604EA0000001016
B1408025559782N00915504EA0000001035
B1408075559798N00915413EA0000001031
B1408125559812N00915314EA0000001020
B1408175559820N00915199EA0000001014
B1408225559823N00915083EA0000001009
B1408305559826N00914897EA0000000993
B1408365559829N00914746EA0000000982
B1408455559835N00914528EA0000000972
B1408525559839N00914365EA0000000973
B1408585559845N00914238EA0000000970
B1409035559846N00914127EA0000000960
B1409105559850N00913961EA0000000946
B1409165559853N00913824EA0000000944
B1409215559854N00913711EA0000000940
B1409275559856N00913575EA0000000932
B1409385559858N00913314EA0000000921
B1409515559848N00912999EA0000000908
B1409595559842N00912802EA0000000900
B1410065559839N00912632EA0000000891
B1410155559835N00912410EA0000000880
B1410225559827N00912243EA0000000868
B1410355559825N00911935EA0000000847
B1410485559826N00911632EA0000000836
B1410595559825N00911372EA0000000816
B1411055559822N00911224EA0000000809
B1411115559820N00911076EA0000000802
B1411235559825N00910772EA0000000785
B1411355559839N00910474EA0000000774
B1411405559849N00910349EA0000000770
B1411465559860N00910199EA0000000759
B1411515559868N00910068EA0000000753
B1411595559884N00909856EA0000000742
B1412055559896N00909693EA0000000743
B1412105559908N00909563EA0000000735
B1412165559923N00909409EA0000000720
B1412235559933N00909238EA0000000714
B1412285559941N00909121EA0000000714
B1412365559967N00908942EA0000000710
B1412475600024N00908709EA0000000705
B1412545600058N00908554EA0000000690
B1413015600097N00908386EA0000000674
B1413095600142N00908186EA0000000670
B1413145600171N00908058EA0000000647
B1413195600200N00907921EA0000000633
B1413245600230N00907781EA0000000622
B1413295600262N00907641EA0000000617
B1413365600304N00907443EA0000000596
B1413455600356N00907183EA0000000582
B1413515600387N00907019EA0000000568
B1413565600409N00906877EA0000000554
B1414045600441N00906637EA0000000525
B1414105600457N00906446EA0000000502
B1414175600474N00906219EA0000000485
B1414235600488N00906044EA0000000473
B1414285600498N00905900EA0000000460
B1414345600512N00905728EA0000000451
B1414415600524N00905537EA0000000440
B1414465600532N00905401EA0000000429
B1414525600542N00905231EA0000000417
B1414585600552N00905061EA0000000403
B1415045600564N00904880EA0000000386
B1415095600577N00904720EA0000000377
B1415185600604N00904401EA0000000358
B1415235600615N00904216EA0000000353
B1415315600637N00903924EA0000000352
B1415365600649N00903746EA0000000357
B1415435600662N00903510EA0000000369
B1415485600670N00903352EA0000000387
B1415535600678N00903209EA0000000413
B1416005600690N00903001EA0000000404
B1416065600701N00902805EA0000000409
B1416115600707N00902630EA0000000401
B1416235600710N00902218EA0000000392
B1416285600703N00902046EA0000000368
B1416335600695N00901858EA0000000346
B1416385600688N00901665EA0000000331
B1416435600682N00901472EA0000000314
B1416495600678N00901244EA0000000301
B1416585600677N00900912EA0000000279
B1417035600696N00900753EA0000000281
B1417105600781N00900625EA0000000287
B1417175600875N00900543EA0000000278
B1417225600941N00900494EA0000000276
B1417295601033N00900452EA0000000276
B1417355601121N00900498EA0000000272
B1417415601200N00900613EA0000000271
B1417475601271N00900752EA0000000258
B1417525601321N00900900EA0000000249
B1417585601366N00901106EA0000000249
B1418035601397N00901278EA0000000254
B1418095601428N00901486EA0000000247
B1418145601431N00901669EA0000000242
B1418205601372N00901868EA0000000242
B1418265601297N00902059EA0000000229
B1418315601232N00902222EA0000000221
B1418375601152N00902412EA0000000212
B1418435601044N00902507EA0000000214
B1418485600952N00902541EA0000000210
B1418535600865N00902517EA0000000196
B1419005600813N00902351EA0000000193
B1419055600800N00902236EA0000000182
B1419105600786N00902126EA0000000168
B1419155600771N00902015EA0000000156
B1419215600755N00901880EA0000000133
B1419275600737N00901750EA0000000111
B1419355600712N00901564EA0000000073
B1419435600687N00901370EA0000000044
B1419485600671N00901261EA0000000043
B1419535600652N00901178EA0000000045
