AOGNOGN
HFDTE190725
HFFXA050
HFPLTPILOTINCHARGE:
HFGTYGLIDERTYPE:Arcus T
HFGIDGLIDERID:OY-XUL
HFDTM100GPSDATUM:WGS-1984
HFRFWFIRMWAREVERSION:
HFRHWHARDWAREVERSION:
HFFTYFRTYPE:OGN-FLIGHTBOOK
HFGPSGENERIC
HFPRSPRESSALTSENSOR:
HFCIDCOMPETITIONID:BI
B1038495600612N00900581EA0000000041
B1038505600614N00900596EA0000000041
B1038545600620N00900664EA0000000041
B1039005600631N00900793EA0000000039
B1039065600646N00900953EA0000000041
B1039115600661N00901107EA0000000043
B1039165600681N00901274EA0000000051
B1039225600708N00901473EA0000000067
B1039275600727N00901643EA0000000077
B1039335600697N00901852EA0000000089
B1039405600610N00902039EA0000000111
B1039455600536N00902151EA0000000121
B1039505600458N00902257EA0000000133
B1039555600376N00902355EA0000000141
B1040005600291N00902449EA0000000157
B1040065600186N00902547EA0000000182
B1040125600079N00902636EA0000000200
B1040175559987N00902706EA0000000222
B1040235559882N00902791EA0000000251
B1040315559747N00902919EA0000000279
B1040385559651N00903064EA0000000303
B1040445559593N00903219EA0000000324
B1040505559566N00903400EA0000000336
B1040565559566N00903590EA0000000354
B1041035559597N00903810EA0000000375
B1041095559655N00903980EA0000000397
B1041145559719N00904110EA0000000411
B1041195559794N00904223EA0000000426
B1041275559930N00904341EA0000000439
B1041325600029N00904356EA0000000437
B1041385600143N00904296EA0000000453
B1041435600225N00904191EA0000000460
B1041495600286N00904001EA0000000461
B1041555600305N00903782EA0000000463
B1042015600285N00903564EA0000000468
B1042065600249N00903393EA0000000476
B1042125600183N00903217EA0000000492
B1042185600104N00903056EA0000000511
B1042245600020N00902906EA0000000537
B1042315559920N00902753EA0000000573
B1042365559850N00902669EA0000000586
B1042415559775N00902676EA0000000578
B1042465559722N00902786EA0000000564
B1042525559713N00902973EA0000000564
B1042585559730N00903154EA0000000572
B1043035559755N00903298EA0000000575
B1043085559789N00903434EA0000000582
B1043135559850N00903517EA0000000592
B1043185559916N00903485EA0000000602
B1043245559950N00903336EA0000000592
B1043305559986N00903160EA0000000578
B1043365600025N00902978EA0000000586
B1043415600052N00902836EA0000000605
B1043475600098N00902711EA0000000633
B1043525600116N00902600EA0000000637
B1043585600049N00902542EA0000000638
B1044035600030N00902660EA0000000641
B1044085600091N00902722EA0000000640
B1044135600165N00902686EA0000000652
B1044185600205N00902579EA0000000642
B1044235600179N00902444EA0000000643
B1044285600111N00902389EA0000000637
B1044335600040N00902445EA0000000637
B1044385600014N00902567EA0000000642
B1044435600071N00902660EA0000000642
B1044485600142N00902621EA0000000644
B1044555600221N00902477EA0000000647
B1045005600267N00902362EA0000000646
B1045075600323N00902175EA0000000619
B1045125600369N00902025EA0000000607
B1045175600379N00901853EA0000000596
B1045335600248N00901841EA0000000630
B1045385600293N00901937EA0000000630
B1045455600394N00901901EA0000000628
B1045525600429N00901717EA0000000621
B1046025600463N00901413EA0000000587
B1046075600541N00901329EA0000000586
B1046135600627N00901420EA0000000576
B1046185600652N00901567EA0000000569
B1046335600511N00901903EA0000000546
B1046385600436N00901974EA0000000529
B1046435600354N00902045EA0000000521
B1046485600271N00902089EA0000000528
B1046535600209N00902176EA0000000526
B1046585600164N00902300EA0000000514
B1047035600120N00902435EA0000000512
B1047085600068N00902548EA0000000521
B1047135600015N00902644EA0000000531
B1047185600030N00902762EA0000000534
B1047235600096N00902731EA0000000539
B1047285600082N00902613EA0000000533
B1047335600021N00902631EA0000000537
B1047395559980N00902763EA0000000554
B1047445559915N00902797EA0000000550
B1047495559880N00902681EA0000000561
B1047545559929N00902581EA0000000558
B1047595600006N00902603EA0000000557
B1048045600053N00902710EA0000000560
B1048105559998N00902814EA0000000550
B1048155559932N00902742EA0000000562
B1048205559954N00902617EA0000000565
B1048255600031N00902613EA0000000569
B1048305600064N00902734EA0000000575
B1048355600007N00902803EA0000000568
B1048405559951N00902710EA0000000570
B1048455559985N00902583EA0000000587
B1048505600062N00902582EA0000000584
B1048565600095N00902722EA0000000594
B1049015600034N00902782EA0000000587
B1049065559978N00902693EA0000000588
B1049115559974N00902558EA0000000603
B1049165600032N00902460EA0000000593
B1049215600112N00902507EA0000000603
B1049265600111N00902635EA0000000606
B1049315600044N00902666EA0000000612
B1049365559985N00902597EA0000000623
B1049415559971N00902471EA0000000625
B1049475600045N00902386EA0000000633
B1049525600099N00902481EA0000000633
B1049575600065N00902582EA0000000635
B1050025600004N00902545EA0000000635
B1050075559980N00902436EA0000000644
B1050125600014N00902321EA0000000640
B1050175600093N00902309EA0000000658
B1050225600126N00902414EA0000000658
B1050285600058N00902476EA0000000659
B1050345600031N00902339EA0000000665
B1050395600093N00902257EA0000000673
B1050445600158N00902327EA0000000685
B1050495600146N00902441EA0000000681
B1050545600079N00902439EA0000000687
B1050595600061N00902324EA0000000704
B1051045600105N00902218EA0000000702
B1051095600184N00902222EA0000000714
B1051145600223N00902317EA0000000704
B1051195600191N00902424EA0000000702
B1051245600131N00902406EA0000000714
B1051295600107N00902296EA0000000727
B1051345600132N00902173EA0000000727
B1051395600206N00902131EA0000000730
B1051445600261N00902215EA0000000718
B1051495600239N00902327EA0000000720
B1051545600176N00902326EA0000000731
B1051595600128N00902248EA0000000749
B1052055600113N00902111EA0000000753
B1052105600165N00902018EA0000000756
B1052155600237N00902049EA0000000753
B1052205600248N00902169EA0000000751
B1052255600193N00902211EA0000000763
B1052305600143N00902128EA0000000768
B1052355600125N00902019EA0000000783
B1052405600148N00901907EA0000000775
B1052455600220N00901884EA0000000776
B1052515600278N00901993EA0000000772
B1052565600255N00902094EA0000000769
B1053015600191N00902090EA0000000768
B1053065600155N00901993EA0000000770
B1053165600163N00901754EA0000000774
B1053215600183N00901641EA0000000772
B1053275600227N00901506EA0000000759
B1053325600273N00901391EA0000000760
B1053385600327N00901262EA0000000770
B1053455600386N00901100EA0000000763
B1053555600482N00900847EA0000000759
B1054045600576N00900646EA0000000751
B1054095600632N00900540EA0000000748
B1054145600694N00900435EA0000000746
B1054205600777N00900359EA0000000762
B1054255600842N00900406EA0000000745
B1054305600873N00900537EA0000000728
B1054355600849N00900663EA0000000724
B1054405600786N00900730EA0000000715
B1054455600712N00900704EA0000000707
B1054505600662N00900596EA0000000715
B1054565600659N00900423EA0000000721
B1055015600686N00900289EA0000000726
B1055065600754N00900230EA0000000726
B1055115600819N00900283EA0000000726
B1055165600834N00900407EA0000000720
B1055215600799N00900512EA0000000709
B1055265600741N00900601EA0000000695
B1055315600669N00900685EA0000000694
B1055365600606N00900745EA0000000716
B1055425600530N00900799EA0000000699
B1055495600411N00900889EA0000000663
B1055545600312N00900956EA0000000663
B1056005600200N00901035EA0000000668
B1056085600059N00901142EA0000000664
B1056145559952N00901219EA0000000659
B1056195559859N00901274EA0000000655
B1056245559762N00901321EA0000000649
B1056315559622N00901383EA0000000636
B1056395559465N00901463EA0000000628
B1056455559352N00901530EA0000000620
B1056515559238N00901594EA0000000609
B1056585559099N00901628EA0000000602
B1057085558904N00901540EA0000000595
B1057135558811N00901469EA0000000608
B1057195558713N00901389EA0000000612
B1057245558628N00901324EA0000000618
B1057315558538N00901252EA0000000629
B1057365558475N00901186EA0000000610
B1057445558364N00901054EA0000000590
B1057505558276N00900953EA0000000599
B1057565558209N00900873EA0000000634
B1058015558186N00900775EA0000000626
B1058065558217N00900654EA0000000635
B1058115558284N00900614EA0000000650
B1058165558345N00900684EA0000000657
B1058215558342N00900801EA0000000661
B1058265558280N00900837EA0000000660
B1058315558227N00900754EA0000000677
B1058365558225N00900634EA0000000685
B1058415558284N00900553EA0000000695
B1058465558354N00900581EA0000000714
B1058515558393N00900692EA0000000720
B1058565558375N00900805EA0000000728
B1059025558300N00900840EA0000000737
B1059085558234N00900755EA0000000742
B1059145558216N00900610EA0000000760
B1059195558250N00900498EA0000000765
B1059245558322N00900443EA0000000767
B1059295558394N00900499EA0000000774
B1059345558412N00900629EA0000000787
B1059395558372N00900721EA0000000795
B1059445558302N00900712EA0000000798
B1059495558260N00900609EA0000000813
B1059545558279N00900489EA0000000824
B1059595558350N00900434EA0000000821
B1100045558419N00900516EA0000000826
B1100095558422N00900659EA0000000837
B1100145558359N00900727EA0000000849
B1100195558294N00900673EA0000000860
B1100245558275N00900546EA0000000869
B1100295558320N00900430EA0000000878
B1100345558399N00900418EA0000000887
B1100395558454N00900522EA0000000897
B1100445558439N00900654EA0000000904
B1100495558370N00900692EA0000000915
B1100545558312N00900613EA0000000921
B1101005558319N00900448EA0000000937
B1101055558391N00900389EA0000000951
B1101105558463N00900451EA0000000960
B1101165558485N00900623EA0000000956
B1101215558431N00900755EA0000000946
B1101265558342N00900807EA0000000946
B1101325558231N00900750EA0000000938
B1101375558155N00900622EA0000000927
B1101435558125N00900387EA0000000908
B1101485558179N00900192EA0000000891
B1101535558279N00900088EA0000000903
B1101585558373N00900129EA0000000909
B1102035558445N00900240EA0000000917
B1102095558507N00900396EA0000000949
B1102145558571N00900492EA0000000948
B1102195558667N00900526EA0000000938
B1102265558808N00900514EA0000000948
B1102325558922N00900463EA0000000949
B1102385559040N00900419EA0000000947
B1102445559157N00900374EA0000000952
B1102535559327N00900292EA0000000939
B1103005559464N00900207EA0000000926
B1103055559561N00900147EA0000000920
B1103105559660N00900087EA0000000908
B1103155559763N00900028EA0000000902
B1103205559869N00859970EA0000000890
B1103255559979N00859922EA0000000876
B1103325600143N00859861EA0000000856
B1103375600263N00859833EA0000000848
B1103425600381N00859819EA0000000844
B1103485600523N00859820EA0000000839
B1103555600692N00859850EA0000000804
B1104015600837N00859928EA0000000787
B1104065600952N00900012EA0000000780
B1104115601058N00900122EA0000000764
B1104185601195N00900313EA0000000746
B1104235601292N00900458EA0000000742
B1104285601383N00900591EA0000000762
B1104335601467N00900720EA0000000756
B1104395601567N00900893EA0000000732
B1104445601655N00901056EA0000000708
B1104505601762N00901271EA0000000686
B1104565601868N00901496EA0000000672
B1105015601950N00901694EA0000000668
B1105085602061N00901977EA0000000651
B1105145602158N00902227EA0000000635
B1105195602238N00902425EA0000000650
B1105245602299N00902607EA0000000679
B1105315602366N00902820EA0000000707
B1105375602427N00902989EA0000000694
B1105425602484N00903142EA0000000695
B1105485602539N00903289EA0000000736
B1105545602585N00903418EA0000000737
B1106005602636N00903549EA0000000732
B1106065602688N00903686EA0000000727
B1106115602724N00903801EA0000000726
B1106175602769N00903955EA0000000708
B1106225602811N00904104EA0000000697
B1106275602853N00904259EA0000000690
B1106335602896N00904450EA0000000698
B1106385602920N00904601EA0000000700
B1106445602942N00904779EA0000000698
B1106495602966N00904920EA0000000699
B1106545603026N00905027EA0000000687
B1106595603117N00905060EA0000000676
B1107055603230N00904988EA0000000671
B1107105603317N00904902EA0000000671
B1107155603406N00904829EA0000000667
B1107225603537N00904761EA0000000653
B1107285603653N00904724EA0000000650
B1107355603778N00904696EA0000000661
B1107405603859N00904690EA0000000685
B1107455603919N00904615EA0000000688
B1107505603905N00904477EA0000000698
B1107555603837N00904476EA0000000714
B1108005603830N00904593EA0000000725
B1108055603893N00904625EA0000000720
B1108105603932N00904502EA0000000727
B1108155603886N00904399EA0000000758
B1108205603824N00904405EA0000000758
B1108255603805N00904518EA0000000764
B1108305603856N00904580EA0000000770
B1108355603923N00904512EA0000000765
B1108415603943N00904344EA0000000782
B1108475603866N00904286EA0000000794
B1108525603842N00904399EA0000000810
B1108575603898N00904464EA0000000820
B1109025603959N00904377EA0000000825
B1109075603938N00904239EA0000000837
B1109125603868N00904222EA0000000852
B1109185603852N00904351EA0000000863
B1109235603916N00904394EA0000000867
B1109285603969N00904291EA0000000876
B1109345603930N00904142EA0000000885
B1109395603864N00904170EA0000000894
B1109445603858N00904277EA0000000908
B1109495603916N00904347EA0000000904
B1109545603984N00904303EA0000000918
B1109595604024N00904174EA0000000924
B1110045604072N00904056EA0000000933
B1110095604144N00903969EA0000000926
B1110165604280N00903945EA0000000920
B1110225604411N00903987EA0000000907
B1110275604522N00904050EA0000000910
B1110325604621N00904121EA0000000914
B1110405604764N00904259EA0000000899
B1110455604847N00904358EA0000000906
B1110505604926N00904460EA0000000907
B1110555605004N00904571EA0000000911
B1111015605072N00904698EA0000000957
B1111075605096N00904821EA0000000962
B1111135605091N00904959EA0000000954
B1111185605068N00905080EA0000000952
B1111265605006N00905287EA0000000949
B1111315604960N00905421EA0000000931
B1111365604906N00905575EA0000000905
B1111425604833N00905782EA0000000883
B1111485604764N00906004EA0000000878
B1111535604705N00906185EA0000000876
B1111595604625N00906390EA0000000866
B1112045604559N00906561EA0000000874
B1112115604464N00906773EA0000000884
B1112165604399N00906914EA0000000903
B1112215604339N00907019EA0000000935
B1112305604234N00907183EA0000000928
B1112365604161N00907312EA0000000917
B1112415604102N00907428EA0000000942
B1112465604054N00907524EA0000000966
B1112515604010N00907618EA0000000962
B1112565603961N00907740EA0000000929
B1113015603899N00907885EA0000000901
B1113075603815N00908078EA0000000882
B1113135603734N00908282EA0000000889
B1113185603672N00908443EA0000000911
B1113235603617N00908586EA0000000937
B1113285603570N00908699EA0000000969
B1113335603532N00908816EA0000000944
B1113395603476N00908993EA0000000934
B1113445603429N00909129EA0000000939
B1113505603383N00909301EA0000000935
B1113595603312N00909581EA0000000918
B1114055603295N00909803EA0000000903
B1114115603296N00910037EA0000000902
B1114165603311N00910220EA0000000920
B1114215603344N00910387EA0000000923
B1114265603383N00910523EA0000000940
B1114315603428N00910667EA0000000905
B1114375603492N00910879EA0000000878
B1114425603546N00911070EA0000000859
B1114475603596N00911266EA0000000847
B1114535603652N00911499EA0000000836
B1114585603702N00911686EA0000000830
B1115055603767N00911943EA0000000827
B1115115603808N00912150EA0000000834
B1115205603820N00912462EA0000000819
B1115265603799N00912672EA0000000806
B1115315603783N00912850EA0000000794
B1115365603802N00913036EA0000000791
B1115415603837N00913209EA0000000802
B1115465603871N00913349EA0000000822
B1115515603908N00913486EA0000000799
B1115565603952N00913646EA0000000777
B1116025604012N00913844EA0000000766
B1116075604057N00914017EA0000000752
B1116135604110N00914223EA0000000752
B1116205604164N00914455EA0000000747
B1116265604207N00914648EA0000000744
B1116325604243N00914840EA0000000734
B1116375604274N00915001EA0000000726
B1116425604298N00915164EA0000000718
B1116485604314N00915364EA0000000704
B1116555604344N00915598EA0000000701
B1117005604373N00915748EA0000000704
B1117065604459N00915886EA0000000691
B1117115604550N00915981EA0000000693
B1117165604632N00916094EA0000000696
B1117225604715N00916238EA0000000716
B1117275604774N00916352EA0000000713
B1117325604831N00916490EA0000000699
B1117375604887N00916639EA0000000703
B1117425604941N00916771EA0000000724
B1117485604999N00916921EA0000000710
B1117535605049N00917077EA0000000699
B1117595605105N00917247EA0000000729
B1118045605144N00917364EA0000000737
B1118095605183N00917486EA0000000761
B1118145605233N00917579EA0000000776
B1118195605313N00917553EA0000000777
B1118245605319N00917419EA0000000788
B1118295605250N00917395EA0000000795
B1118345605222N00917508EA0000000821
B1118395605245N00917623EA0000000832
B1118445605326N00917657EA0000000831
B1118495605380N00917544EA0000000840
B1118545605334N00917440EA0000000846
B1118595605272N00917507EA0000000858
B1119045605289N00917647EA0000000882
B1119095605370N00917694EA0000000882
B1119145605435N00917588EA0000000886
B1119195605411N00917460EA0000000898
B1119245605339N00917459EA0000000905
B1119295605316N00917581EA0000000927
B1119345605347N00917696EA0000000933
B1119395605430N00917702EA0000000928
B1119445605470N00917573EA0000000932
B1119495605428N00917461EA0000000943
B1119555605345N00917496EA0000000956
B1120005605292N00917579EA0000000974
B1120055605290N00917691EA0000000973
B1120105605362N00917760EA0000000968
B1120155605446N00917692EA0000000968
B1120205605490N00917554EA0000000986
B1120255605469N00917427EA0000000990
B1120305605401N00917403EA0000001008
B1120355605370N00917510EA0000001015
B1120405605429N00917598EA0000001017
B1120455605509N00917535EA0000001020
B1120505605502N00917392EA0000001028
B1120555605434N00917387EA0000001055
B1121015605417N00917515EA0000001054
B1121065605497N00917565EA0000001053
B1121115605559N00917453EA0000001061
B1121165605529N00917326EA0000001075
B1121215605462N00917333EA0000001086
B1121265605436N00917444EA0000001094
B1121325605507N00917551EA0000001089
B1121375605593N00917493EA0000001091
B1121425605617N00917346EA0000001107
B1121475605564N00917261EA0000001120
B1121525605495N00917309EA0000001125
B1121585605465N00917464EA0000001127
B1122035605471N00917609EA0000001118
B1122085605512N00917763EA0000001099
B1122135605568N00917921EA0000001093
B1122185605628N00918080EA0000001090
B1122235605680N00918233EA0000001120
B1122285605718N00918361EA0000001142
B1122345605749N00918520EA0000001132
B1122395605769N00918671EA0000001124
B1122445605786N00918822EA0000001116
B1122495605785N00918981EA0000001099
B1122545605757N00919144EA0000001082
B1122595605734N00919315EA0000001087
B1123055605733N00919527EA0000001080
B1123125605755N00919788EA0000001069
B1123175605782N00919978EA0000001060
B1123225605812N00920175EA0000001047
B1123275605841N00920376EA0000001037
B1123325605873N00920571EA0000001043
B1123375605904N00920757EA0000001033
B1123425605937N00920948EA0000001018
B1123475605970N00921148EA0000001001
B1123545606014N00921430EA0000000994
B1124015606062N00921702EA0000000985
B1124065606097N00921897EA0000000973
B1124125606142N00922131EA0000000961
B1124185606187N00922360EA0000000962
B1124245606233N00922587EA0000000952
B1124305606279N00922809EA0000000954
B1124355606316N00922994EA0000000942
B1124445606379N00923327EA0000000933
B1124505606416N00923542EA0000000925
B1125015606491N00923938EA0000000895
B1125065606528N00924125EA0000000895
B1125115606561N00924292EA0000000922
B1125165606585N00924446EA0000000931
B1125235606599N00924667EA0000000921
B1125285606610N00924829EA0000000917
B1125345606622N00925027EA0000000911
B1125395606634N00925196EA0000000898
B1125455606664N00925408EA0000000887
B1125535606712N00925697EA0000000872
B1125595606739N00925908EA0000000865
B1126055606764N00926125EA0000000851
B1126105606787N00926308EA0000000844
B1126165606817N00926526EA0000000834
B1126225606850N00926739EA0000000827
B1126295606892N00926982EA0000000818
B1126345606922N00927153EA0000000811
B1126395606954N00927330EA0000000801
B1126445606986N00927507EA0000000794
B1126495607017N00927683EA0000000783
B1126545607049N00927861EA0000000778
B1126595607085N00928037EA0000000769
B1127055607129N00928248EA0000000757
B1127105607169N00928424EA0000000759
B1127155607208N00928589EA0000000764
B1127205607249N00928752EA0000000762
B1127255607285N00928914EA0000000766
B1127325607339N00929138EA0000000755
B1127375607371N00929307EA0000000755
B1127435607390N00929507EA0000000748
B1127485607409N00929683EA0000000747
B1127535607426N00929864EA0000000761
B1127585607422N00930018EA0000000796
B1128035607364N00930078EA0000000813
B1128085607308N00930004EA0000000819
B1128135607310N00929860EA0000000825
B1128185607373N00929758EA0000000833
B1128235607457N00929755EA0000000847
B1128285607508N00929861EA0000000854
B1128335607492N00929981EA0000000863
B1128385607428N00930003EA0000000872
B1128435607380N00929903EA0000000878
B1128485607407N00929755EA0000000884
B1128535607485N00929683EA0000000902
B1128585607560N00929748EA0000000915
B1129035607577N00929877EA0000000925
B1129085607533N00929955EA0000000937
B1129135607470N00929919EA0000000941
B1129195607448N00929765EA0000000952
B1129245607498N00929641EA0000000963
B1129305607599N00929616EA0000000984
B1129355607657N00929713EA0000000993
B1129405607658N00929840EA0000001004
B1129455607609N00929911EA0000001012
B1129505607547N00929875EA0000001018
B1129555607518N00929749EA0000001025
B1130005607548N00929613EA0000001038
B1130065607646N00929571EA0000001053
B1130115607708N00929668EA0000001068
B1130165607710N00929802EA0000001080
B1130215607656N00929865EA0000001089
B1130265607594N00929808EA0000001097
B1130315607576N00929671EA0000001108
B1130365607624N00929548EA0000001120
B1130415607709N00929526EA0000001135
B1130465607770N00929619EA0000001150
B1130515607769N00929744EA0000001160
B1130565607717N00929808EA0000001167
B1131015607651N00929767EA0000001172
B1131065607612N00929647EA0000001181
B1131115607626N00929497EA0000001197
B1131165607687N00929386EA0000001209
B1131215607774N00929369EA0000001228
B1131275607870N00929429EA0000001236
B1131345607982N00929539EA0000001229
B1131405608082N00929654EA0000001237
B1131475608193N00929800EA0000001228
B1131535608287N00929939EA0000001221
B1131585608366N00930065EA0000001201
B1132055608483N00930262EA0000001171
B1132105608574N00930410EA0000001154
B1132155608664N00930566EA0000001141
B1132225608787N00930787EA0000001127
B1132275608879N00930944EA0000001118
B1132325608971N00931103EA0000001106
B1132385609079N00931295EA0000001100
B1132445609188N00931482EA0000001089
B1132505609294N00931670EA0000001085
B1132565609403N00931850EA0000001075
B1133025609511N00932030EA0000001066
B1133095609636N00932235EA0000001057
B1133145609722N00932382EA0000001054
B1133195609810N00932523EA0000001052
B1133245609919N00932575EA0000001053
B1133295610037N00932532EA0000001039
B1133345610149N00932423EA0000001021
B1133415610283N00932208EA0000001018
B1133465610368N00932039EA0000001006
B1133515610447N00931856EA0000000999
B1133575610540N00931626EA0000000991
B1134025610614N00931428EA0000000990
B1134115610742N00931087EA0000000994
B1134165610815N00930896EA0000000987
B1134225610908N00930672EA0000000987
B1134315611050N00930355EA0000000997
B1134365611126N00930197EA0000001020
B1134415611193N00930045EA0000001017
B1134485611294N00929824EA0000001001
B1134535611371N00929668EA0000000999
B1134585611442N00929498EA0000000992
B1135045611514N00929287EA0000001018
B1135105611577N00929085EA0000001031
B1135165611631N00928898EA0000001048
B1135235611693N00928674EA0000001047
B1135285611741N00928507EA0000001052
B1135335611788N00928347EA0000001070
B1135385611836N00928184EA0000001069
B1135445611891N00927979EA0000001084
B1135495611930N00927817EA0000001086
B1135555611975N00927612EA0000001076
B1136005612013N00927439EA0000001087
B1136055612052N00927272EA0000001097
B1136105612092N00927090EA0000001101
B1136175612149N00926844EA0000001133
B1136225612188N00926668EA0000001150
B1136285612233N00926471EA0000001179
B1136335612268N00926302EA0000001182
B1136395612310N00926087EA0000001189
B1136445612357N00925907EA0000001194
B1136515612429N00925679EA0000001213
B1136575612486N00925500EA0000001214
B1137045612540N00925266EA0000001227
B1137135612601N00924944EA0000001228
B1137195612635N00924718EA0000001226
B1137255612684N00924487EA0000001203
B1137315612739N00924229EA0000001181
B1137375612794N00923962EA0000001168
B1137425612844N00923736EA0000001153
B1137485612910N00923459EA0000001143
B1137535612967N00923223EA0000001135
B1137585613025N00922983EA0000001126
B1138035613086N00922744EA0000001116
B1138085613148N00922506EA0000001117
B1138135613211N00922270EA0000001117
B1138185613274N00922034EA0000001114
B1138245613352N00921759EA0000001110
B1138305613431N00921486EA0000001100
B1138365613509N00921209EA0000001082
B1138425613586N00920935EA0000001078
B1138485613660N00920662EA0000001084
B1138535613710N00920466EA0000001124
B1138595613764N00920239EA0000001117
B1139065613822N00919952EA0000001108
B1139125613864N00919722EA0000001146
B1139195613904N00919451EA0000001128
B1139245613917N00919231EA0000001122
B1139315613912N00918915EA0000001109
B1139395613902N00918550EA0000001105
B1139455613892N00918292EA0000001093
B1139505613880N00918074EA0000001076
B1139555613867N00917849EA0000001066
B1140015613853N00917580EA0000001063
B1140085613851N00917275EA0000001066
B1140135613862N00917073EA0000001070
B1140195613882N00916835EA0000001062
B1140255613908N00916588EA0000001061
B1140315613942N00916358EA0000001064
B1140385613986N00916077EA0000001032
B1140445614029N00915819EA0000001011
B1140515614069N00915519EA0000001008
B1140575614099N00915252EA0000000997
B1141025614122N00915027EA0000001002
B1141085614136N00914800EA0000001044
B1141145614152N00914588EA0000001031
B1141195614174N00914397EA0000001030
B1141255614209N00914169EA0000001017
B1141325614258N00913891EA0000001003
B1141375614292N00913689EA0000000994
B1141425614330N00913492EA0000000992
B1141485614378N00913256EA0000000987
B1141535614415N00913061EA0000001005
B1142015614474N00912786EA0000001025
B1142065614531N00912639EA0000001021
B1142115614583N00912481EA0000001022
B1142165614621N00912311EA0000001025
B1142235614679N00912069EA0000001018
B1142315614767N00911796EA0000001011
B1142375614843N00911589EA0000001007
B1142435614918N00911385EA0000001008
B1142485614986N00911212EA0000000997
B1142535615055N00911029EA0000000989
B1142595615139N00910806EA0000000982
B1143045615206N00910624EA0000000976
B1143095615262N00910431EA0000000967
B1143145615309N00910232EA0000000962
B1143215615372N00909953EA0000000948
B1143285615442N00909686EA0000000940
B1143365615533N00909402EA0000000934
B1143425615601N00909200EA0000000931
B1143475615659N00909028EA0000000923
B1143525615687N00908833EA0000000914
B1143575615726N00908642EA0000000913
B1144065615861N00908365EA0000000906
B1144115615950N00908226EA0000000898
B1144185616080N00908040EA0000000880
B1144235616177N00907921EA0000000876
B1144285616273N00907808EA0000000872
B1144335616371N00907698EA0000000866
B1144405616514N00907544EA0000000853
B1144475616658N00907392EA0000000851
B1144525616756N00907286EA0000000855
B1144575616852N00907178EA0000000846
B1145025616951N00907068EA0000000837
B1145085617072N00906932EA0000000832
B1145155617211N00906775EA0000000823
B1145215617331N00906640EA0000000814
B1145275617449N00906505EA0000000809
B1145325617547N00906393EA0000000802
B1145385617666N00906257EA0000000794
B1145435617721N00906087EA0000000794
B1145485617694N00905888EA0000000774
B1145535617617N00905729EA0000000762
B1145585617521N00905623EA0000000759
B1146035617414N00905577EA0000000745
B1146105617256N00905574EA0000000733
B1146175617107N00905611EA0000000742
B1146225617007N00905646EA0000000734
B1146275616905N00905684EA0000000725
B1146355616743N00905755EA0000000712
B1146425616600N00905824EA0000000705
B1146475616493N00905867EA0000000702
B1146555616322N00905933EA0000000691
B1147005616218N00905979EA0000000693
B1147075616074N00906045EA0000000680
B1147125615967N00906100EA0000000680
B1147185615847N00906158EA0000000683
B1147275615667N00906226EA0000000673
B1147325615567N00906269EA0000000670
B1147395615420N00906319EA0000000656
B1147475615250N00906377EA0000000653
B1147545615105N00906419EA0000000652
B1147595615001N00906443EA0000000645
B1148045614899N00906439EA0000000640
B1148125614766N00906286EA0000000634
B1148185614667N00906179EA0000000647
B1148235614581N00906154EA0000000642
B1148285614510N00906058EA0000000632
B1148355614423N00905855EA0000000609
B1148445614326N00905554EA0000000595
B1148495614270N00905389EA0000000596
B1148545614213N00905228EA0000000604
B1149005614192N00905028EA0000000622
B1149055614245N00904914EA0000000631
B1149105614320N00904918EA0000000634
B1149155614356N00905036EA0000000633
B1149205614317N00905165EA0000000634
B1149255614225N00905188EA0000000637
B1149315614115N00905126EA0000000655
B1149375614089N00904957EA0000000672
B1149425614139N00904859EA0000000693
B1149485614221N00904887EA0000000695
B1149545614243N00905034EA0000000701
B1149595614197N00905137EA0000000719
B1150045614125N00905164EA0000000730
B1150095614065N00905090EA0000000732
B1150145614048N00904957EA0000000739
B1150195614092N00904849EA0000000751
B1150245614167N00904861EA0000000760
B1150295614203N00904971EA0000000766
B1150345614175N00905094EA0000000781
B1150395614108N00905149EA0000000787
B1150445614041N00905098EA0000000791
B1150505614011N00904951EA0000000791
B1150555614036N00904810EA0000000788
B1151015614125N00904718EA0000000800
B1151065614199N00904782EA0000000803
B1151115614214N00904927EA0000000805
B1151165614160N00905042EA0000000820
B1151215614081N00905061EA0000000827
B1151265614016N00904978EA0000000832
B1151315614002N00904835EA0000000830
B1151375614042N00904681EA0000000842
B1151425614104N00904591EA0000000840
B1151475614183N00904609EA0000000839
B1151525614234N00904723EA0000000835
B1151575614231N00904872EA0000000835
B1152025614175N00904987EA0000000837
B1152075614092N00905004EA0000000852
B1152125614041N00904907EA0000000854
B1152175614032N00904764EA0000000860
B1152225614040N00904620EA0000000865
B1152275614101N00904555EA0000000867
B1152325614151N00904651EA0000000860
B1152375614118N00904765EA0000000861
B1152425614041N00904765EA0000000855
B1152485613944N00904674EA0000000848
B1152535613872N00904581EA0000000881
B1152585613858N00904447EA0000000893
B1153035613916N00904354EA0000000900
B1153085613976N00904419EA0000000905
B1153135613948N00904537EA0000000908
B1153185613875N00904549EA0000000922
B1153235613820N00904458EA0000000924
B1153285613843N00904322EA0000000939
B1153335613915N00904318EA0000000942
B1153395613942N00904460EA0000000961
B1153445613908N00904552EA0000000967
B1153505613824N00904541EA0000000967
B1153565613746N00904443EA0000000954
B1154015613671N00904323EA0000000922
B1154075613563N00904159EA0000000902
B1154155613400N00903943EA0000000871
B1154205613287N00903825EA0000000864
B1154265613144N00903711EA0000000855
B1154315613027N00903630EA0000000868
B1154375612896N00903553EA0000000872
B1154435612781N00903500EA0000000868
B1154485612681N00903478EA0000000829
B1154545612543N00903447EA0000000792
B1155005612407N00903387EA0000000810
B1155055612305N00903334EA0000000819
B1155115612191N00903313EA0000000827
B1155175612112N00903350EA0000000852
B1155225612062N00903404EA0000000839
B1155275612031N00903504EA0000000823
B1155325612045N00903627EA0000000816
B1155375612103N00903717EA0000000813
B1155425612181N00903736EA0000000825
B1155485612269N00903668EA0000000819
B1155545612326N00903522EA0000000818
B1156005612357N00903363EA0000000812
B1156055612390N00903229EA0000000801
B1156105612427N00903088EA0000000804
B1156155612458N00902954EA0000000812
B1156215612484N00902791EA0000000808
B1156265612504N00902644EA0000000811
B1156315612528N00902506EA0000000829
B1156365612564N00902387EA0000000836
B1156415612634N00902323EA0000000838
B1156465612705N00902368EA0000000858
B1156515612726N00902490EA0000000867
B1156565612682N00902592EA0000000874
B1157015612607N00902590EA0000000884
B1157075612553N00902467EA0000000904
B1157125612565N00902345EA0000000912
B1157175612631N00902280EA0000000913
B1157225612697N00902335EA0000000936
B1157275612711N00902461EA0000000938
B1157325612663N00902563EA0000000951
B1157385612572N00902577EA0000000965
B1157435612489N00902581EA0000000945
B1157485612379N00902586EA0000000915
B1157555612205N00902588EA0000000898
B1158005612082N00902584EA0000000908
B1158085611901N00902584EA0000000907
B1158145611766N00902582EA0000000891
B1158205611626N00902574EA0000000884
B1158275611451N00902577EA0000000864
B1158345611283N00902556EA0000000888
B1158405611152N00902552EA0000000878
B1158465611009N00902575EA0000000851
B1158515610890N00902615EA0000000847
B1158565610774N00902672EA0000000841
B1159025610637N00902749EA0000000836
B1159085610507N00902819EA0000000835
B1159135610402N00902880EA0000000808
B1159185610290N00902954EA0000000793
B1159235610183N00903026EA0000000802
B1159285610077N00903094EA0000000792
B1159345609943N00903170EA0000000780
B1159405609809N00903241EA0000000772
B1159465609672N00903294EA0000000767
B1159515609559N00903331EA0000000761
B1159565609444N00903360EA0000000749
B1200015609326N00903379EA0000000737
B1200075609185N00903399EA0000000733
B1200125609071N00903420EA0000000725
B1200185608932N00903437EA0000000714
B1200245608790N00903434EA0000000704
B1200315608621N00903416EA0000000693
B1200375608474N00903392EA0000000684
B1200435608329N00903365EA0000000679
B1200485608212N00903333EA0000000679
B1200545608073N00903300EA0000000677
B1201005607932N00903294EA0000000683
B1201065607806N00903296EA0000000704
B1201115607709N00903267EA0000000709
B1201165607639N00903196EA0000000739
B1201235607589N00903046EA0000000718
B1201285607541N00902922EA0000000702
B1201335607465N00902837EA0000000679
B1201385607367N00902801EA0000000664
B1201445607248N00902814EA0000000668
B1201505607134N00902866EA0000000666
B1201555607040N00902924EA0000000670
B1202005606959N00902972EA0000000702
B1202065606873N00903019EA0000000694
B1202115606788N00903060EA0000000679
B1202165606701N00903089EA0000000683
B1202215606614N00903104EA0000000676
B1202265606518N00903111EA0000000658
B1202315606412N00903107EA0000000650
B1202365606313N00903095EA0000000664
B1202415606222N00903081EA0000000655
B1202465606122N00903066EA0000000632
B1202515606016N00903051EA0000000625
B1202565605912N00903037EA0000000636
B1203025605798N00903022EA0000000644
B1203115605633N00902986EA0000000625
B1203175605517N00902943EA0000000607
B1203225605419N00902902EA0000000604
B1203275605323N00902854EA0000000602
B1203365605144N00902784EA0000000585
B1203425605021N00902745EA0000000586
B1203475604924N00902716EA0000000610
B1203525604846N00902697EA0000000637
B1203575604773N00902683EA0000000653
B1204025604716N00902735EA0000000657
B1204075604731N00902852EA0000000660
B1204125604807N00902862EA0000000669
B1204185604840N00902715EA0000000688
B1204235604783N00902641EA0000000693
B1204285604726N00902703EA0000000699
B1204335604740N00902821EA0000000704
B1204385604818N00902851EA0000000715
B1204435604874N00902758EA0000000737
B1204485604876N00902628EA0000000735
B1204535604808N00902566EA0000000738
B1204585604759N00902656EA0000000741
B1205035604803N00902763EA0000000757
B1205085604885N00902734EA0000000763
B1205135604908N00902597EA0000000779
B1205185604854N00902505EA0000000784
B1205235604787N00902563EA0000000787
B1205285604809N00902685EA0000000803
B1205335604892N00902684EA0000000813
B1205385604918N00902544EA0000000831
B1205435604857N00902468EA0000000836
B1205485604799N00902548EA0000000840
B1205535604836N00902669EA0000000852
B1205585604918N00902649EA0000000866
B1206035604936N00902506EA0000000876
B1206095604854N00902446EA0000000884
B1206145604814N00902550EA0000000894
B1206195604866N00902655EA0000000898
B1206245604947N00902621EA0000000917
B1206295604964N00902487EA0000000927
B1206345604900N00902416EA0000000924
B1206395604836N00902494EA0000000941
B1206445604856N00902618EA0000000954
B1206495604935N00902639EA0000000962
B1206545604983N00902519EA0000000966
B1206595604943N00902398EA0000000983
B1207045604870N00902419EA0000000983
B1207095604862N00902552EA0000001000
B1207145604936N00902611EA0000001010
B1207195604999N00902518EA0000001017
B1207245604977N00902378EA0000001026
B1207305604889N00902369EA0000001033
B1207355604868N00902493EA0000001046
B1207405604934N00902572EA0000001051
B1207455605008N00902513EA0000001064
B1207505605015N00902369EA0000001065
B1207555604950N00902291EA0000001071
B1208005604888N00902352EA0000001085
B1208055604899N00902471EA0000001089
B1208105604978N00902506EA0000001091
B1208155605037N00902401EA0000001104
B1208205605026N00902258EA0000001107
B1208255604960N00902183EA0000001113
B1208305604878N00902161EA0000001108
B1208365604760N00902109EA0000001082
B1208445604576N00902007EA0000001040
B1208525604377N00901871EA0000001030
B1208585604233N00901765EA0000001026
B1209055604067N00901639EA0000001005
B1209115603924N00901524EA0000001002
B1209185603754N00901401EA0000000979
B1209235603633N00901317EA0000000985
B1209305603469N00901200EA0000000969
B1209355603352N00901115EA0000000969
B1209405603238N00901047EA0000000966
B1209455603121N00900986EA0000000948
B1209515602974N00900929EA0000000932
B1209575602823N00900892EA0000000920
B1210035602672N00900861EA0000000906
B1210095602526N00900832EA0000000909
B1210155602382N00900809EA0000000896
B1210215602237N00900798EA0000000883
B1210265602115N00900792EA0000000871
B1210355601893N00900769EA0000000853
B1210405601768N00900751EA0000000848
B1210495601543N00900731EA0000000837
B1210545601420N00900724EA0000000833
B1211015601251N00900726EA0000000821
B1211095601057N00900723EA0000000810
B1211185600839N00900716EA0000000801
B1211255600680N00900711EA0000000824
B1211305600589N00900773EA0000000820
B1211385600467N00900982EA0000000786
B1211435600401N00901135EA0000000800
B1211495600317N00901266EA0000000825
B1211545600265N00901378EA0000000830
B1212005600217N00901532EA0000000818
B1212075600174N00901745EA0000000805
B1212125600160N00901902EA0000000840
B1212195600151N00902056EA0000000862
B1212255600139N00902210EA0000000833
B1212305600116N00902378EA0000000818
B1212355600081N00902556EA0000000833
B1212405600043N00902711EA0000000877
B1212455600014N00902840EA0000000912
B1212515559982N00902971EA0000000941
B1212575559951N00903102EA0000000963
B1213025559926N00903208EA0000000982
B1213075559903N00903312EA0000000995
B1213135559878N00903448EA0000001000
B1213205559839N00903611EA0000001007
B1213255559810N00903730EA0000001001
B1213325559761N00903915EA0000000980
B1213385559701N00904073EA0000000991
B1213445559644N00904214EA0000001002
B1213495559598N00904319EA0000001011
B1213555559549N00904445EA0000001023
B1214015559502N00904558EA0000001033
B1214065559465N00904662EA0000001035
B1214135559425N00904826EA0000001040
B1214185559398N00904959EA0000001042
B1214235559373N00905085EA0000001055
B1214285559353N00905207EA0000001053
B1214355559332N00905402EA0000001036
B1214425559337N00905605EA0000001062
B1214485559341N00905760EA0000001076
B1214535559345N00905891EA0000001072
B1215045559328N00906191EA0000001080
B1215095559315N00906330EA0000001077
B1215155559299N00906496EA0000001081
B1215215559284N00906660EA0000001080
B1215265559269N00906800EA0000001076
B1215325559260N00906981EA0000001072
B1215375559251N00907130EA0000001090
B1215425559239N00907264EA0000001093
B1215505559215N00907481EA0000001093
B1215575559190N00907683EA0000001072
B1216025559164N00907840EA0000001059
B1216075559137N00908004EA0000001051
B1216125559111N00908173EA0000001045
B1216185559077N00908374EA0000001049
B1216235559049N00908539EA0000001057
B1216295559009N00908704EA0000001082
B1216345558966N00908813EA0000001092
B1216415558894N00908921EA0000001128
B1216465558847N00908979EA0000001132
B1216525558795N00909074EA0000001126
B1216575558774N00909193EA0000001118
B1217025558767N00909337EA0000001102
B1217075558762N00909488EA0000001113
B1217135558762N00909653EA0000001119
B1217185558765N00909799EA0000001106
B1217235558770N00909964EA0000001098
B1217285558775N00910132EA0000001103
B1217345558780N00910310EA0000001138
B1217395558785N00910429EA0000001153
B1217475558792N00910627EA0000001147
B1217535558789N00910779EA0000001147
B1217595558806N00910935EA0000001130
B1218045558844N00911085EA0000001119
B1218095558886N00911239EA0000001120
B1218155558948N00911412EA0000001123
B1218205558999N00911560EA0000001130
B1218265559047N00911726EA0000001137
B1218315559078N00911869EA0000001133
B1218365559104N00912014EA0000001139
B1218415559123N00912151EA0000001137
B1218475559142N00912332EA0000001115
B1218525559155N00912494EA0000001118
B1218575559166N00912644EA0000001118
B1219035559177N00912828EA0000001104
B1219105559176N00913061EA0000001094
B1219165559170N00913260EA0000001106
B1219225559162N00913433EA0000001127
B1219275559155N00913568EA0000001128
B1219325559134N00913683EA0000001152
B1219375559106N00913774EA0000001162
B1219435559078N00913894EA0000001168
B1219485559059N00914000EA0000001164
B1219535559040N00914122EA0000001148
B1219595559008N00914292EA0000001157
B1220045558976N00914418EA0000001159
B1220095558943N00914556EA0000001145
B1220155558909N00914724EA0000001166
B1220215558918N00914876EA0000001167
B1220275558971N00915018EA0000001161
B1220325559035N00915130EA0000001162
B1220375559104N00915233EA0000001175
B1220435559184N00915330EA0000001203
B1220485559253N00915398EA0000001199
B1220555559365N00915505EA0000001186
B1221015559470N00915586EA0000001186
B1221065559568N00915651EA0000001185
B1221135559708N00915734EA0000001192
B1221185559801N00915787EA0000001190
B1221235559891N00915842EA0000001179
B1221285559986N00915899EA0000001165
B1221355600135N00915970EA0000001153
B1221425600294N00916010EA0000001166
B1221485600427N00916038EA0000001166
B1221555600583N00916072EA0000001157
B1222005600693N00916091EA0000001148
B1222055600803N00916113EA0000001143
B1222105600916N00916137EA0000001129
B1222155601030N00916165EA0000001130
B1222205601141N00916194EA0000001146
B1222255601252N00916226EA0000001155
B1222305601359N00916249EA0000001185
B1222355601454N00916268EA0000001177
B1222405601560N00916286EA0000001153
B1222455601668N00916304EA0000001151
B1222505601779N00916315EA0000001136
B1222595601985N00916330EA0000001126
B1223055602123N00916341EA0000001118
B1223115602260N00916353EA0000001110
B1223185602418N00916377EA0000001102
B1223245602551N00916395EA0000001094
B1223295602662N00916405EA0000001087
B1223345602774N00916419EA0000001080
B1223395602888N00916432EA0000001070
B1223445603004N00916453EA0000001064
B1223535603212N00916488EA0000001046
B1223585603328N00916503EA0000001034
B1224045603466N00916529EA0000001030
B1224095603578N00916566EA0000001022
B1224145603688N00916614EA0000001020
B1224235603892N00916678EA0000001012
B1224285604002N00916686EA0000001037
B1224335604096N00916692EA0000001052
B1224405604232N00916691EA0000001046
B1224455604335N00916684EA0000001037
B1224515604460N00916669EA0000001058
B1224575604575N00916671EA0000001050
B1225025604678N00916679EA0000001033
B1225125604892N00916684EA0000001008
B1225205605067N00916685EA0000000983
B1225265605200N00916686EA0000000973
B1225365605419N00916669EA0000000962
B1225415605525N00916652EA0000000956
B1225465605632N00916631EA0000000943
B1225515605741N00916600EA0000000935
B1225565605852N00916567EA0000000937
B1226015605959N00916538EA0000000955
B1226065606055N00916538EA0000000976
B1226115606137N00916598EA0000000977
B1226175606229N00916679EA0000000984
B1226225606308N00916737EA0000000983
B1226275606403N00916769EA0000000978
B1226325606501N00916792EA0000000975
B1226375606598N00916812EA0000000967
B1226425606699N00916832EA0000000954
B1226485606819N00916851EA0000000956
B1226555606961N00916875EA0000000937
B1227015607088N00916889EA0000000928
B1227075607215N00916903EA0000000916
B1227125607318N00916933EA0000000908
B1227185607437N00916988EA0000000902
B1227245607551N00917057EA0000000893
B1227305607667N00917129EA0000000879
B1227385607821N00917238EA0000000859
B1227435607918N00917304EA0000000859
B1227495608034N00917379EA0000000850
B1227545608131N00917442EA0000000842
B1228005608249N00917518EA0000000837
B1228055608347N00917575EA0000000837
B1228105608444N00917634EA0000000828
B1228155608538N00917700EA0000000826
B1228205608611N00917803EA0000000824
B1228275608693N00917974EA0000000813
B1228325608751N00918096EA0000000806
B1228375608815N00918215EA0000000795
B1228425608883N00918331EA0000000792
B1228505609000N00918499EA0000000789
B1228565609092N00918612EA0000000781
B1229015609177N00918698EA0000000774
B1229065609270N00918769EA0000000771
B1229115609374N00918738EA0000000770
B1229165609462N00918630EA0000000773
B1229215609528N00918482EA0000000770
B1229285609638N00918314EA0000000773
B1229335609729N00918235EA0000000783
B1229385609819N00918250EA0000000789
B1229435609888N00918342EA0000000795
B1229485609906N00918472EA0000000815
B1229535609859N00918549EA0000000826
B1229585609781N00918520EA0000000830
B1230035609736N00918395EA0000000852
B1230085609751N00918239EA0000000857
B1230135609820N00918140EA0000000870
B1230185609898N00918153EA0000000878
B1230235609942N00918254EA0000000883
B1230285609919N00918365EA0000000890
B1230335609845N00918389EA0000000895
B1230385609770N00918306EA0000000903
B1230435609746N00918151EA0000000922
B1230485609794N00918008EA0000000929
B1230535609879N00917969EA0000000936
B1230585609940N00918050EA0000000944
B1231035609929N00918167EA0000000955
B1231085609858N00918197EA0000000953
B1231135609786N00918103EA0000000961
B1231185609773N00917939EA0000000977
B1231235609838N00917823EA0000000985
B1231285609923N00917831EA0000000990
B1231335609969N00917936EA0000001000
B1231385609938N00918043EA0000001006
B1231435609862N00918056EA0000001006
B1231485609790N00917965EA0000001017
B1231535609752N00917826EA0000001032
B1231585609783N00917674EA0000001031
B1232035609859N00917589EA0000001035
B1232105609971N00917577EA0000001044
B1232155610054N00917564EA0000001053
B1232205610121N00917619EA0000001069
B1232255610140N00917732EA0000001080
B1232315610096N00917845EA0000001096
B1232365610025N00917843EA0000001107
B1232415609970N00917739EA0000001117
B1232465609976N00917582EA0000001118
B1232515610046N00917482EA0000001123
B1232565610123N00917511EA0000001137
B1233015610133N00917632EA0000001148
B1233065610070N00917690EA0000001161
B1233115610003N00917612EA0000001175
B1233165609990N00917456EA0000001179
B1233215610048N00917327EA0000001187
B1233265610131N00917304EA0000001196
B1233315610183N00917398EA0000001206
B1233365610168N00917521EA0000001223
B1233425610086N00917565EA0000001237
B1233475610020N00917477EA0000001247
B1233525610005N00917316EA0000001255
B1233575610048N00917172EA0000001264
B1234025610126N00917110EA0000001277
B1234075610189N00917174EA0000001279
B1234125610188N00917304EA0000001291
B1234175610129N00917377EA0000001305
B1234225610053N00917337EA0000001312
B1234275610013N00917194EA0000001319
B1234325610036N00917031EA0000001323
B1234375610107N00916934EA0000001329
B1234425610191N00916929EA0000001331
B1234475610283N00916947EA0000001327
B1234525610373N00916969EA0000001356
B1234585610472N00916987EA0000001368
B1235035610557N00917005EA0000001362
B1235095610667N00917032EA0000001344
B1235145610770N00917059EA0000001329
B1235195610881N00917085EA0000001311
B1235265611041N00917137EA0000001297
B1235315611157N00917172EA0000001284
B1235365611276N00917208EA0000001272
B1235425611418N00917257EA0000001267
B1235485611562N00917308EA0000001256
B1235565611754N00917365EA0000001246
B1236015611878N00917399EA0000001229
B1236065612004N00917439EA0000001225
B1236135612178N00917497EA0000001224
B1236195612326N00917543EA0000001218
B1236265612496N00917598EA0000001219
B1236315612617N00917629EA0000001218
B1236385612788N00917657EA0000001215
B1236445612932N00917634EA0000001225
B1236505613070N00917606EA0000001221
B1236555613184N00917584EA0000001232
B1237015613315N00917568EA0000001230
B1237065613432N00917546EA0000001221
B1237125613571N00917503EA0000001223
B1237175613687N00917460EA0000001226
B1237235613820N00917435EA0000001237
B1237285613926N00917429EA0000001228
B1237345614062N00917430EA0000001213
B1237405614201N00917439EA0000001213
B1237455614310N00917446EA0000001213
B1237525614469N00917458EA0000001194
B1237575614588N00917464EA0000001186
B1238055614778N00917472EA0000001184
B1238125614943N00917486EA0000001178
B1238195615106N00917491EA0000001178
B1238245615221N00917495EA0000001172
B1238345615454N00917539EA0000001150
B1238395615565N00917566EA0000001152
B1238445615672N00917600EA0000001140
B1238495615775N00917666EA0000001129
B1238545615866N00917768EA0000001124
B1238595615950N00917882EA0000001116
B1239065616069N00918046EA0000001105
B1239135616181N00918208EA0000001104
B1239185616254N00918336EA0000001090
B1239245616329N00918511EA0000001083
B1239295616383N00918669EA0000001079
B1239345616429N00918833EA0000001089
B1239405616473N00919013EA0000001115
B1239455616502N00919155EA0000001131
B1239505616501N00919293EA0000001136
B1239555616498N00919434EA0000001129
B1240015616479N00919602EA0000001133
B1240105616451N00919856EA0000001135
B1240155616451N00920001EA0000001134
B1240205616477N00920149EA0000001123
B1240265616539N00920305EA0000001131
B1240325616613N00920447EA0000001129
B1240385616698N00920579EA0000001121
B1240435616775N00920684EA0000001107
B1240485616859N00920783EA0000001095
B1240535616951N00920871EA0000001090
B1240585617043N00920959EA0000001082
B1241035617135N00921049EA0000001071
B1241105617273N00921151EA0000001059
B1241155617367N00921233EA0000001051
B1241225617503N00921341EA0000001034
B1241275617604N00921416EA0000001023
B1241325617706N00921490EA0000001017
B1241375617808N00921563EA0000001013
B1241425617912N00921625EA0000001010
B1241475618015N00921686EA0000001005
B1241535618140N00921753EA0000000998
B1241595618263N00921821EA0000000987
B1242055618389N00921888EA0000000975
B1242145618576N00921998EA0000000947
B1242225618744N00922105EA0000000934
B1242295618891N00922199EA0000000932
B1242355619016N00922268EA0000000932
B1242405619120N00922324EA0000000925
B1242455619226N00922383EA0000000919
B1242505619331N00922446EA0000000913
B1242565619460N00922523EA0000000902
B1243045619632N00922618EA0000000899
B1243105619759N00922691EA0000000892
B1243155619862N00922754EA0000000889
B1243235620028N00922848EA0000000874
B1243325620218N00922941EA0000000858
B1243375620324N00922995EA0000000851
B1243435620447N00923056EA0000000845
B1243485620545N00923104EA0000000857
B1243545620654N00923167EA0000000873
B1243595620742N00923211EA0000000858
B1244045620837N00923263EA0000000849
B1244095620934N00923309EA0000000845
B1244145621026N00923362EA0000000846
B1244215621139N00923479EA0000000857
B1244265621186N00923582EA0000000882
B1244315621224N00923684EA0000000886
B1244365621301N00923712EA0000000892
B1244415621373N00923616EA0000000889
B1244465621382N00923457EA0000000900
B1244515621323N00923348EA0000000890
B1244565621240N00923357EA0000000893
B1245015621196N00923457EA0000000912
B1245065621218N00923573EA0000000917
B1245115621292N00923625EA0000000922
B1245165621376N00923576EA0000000919
B1245215621455N00923465EA0000000919
B1245265621543N00923407EA0000000932
B1245315621612N00923468EA0000000942
B1245365621627N00923582EA0000000939
B1245415621591N00923689EA0000000930
B1245465621514N00923730EA0000000939
B1245515621439N00923672EA0000000951
B1245565621408N00923521EA0000000950
B1246015621445N00923356EA0000000953
B1246065621534N00923294EA0000000962
B1246115621607N00923361EA0000000972
B1246165621620N00923494EA0000000972
B1246215621569N00923587EA0000000986
B1246265621494N00923587EA0000000991
B1246315621435N00923478EA0000000993
B1246365621435N00923307EA0000000995
B1246415621497N00923180EA0000001003
B1246465621583N00923180EA0000001008
B1246515621632N00923284EA0000001014
B1246565621615N00923409EA0000001016
B1247015621548N00923464EA0000001023
B1247065621476N00923402EA0000001026
B1247115621439N00923254EA0000001026
B1247165621440N00923081EA0000001031
B1247215621499N00922957EA0000001038
B1247265621584N00922946EA0000001033
B1247315621656N00923029EA0000001039
B1247365621672N00923163EA0000001043
B1247415621627N00923272EA0000001050
B1247465621555N00923280EA0000001062
B1247515621496N00923185EA0000001060
B1247565621470N00923039EA0000001071
B1248015621449N00922888EA0000001065
B1248065621424N00922727EA0000001072
B1248115621385N00922585EA0000001083
B1248165621315N00922523EA0000001089
B1248215621262N00922590EA0000001084
B1248265621288N00922715EA0000001075
B1248315621380N00922741EA0000001066
B1248375621494N00922702EA0000001082
B1248425621586N00922665EA0000001084
B1248475621681N00922630EA0000001081
B1248545621814N00922578EA0000001096
B1249005621924N00922533EA0000001094
B1249075622060N00922472EA0000001090
B1249125622160N00922431EA0000001083
B1249175622260N00922390EA0000001072
B1249245622409N00922330EA0000001053
B1249305622539N00922283EA0000001047
B1249365622668N00922231EA0000001048
B1249415622774N00922192EA0000001043
B1249465622883N00922155EA0000001033
B1249515622991N00922110EA0000001027
B1249565623103N00922069EA0000001022
B1250025623234N00922019EA0000001029
B1250075623340N00921979EA0000001032
B1250125623438N00921942EA0000001046
B1250185623546N00921900EA0000001055
B1250235623636N00921861EA0000001060
B1250285623723N00921805EA0000001061
B1250335623812N00921752EA0000001063
B1250385623897N00921709EA0000001070
B1250445623998N00921660EA0000001081
B1250495624058N00921558EA0000001094
B1250545624061N00921412EA0000001101
B1250595624001N00921312EA0000001105
B1251045623922N00921345EA0000001115
B1251095623895N00921467EA0000001116
B1251145623934N00921585EA0000001113
B1251195624015N00921610EA0000001111
B1251255624108N00921516EA0000001115
B1251305624181N00921421EA0000001124
B1251355624251N00921321EA0000001127
B1251405624323N00921214EA0000001123
B1251475624424N00921062EA0000001131
B1251525624500N00920968EA0000001132
B1251585624594N00920853EA0000001124
B1252045624691N00920733EA0000001102
B1252105624787N00920585EA0000001085
B1252155624863N00920446EA0000001068
B1252215624949N00920256EA0000001044
B1252265625021N00920086EA0000001030
B1252315625093N00919918EA0000001026
B1252365625163N00919745EA0000001018
B1252415625225N00919586EA0000001054
B1252465625275N00919444EA0000001049
B1252515625326N00919288EA0000001039
B1252565625357N00919114EA0000001038
B1253015625381N00918940EA0000001031
B1253065625404N00918768EA0000001019
B1253125625429N00918545EA0000001012
B1253185625451N00918336EA0000001043
B1253235625475N00918181EA0000001036
B1253285625512N00918020EA0000001025
B1253335625553N00917857EA0000001031
B1253385625594N00917705EA0000001050
B1253435625662N00917632EA0000001069
B1253485625734N00917663EA0000001072
B1253535625755N00917791EA0000001080
B1253585625703N00917885EA0000001094
B1254035625627N00917879EA0000001106
B1254085625573N00917772EA0000001110
B1254135625570N00917610EA0000001106
B1254185625633N00917486EA0000001115
B1254235625716N00917478EA0000001132
B1254285625762N00917582EA0000001141
B1254335625735N00917695EA0000001152
B1254385625667N00917737EA0000001156
B1254435625599N00917664EA0000001170
B1254485625573N00917521EA0000001174
B1254535625598N00917372EA0000001177
B1254585625660N00917270EA0000001189
B1255035625737N00917263EA0000001197
B1255085625790N00917362EA0000001203
B1255135625783N00917487EA0000001215
B1255185625726N00917556EA0000001220
B1255235625652N00917523EA0000001229
B1255285625613N00917395EA0000001239
B1255335625629N00917243EA0000001237
B1255385625698N00917153EA0000001246
B1255435625777N00917167EA0000001259
B1255485625827N00917263EA0000001262
B1255535625821N00917391EA0000001266
B1255585625762N00917467EA0000001276
B1256035625686N00917450EA0000001284
B1256085625635N00917338EA0000001290
B1256135625632N00917182EA0000001284
B1256185625660N00917029EA0000001289
B1256235625678N00916869EA0000001295
B1256285625689N00916703EA0000001299
B1256335625700N00916538EA0000001300
B1256385625708N00916366EA0000001279
B1256435625719N00916182EA0000001266
B1256495625792N00915965EA0000001230
B1256555625902N00915741EA0000001203
B1257005625994N00915536EA0000001191
B1257075626120N00915252EA0000001194
B1257135626212N00914989EA0000001175
B1257195626292N00914708EA0000001153
B1257245626350N00914461EA0000001135
B1257305626412N00914157EA0000001123
B1257365626470N00913862EA0000001126
B1257415626505N00913620EA0000001136
B1257465626537N00913385EA0000001152
B1257515626568N00913181EA0000001205
B1257575626600N00912980EA0000001209
B1258025626631N00912782EA0000001164
B1258085626669N00912499EA0000001125
B1258165626680N00912094EA0000001097
B1258215626668N00911844EA0000001093
B1258265626649N00911603EA0000001089
B1258315626629N00911366EA0000001087
B1258365626614N00911130EA0000001077
B1258415626600N00910891EA0000001070
B1258465626589N00910653EA0000001068
B1258555626587N00910226EA0000001068
B1259005626607N00910003EA0000001086
B1259055626645N00909815EA0000001125
B1259105626695N00909687EA0000001152
B1259165626760N00909547EA0000001152
B1259235626842N00909368EA0000001154
B1259285626899N00909232EA0000001159
B1259335626952N00909095EA0000001154
B1259385626986N00908932EA0000001139
B1259445626976N00908697EA0000001122
B1259495626937N00908491EA0000001100
B1259555626887N00908232EA0000001106
B1300005626855N00908021EA0000001117
B1300065626833N00907779EA0000001123
B1300115626822N00907574EA0000001107
B1300165626816N00907355EA0000001107
B1300215626813N00907150EA0000001122
B1300265626811N00906952EA0000001114
B1300325626816N00906703EA0000001103
B1300375626831N00906493EA0000001094
B1300425626852N00906288EA0000001097
B1300475626884N00906088EA0000001083
B1300525626924N00905879EA0000001064
B1300575626967N00905660EA0000001056
B1301025627006N00905439EA0000001049
B1301105627073N00905084EA0000001032
B1301175627140N00904780EA0000001031
B1301225627186N00904564EA0000001029
B1301275627218N00904338EA0000001025
B1301335627237N00904067EA0000001024
B1301435627262N00903618EA0000001012
B1301485627276N00903386EA0000000993
B1301545627289N00903094EA0000000983
B1301595627300N00902855EA0000000992
B1302045627316N00902630EA0000000992
B1302095627326N00902405EA0000000989
B1302155627328N00902136EA0000000979
B1302205627322N00901908EA0000000970
B1302255627315N00901681EA0000000968
B1302315627304N00901413EA0000000958
B1302375627289N00901137EA0000000942
B1302425627273N00900909EA0000000936
B1302485627257N00900633EA0000000926
B1302555627241N00900309EA0000000919
B1303015627228N00900036EA0000000912
B1303065627215N00859810EA0000000903
B1303115627199N00859587EA0000000900
B1303165627186N00859370EA0000000906
B1303215627171N00859161EA0000000904
B1303265627151N00858954EA0000000898
B1303315627129N00858739EA0000000885
B1303365627107N00858518EA0000000882
B1303415627087N00858299EA0000000880
B1303465627071N00858081EA0000000874
B1303515627055N00857858EA0000000865
B1303585627041N00857540EA0000000855
B1304055627040N00857221EA0000000844
B1304105627039N00856991EA0000000839
B1304155627036N00856763EA0000000833
B1304205627036N00856536EA0000000830
B1304295627032N00856131EA0000000813
B1304385627008N00855735EA0000000798
B1304445626983N00855475EA0000000787
B1304495626959N00855255EA0000000780
B1304555626930N00854989EA0000000767
B1305005626889N00854779EA0000000764
B1305055626818N00854597EA0000000757
B1305105626732N00854430EA0000000745
B1305165626647N00854215EA0000000754
B1305215626599N00854021EA0000000770
B1305265626566N00853866EA0000000813
B1305325626579N00853698EA0000000817
B1305375626640N00853597EA0000000817
B1305425626715N00853569EA0000000828
B1305495626813N00853562EA0000000829
B1305545626887N00853575EA0000000828
B1305595626937N00853664EA0000000831
B1306055626950N00853814EA0000000853
B1306105626932N00853913EA0000000868
B1306175626836N00853901EA0000000867
B1306235626825N00853729EA0000000878
B1306285626894N00853669EA0000000879
B1306345626978N00853713EA0000000891
B1306395627016N00853807EA0000000901
B1306445626996N00853925EA0000000904
B1306495626919N00853955EA0000000911
B1306545626873N00853835EA0000000917
B1306595626915N00853707EA0000000920
B1307045626988N00853689EA0000000934
B1307095627036N00853758EA0000000942
B1307145627039N00853876EA0000000933
B1307195626989N00853973EA0000000941
B1307245626916N00854006EA0000000941
B1307295626840N00853967EA0000000951
B1307345626789N00853868EA0000000943
B1307445626776N00853555EA0000000937
B1307495626801N00853415EA0000000941
B1307585626869N00853187EA0000000941
B1308035626927N00853089EA0000000943
B1308085626994N00853005EA0000000940
B1308155627105N00852892EA0000000922
B1308225627232N00852812EA0000000927
B1308275627321N00852809EA0000000927
B1308325627410N00852833EA0000000934
B1308375627493N00852865EA0000000954
B1308425627551N00852930EA0000000968
B1308475627546N00853052EA0000000965
B1308525627484N00853118EA0000000971
B1308575627411N00853086EA0000000975
B1309025627379N00852961EA0000000988
B1309075627423N00852837EA0000000994
B1309125627499N00852826EA0000001007
B1309185627530N00852966EA0000001010
B1309235627478N00853051EA0000001018
B1309285627405N00853022EA0000001017
B1309335627362N00852900EA0000001040
B1309385627357N00852760EA0000001046
B1309435627423N00852664EA0000001057
B1309485627491N00852692EA0000001075
B1309535627512N00852802EA0000001072
B1309585627462N00852897EA0000001073
B1310035627391N00852868EA0000001093
B1310085627345N00852768EA0000001116
B1310135627341N00852631EA0000001112
B1310185627400N00852530EA0000001121
B1310235627470N00852547EA0000001125
B1310295627492N00852696EA0000001119
B1310345627441N00852788EA0000001134
B1310395627369N00852779EA0000001150
B1310445627312N00852693EA0000001162
B1310495627286N00852564EA0000001156
B1310565627282N00852333EA0000001124
B1311015627259N00852134EA0000001093
B1311065627235N00851905EA0000001070
B1311115627217N00851675EA0000001095
B1311165627214N00851482EA0000001128
B1311225627211N00851274EA0000001128
B1311295627195N00851006EA0000001111
B1311355627167N00850781EA0000001121
B1311425627133N00850533EA0000001112
B1311475627101N00850353EA0000001108
B1311525627043N00850214EA0000001123
B1311585626956N00850101EA0000001131
B1312065626841N00849952EA0000001152
B1312125626762N00849829EA0000001151
B1312175626695N00849716EA0000001151
B1312245626604N00849551EA0000001150
B1312295626536N00849428EA0000001139
B1312345626460N00849298EA0000001126
B1312395626380N00849172EA0000001136
B1312445626301N00849059EA0000001134
B1312495626219N00848948EA0000001119
B1312565626097N00848798EA0000001125
B1313015626016N00848701EA0000001142
B1313075625929N00848604EA0000001149
B1313125625847N00848529EA0000001136
B1313175625760N00848453EA0000001138
B1313235625655N00848365EA0000001135
B1313305625531N00848265EA0000001126
B1313355625440N00848193EA0000001111
B1313415625316N00848106EA0000001087
B1313465625206N00848035EA0000001075
B1313515625092N00847965EA0000001066
B1313585624931N00847870EA0000001055
B1314045624792N00847793EA0000001048
B1314105624654N00847710EA0000001042
B1314195624451N00847579EA0000001034
B1314255624317N00847484EA0000001030
B1314305624211N00847378EA0000001028
B1314365624107N00847183EA0000001023
B1314415624028N00846999EA0000001017
B1314505623897N00846650EA0000001011
B1314555623830N00846468EA0000001036
B1315025623738N00846262EA0000001043
B1315075623665N00846126EA0000001032
B1315125623588N00845982EA0000001024
B1315205623471N00845742EA0000001021
B1315255623387N00845617EA0000001018
B1315305623291N00845534EA0000001012
B1315365623172N00845490EA0000001006
B1315425623049N00845473EA0000000993
B1315475622946N00845471EA0000000991
B1315545622808N00845515EA0000000985
B1315595622712N00845537EA0000000985
B1316045622619N00845520EA0000000983
B1316115622489N00845460EA0000000976
B1316175622382N00845385EA0000000977
B1316235622294N00845254EA0000000985
B1316295622244N00845092EA0000001015
B1316355622256N00844935EA0000001020
B1316405622325N00844869EA0000001022
B1316455622392N00844918EA0000001029
B1316505622419N00845033EA0000001025
B1316555622399N00845147EA0000001040
B1317005622360N00845224EA0000001046
B1317065622285N00845269EA0000001050
B1317125622209N00845271EA0000001059
B1317175622148N00845209EA0000001062
B1317245622105N00845047EA0000001076
B1317305622122N00844881EA0000001081
B1317355622177N00844785EA0000001086
B1317405622252N00844781EA0000001083
B1317455622299N00844884EA0000001086
B1317515622284N00845024EA0000001104
B1317565622238N00845100EA0000001111
B1318015622177N00845123EA0000001118
B1318065622116N00845068EA0000001122
B1318115622084N00844946EA0000001132
B1318175622096N00844782EA0000001146
B1318235622165N00844670EA0000001146
B1318295622254N00844696EA0000001154
B1318345622286N00844807EA0000001154
B1318395622259N00844920EA0000001160
B1318445622198N00844953EA0000001175
B1318495622142N00844873EA0000001170
B1318545622137N00844729EA0000001186
B1319015622217N00844610EA0000001192
B1319065622292N00844643EA0000001192
B1319115622328N00844749EA0000001201
B1319165622306N00844861EA0000001204
B1319225622234N00844886EA0000001219
B1319275622178N00844803EA0000001218
B1319325622153N00844667EA0000001224
B1319385622189N00844501EA0000001231
B1319435622244N00844375EA0000001223
B1319485622300N00844226EA0000001221
B1319565622400N00843990EA0000001232
B1320015622469N00843860EA0000001237
B1320065622541N00843741EA0000001250
B1320115622602N00843614EA0000001265
B1320165622606N00843446EA0000001271
B1320215622556N00843315EA0000001288
B1320285622450N00843272EA0000001307
B1320335622374N00843272EA0000001311
B1320385622299N00843285EA0000001304
B1320435622215N00843237EA0000001287
B1320485622123N00843143EA0000001265
B1320555621983N00842986EA0000001241
B1321005621877N00842868EA0000001232
B1321075621728N00842701EA0000001221
B1321125621619N00842579EA0000001207
B1321175621506N00842458EA0000001195
B1321265621296N00842236EA0000001182
B1321315621183N00842113EA0000001180
B1321365621079N00842132EA0000001176
B1321425621013N00842336EA0000001164
B1321475620965N00842519EA0000001156
B1321535620916N00842745EA0000001152
B1321585620878N00842934EA0000001150
B1322035620839N00843121EA0000001147
B1322085620801N00843306EA0000001141
B1322135620761N00843497EA0000001127
B1322205620708N00843776EA0000001114
B1322265620666N00844012EA0000001108
B1322315620632N00844203EA0000001106
B1322365620597N00844390EA0000001097
B1322415620559N00844577EA0000001093
B1322465620524N00844761EA0000001092
B1322515620493N00844945EA0000001083
B1322585620443N00845207EA0000001065
B1323045620395N00845437EA0000001054
B1323095620351N00845625EA0000001046
B1323155620285N00845845EA0000001035
B1323205620222N00846020EA0000001053
B1323255620164N00846152EA0000001107
B1323325620091N00846307EA0000001128
B1323395620013N00846455EA0000001147
B1323445619958N00846561EA0000001151
B1323505619890N00846695EA0000001140
B1323565619801N00846856EA0000001121
B1324015619714N00846985EA0000001135
B1324085619574N00847112EA0000001146
B1324135619470N00847193EA0000001157
B1324195619342N00847293EA0000001165
B1324245619241N00847405EA0000001175
B1324305619147N00847584EA0000001201
B1324355619065N00847733EA0000001188
B1324405618972N00847888EA0000001177
B1324465618852N00848060EA0000001172
B1324515618750N00848195EA0000001160
B1324565618647N00848322EA0000001154
B1325015618542N00848430EA0000001155
B1325075618416N00848530EA0000001172
B1325125618308N00848594EA0000001172
B1325175618199N00848649EA0000001170
B1325235618064N00848705EA0000001158
B1325285617948N00848745EA0000001151
B1325335617833N00848788EA0000001147
B1325385617716N00848832EA0000001138
B1325435617599N00848876EA0000001135
B1325485617486N00848916EA0000001139
B1325535617373N00848953EA0000001129
B1326005617209N00849001EA0000001116
B1326065617076N00849051EA0000001121
B1326125616949N00849098EA0000001120
B1326175616845N00849131EA0000001114
B1326225616739N00849171EA0000001103
B1326275616629N00849208EA0000001095
B1326345616477N00849260EA0000001086
B1326395616367N00849294EA0000001080
B1326445616259N00849327EA0000001080
B1326525616087N00849387EA0000001066
B1326575615975N00849421EA0000001058
B1327035615839N00849456EA0000001051
B1327095615704N00849498EA0000001044
B1327145615591N00849531EA0000001032
B1327195615474N00849575EA0000001025
B1327245615360N00849620EA0000001026
B1327305615228N00849670EA0000001021
B1327375615071N00849737EA0000001003
B1327425614957N00849783EA0000000998
B1327475614846N00849827EA0000000996
B1327525614738N00849869EA0000001004
B1327595614612N00849925EA0000001034
B1328045614526N00849961EA0000001030
B1328115614399N00850003EA0000001014
B1328165614301N00850031EA0000001003
B1328225614178N00850073EA0000000998
B1328285614055N00850110EA0000001004
B1328335613956N00850139EA0000001003
B1328405613822N00850205EA0000001007
B1328455613725N00850251EA0000001005
B1328505613625N00850299EA0000001015
B1328555613533N00850346EA0000001016
B1329015613419N00850408EA0000000995
B1329065613322N00850464EA0000000993
B1329115613226N00850518EA0000000992
B1329165613129N00850559EA0000000991
B1329215613027N00850596EA0000000983
B1329275612905N00850627EA0000000988
B1329335612781N00850659EA0000000971
B1329395612656N00850691EA0000000985
B1329445612564N00850642EA0000001014
B1329495612520N00850502EA0000001030
B1329545612545N00850341EA0000001023
B1329595612623N00850254EA0000001035
B1330045612702N00850262EA0000001039
B1330095612745N00850352EA0000001058
B1330155612710N00850457EA0000001061
B1330205612639N00850450EA0000001069
B1330255612584N00850346EA0000001077
B1330305612575N00850194EA0000001075
B1330355612616N00850056EA0000001075
B1330405612694N00849995EA0000001068
B1330465612800N00850026EA0000001065
B1330515612873N00850090EA0000001080
B1330565612884N00850200EA0000001087
B1331015612838N00850271EA0000001086
B1331065612765N00850247EA0000001087
B1331115612699N00850151EA0000001100
B1331165612667N00850012EA0000001108
B1331215612689N00849870EA0000001113
B1331265612760N00849790EA0000001104
B1331315612834N00849820EA0000001110
B1331375612880N00849942EA0000001120
B1331435612881N00850070EA0000001124
B1331495612812N00850148EA0000001125
B1331545612740N00850125EA0000001135
B1331595612697N00849989EA0000001147
B1332045612716N00849830EA0000001153
B1332095612782N00849731EA0000001159
B1332145612858N00849733EA0000001162
B1332195612911N00849811EA0000001169
B1332245612921N00849919EA0000001173
B1332295612902N00850028EA0000001180
B1332345612879N00850135EA0000001182
B1332395612826N00850218EA0000001184
B1332445612755N00850236EA0000001195
B1332495612695N00850143EA0000001208
B1332545612692N00849983EA0000001212
B1333005612767N00849835EA0000001224
B1333055612850N00849812EA0000001238
B1333105612914N00849878EA0000001244
B1333165612930N00850021EA0000001251
B1333215612892N00850121EA0000001254
B1333275612809N00850163EA0000001264
B1333325612735N00850128EA0000001272
B1333375612674N00850024EA0000001280
B1333425612623N00849889EA0000001282
B1333485612562N00849714EA0000001283
B1333535612510N00849553EA0000001291
B1334005612431N00849325EA0000001281
B1334055612367N00849157EA0000001273
B1334105612293N00848994EA0000001265
B1334175612197N00848768EA0000001271
B1334225612137N00848595EA0000001268
B1334305612047N00848311EA0000001267
B1334365611982N00848091EA0000001263
B1334435611903N00847832EA0000001256
B1334485611845N00847633EA0000001243
B1334535611786N00847433EA0000001239
B1334585611717N00847247EA0000001236
B1335055611603N00847028EA0000001239
B1335105611514N00846884EA0000001234
B1335155611422N00846740EA0000001227
B1335205611333N00846614EA0000001252
B1335265611250N00846481EA0000001259
B1335325611159N00846338EA0000001237
B1335395611040N00846168EA0000001218
B1335465610914N00846003EA0000001204
B1335515610820N00845890EA0000001200
B1336005610645N00845686EA0000001186
B1336065610529N00845553EA0000001179
B1336125610409N00845417EA0000001169
B1336175610308N00845295EA0000001160
B1336225610206N00845177EA0000001156
B1336275610103N00845063EA0000001149
B1336375609896N00844838EA0000001147
B1336425609796N00844727EA0000001144
B1336475609695N00844617EA0000001136
B1336535609569N00844499EA0000001130
B1336595609439N00844393EA0000001122
B1337055609307N00844292EA0000001107
B1337105609196N00844215EA0000001099
B1337165609063N00844134EA0000001092
B1337215608951N00844081EA0000001088
B1337285608794N00844031EA0000001080
B1337345608666N00844024EA0000001076
B1337395608565N00844068EA0000001061
B1337445608469N00844167EA0000001045
B1337505608361N00844300EA0000001074
B1337555608295N00844430EA0000001085
B1338005608245N00844568EA0000001094
B1338075608171N00844757EA0000001089
B1338125608122N00844892EA0000001096
B1338175608078N00845029EA0000001090
B1338225608039N00845173EA0000001088
B1338275608012N00845316EA0000001102
B1338345607983N00845509EA0000001090
B1338405607970N00845699EA0000001098
B1338465607962N00845882EA0000001116
B1338515607954N00846024EA0000001132
B1338565607948N00846158EA0000001140
B1339015607941N00846290EA0000001138
B1339065607926N00846424EA0000001129
B1339135607880N00846614EA0000001116
B1339195607829N00846763EA0000001115
B1339245607784N00846891EA0000001113
B1339305607728N00847040EA0000001123
B1339365607671N00847189EA0000001109
B1339425607605N00847343EA0000001119
B1339475607544N00847459EA0000001128
B1339525607484N00847577EA0000001143
B1339585607423N00847700EA0000001176
B1340045607367N00847818EA0000001176
B1340115607298N00847970EA0000001179
B1340165607247N00848079EA0000001199
B1340215607202N00848180EA0000001213
B1340275607148N00848299EA0000001214
B1340335607087N00848431EA0000001204
B1340405607011N00848605EA0000001214
B1340455606954N00848728EA0000001203
B1340515606879N00848888EA0000001186
B1340575606803N00849047EA0000001174
B1341025606737N00849183EA0000001160
B1341095606651N00849390EA0000001156
B1341145606595N00849537EA0000001163
B1341195606538N00849680EA0000001156
B1341245606475N00849826EA0000001148
B1341295606414N00849978EA0000001142
B1341345606355N00850129EA0000001135
B1341405606281N00850310EA0000001120
B1341455606219N00850459EA0000001122
B1341515606144N00850630EA0000001128
B1341575606069N00850786EA0000001132
B1342025606000N00850918EA0000001121
B1342075605929N00851049EA0000001117
B1342145605826N00851226EA0000001101
B1342195605746N00851359EA0000001065
B1342245605659N00851505EA0000001045
B1342305605556N00851683EA0000001038
B1342355605468N00851832EA0000001024
B1342415605363N00852007EA0000001027
B1342465605280N00852152EA0000001025
B1342535605169N00852347EA0000001029
B1342585605096N00852475EA0000001016
B1343035605019N00852608EA0000000994
B1343095604924N00852770EA0000000991
B1343145604851N00852899EA0000000998
B1343195604778N00853023EA0000000990
B1343245604695N00853130EA0000000981
B1343295604603N00853202EA0000000978
B1343345604505N00853253EA0000000962
B1343395604401N00853298EA0000000944
B1343445604295N00853349EA0000000932
B1343495604190N00853397EA0000000928
B1343545604087N00853439EA0000000929
B1344025603918N00853506EA0000000910
B1344085603791N00853556EA0000000910
B1344135603688N00853591EA0000000909
B1344215603522N00853628EA0000000895
B1344265603418N00853647EA0000000891
B1344315603315N00853664EA0000000884
B1344365603212N00853680EA0000000878
B1344435603067N00853710EA0000000872
B1344495602946N00853741EA0000000870
B1344575602790N00853782EA0000000860
B1345025602692N00853807EA0000000853
B1345095602551N00853842EA0000000834
B1345145602448N00853865EA0000000827
B1345215602305N00853906EA0000000816
B1345265602203N00853935EA0000000809
B1345315602100N00853965EA0000000800
B1345365602001N00854000EA0000000800
B1345435601862N00854037EA0000000789
B1345485601762N00854043EA0000000777
B1345535601661N00854043EA0000000765
B1345595601532N00854038EA0000000748
B1346055601403N00854037EA0000000747
B1346105601295N00854028EA0000000748
B1346155601195N00854013EA0000000757
B1346205601094N00853999EA0000000758
B1346255601002N00853962EA0000000776
B1346305600941N00853837EA0000000789
B1346365600879N00853662EA0000000781
B1346415600792N00853607EA0000000764
B1346465600708N00853665EA0000000751
B1346535600638N00853831EA0000000742
B1347015600577N00854037EA0000000725
B1347065600546N00854171EA0000000715
B1347115600517N00854310EA0000000698
B1347165600485N00854467EA0000000680
B1347215600456N00854622EA0000000684
B1347265600430N00854765EA0000000678
B1347325600397N00854940EA0000000666
B1347375600371N00855091EA0000000657
B1347445600323N00855295EA0000000648
B1347495600284N00855437EA0000000645
B1347555600236N00855604EA0000000643
B1348005600201N00855739EA0000000649
B1348065600157N00855900EA0000000651
B1348115600122N00856030EA0000000658
B1348165600068N00856124EA0000000665
B1348215559996N00856163EA0000000666
B1348265559918N00856116EA0000000663
B1348315559864N00855980EA0000000659
B1348365559870N00855801EA0000000658
B1348415559941N00855666EA0000000651
B1348465600043N00855641EA0000000643
B1348515600124N00855719EA0000000646
B1348585600166N00855904EA0000000641
B1349085600166N00856199EA0000000639
B1349135600151N00856351EA0000000650
B1349185600091N00856435EA0000000675
B1349235600020N00856384EA0000000696
B1349295600004N00856204EA0000000703
B1349345600060N00856072EA0000000704
B1349405600161N00856037EA0000000698
B1349465600238N00856126EA0000000714
B1349515600248N00856233EA0000000724
B1349565600202N00856304EA0000000732
B1350015600132N00856286EA0000000731
B1350065600074N00856170EA0000000734
B1350115600078N00855996EA0000000742
B1350165600148N00855871EA0000000744
B1350215600240N00855849EA0000000748
B1350265600303N00855931EA0000000759
B1350315600339N00856050EA0000000764
B1350365600363N00856174EA0000000771
B1350415600349N00856303EA0000000761
B1350465600327N00856438EA0000000754
B1350515600294N00856573EA0000000746
B1350565600257N00856704EA0000000741
B1351025600205N00856857EA0000000727
B1351105600122N00857065EA0000000713
B1351155600068N00857194EA0000000715
B1351215600005N00857337EA0000000710
B1351265559950N00857454EA0000000703
B1351325559895N00857607EA0000000709
B1351375559835N00857681EA0000000736
B1351425559763N00857637EA0000000747
B1351475559728N00857509EA0000000757
B1351525559745N00857362EA0000000756
B1351575559811N00857266EA0000000761
B1352025559888N00857264EA0000000760
B1352075559942N00857344EA0000000762
B1352135559961N00857480EA0000000769
B1352185559921N00857566EA0000000769
B1352235559850N00857569EA0000000776
B1352285559786N00857482EA0000000785
B1352335559777N00857328EA0000000799
B1352385559835N00857222EA0000000805
B1352445559928N00857237EA0000000810
B1352505559953N00857363EA0000000811
B1352555559899N00857426EA0000000816
B1353005559826N00857368EA0000000823
B1353055559801N00857220EA0000000840
B1353105559848N00857096EA0000000848
B1353155559928N00857074EA0000000848
B1353205559984N00857153EA0000000848
B1353255559979N00857263EA0000000849
B1353305559918N00857311EA0000000854
B1353355559845N00857270EA0000000865
B1353415559813N00857103EA0000000881
B1353465559870N00856990EA0000000885
B1353515559947N00857007EA0000000887
B1353565559973N00857118EA0000000893
B1354015559934N00857205EA0000000904
B1354075559850N00857201EA0000000915
B1354125559805N00857085EA0000000928
B1354175559820N00856928EA0000000934
B1354225559887N00856825EA0000000945
B1354275559964N00856826EA0000000949
B1354325600010N00856920EA0000000951
B1354375559999N00857030EA0000000956
B1354425559941N00857084EA0000000970
B1354475559876N00857037EA0000000979
B1354525559848N00856901EA0000000984
B1354575559871N00856746EA0000000987
B1355025559942N00856645EA0000000996
B1355075600023N00856649EA0000001000
B1355125600065N00856746EA0000001004
B1355175600050N00856850EA0000001011
B1355225559994N00856901EA0000001019
B1355285559911N00856878EA0000001033
B1355335559844N00856824EA0000001043
B1355385559806N00856691EA0000001054
B1355435559819N00856526EA0000001065
B1355485559884N00856413EA0000001074
B1355535559965N00856399EA0000001082
B1355585600024N00856474EA0000001079
B1356035600031N00856592EA0000001083
B1356085559982N00856677EA0000001094
B1356145559895N00856690EA0000001111
B1356195559830N00856604EA0000001127
B1356245559819N00856444EA0000001138
B1356295559869N00856306EA0000001150
B1356345559947N00856262EA0000001156
B1356395600017N00856316EA0000001156
B1356445600046N00856429EA0000001159
B1356495600024N00856546EA0000001168
B1356545559975N00856622EA0000001184
B1357005559896N00856559EA0000001184
B1357055559866N00856401EA0000001190
B1357105559895N00856235EA0000001206
B1357155559963N00856131EA0000001220
B1357215600061N00856098EA0000001223
B1357305600176N00856221EA0000001225
B1357385600246N00856386EA0000001231
B1357435600296N00856493EA0000001233
B1357505600364N00856643EA0000001248
B1357555600412N00856751EA0000001241
B1358015600479N00856899EA0000001218
B1358065600538N00857033EA0000001214
B1358115600562N00857178EA0000001215
B1358165600505N00857270EA0000001213
B1358215600424N00857235EA0000001221
B1358265600363N00857104EA0000001207
B1358325600325N00856869EA0000001198
B1358395600323N00856582EA0000001220
B1358455600344N00856341EA0000001219
B1358505600374N00856135EA0000001230
B1358555600402N00855962EA0000001246
B1359005600436N00855783EA0000001231
B1359085600504N00855462EA0000001205
B1359135600552N00855243EA0000001192
B1359205600616N00854923EA0000001171
B1359265600677N00854641EA0000001154
B1359315600733N00854405EA0000001149
B1359375600802N00854116EA0000001128
B1359435600876N00853822EA0000001121
B1359485600938N00853586EA0000001142
B1359555601001N00853334EA0000001203
B1400015601038N00853136EA0000001220
B1400105601089N00852845EA0000001237
B1400175601128N00852619EA0000001244
B1400225601162N00852459EA0000001233
B1400275601208N00852282EA0000001206
B1400335601276N00852048EA0000001191
B1400385601337N00851844EA0000001172
B1400435601398N00851631EA0000001159
B1400505601480N00851314EA0000001144
B1400555601534N00851075EA0000001135
B1401025601605N00850740EA0000001143
B1401075601650N00850510EA0000001142
B1401135601702N00850238EA0000001123
B1401215601771N00849853EA0000001101
B1401265601810N00849618EA0000001130
B1401325601850N00849380EA0000001148
B1401385601889N00849146EA0000001149
B1401435601924N00848956EA0000001168
B1401485601944N00848787EA0000001173
B1401545601968N00848570EA0000001129
B1402005601999N00848307EA0000001126
B1402055602017N00848110EA0000001170
B1402105602033N00847950EA0000001188
B1402155602050N00847778EA0000001171
B1402205602069N00847586EA0000001176
B1402275602102N00847333EA0000001201
B1402325602127N00847156EA0000001215
B1402385602151N00846962EA0000001249
B1402445602171N00846765EA0000001250
B1402505602199N00846558EA0000001265
B1402555602222N00846389EA0000001276
B1403005602247N00846216EA0000001275
B1403055602275N00846031EA0000001273
B1403105602305N00845840EA0000001277
B1403195602364N00845496EA0000001302
B1403265602419N00845255EA0000001308
B1403315602463N00845081EA0000001298
B1403385602530N00844808EA0000001259
B1403455602602N00844502EA0000001246
B1403515602658N00844239EA0000001242
B1403565602708N00844019EA0000001236
B1404035602785N00843712EA0000001234
B1404085602841N00843495EA0000001226
B1404145602906N00843230EA0000001211
B1404195602962N00843002EA0000001193
B1404255603023N00842723EA0000001186
B1404315603063N00842437EA0000001176
B1404375603090N00842151EA0000001170
B1404455603132N00841789EA0000001174
B1404505603168N00841571EA0000001172
B1404565603223N00841320EA0000001175
B1405015603276N00841127EA0000001185
B1405065603330N00840953EA0000001204
B1405125603396N00840773EA0000001211
B1405185603469N00840592EA0000001183
B1405235603536N00840409EA0000001172
B1405285603592N00840236EA0000001215
B1405355603656N00840020EA0000001208
B1405415603712N00839813EA0000001215
B1405465603754N00839642EA0000001222
B1405525603808N00839446EA0000001217
B1405575603853N00839272EA0000001211
B1406045603929N00839049EA0000001218
B1406105603992N00838841EA0000001183
B1406155604046N00838637EA0000001171
B1406205604095N00838434EA0000001207
B1406265604142N00838246EA0000001244
B1406315604219N00838174EA0000001239
B1406365604295N00838205EA0000001241
B1406415604329N00838319EA0000001226
B1406465604310N00838438EA0000001234
B1406515604253N00838500EA0000001246
B1406565604184N00838507EA0000001265
B1407025604131N00838369EA0000001268
B1407085604201N00838218EA0000001277
B1407135604272N00838275EA0000001288
B1407185604272N00838376EA0000001302
B1407245604197N00838397EA0000001302
B1407295604152N00838271EA0000001315
B1407355604189N00838089EA0000001324
B1407405604276N00838056EA0000001318
B1407455604327N00838154EA0000001326
B1407505604301N00838239EA0000001343
B1407565604218N00838208EA0000001344
B1408015604173N00838086EA0000001363
B1408065604169N00837932EA0000001370
B1408125604217N00837759EA0000001365
B1408175604291N00837682EA0000001370
B1408225604372N00837701EA0000001359
B1408275604422N00837806EA0000001342
B1408325604403N00837925EA0000001347
B1408375604336N00837948EA0000001366
B1408445604240N00837856EA0000001384
B1408495604215N00837710EA0000001392
B1408545604276N00837587EA0000001386
B1409005604362N00837637EA0000001381
B1409055604357N00837752EA0000001367
B1409105604288N00837776EA0000001386
B1409175604209N00837633EA0000001398
B1409245604163N00837423EA0000001388
B1409295604159N00837237EA0000001357
B1409355604200N00836986EA0000001343
B1409415604263N00836755EA0000001353
B1409485604348N00836513EA0000001361
B1409545604423N00836314EA0000001338
B1410015604544N00836076EA0000001311
B1410075604650N00835853EA0000001302
B1410145604767N00835593EA0000001297
B1410215604875N00835336EA0000001309
B1410275604960N00835133EA0000001304
B1410325605032N00834953EA0000001287
B1410385605115N00834720EA0000001273
B1410435605180N00834520EA0000001267
B1410485605242N00834323EA0000001267
B1410535605305N00834118EA0000001253
B1410585605369N00833907EA0000001250
B1411045605446N00833672EA0000001255
B1411115605533N00833392EA0000001229
B1411165605594N00833178EA0000001218
B1411215605650N00832964EA0000001214
B1411265605705N00832757EA0000001210
B1411315605756N00832550EA0000001206
B1411365605807N00832351EA0000001205
B1411415605855N00832151EA0000001208
B1411465605870N00831928EA0000001193
B1411535605861N00831603EA0000001196
B1411595605862N00831348EA0000001219
B1412045605892N00831163EA0000001236
B1412105605969N00831005EA0000001241
B1412165606060N00830868EA0000001233
B1412215606138N00830749EA0000001225
B1412265606209N00830607EA0000001206
B1412325606262N00830374EA0000001176
B1412455606289N00829807EA0000001168
B1412585606281N00829259EA0000001160
B1413035606277N00829052EA0000001156
B1413095606272N00828800EA0000001151
B1413145606265N00828595EA0000001158
B1413195606260N00828393EA0000001148
B1413245606256N00828184EA0000001140
B1413335606241N00827826EA0000001157
B1413405606229N00827569EA0000001161
B1413455606217N00827389EA0000001176
B1413515606202N00827210EA0000001195
B1413575606132N00827126EA0000001182
B1414025606071N00827152EA0000001185
B1414085606047N00827268EA0000001176
B1414135606093N00827371EA0000001176
B1414185606176N00827385EA0000001178
B1414255606287N00827284EA0000001182
B1414315606342N00827114EA0000001177
B1414365606344N00826944EA0000001176
B1414415606334N00826786EA0000001187
B1414465606288N00826684EA0000001184
B1414525606213N00826712EA0000001181
B1414575606196N00826808EA0000001186
B1415025606231N00826902EA0000001174
B1415075606314N00826923EA0000001171
B1415125606387N00826831EA0000001170
B1415175606422N00826679EA0000001170
B1415245606406N00826463EA0000001177
B1415315606380N00826265EA0000001176
B1415375606349N00826086EA0000001160
B1415435606302N00825897EA0000001151
B1415505606238N00825686EA0000001146
B1415565606172N00825520EA0000001139
B1416035606092N00825320EA0000001126
B1416085606026N00825200EA0000001123
B1416145605942N00825071EA0000001114
B1416205605856N00824923EA0000001103
B1416255605784N00824799EA0000001107
B1416315605704N00824665EA0000001116
B1416365605639N00824553EA0000001105
B1416445605527N00824348EA0000001090
B1416515605433N00824164EA0000001107
B1416565605379N00824030EA0000001100
B1417015605318N00823885EA0000001085
B1417065605256N00823746EA0000001108
B1417115605234N00823594EA0000001133
B1417175605283N00823420EA0000001121
B1417225605374N00823361EA0000001125
B1417275605439N00823437EA0000001139
B1417335605416N00823568EA0000001145
B1417385605349N00823587EA0000001156
B1417435605282N00823521EA0000001162
B1417485605240N00823384EA0000001163
B1417545605258N00823175EA0000001162
B1417595605313N00823034EA0000001164
B1418045605392N00822945EA0000001153
B1418095605478N00822953EA0000001159
B1418145605528N00823042EA0000001162
B1418205605511N00823184EA0000001162
B1418255605452N00823252EA0000001176
B1418315605372N00823227EA0000001197
B1418365605338N00823095EA0000001195
B1418415605366N00822939EA0000001191
B1418465605440N00822840EA0000001179
B1418515605528N00822843EA0000001190
B1418565605580N00822922EA0000001189
B1419025605572N00823063EA0000001189
B1419085605519N00823154EA0000001203
B1419135605457N00823176EA0000001192
B1419185605386N00823125EA0000001188
B1419255605298N00823019EA0000001201
B1419315605217N00822995EA0000001181
B1419365605135N00822982EA0000001164
B1419415605068N00822884EA0000001181
B1419465605027N00822751EA0000001208
B1419525604962N00822735EA0000001205
B1419575604962N00822843EA0000001202
B1420025605031N00822904EA0000001193
B1420095605130N00822763EA0000001219
B1420165605110N00822558EA0000001242
B1420215605077N00822419EA0000001235
B1420315605032N00822070EA0000001223
B1420365605058N00821879EA0000001241
B1420415605121N00821753EA0000001259
B1420465605208N00821728EA0000001243
B1420515605273N00821813EA0000001243
B1420565605281N00821923EA0000001242
B1421035605208N00822014EA0000001248
B1421085605151N00822071EA0000001251
B1421135605101N00822129EA0000001264
B1421195605030N00822135EA0000001269
B1421255604951N00822077EA0000001264
B1421345604825N00821927EA0000001265
B1421395604764N00821819EA0000001284
B1421455604695N00821686EA0000001292
B1421505604628N00821604EA0000001294
B1421555604565N00821619EA0000001289
B1422005604549N00821720EA0000001284
B1422055604597N00821822EA0000001284
B1422115604705N00821853EA0000001292
B1422165604803N00821765EA0000001296
B1422215604867N00821605EA0000001310
B1422275604900N00821395EA0000001335
B1422325604878N00821246EA0000001330
B1422375604813N00821171EA0000001331
B1422425604756N00821208EA0000001320
B1422475604755N00821322EA0000001320
B1422525604813N00821411EA0000001325
B1422595604941N00821405EA0000001331
B1423065605054N00821253EA0000001341
B1423125605132N00821081EA0000001324
B1423175605163N00820882EA0000001310
B1423245605126N00820613EA0000001321
B1423295605062N00820487EA0000001315
B1423365604944N00820452EA0000001309
B1423415604867N00820492EA0000001316
B1423475604804N00820604EA0000001310
B1423535604777N00820761EA0000001300
B1423585604778N00820907EA0000001301
B1424065604796N00821129EA0000001302
B1424135604812N00821326EA0000001293
B1424185604834N00821476EA0000001292
B1424245604849N00821659EA0000001300
B1424305604850N00821810EA0000001335
B1424455604842N00822145EA0000001339
B1424505604825N00822264EA0000001323
B1424555604798N00822393EA0000001304
B1425015604780N00822579EA0000001306
B1425065604829N00822719EA0000001334
B1425115604916N00822783EA0000001343
B1425165605007N00822713EA0000001361
B1425215605047N00822547EA0000001363
B1425265605016N00822384EA0000001375
B1425325604926N00822319EA0000001381
B1425385604859N00822413EA0000001394
B1425455604868N00822584EA0000001421
B1425515604958N00822643EA0000001421
B1426115604929N00822198EA0000001449
B1426165604872N00822267EA0000001465
B1426215604853N00822372EA0000001478
B1426265604891N00822473EA0000001484
B1426315604976N00822496EA0000001485
B1426435605071N00822145EA0000001489
B1426485605011N00822009EA0000001495
B1426545604924N00821969EA0000001509
B1427005604859N00822048EA0000001517
B1427065604812N00822154EA0000001531
B1427125604805N00822288EA0000001536
B1427175604849N00822383EA0000001550
B1427225604933N00822400EA0000001555
B1427295605048N00822258EA0000001551
B1427355605137N00822081EA0000001549
B1427405605210N00821929EA0000001549
B1427485605325N00821691EA0000001550
B1427575605445N00821378EA0000001525
B1428095605526N00820852EA0000001509
B1428235605620N00820242EA0000001514
B1428285605683N00820057EA0000001510
B1428335605767N00819900EA0000001500
B1428385605866N00819776EA0000001483
B1428445605999N00819676EA0000001470
B1428495606114N00819634EA0000001470
B1428565606274N00819603EA0000001465
B1429015606387N00819584EA0000001455
B1429065606503N00819565EA0000001448
B1429135606670N00819534EA0000001442
B1429185606787N00819522EA0000001437
B1429255606957N00819512EA0000001420
B1429305607075N00819505EA0000001425
B1429365607213N00819523EA0000001407
B1429425607341N00819590EA0000001401
B1429495607482N00819693EA0000001391
B1429555607606N00819768EA0000001390
B1430015607727N00819838EA0000001381
B1430085607865N00819923EA0000001375
B1430155607981N00820046EA0000001381
B1430205608046N00820163EA0000001388
B1430265608103N00820326EA0000001393
B1430315608137N00820471EA0000001395
B1430365608166N00820617EA0000001394
B1430415608188N00820756EA0000001404
B1430475608211N00820911EA0000001375
B1430525608224N00821060EA0000001351
B1430585608235N00821261EA0000001337
B1431035608246N00821431EA0000001334
B1431085608258N00821600EA0000001326
B1431145608254N00821797EA0000001325
B1431195608235N00821956EA0000001318
B1431245608217N00822109EA0000001320
B1431295608205N00822258EA0000001316
B1431345608191N00822402EA0000001335
B1431405608175N00822556EA0000001361
B1431455608158N00822686EA0000001362
B1431515608131N00822856EA0000001362
B1431565608112N00822999EA0000001369
B1432015608092N00823140EA0000001383
B1432065608073N00823268EA0000001390
B1432115608054N00823401EA0000001391
B1432185608027N00823603EA0000001374
B1432235608007N00823752EA0000001381
B1432285607988N00823898EA0000001371
B1432345607958N00824075EA0000001360
B1432395607934N00824224EA0000001353
B1432445607913N00824374EA0000001339
B1432515607880N00824586EA0000001320
B1432565607858N00824743EA0000001312
B1433015607838N00824901EA0000001307
B1433065607816N00825061EA0000001304
B1433115607794N00825221EA0000001309
B1433165607769N00825379EA0000001299
B1433225607734N00825568EA0000001290
B1433275607702N00825716EA0000001286
B1433335607664N00825892EA0000001275
B1433385607629N00826041EA0000001268
B1433435607592N00826186EA0000001275
B1433495607551N00826350EA0000001289
B1433555607507N00826523EA0000001275
B1434025607455N00826727EA0000001280
B1434085607415N00826902EA0000001264
B1434135607384N00827047EA0000001260
B1434215607338N00827275EA0000001250
B1434265607311N00827422EA0000001243
B1434335607272N00827626EA0000001230
B1434395607237N00827804EA0000001215
B1434445607208N00827962EA0000001202
B1434495607175N00828120EA0000001195
B1434545607143N00828273EA0000001199
B1434595607113N00828424EA0000001194
B1435065607072N00828636EA0000001190
B1435135607036N00828847EA0000001185
B1435185607008N00829000EA0000001175
B1435235606975N00829146EA0000001181
B1435315606925N00829370EA0000001175
B1435375606887N00829535EA0000001164
B1435425606852N00829677EA0000001155
B1435475606816N00829822EA0000001148
B1435525606780N00829965EA0000001140
B1435575606741N00830109EA0000001130
B1436025606699N00830255EA0000001124
B1436075606658N00830401EA0000001118
B1436145606601N00830609EA0000001110
B1436205606558N00830786EA0000001105
B1436265606506N00830953EA0000001098
B1436345606433N00831170EA0000001081
B1436395606390N00831308EA0000001075
B1436445606347N00831451EA0000001064
B1436495606299N00831591EA0000001057
B1436555606240N00831757EA0000001047
B1437015606174N00831921EA0000001035
B1437065606120N00832068EA0000001025
B1437115606071N00832215EA0000001028
B1437165606024N00832358EA0000001009
B1437215605978N00832509EA0000000996
B1437285605913N00832725EA0000000975
B1437345605854N00832916EA0000000970
B1437395605797N00833050EA0000000973
B1437445605739N00833183EA0000000958
B1437505605670N00833344EA0000000947
B1437555605619N00833487EA0000000936
B1438005605568N00833629EA0000000925
B1438065605479N00833746EA0000000918
B1438115605401N00833839EA0000000904
B1438165605349N00833977EA0000000905
B1438215605321N00834117EA0000000924
B1438265605295N00834251EA0000000917
B1438315605271N00834388EA0000000921
B1438365605251N00834529EA0000000910
B1438445605243N00834766EA0000000934
B1438505605213N00834892EA0000000940
B1438565605193N00835029EA0000000944
B1439015605256N00835119EA0000000935
B1439065605353N00835151EA0000000929
B1439115605425N00835244EA0000000938
B1439185605443N00835417EA0000000954
B1439245605383N00835491EA0000000962
B1439295605316N00835455EA0000000969
B1439375605271N00835260EA0000000975
B1439435605319N00835101EA0000000973
B1439485605402N00835030EA0000000962
B1439545605503N00835078EA0000000965
B1439595605552N00835183EA0000000972
B1440045605548N00835306EA0000000974
B1440095605500N00835389EA0000000978
B1440145605431N00835415EA0000000979
B1440205605350N00835348EA0000000978
B1440255605280N00835282EA0000000975
B1440305605204N00835235EA0000000966
B1440355605123N00835200EA0000000961
B1440415605018N00835164EA0000000956
B1440465604938N00835107EA0000000984
B1440535604911N00834886EA0000000985
B1440585604965N00834733EA0000000991
B1441035605052N00834673EA0000000991
B1441085605130N00834730EA0000000982
B1441135605161N00834859EA0000000977
B1441185605133N00834980EA0000000973
B1441235605066N00835055EA0000000975
B1441315604958N00835178EA0000000975
B1441365604879N00835215EA0000000993
B1441455604797N00834992EA0000001000
B1441505604839N00834831EA0000001003
B1441555604920N00834750EA0000000999
B1442015605012N00834797EA0000001004
B1442065605042N00834904EA0000001011
B1442115605030N00835019EA0000001014
B1442175604978N00835132EA0000001023
B1442225604908N00835156EA0000001017
B1442315604819N00834950EA0000001035
B1442385604882N00834734EA0000001031
B1442435604974N00834679EA0000001033
B1442485605050N00834731EA0000001039
B1442535605064N00834850EA0000001045
B1442595605021N00834979EA0000001045
B1443045604971N00835068EA0000001054
B1443095604922N00835140EA0000001067
B1443145604855N00835145EA0000001063
B1443205604785N00835018EA0000001071
B1443255604783N00834848EA0000001080
B1443305604838N00834704EA0000001087
B1443355604926N00834652EA0000001096
B1443405605003N00834700EA0000001099
B1443455605039N00834810EA0000001101
B1443505605021N00834920EA0000001108
B1443555604966N00834976EA0000001104
B1444005604897N00835010EA0000001099
B1444055604840N00835088EA0000001094
B1444105604807N00835212EA0000001085
B1444155604780N00835355EA0000001076
B1444225604749N00835563EA0000001066
B1444275604727N00835709EA0000001058
B1444325604707N00835856EA0000001047
B1444375604687N00836002EA0000001039
B1444425604665N00836151EA0000001019
B1444495604615N00836366EA0000001007
B1444555604567N00836547EA0000000997
B1445015604521N00836731EA0000000984
B1445085604473N00836948EA0000000982
B1445145604438N00837136EA0000000976
B1445195604409N00837291EA0000000967
B1445245604383N00837444EA0000000961
B1445295604355N00837606EA0000000933
B1445365604317N00837849EA0000000924
B1445415604296N00838016EA0000000927
B1445465604278N00838176EA0000000927
B1445525604255N00838364EA0000000927
B1445575604228N00838516EA0000000928
B1446055604189N00838766EA0000000922
B1446145604144N00839054EA0000000908
B1446205604117N00839249EA0000000908
B1446265604091N00839432EA0000000904
B1446325604065N00839618EA0000000917
B1446385604043N00839793EA0000000923
B1446435604016N00839930EA0000000946
B1446485603975N00840037EA0000000962
B1446535603994N00840159EA0000000972
B1446585604084N00840143EA0000000981
B1447045604119N00839946EA0000000988
B1447095604053N00839848EA0000000991
B1447145603985N00839898EA0000001008
B1447195603982N00840023EA0000001021
B1447245604049N00840100EA0000001034
B1447295604136N00840043EA0000001034
B1447345604181N00839883EA0000001038
B1447405604138N00839708EA0000001042
B1447455604064N00839689EA0000001058
B1447505604015N00839770EA0000001069
B1447555604032N00839889EA0000001082
B1448005604111N00839916EA0000001093
B1448055604179N00839801EA0000001088
B1448105604180N00839628EA0000001092
B1448155604113N00839554EA0000001104
B1448205604041N00839592EA0000001115
B1448255604013N00839704EA0000001137
B1448305604063N00839794EA0000001152
B1448355604145N00839762EA0000001164
B1448405604196N00839624EA0000001167
B1448465604174N00839443EA0000001183
B1448515604107N00839401EA0000001192
B1448565604054N00839468EA0000001200
B1449015604073N00839584EA0000001217
B1449065604154N00839599EA0000001221
B1449115604217N00839464EA0000001233
B1449165604201N00839307EA0000001247
B1449215604134N00839241EA0000001254
B1449265604070N00839294EA0000001268
B1449315604066N00839403EA0000001290
B1449365604132N00839466EA0000001300
B1449425604225N00839385EA0000001306
B1449495604245N00839165EA0000001316
B1449545604187N00839064EA0000001327
B1449595604121N00839084EA0000001337
B1450045604078N00839192EA0000001346
B1450095604051N00839315EA0000001363
B1450145604033N00839451EA0000001361
B1450205604021N00839629EA0000001346
B1450285604013N00839894EA0000001336
B1450345604001N00840089EA0000001349
B1450405603984N00840276EA0000001365
B1450455603968N00840430EA0000001360
B1450525603940N00840652EA0000001333
B1450585603912N00840850EA0000001324
B1451035603884N00841021EA0000001308
B1451085603859N00841206EA0000001295
B1451165603824N00841497EA0000001290
B1451215603796N00841668EA0000001285
B1451285603753N00841914EA0000001263
B1451335603720N00842098EA0000001257
B1451395603684N00842318EA0000001243
B1451445603652N00842502EA0000001226
B1451505603612N00842727EA0000001210
B1451555603583N00842919EA0000001205
B1452005603556N00843101EA0000001209
B1452095603504N00843419EA0000001203
B1452145603475N00843595EA0000001195
B1452205603441N00843807EA0000001191
B1452265603409N00844017EA0000001185
B1452315603384N00844194EA0000001174
B1452365603358N00844377EA0000001161
B1452425603329N00844596EA0000001152
B1452475603307N00844777EA0000001142
B1452525603285N00844964EA0000001126
B1452585603261N00845187EA0000001112
B1453035603240N00845371EA0000001096
B1453115603210N00845668EA0000001080
B1453165603193N00845854EA0000001070
B1453255603159N00846190EA0000001054
B1453335603127N00846484EA0000001050
B1453385603109N00846666EA0000001042
B1453435603092N00846849EA0000001033
B1453495603070N00847065EA0000001023
B1453545603044N00847241EA0000001012
B1453595603015N00847416EA0000001004
B1454045602985N00847592EA0000001000
B1454105602950N00847807EA0000000992
B1454155602918N00847991EA0000000988
B1454205602885N00848181EA0000000981
B1454255602854N00848374EA0000000979
B1454315602818N00848598EA0000000971
B1454365602788N00848782EA0000000962
B1454425602749N00849001EA0000000950
B1454485602712N00849226EA0000000937
B1454535602682N00849414EA0000000928
B1455005602638N00849682EA0000000908
B1455055602609N00849879EA0000000900
B1455105602575N00850077EA0000000884
B1455155602540N00850281EA0000000873
B1455205602502N00850485EA0000000869
B1455265602458N00850726EA0000000855
B1455325602407N00850976EA0000000823
B1455375602364N00851190EA0000000811
B1455435602313N00851447EA0000000802
B1455495602260N00851710EA0000000771
B1455555602207N00851997EA0000000747
B1456025602158N00852354EA0000000709
B1456075602133N00852619EA0000000686
B1456125602109N00852882EA0000000673
B1456195602085N00853245EA0000000653
B1456245602070N00853503EA0000000635
B1456305602056N00853811EA0000000615
B1456375602046N00854173EA0000000583
B1456435602032N00854485EA0000000561
B1456495602015N00854796EA0000000538
B1456555601997N00855111EA0000000504
B1457005601973N00855376EA0000000488
B1457065601941N00855685EA0000000476
B1457135601906N00856041EA0000000453
B1457205601870N00856395EA0000000440
B1457275601834N00856741EA0000000429
B1457325601806N00856982EA0000000418
B1457405601768N00857373EA0000000402
B1457465601760N00857581EA0000000499
B1457525601760N00857708EA0000000516
B1458025601755N00857961EA0000000474
B1458085601729N00858150EA0000000464
B1458175601687N00858437EA0000000479
B1458235601670N00858630EA0000000483
B1458295601654N00858825EA0000000484
B1458365601629N00859049EA0000000478
B1458415601612N00859214EA0000000477
B1458465601600N00859374EA0000000485
B1458545601589N00859632EA0000000482
B1459005601583N00859825EA0000000483
B1459085601584N00900088EA0000000472
B1459195601583N00900461EA0000000460
B1459255601585N00900657EA0000000459
B1459315601593N00900845EA0000000456
B1459365601599N00901001EA0000000452
B1459415601590N00901155EA0000000445
B1459465601558N00901301EA0000000436
B1459525601496N00901458EA0000000428
B1459595601401N00901623EA0000000420
B1500055601306N00901754EA0000000422
B1500105601228N00901853EA0000000428
B1500155601155N00901949EA0000000428
B1500215601059N00902047EA0000000420
B1500265600968N00902115EA0000000407
B1500315600875N00902173EA0000000409
B1500385600751N00902242EA0000000405
B1500435600658N00902288EA0000000394
B1500485600566N00902336EA0000000391
B1500535600477N00902383EA0000000388
B1501025600317N00902480EA0000000386
B1501075600229N00902539EA0000000380
B1501135600125N00902610EA0000000384
B1501185600060N00902720EA0000000379
B1501235600061N00902891EA0000000371
B1501295600168N00903025EA0000000370
B1501345600208N00903175EA0000000350
B1501395600115N00903259EA0000000319
B1501445600020N00903122EA0000000337
B1501505600001N00902859EA0000000349
B1502045559997N00902241EA0000000359
B1502105559990N00901980EA0000000368
B1502185559990N00901671EA0000000348
B1502245559995N00901453EA0000000316
B1502315600007N00901195EA0000000267
B1502385600018N00900930EA0000000227
B1502435600023N00900727EA0000000218
B1502485600026N00900526EA0000000214
B1502555600024N00900252EA0000000200
B1503015600040N00900017EA0000000191
B1503065600079N00859836EA0000000187
B1503125600151N00859651EA0000000179
B1503175600233N00859541EA0000000170
B1503225600326N00859493EA0000000160
B1503285600436N00859517EA0000000146
B1503335600511N00859597EA0000000143
B1503405600556N00859773EA0000000130
B1503455600570N00859915EA0000000109
B1503505600575N00900060EA0000000088
B1503565600580N00900240EA0000000063
B1504035600589N00900459EA0000000039
B1504125600601N00900695EA0000000038
B1504175600606N00900786EA0000000039
