AOGNOGN
HFDTE190725
HFFXA050
HFPLTPILOTINCHARGE:
HFGTYGLIDERTYPE:Discus 2cT
HFGIDGLIDERID:OY-SXL
HFDTM100GPSDATUM:WGS-1984
HFRFWFIRMWAREVERSION:
HFRHWHARDWAREVERSION:
HFFTYFRTYPE:OGN-FLIGHTBOOK
HFGPSGENERIC
HFPRSPRESSALTSENSOR:
HFCIDCOMPETITIONID:SL
B1008065600584N00900589EA0000000036
B1008105600593N00900660EA0000000035
B1008155600608N00900772EA0000000035
B1008225600634N00900972EA0000000038
B1008275600658N00901136EA0000000044
B1008325600680N00901303EA0000000063
B1008375600707N00901467EA0000000081
B1008445600747N00901695EA0000000103
B1008535600793N00901986EA0000000130
B1009015600766N00902247EA0000000155
B1009085600698N00902452EA0000000175
B1009135600630N00902573EA0000000187
B1009185600550N00902664EA0000000208
B1009235600462N00902722EA0000000218
B1009285600369N00902745EA0000000227
B1009355600239N00902718EA0000000242
B1009405600156N00902645EA0000000258
B1009455600084N00902546EA0000000274
B1009505600020N00902428EA0000000286
B1009565559943N00902278EA0000000311
B1010025559863N00902134EA0000000338
B1010075559784N00902044EA0000000362
B1010125559698N00901975EA0000000379
B1010195559572N00901906EA0000000407
B1010255559456N00901861EA0000000413
B1010335559302N00901815EA0000000444
B1010395559191N00901776EA0000000463
B1010445559102N00901750EA0000000481
B1010495559010N00901730EA0000000491
B1010545558917N00901708EA0000000509
B1010595558824N00901693EA0000000523
B1011055558713N00901677EA0000000535
B1011105558619N00901673EA0000000543
B1011165558505N00901682EA0000000557
B1011225558392N00901678EA0000000567
B1011285558278N00901647EA0000000591
B1011355558153N00901583EA0000000620
B1011405558074N00901533EA0000000629
B1011455558006N00901580EA0000000615
B1011505557967N00901716EA0000000588
B1011555557974N00901875EA0000000602
B1012005558015N00902001EA0000000605
B1012065558056N00902145EA0000000613
B1012125558049N00902299EA0000000613
B1012225557993N00902559EA0000000608
B1012275557937N00902652EA0000000601
B1012325557867N00902648EA0000000601
B1012375557834N00902539EA0000000585
B1012425557866N00902414EA0000000590
B1012495557955N00902312EA0000000598
B1012545558021N00902250EA0000000602
B1013005558103N00902280EA0000000604
B1013055558124N00902409EA0000000596
B1013105558077N00902519EA0000000588
B1013165557992N00902491EA0000000583
B1013225557967N00902341EA0000000582
B1013285558013N00902211EA0000000579
B1013335558077N00902124EA0000000578
B1013395558156N00902021EA0000000587
B1013455558235N00901932EA0000000601
B1013505558308N00901944EA0000000588
B1013555558326N00902069EA0000000585
B1014015558253N00902144EA0000000585
B1014065558191N00902074EA0000000586
B1014115558184N00901943EA0000000592
B1014165558246N00901873EA0000000588
B1014215558303N00901959EA0000000586
B1014265558272N00902069EA0000000582
B1014315558201N00902043EA0000000579
B1014365558190N00901922EA0000000587
B1014415558249N00901846EA0000000578
B1014495558375N00901798EA0000000583
B1014565558481N00901716EA0000000576
B1015025558562N00901611EA0000000572
B1015075558631N00901525EA0000000563
B1015145558753N00901502EA0000000544
B1015225558899N00901516EA0000000536
B1015315559065N00901531EA0000000525
B1015365559153N00901573EA0000000516
B1015415559242N00901613EA0000000509
B1015465559330N00901649EA0000000505
B1015545559472N00901658EA0000000497
B1015595559559N00901636EA0000000492
B1016055559659N00901590EA0000000490
B1016115559758N00901534EA0000000491
B1016175559850N00901463EA0000000502
B1016225559928N00901420EA0000000513
B1016275600003N00901452EA0000000514
B1016325600045N00901572EA0000000522
B1016375600023N00901707EA0000000525
B1016425559955N00901777EA0000000530
B1016475559877N00901752EA0000000529
B1016525559811N00901677EA0000000542
B1016575559805N00901541EA0000000549
B1017025559880N00901504EA0000000560
B1017085559913N00901643EA0000000569
B1017135559862N00901743EA0000000577
B1017185559792N00901712EA0000000590
B1017235559776N00901576EA0000000592
B1017285559823N00901459EA0000000601
B1017335559899N00901429EA0000000611
B1017385559961N00901504EA0000000618
B1017435559962N00901637EA0000000619
B1017485559898N00901712EA0000000620
B1017535559830N00901647EA0000000621
B1017585559840N00901504EA0000000632
B1018045559936N00901494EA0000000649
B1018095559960N00901623EA0000000655
B1018145559898N00901713EA0000000654
B1018205559830N00901622EA0000000670
B1018255559863N00901497EA0000000674
B1018315559952N00901517EA0000000694
B1018365559966N00901644EA0000000699
B1018415559920N00901741EA0000000700
B1018465559847N00901763EA0000000697
B1018515559785N00901692EA0000000699
B1018565559772N00901555EA0000000698
B1019275559775N00901843EA0000000675
B1019345559646N00901956EA0000000640
B1019405559533N00902029EA0000000659
B1019465559440N00902077EA0000000672
B1019515559367N00902118EA0000000678
B1019575559275N00902155EA0000000697
B1020045559168N00902177EA0000000712
B1020105559078N00902189EA0000000707
B1020155559015N00902230EA0000000699
B1020205559000N00902339EA0000000686
B1020255559043N00902430EA0000000682
B1020325559136N00902420EA0000000674
B1020375559198N00902366EA0000000670
B1020465559311N00902272EA0000000652
B1020545559415N00902162EA0000000654
B1021005559489N00902081EA0000000652
B1021315559928N00901745EA0000000644
B1021375600018N00901676EA0000000630
B1021425600074N00901573EA0000000620
B1021495600131N00901410EA0000000605
B1021545600168N00901288EA0000000591
B1021595600201N00901166EA0000000584
B1022045600192N00901035EA0000000582
B1022095600145N00900934EA0000000589
B1022145600081N00900889EA0000000589
B1022195600028N00900813EA0000000595
B1022245600025N00900687EA0000000601
B1022295600077N00900603EA0000000606
B1022345600147N00900630EA0000000603
B1022395600164N00900752EA0000000598
B1022475600069N00900889EA0000000596
B1022525559995N00900915EA0000000607
B1022575559936N00900850EA0000000606
B1023025559924N00900716EA0000000608
B1023085559978N00900575EA0000000613
B1023135600044N00900505EA0000000626
B1023185600120N00900537EA0000000630
B1023245600152N00900691EA0000000633
B1023295600101N00900782EA0000000634
B1023345600027N00900752EA0000000636
B1023395559979N00900652EA0000000641
B1023445559979N00900514EA0000000638
B1023495600041N00900417EA0000000651
B1023545600114N00900429EA0000000658
B1023595600158N00900541EA0000000666
B1024045600133N00900656EA0000000672
B1024095600066N00900661EA0000000673
B1024155600042N00900516EA0000000668
B1024205600091N00900401EA0000000690
B1024255600163N00900369EA0000000697
B1024305600220N00900452EA0000000700
B1024365600186N00900584EA0000000692
B1024415600116N00900563EA0000000696
B1024465600102N00900431EA0000000698
B1024525600169N00900309EA0000000707
B1024575600246N00900276EA0000000714
B1025025600304N00900357EA0000000716
B1025075600300N00900484EA0000000714
B1025125600238N00900549EA0000000706
B1025175600167N00900507EA0000000710
B1025225600110N00900424EA0000000712
B1025275600096N00900291EA0000000711
B1025325600144N00900174EA0000000722
B1025375600211N00900107EA0000000734
B1025425600279N00900152EA0000000730
B1025475600275N00900276EA0000000733
B1025525600204N00900298EA0000000733
B1025585600157N00900161EA0000000743
B1026035600157N00900022EA0000000749
B1026085600225N00859958EA0000000756
B1026135600277N00900048EA0000000765
B1026185600241N00900153EA0000000770
B1026235600171N00900108EA0000000770
B1026285600163N00859966EA0000000783
B1026335600224N00859874EA0000000787
B1026385600307N00859888EA0000000798
B1026455600384N00900030EA0000000807
B1026505600414N00900161EA0000000797
B1026555600444N00900301EA0000000789
B1027015600477N00900475EA0000000765
B1027065600501N00900635EA0000000742
B1027115600525N00900803EA0000000731
B1027165600545N00900971EA0000000724
B1027215600570N00901141EA0000000712
B1027275600606N00901340EA0000000704
B1027325600636N00901498EA0000000706
B1027375600667N00901653EA0000000704
B1027435600703N00901835EA0000000701
B1027545600774N00902178EA0000000680
B1027595600800N00902341EA0000000667
B1028055600824N00902544EA0000000670
B1028105600842N00902692EA0000000676
B1028155600858N00902846EA0000000670
B1028235600885N00903098EA0000000660
B1028285600903N00903258EA0000000656
B1028375600933N00903552EA0000000640
B1028455600959N00903819EA0000000640
B1028515600980N00904015EA0000000640
B1028575600997N00904214EA0000000631
B1029035601013N00904419EA0000000623
B1029115601037N00904692EA0000000635
B1029165601053N00904852EA0000000635
B1029215601068N00905009EA0000000629
B1029265601083N00905161EA0000000623
B1029325601101N00905344EA0000000622
B1029385601111N00905524EA0000000625
B1029465601113N00905770EA0000000599
B1029535601101N00905997EA0000000586
B1029595601086N00906186EA0000000594
B1030065601077N00906398EA0000000603
B1030115601074N00906539EA0000000614
B1030165601070N00906670EA0000000617
B1030215601068N00906812EA0000000606
B1030275601093N00906987EA0000000602
B1030345601129N00907170EA0000000601
B1030405601171N00907326EA0000000583
B1030485601245N00907553EA0000000556
B1030575601336N00907808EA0000000547
B1031045601405N00907993EA0000000543
B1031105601458N00908148EA0000000538
B1031175601525N00908323EA0000000530
B1031245601593N00908497EA0000000535
B1031315601653N00908669EA0000000545
B1031365601696N00908787EA0000000546
B1031425601741N00908930EA0000000546
B1031485601759N00909080EA0000000539
B1031535601718N00909173EA0000000527
B1031585601646N00909160EA0000000514
B1032055601587N00908983EA0000000517
B1032105601556N00908847EA0000000515
B1032155601529N00908713EA0000000516
B1032215601502N00908533EA0000000507
B1032285601468N00908311EA0000000497
B1032335601468N00908163EA0000000517
B1032405601561N00908068EA0000000507
B1032465601659N00908047EA0000000504
B1032515601734N00908000EA0000000499
B1032565601776N00907866EA0000000484
B1033035601766N00907638EA0000000470
B1033085601740N00907478EA0000000461
B1033165601689N00907231EA0000000449
B1033225601631N00907076EA0000000451
B1033285601565N00906928EA0000000447
B1033355601489N00906758EA0000000447
B1033415601414N00906625EA0000000433
B1033495601295N00906479EA0000000438
B1033555601217N00906380EA0000000449
B1034005601143N00906363EA0000000443
B1034055601105N00906469EA0000000449
B1034105601149N00906564EA0000000437
B1034155601224N00906553EA0000000438
B1034205601283N00906464EA0000000434
B1034255601317N00906331EA0000000435
B1034315601347N00906174EA0000000436
B1034365601356N00906030EA0000000429
B1034415601369N00905890EA0000000439
B1034475601385N00905716EA0000000434
B1034525601395N00905577EA0000000445
B1034575601429N00905457EA0000000433
B1035025601493N00905350EA0000000422
B1035085601508N00905166EA0000000411
B1035145601492N00904976EA0000000396
B1035195601458N00904827EA0000000389
B1035245601407N00904693EA0000000376
B1035325601315N00904483EA0000000372
B1035375601266N00904368EA0000000389
B1035425601218N00904264EA0000000396
B1035505601137N00904119EA0000000399
B1035555601069N00904121EA0000000382
B1036015600983N00904200EA0000000379
B1036065600910N00904155EA0000000372
B1036125600842N00904007EA0000000360
B1036195600771N00903811EA0000000351
B1036245600717N00903689EA0000000351
B1036315600617N00903577EA0000000338
B1036365600535N00903537EA0000000335
B1036435600423N00903509EA0000000342
B1036515600300N00903486EA0000000336
B1036575600204N00903481EA0000000334
B1037035600108N00903485EA0000000342
B1037095600018N00903502EA0000000353
B1037145559978N00903606EA0000000352
B1037195600025N00903705EA0000000364
B1037245600086N00903636EA0000000357
B1037295600064N00903509EA0000000366
B1037345559996N00903473EA0000000379
B1037395559933N00903528EA0000000372
B1037445559941N00903659EA0000000385
B1037495600011N00903668EA0000000378
B1037555600043N00903513EA0000000386
B1038025559977N00903398EA0000000393
B1038075559908N00903396EA0000000387
B1038125559879N00903518EA0000000396
B1038175559936N00903593EA0000000405
B1038225559984N00903499EA0000000402
B1038275559938N00903410EA0000000415
B1038325559890N00903497EA0000000411
B1038375559934N00903602EA0000000425
B1038425559996N00903539EA0000000427
B1038475559975N00903425EA0000000438
B1038535559902N00903453EA0000000442
B1038585559919N00903578EA0000000441
B1039035559988N00903553EA0000000450
B1039085559976N00903430EA0000000455
B1039135559908N00903432EA0000000459
B1039185559890N00903559EA0000000461
B1039235559952N00903617EA0000000478
B1039285559991N00903518EA0000000468
B1039335559936N00903451EA0000000474
B1039395559890N00903573EA0000000479
B1039445559935N00903667EA0000000485
B1039495600002N00903642EA0000000475
B1039545600024N00903516EA0000000482
B1039595559979N00903434EA0000000490
B1040045559912N00903457EA0000000483
B1040095559899N00903586EA0000000494
B1040145559966N00903608EA0000000490
B1040195559985N00903484EA0000000498
B1040245559920N00903451EA0000000497
B1040295559881N00903569EA0000000506
B1040345559912N00903687EA0000000507
B1040395559980N00903659EA0000000508
B1040445559973N00903533EA0000000510
B1040495559910N00903494EA0000000521
B1040545559854N00903570EA0000000521
B1040595559877N00903679EA0000000520
B1041045559948N00903642EA0000000523
B1041095559944N00903519EA0000000524
B1041145559874N00903514EA0000000524
B1041195559870N00903640EA0000000530
B1041245559938N00903621EA0000000526
B1041305559945N00903458EA0000000531
B1041355559918N00903330EA0000000545
B1041405559849N00903309EA0000000552
B1041465559821N00903453EA0000000554
B1041525559894N00903509EA0000000566
B1041575559937N00903408EA0000000565
B1042025559900N00903301EA0000000579
B1042075559826N00903327EA0000000577
B1042125559818N00903461EA0000000577
B1042175559885N00903507EA0000000594
B1042225559924N00903395EA0000000596
B1042275559881N00903295EA0000000605
B1042335559802N00903358EA0000000611
B1042385559810N00903487EA0000000611
B1042435559879N00903513EA0000000616
B1042485559924N00903410EA0000000622
B1042535559888N00903305EA0000000627
B1042585559814N00903326EA0000000628
B1043035559797N00903454EA0000000630
B1043085559858N00903514EA0000000634
B1043135559904N00903417EA0000000642
B1043185559869N00903311EA0000000645
B1043235559797N00903326EA0000000649
B1043295559772N00903465EA0000000658
B1043345559822N00903538EA0000000653
B1043395559884N00903470EA0000000658
B1043445559889N00903348EA0000000663
B1043495559824N00903304EA0000000662
B1043555559790N00903437EA0000000666
B1044015559861N00903492EA0000000674
B1044065559908N00903393EA0000000672
B1044125559893N00903247EA0000000683
B1044175559830N00903191EA0000000679
B1044225559770N00903254EA0000000684
B1044275559774N00903375EA0000000683
B1044325559840N00903422EA0000000685
B1044375559903N00903356EA0000000690
B1044425559941N00903240EA0000000687
B1044475559981N00903115EA0000000680
B1044525600034N00902995EA0000000687
B1044585600092N00902855EA0000000694
B1045035600140N00902749EA0000000708
B1045085600188N00902648EA0000000703
B1045135600228N00902523EA0000000694
B1045235600301N00902242EA0000000686
B1045335600355N00901970EA0000000689
B1045385600382N00901828EA0000000681
B1045435600403N00901687EA0000000684
B1045535600427N00901398EA0000000665
B1045595600442N00901222EA0000000663
B1046065600450N00901024EA0000000679
B1046175600459N00900731EA0000000693
B1046265600393N00900558EA0000000692
B1046355600328N00900695EA0000000670
B1046445600346N00900934EA0000000657
B1046505600372N00901098EA0000000651
B1046555600398N00901237EA0000000643
B1047015600424N00901413EA0000000632
B1047065600416N00901563EA0000000620
B1047115600396N00901711EA0000000615
B1047175600370N00901880EA0000000626
B1047225600343N00901997EA0000000628
B1047275600320N00902123EA0000000621
B1047325600298N00902241EA0000000611
B1047395600271N00902431EA0000000592
B1047445600264N00902582EA0000000585
B1047495600265N00902733EA0000000583
B1047565600273N00902943EA0000000589
B1048015600279N00903088EA0000000599
B1048075600289N00903250EA0000000603
B1048135600301N00903421EA0000000594
B1048185600312N00903569EA0000000579
B1048255600328N00903782EA0000000566
B1048305600340N00903935EA0000000558
B1048375600355N00904147EA0000000552
B1048445600370N00904366EA0000000540
B1048495600389N00904514EA0000000550
B1048545600405N00904642EA0000000559
B1049005600423N00904789EA0000000555
B1049095600455N00905014EA0000000556
B1049165600468N00905194EA0000000574
B1049215600451N00905300EA0000000588
B1049265600384N00905306EA0000000581
B1049315600337N00905195EA0000000596
B1049365600364N00905072EA0000000588
B1049415600440N00905038EA0000000595
B1049465600482N00905123EA0000000608
B1049515600438N00905201EA0000000616
B1049565600369N00905134EA0000000624
B1050015600342N00905004EA0000000620
B1050065600395N00904900EA0000000621
B1050115600466N00904939EA0000000621
B1050175600526N00905047EA0000000642
B1050225600525N00905153EA0000000637
B1050275600458N00905161EA0000000644
B1050325600440N00905035EA0000000658
B1050375600504N00904969EA0000000659
B1050425600556N00905030EA0000000671
B1050475600531N00905125EA0000000658
B1050525600460N00905122EA0000000673
B1050585600431N00904976EA0000000686
B1051035600482N00904879EA0000000691
B1051085600542N00904910EA0000000700
B1051135600540N00905016EA0000000691
B1051185600474N00905047EA0000000703
B1051245600418N00904936EA0000000713
B1051295600451N00904817EA0000000713
B1051345600518N00904833EA0000000722
B1051405600503N00904950EA0000000722
B1051455600439N00904901EA0000000724
B1051505600457N00904775EA0000000725
B1051555600533N00904757EA0000000734
B1052005600562N00904847EA0000000733
B1052075600505N00905003EA0000000727
B1052145600463N00905200EA0000000729
B1052195600443N00905347EA0000000730
B1052245600423N00905492EA0000000730
B1052345600386N00905778EA0000000729
B1052395600370N00905925EA0000000725
B1052445600354N00906066EA0000000724
B1052535600323N00906317EA0000000709
B1053005600298N00906517EA0000000695
B1053075600273N00906721EA0000000689
B1053145600247N00906924EA0000000684
B1053225600218N00907151EA0000000683
B1053335600189N00907460EA0000000672
B1053405600170N00907661EA0000000672
B1053475600153N00907862EA0000000679
B1053535600139N00908034EA0000000670
B1053585600126N00908179EA0000000671
B1054045600109N00908343EA0000000674
B1054095600092N00908477EA0000000676
B1054145600078N00908608EA0000000682
B1054205600060N00908762EA0000000676
B1054265600062N00908918EA0000000670
B1054365600101N00909187EA0000000669
B1054415600122N00909310EA0000000680
B1054495600156N00909495EA0000000680
B1054545600180N00909611EA0000000675
B1054595600206N00909736EA0000000659
B1055045600234N00909868EA0000000648
B1055095600262N00910002EA0000000636
B1055155600298N00910168EA0000000630
B1055205600327N00910302EA0000000624
B1055265600362N00910461EA0000000616
B1055345600408N00910673EA0000000608
B1055405600439N00910848EA0000000603
B1055465600469N00911018EA0000000617
B1055515600493N00911147EA0000000607
B1055575600520N00911319EA0000000603
B1056025600543N00911457EA0000000600
B1056075600563N00911596EA0000000588
B1056155600599N00911827EA0000000587
B1056225600629N00912025EA0000000585
B1056275600646N00912149EA0000000604
B1056325600663N00912270EA0000000593
B1056385600687N00912432EA0000000579
B1056435600712N00912574EA0000000571
B1056505600745N00912772EA0000000573
B1056595600785N00913023EA0000000565
B1057045600811N00913166EA0000000560
B1057105600843N00913332EA0000000552
B1057155600869N00913472EA0000000547
B1057215600904N00913642EA0000000539
B1057275600941N00913815EA0000000526
B1057345600978N00914028EA0000000513
B1057395601003N00914178EA0000000510
B1057445601025N00914323EA0000000505
B1057505601053N00914494EA0000000499
B1058015601103N00914814EA0000000481
B1058085601139N00915022EA0000000472
B1058135601166N00915176EA0000000464
B1058215601208N00915426EA0000000453
B1058275601232N00915611EA0000000446
B1058335601253N00915797EA0000000435
B1058415601282N00916044EA0000000427
B1058475601304N00916229EA0000000417
B1058545601332N00916443EA0000000404
B1059015601358N00916663EA0000000393
B1059095601382N00916901EA0000000395
B1059145601395N00917039EA0000000393
B1059205601410N00917196EA0000000382
B1059255601413N00917326EA0000000383
B1059315601416N00917484EA0000000384
B1059365601420N00917616EA0000000399
B1059425601426N00917765EA0000000411
B1059475601481N00917846EA0000000395
B1059525601551N00917779EA0000000387
B1059575601550N00917642EA0000000390
B1100025601495N00917556EA0000000392
B1100075601426N00917518EA0000000412
B1100125601359N00917520EA0000000408
B1100185601336N00917646EA0000000394
B1100245601411N00917695EA0000000382
B1100295601477N00917603EA0000000388
B1100345601519N00917484EA0000000402
B1100395601495N00917364EA0000000407
B1100445601439N00917394EA0000000420
B1100495601460N00917498EA0000000416
B1100555601541N00917450EA0000000435
B1101005601514N00917335EA0000000446
B1101065601461N00917400EA0000000454
B1101115601512N00917474EA0000000466
B1101175601556N00917345EA0000000480
B1101225601497N00917304EA0000000492
B1101275601496N00917411EA0000000499
B1101325601566N00917420EA0000000512
B1101375601581N00917288EA0000000518
B1101425601518N00917254EA0000000538
B1101475601515N00917357EA0000000543
B1101525601587N00917376EA0000000552
B1101575601608N00917245EA0000000562
B1102025601542N00917217EA0000000578
B1102075601557N00917320EA0000000586
B1102125601624N00917272EA0000000599
B1102175601600N00917149EA0000000612
B1102225601548N00917198EA0000000622
B1102285601604N00917289EA0000000638
B1102335601663N00917198EA0000000632
B1102395601610N00917086EA0000000656
B1102445601590N00917191EA0000000664
B1102495601657N00917230EA0000000666
B1102545601706N00917108EA0000000675
B1102595601684N00916972EA0000000690
B1103075601627N00917063EA0000000702
B1103125601699N00917092EA0000000712
B1103175601722N00916962EA0000000727
B1103225601655N00916923EA0000000731
B1103275601662N00917034EA0000000737
B1103355601733N00916900EA0000000758
B1103415601660N00916905EA0000000768
B1103465601707N00916989EA0000000771
B1103515601770N00916893EA0000000785
B1103565601734N00916774EA0000000791
B1104015601687N00916841EA0000000799
B1104065601748N00916905EA0000000800
B1104115601790N00916784EA0000000815
B1104165601735N00916699EA0000000821
B1104215601706N00916793EA0000000823
B1104265601777N00916834EA0000000833
B1104315601805N00916700EA0000000839
B1104375601730N00916667EA0000000844
B1104425601738N00916787EA0000000847
B1104475601811N00916753EA0000000855
B1104535601770N00916613EA0000000865
B1104585601737N00916701EA0000000861
B1105035601805N00916756EA0000000872
B1105085601847N00916632EA0000000875
B1105135601801N00916535EA0000000886
B1105195601767N00916632EA0000000887
B1105245601836N00916671EA0000000887
B1105305601895N00916541EA0000000892
B1105355601847N00916429EA0000000891
B1105405601787N00916483EA0000000896
B1105455601788N00916592EA0000000907
B1105505601851N00916643EA0000000901
B1105555601909N00916542EA0000000908
B1106015601853N00916421EA0000000904
B1106065601828N00916519EA0000000913
B1106115601899N00916526EA0000000915
B1106165601919N00916386EA0000000917
B1106215601850N00916330EA0000000915
B1106265601836N00916443EA0000000916
B1106315601867N00916575EA0000000917
B1106365601897N00916708EA0000000911
B1106415601923N00916850EA0000000912
B1106475601953N00917024EA0000000904
B1106525601985N00917167EA0000000904
B1106575602019N00917299EA0000000909
B1107035602061N00917458EA0000000913
B1107085602089N00917590EA0000000928
B1107135602131N00917692EA0000000928
B1107195602241N00917707EA0000000903
B1107265602348N00917832EA0000000887
B1107315602388N00917975EA0000000902
B1107375602427N00918139EA0000000911
B1107425602460N00918275EA0000000915
B1107515602526N00918521EA0000000910
B1107585602586N00918715EA0000000901
B1108035602632N00918853EA0000000896
B1108095602689N00919012EA0000000894
B1108155602746N00919166EA0000000890
B1108205602793N00919292EA0000000884
B1108255602841N00919421EA0000000877
B1108305602886N00919550EA0000000871
B1108395602970N00919782EA0000000857
B1108445603014N00919919EA0000000852
B1108495603059N00920052EA0000000841
B1108545603104N00920192EA0000000828
B1108595603144N00920331EA0000000828
B1109055603194N00920490EA0000000826
B1109105603236N00920620EA0000000821
B1109155603275N00920749EA0000000823
B1109215603319N00920884EA0000000824
B1109295603377N00921085EA0000000802
B1109345603415N00921213EA0000000811
B1109395603453N00921330EA0000000819
B1109455603497N00921470EA0000000824
B1109505603533N00921591EA0000000818
B1109565603575N00921740EA0000000825
B1110015603611N00921858EA0000000841
B1110065603642N00921960EA0000000843
B1110115603680N00922085EA0000000832
B1110165603719N00922211EA0000000835
B1110215603754N00922341EA0000000836
B1110275603789N00922496EA0000000852
B1110325603812N00922624EA0000000848
B1110395603830N00922817EA0000000857
B1110445603833N00922954EA0000000864
B1110495603820N00923072EA0000000892
B1110565603741N00923102EA0000000896
B1111015603719N00922985EA0000000905
B1111065603777N00922891EA0000000879
B1111115603863N00922921EA0000000877
B1111165603942N00922991EA0000000891
B1111215604007N00923073EA0000000914
B1111265604021N00923198EA0000000915
B1111335603939N00923186EA0000000942
B1111385603958N00923044EA0000000957
B1111445604052N00923028EA0000000958
B1111495604082N00923158EA0000000972
B1111545604024N00923201EA0000000982
B1111595603991N00923069EA0000000998
B1112045604048N00922962EA0000001012
B1112095604125N00923007EA0000001006
B1112145604132N00923131EA0000001031
B1112195604070N00923131EA0000001042
B1112245604054N00922990EA0000001050
B1112295604124N00922912EA0000001057
B1112345604188N00923005EA0000001064
B1112405604159N00923125EA0000001088
B1112455604097N00923063EA0000001103
B1112505604105N00922921EA0000001116
B1112555604184N00922865EA0000001115
B1113015604247N00922983EA0000001132
B1113065604201N00923058EA0000001143
B1113115604143N00922973EA0000001158
B1113165604167N00922834EA0000001171
B1113235604273N00922861EA0000001181
B1113295604261N00922986EA0000001195
B1113345604196N00922944EA0000001206
B1113405604208N00922770EA0000001225
B1113455604286N00922727EA0000001230
B1113505604339N00922823EA0000001243
B1113555604306N00922912EA0000001253
B1114005604243N00922855EA0000001264
B1114055604250N00922709EA0000001283
B1114105604326N00922667EA0000001285
B1114155604386N00922760EA0000001300
B1114205604366N00922854EA0000001313
B1114255604299N00922838EA0000001326
B1114305604266N00922719EA0000001346
B1114365604301N00922573EA0000001357
B1114415604372N00922502EA0000001365
B1114465604451N00922504EA0000001372
B1114515604509N00922591EA0000001381
B1114565604498N00922701EA0000001391
B1115015604432N00922690EA0000001400
B1115065604417N00922544EA0000001414
B1115115604492N00922456EA0000001423
B1115165604574N00922505EA0000001428
B1115215604591N00922639EA0000001433
B1115265604570N00922785EA0000001413
B1115315604541N00922941EA0000001403
B1115365604497N00923095EA0000001406
B1115425604435N00923269EA0000001405
B1115505604354N00923509EA0000001397
B1115565604293N00923691EA0000001396
B1116015604237N00923831EA0000001389
B1116065604181N00923965EA0000001382
B1116125604115N00924126EA0000001371
B1116195604046N00924310EA0000001375
B1116265603979N00924485EA0000001361
B1116325603917N00924638EA0000001345
B1116375603867N00924766EA0000001333
B1116455603794N00924987EA0000001315
B1116525603750N00925193EA0000001319
B1116575603722N00925342EA0000001306
B1117035603692N00925529EA0000001321
B1117085603673N00925649EA0000001341
B1117135603649N00925775EA0000001308
B1117185603619N00925917EA0000001290
B1117235603587N00926064EA0000001273
B1117295603550N00926244EA0000001266
B1117355603511N00926423EA0000001272
B1117405603483N00926548EA0000001311
B1117475603439N00926703EA0000001276
B1117525603398N00926847EA0000001261
B1117595603345N00927064EA0000001253
B1118045603311N00927218EA0000001248
B1118105603272N00927408EA0000001241
B1118175603227N00927627EA0000001240
B1118225603195N00927782EA0000001241
B1118275603164N00927934EA0000001248
B1118325603133N00928078EA0000001260
B1118385603097N00928238EA0000001258
B1118455603055N00928432EA0000001265
B1118505603026N00928563EA0000001273
B1118575602984N00928741EA0000001282
B1119045602945N00928912EA0000001294
B1119115602906N00929082EA0000001320
B1119175602870N00929229EA0000001314
B1119245602830N00929429EA0000001312
B1119315602795N00929627EA0000001331
B1119365602772N00929758EA0000001326
B1119425602747N00929922EA0000001331
B1119485602694N00930062EA0000001337
B1119535602628N00930151EA0000001318
B1119595602526N00930236EA0000001299
B1120055602414N00930314EA0000001289
B1120125602276N00930390EA0000001280
B1120225602080N00930501EA0000001268
B1120275601985N00930555EA0000001262
B1120325601891N00930606EA0000001261
B1120375601800N00930651EA0000001261
B1120435601697N00930696EA0000001272
B1120485601648N00930793EA0000001268
B1120535601685N00930915EA0000001253
B1120585601780N00930964EA0000001229
B1121055601927N00931006EA0000001230
B1121105602034N00931042EA0000001222
B1121165602164N00931076EA0000001212
B1121255602361N00931134EA0000001210
B1121325602508N00931181EA0000001210
B1121385602632N00931216EA0000001221
B1121475602816N00931253EA0000001233
B1121545602964N00931273EA0000001221
B1121595603071N00931284EA0000001217
B1122075603245N00931307EA0000001192
B1122125603358N00931327EA0000001181
B1122175603473N00931350EA0000001180
B1122225603577N00931372EA0000001201
B1122275603677N00931396EA0000001179
B1122325603788N00931420EA0000001164
B1122385603924N00931457EA0000001155
B1122445604049N00931548EA0000001142
B1122495604146N00931644EA0000001141
B1122545604240N00931738EA0000001141
B1122595604330N00931833EA0000001138
B1123055604443N00931944EA0000001122
B1123125604587N00932064EA0000001112
B1123175604691N00932150EA0000001105
B1123235604815N00932253EA0000001094
B1123295604939N00932358EA0000001081
B1123385605133N00932524EA0000001054
B1123445605262N00932640EA0000001047
B1123495605364N00932734EA0000001060
B1123555605470N00932833EA0000001064
B1124015605582N00932936EA0000001051
B1124065605678N00933019EA0000001047
B1124115605773N00933096EA0000001044
B1124165605868N00933175EA0000001035
B1124275606075N00933352EA0000001029
B1124325606168N00933432EA0000001024
B1124385606279N00933526EA0000001020
B1124465606425N00933648EA0000001015
B1124515606513N00933722EA0000001024
B1124575606608N00933802EA0000001026
B1125025606689N00933873EA0000001024
B1125085606775N00933975EA0000001025
B1125135606840N00934070EA0000001024
B1125195606918N00934186EA0000001016
B1125245606985N00934286EA0000001011
B1125305607066N00934410EA0000001011
B1125385607170N00934561EA0000001018
B1125465607273N00934713EA0000001015
B1125515607339N00934809EA0000001006
B1125565607408N00934904EA0000001001
B1126015607497N00934957EA0000000993
B1126085607636N00934976EA0000000991
B1126135607738N00934986EA0000000988
B1126205607878N00935005EA0000000996
B1126255607976N00935020EA0000000993
B1126325608108N00935037EA0000001004
B1126385608222N00935053EA0000000984
B1126435608324N00935066EA0000000985
B1126515608485N00935082EA0000000980
B1126565608584N00935088EA0000000979
B1127015608682N00935101EA0000000978
B1127075608799N00935113EA0000000965
B1127125608896N00935116EA0000000966
B1127175608991N00935116EA0000000960
B1127225609091N00935115EA0000000945
B1127275609195N00935117EA0000000936
B1127375609401N00935128EA0000000921
B1127455609564N00935135EA0000000920
B1127515609682N00935140EA0000000910
B1127565609786N00935140EA0000000903
B1128015609892N00935135EA0000000903
B1128095610048N00935131EA0000000934
B1128145610137N00935122EA0000000955
B1128205610219N00935006EA0000000959
B1128255610209N00934866EA0000000964
B1128305610144N00934821EA0000000967
B1128365610117N00934945EA0000000971
B1128435610218N00934985EA0000000981
B1128485610233N00934835EA0000000985
B1128535610168N00934811EA0000000991
B1129015610203N00934986EA0000001004
B1129075610283N00934879EA0000001012
B1129135610233N00934761EA0000001017
B1129185610198N00934856EA0000001024
B1129235610259N00934941EA0000001033
B1129315610334N00934761EA0000001039
B1129365610275N00934691EA0000001037
B1129425610244N00934824EA0000001047
B1129485610310N00934959EA0000001061
B1129535610395N00934990EA0000001054
B1129595610466N00934859EA0000001066
B1130045610444N00934722EA0000001056
B1130095610379N00934666EA0000001056
B1130155610328N00934770EA0000001051
B1130225610389N00934938EA0000001061
B1130275610459N00935006EA0000001064
B1130325610542N00934972EA0000001063
B1130375610584N00934844EA0000001061
B1130425610559N00934713EA0000001050
B1130475610492N00934711EA0000001050
B1130525610496N00934833EA0000001039
B1130575610576N00934940EA0000001031
B1131045610721N00935013EA0000001017
B1131155610957N00935096EA0000001003
B1131215611083N00935124EA0000001003
B1131285611230N00935172EA0000000980
B1131375611418N00935269EA0000000996
B1131425611515N00935305EA0000001020
B1131475611608N00935320EA0000001050
B1131535611693N00935241EA0000001057
B1131585611685N00935102EA0000001058
B1132035611616N00935082EA0000001059
B1132095611593N00935224EA0000001065
B1132145611630N00935348EA0000001085
B1132205611694N00935447EA0000001090
B1132255611778N00935429EA0000001092
B1132325611807N00935253EA0000001104
B1132375611746N00935183EA0000001089
B1132425611693N00935260EA0000001092
B1132495611725N00935433EA0000001117
B1132545611786N00935514EA0000001113
B1132595611871N00935492EA0000001111
B1133045611919N00935356EA0000001107
B1133095611878N00935241EA0000001121
B1133145611813N00935291EA0000001116
B1133195611835N00935423EA0000001119
B1133255611935N00935514EA0000001095
B1133305612042N00935565EA0000001088
B1133355612154N00935610EA0000001103
B1133415612280N00935653EA0000001111
B1133475612402N00935696EA0000001094
B1133525612508N00935730EA0000001082
B1133575612613N00935762EA0000001084
B1134025612712N00935798EA0000001085
B1134075612812N00935830EA0000001080
B1134155612969N00935867EA0000001077
B1134205613067N00935883EA0000001073
B1134275613203N00935907EA0000001067
B1134345613335N00935943EA0000001061
B1134395613428N00935970EA0000001052
B1134475613576N00936023EA0000001044
B1134545613708N00936065EA0000001041
B1134595613802N00936092EA0000001038
B1135045613894N00936125EA0000001035
B1135105614004N00936164EA0000001022
B1135155614105N00936199EA0000001008
B1135205614210N00936240EA0000001001
B1135275614356N00936292EA0000001006
B1135345614490N00936346EA0000001010
B1135445614680N00936426EA0000001009
B1135495614777N00936470EA0000001005
B1135575614935N00936527EA0000001003
B1136035615054N00936565EA0000001001
B1136095615175N00936602EA0000001003
B1136145615272N00936631EA0000001018
B1136205615377N00936657EA0000001037
B1136265615482N00936678EA0000001023
B1136315615577N00936694EA0000001023
B1136365615674N00936695EA0000001018
B1136415615776N00936637EA0000001003
B1136485615921N00936527EA0000000998
B1136535616024N00936448EA0000000994
B1136585616127N00936371EA0000000991
B1137065616288N00936244EA0000000986
B1137125616406N00936146EA0000000980
B1137205616565N00936027EA0000000967
B1137255616665N00935954EA0000000957
B1137325616804N00935831EA0000000943
B1137405616960N00935691EA0000000945
B1137455617051N00935601EA0000000938
B1137505617146N00935510EA0000000921
B1137565617267N00935407EA0000000913
B1138025617390N00935325EA0000000906
B1138075617493N00935270EA0000000899
B1138125617596N00935227EA0000000889
B1138185617721N00935183EA0000000867
B1138305617964N00935104EA0000000879
B1138375618089N00935099EA0000000907
B1138485618272N00935094EA0000000930
B1138535618330N00934998EA0000000923
B1138585618305N00934871EA0000000935
B1139035618237N00934894EA0000000935
B1139085618227N00935024EA0000000945
B1139135618262N00935149EA0000000954
B1139185618327N00935221EA0000000954
B1139235618401N00935159EA0000000954
B1139285618408N00935007EA0000000959
B1139345618326N00934917EA0000000963
B1139405618233N00934906EA0000000970
B1139455618186N00935011EA0000000981
B1139505618229N00935113EA0000000986
B1139555618301N00935060EA0000000988
B1140005618301N00934915EA0000000991
B1140055618232N00934887EA0000000997
B1140115618214N00935036EA0000001001
B1140175618300N00935053EA0000001009
B1140225618308N00934912EA0000001004
B1140275618239N00934851EA0000001026
B1140325618174N00934903EA0000001017
B1140385618188N00935063EA0000001033
B1140435618259N00935064EA0000001039
B1140505618269N00934871EA0000001039
B1140565618188N00934901EA0000001051
B1141025618222N00935041EA0000001063
B1141095618281N00934903EA0000001057
B1141145618217N00934838EA0000001077
B1141205618180N00934969EA0000001084
B1141255618245N00935035EA0000001087
B1141325618302N00934873EA0000001090
B1141375618239N00934797EA0000001103
B1141425618188N00934883EA0000001109
B1141475618223N00935000EA0000001120
B1141535618305N00934944EA0000001119
B1141585618297N00934803EA0000001123
B1142035618232N00934729EA0000001138
B1142085618170N00934788EA0000001140
B1142135618180N00934922EA0000001151
B1142185618252N00934940EA0000001156
B1142245618284N00934788EA0000001159
B1142295618228N00934718EA0000001170
B1142345618177N00934806EA0000001167
B1142395618210N00934926EA0000001177
B1142445618282N00934891EA0000001179
B1142495618277N00934751EA0000001174
B1142545618206N00934744EA0000001191
B1142595618199N00934876EA0000001194
B1143045618271N00934909EA0000001202
B1143095618311N00934790EA0000001192
B1143145618265N00934677EA0000001208
B1143195618210N00934743EA0000001212
B1143255618261N00934876EA0000001215
B1143315618373N00934891EA0000001194
B1143365618477N00934868EA0000001183
B1143415618582N00934844EA0000001176
B1143475618710N00934815EA0000001166
B1143555618889N00934791EA0000001149
B1144035619072N00934774EA0000001129
B1144085619189N00934766EA0000001120
B1144175619404N00934753EA0000001101
B1144245619572N00934739EA0000001098
B1144295619689N00934732EA0000001095
B1144345619803N00934724EA0000001087
B1144395619916N00934720EA0000001083
B1144445620027N00934716EA0000001081
B1144515620179N00934705EA0000001072
B1144565620289N00934699EA0000001064
B1145085620557N00934699EA0000001054
B1145135620672N00934704EA0000001046
B1145185620788N00934706EA0000001040
B1145235620902N00934707EA0000001036
B1145305621065N00934696EA0000001025
B1145375621231N00934674EA0000001016
B1145425621350N00934654EA0000001009
B1145475621468N00934626EA0000001004
B1145525621584N00934603EA0000001000
B1146005621771N00934566EA0000000983
B1146065621908N00934536EA0000000984
B1146115622016N00934506EA0000000975
B1146165622123N00934477EA0000000965
B1146225622251N00934441EA0000000957
B1146275622358N00934410EA0000000944
B1146355622537N00934371EA0000000936
B1146405622642N00934345EA0000000946
B1146465622766N00934309EA0000000942
B1146525622892N00934270EA0000000947
B1146575622991N00934228EA0000000962
B1147035623105N00934194EA0000000966
B1147135623299N00934215EA0000000957
B1147195623410N00934264EA0000000952
B1147245623502N00934309EA0000000947
B1147305623614N00934366EA0000000941
B1147365623725N00934434EA0000000942
B1147435623858N00934523EA0000000928
B1147495623976N00934602EA0000000937
B1147545624067N00934658EA0000000939
B1147595624161N00934725EA0000000923
B1148045624255N00934802EA0000000928
B1148095624344N00934876EA0000000932
B1148145624420N00934965EA0000000952
B1148205624452N00935120EA0000000964
B1148285624466N00935341EA0000000969
B1148335624468N00935485EA0000000976
B1148385624434N00935590EA0000000989
B1148445624345N00935607EA0000000974
B1148515624233N00935524EA0000000971
B1148575624178N00935363EA0000000970
B1149025624149N00935209EA0000000976
B1149085624188N00935045EA0000000982
B1149135624264N00935022EA0000000991
B1149185624323N00935101EA0000001000
B1149235624356N00935221EA0000001007
B1149285624344N00935349EA0000001024
B1149335624281N00935405EA0000001031
B1149385624217N00935327EA0000001028
B1149445624238N00935152EA0000001042
B1149505624326N00935165EA0000001062
B1149555624316N00935289EA0000001070
B1150005624243N00935289EA0000001081
B1150055624226N00935156EA0000001092
B1150105624291N00935076EA0000001092
B1150155624339N00935171EA0000001112
B1150205624284N00935251EA0000001112
B1150255624232N00935141EA0000001124
B1150325624307N00934992EA0000001143
B1150385624399N00935035EA0000001153
B1150445624475N00935140EA0000001146
B1150505624580N00935215EA0000001130
B1150565624699N00935278EA0000001119
B1151015624801N00935322EA0000001116
B1151105624984N00935384EA0000001118
B1151205625193N00935436EA0000001111
B1151255625303N00935452EA0000001103
B1151335625484N00935475EA0000001097
B1151425625683N00935487EA0000001096
B1151485625819N00935502EA0000001087
B1151545625957N00935517EA0000001075
B1152015626121N00935535EA0000001062
B1152065626233N00935551EA0000001057
B1152135626401N00935574EA0000001057
B1152205626562N00935591EA0000001057
B1152275626719N00935609EA0000001055
B1152325626831N00935624EA0000001050
B1152375626945N00935643EA0000001043
B1152465627157N00935669EA0000001028
B1152535627324N00935684EA0000001017
B1153035627564N00935684EA0000001003
B1153095627708N00935681EA0000000999
B1153165627871N00935676EA0000001000
B1153225628007N00935673EA0000000997
B1153285628144N00935674EA0000000985
B1153345628280N00935686EA0000000976
B1153395628391N00935689EA0000000969
B1153445628499N00935694EA0000000965
B1153515628644N00935723EA0000000978
B1154015628826N00935760EA0000000991
B1154075628940N00935779EA0000000963
B1154125629041N00935794EA0000000969
B1154225629217N00935795EA0000000974
B1154295629348N00935801EA0000000966
B1154365629482N00935802EA0000000963
B1154415629578N00935807EA0000000972
B1154475629688N00935814EA0000000988
B1154565629826N00935829EA0000001012
B1155015629874N00935911EA0000001010
B1155065629855N00936031EA0000001003
B1155155629728N00935996EA0000001012
B1155205629704N00935850EA0000001026
B1155255629736N00935716EA0000001029
B1155305629807N00935659EA0000001032
B1155365629866N00935747EA0000001033
B1155425629832N00935882EA0000001024
B1155485629746N00935958EA0000001024
B1155535629670N00935998EA0000001031
B1156045629533N00935810EA0000001055
B1156115629528N00935617EA0000001053
B1156185629628N00935578EA0000001058
B1156265629614N00935759EA0000001058
B1156405629470N00935518EA0000001070
B1156455629503N00935387EA0000001068
B1156515629596N00935331EA0000001066
B1156585629725N00935328EA0000001052
B1157065629879N00935320EA0000001050
B1157215630167N00935322EA0000001044
B1157285630294N00935346EA0000001047
B1157345630409N00935366EA0000001029
B1157405630533N00935381EA0000001016
B1157465630663N00935388EA0000001006
B1157525630798N00935408EA0000001000
B1157585630936N00935421EA0000000990
B1158035631050N00935433EA0000000985
B1158105631209N00935451EA0000000973
B1158175631369N00935459EA0000000968
B1158235631503N00935466EA0000000971
B1158325631700N00935481EA0000000971
B1158385631827N00935488EA0000000969
B1158455631976N00935492EA0000000961
B1158525632129N00935498EA0000000951
B1158575632239N00935505EA0000000940
B1159055632416N00935521EA0000000932
B1159105632525N00935530EA0000000928
B1159165632656N00935540EA0000000920
B1159225632784N00935558EA0000000928
B1159275632885N00935569EA0000000943
B1159325632978N00935576EA0000000951
B1159405633129N00935585EA0000000946
B1159495633286N00935558EA0000000950
B1159545633375N00935548EA0000000934
B1200005633490N00935536EA0000000912
B1200105633682N00935535EA0000000901
B1200185633833N00935525EA0000000888
B1200295634037N00935505EA0000000876
B1200345634131N00935494EA0000000869
B1200415634265N00935472EA0000000863
B1200475634377N00935445EA0000000872
B1200525634456N00935424EA0000000900
B1200575634530N00935396EA0000000906
B1201025634573N00935279EA0000000908
B1201075634532N00935181EA0000000926
B1201135634457N00935246EA0000000923
B1201185634473N00935374EA0000000925
B1201235634547N00935399EA0000000936
B1201285634576N00935280EA0000000943
B1201335634514N00935214EA0000000939
B1201395634467N00935350EA0000000953
B1201445634524N00935428EA0000000954
B1201495634595N00935378EA0000000977
B1201555634589N00935226EA0000000978
B1202025634500N00935250EA0000000983
B1202075634504N00935385EA0000000990
B1202125634572N00935427EA0000001000
B1202175634623N00935314EA0000000998
B1202225634575N00935219EA0000001014
B1202275634520N00935309EA0000001013
B1202325634561N00935409EA0000001031
B1202385634619N00935281EA0000001024
B1202435634553N00935242EA0000001039
B1202485634553N00935372EA0000001046
B1202535634625N00935326EA0000001052
B1202585634598N00935204EA0000001064
B1203045634531N00935302EA0000001068
B1203095634593N00935355EA0000001077
B1203145634624N00935227EA0000001085
B1203205634541N00935219EA0000001086
B1203255634555N00935340EA0000001103
B1203305634625N00935297EA0000001101
B1203365634598N00935152EA0000001119
B1203415634535N00935206EA0000001113
B1203465634551N00935328EA0000001125
B1203525634640N00935296EA0000001118
B1203575634646N00935153EA0000001133
B1204025634594N00935062EA0000001134
B1204095634511N00935147EA0000001135
B1204145634532N00935263EA0000001143
B1204195634607N00935295EA0000001130
B1204265634737N00935296EA0000001122
B1204315634835N00935290EA0000001100
B1204395635009N00935275EA0000001080
B1204475635184N00935237EA0000001063
B1204525635295N00935226EA0000001057
B1204585635427N00935218EA0000001049
B1205045635564N00935214EA0000001036
B1205135635768N00935212EA0000001042
B1205185635876N00935203EA0000001036
B1205255636030N00935184EA0000001022
B1205315636162N00935167EA0000001007
B1205395636338N00935146EA0000000998
B1205465636492N00935131EA0000000990
B1205515636600N00935119EA0000000986
B1205565636702N00935119EA0000000995
B1206025636817N00935138EA0000000991
B1206095636949N00935151EA0000000989
B1206165637084N00935167EA0000000967
B1206215637190N00935197EA0000000950
B1206295637354N00935261EA0000000955
B1206365637480N00935320EA0000000984
B1206435637592N00935370EA0000000979
B1206505637709N00935449EA0000000963
B1206555637798N00935515EA0000000954
B1207015637899N00935623EA0000000958
B1207065637968N00935712EA0000000982
B1207125638051N00935821EA0000000957
B1207205638172N00936008EA0000000941
B1207255638245N00936132EA0000000950
B1207305638306N00936236EA0000000967
B1207365638380N00936357EA0000000963
B1207415638442N00936462EA0000000954
B1207465638505N00936571EA0000000947
B1207565638630N00936783EA0000000935
B1208015638692N00936892EA0000000931
B1208065638752N00936998EA0000000938
B1208125638820N00937116EA0000000932
B1208195638912N00937263EA0000000927
B1208255638983N00937381EA0000000937
B1208335639077N00937539EA0000000923
B1208405639173N00937682EA0000000909
B1208455639240N00937790EA0000000910
B1208515639322N00937906EA0000000912
B1208595639454N00938008EA0000000903
B1209045639533N00938051EA0000000927
B1209095639603N00938089EA0000000922
B1209155639691N00938129EA0000000915
B1209235639825N00938178EA0000000907
B1209285639911N00938217EA0000000913
B1209345640006N00938252EA0000000922
B1209395640089N00938245EA0000000929
B1209445640163N00938237EA0000000953
B1209495640196N00938332EA0000000933
B1209555640128N00938416EA0000000933
B1210045640112N00938189EA0000000908
B1210095640190N00938105EA0000000919
B1210145640260N00938038EA0000000910
B1210195640344N00938009EA0000000892
B1210245640435N00938015EA0000000878
B1210295640532N00938028EA0000000867
B1210385640706N00938076EA0000000847
B1210485640900N00938173EA0000000837
B1210545641010N00938232EA0000000851
B1210595641090N00938269EA0000000873
B1211045641166N00938309EA0000000848
B1211155641370N00938423EA0000000817
B1211215641484N00938482EA0000000815
B1211285641616N00938517EA0000000823
B1211335641701N00938548EA0000000821
B1211385641792N00938582EA0000000810
B1211435641887N00938613EA0000000812
B1211495641993N00938643EA0000000828
B1211565642117N00938671EA0000000804
B1212065642306N00938625EA0000000779
B1212135642427N00938466EA0000000774
B1212205642540N00938311EA0000000781
B1212265642632N00938177EA0000000785
B1212315642703N00938064EA0000000796
B1212375642780N00937936EA0000000813
B1212425642852N00937868EA0000000813
B1212485642926N00937950EA0000000831
B1212535642907N00938073EA0000000837
B1212585642836N00938094EA0000000848
B1213035642796N00937984EA0000000856
B1213085642832N00937868EA0000000855
B1213135642909N00937864EA0000000859
B1213205642931N00938025EA0000000866
B1213255642859N00938053EA0000000874
B1213325642843N00937878EA0000000880
B1213375642918N00937843EA0000000886
B1213445642944N00937995EA0000000897
B1213495642871N00938020EA0000000903
B1213545642852N00937892EA0000000911
B1214005642935N00937850EA0000000913
B1214065642945N00937981EA0000000922
B1214115642876N00938013EA0000000930
B1214165642847N00937887EA0000000930
B1214225642922N00937802EA0000000939
B1214295642966N00937944EA0000000948
B1214355642894N00937993EA0000000955
B1214425642869N00937820EA0000000961
B1214485642955N00937773EA0000000969
B1214565642959N00937947EA0000000977
B1215015642890N00937929EA0000000987
B1215065642876N00937792EA0000000994
B1215125642957N00937722EA0000000997
B1215175643001N00937819EA0000001004
B1215225642957N00937914EA0000001004
B1215285642890N00937819EA0000001012
B1215335642930N00937693EA0000001022
B1215385643003N00937684EA0000001027
B1215445643031N00937810EA0000001030
B1215495642982N00937889EA0000001031
B1215545642915N00937837EA0000001036
B1216025642929N00937629EA0000001037
B1216085643018N00937635EA0000001043
B1216135643029N00937763EA0000001040
B1216185642963N00937811EA0000001044
B1216275642949N00937590EA0000001049
B1216325643030N00937571EA0000001052
B1216375643102N00937630EA0000001051
B1216435643203N00937690EA0000001034
B1216505643339N00937741EA0000001033
B1216575643476N00937777EA0000001026
B1217045643611N00937825EA0000001020
B1217105643729N00937866EA0000001011
B1217155643829N00937911EA0000001006
B1217235643984N00937990EA0000001001
B1217285644076N00938063EA0000001000
B1217335644165N00938144EA0000001001
B1217385644254N00938219EA0000001003
B1217445644365N00938301EA0000001001
B1217505644480N00938385EA0000000994
B1217555644576N00938455EA0000000995
B1218055644767N00938579EA0000000986
B1218125644899N00938664EA0000000986
B1218175644988N00938726EA0000000992
B1218225645074N00938781EA0000000993
B1218315645236N00938880EA0000000962
B1218385645365N00938972EA0000000947
B1218435645459N00939031EA0000000942
B1218515645611N00939113EA0000000935
B1218595645755N00939190EA0000000940
B1219055645860N00939251EA0000000944
B1219105645948N00939303EA0000000954
B1219155646023N00939346EA0000000990
B1219205646093N00939352EA0000000977
B1219255646135N00939231EA0000000975
B1219305646083N00939129EA0000000994
B1219375646035N00939260EA0000000994
B1219425646103N00939302EA0000000987
B1219475646158N00939204EA0000000991
B1219525646126N00939076EA0000000995
B1219595646043N00939153EA0000001007
B1220045646083N00939250EA0000001005
B1220095646158N00939212EA0000000992
B1220145646226N00939123EA0000000995
B1220205646303N00939026EA0000001012
B1220255646357N00938926EA0000001012
B1220305646348N00938779EA0000001009
B1220395646256N00938880EA0000001013
B1220445646310N00938981EA0000001019
B1220525646434N00939051EA0000001007
B1220575646518N00939100EA0000000990
B1221035646630N00939167EA0000000976
B1221145646836N00939324EA0000000953
B1221235647002N00939451EA0000000950
B1221285647093N00939518EA0000000945
B1221345647202N00939601EA0000000941
B1221415647327N00939698EA0000000938
B1221495647469N00939811EA0000000936
B1221565647588N00939916EA0000000935
B1222055647741N00940057EA0000000940
B1222115647839N00940153EA0000000950
B1222165647917N00940232EA0000000955
B1222235648027N00940340EA0000000949
B1222295648122N00940425EA0000000951
B1222345648197N00940498EA0000000961
B1222405648288N00940589EA0000000964
B1222455648357N00940675EA0000000973
B1222505648385N00940803EA0000000964
B1222565648432N00940956EA0000000962
B1223025648506N00941055EA0000000955
B1223085648596N00941142EA0000000932
B1223145648705N00941200EA0000000927
B1223215648840N00941242EA0000000920
B1223265648934N00941256EA0000000918
B1223315649026N00941274EA0000000906
B1223425649247N00941315EA0000000883
B1223475649342N00941333EA0000000872
B1223575649539N00941362EA0000000851
B1224055649693N00941376EA0000000855
B1224145649866N00941391EA0000000852
B1224215649996N00941407EA0000000844
B1224285650128N00941405EA0000000834
B1224335650215N00941450EA0000000827
B1224385650268N00941574EA0000000816
B1224455650305N00941782EA0000000806
B1224565650358N00942123EA0000000797
B1225025650389N00942303EA0000000790
B1225105650434N00942541EA0000000783
B1225165650468N00942719EA0000000772
B1225265650504N00943022EA0000000767
B1225355650531N00943296EA0000000766
B1225425650550N00943503EA0000000768
B1225485650565N00943680EA0000000760
B1225545650579N00943866EA0000000747
B1226025650601N00944115EA0000000744
B1226075650613N00944271EA0000000740
B1226165650630N00944551EA0000000744
B1226215650588N00944662EA0000000745
B1226305650438N00944680EA0000000723
B1226355650351N00944653EA0000000730
B1226405650278N00944615EA0000000744
B1226485650156N00944544EA0000000726
B1226565650026N00944477EA0000000717
B1227025649930N00944435EA0000000713
B1227075649851N00944400EA0000000704
B1227125649770N00944365EA0000000696
B1227205649636N00944314EA0000000681
B1227265649530N00944271EA0000000662
B1227315649437N00944229EA0000000649
B1227365649341N00944192EA0000000645
B1227425649233N00944140EA0000000648
B1227475649146N00944096EA0000000641
B1227525649057N00944064EA0000000639
B1227595648933N00944075EA0000000634
B1228065648806N00944039EA0000000624
B1228145648657N00943973EA0000000609
B1228205648551N00943918EA0000000609
B1228255648468N00943862EA0000000600
B1228325648356N00943738EA0000000576
B1228405648229N00943575EA0000000565
B1228455648153N00943471EA0000000566
B1228515648064N00943350EA0000000569
B1228575647979N00943243EA0000000575
B1229025647914N00943160EA0000000575
B1229125647789N00942997EA0000000567
B1229175647731N00942897EA0000000551
B1229235647665N00942759EA0000000542
B1229295647601N00942622EA0000000539
B1229345647541N00942520EA0000000536
B1229445647432N00942312EA0000000567
B1229495647443N00942183EA0000000575
B1229545647516N00942129EA0000000583
B1230005647576N00942252EA0000000579
B1230055647545N00942365EA0000000585
B1230105647483N00942435EA0000000595
B1230165647408N00942435EA0000000610
B1230225647416N00942282EA0000000617
B1230285647504N00942277EA0000000629
B1230355647501N00942440EA0000000641
B1230415647433N00942389EA0000000653
B1230485647489N00942247EA0000000658
B1230535647551N00942329EA0000000664
B1230585647517N00942438EA0000000671
B1231045647454N00942360EA0000000682
B1231095647504N00942250EA0000000696
B1231145647572N00942315EA0000000693
B1231205647535N00942440EA0000000710
B1231255647481N00942375EA0000000715
B1231305647511N00942250EA0000000733
B1231365647595N00942294EA0000000734
B1231415647591N00942422EA0000000745
B1231525647530N00942277EA0000000761
B1231575647608N00942248EA0000000778
B1232025647654N00942356EA0000000775
B1232085647607N00942472EA0000000779
B1232135647554N00942396EA0000000788
B1232205647620N00942259EA0000000802
B1232255647688N00942330EA0000000806
B1232315647680N00942486EA0000000807
B1232375647603N00942469EA0000000814
B1232425647598N00942336EA0000000825
B1232485647686N00942274EA0000000834
B1232535647751N00942366EA0000000838
B1232585647744N00942502EA0000000835
B1233055647651N00942544EA0000000838
B1233105647589N00942458EA0000000842
B1233155647543N00942358EA0000000866
B1233225647596N00942195EA0000000882
B1233285647672N00942295EA0000000893
B1233345647620N00942404EA0000000905
B1233395647569N00942321EA0000000914
B1233455647620N00942189EA0000000943
B1233505647693N00942247EA0000000947
B1233565647688N00942397EA0000000963
B1234015647629N00942395EA0000000966
B1234075647607N00942255EA0000000988
B1234125647664N00942150EA0000001000
B1234185647749N00942192EA0000001007
B1234245647767N00942353EA0000001013
B1234295647721N00942419EA0000001020
B1234355647658N00942342EA0000001028
B1234405647673N00942211EA0000001039
B1234455647747N00942163EA0000001057
B1234505647809N00942247EA0000001057
B1234555647817N00942382EA0000001064
B1235005647766N00942443EA0000001065
B1235055647705N00942383EA0000001070
B1235105647697N00942258EA0000001080
B1235155647756N00942153EA0000001084
B1235205647835N00942171EA0000001098
B1235255647870N00942296EA0000001100
B1235325647814N00942411EA0000001104
B1235375647757N00942346EA0000001108
B1235425647750N00942221EA0000001116
B1235475647808N00942115EA0000001118
B1235525647887N00942123EA0000001123
B1235585647931N00942271EA0000001126
B1236035647893N00942361EA0000001128
B1236095647815N00942304EA0000001120
B1236145647790N00942181EA0000001140
B1236205647853N00942067EA0000001141
B1236265647941N00942115EA0000001143
B1236315647959N00942251EA0000001146
B1236365647919N00942334EA0000001150
B1236415647856N00942305EA0000001145
B1236465647836N00942191EA0000001160
B1236515647887N00942085EA0000001153
B1236565647966N00942093EA0000001161
B1237035648023N00942255EA0000001157
B1237085647996N00942366EA0000001160
B1237135647933N00942376EA0000001150
B1237185647874N00942275EA0000001137
B1237235647826N00942132EA0000001131
B1237285647777N00941985EA0000001140
B1237345647724N00941810EA0000001152
B1237395647685N00941664EA0000001176
B1237445647654N00941531EA0000001187
B1237515647617N00941333EA0000001203
B1237565647594N00941182EA0000001203
B1238045647554N00940922EA0000001190
B1238115647514N00940685EA0000001190
B1238175647461N00940480EA0000001189
B1238245647397N00940238EA0000001191
B1238305647342N00940024EA0000001185
B1238365647285N00939806EA0000001175
B1238425647233N00939587EA0000001171
B1238485647182N00939361EA0000001160
B1238565647105N00939064EA0000001162
B1239015647052N00938888EA0000001163
B1239075646994N00938674EA0000001162
B1239155646904N00938408EA0000001160
B1239215646830N00938217EA0000001155
B1239265646767N00938066EA0000001157
B1239325646674N00937942EA0000001153
B1239385646562N00937870EA0000001133
B1239435646463N00937816EA0000001122
B1239525646282N00937720EA0000001114
B1240005646120N00937630EA0000001108
B1240055646021N00937568EA0000001115
B1240105645927N00937500EA0000001109
B1240155645836N00937427EA0000001102
B1240205645744N00937354EA0000001089
B1240285645605N00937223EA0000001087
B1240335645519N00937138EA0000001079
B1240425645367N00936957EA0000001064
B1240475645284N00936849EA0000001066
B1240535645193N00936722EA0000001073
B1241005645093N00936574EA0000001072
B1241055645023N00936461EA0000001066
B1241125644920N00936306EA0000001065
B1241205644801N00936136EA0000001056
B1241255644728N00936025EA0000001048
B1241305644655N00935910EA0000001044
B1241355644583N00935795EA0000001037
B1241415644492N00935659EA0000001021
B1241465644413N00935545EA0000001014
B1241525644323N00935407EA0000001005
B1241575644250N00935293EA0000000996
B1242065644122N00935086EA0000000982
B1242135644023N00934930EA0000000971
B1242205643924N00934770EA0000000964
B1242255643853N00934663EA0000000978
B1242305643797N00934573EA0000001001
B1242355643724N00934571EA0000000989
B1242415643714N00934707EA0000001014
B1242465643785N00934766EA0000001007
B1242515643857N00934704EA0000001022
B1242565643868N00934569EA0000001021
B1243055643763N00934512EA0000001015
B1243105643720N00934613EA0000001032
B1243165643758N00934747EA0000001028
B1243215643836N00934706EA0000001038
B1243265643849N00934568EA0000001039
B1243325643777N00934504EA0000001041
B1243375643732N00934584EA0000001044
B1243425643712N00934705EA0000001045
B1243475643743N00934812EA0000001045
B1243525643819N00934836EA0000001047
B1243585643898N00934766EA0000001048
B1244055643903N00934582EA0000001059
B1244105643843N00934532EA0000001064
B1244155643793N00934607EA0000001066
B1244205643818N00934722EA0000001072
B1244285643925N00934665EA0000001076
B1244335643901N00934535EA0000001078
B1244385643841N00934533EA0000001091
B1244435643828N00934655EA0000001078
B1244485643901N00934712EA0000001095
B1244535643957N00934612EA0000001086
B1244585643938N00934465EA0000001090
B1245045643873N00934349EA0000001082
B1245135643731N00934337EA0000001077
B1245185643650N00934302EA0000001064
B1245265643513N00934191EA0000001048
B1245335643410N00934004EA0000001032
B1245385643340N00933860EA0000001027
B1245435643273N00933717EA0000001024
B1245495643197N00933549EA0000001022
B1245545643135N00933411EA0000001019
B1245595643076N00933272EA0000001016
B1246045643013N00933134EA0000001008
B1246115642928N00932935EA0000001002
B1246175642858N00932765EA0000000998
B1246225642801N00932627EA0000000996
B1246305642701N00932419EA0000000981
B1246355642637N00932289EA0000000977
B1246405642573N00932164EA0000000980
B1246465642500N00932021EA0000000982
B1246515642432N00931924EA0000000980
B1246595642312N00931813EA0000000964
B1247045642228N00931774EA0000000957
B1247095642139N00931749EA0000000944
B1247155642027N00931729EA0000000930
B1247205641932N00931710EA0000000921
B1247265641820N00931687EA0000000917
B1247385641609N00931635EA0000000893
B1247435641520N00931618EA0000000882
B1247485641430N00931604EA0000000873
B1247545641320N00931591EA0000000860
B1247595641229N00931583EA0000000857
B1248055641120N00931578EA0000000848
B1248105641029N00931571EA0000000842
B1248185640885N00931561EA0000000831
B1248265640737N00931550EA0000000821
B1248335640609N00931538EA0000000822
B1248405640483N00931541EA0000000808
B1248465640371N00931545EA0000000792
B1248535640244N00931541EA0000000789
B1249005640124N00931539EA0000000787
B1249075640008N00931534EA0000000787
B1249125639923N00931531EA0000000779
B1249205639778N00931523EA0000000781
B1249255639690N00931519EA0000000795
B1249325639585N00931517EA0000000811
B1249375639515N00931569EA0000000792
B1249445639537N00931716EA0000000796
B1249495639608N00931696EA0000000801
B1249545639649N00931571EA0000000809
B1250015639674N00931376EA0000000820
B1250065639648N00931233EA0000000809
B1250125639567N00931130EA0000000810
B1250185639481N00931052EA0000000792
B1250245639386N00930936EA0000000773
B1250315639275N00930799EA0000000782
B1250365639200N00930696EA0000000777
B1250455639056N00930511EA0000000767
B1250535638929N00930357EA0000000775
B1250585638853N00930260EA0000000770
B1251045638759N00930145EA0000000767
B1251125638637N00929996EA0000000762
B1251245638450N00929781EA0000000752
B1251335638300N00929653EA0000000744
B1251385638211N00929607EA0000000736
B1251455638082N00929557EA0000000720
B1251505637988N00929525EA0000000719
B1251595637824N00929467EA0000000706
B1252045637731N00929434EA0000000692
B1252105637619N00929397EA0000000679
B1252155637525N00929373EA0000000670
B1252205637431N00929355EA0000000663
B1252255637345N00929344EA0000000687
B1252315637253N00929321EA0000000685
B1252375637158N00929293EA0000000693
B1252425637096N00929363EA0000000688
B1252475637100N00929484EA0000000697
B1252525637155N00929560EA0000000691
B1252585637241N00929530EA0000000694
B1253045637316N00929424EA0000000688
B1253095637331N00929275EA0000000697
B1253145637307N00929135EA0000000708
B1253195637235N00929090EA0000000716
B1253255637222N00929224EA0000000718
B1253315637304N00929180EA0000000724
B1253365637296N00929035EA0000000736
B1253415637235N00928954EA0000000746
B1253465637174N00929031EA0000000750
B1253515637201N00929142EA0000000764
B1253565637273N00929136EA0000000761
B1254015637307N00929006EA0000000775
B1254065637249N00928925EA0000000782
B1254115637191N00929009EA0000000788
B1254165637221N00929111EA0000000798
B1254225637300N00929033EA0000000799
B1254275637255N00928918EA0000000807
B1254325637191N00928983EA0000000818
B1254375637227N00929094EA0000000815
B1254425637294N00929024EA0000000823
B1254485637242N00928899EA0000000838
B1254535637177N00928958EA0000000842
B1254585637190N00929082EA0000000846
B1255035637265N00929091EA0000000845
B1255085637320N00928987EA0000000855
B1255135637327N00928849EA0000000849
B1255185637268N00928769EA0000000862
B1255235637200N00928795EA0000000869
B1255285637157N00928898EA0000000869
B1255335637186N00929010EA0000000866
B1255385637260N00929014EA0000000872
B1255435637299N00928895EA0000000873
B1255495637252N00928760EA0000000884
B1255545637178N00928763EA0000000890
B1256005637136N00928895EA0000000892
B1256055637184N00928991EA0000000889
B1256105637254N00928946EA0000000896
B1256155637255N00928805EA0000000900
B1256215637171N00928760EA0000000910
B1256285637149N00928915EA0000000904
B1256335637219N00928953EA0000000911
B1256385637259N00928845EA0000000911
B1256435637217N00928722EA0000000918
B1256485637143N00928668EA0000000928
B1256545637053N00928693EA0000000926
B1257005637070N00928833EA0000000924
B1257055637144N00928816EA0000000927
B1257105637158N00928674EA0000000920
B1257155637094N00928574EA0000000912
B1257205637000N00928535EA0000000907
B1257285636842N00928492EA0000000891
B1257355636700N00928431EA0000000878
B1257405636600N00928378EA0000000878
B1257455636503N00928329EA0000000879
B1257515636389N00928271EA0000000880
B1257585636260N00928189EA0000000863
B1258065636117N00928067EA0000000859
B1258125636016N00927979EA0000000857
B1258175635934N00927904EA0000000851
B1258265635783N00927761EA0000000851
B1258325635691N00927673EA0000000875
B1258405635568N00927558EA0000000861
B1258515635392N00927402EA0000000860
B1258565635315N00927330EA0000000858
B1259055635182N00927196EA0000000853
B1259115635091N00927118EA0000000844
B1259165635013N00927063EA0000000836
B1259215634932N00927012EA0000000822
B1259265634848N00926963EA0000000815
B1259315634767N00926914EA0000000824
B1259385634661N00926852EA0000000831
B1259455634551N00926797EA0000000826
B1259555634379N00926755EA0000000806
B1300025634248N00926748EA0000000788
B1300105634098N00926748EA0000000793
B1300275633816N00926750EA0000000811
B1300355633678N00926760EA0000000801
B1300435633535N00926766EA0000000793
B1300495633428N00926767EA0000000787
B1300545633338N00926773EA0000000784
B1301005633231N00926786EA0000000788
B1301075633119N00926809EA0000000802
B1301135633036N00926862EA0000000813
B1301185632960N00926873EA0000000803
B1301255632912N00926704EA0000000823
B1301335633013N00926678EA0000000815
B1301395633003N00926812EA0000000807
B1301465632886N00926844EA0000000817
B1301515632810N00926833EA0000000832
B1301565632740N00926759EA0000000816
B1302015632748N00926616EA0000000828
B1302085632843N00926604EA0000000815
B1302185632770N00926776EA0000000804
B1302235632679N00926768EA0000000795
B1302285632596N00926760EA0000000815
B1302335632514N00926748EA0000000800
B1302395632409N00926734EA0000000802
B1302445632321N00926717EA0000000795
B1302515632195N00926695EA0000000789
B1302565632106N00926678EA0000000782
B1303015632019N00926660EA0000000779
B1303075631915N00926644EA0000000775
B1303125631828N00926626EA0000000770
B1303185631721N00926602EA0000000758
B1303235631631N00926578EA0000000753
B1303285631542N00926518EA0000000747
B1303335631456N00926442EA0000000744
B1303385631373N00926366EA0000000740
B1303465631241N00926250EA0000000728
B1303515631157N00926169EA0000000721
B1303565631073N00926088EA0000000716
B1304015630991N00926004EA0000000712
B1304085630879N00925883EA0000000696
B1304165630741N00925747EA0000000679
B1304235630623N00925636EA0000000666
B1304325630469N00925503EA0000000658
B1304385630369N00925413EA0000000654
B1304455630249N00925313EA0000000647
B1304515630147N00925231EA0000000651
B1304585630034N00925137EA0000000660
B1305065629912N00925027EA0000000647
B1305125629813N00924942EA0000000655
B1305175629736N00924907EA0000000649
B1305235629644N00924844EA0000000662
B1305305629628N00924663EA0000000662
B1305355629693N00924592EA0000000677
B1305405629748N00924645EA0000000681
B1305465629737N00924781EA0000000679
B1305515629667N00924827EA0000000677
B1305565629592N00924786EA0000000692
B1306015629571N00924656EA0000000701
B1306065629633N00924588EA0000000704
B1306115629677N00924663EA0000000716
B1306165629646N00924764EA0000000709
B1306215629569N00924761EA0000000722
B1306265629539N00924630EA0000000731
B1306315629598N00924554EA0000000735
B1306365629641N00924639EA0000000751
B1306415629588N00924716EA0000000751
B1306465629526N00924626EA0000000766
B1306515629565N00924512EA0000000772
B1306565629622N00924576EA0000000786
B1307025629570N00924675EA0000000795
B1307075629508N00924589EA0000000809
B1307125629538N00924465EA0000000808
B1307185629616N00924502EA0000000827
B1307245629584N00924624EA0000000831
B1307295629512N00924579EA0000000847
B1307345629509N00924440EA0000000842
B1307405629593N00924405EA0000000860
B1307475629572N00924547EA0000000866
B1307545629487N00924453EA0000000893
B1307595629519N00924324EA0000000875
B1308045629596N00924320EA0000000885
B1308095629636N00924426EA0000000905
B1308145629613N00924532EA0000000917
B1308195629543N00924542EA0000000924
B1308245629502N00924425EA0000000938
B1308305629558N00924304EA0000000942
B1308355629625N00924354EA0000000957
B1308435629572N00924488EA0000000978
B1308495629514N00924365EA0000000992
B1308555629575N00924259EA0000000997
B1309005629628N00924342EA0000001013
B1309055629600N00924441EA0000001029
B1309105629528N00924435EA0000001034
B1309155629489N00924317EA0000001053
B1309205629525N00924197EA0000001052
B1309255629600N00924191EA0000001062
B1309305629628N00924293EA0000001078
B1309365629565N00924377EA0000001088
B1309425629499N00924267EA0000001091
B1309475629531N00924138EA0000001100
B1309525629607N00924132EA0000001102
B1309575629638N00924248EA0000001120
B1310025629587N00924331EA0000001132
B1310075629520N00924279EA0000001141
B1310125629511N00924141EA0000001149
B1310175629571N00924069EA0000001149
B1310225629638N00924125EA0000001162
B1310275629636N00924239EA0000001176
B1310325629574N00924292EA0000001180
B1310375629510N00924222EA0000001193
B1310425629508N00924088EA0000001199
B1310475629569N00924014EA0000001198
B1310525629636N00924070EA0000001212
B1310575629636N00924185EA0000001223
B1311035629557N00924224EA0000001231
B1311085629507N00924113EA0000001237
B1311135629530N00923969EA0000001245
B1311185629605N00923959EA0000001256
B1311235629621N00924077EA0000001274
B1311285629560N00924139EA0000001287
B1311335629496N00924054EA0000001292
B1311395629510N00923879EA0000001304
B1311445629587N00923860EA0000001313
B1311495629611N00923980EA0000001331
B1311545629554N00924061EA0000001338
B1311595629481N00924007EA0000001351
B1312045629469N00923859EA0000001360
B1312115629564N00923804EA0000001370
B1312165629582N00923934EA0000001384
B1312215629514N00924022EA0000001374
B1312265629410N00924004EA0000001373
B1312325629281N00923919EA0000001381
B1312375629177N00923815EA0000001374
B1312435629046N00923683EA0000001366
B1312485628931N00923580EA0000001367
B1312545628794N00923464EA0000001374
B1313005628655N00923344EA0000001380
B1313055628540N00923236EA0000001375
B1313105628422N00923124EA0000001369
B1313175628257N00922966EA0000001364
B1313235628121N00922833EA0000001372
B1313285628014N00922722EA0000001371
B1313355627873N00922550EA0000001365
B1313415627756N00922404EA0000001363
B1313485627619N00922227EA0000001357
B1313545627504N00922066EA0000001347
B1313595627408N00921932EA0000001341
B1314075627256N00921719EA0000001328
B1314125627163N00921586EA0000001321
B1314175627072N00921449EA0000001309
B1314225626979N00921315EA0000001302
B1314285626872N00921154EA0000001294
B1314345626767N00920995EA0000001283
B1314395626677N00920859EA0000001269
B1314455626569N00920691EA0000001255
B1314505626477N00920553EA0000001247
B1314565626366N00920389EA0000001239
B1315015626273N00920257EA0000001232
B1315065626183N00920127EA0000001233
B1315125626078N00919976EA0000001230
B1315175625993N00919849EA0000001223
B1315245625867N00919678EA0000001208
B1315305625758N00919529EA0000001203
B1315385625615N00919336EA0000001196
B1315445625511N00919176EA0000001183
B1315515625389N00918967EA0000001165
B1315575625285N00918781EA0000001164
B1316035625170N00918628EA0000001155
B1316095625055N00918479EA0000001151
B1316145624962N00918359EA0000001156
B1316195624876N00918245EA0000001160
B1316305624688N00917997EA0000001147
B1316375624572N00917835EA0000001135
B1316465624428N00917627EA0000001124
B1316515624352N00917512EA0000001116
B1316565624277N00917403EA0000001112
B1317015624204N00917298EA0000001109
B1317065624135N00917186EA0000001107
B1317165623990N00916962EA0000001097
B1317215623917N00916849EA0000001094
B1317275623832N00916705EA0000001090
B1317325623761N00916588EA0000001084
B1317385623673N00916450EA0000001073
B1317435623599N00916336EA0000001068
B1317495623513N00916199EA0000001068
B1317545623445N00916083EA0000001064
B1318005623365N00915939EA0000001060
B1318055623298N00915827EA0000001057
B1318115623219N00915682EA0000001043
B1318195623112N00915473EA0000001028
B1318265623019N00915290EA0000001023
B1318315622954N00915164EA0000001021
B1318365622888N00915040EA0000001020
B1318415622825N00914917EA0000001014
B1318475622748N00914761EA0000000996
B1318565622628N00914518EA0000000981
B1319015622564N00914378EA0000000973
B1319065622499N00914236EA0000000961
B1319125622419N00914061EA0000000951
B1319175622355N00913918EA0000000949
B1319235622282N00913748EA0000000952
B1319335622181N00913492EA0000000980
B1319385622132N00913364EA0000000986
B1319435622081N00913251EA0000000985
B1319485622011N00913231EA0000000974
B1319535621977N00913312EA0000000972
B1319585622014N00913405EA0000000955
B1320035622098N00913385EA0000000954
B1320085622141N00913226EA0000000970
B1320145622147N00913031EA0000000972
B1320195622090N00912906EA0000000947
B1320265621985N00912762EA0000000931
B1320325621890N00912647EA0000000929
B1320405621763N00912543EA0000000948
B1320465621678N00912485EA0000000969
B1320525621590N00912470EA0000000956
B1320585621572N00912600EA0000000971
B1321035621641N00912664EA0000000973
B1321085621718N00912572EA0000000966
B1321145621723N00912352EA0000000977
B1321195621697N00912195EA0000000981
B1321265621589N00912061EA0000000956
B1321325621471N00912001EA0000000953
B1321375621375N00911960EA0000000961
B1321425621283N00911920EA0000000970
B1321475621194N00911880EA0000000979
B1321535621093N00911841EA0000000989
B1322005620968N00911799EA0000000970
B1322055620871N00911768EA0000000961
B1322105620779N00911728EA0000000958
B1322155620687N00911690EA0000000953
B1322205620596N00911652EA0000000948
B1322285620447N00911598EA0000000937
B1322335620352N00911570EA0000000934
B1322395620239N00911531EA0000000934
B1322455620127N00911488EA0000000937
B1322505620036N00911451EA0000000939
B1322555619947N00911417EA0000000937
B1323005619858N00911390EA0000000927
B1323065619747N00911358EA0000000919
B1323115619654N00911333EA0000000917
B1323175619545N00911304EA0000000912
B1323235619434N00911279EA0000000903
B1323285619340N00911253EA0000000897
B1323335619246N00911224EA0000000902
B1323385619159N00911199EA0000000905
B1323465619023N00911155EA0000000895
B1323525618918N00911112EA0000000880
B1323595618791N00911055EA0000000863
B1324045618698N00911011EA0000000857
B1324095618603N00910975EA0000000850
B1324145618511N00910947EA0000000855
B1324215618391N00910904EA0000000864
B1324265618308N00910873EA0000000860
B1324345618175N00910841EA0000000849
B1324415618059N00910791EA0000000854
B1324495617923N00910737EA0000000861
B1324565617801N00910690EA0000000847
B1325015617709N00910654EA0000000834
B1325085617580N00910621EA0000000836
B1325135617495N00910591EA0000000840
B1325235617323N00910531EA0000000840
B1325305617204N00910497EA0000000825
B1325365617099N00910465EA0000000814
B1325425616989N00910419EA0000000795
B1325495616862N00910364EA0000000789
B1325545616773N00910328EA0000000789
B1326025616637N00910258EA0000000781
B1326105616501N00910214EA0000000771
B1326155616417N00910180EA0000000765
B1326215616317N00910140EA0000000759
B1326285616196N00910093EA0000000749
B1326345616094N00910028EA0000000742
B1326395616011N00909957EA0000000742
B1326455615913N00909864EA0000000737
B1326525615797N00909751EA0000000732
B1326575615709N00909682EA0000000732
B1327025615616N00909654EA0000000725
B1327085615499N00909646EA0000000724
B1327165615344N00909646EA0000000741
B1327215615263N00909648EA0000000770
B1327275615175N00909654EA0000000775
B1327325615131N00909745EA0000000772
B1327385615201N00909836EA0000000770
B1327435615268N00909747EA0000000788
B1327505615245N00909564EA0000000797
B1327555615176N00909578EA0000000798
B1328005615185N00909696EA0000000799
B1328055615264N00909712EA0000000809
B1328105615310N00909596EA0000000815
B1328155615274N00909467EA0000000820
B1328205615205N00909484EA0000000820
B1328265615235N00909614EA0000000822
B1328315615311N00909570EA0000000838
B1328365615315N00909433EA0000000842
B1328415615251N00909362EA0000000846
B1328465615205N00909435EA0000000851
B1328515615248N00909533EA0000000846
B1328565615323N00909484EA0000000860
B1329015615311N00909345EA0000000860
B1329065615241N00909336EA0000000870
B1329115615244N00909445EA0000000866
B1329165615326N00909454EA0000000870
B1329215615350N00909314EA0000000879
B1329265615280N00909259EA0000000878
B1329325615289N00909392EA0000000882
B1329385615371N00909316EA0000000899
B1329435615332N00909194EA0000000892
B1329485615270N00909236EA0000000904
B1329535615308N00909337EA0000000898
B1329585615380N00909274EA0000000917
B1330045615360N00909103EA0000000912
B1330105615270N00909009EA0000000907
B1330175615143N00909012EA0000000890
B1330245615011N00909010EA0000000882
B1330315614882N00909018EA0000000873
B1330385614755N00909022EA0000000867
B1330475614595N00909021EA0000000859
B1330585614395N00909020EA0000000837
B1331065614249N00909016EA0000000828
B1331115614158N00909012EA0000000823
B1331175614046N00909010EA0000000807
B1331225613950N00909004EA0000000802
B1331275613858N00908996EA0000000798
B1331345613732N00908984EA0000000790
B1331405613626N00908977EA0000000781
B1331465613519N00908967EA0000000772
B1331535613397N00908960EA0000000764
B1332005613279N00908951EA0000000758
B1332055613195N00908934EA0000000745
B1332125613072N00908910EA0000000731
B1332195612952N00908885EA0000000730
B1332245612870N00908861EA0000000743
B1332305612784N00908833EA0000000754
B1332365612700N00908797EA0000000752
B1332415612628N00908770EA0000000751
B1332465612558N00908739EA0000000753
B1332515612488N00908715EA0000000760
B1332565612424N00908691EA0000000774
B1333015612374N00908599EA0000000765
B1333065612386N00908445EA0000000763
B1333115612453N00908355EA0000000775
B1333165612530N00908353EA0000000764
B1333215612580N00908460EA0000000757
B1333265612561N00908579EA0000000779
B1333335612488N00908677EA0000000773
B1333385612423N00908609EA0000000771
B1333455612336N00908450EA0000000746
B1333505612255N00908370EA0000000740
B1333555612170N00908305EA0000000733
B1334015612067N00908221EA0000000728
B1334085611947N00908136EA0000000736
B1334145611850N00908070EA0000000725
B1334205611749N00907996EA0000000705
B1334305611567N00907895EA0000000678
B1334385611425N00907819EA0000000669
B1334435611338N00907774EA0000000657
B1334495611233N00907720EA0000000638
B1334555611124N00907654EA0000000627
B1335015611019N00907580EA0000000624
B1335075610929N00907510EA0000000655
B1335135610842N00907452EA0000000647
B1335205610742N00907365EA0000000669
B1335255610746N00907220EA0000000673
B1335325610846N00907212EA0000000690
B1335375610844N00907331EA0000000694
B1335425610785N00907342EA0000000708
B1335475610757N00907213EA0000000705
B1335525610807N00907101EA0000000726
B1335575610879N00907129EA0000000729
B1336025610896N00907242EA0000000743
B1336075610847N00907285EA0000000748
B1336125610793N00907199EA0000000738
B1336175610794N00907042EA0000000742
B1336245610896N00906951EA0000000768
B1336295610957N00907018EA0000000776
B1336345610957N00907132EA0000000777
B1336405610888N00907150EA0000000785
B1336465610861N00906996EA0000000772
B1336515610922N00906877EA0000000802
B1336565610995N00906875EA0000000814
B1337015611031N00906980EA0000000816
B1337065610991N00907045EA0000000822
B1337115610936N00906993EA0000000823
B1337165610916N00906853EA0000000816
B1337225610982N00906727EA0000000851
B1337285611052N00906806EA0000000857
B1337335611024N00906893EA0000000867
B1337385610968N00906850EA0000000861
B1337455610992N00906651EA0000000871
B1337505611070N00906632EA0000000894
B1337555611106N00906739EA0000000903
B1338015611056N00906808EA0000000906
B1338065611012N00906711EA0000000892
B1338115611043N00906554EA0000000901
B1338165611111N00906454EA0000000927
B1338225611193N00906496EA0000000925
B1338275611193N00906610EA0000000935
B1338325611139N00906631EA0000000946
B1338395611094N00906475EA0000000954
B1338445611146N00906359EA0000000963
B1338505611229N00906411EA0000000965
B1338565611202N00906509EA0000000987
B1339015611146N00906448EA0000000985
B1339065611142N00906309EA0000000999
B1339115611214N00906236EA0000001003
B1339165611266N00906315EA0000001011
B1339215611241N00906410EA0000001014
B1339265611177N00906405EA0000001012
B1339325611087N00906350EA0000001011
B1339385610992N00906297EA0000001002
B1339435610911N00906252EA0000001003
B1339505610800N00906186EA0000001000
B1339565610704N00906128EA0000000991
B1340015610622N00906072EA0000000987
B1340085610507N00905997EA0000000980
B1340165610374N00905922EA0000000969
B1340215610291N00905874EA0000000962
B1340265610204N00905832EA0000000945
B1340325610088N00905783EA0000000931
B1340375609990N00905743EA0000000918
B1340425609891N00905706EA0000000907
B1340475609789N00905670EA0000000896
B1340535609668N00905630EA0000000886
B1341005609531N00905581EA0000000876
B1341055609435N00905546EA0000000863
B1341155609241N00905481EA0000000851
B1341205609144N00905444EA0000000858
B1341265609039N00905403EA0000000863
B1341325608933N00905373EA0000000873
B1341375608848N00905353EA0000000892
B1341445608729N00905326EA0000000897
B1341495608644N00905299EA0000000913
B1341545608562N00905274EA0000000907
B1342005608455N00905237EA0000000884
B1342065608340N00905209EA0000000878
B1342125608229N00905174EA0000000875
B1342175608138N00905136EA0000000866
B1342225608044N00905093EA0000000852
B1342305607886N00905021EA0000000848
B1342365607771N00904961EA0000000846
B1342415607677N00904909EA0000000840
B1342475607567N00904844EA0000000832
B1342525607478N00904786EA0000000831
B1342575607391N00904729EA0000000828
B1343025607304N00904674EA0000000821
B1343105607163N00904580EA0000000811
B1343155607077N00904521EA0000000796
B1343205606990N00904453EA0000000786
B1343255606904N00904387EA0000000775
B1343305606814N00904317EA0000000759
B1343365606701N00904231EA0000000747
B1343425606589N00904137EA0000000735
B1343485606478N00904040EA0000000727
B1343565606328N00903919EA0000000714
B1344025606215N00903832EA0000000710
B1344095606083N00903728EA0000000705
B1344155605977N00903639EA0000000707
B1344205605892N00903565EA0000000698
B1344305605718N00903420EA0000000673
B1344365605612N00903338EA0000000661
B1344415605523N00903274EA0000000661
B1344465605445N00903211EA0000000685
B1344525605354N00903138EA0000000670
B1345035605173N00903006EA0000000658
B1345085605089N00902946EA0000000653
B1345165604948N00902845EA0000000647
B1345235604827N00902757EA0000000645
B1345305604706N00902663EA0000000635
B1345355604621N00902589EA0000000634
B1345415604535N00902507EA0000000666
B1345465604470N00902448EA0000000655
B1345535604372N00902360EA0000000651
B1346005604268N00902278EA0000000638
B1346065604174N00902211EA0000000634
B1346125604090N00902146EA0000000660
B1346175604033N00902181EA0000000647
B1346225604045N00902277EA0000000662
B1346275604118N00902305EA0000000639
B1346325604192N00902196EA0000000637
B1346375604179N00902043EA0000000634
B1346425604115N00901967EA0000000630
B1346475604037N00901944EA0000000610
B1346545603920N00901924EA0000000600
B1346595603839N00901917EA0000000591
B1347045603761N00901905EA0000000575
B1347125603627N00901884EA0000000561
B1347195603510N00901862EA0000000553
B1347295603338N00901826EA0000000546
B1347345603252N00901798EA0000000564
B1347415603150N00901752EA0000000579
B1347505603005N00901702EA0000000556
B1347555602921N00901673EA0000000549
B1348005602835N00901649EA0000000545
B1348055602748N00901622EA0000000536
B1348105602662N00901589EA0000000529
B1348165602564N00901551EA0000000526
B1348235602453N00901498EA0000000518
B1348285602373N00901467EA0000000505
B1348335602292N00901432EA0000000492
B1348405602176N00901388EA0000000484
B1348455602096N00901343EA0000000482
B1348505602016N00901300EA0000000478
B1348575601906N00901232EA0000000476
B1349045601811N00901114EA0000000475
B1349115601725N00900980EA0000000472
B1349185601634N00900827EA0000000456
B1349235601564N00900708EA0000000456
B1349285601495N00900587EA0000000470
B1349335601439N00900482EA0000000492
B1349385601435N00900333EA0000000485
B1349435601504N00900240EA0000000492
B1349485601568N00900286EA0000000494
B1349535601566N00900389EA0000000499
B1349585601503N00900405EA0000000509
B1350035601449N00900296EA0000000508
B1350095601433N00900107EA0000000521
B1350145601471N00859972EA0000000518
B1350205601563N00859965EA0000000519
B1350255601583N00900067EA0000000513
B1350315601508N00900113EA0000000510
B1350365601434N00900054EA0000000514
B1350415601364N00859981EA0000000508
B1350485601249N00859903EA0000000488
B1350575601088N00859891EA0000000465
B1351045600964N00859900EA0000000462
B1351095600878N00859908EA0000000456
B1351155600777N00859882EA0000000454
B1351245600634N00859738EA0000000435
B1351295600554N00859647EA0000000426
B1351365600443N00859517EA0000000413
B1351455600301N00859354EA0000000402
B1351515600205N00859253EA0000000397
B1352015600056N00859051EA0000000385
B1352125559894N00858817EA0000000373
B1352195559796N00858673EA0000000373
B1352245559747N00858544EA0000000375
B1352295559745N00858372EA0000000368
B1352355559763N00858163EA0000000376
B1352425559776N00857933EA0000000384
B1352485559775N00857736EA0000000390
B1352535559770N00857576EA0000000397
B1353005559769N00857362EA0000000413
B1353055559814N00857236EA0000000413
B1353105559884N00857233EA0000000421
B1353155559895N00857338EA0000000417
B1353205559833N00857374EA0000000424
B1353255559775N00857280EA0000000431
B1353305559750N00857147EA0000000448
B1353355559793N00857027EA0000000439
B1353405559864N00857027EA0000000461
B1353455559872N00857127EA0000000454
B1353505559807N00857158EA0000000462
B1353555559767N00857036EA0000000472
B1354005559803N00856910EA0000000483
B1354055559874N00856900EA0000000486
B1354105559886N00857005EA0000000491
B1354155559819N00857018EA0000000492
B1354205559797N00856885EA0000000508
B1354255559860N00856807EA0000000510
B1354305559922N00856851EA0000000520
B1354365559920N00856972EA0000000518
B1354415559853N00856979EA0000000522
B1354465559824N00856847EA0000000531
B1354515559883N00856754EA0000000533
B1354565559938N00856813EA0000000541
B1355015559901N00856901EA0000000536
B1355065559840N00856824EA0000000547
B1355115559866N00856685EA0000000557
B1355165559941N00856675EA0000000562
B1355215559963N00856776EA0000000565
B1355265559909N00856842EA0000000567
B1355315559846N00856758EA0000000569
B1355365559866N00856604EA0000000584
B1355415559941N00856561EA0000000594
B1355475559972N00856673EA0000000594
B1355525559909N00856713EA0000000597
B1355575559866N00856597EA0000000608
B1356025559915N00856477EA0000000605
B1356075559985N00856506EA0000000620
B1356125559978N00856612EA0000000611
B1356175559909N00856620EA0000000621
B1356225559884N00856478EA0000000618
B1356275559907N00856322EA0000000637
B1356325559966N00856213EA0000000635
B1356375600042N00856192EA0000000643
B1356425600064N00856292EA0000000636
B1356475600003N00856341EA0000000639
B1356535559933N00856228EA0000000639
B1356585559918N00856072EA0000000652
B1357055559997N00855940EA0000000663
B1357105600056N00856006EA0000000669
B1357155600033N00856104EA0000000668
B1357205559960N00856075EA0000000676
B1357255559942N00855925EA0000000687
B1357305559992N00855803EA0000000696
B1357355600069N00855799EA0000000705
B1357415600094N00855916EA0000000706
B1357465600032N00855962EA0000000711
B1357515559980N00855859EA0000000720
B1357565600004N00855710EA0000000727
B1358015600083N00855667EA0000000734
B1358065600124N00855758EA0000000744
B1358115600084N00855839EA0000000743
B1358165600015N00855782EA0000000749
B1358215600011N00855636EA0000000760
B1358265600077N00855541EA0000000767
B1358315600144N00855586EA0000000771
B1358365600140N00855693EA0000000777
B1358415600074N00855708EA0000000770
B1358465600030N00855579EA0000000784
B1358515600069N00855451EA0000000799
B1358565600149N00855426EA0000000800
B1359015600192N00855517EA0000000805
B1359065600145N00855589EA0000000800
B1359115600086N00855486EA0000000806
B1359165600115N00855336EA0000000818
B1359215600180N00855220EA0000000832
B1359265600256N00855188EA0000000839
B1359325600287N00855308EA0000000853
B1359375600225N00855334EA0000000851
B1359425600184N00855202EA0000000857
B1359475600229N00855070EA0000000868
B1359525600308N00855069EA0000000880
B1359575600353N00855162EA0000000893
B1400025600313N00855244EA0000000895
B1400075600252N00855165EA0000000898
B1400125600269N00855011EA0000000902
B1400175600347N00854959EA0000000919
B1400225600395N00855042EA0000000935
B1400285600356N00855147EA0000000941
B1400335600291N00855110EA0000000945
B1400385600263N00854970EA0000000942
B1400445600314N00854810EA0000000955
B1400495600394N00854799EA0000000963
B1400545600442N00854897EA0000000973
B1400595600426N00855001EA0000000985
B1401045600359N00855004EA0000000981
B1401095600317N00854872EA0000000978
B1401145600347N00854720EA0000000991
B1401205600436N00854669EA0000000999
B1401255600494N00854752EA0000001012
B1401305600493N00854856EA0000001021
B1401355600430N00854902EA0000001017
B1401415600359N00854806EA0000001037
B1401465600368N00854658EA0000001025
B1401515600433N00854552EA0000001042
B1401565600506N00854562EA0000001047
B1402015600552N00854650EA0000001057
B1402065600545N00854760EA0000001051
B1402115600485N00854820EA0000001053
B1402165600412N00854775EA0000001052
B1402215600374N00854639EA0000001058
B1402265600400N00854491EA0000001053
B1402315600477N00854414EA0000001055
B1402365600541N00854463EA0000001063
B1402415600531N00854565EA0000001060
B1402465600465N00854568EA0000001063
B1402525600437N00854394EA0000001049
B1402595600516N00854162EA0000001044
B1403045600576N00853994EA0000001062
B1403095600640N00853901EA0000001099
B1403145600688N00853975EA0000001094
B1403195600669N00854098EA0000001099
B1403245600609N00854153EA0000001107
B1403325600568N00853939EA0000001117
B1403375600646N00853897EA0000001130
B1403425600671N00854013EA0000001133
B1403475600607N00854044EA0000001142
B1403525600569N00853908EA0000001152
B1403575600619N00853778EA0000001161
B1404025600691N00853814EA0000001175
B1404075600682N00853923EA0000001174
B1404125600613N00853902EA0000001179
B1404175600603N00853748EA0000001191
B1404225600666N00853659EA0000001199
B1404275600721N00853740EA0000001197
B1404325600684N00853826EA0000001211
B1404395600617N00853685EA0000001207
B1404445600640N00853524EA0000001223
B1404495600681N00853369EA0000001222
B1404565600742N00853130EA0000001223
B1405015600790N00852951EA0000001214
B1405075600849N00852732EA0000001210
B1405125600901N00852548EA0000001203
B1405185600967N00852325EA0000001218
B1405235601015N00852151EA0000001232
B1405295601084N00851936EA0000001233
B1405355601152N00851716EA0000001239
B1405435601240N00851414EA0000001241
B1405485601296N00851224EA0000001240
B1405555601368N00850962EA0000001248
B1406025601443N00850710EA0000001247
B1406075601492N00850524EA0000001244
B1406125601546N00850334EA0000001224
B1406175601613N00850140EA0000001202
B1406255601728N00849834EA0000001183
B1406305601793N00849638EA0000001191
B1406365601868N00849413EA0000001191
B1406415601938N00849219EA0000001182
B1406465602004N00849016EA0000001191
B1406525602068N00848774EA0000001190
B1406585602119N00848513EA0000001166
B1407065602185N00848166EA0000001169
B1407115602230N00847957EA0000001166
B1407165602272N00847740EA0000001147
B1407215602319N00847522EA0000001155
B1407265602358N00847324EA0000001165
B1407315602397N00847123EA0000001147
B1407405602478N00846744EA0000001136
B1407465602527N00846505EA0000001159
B1407545602590N00846196EA0000001162
B1407595602634N00846002EA0000001183
B1408045602680N00845813EA0000001201
B1408125602754N00845509EA0000001205
B1408195602820N00845230EA0000001206
B1408255602876N00844992EA0000001206
B1408315602930N00844752EA0000001197
B1408375602984N00844518EA0000001189
B1408445603047N00844229EA0000001199
B1408515603113N00843947EA0000001219
B1408575603165N00843704EA0000001219
B1409025603207N00843496EA0000001217
B1409085603258N00843246EA0000001216
B1409145603310N00842997EA0000001205
B1409235603385N00842626EA0000001195
B1409305603442N00842339EA0000001184
B1409375603498N00842052EA0000001172
B1409445603560N00841763EA0000001157
B1409505603617N00841516EA0000001156
B1409555603666N00841308EA0000001142
B1410015603730N00841058EA0000001134
B1410105603828N00840685EA0000001123
B1410175603893N00840425EA0000001178
B1410265603965N00840152EA0000001166
B1410325604023N00839939EA0000001151
B1410385604088N00839720EA0000001145
B1410465604162N00839411EA0000001132
B1410515604204N00839213EA0000001136
B1410595604270N00838926EA0000001133
B1411055604320N00838697EA0000001101
B1411105604365N00838495EA0000001106
B1411175604422N00838258EA0000001145
B1411235604472N00838042EA0000001124
B1411295604528N00837812EA0000001137
B1411375604573N00837516EA0000001126
B1411435604611N00837278EA0000001109
B1411505604646N00836995EA0000001106
B1411565604671N00836754EA0000001103
B1412055604710N00836379EA0000001084
B1412155604767N00835949EA0000001080
B1412245604819N00835573EA0000001077
B1412295604847N00835363EA0000001058
B1412525604953N00834307EA0000001025
B1413055605017N00833749EA0000001008
B1413125605035N00833436EA0000001006
B1413175605050N00833215EA0000001019
B1413415605095N00832287EA0000001055
B1413485605110N00832001EA0000001045
B1413555605124N00831724EA0000001042
B1414025605135N00831448EA0000001032
B1414085605144N00831211EA0000001022
B1414145605148N00830965EA0000001006
B1414205605149N00830715EA0000000995
B1414255605083N00830598EA0000000989
B1414305605029N00830681EA0000000979
B1414375605006N00830874EA0000000960
B1414445604996N00831082EA0000000939
B1414505604992N00831270EA0000000927
B1414575604987N00831486EA0000000923
B1415035604981N00831668EA0000000913
B1415095604975N00831855EA0000000898
B1415145604965N00832008EA0000000910
B1415225604955N00832226EA0000000911
B1415275604950N00832368EA0000000921
B1415325604946N00832497EA0000000927
B1415385604936N00832657EA0000000908
B1415445604918N00832826EA0000000897
B1415525604890N00833057EA0000000897
B1415575604873N00833200EA0000000894
B1416035604852N00833366EA0000000880
B1416095604828N00833539EA0000000869
B1416145604806N00833681EA0000000864
B1416195604787N00833828EA0000000857
B1416255604765N00834009EA0000000856
B1416355604729N00834299EA0000000849
B1416415604708N00834470EA0000000843
B1416485604682N00834663EA0000000844
B1416535604662N00834803EA0000000856
B1417005604640N00834961EA0000000886
B1417055604629N00835070EA0000000904
B1417105604678N00835157EA0000000907
B1417165604775N00835087EA0000000926
B1417225604783N00834904EA0000000931
B1417295604700N00834866EA0000000939
B1417365604732N00834997EA0000000953
B1417455604834N00834817EA0000000970
B1417515604769N00834718EA0000000963
B1417565604718N00834779EA0000000978
B1418035604780N00834886EA0000000989
B1418135604829N00834632EA0000001004
B1418205604746N00834664EA0000001014
B1418275604798N00834780EA0000001038
B1418345604888N00834629EA0000001044
B1418425604810N00834479EA0000001055
B1418475604759N00834546EA0000001051
B1418525604739N00834682EA0000001034
B1418575604722N00834831EA0000001030
B1419045604696N00835042EA0000001028
B1419105604663N00835227EA0000001023
B1419185604619N00835477EA0000001028
B1419245604593N00835665EA0000001025
B1419305604564N00835855EA0000001017
B1419355604543N00836018EA0000001014
B1419405604519N00836179EA0000001018
B1419455604493N00836334EA0000001027
B1419515604466N00836517EA0000001039
B1419565604442N00836667EA0000001037
B1420035604414N00836887EA0000001031
B1420105604387N00837109EA0000001033
B1420165604358N00837298EA0000001040
B1420215604330N00837452EA0000001054
B1420265604296N00837601EA0000001060
B1420315604261N00837748EA0000001054
B1420375604222N00837932EA0000001045
B1420455604167N00838188EA0000001039
B1420505604127N00838333EA0000001040
B1420555604086N00838472EA0000001034
B1421005604040N00838612EA0000001020
B1421075603977N00838819EA0000001017
B1421135603927N00838987EA0000001026
B1421195603879N00839151EA0000001001
B1421245603835N00839316EA0000000970
B1421305603782N00839523EA0000000981
B1421355603737N00839671EA0000000987
B1421405603689N00839823EA0000000967
B1421485603615N00840098EA0000000950
B1421555603555N00840351EA0000000955
B1422005603514N00840532EA0000000965
B1422085603456N00840838EA0000000957
B1422135603414N00841031EA0000000954
B1422205603355N00841311EA0000000952
B1422255603311N00841518EA0000000951
B1422315603255N00841766EA0000000947
B1422365603216N00841973EA0000000946
B1422415603185N00842181EA0000000945
B1422465603166N00842392EA0000000942
B1422515603185N00842605EA0000000926
B1422575603233N00842852EA0000000920
B1423045603292N00843130EA0000000911
B1423095603334N00843321EA0000000918
B1423145603372N00843510EA0000000907
B1423195603421N00843697EA0000000889
B1423255603485N00843929EA0000000866
B1423305603519N00844134EA0000000854
B1423355603540N00844342EA0000000855
B1423405603517N00844546EA0000000834
B1423465603439N00844776EA0000000797
B1423525603362N00845019EA0000000780
B1423585603290N00845267EA0000000786
B1424075603215N00845644EA0000000775
B1424125603154N00845838EA0000000758
B1424175603057N00845984EA0000000757
B1424235602933N00846130EA0000000766
B1424285602831N00846245EA0000000765
B1424355602692N00846410EA0000000753
B1424415602573N00846543EA0000000745
B1424485602438N00846685EA0000000743
B1424565602297N00846867EA0000000721
B1425045602185N00847101EA0000000722
B1425145602077N00847411EA0000000745
B1425205602032N00847615EA0000000752
B1425275601988N00847856EA0000000758
B1425325601956N00848018EA0000000753
B1425395601912N00848251EA0000000730
B1425465601873N00848505EA0000000710
B1425525601837N00848727EA0000000696
B1425595601791N00848981EA0000000691
B1426045601761N00849164EA0000000688
B1426105601727N00849380EA0000000687
B1426175601686N00849628EA0000000676
B1426225601658N00849801EA0000000672
B1426305601614N00850069EA0000000659
B1426365601579N00850267EA0000000658
B1426415601554N00850436EA0000000646
B1426465601526N00850613EA0000000635
B1426535601485N00850859EA0000000623
B1426585601455N00851036EA0000000606
B1427055601408N00851292EA0000000586
B1427105601375N00851475EA0000000583
B1427165601337N00851689EA0000000574
B1427215601305N00851868EA0000000562
B1427275601260N00852088EA0000000546
B1427325601224N00852276EA0000000538
B1427385601182N00852498EA0000000528
B1427455601139N00852761EA0000000513
B1427515601102N00852991EA0000000511
B1427565601070N00853177EA0000000503
B1428065601003N00853564EA0000000480
B1428125600963N00853802EA0000000465
B1428175600924N00853999EA0000000457
B1428225600883N00854191EA0000000447
B1428275600840N00854382EA0000000435
B1428345600780N00854652EA0000000420
B1428405600736N00854888EA0000000404
B1428485600679N00855201EA0000000387
B1428545600643N00855440EA0000000375
B1429005600604N00855671EA0000000373
B1429055600573N00855860EA0000000365
B1429115600539N00856092EA0000000347
B1429175600504N00856331EA0000000327
B1429225600477N00856531EA0000000314
B1429285600449N00856772EA0000000304
B1429335600425N00856970EA0000000294
B1429405600390N00857254EA0000000272
B1429465600362N00857494EA0000000269
B1429535600329N00857766EA0000000259
B1429595600300N00858000EA0000000233
B1430045600270N00858199EA0000000226
B1430105600229N00858442EA0000000212
B1430165600192N00858689EA0000000199
B1430215600167N00858902EA0000000183
B1430265600146N00859113EA0000000181
B1430325600119N00859362EA0000000177
B1430385600098N00859606EA0000000180
B1430435600078N00859799EA0000000177
B1430495600074N00900054EA0000000133
B1430545600091N00900298EA0000000104
B1430595600114N00900550EA0000000095
B1431045600131N00900769EA0000000150
B1431095600137N00900935EA0000000185
B1431145600147N00901079EA0000000180
B1431195600221N00901123EA0000000194
B1431245600270N00900975EA0000000180
B1431325600258N00900653EA0000000168
B1431375600242N00900452EA0000000159
B1431435600223N00900210EA0000000151
B1431485600261N00900029EA0000000152
B1431535600351N00859933EA0000000145
B1431585600447N00859871EA0000000142
B1432035600513N00859955EA0000000140
B1432085600535N00900095EA0000000116
B1432145600556N00900259EA0000000078
B1432205600571N00900425EA0000000041
B1432255600581N00900557EA0000000035
B1432305600589N00900659EA0000000034
