AOGNOGN
HFDTE190725
HFFXA050
HFPLTPILOTINCHARGE:
HFGTYGLIDERTYPE:ASH-31 MI
HFGIDGLIDERID:D-KRJR
HFDTM100GPSDATUM:WGS-1984
HFRFWFIRMWAREVERSION:
HFRHWHARDWAREVERSION:
HFFTYFRTYPE:OGN-FLIGHTBOOK
HFGPSGENERIC
HFPRSPRESSALTSENSOR:
HFCIDCOMPETITIONID:JR
B1024175600573N00900601EA0000000040
B1024225600586N00900673EA0000000040
B1024225600586N00900673EA0000000040
B1024285600603N00900786EA0000000039
B1024335600621N00900905EA0000000043
B1024385600643N00901033EA0000000061
B1024445600670N00901174EA0000000084
B1024495600697N00901295EA0000000093
B1024545600722N00901429EA0000000101
B1024595600738N00901574EA0000000116
B1025045600744N00901718EA0000000134
B1025105600759N00901875EA0000000158
B1025165600792N00902015EA0000000175
B1025235600841N00902173EA0000000189
B1025305600899N00902319EA0000000207
B1025365600955N00902432EA0000000226
B1025425601016N00902540EA0000000237
B1025505601083N00902710EA0000000256
B1025585601086N00902913EA0000000270
B1026045601044N00903051EA0000000283
B1026095600996N00903147EA0000000297
B1026145600945N00903230EA0000000306
B1026195600893N00903304EA0000000319
B1026255600826N00903384EA0000000335
B1026345600725N00903506EA0000000354
B1026405600663N00903590EA0000000364
B1026495600568N00903723EA0000000383
B1026545600510N00903785EA0000000393
B1026595600448N00903835EA0000000410
B1027045600386N00903883EA0000000422
B1027105600308N00903936EA0000000435
B1027155600239N00903967EA0000000449
B1027235600127N00904004EA0000000479
B1027305600028N00904018EA0000000495
B1027385559923N00904016EA0000000501
B1027455559830N00904005EA0000000508
B1027535559728N00904002EA0000000513
B1027595559645N00904017EA0000000506
B1028045559574N00904070EA0000000499
B1028125559477N00904199EA0000000511
B1028175559427N00904287EA0000000522
B1028255559370N00904446EA0000000533
B1028305559369N00904571EA0000000541
B1028355559406N00904682EA0000000551
B1028425559499N00904761EA0000000551
B1028485559595N00904748EA0000000537
B1028535559664N00904673EA0000000532
B1029015559735N00904482EA0000000516
B1029065559774N00904341EA0000000515
B1029115559812N00904199EA0000000520
B1029195559864N00903971EA0000000524
B1029255559890N00903797EA0000000534
B1029335559882N00903554EA0000000534
B1029385559845N00903424EA0000000542
B1029435559786N00903331EA0000000544
B1029485559713N00903289EA0000000552
B1029535559644N00903309EA0000000563
B1029585559611N00903410EA0000000572
B1030035559625N00903528EA0000000571
B1030085559677N00903625EA0000000579
B1030135559749N00903650EA0000000588
B1030185559815N00903592EA0000000595
B1030245559860N00903448EA0000000599
B1030295559856N00903316EA0000000609
B1030345559818N00903212EA0000000612
B1030395559756N00903161EA0000000621
B1030445559694N00903186EA0000000632
B1030495559654N00903276EA0000000638
B1030545559651N00903391EA0000000643
B1031015559704N00903531EA0000000643
B1031065559772N00903583EA0000000650
B1031115559847N00903552EA0000000655
B1031165559898N00903448EA0000000659
B1031215559908N00903316EA0000000668
B1031275559871N00903174EA0000000669
B1031325559811N00903097EA0000000674
B1031375559741N00903083EA0000000686
B1031425559687N00903152EA0000000697
B1031485559672N00903289EA0000000700
B1031535559703N00903400EA0000000698
B1032005559776N00903545EA0000000698
B1032055559853N00903596EA0000000705
B1032105559930N00903557EA0000000710
B1032155559982N00903447EA0000000709
B1032205559990N00903306EA0000000708
B1032255559947N00903190EA0000000706
B1032315559858N00903144EA0000000713
B1032365559785N00903156EA0000000726
B1032415559725N00903224EA0000000732
B1032465559706N00903342EA0000000736
B1032515559745N00903445EA0000000732
B1032565559819N00903487EA0000000737
B1033025559909N00903456EA0000000740
B1033085559978N00903334EA0000000739
B1033145600006N00903172EA0000000739
B1033225600007N00902939EA0000000737
B1033285559983N00902769EA0000000734
B1033345559934N00902625EA0000000734
B1033405559886N00902479EA0000000728
B1033455559841N00902365EA0000000727
B1033515559776N00902241EA0000000720
B1033585559679N00902128EA0000000699
B1034035559602N00902064EA0000000690
B1034085559524N00902006EA0000000682
B1034135559442N00901953EA0000000676
B1034195559339N00901910EA0000000676
B1034285559189N00901879EA0000000668
B1034335559102N00901877EA0000000666
B1034425558948N00901888EA0000000665
B1034475558862N00901903EA0000000661
B1034525558777N00901920EA0000000658
B1034585558671N00901940EA0000000647
B1035035558582N00901966EA0000000646
B1035115558446N00902014EA0000000657
B1035175558348N00902039EA0000000655
B1035225558263N00902074EA0000000652
B1035285558159N00902108EA0000000648
B1035345558058N00902138EA0000000638
B1035395557973N00902166EA0000000640
B1035445557887N00902192EA0000000638
B1035505557785N00902227EA0000000641
B1035585557659N00902275EA0000000644
B1036035557580N00902313EA0000000648
B1036085557503N00902353EA0000000656
B1036175557385N00902445EA0000000657
B1036235557312N00902519EA0000000649
B1036285557272N00902623EA0000000634
B1036345557289N00902789EA0000000612
B1036395557355N00902898EA0000000602
B1036445557447N00902944EA0000000595
B1036505557559N00902992EA0000000587
B1036555557653N00903019EA0000000578
B1037005557748N00903032EA0000000571
B1037075557881N00903041EA0000000559
B1037125557975N00903053EA0000000551
B1037175558072N00903068EA0000000532
B1037235558195N00903071EA0000000527
B1037305558337N00903067EA0000000515
B1037365558457N00903075EA0000000504
B1037445558618N00903099EA0000000498
B1037525558776N00903108EA0000000502
B1038025558964N00903082EA0000000491
B1038095559099N00903071EA0000000484
B1038145559196N00903071EA0000000480
B1038205559307N00903072EA0000000484
B1038265559411N00903088EA0000000478
B1038315559499N00903110EA0000000470
B1038385559624N00903157EA0000000458
B1038445559720N00903247EA0000000453
B1038495559764N00903375EA0000000456
B1038545559769N00903528EA0000000453
B1038595559825N00903645EA0000000457
B1039045559911N00903666EA0000000469
B1039095559983N00903599EA0000000481
B1039145600004N00903472EA0000000493
B1039195559961N00903373EA0000000497
B1039245559888N00903384EA0000000505
B1039295559853N00903498EA0000000515
B1039345559883N00903619EA0000000519
B1039395559952N00903638EA0000000524
B1039445600007N00903549EA0000000526
B1039495600005N00903420EA0000000533
B1039545559949N00903339EA0000000539
B1039595559876N00903358EA0000000551
B1040045559832N00903462EA0000000556
B1040095559834N00903592EA0000000569
B1040145559881N00903674EA0000000574
B1040195559947N00903669EA0000000571
B1040245559993N00903571EA0000000564
B1040305559976N00903408EA0000000569
B1040355559911N00903341EA0000000580
B1040405559840N00903388EA0000000585
B1040455559811N00903514EA0000000590
B1040505559842N00903629EA0000000597
B1040555559912N00903639EA0000000593
B1041005559965N00903546EA0000000595
B1041055559978N00903415EA0000000596
B1041105559939N00903304EA0000000603
B1041155559867N00903281EA0000000612
B1041205559804N00903349EA0000000619
B1041265559786N00903494EA0000000623
B1041315559822N00903596EA0000000631
B1041365559889N00903623EA0000000627
B1041415559954N00903562EA0000000625
B1041465559989N00903446EA0000000626
B1041515559974N00903312EA0000000630
B1041565559917N00903225EA0000000636
B1042015559841N00903209EA0000000644
B1042065559780N00903267EA0000000646
B1042115559748N00903378EA0000000644
B1042165559765N00903497EA0000000649
B1042215559820N00903565EA0000000658
B1042265559885N00903557EA0000000659
B1042315559935N00903465EA0000000660
B1042365559940N00903339EA0000000669
B1042415559893N00903244EA0000000668
B1042465559822N00903224EA0000000675
B1042515559766N00903296EA0000000677
B1042575559751N00903443EA0000000679
B1043025559788N00903544EA0000000685
B1043075559854N00903576EA0000000693
B1043125559914N00903515EA0000000702
B1043175559930N00903396EA0000000710
B1043225559894N00903292EA0000000711
B1043275559823N00903258EA0000000712
B1043325559762N00903326EA0000000715
B1043385559747N00903472EA0000000718
B1043435559788N00903571EA0000000723
B1043485559856N00903590EA0000000735
B1043545559923N00903490EA0000000745
B1043595559922N00903364EA0000000753
B1044045559870N00903277EA0000000754
B1044095559795N00903262EA0000000755
B1044145559739N00903343EA0000000761
B1044195559729N00903464EA0000000761
B1044255559778N00903589EA0000000764
B1044305559849N00903617EA0000000775
B1044355559918N00903569EA0000000785
B1044405559962N00903459EA0000000791
B1044455559960N00903324EA0000000797
B1044505559914N00903221EA0000000802
B1044555559843N00903185EA0000000800
B1045005559773N00903225EA0000000813
B1045085559724N00903399EA0000000813
B1045145559757N00903534EA0000000814
B1045195559822N00903586EA0000000817
B1045275559934N00903520EA0000000826
B1045335559977N00903381EA0000000830
B1045405600009N00903196EA0000000827
B1045465600051N00903039EA0000000814
B1045525600103N00902876EA0000000821
B1045575600141N00902740EA0000000823
B1046045600199N00902547EA0000000825
B1046095600238N00902407EA0000000829
B1046195600305N00902114EA0000000825
B1046275600342N00901865EA0000000825
B1046325600366N00901709EA0000000828
B1046415600420N00901431EA0000000822
B1046495600455N00901174EA0000000819
B1046545600485N00901025EA0000000827
B1046595600494N00900876EA0000000838
B1047045600443N00900765EA0000000831
B1047095600367N00900772EA0000000827
B1047145600328N00900869EA0000000830
B1047225600337N00901072EA0000000829
B1047275600344N00901205EA0000000818
B1047335600350N00901380EA0000000808
B1047435600352N00901665EA0000000807
B1047515600327N00901883EA0000000801
B1047565600301N00902019EA0000000790
B1048015600273N00902162EA0000000785
B1048095600224N00902377EA0000000789
B1048155600181N00902530EA0000000788
B1048215600152N00902697EA0000000796
B1048265600141N00902832EA0000000799
B1048315600098N00902945EA0000000801
B1048365600025N00902987EA0000000800
B1048415559951N00902954EA0000000808
B1048465559905N00902852EA0000000807
B1048515559900N00902711EA0000000805
B1049005559977N00902486EA0000000806
B1049055600052N00902424EA0000000810
B1049125600165N00902455EA0000000811
B1049185600239N00902558EA0000000821
B1049235600270N00902680EA0000000817
B1049285600263N00902814EA0000000819
B1049345600207N00902927EA0000000817
B1049405600120N00902967EA0000000806
B1049455600045N00902931EA0000000803
B1049505559984N00902843EA0000000806
B1049555559951N00902712EA0000000801
B1050005559959N00902562EA0000000798
B1050065600031N00902429EA0000000799
B1050125600125N00902346EA0000000808
B1050175600205N00902311EA0000000812
B1050225600288N00902336EA0000000814
B1050275600348N00902426EA0000000825
B1050335600366N00902570EA0000000821
B1050395600311N00902684EA0000000812
B1050445600238N00902690EA0000000813
B1050495600170N00902631EA0000000818
B1050555600096N00902550EA0000000828
B1051015600045N00902424EA0000000830
B1051065600046N00902284EA0000000829
B1051115600093N00902157EA0000000834
B1051165600170N00902078EA0000000834
B1051215600256N00902094EA0000000834
B1051265600315N00902200EA0000000833
B1051315600318N00902340EA0000000835
B1051375600254N00902450EA0000000832
B1051425600184N00902457EA0000000840
B1051485600117N00902362EA0000000837
B1051535600091N00902229EA0000000837
B1051585600109N00902081EA0000000847
B1052035600151N00901945EA0000000854
B1052095600198N00901781EA0000000852
B1052145600225N00901633EA0000000856
B1052195600234N00901487EA0000000865
B1052245600198N00901366EA0000000862
B1052295600128N00901311EA0000000865
B1052345600059N00901340EA0000000866
B1052405600012N00901453EA0000000857
B1052455600018N00901571EA0000000854
B1052545600108N00901730EA0000000836
B1053015600195N00901842EA0000000821
B1053065600258N00901936EA0000000818
B1053135600336N00902070EA0000000824
B1053205600420N00902204EA0000000818
B1053265600491N00902317EA0000000825
B1053325600548N00902427EA0000000820
B1053375600593N00902532EA0000000812
B1053445600665N00902672EA0000000803
B1053515600777N00902781EA0000000784
B1053565600870N00902835EA0000000784
B1054025600982N00902887EA0000000778
B1054075601070N00902935EA0000000777
B1054135601170N00903012EA0000000768
B1054185601250N00903090EA0000000764
B1054235601329N00903173EA0000000753
B1054305601435N00903300EA0000000750
B1054355601507N00903394EA0000000752
B1054435601624N00903549EA0000000745
B1054485601695N00903642EA0000000762
B1054555601779N00903772EA0000000766
B1055035601877N00903918EA0000000779
B1055085601937N00904002EA0000000777
B1055135602000N00904096EA0000000772
B1055185602067N00904180EA0000000777
B1055255602161N00904311EA0000000747
B1055305602229N00904428EA0000000740
B1055365602303N00904571EA0000000739
B1055435602387N00904750EA0000000721
B1055505602470N00904923EA0000000727
B1055585602552N00905119EA0000000737
B1056035602601N00905238EA0000000739
B1056125602707N00905437EA0000000744
B1056175602765N00905544EA0000000745
B1056225602823N00905647EA0000000738
B1056285602895N00905769EA0000000725
B1056345602969N00905902EA0000000708
B1056395603029N00906016EA0000000699
B1056465603113N00906177EA0000000686
B1056535603203N00906335EA0000000682
B1057005603294N00906495EA0000000667
B1057055603359N00906613EA0000000653
B1057135603465N00906805EA0000000632
B1057195603547N00906947EA0000000617
B1057245603616N00907066EA0000000612
B1057325603724N00907242EA0000000603
B1057385603808N00907381EA0000000589
B1057445603897N00907529EA0000000594
B1057495603966N00907640EA0000000608
B1057555604047N00907761EA0000000627
B1058035604144N00907902EA0000000648
B1058085604201N00907985EA0000000637
B1058135604261N00908081EA0000000632
B1058205604340N00908221EA0000000633
B1058285604420N00908389EA0000000634
B1058335604471N00908490EA0000000630
B1058395604530N00908603EA0000000626
B1058495604614N00908799EA0000000621
B1058595604679N00909012EA0000000623
B1059055604712N00909153EA0000000617
B1059115604737N00909304EA0000000613
B1059175604759N00909452EA0000000609
B1059245604775N00909631EA0000000596
B1059315604790N00909823EA0000000591
B1059375604804N00909987EA0000000587
B1059425604816N00910123EA0000000579
B1059485604842N00910283EA0000000560
B1059545604865N00910448EA0000000548
B1059595604880N00910584EA0000000546
B1100045604892N00910719EA0000000543
B1100105604908N00910879EA0000000543
B1100165604919N00911041EA0000000536
B1100225604935N00911207EA0000000531
B1100285604959N00911377EA0000000530
B1100335604974N00911519EA0000000549
B1100385604999N00911641EA0000000566
B1100445605093N00911647EA0000000572
B1100505605111N00911487EA0000000586
B1100555605049N00911422EA0000000590
B1101015604981N00911508EA0000000611
B1101065604992N00911622EA0000000624
B1101115605050N00911699EA0000000632
B1101165605124N00911686EA0000000636
B1101215605172N00911583EA0000000632
B1101265605171N00911450EA0000000634
B1101325605117N00911327EA0000000638
B1101375605048N00911285EA0000000652
B1101425604983N00911314EA0000000664
B1101475604944N00911402EA0000000671
B1101525604947N00911509EA0000000679
B1101575604989N00911610EA0000000673
B1102025605061N00911655EA0000000689
B1102075605127N00911602EA0000000695
B1102125605160N00911479EA0000000687
B1102175605145N00911342EA0000000693
B1102225605084N00911266EA0000000696
B1102285604997N00911300EA0000000709
B1102355604943N00911439EA0000000720
B1102415604948N00911574EA0000000720
B1102465604989N00911670EA0000000716
B1102525605063N00911754EA0000000725
B1102575605136N00911771EA0000000722
B1103035605234N00911727EA0000000724
B1103085605295N00911635EA0000000736
B1103145605314N00911473EA0000000738
B1103195605280N00911351EA0000000741
B1103245605218N00911292EA0000000741
B1103295605148N00911309EA0000000740
B1103345605100N00911397EA0000000748
B1103395605097N00911516EA0000000757
B1103445605137N00911617EA0000000768
B1103495605206N00911657EA0000000765
B1103545605286N00911628EA0000000762
B1103595605343N00911524EA0000000766
B1104045605347N00911389EA0000000768
B1104095605300N00911286EA0000000759
B1104155605214N00911278EA0000000760
B1104215605148N00911364EA0000000766
B1104265605111N00911454EA0000000778
B1104325605066N00911565EA0000000777
B1104405605019N00911725EA0000000774
B1104475605021N00911885EA0000000762
B1104535605057N00912019EA0000000748
B1105005605111N00912213EA0000000720
B1105055605154N00912341EA0000000740
B1105105605202N00912446EA0000000733
B1105155605245N00912574EA0000000732
B1105215605285N00912736EA0000000735
B1105275605330N00912894EA0000000724
B1105325605370N00913035EA0000000722
B1105375605406N00913177EA0000000725
B1105445605452N00913364EA0000000727
B1105495605488N00913492EA0000000728
B1105545605524N00913615EA0000000728
B1105595605564N00913731EA0000000721
B1106055605629N00913862EA0000000712
B1106115605705N00913985EA0000000697
B1106185605804N00914126EA0000000678
B1106235605880N00914226EA0000000673
B1106295605971N00914348EA0000000665
B1106345606048N00914454EA0000000673
B1106395606117N00914560EA0000000692
B1106455606190N00914675EA0000000711
B1106505606252N00914764EA0000000716
B1106555606314N00914854EA0000000720
B1107005606373N00914952EA0000000716
B1107085606471N00915106EA0000000715
B1107145606548N00915223EA0000000714
B1107205606627N00915324EA0000000715
B1107285606739N00915452EA0000000699
B1107355606831N00915579EA0000000689
B1107405606900N00915675EA0000000691
B1107455606972N00915762EA0000000689
B1107515607063N00915874EA0000000688
B1107565607138N00915978EA0000000700
B1108015607226N00916047EA0000000722
B1108065607315N00916015EA0000000732
B1108115607342N00915878EA0000000738
B1108175607276N00915796EA0000000734
B1108225607223N00915878EA0000000743
B1108285607233N00916027EA0000000775
B1108335607294N00916096EA0000000784
B1108385607373N00916069EA0000000784
B1108435607415N00915950EA0000000784
B1108485607397N00915823EA0000000782
B1108545607347N00915706EA0000000783
B1109005607270N00915672EA0000000788
B1109055607207N00915698EA0000000798
B1109125607143N00915795EA0000000814
B1109195607133N00915943EA0000000820
B1109245607157N00916051EA0000000819
B1109315607232N00916176EA0000000819
B1109405607343N00916337EA0000000822
B1109455607404N00916437EA0000000830
B1109505607474N00916521EA0000000833
B1109565607572N00916546EA0000000831
B1110015607643N00916483EA0000000829
B1110065607684N00916364EA0000000814
B1110125607688N00916185EA0000000801
B1110185607653N00916026EA0000000793
B1110245607591N00915907EA0000000785
B1110315607497N00915828EA0000000779
B1110365607424N00915819EA0000000776
B1110415607353N00915870EA0000000782
B1110465607302N00915969EA0000000798
B1110515607279N00916093EA0000000806
B1110585607301N00916286EA0000000811
B1111035607362N00916394EA0000000827
B1111095607462N00916431EA0000000846
B1111145607540N00916370EA0000000856
B1111245607613N00916103EA0000000852
B1111295607604N00915956EA0000000856
B1111345607563N00915838EA0000000855
B1111395607498N00915769EA0000000850
B1111445607423N00915771EA0000000852
B1111495607352N00915813EA0000000862
B1111575607269N00915942EA0000000874
B1112045607239N00916103EA0000000889
B1112095607240N00916230EA0000000893
B1112155607279N00916381EA0000000902
B1112205607342N00916482EA0000000913
B1112255607424N00916514EA0000000929
B1112305607496N00916446EA0000000941
B1112355607524N00916302EA0000000943
B1112405607491N00916164EA0000000953
B1112455607419N00916126EA0000000968
B1112505607358N00916201EA0000000981
B1112555607347N00916339EA0000000995
B1113015607407N00916477EA0000001013
B1113065607485N00916507EA0000001029
B1113115607559N00916452EA0000001034
B1113165607611N00916331EA0000001036
B1113225607622N00916152EA0000001044
B1113275607582N00916027EA0000001050
B1113325607511N00915980EA0000001060
B1113375607444N00916031EA0000001076
B1113425607418N00916156EA0000001088
B1113475607445N00916297EA0000001099
B1113525607516N00916386EA0000001116
B1113575607601N00916369EA0000001120
B1114025607669N00916265EA0000001123
B1114075607706N00916117EA0000001125
B1114125607704N00915961EA0000001131
B1114175607664N00915833EA0000001134
B1114225607597N00915770EA0000001145
B1114275607532N00915799EA0000001153
B1114325607486N00915900EA0000001168
B1114375607481N00916031EA0000001170
B1114425607528N00916164EA0000001168
B1114475607613N00916242EA0000001180
B1114525607708N00916236EA0000001187
B1114575607790N00916155EA0000001190
B1115025607843N00916017EA0000001188
B1115075607852N00915859EA0000001189
B1115125607809N00915739EA0000001184
B1115175607737N00915702EA0000001188
B1115225607677N00915763EA0000001200
B1115275607647N00915881EA0000001210
B1115325607656N00916021EA0000001212
B1115375607707N00916140EA0000001221
B1115425607780N00916217EA0000001223
B1115495607901N00916265EA0000001218
B1115555608020N00916273EA0000001180
B1116005608136N00916268EA0000001165
B1116085608325N00916265EA0000001152
B1116175608534N00916269EA0000001146
B1116225608645N00916281EA0000001150
B1116285608773N00916311EA0000001148
B1116345608902N00916358EA0000001142
B1116395609012N00916399EA0000001138
B1116475609187N00916469EA0000001134
B1116525609296N00916510EA0000001138
B1116575609402N00916543EA0000001143
B1117025609506N00916563EA0000001138
B1117085609629N00916571EA0000001140
B1117155609765N00916569EA0000001146
B1117205609861N00916569EA0000001149
B1117265609975N00916569EA0000001166
B1117325610077N00916561EA0000001167
B1117375610171N00916557EA0000001156
B1117435610288N00916545EA0000001149
B1117505610430N00916521EA0000001157
B1117555610528N00916506EA0000001171
B1118015610643N00916478EA0000001170
B1118085610777N00916433EA0000001179
B1118135610873N00916403EA0000001171
B1118185610976N00916375EA0000001162
B1118235611081N00916359EA0000001155
B1118295611218N00916347EA0000001127
B1118355611367N00916326EA0000001111
B1118425611543N00916281EA0000001112
B1118505611737N00916218EA0000001102
B1118565611882N00916168EA0000001094
B1119025612029N00916126EA0000001084
B1119085612176N00916087EA0000001079
B1119145612323N00916050EA0000001069
B1119215612493N00916016EA0000001063
B1119265612613N00915975EA0000001058
B1119335612778N00915915EA0000001051
B1119395612921N00915872EA0000001040
B1119445613038N00915831EA0000001031
B1119505613179N00915782EA0000001020
B1119565613314N00915731EA0000001025
B1120035613463N00915674EA0000001017
B1120085613572N00915631EA0000001014
B1120135613669N00915606EA0000001053
B1120185613749N00915587EA0000001073
B1120235613831N00915561EA0000001075
B1120285613913N00915525EA0000001092
B1120335613948N00915387EA0000001090
B1120385613896N00915277EA0000001106
B1120445613823N00915349EA0000001093
B1120505613826N00915518EA0000001113
B1120565613891N00915638EA0000001128
B1121015613969N00915675EA0000001134
B1121075614065N00915622EA0000001138
B1121125614125N00915519EA0000001142
B1121175614153N00915379EA0000001141
B1121225614141N00915231EA0000001137
B1121275614090N00915116EA0000001147
B1121325614022N00915066EA0000001159
B1121375613952N00915090EA0000001162
B1121425613898N00915178EA0000001153
B1121475613880N00915315EA0000001152
B1121525613875N00915449EA0000001174
B1121575613897N00915574EA0000001177
B1122025613946N00915700EA0000001169
B1122075614012N00915797EA0000001176
B1122135614102N00915849EA0000001154
B1122195614220N00915866EA0000001113
B1122255614355N00915867EA0000001099
B1122305614472N00915878EA0000001098
B1122375614640N00915893EA0000001085
B1122455614833N00915891EA0000001078
B1122505614956N00915877EA0000001074
B1122565615089N00915854EA0000001108
B1123025615213N00915833EA0000001106
B1123085615336N00915823EA0000001115
B1123145615455N00915812EA0000001106
B1123215615602N00915809EA0000001098
B1123265615709N00915817EA0000001077
B1123325615851N00915832EA0000001058
B1123395616021N00915861EA0000001037
B1123445616144N00915873EA0000001027
B1123535616355N00915909EA0000001028
B1123585616464N00915936EA0000001047
B1124035616559N00915955EA0000001072
B1124085616645N00915965EA0000001079
B1124135616719N00915892EA0000001077
B1124185616737N00915746EA0000001078
B1124235616693N00915617EA0000001076
B1124285616625N00915556EA0000001081
B1124335616557N00915567EA0000001072
B1124385616501N00915636EA0000001067
B1124445616481N00915775EA0000001062
B1124505616542N00915908EA0000001055
B1124555616616N00915995EA0000001053
B1125005616696N00916074EA0000001059
B1125095616835N00916215EA0000001063
B1125145616918N00916292EA0000001057
B1125195617008N00916363EA0000001049
B1125245617100N00916424EA0000001039
B1125305617222N00916511EA0000001016
B1125355617322N00916584EA0000001015
B1125425617463N00916650EA0000001030
B1125475617565N00916653EA0000001033
B1125525617669N00916640EA0000001031
B1125585617797N00916663EA0000001016
B1126035617903N00916713EA0000001020
B1126085618000N00916761EA0000001039
B1126135618091N00916793EA0000001043
B1126185618185N00916837EA0000001032
B1126235618279N00916884EA0000001043
B1126285618375N00916935EA0000001024
B1126345618503N00917029EA0000001001
B1126395618609N00917115EA0000001002
B1126455618734N00917209EA0000000991
B1126505618845N00917281EA0000000970
B1126565618978N00917383EA0000000972
B1127015619079N00917476EA0000000991
B1127065619174N00917569EA0000001008
B1127125619275N00917663EA0000001042
B1127185619370N00917743EA0000001041
B1127235619453N00917812EA0000001024
B1127285619540N00917892EA0000001015
B1127355619658N00917998EA0000001015
B1127405619744N00918066EA0000001007
B1127465619852N00918151EA0000000991
B1127525619961N00918228EA0000001000
B1127575620047N00918271EA0000001002
B1128025620137N00918316EA0000000987
B1128075620227N00918363EA0000000992
B1128125620305N00918394EA0000000993
B1128205620438N00918467EA0000000947
B1128255620534N00918540EA0000000951
B1128315620627N00918628EA0000000979
B1128365620708N00918708EA0000000962
B1128425620807N00918835EA0000000961
B1128475620886N00918959EA0000000957
B1128525620962N00919079EA0000000963
B1128585621050N00919201EA0000000962
B1129035621129N00919288EA0000000950
B1129085621211N00919387EA0000000944
B1129145621309N00919509EA0000000951
B1129195621394N00919593EA0000000949
B1129245621482N00919688EA0000000934
B1129305621584N00919828EA0000000924
B1129355621661N00919944EA0000000934
B1129405621736N00920048EA0000000929
B1129455621815N00920156EA0000000916
B1129505621901N00920270EA0000000899
B1129565622010N00920414EA0000000889
B1130025622122N00920562EA0000000881
B1130075622201N00920672EA0000000921
B1130125622258N00920764EA0000000934
B1130175622304N00920873EA0000000918
B1130225622355N00921013EA0000000898
B1130275622414N00921160EA0000000891
B1130325622471N00921309EA0000000888
B1130375622533N00921457EA0000000875
B1130425622604N00921601EA0000000865
B1130475622682N00921741EA0000000852
B1130535622785N00921896EA0000000856
B1131015622906N00922072EA0000000894
B1131065622973N00922159EA0000000910
B1131115622982N00922283EA0000000917
B1131165622919N00922378EA0000000916
B1131215622831N00922375EA0000000925
B1131265622772N00922259EA0000000937
B1131315622781N00922099EA0000000952
B1131365622852N00922017EA0000000967
B1131415622922N00922083EA0000000970
B1131465622913N00922218EA0000000978
B1131515622836N00922256EA0000000986
B1131565622784N00922147EA0000000999
B1132015622814N00922007EA0000001008
B1132065622898N00921989EA0000001009
B1132135622931N00922158EA0000001025
B1132185622865N00922234EA0000001023
B1132235622794N00922164EA0000001038
B1132285622807N00922019EA0000001039
B1132335622894N00921970EA0000001040
B1132385622952N00922067EA0000001053
B1132435622935N00922202EA0000001059
B1132485622864N00922256EA0000001066
B1132535622802N00922157EA0000001060
B1132585622829N00922002EA0000001065
B1133085622983N00922028EA0000001087
B1133145623052N00922127EA0000001095
B1133195623092N00922240EA0000001102
B1133245623043N00922340EA0000001108
B1133295622994N00922248EA0000001106
B1133355623036N00922087EA0000001119
B1133415623120N00922052EA0000001148
B1133465623182N00922113EA0000001155
B1133515623195N00922232EA0000001162
B1133575623128N00922283EA0000001159
B1134025623091N00922164EA0000001142
B1134075623137N00922036EA0000001167
B1134125623207N00922028EA0000001188
B1134195623296N00922142EA0000001165
B1134255623381N00922261EA0000001146
B1134315623474N00922386EA0000001134
B1134365623561N00922500EA0000001101
B1134425623682N00922668EA0000001069
B1134475623785N00922828EA0000001051
B1134525623880N00923010EA0000001051
B1134575623965N00923188EA0000001055
B1135025624046N00923358EA0000001055
B1135075624126N00923520EA0000001056
B1135135624223N00923694EA0000001060
B1135185624305N00923835EA0000001048
B1135235624389N00923979EA0000001044
B1135305624502N00924175EA0000001042
B1135365624594N00924347EA0000001032
B1135415624679N00924493EA0000001017
B1135475624790N00924667EA0000001005
B1135525624889N00924812EA0000000998
B1135575624975N00924936EA0000001050
B1136035625060N00925054EA0000001058
B1136095625150N00925169EA0000001029
B1136145625235N00925286EA0000001012
B1136195625326N00925421EA0000000987
B1136255625436N00925599EA0000000971
B1136305625525N00925757EA0000000961
B1136365625626N00925956EA0000000955
B1136435625742N00926192EA0000000951
B1136495625849N00926363EA0000000967
B1136585626021N00926554EA0000000957
B1137035626111N00926632EA0000001009
B1137085626186N00926691EA0000001028
B1137135626261N00926758EA0000001018
B1137185626350N00926830EA0000000994
B1137255626490N00926933EA0000000980
B1137315626611N00927010EA0000000979
B1137365626710N00927065EA0000000990
B1137415626803N00927097EA0000001001
B1137485626935N00927139EA0000000988
B1137535627037N00927163EA0000000981
B1137595627158N00927199EA0000000983
B1138065627287N00927263EA0000001003
B1138125627388N00927305EA0000001018
B1138175627473N00927347EA0000001011
B1138225627557N00927399EA0000001030
B1138275627631N00927448EA0000001045
B1138325627705N00927509EA0000001035
B1138375627786N00927581EA0000001020
B1138425627870N00927666EA0000001011
B1138475627955N00927755EA0000001009
B1138525628041N00927847EA0000001006
B1138585628148N00927956EA0000001002
B1139035628240N00928045EA0000000991
B1139095628343N00928186EA0000000968
B1139145628430N00928317EA0000000957
B1139215628553N00928490EA0000000957
B1139265628639N00928615EA0000000954
B1139315628725N00928740EA0000000956
B1139365628811N00928859EA0000000962
B1139415628895N00928968EA0000000966
B1139465628982N00929075EA0000000972
B1139515629073N00929162EA0000000983
B1139565629166N00929232EA0000000978
B1140025629284N00929315EA0000000966
B1140075629387N00929385EA0000000956
B1140125629497N00929443EA0000000939
B1140175629615N00929485EA0000000930
B1140245629781N00929539EA0000000930
B1140305629918N00929604EA0000000927
B1140355630026N00929660EA0000000917
B1140415630160N00929706EA0000000909
B1140465630272N00929737EA0000000906
B1140515630382N00929775EA0000000903
B1140565630491N00929822EA0000000907
B1141015630585N00929884EA0000000920
B1141065630666N00929977EA0000000900
B1141125630763N00930123EA0000000878
B1141175630849N00930254EA0000000854
B1141225630937N00930404EA0000000829
B1141275631027N00930557EA0000000820
B1141345631153N00930764EA0000000811
B1141395631237N00930910EA0000000815
B1141445631320N00931051EA0000000815
B1141495631407N00931183EA0000000817
B1141545631487N00931315EA0000000824
B1142015631599N00931503EA0000000820
B1142065631681N00931617EA0000000843
B1142125631774N00931724EA0000000848
B1142185631866N00931817EA0000000851
B1142235631943N00931883EA0000000853
B1142285632021N00931945EA0000000847
B1142335632101N00932000EA0000000846
B1142385632176N00932045EA0000000847
B1142435632250N00932087EA0000000841
B1142485632324N00932135EA0000000824
B1142565632453N00932259EA0000000811
B1143025632550N00932374EA0000000794
B1143075632634N00932464EA0000000789
B1143145632749N00932578EA0000000776
B1143205632848N00932687EA0000000772
B1143255632928N00932784EA0000000784
B1143315633010N00932886EA0000000812
B1143365633085N00932925EA0000000815
B1143415633146N00932832EA0000000821
B1143465633142N00932689EA0000000831
B1143525633065N00932608EA0000000839
B1143585632997N00932691EA0000000849
B1144035633000N00932813EA0000000865
B1144085633053N00932879EA0000000863
B1144155633154N00932858EA0000000865
B1144215633253N00932833EA0000000849
B1144265633347N00932812EA0000000856
B1144325633458N00932785EA0000000851
B1144375633552N00932772EA0000000839
B1144425633651N00932763EA0000000834
B1144485633770N00932737EA0000000825
B1144535633877N00932721EA0000000806
B1144585633985N00932703EA0000000806
B1145035634089N00932684EA0000000812
B1145095634211N00932671EA0000000801
B1145175634388N00932663EA0000000779
B1145225634500N00932639EA0000000788
B1145285634627N00932616EA0000000787
B1145355634768N00932593EA0000000786
B1145405634867N00932569EA0000000782
B1145475635009N00932537EA0000000780
B1145535635127N00932497EA0000000777
B1146015635282N00932439EA0000000768
B1146065635378N00932404EA0000000765
B1146125635497N00932363EA0000000744
B1146175635597N00932323EA0000000742
B1146225635690N00932293EA0000000741
B1146325635868N00932260EA0000000766
B1146375635941N00932244EA0000000787
B1146425636016N00932204EA0000000773
B1146485636113N00932143EA0000000793
B1146545636174N00932017EA0000000792
B1147005636234N00931878EA0000000791
B1147065636326N00931777EA0000000775
B1147125636433N00931723EA0000000801
B1147175636516N00931696EA0000000804
B1147235636619N00931660EA0000000798
B1147295636725N00931644EA0000000796
B1147345636811N00931672EA0000000793
B1147415636922N00931768EA0000000778
B1147475637020N00931868EA0000000768
B1147525637098N00931954EA0000000769
B1147585637184N00932054EA0000000762
B1148085637333N00932236EA0000000743
B1148135637402N00932328EA0000000745
B1148195637481N00932432EA0000000752
B1148245637548N00932528EA0000000739
B1148315637660N00932650EA0000000734
B1148395637803N00932767EA0000000708
B1148445637899N00932839EA0000000694
B1148515638033N00932941EA0000000678
B1148585638169N00933030EA0000000660
B1149055638309N00933106EA0000000648
B1149135638469N00933185EA0000000642
B1149205638602N00933255EA0000000646
B1149255638695N00933305EA0000000632
B1149305638791N00933360EA0000000623
B1149355638882N00933417EA0000000653
B1149405638953N00933471EA0000000681
B1149455639027N00933482EA0000000672
B1149505639059N00933352EA0000000672
B1149555639016N00933243EA0000000687
B1150005638947N00933214EA0000000703
B1150055638893N00933287EA0000000707
B1150105638881N00933423EA0000000717
B1150155638914N00933537EA0000000736
B1150205638982N00933571EA0000000741
B1150255639043N00933490EA0000000744
B1150305639052N00933362EA0000000749
B1150355639006N00933269EA0000000758
B1150405638935N00933255EA0000000766
B1150455638874N00933326EA0000000779
B1150505638849N00933448EA0000000797
B1150555638877N00933560EA0000000814
B1151005638947N00933602EA0000000819
B1151055639014N00933536EA0000000833
B1151105639024N00933407EA0000000831
B1151155638969N00933324EA0000000842
B1151205638900N00933368EA0000000849
B1151255638885N00933498EA0000000863
B1151305638937N00933593EA0000000876
B1151365639028N00933575EA0000000886
B1151415639068N00933459EA0000000883
B1151465639042N00933334EA0000000891
B1151515638977N00933297EA0000000903
B1151565638912N00933361EA0000000910
B1152015638899N00933486EA0000000926
B1152065638951N00933575EA0000000930
B1152115639033N00933552EA0000000930
B1152165639071N00933434EA0000000941
B1152215639041N00933319EA0000000940
B1152265638968N00933316EA0000000953
B1152315638935N00933427EA0000000964
B1152365638971N00933540EA0000000972
B1152415639047N00933560EA0000000977
B1152465639104N00933470EA0000000980
B1152515639090N00933346EA0000000979
B1152565639024N00933319EA0000000987
B1153015638986N00933425EA0000000991
B1153065639016N00933538EA0000001001
B1153125639110N00933566EA0000000995
B1153185639213N00933545EA0000000990
B1153245639321N00933525EA0000000980
B1153305639422N00933485EA0000000988
B1153375639535N00933442EA0000000973
B1153425639621N00933446EA0000000960
B1153495639737N00933521EA0000000946
B1153555639829N00933627EA0000000933
B1154005639917N00933696EA0000000920
B1154055640014N00933756EA0000000908
B1154105640116N00933819EA0000000892
B1154165640241N00933907EA0000000890
B1154225640367N00933988EA0000000876
B1154275640476N00934056EA0000000859
B1154335640609N00934139EA0000000839
B1154395640736N00934252EA0000000828
B1154445640837N00934363EA0000000820
B1154495640935N00934473EA0000000818
B1154565641073N00934615EA0000000811
B1155025641194N00934719EA0000000808
B1155115641372N00934870EA0000000798
B1155185641503N00934988EA0000000804
B1155235641593N00935069EA0000000798
B1155305641719N00935187EA0000000787
B1155375641838N00935307EA0000000783
B1155425641922N00935383EA0000000771
B1155475642018N00935452EA0000000761
B1155525642117N00935522EA0000000765
B1155595642253N00935619EA0000000754
B1156075642416N00935728EA0000000741
B1156125642515N00935789EA0000000744
B1156195642650N00935869EA0000000730
B1156245642750N00935908EA0000000720
B1156295642853N00935929EA0000000710
B1156375643024N00935968EA0000000695
B1156425643132N00935998EA0000000686
B1156505643306N00936050EA0000000679
B1157065643627N00936125EA0000000740
B1157125643691N00936039EA0000000732
B1157175643655N00935923EA0000000726
B1157285643498N00935955EA0000000744
B1157335643471N00936069EA0000000753
B1157395643517N00936194EA0000000753
B1157445643592N00936223EA0000000762
B1157495643666N00936234EA0000000779
B1157545643730N00936181EA0000000773
B1158005643749N00936032EA0000000771
B1158085643676N00935880EA0000000765
B1158175643547N00935901EA0000000781
B1158225643496N00935997EA0000000792
B1158275643489N00936122EA0000000802
B1158325643526N00936233EA0000000796
B1158375643587N00936327EA0000000804
B1158435643664N00936410EA0000000818
B1158485643732N00936347EA0000000802
B1158545643716N00936189EA0000000809
B1158595643648N00936161EA0000000810
B1159045643594N00936255EA0000000823
B1159095643591N00936394EA0000000837
B1159145643634N00936514EA0000000848
B1159215643738N00936569EA0000000843
B1159265643816N00936616EA0000000833
B1159325643898N00936728EA0000000819
B1159395643998N00936893EA0000000799
B1159465644099N00937076EA0000000782
B1159545644213N00937318EA0000000754
B1200035644331N00937618EA0000000750
B1200085644398N00937777EA0000000741
B1200135644472N00937928EA0000000743
B1200185644548N00938064EA0000000752
B1200245644640N00938217EA0000000755
B1200345644792N00938457EA0000000747
B1200405644886N00938584EA0000000744
B1200465644980N00938714EA0000000729
B1200555645127N00938930EA0000000715
B1201015645220N00939079EA0000000711
B1201085645324N00939248EA0000000707
B1201155645441N00939385EA0000000700
B1201205645525N00939477EA0000000702
B1201255645606N00939571EA0000000700
B1201325645722N00939711EA0000000706
B1201385645793N00939807EA0000000758
B1201445645865N00939878EA0000000749
B1201505645966N00939864EA0000000741
B1201565646061N00939908EA0000000751
B1202015646131N00939984EA0000000750
B1202065646196N00940092EA0000000734
B1202135646289N00940278EA0000000728
B1202195646362N00940413EA0000000754
B1202265646441N00940564EA0000000727
B1202325646518N00940722EA0000000709
B1202405646631N00940910EA0000000700
B1202455646703N00941036EA0000000682
B1202525646810N00941238EA0000000669
B1202585646904N00941407EA0000000664
B1203085647058N00941683EA0000000660
B1203135647131N00941824EA0000000650
B1203205647228N00942025EA0000000642
B1203255647291N00942173EA0000000651
B1203315647351N00942331EA0000000674
B1203375647409N00942476EA0000000673
B1203425647456N00942601EA0000000681
B1203475647509N00942718EA0000000691
B1203525647568N00942817EA0000000698
B1203595647655N00942950EA0000000704
B1204085647794N00943078EA0000000720
B1204135647880N00943042EA0000000731
B1204205647909N00942851EA0000000748
B1204255647855N00942777EA0000000751
B1204305647794N00942831EA0000000753
B1204355647775N00942952EA0000000776
B1204425647834N00943105EA0000000779
B1204475647913N00943144EA0000000795
B1204535647985N00943025EA0000000793
B1205005647953N00942844EA0000000802
B1205055647880N00942830EA0000000804
B1205105647820N00942905EA0000000824
B1205165647808N00943063EA0000000831
B1205215647850N00943195EA0000000844
B1205265647925N00943266EA0000000861
B1205315648004N00943247EA0000000873
B1205365648049N00943134EA0000000876
B1205415648029N00943010EA0000000883
B1205475647951N00942975EA0000000888
B1205525647902N00943061EA0000000904
B1205575647914N00943195EA0000000911
B1206025647984N00943291EA0000000920
B1206075648055N00943245EA0000000935
B1206125648062N00943113EA0000000931
B1206175648003N00943046EA0000000938
B1206225647943N00943110EA0000000951
B1206285647927N00943261EA0000000971
B1206335647964N00943376EA0000000979
B1206385648034N00943412EA0000000979
B1206435648100N00943354EA0000000980
B1206495648135N00943206EA0000000972
B1206545648120N00943071EA0000000976
B1206595648069N00942989EA0000000986
B1207045648005N00943000EA0000000990
B1207095647968N00943103EA0000001002
B1207155647972N00943256EA0000001021
B1207205647998N00943380EA0000001022
B1207265648070N00943461EA0000001025
B1207315648141N00943426EA0000001025
B1207365648183N00943317EA0000001026
B1207415648175N00943184EA0000001022
B1207465648120N00943104EA0000001031
B1207515648054N00943126EA0000001034
B1207565648013N00943237EA0000001045
B1208015648024N00943363EA0000001056
B1208065648073N00943450EA0000001055
B1208115648146N00943476EA0000001051
B1208165648212N00943415EA0000001050
B1208225648243N00943262EA0000001038
B1208275648214N00943128EA0000001041
B1208345648127N00943099EA0000001052
B1208395648076N00943184EA0000001058
B1208455648062N00943336EA0000001068
B1208505648082N00943456EA0000001066
B1208565648121N00943597EA0000001057
B1209025648182N00943746EA0000001034
B1209075648252N00943850EA0000001020
B1209155648393N00943961EA0000000988
B1209205648498N00944007EA0000000970
B1209295648694N00944079EA0000000955
B1209395648920N00944142EA0000000938
B1209455649057N00944185EA0000000934
B1209515649192N00944233EA0000000929
B1210005649401N00944298EA0000000919
B1210055649518N00944330EA0000000916
B1210125649682N00944388EA0000000910
B1210175649797N00944428EA0000000908
B1210225649911N00944466EA0000000901
B1210325650143N00944542EA0000000889
B1210435650395N00944611EA0000000884
B1210485650506N00944638EA0000000883
B1210585650726N00944718EA0000000871
B1211055650876N00944794EA0000000871
B1211105650979N00944852EA0000000874
B1211155651074N00944909EA0000000913
B1211205651151N00944956EA0000000932
B1211255651227N00944973EA0000000927
B1211325651271N00944788EA0000000929
B1211385651202N00944684EA0000000947
B1211435651128N00944713EA0000000965
B1211495651089N00944841EA0000000977
B1211545651100N00944972EA0000000982
B1212045651211N00945158EA0000000998
B1212105651299N00945211EA0000001006
B1212175651406N00945240EA0000001025
B1212245651505N00945159EA0000001025
B1212315651539N00944985EA0000001031
B1212365651500N00944869EA0000001028
B1212415651429N00944838EA0000001030
B1212465651365N00944912EA0000001024
B1212565651333N00945187EA0000001040
B1213015651369N00945313EA0000001045
B1213075651442N00945412EA0000001066
B1213135651531N00945443EA0000001076
B1213195651607N00945385EA0000001085
B1213265651651N00945214EA0000001071
B1213345651616N00945001EA0000001076
B1213405651550N00944895EA0000001076
B1213465651463N00944868EA0000001078
B1213555651340N00944929EA0000001088
B1214005651290N00945023EA0000001101
B1214065651260N00945169EA0000001111
B1214115651262N00945296EA0000001118
B1214165651292N00945421EA0000001123
B1214225651357N00945537EA0000001137
B1214275651432N00945564EA0000001141
B1214325651501N00945499EA0000001150
B1214375651529N00945376EA0000001160
B1214425651509N00945255EA0000001165
B1214495651426N00945174EA0000001171
B1214555651342N00945190EA0000001180
B1215005651287N00945263EA0000001191
B1215055651258N00945374EA0000001202
B1215105651263N00945504EA0000001203
B1215165651319N00945643EA0000001213
B1215215651388N00945698EA0000001218
B1215275651483N00945692EA0000001210
B1215325651558N00945628EA0000001214
B1215375651602N00945523EA0000001229
B1215425651600N00945388EA0000001224
B1215475651550N00945277EA0000001227
B1215525651479N00945263EA0000001237
B1215575651426N00945355EA0000001245
B1216035651424N00945527EA0000001257
B1216085651484N00945641EA0000001255
B1216165651612N00945775EA0000001252
B1216225651710N00945878EA0000001239
B1216275651796N00945967EA0000001230
B1216325651884N00946072EA0000001222
B1216385651989N00946195EA0000001220
B1216435652074N00946300EA0000001225
B1216485652156N00946399EA0000001231
B1216545652248N00946511EA0000001230
B1217005652343N00946632EA0000001220
B1217135652562N00946890EA0000001217
B1217235652623N00947125EA0000001217
B1218045651906N00947585EA0000001163
B1218225651597N00947711EA0000001182
B1218375651348N00947844EA0000001166
B1218515651105N00947974EA0000001159
B1218595650959N00948027EA0000001152
B1219045650870N00948058EA0000001156
B1219105650775N00948088EA0000001182
B1219185650659N00948111EA0000001177
B1219255650550N00948149EA0000001188
B1219345650414N00948192EA0000001188
B1219405650337N00948292EA0000001184
B1219465650266N00948420EA0000001163
B1219525650186N00948554EA0000001157
B1219585650106N00948673EA0000001157
B1220105649945N00948889EA0000001156
B1220325649639N00949222EA0000001172
B1220595649502N00949775EA0000001222
B1221095649583N00949575EA0000001254
B1221195649458N00949611EA0000001299
B1221285649545N00949808EA0000001330
B1221425649638N00949503EA0000001358
B1221535649495N00949556EA0000001412
B1222015649505N00949773EA0000001431
B1222065649571N00949861EA0000001445
B1222125649663N00949806EA0000001470
B1222195649683N00949607EA0000001485
B1222245649625N00949516EA0000001500
B1222295649550N00949546EA0000001505
B1222355649470N00949640EA0000001527
B1222405649398N00949681EA0000001514
B1222455649309N00949684EA0000001502
B1222535649154N00949657EA0000001490
B1222585649059N00949625EA0000001499
B1223045648948N00949572EA0000001494
B1223095648852N00949534EA0000001501
B1223145648756N00949499EA0000001510
B1223205648640N00949463EA0000001503
B1223255648547N00949439EA0000001501
B1223315648429N00949404EA0000001477
B1223375648290N00949362EA0000001449
B1223425648166N00949319EA0000001440
B1223475648043N00949268EA0000001430
B1223555647849N00949195EA0000001424
B1224015647708N00949143EA0000001421
B1224085647542N00949076EA0000001412
B1224155647378N00949013EA0000001413
B1224205647265N00948984EA0000001411
B1224255647149N00948939EA0000001398
B1224305647030N00948882EA0000001388
B1224355646911N00948828EA0000001381
B1224415646768N00948756EA0000001373
B1224465646651N00948685EA0000001366
B1224515646535N00948606EA0000001359
B1224565646418N00948524EA0000001350
B1225015646299N00948453EA0000001345
B1225075646158N00948372EA0000001345
B1225125646041N00948300EA0000001338
B1225215645830N00948161EA0000001326
B1225265645712N00948090EA0000001323
B1225315645596N00948031EA0000001320
B1225365645482N00947980EA0000001304
B1225445645294N00947889EA0000001285
B1225515645131N00947812EA0000001284
B1225565645017N00947762EA0000001277
B1226015644904N00947713EA0000001268
B1226115644675N00947607EA0000001241
B1226165644558N00947562EA0000001232
B1226245644371N00947483EA0000001222
B1226305644232N00947420EA0000001217
B1226395644023N00947320EA0000001208
B1226445643907N00947272EA0000001207
B1226515643762N00947218EA0000001220
B1226595643614N00947163EA0000001209
B1227045643519N00947130EA0000001206
B1227095643427N00947089EA0000001207
B1227155643321N00947034EA0000001212
B1227215643216N00946966EA0000001213
B1227265643129N00946906EA0000001216
B1227325643024N00946839EA0000001229
B1227385642926N00946776EA0000001252
B1227435642853N00946738EA0000001262
B1227485642779N00946702EA0000001256
B1227535642702N00946663EA0000001256
B1227585642625N00946631EA0000001247
B1228035642545N00946591EA0000001243
B1228085642466N00946552EA0000001241
B1229035641364N00946216EA0000001144
B1229095641237N00946191EA0000001134
B1229485640420N00946111EA0000001174
B1229545640325N00946129EA0000001178
B1230515640380N00945998EA0000001123
B1230575640291N00945838EA0000001120
B1231365639567N00945434EA0000001070
B1231445639415N00945316EA0000001068
B1232405638382N00944021EA0000001038
B1232475638255N00943924EA0000001044
B1233245637513N00943422EA0000000994
B1233305637391N00943345EA0000000991
B1234095636588N00942872EA0000000937
B1234145636480N00942811EA0000000928
B1234205636352N00942734EA0000000919
B1234265636226N00942646EA0000000909
B1234325636100N00942549EA0000000896
B1234385635972N00942458EA0000000888
B1234445635846N00942370EA0000000878
B1234505635720N00942281EA0000000869
B1234565635598N00942194EA0000000864
B1235085635357N00942019EA0000000849
B1235155635218N00941930EA0000000847
B1235215635099N00941856EA0000000842
B1235295634940N00941760EA0000000843
B1235345634842N00941706EA0000000838
B1235395634743N00941649EA0000000830
B1235455634625N00941576EA0000000826
B1235505634528N00941515EA0000000824
B1235565634410N00941445EA0000000820
B1236025634293N00941379EA0000000821
B1236255633864N00941125EA0000000796
B1236335633714N00941031EA0000000783
B1236425633541N00940937EA0000000782
B1236525633356N00940852EA0000000786
B1236575633267N00940826EA0000000794
B1237045633148N00940803EA0000000797
B1237095633065N00940797EA0000000801
B1237145632983N00940799EA0000000804
B1237195632900N00940794EA0000000806
B1237245632820N00940809EA0000000820
B1237315632752N00940935EA0000000834
B1237365632779N00941055EA0000000835
B1237415632861N00941081EA0000000835
B1237465632928N00940975EA0000000849
B1237515632927N00940825EA0000000854
B1237565632868N00940738EA0000000856
B1238305632922N00940652EA0000000880
B1238355632847N00940624EA0000000887
B1238405632789N00940705EA0000000892
B1238455632786N00940842EA0000000894
B1238505632843N00940947EA0000000902
B1238555632929N00940950EA0000000908
B1239005632998N00940848EA0000000915
B1239055633010N00940693EA0000000916
B1239125632942N00940529EA0000000919
B1239185632857N00940467EA0000000926
B1239235632790N00940510EA0000000925
B1239295632766N00940658EA0000000925
B1239345632817N00940767EA0000000925
B1239395632903N00940780EA0000000930
B1239445632976N00940685EA0000000935
B1239525632983N00940428EA0000000931
B1239575632922N00940318EA0000000934
B1240025632845N00940305EA0000000940
B1240085632786N00940411EA0000000948
B1240135632795N00940538EA0000000945
B1240195632877N00940631EA0000000944
B1240245632965N00940598EA0000000948
B1240295633018N00940465EA0000000958
B1240345633017N00940308EA0000000960
B1240395632968N00940192EA0000000959
B1240455632882N00940106EA0000000949
B1240515632782N00940029EA0000000950
B1240565632700N00939973EA0000000958
B1241015632618N00939920EA0000000964
B1241075632526N00939863EA0000000973
B1241125632452N00939812EA0000000975
B1241215632313N00939736EA0000000968
B1241265632234N00939707EA0000000971
B1241315632158N00939687EA0000000970
B1241375632060N00939657EA0000000964
B1241425631980N00939607EA0000000965
B1241485631897N00939496EA0000000963
B1241555631798N00939350EA0000000949
B1242015631695N00939229EA0000000939
B1242085631564N00939078EA0000000939
B1242135631479N00938986EA0000000960
B1242205631368N00938871EA0000000953
B1242275631253N00938747EA0000000942
B1242325631165N00938658EA0000000925
B1242375631073N00938560EA0000000913
B1242435630956N00938443EA0000000903
B1242545630740N00938250EA0000000892
B1243015630601N00938123EA0000000885
B1243075630482N00938021EA0000000885
B1243175630287N00937847EA0000000877
B1243235630170N00937749EA0000000872
B1243285630074N00937664EA0000000870
B1243365629921N00937534EA0000000865
B1243435629781N00937450EA0000000851
B1243505629635N00937370EA0000000832
B1243565629506N00937296EA0000000831
B1244015629403N00937245EA0000000838
B1244105629222N00937146EA0000000823
B1244185629051N00937025EA0000000808
B1244255628896N00936966EA0000000814
B1244345628721N00936960EA0000000858
B1244415628597N00936948EA0000000872
B1244465628508N00936951EA0000000887
B1244565628447N00937128EA0000000908
B1245015628523N00937147EA0000000934
B1245085628560N00936976EA0000000953
B1245135628499N00936887EA0000000974
B1245215628418N00936995EA0000000994
B1245265628450N00937117EA0000001008
B1245315628518N00937146EA0000001023
B1245365628579N00937060EA0000001028
B1245415628580N00936914EA0000001057
B1245475628498N00936847EA0000001082
B1245535628445N00936969EA0000001092
B1245585628487N00937087EA0000001120
B1246035628559N00937094EA0000001142
B1246085628611N00936989EA0000001150
B1246145628585N00936825EA0000001190
B1246195628511N00936793EA0000001207
B1246245628454N00936882EA0000001227
B1246295628468N00937014EA0000001245
B1246355628552N00937047EA0000001264
B1246405628594N00936924EA0000001272
B1246455628560N00936792EA0000001304
B1246505628483N00936766EA0000001325
B1246555628409N00936829EA0000001333
B1247025628280N00936835EA0000001319
B1247075628172N00936785EA0000001304
B1247125628057N00936693EA0000001289
B1247175627940N00936594EA0000001302
B1247235627797N00936499EA0000001307
B1247285627672N00936443EA0000001318
B1247335627546N00936395EA0000001312
B1247385627410N00936345EA0000001313
B1247445627246N00936279EA0000001316
B1247495627112N00936225EA0000001312
B1247545626977N00936165EA0000001297
B1247595626842N00936106EA0000001282
B1248045626706N00936044EA0000001271
B1248095626572N00935967EA0000001257
B1248145626438N00935882EA0000001249
B1248195626303N00935794EA0000001259
B1248245626174N00935716EA0000001277
B1248305626019N00935654EA0000001280
B1248355625894N00935605EA0000001279
B1248405625775N00935553EA0000001280
B1248455625660N00935505EA0000001277
B1248505625546N00935454EA0000001274
B1248555625430N00935393EA0000001251
B1249005625311N00935328EA0000001243
B1249055625195N00935256EA0000001237
B1249105625085N00935177EA0000001243
B1249155624979N00935127EA0000001250
B1249235624814N00935070EA0000001238
B1249285624708N00935034EA0000001231
B1249335624600N00934992EA0000001227
B1249385624493N00934953EA0000001243
B1249435624403N00934921EA0000001274
B1249485624318N00934899EA0000001269
B1249535624226N00934884EA0000001268
B1249595624112N00934861EA0000001279
B1250045624018N00934840EA0000001285
B1250125623872N00934810EA0000001300
B1250175623782N00934794EA0000001287
B1250235623664N00934791EA0000001255
B1250315623491N00934824EA0000001228
B1250365623382N00934853EA0000001216
B1250425623251N00934880EA0000001204
B1250475623143N00934908EA0000001199
B1250525623040N00934947EA0000001191
B1250575622931N00934978EA0000001175
B1251035622794N00935010EA0000001157
B1251085622681N00935037EA0000001151
B1251145622546N00935073EA0000001141
B1251205622420N00935103EA0000001150
B1251255622318N00935126EA0000001139
B1251315622189N00935152EA0000001120
B1251385622042N00935198EA0000001108
B1251445621925N00935241EA0000001100
B1251505621811N00935283EA0000001097
B1251555621727N00935312EA0000001116
B1252005621664N00935346EA0000001115
B1252055621596N00935401EA0000001088
B1252105621527N00935476EA0000001079
B1252155621464N00935575EA0000001065
B1252205621399N00935683EA0000001061
B1252265621316N00935808EA0000001057
B1252315621245N00935914EA0000001057
B1252365621177N00936021EA0000001066
B1252415621112N00936126EA0000001075
B1252465621056N00936234EA0000001087
B1252535620983N00936389EA0000001093
B1252585620934N00936496EA0000001109
B1253035620895N00936603EA0000001111
B1253105620825N00936740EA0000001109
B1253155620764N00936817EA0000001118
B1253205620693N00936865EA0000001126
B1253255620619N00936905EA0000001144
B1253315620603N00937043EA0000001164
B1253365620686N00937067EA0000001164
B1253415620743N00936941EA0000001169
B1253465620742N00936793EA0000001188
B1253515620691N00936696EA0000001202
B1253565620620N00936696EA0000001214
B1254025620592N00936824EA0000001232
B1254075620643N00936936EA0000001238
B1254125620728N00936946EA0000001247
B1254175620787N00936832EA0000001249
B1254225620779N00936688EA0000001269
B1254275620720N00936626EA0000001280
B1254325620661N00936674EA0000001288
B1254375620652N00936793EA0000001295
B1254425620707N00936898EA0000001295
B1254475620794N00936891EA0000001297
B1254525620847N00936773EA0000001295
B1254575620849N00936622EA0000001297
B1255025620807N00936507EA0000001309
B1255075620744N00936465EA0000001319
B1255125620683N00936495EA0000001319
B1255175620643N00936583EA0000001331
B1255225620635N00936696EA0000001333
B1255275620673N00936802EA0000001326
B1255325620749N00936857EA0000001315
B1255375620839N00936837EA0000001311
B1255425620908N00936736EA0000001311
B1255475620935N00936594EA0000001302
B1255525620910N00936461EA0000001298
B1255575620849N00936400EA0000001301
B1256025620787N00936428EA0000001300
B1256075620749N00936523EA0000001303
B1256125620757N00936640EA0000001296
B1256175620780N00936772EA0000001279
B1256225620757N00936912EA0000001271
B1256275620687N00936976EA0000001273
B1256335620587N00936917EA0000001247
B1256385620503N00936817EA0000001228
B1256435620411N00936724EA0000001212
B1256505620274N00936615EA0000001198
B1256555620173N00936558EA0000001190
B1257005620069N00936517EA0000001176
B1257055619959N00936487EA0000001161
B1257105619844N00936473EA0000001144
B1257155619724N00936464EA0000001132
B1257205619603N00936454EA0000001134
B1257275619436N00936449EA0000001133
B1257325619317N00936444EA0000001134
B1257375619201N00936436EA0000001133
B1257425619085N00936430EA0000001132
B1257495618925N00936423EA0000001130
B1257545618814N00936417EA0000001127
B1258015618659N00936426EA0000001114
B1258075618524N00936442EA0000001106
B1258125618412N00936452EA0000001105
B1258175618300N00936466EA0000001093
B1258225618186N00936480EA0000001084
B1258275618073N00936496EA0000001068
B1258325617962N00936521EA0000001063
B1258375617858N00936554EA0000001064
B1258425617756N00936590EA0000001065
B1258485617637N00936632EA0000001072
B1258545617523N00936671EA0000001072
B1259005617413N00936709EA0000001068
B1259065617302N00936752EA0000001048
B1259115617207N00936793EA0000001033
B1259165617116N00936834EA0000001024
B1259225617003N00936859EA0000001023
B1259275616916N00936762EA0000001019
B1259335616831N00936588EA0000001031
B1259395616762N00936414EA0000001037
B1259465616687N00936216EA0000001035
B1259515616629N00936073EA0000001019
B1259565616567N00935919EA0000001027
B1300015616513N00935784EA0000001050
B1300065616461N00935674EA0000001071
B1300115616399N00935599EA0000001067
B1300165616332N00935645EA0000001068
B1300215616339N00935770EA0000001083
B1300265616407N00935825EA0000001102
B1300315616482N00935753EA0000001101
B1300365616500N00935596EA0000001102
B1300415616453N00935481EA0000001113
B1300465616383N00935482EA0000001112
B1300515616344N00935574EA0000001122
B1300565616354N00935692EA0000001126
B1301015616412N00935778EA0000001138
B1301065616494N00935778EA0000001150
B1301115616559N00935681EA0000001155
B1301175616580N00935500EA0000001158
B1301225616551N00935361EA0000001168
B1301285616483N00935251EA0000001175
B1301335616414N00935236EA0000001178
B1301385616366N00935309EA0000001184
B1301435616371N00935432EA0000001186
B1301485616428N00935518EA0000001191
B1301535616511N00935529EA0000001198
B1301585616588N00935447EA0000001202
B1302035616628N00935298EA0000001203
B1302085616619N00935135EA0000001209
B1302145616548N00935006EA0000001217
B1302195616472N00934986EA0000001217
B1302245616411N00935047EA0000001219
B1302295616387N00935162EA0000001219
B1302345616408N00935286EA0000001222
B1302395616477N00935352EA0000001230
B1302445616562N00935311EA0000001231
B1302495616626N00935188EA0000001241
B1302545616655N00935036EA0000001250
B1302595616644N00934877EA0000001255
B1303045616597N00934752EA0000001259
B1303095616527N00934689EA0000001261
B1303145616458N00934697EA0000001261
B1303195616424N00934791EA0000001255
B1303255616475N00934923EA0000001248
B1303305616565N00934917EA0000001245
B1303355616633N00934785EA0000001248
B1303405616633N00934607EA0000001251
B1303465616575N00934431EA0000001256
B1303515616511N00934312EA0000001251
B1303565616437N00934217EA0000001248
B1304025616341N00934118EA0000001234
B1304075616258N00934024EA0000001218
B1304145616135N00933895EA0000001212
B1304195616047N00933809EA0000001210
B1304305615857N00933633EA0000001198
B1304365615754N00933537EA0000001194
B1304465615573N00933396EA0000001184
B1304525615458N00933315EA0000001182
B1304575615363N00933257EA0000001184
B1305035615245N00933196EA0000001173
B1305085615140N00933160EA0000001175
B1305135615035N00933130EA0000001180
B1305195614909N00933094EA0000001178
B1305245614802N00933067EA0000001176
B1305305614667N00933047EA0000001171
B1305355614561N00933029EA0000001173
B1305405614456N00933023EA0000001156
B1305465614329N00933046EA0000001142
B1305525614207N00933082EA0000001138
B1305585614087N00933113EA0000001132
B1306045613969N00933148EA0000001130
B1306125613818N00933206EA0000001113
B1306195613688N00933279EA0000001099
B1306245613595N00933334EA0000001098
B1306305613486N00933367EA0000001113
B1306355613406N00933375EA0000001125
B1306405613329N00933389EA0000001121
B1306465613232N00933395EA0000001121
B1306515613155N00933388EA0000001118
B1306565613073N00933370EA0000001106
B1307015612996N00933288EA0000001093
B1307065612931N00933148EA0000001076
B1307125612854N00932966EA0000001059
B1307185612771N00932788EA0000001046
B1307235612705N00932630EA0000001039
B1307285612642N00932459EA0000001028
B1307365612537N00932175EA0000001013
B1307425612458N00931965EA0000001004
B1307475612393N00931789EA0000000995
B1307535612326N00931585EA0000001011
B1307595612281N00931384EA0000001029
B1308055612228N00931218EA0000001040
B1308105612144N00931199EA0000001027
B1308155612102N00931318EA0000001043
B1308205612147N00931416EA0000001057
B1308265612245N00931375EA0000001056
B1308315612297N00931232EA0000001063
B1308365612289N00931071EA0000001072
B1308415612230N00930972EA0000001074
B1308475612149N00930994EA0000001070
B1308525612130N00931111EA0000001064
B1308575612186N00931208EA0000001071
B1309025612271N00931217EA0000001075
B1309075612351N00931135EA0000001077
B1309125612398N00930980EA0000001080
B1309175612396N00930809EA0000001090
B1309225612351N00930672EA0000001083
B1309275612277N00930594EA0000001075
B1309335612183N00930596EA0000001065
B1309385612098N00930630EA0000001046
B1309435612007N00930676EA0000001033
B1309485611916N00930738EA0000001034
B1309535611835N00930808EA0000001041
B1310005611735N00930913EA0000001040
B1310055611664N00930992EA0000001025
B1310125611544N00931087EA0000001005
B1310185611433N00931132EA0000001006
B1310235611339N00931116EA0000001001
B1310295611225N00931125EA0000000992
B1310345611131N00931144EA0000000984
B1310395611037N00931172EA0000000971
B1310445610938N00931208EA0000000953
B1310495610837N00931242EA0000000952
B1310545610748N00931274EA0000000965
B1310595610672N00931312EA0000000960
B1311045610592N00931361EA0000000935
B1311095610506N00931433EA0000000931
B1311145610421N00931503EA0000000936
B1311195610337N00931560EA0000000941
B1311245610253N00931610EA0000000936
B1311295610164N00931658EA0000000929
B1311365610037N00931712EA0000000937
B1311435609918N00931757EA0000000938
B1311495609824N00931803EA0000000945
B1311545609755N00931845EA0000000936
B1312005609667N00931908EA0000000917
B1312055609590N00931973EA0000000900
B1312115609503N00932075EA0000000892
B1312165609456N00932182EA0000000896
B1312215609442N00932306EA0000000881
B1312265609482N00932419EA0000000876
B1312315609563N00932429EA0000000877
B1312375609662N00932353EA0000000876
B1312435609755N00932250EA0000000879
B1312485609834N00932167EA0000000888
B1312535609907N00932074EA0000000891
B1312585609959N00931931EA0000000893
B1313035609973N00931760EA0000000892
B1313085609941N00931597EA0000000886
B1313155609858N00931410EA0000000875
B1313225609806N00931171EA0000000852
B1313275609787N00930980EA0000000848
B1313365609764N00930642EA0000000849
B1313475609729N00930244EA0000000833
B1313535609710N00930020EA0000000818
B1314025609676N00929676EA0000000811
B1314095609645N00929417EA0000000805
B1314155609618N00929189EA0000000790
B1314205609596N00928995EA0000000770
B1314255609572N00928798EA0000000769
B1314315609544N00928571EA0000000760
B1314365609518N00928376EA0000000753
B1314425609485N00928154EA0000000767
B1314475609458N00927982EA0000000771
B1314525609432N00927818EA0000000779
B1314585609407N00927621EA0000000783
B1315035609386N00927457EA0000000787
B1315105609355N00927234EA0000000790
B1315155609333N00927077EA0000000793
B1315205609314N00926923EA0000000801
B1315255609296N00926780EA0000000804
B1315315609271N00926603EA0000000792
B1315365609253N00926446EA0000000788
B1315435609237N00926218EA0000000782
B1315485609229N00926049EA0000000768
B1315535609219N00925868EA0000000761
B1315585609209N00925694EA0000000760
B1316035609195N00925527EA0000000752
B1316095609175N00925308EA0000000730
B1316165609150N00925039EA0000000718
B1316235609129N00924763EA0000000708
B1316295609113N00924523EA0000000695
B1316365609093N00924251EA0000000702
B1316415609085N00924062EA0000000700
B1316465609064N00923884EA0000000693
B1316515609007N00923732EA0000000698
B1316565608970N00923569EA0000000725
B1317015609009N00923429EA0000000744
B1317065609097N00923455EA0000000732
B1317115609112N00923600EA0000000750
B1317165609049N00923653EA0000000774
B1317215608989N00923560EA0000000785
B1317265609003N00923398EA0000000795
B1317315609090N00923335EA0000000800
B1317365609156N00923429EA0000000813
B1317415609146N00923548EA0000000837
B1317465609088N00923579EA0000000842
B1317515609024N00923481EA0000000821
B1317565609011N00923301EA0000000839
B1318015609073N00923174EA0000000863
B1318065609156N00923201EA0000000862
B1318125609180N00923361EA0000000876
B1318185609109N00923423EA0000000898
B1318235609049N00923324EA0000000891
B1318285609048N00923144EA0000000900
B1318355609152N00923011EA0000000928
B1318405609221N00923082EA0000000931
B1318455609223N00923215EA0000000941
B1318505609161N00923259EA0000000965
B1318555609104N00923158EA0000000962
B1319005609100N00922977EA0000000976
B1319055609168N00922863EA0000000998
B1319105609251N00922904EA0000000998
B1319155609275N00923040EA0000001010
B1319205609231N00923128EA0000001033
B1319255609158N00923094EA0000001030
B1319315609109N00922900EA0000001026
B1319375609172N00922704EA0000001045
B1319425609269N00922707EA0000001052
B1319485609297N00922869EA0000001074
B1319535609234N00922915EA0000001101
B1319585609169N00922828EA0000001118
B1320035609153N00922671EA0000001131
B1320085609204N00922526EA0000001131
B1320145609307N00922517EA0000001156
B1320195609343N00922627EA0000001172
B1320265609278N00922741EA0000001174
B1320315609205N00922650EA0000001197
B1320365609204N00922490EA0000001220
B1320415609276N00922390EA0000001216
B1320465609359N00922432EA0000001232
B1320525609364N00922576EA0000001241
B1320575609294N00922602EA0000001253
B1321025609239N00922477EA0000001269
B1321075609256N00922310EA0000001286
B1321125609324N00922200EA0000001293
B1321175609407N00922187EA0000001300
B1321225609470N00922268EA0000001300
B1321275609482N00922395EA0000001316
B1321325609438N00922471EA0000001328
B1321375609367N00922428EA0000001328
B1321435609341N00922235EA0000001330
B1321505609422N00922068EA0000001352
B1321555609508N00922073EA0000001352
B1322005609562N00922178EA0000001361
B1322055609558N00922306EA0000001372
B1322105609504N00922378EA0000001381
B1322155609431N00922331EA0000001399
B1322205609400N00922194EA0000001410
B1322255609430N00922040EA0000001405
B1322305609508N00921945EA0000001418
B1322355609587N00921947EA0000001435
B1322405609636N00922047EA0000001430
B1322455609637N00922181EA0000001442
B1322505609588N00922262EA0000001449
B1322555609515N00922259EA0000001459
B1323005609463N00922160EA0000001466
B1323055609478N00922002EA0000001457
B1323105609542N00921875EA0000001475
B1323155609618N00921842EA0000001488
B1323205609681N00921919EA0000001487
B1323265609698N00922078EA0000001494
B1323315609653N00922172EA0000001496
B1323375609573N00922205EA0000001501
B1323425609501N00922186EA0000001483
B1323475609417N00922157EA0000001448
B1323535609302N00922114EA0000001446
B1323585609222N00922081EA0000001467
B1324035609144N00922043EA0000001439
B1324085609039N00922002EA0000001411
B1324135608945N00921937EA0000001441
B1324195608855N00921849EA0000001429
B1324245608774N00921760EA0000001411
B1324315608668N00921623EA0000001420
B1324375608581N00921515EA0000001401
B1324425608508N00921392EA0000001388
B1324475608450N00921249EA0000001394
B1324525608405N00921103EA0000001386
B1325005608319N00920860EA0000001360
B1325065608250N00920695EA0000001375
B1325115608195N00920577EA0000001371
B1325175608121N00920421EA0000001350
B1325245608029N00920236EA0000001361
B1325305607960N00920100EA0000001364
B1325355607899N00919977EA0000001345
B1325415607818N00919823EA0000001348
B1325475607743N00919705EA0000001359
B1325525607670N00919608EA0000001338
B1325575607593N00919496EA0000001339
B1326025607518N00919381EA0000001330
B1326075607445N00919250EA0000001329
B1326125607380N00919130EA0000001342
B1326185607313N00918994EA0000001331
B1326235607250N00918870EA0000001318
B1326285607189N00918754EA0000001327
B1326345607126N00918618EA0000001316
B1326395607067N00918492EA0000001305
B1326445607006N00918373EA0000001307
B1326495606948N00918268EA0000001308
B1326545606886N00918163EA0000001292
B1326595606818N00918050EA0000001287
B1327045606756N00917949EA0000001296
B1327095606702N00917842EA0000001290
B1327175606610N00917672EA0000001279
B1327225606542N00917587EA0000001270
B1327275606468N00917508EA0000001269
B1327335606380N00917421EA0000001287
B1327385606305N00917354EA0000001297
B1327455606197N00917257EA0000001315
B1327515606114N00917177EA0000001335
B1327565606046N00917120EA0000001342
B1328015605978N00917077EA0000001348
B1328065605911N00917077EA0000001345
B1328125605842N00917144EA0000001335
B1328175605770N00917155EA0000001329
B1328245605671N00917060EA0000001328
B1328305605582N00916968EA0000001330
B1328355605505N00916887EA0000001340
B1328415605421N00916769EA0000001347
B1328465605351N00916669EA0000001350
B1328545605237N00916682EA0000001407
B1328595605224N00916776EA0000001422
B1329045605274N00916870EA0000001432
B1329095605359N00916847EA0000001454
B1329145605394N00916698EA0000001456
B1329195605342N00916557EA0000001454
B1329245605261N00916518EA0000001488
B1329295605202N00916569EA0000001511
B1329345605188N00916680EA0000001512
B1329395605246N00916765EA0000001532
B1329445605327N00916716EA0000001557
B1329495605359N00916565EA0000001570
B1329545605312N00916426EA0000001572
B1330005605225N00916459EA0000001601
B1330055605232N00916572EA0000001616
B1330105605309N00916597EA0000001626
B1330155605369N00916469EA0000001641
B1330205605343N00916307EA0000001644
B1330255605261N00916258EA0000001656
B1330315605218N00916372EA0000001677
B1330365605264N00916461EA0000001688
B1330415605347N00916444EA0000001696
B1330465605404N00916315EA0000001706
B1330515605390N00916146EA0000001701
B1330575605299N00916063EA0000001717
B1331035605242N00916153EA0000001736
B1331085605261N00916263EA0000001749
B1331155605369N00916266EA0000001744
B1331205605418N00916096EA0000001738
B1331255605369N00915921EA0000001734
B1331305605278N00915819EA0000001749
B1331365605172N00915731EA0000001764
B1331425605067N00915666EA0000001748
B1331485604956N00915606EA0000001726
B1331535604859N00915553EA0000001708
B1331585604760N00915517EA0000001710
B1332035604672N00915505EA0000001726
B1332085604594N00915507EA0000001727
B1332145604493N00915511EA0000001708
B1332205604377N00915490EA0000001695
B1332255604279N00915438EA0000001697
B1332305604183N00915361EA0000001695
B1332355604086N00915257EA0000001675
B1332445603887N00915061EA0000001637
B1332495603768N00914954EA0000001610
B1332545603648N00914840EA0000001594
B1333005603503N00914703EA0000001581
B1333065603353N00914594EA0000001572
B1333115603224N00914554EA0000001569
B1333175603074N00914521EA0000001563
B1333235602924N00914499EA0000001554
B1333285602798N00914472EA0000001554
B1333335602674N00914440EA0000001550
B1333385602551N00914416EA0000001545
B1333445602404N00914390EA0000001543
B1333515602237N00914365EA0000001529
B1333575602089N00914341EA0000001516
B1334025601973N00914329EA0000001535
B1334085601845N00914319EA0000001539
B1334145601721N00914304EA0000001537
B1334195601618N00914293EA0000001541
B1334275601452N00914294EA0000001537
B1334325601346N00914304EA0000001544
B1334375601257N00914317EA0000001563
B1334445601128N00914313EA0000001544
B1334505601010N00914294EA0000001543
B1334555600913N00914282EA0000001542
B1335005600817N00914277EA0000001542
B1335055600725N00914264EA0000001547
B1335105600634N00914250EA0000001540
B1335165600519N00914242EA0000001529
B1335235600382N00914235EA0000001521
B1335285600283N00914228EA0000001512
B1335335600186N00914223EA0000001501
B1335405600054N00914227EA0000001494
B1335455559959N00914233EA0000001485
B1335535559806N00914249EA0000001472
B1335595559685N00914271EA0000001460
B1336045559584N00914290EA0000001456
B1336095559485N00914315EA0000001453
B1336155559371N00914345EA0000001443
B1336215559253N00914363EA0000001428
B1336265559151N00914375EA0000001419
B1336325559031N00914405EA0000001418
B1336375558932N00914440EA0000001417
B1336425558833N00914471EA0000001417
B1336475558734N00914484EA0000001409
B1336535558612N00914491EA0000001395
B1337005558465N00914454EA0000001378
B1337055558361N00914402EA0000001372
B1337125558211N00914312EA0000001352
B1337195558057N00914210EA0000001342
B1337245557947N00914139EA0000001338
B1337305557812N00914046EA0000001316
B1337365557671N00913931EA0000001303
B1337415557554N00913835EA0000001301
B1337465557439N00913744EA0000001301
B1337535557280N00913619EA0000001288
B1337585557167N00913524EA0000001275
B1338055557005N00913401EA0000001253
B1338105556890N00913316EA0000001251
B1338155556780N00913227EA0000001247
B1338215556647N00913120EA0000001237
B1338285556489N00912990EA0000001224
B1338355556334N00912849EA0000001217
B1338455556114N00912647EA0000001210
B1338505556005N00912558EA0000001203
B1338575555853N00912434EA0000001192
B1339035555725N00912327EA0000001185
B1339095555602N00912222EA0000001179
B1339145555501N00912124EA0000001172
B1339195555412N00912024EA0000001191
B1339245555337N00911931EA0000001224
B1339305555262N00911835EA0000001237
B1339365555182N00911737EA0000001236
B1339425555089N00911655EA0000001225
B1339475554998N00911592EA0000001202
B1339535554873N00911507EA0000001192
B1339595554744N00911423EA0000001185
B1340065554593N00911324EA0000001168
B1340115554480N00911259EA0000001155
B1340175554343N00911185EA0000001156
B1340225554234N00911127EA0000001160
B1340275554126N00911082EA0000001154
B1340325554014N00911045EA0000001141
B1340415553809N00910979EA0000001130
B1340465553701N00910935EA0000001148
B1340515553624N00910878EA0000001184
B1340575553539N00910807EA0000001164
B1341025553450N00910749EA0000001158
B1341095553325N00910676EA0000001163
B1341145553238N00910621EA0000001162
B1341195553148N00910559EA0000001155
B1341245553054N00910497EA0000001148
B1341305552932N00910400EA0000001126
B1341375552784N00910267EA0000001114
B1341425552678N00910181EA0000001110
B1341475552573N00910111EA0000001111
B1341535552454N00910038EA0000001100
B1341595552315N00909963EA0000001088
B1342075552135N00909844EA0000001070
B1342125552025N00909753EA0000001063
B1342175551914N00909661EA0000001050
B1342245551766N00909520EA0000001048
B1342305551643N00909397EA0000001040
B1342365551522N00909271EA0000001033
B1342415551421N00909172EA0000001029
B1342475551300N00909051EA0000001026
B1342525551201N00908949EA0000001026
B1342575551101N00908848EA0000001017
B1343025551000N00908754EA0000001017
B1343075550907N00908656EA0000001020
B1343135550802N00908537EA0000001001
B1343185550709N00908442EA0000000989
B1343245550611N00908332EA0000001017
B1343305550524N00908220EA0000001023
B1343355550461N00908089EA0000001032
B1343405550440N00907929EA0000001075
B1343475550538N00907830EA0000001082
B1343525550575N00907935EA0000001104
B1343585550500N00907993EA0000001107
B1344035550455N00907856EA0000001130
B1344085550509N00907719EA0000001144
B1344135550592N00907765EA0000001159
B1344185550584N00907886EA0000001186
B1344235550515N00907888EA0000001190
B1344295550481N00907710EA0000001212
B1344345550545N00907600EA0000001235
B1344395550619N00907642EA0000001243
B1344445550620N00907773EA0000001254
B1344495550553N00907802EA0000001276
B1344545550509N00907680EA0000001283
B1345025550606N00907504EA0000001318
B1345075550660N00907592EA0000001332
B1345125550617N00907693EA0000001340
B1345175550550N00907645EA0000001370
B1345225550554N00907494EA0000001367
B1345275550643N00907430EA0000001389
B1345345550666N00907583EA0000001407
B1345405550579N00907573EA0000001421
B1345455550560N00907409EA0000001429
B1345505550620N00907276EA0000001460
B1345555550702N00907281EA0000001476
B1346015550718N00907429EA0000001493
B1346065550653N00907504EA0000001480
B1346125550531N00907532EA0000001464
B1346175550430N00907596EA0000001467
B1346245550301N00907712EA0000001457
B1346315550165N00907818EA0000001432
B1346375550042N00907906EA0000001423
B1346425549937N00907976EA0000001420
B1346515549746N00908054EA0000001424
B1346575549612N00908037EA0000001418
B1347025549501N00908007EA0000001414
B1347105549331N00907951EA0000001411
B1347165549202N00907914EA0000001397
B1347215549087N00907892EA0000001382
B1347275548946N00907867EA0000001380
B1347325548832N00907870EA0000001386
B1347375548725N00907877EA0000001392
B1347425548614N00907874EA0000001373
B1347515548401N00907850EA0000001352
B1348005548192N00907832EA0000001345
B1348055548079N00907823EA0000001334
B1348105547962N00907815EA0000001318
B1348155547839N00907806EA0000001302
B1348215547686N00907800EA0000001285
B1348275547531N00907792EA0000001276
B1348325547404N00907774EA0000001267
B1348375547276N00907753EA0000001256
B1348425547149N00907744EA0000001247
B1348475547023N00907739EA0000001240
B1348545546846N00907723EA0000001243
B1349005546712N00907704EA0000001289
B1349055546626N00907691EA0000001299
B1349105546531N00907679EA0000001262
B1349165546392N00907667EA0000001235
B1349225546249N00907663EA0000001217
B1349275546122N00907669EA0000001197
B1349325545989N00907678EA0000001180
B1349375545856N00907699EA0000001173
B1349445545670N00907725EA0000001169
B1349495545540N00907737EA0000001163
B1349575545333N00907762EA0000001156
B1350025545207N00907777EA0000001148
B1350075545083N00907790EA0000001144
B1350165544880N00907827EA0000001154
B1350225544755N00907861EA0000001163
B1350275544663N00907891EA0000001201
B1350325544590N00907908EA0000001224
B1350385544503N00907934EA0000001216
B1350445544412N00907964EA0000001236
B1350525544305N00908006EA0000001243
B1350585544214N00908031EA0000001245
B1351035544136N00908031EA0000001261
B1351105544029N00908026EA0000001262
B1351165543931N00908022EA0000001262
B1351215543846N00908017EA0000001250
B1351315543655N00908012EA0000001229
B1351375543535N00908012EA0000001213
B1351465543350N00908028EA0000001203
B1351515543250N00908041EA0000001203
B1351595543090N00908060EA0000001188
B1352045542993N00908079EA0000001187
B1352095542898N00908102EA0000001180
B1352145542805N00908133EA0000001174
B1352205542699N00908175EA0000001173
B1352265542600N00908216EA0000001182
B1352335542493N00908258EA0000001196
B1352385542416N00908277EA0000001204
B1352445542323N00908291EA0000001209
B1352495542245N00908285EA0000001203
B1352555542154N00908206EA0000001193
B1353005542078N00908107EA0000001172
B1353075541955N00907939EA0000001145
B1353125541861N00907809EA0000001126
B1353175541765N00907673EA0000001116
B1353225541669N00907537EA0000001109
B1353295541537N00907348EA0000001100
B1353365541402N00907179EA0000001093
B1353415541312N00907042EA0000001090
B1353475541208N00906882EA0000001089
B1353535541105N00906728EA0000001084
B1353585541016N00906609EA0000001078
B1354035540921N00906502EA0000001074
B1354085540831N00906393EA0000001078
B1354145540729N00906267EA0000001078
B1354205540634N00906166EA0000001089
B1354275540512N00906089EA0000001072
B1354325540416N00906049EA0000001075
B1354385540304N00906010EA0000001088
B1354435540215N00905989EA0000001089
B1354485540123N00905963EA0000001080
B1354535540025N00905933EA0000001064
B1354595539897N00905902EA0000001044
B1355055539770N00905870EA0000001045
B1355105539667N00905844EA0000001040
B1355165539544N00905813EA0000001036
B1355215539446N00905793EA0000001039
B1355265539349N00905780EA0000001030
B1355315539252N00905764EA0000001015
B1355405539080N00905727EA0000001009
B1355465538977N00905714EA0000001008
B1355515538904N00905767EA0000001011
B1355565538847N00905836EA0000001018
B1356035538781N00905955EA0000001018
B1356085538746N00906048EA0000001031
B1356135538714N00906141EA0000001030
B1356195538669N00906264EA0000001053
B1356245538642N00906367EA0000001049
B1356305538675N00906527EA0000001048
B1356355538758N00906557EA0000001045
B1356405538834N00906462EA0000001039
B1356465538886N00906282EA0000001025
B1356515538921N00906113EA0000001002
B1356585538966N00905856EA0000000984
B1357045539001N00905632EA0000000976
B1357105539037N00905413EA0000000967
B1357155539065N00905226EA0000000959
B1357225539092N00904963EA0000000966
B1357315539129N00904627EA0000000962
B1357365539151N00904445EA0000000969
B1357415539175N00904272EA0000000982
B1357465539205N00904104EA0000000998
B1357515539172N00903956EA0000001009
B1357585539090N00904017EA0000001022
B1358045539157N00904094EA0000001042
B1358115539221N00903917EA0000001067
B1358165539175N00903791EA0000001072
B1358215539097N00903791EA0000001077
B1358295539083N00903956EA0000001108
B1358345539151N00903980EA0000001120
B1358405539228N00903862EA0000001137
B1358455539225N00903702EA0000001144
B1358525539128N00903610EA0000001159
B1358595539088N00903744EA0000001172
B1359045539149N00903803EA0000001181
B1359095539228N00903718EA0000001194
B1359155539223N00903522EA0000001208
B1359205539150N00903443EA0000001216
B1359255539084N00903498EA0000001226
B1359325539105N00903638EA0000001238
B1359375539184N00903628EA0000001262
B1359445539230N00903443EA0000001278
B1359495539179N00903320EA0000001282
B1359555539092N00903339EA0000001289
B1400035539102N00903499EA0000001299
B1400085539181N00903508EA0000001299
B1400135539254N00903404EA0000001317
B1400205539284N00903179EA0000001335
B1400255539299N00903007EA0000001321
B1400325539334N00902753EA0000001316
B1400385539382N00902536EA0000001299
B1400445539445N00902302EA0000001270
B1400505539503N00902048EA0000001256
B1400565539511N00901786EA0000001256
B1401015539479N00901580EA0000001245
B1401075539428N00901336EA0000001229
B1401135539376N00901082EA0000001214
B1401195539348N00900812EA0000001206
B1401245539342N00900578EA0000001195
B1401305539334N00900293EA0000001185
B1401375539328N00859962EA0000001176
B1401425539349N00859728EA0000001168
B1401495539425N00859417EA0000001159
B1401565539499N00859120EA0000001160
B1402035539574N00858822EA0000001145
B1402125539663N00858420EA0000001127
B1402175539709N00858194EA0000001124
B1402225539759N00857976EA0000001116
B1402275539811N00857748EA0000001099
B1402325539866N00857523EA0000001100
B1402375539918N00857319EA0000001113
B1402425539968N00857135EA0000001111
B1402485540025N00856912EA0000001110
B1402535540066N00856727EA0000001115
B1402595540105N00856507EA0000001120
B1403045540137N00856319EA0000001113
B1403125540195N00856003EA0000001120
B1403175540230N00855805EA0000001120
B1403225540265N00855597EA0000001096
B1403285540308N00855328EA0000001081
B1403365540369N00854970EA0000001074
B1403415540403N00854755EA0000001072
B1403465540431N00854541EA0000001054
B1403535540464N00854221EA0000001043
B1403585540484N00853983EA0000001037
B1404055540499N00853649EA0000001032
B1404125540509N00853319EA0000001018
B1404185540518N00853028EA0000001005
B1404235540527N00852787EA0000001009
B1404285540531N00852555EA0000001004
B1404375540526N00852142EA0000001001
B1404425540519N00851921EA0000001006
B1404475540509N00851703EA0000001002
B1404565540485N00851317EA0000001000
B1405015540466N00851114EA0000001018
B1405065540447N00850923EA0000001052
B1405115540432N00850768EA0000001086
B1405165540416N00850609EA0000001074
B1405215540441N00850416EA0000001071
B1405265540491N00850237EA0000001093
B1405325540539N00850028EA0000001101
B1405375540486N00849893EA0000001085
B1405425540403N00849916EA0000001080
B1405495540330N00850054EA0000001070
B1405545540379N00850166EA0000001074
B1405595540480N00850128EA0000001090
B1406045540573N00850039EA0000001115
B1406095540655N00849959EA0000001134
B1406145540729N00849837EA0000001126
B1406205540792N00849636EA0000001133
B1406275540843N00849387EA0000001144
B1406335540887N00849186EA0000001170
B1406445540950N00848838EA0000001181
B1406495540975N00848670EA0000001172
B1406545541012N00848497EA0000001158
B1407005541076N00848282EA0000001140
B1407085541172N00847979EA0000001123
B1407165541271N00847676EA0000001120
B1407215541330N00847498EA0000001150
B1407265541382N00847360EA0000001181
B1407325541445N00847192EA0000001182
B1407385541506N00847012EA0000001204
B1407435541546N00846865EA0000001216
B1407485541583N00846718EA0000001211
B1407575541679N00846420EA0000001189
B1408045541756N00846174EA0000001201
B1408115541826N00845918EA0000001197
B1408185541895N00845657EA0000001205
B1408245541942N00845438EA0000001214
B1408305541993N00845229EA0000001246
B1408355542043N00845091EA0000001253
B1408405542099N00844940EA0000001234
B1408455542158N00844771EA0000001220
B1408525542233N00844519EA0000001230
B1408575542277N00844350EA0000001233
B1409035542324N00844138EA0000001223
B1409095542369N00843909EA0000001208
B1409145542400N00843700EA0000001192
B1409195542413N00843475EA0000001182
B1409245542434N00843246EA0000001182
B1409295542473N00843033EA0000001200
B1409355542525N00842818EA0000001218
B1409405542572N00842644EA0000001215
B1409475542643N00842388EA0000001203
B1409545542719N00842128EA0000001203
B1409595542771N00841944EA0000001221
B1410045542815N00841780EA0000001237
B1410095542866N00841623EA0000001238
B1410155542932N00841436EA0000001251
B1410215542993N00841249EA0000001262
B1410285543041N00841019EA0000001261
B1410335543084N00840845EA0000001248
B1410405543146N00840578EA0000001227
B1410465543199N00840332EA0000001218
B1410525543250N00840078EA0000001227
B1410575543287N00839892EA0000001269
B1411025543316N00839742EA0000001279
B1411085543351N00839545EA0000001260
B1411135543378N00839371EA0000001258
B1411205543416N00839136EA0000001276
B1411255543445N00838974EA0000001281
B1411305543476N00838810EA0000001290
B1411385543523N00838527EA0000001292
B1411465543577N00838249EA0000001315
B1411515543604N00838087EA0000001331
B1411585543626N00837876EA0000001336
B1412055543629N00837640EA0000001312
B1412105543628N00837447EA0000001307
B1412175543634N00837154EA0000001283
B1412225543635N00836938EA0000001276
B1412305543636N00836589EA0000001259
B1412385543644N00836229EA0000001238
B1412445543654N00835953EA0000001227
B1412505543661N00835671EA0000001203
B1412585543670N00835280EA0000001217
B1413055543684N00835021EA0000001260
B1413105543695N00834849EA0000001259
B1413155543708N00834669EA0000001255
B1413215543725N00834451EA0000001256
B1413295543747N00834161EA0000001252
B1413375543775N00833863EA0000001256
B1413425543789N00833687EA0000001269
B1413495543809N00833449EA0000001268
B1413555543835N00833234EA0000001267
B1414015543854N00833013EA0000001275
B1414065543858N00832830EA0000001293
B1414125543861N00832620EA0000001312
B1414195543862N00832373EA0000001320
B1414245543811N00832260EA0000001325
B1414315543740N00832362EA0000001327
B1414365543770N00832476EA0000001329
B1414415543852N00832517EA0000001329
B1414475543962N00832445EA0000001341
B1414545544081N00832342EA0000001352
B1415005544179N00832243EA0000001361
B1415055544243N00832117EA0000001371
B1415105544272N00831957EA0000001378
B1415155544240N00831811EA0000001385
B1415275544125N00831894EA0000001409
B1415325544166N00832003EA0000001419
B1415375544254N00832036EA0000001429
B1415425544343N00831975EA0000001446
B1415485544409N00831806EA0000001454
B1415545544400N00831614EA0000001467
B1415595544340N00831517EA0000001476
B1416115544246N00831657EA0000001504
B1416185544331N00831771EA0000001520
B1416235544421N00831714EA0000001527
B1416295544476N00831512EA0000001526
B1416345544507N00831315EA0000001521
B1416395544535N00831106EA0000001524
B1416445544558N00830888EA0000001518
B1416505544561N00830617EA0000001512
B1416595544538N00830175EA0000001478
B1417055544523N00829864EA0000001469
B1417115544506N00829559EA0000001469
B1417175544498N00829245EA0000001463
B1417275544497N00828798EA0000001515
B1417325544508N00828592EA0000001488
B1417385544534N00828318EA0000001483
B1417475544567N00827901EA0000001471
B1417535544593N00827614EA0000001458
B1417595544622N00827319EA0000001447
B1418095544679N00826831EA0000001437
B1418175544732N00826436EA0000001420
B1418265544775N00825974EA0000001411
B1418325544816N00825669EA0000001398
B1418375544866N00825435EA0000001426
B1418435544930N00825199EA0000001440
B1418505545009N00824937EA0000001433
B1418555545066N00824749EA0000001432
B1419015545112N00824510EA0000001438
B1419085545136N00824237EA0000001449
B1419135545152N00824040EA0000001440
B1419195545171N00823796EA0000001431
B1419255545187N00823538EA0000001414
B1419315545206N00823257EA0000001395
B1419415545231N00822772EA0000001384
B1419495545254N00822394EA0000001374
B1419545545262N00822164EA0000001381
B1420005545274N00821908EA0000001396
B1420065545287N00821684EA0000001398
B1420115545294N00821490EA0000001383
B1420175545303N00821244EA0000001380
B1420245545312N00820973EA0000001389
B1420295545328N00820786EA0000001387
B1420365545372N00820517EA0000001365
B1420415545421N00820316EA0000001349
B1420465545471N00820115EA0000001344
B1420525545536N00819881EA0000001337
B1421015545628N00819532EA0000001328
B1421095545719N00819218EA0000001306
B1421165545804N00818918EA0000001276
B1421245545906N00818553EA0000001267
B1421335546014N00818159EA0000001275
B1421425546117N00817779EA0000001257
B1421485546190N00817515EA0000001245
B1421585546302N00817079EA0000001244
B1422065546388N00816761EA0000001250
B1422125546460N00816558EA0000001268
B1422225546578N00816244EA0000001287
B1422275546642N00816095EA0000001293
B1422335546718N00815910EA0000001293
B1422415546818N00815649EA0000001302
B1422465546878N00815479EA0000001308
B1422525546949N00815290EA0000001339
B1422595547017N00815083EA0000001357
B1423055547021N00814885EA0000001364
B1423115546962N00814741EA0000001374
B1423185546879N00814740EA0000001381
B1423265546870N00814889EA0000001384
B1423325546949N00814969EA0000001385
B1423375547041N00814949EA0000001395
B1423445547158N00814817EA0000001413
B1423505547233N00814647EA0000001424
B1423565547273N00814443EA0000001434
B1424015547272N00814270EA0000001434
B1424075547227N00814102EA0000001444
B1424125547167N00814030EA0000001448
B1424195547085N00814049EA0000001451
B1424255547061N00814150EA0000001455
B1424305547092N00814246EA0000001456
B1424355547166N00814290EA0000001463
B1424405547254N00814242EA0000001470
B1424475547352N00814064EA0000001482
B1424535547396N00813865EA0000001486
B1424585547391N00813696EA0000001489
B1425035547355N00813562EA0000001487
B1425085547300N00813450EA0000001470
B1425175547175N00813297EA0000001453
B1425245547067N00813185EA0000001430
B1425315546947N00813055EA0000001419
B1425385546823N00812918EA0000001405
B1425455546694N00812785EA0000001395
B1425505546602N00812704EA0000001396
B1425555546512N00812636EA0000001396
B1426045546374N00812438EA0000001402
B1426095546312N00812284EA0000001397
B1426175546213N00812027EA0000001397
B1426235546131N00811855EA0000001401
B1426295546039N00811708EA0000001398
B1426385545892N00811539EA0000001383
B1426435545809N00811443EA0000001372
B1426525545650N00811280EA0000001350
B1426595545513N00811158EA0000001326
B1427045545409N00811062EA0000001319
B1427135545224N00810880EA0000001311
B1427205545078N00810734EA0000001298
B1427275544932N00810590EA0000001292
B1427365544746N00810408EA0000001290
B1427435544624N00810271EA0000001322
B1427515544515N00810126EA0000001333
B1427585544416N00810019EA0000001338
B1428035544346N00809965EA0000001337
B1428135544197N00809921EA0000001325
B1428195544111N00809933EA0000001315
B1428285543981N00810017EA0000001291
B1428375543853N00810108EA0000001283
B1428465543746N00810224EA0000001282
B1428525543681N00810320EA0000001274
B1429055543548N00810517EA0000001275
B1429145543455N00810627EA0000001272
B1429195543394N00810663EA0000001272
B1429255543306N00810655EA0000001274
B1429345543191N00810715EA0000001272
B1429425543096N00810780EA0000001272
B1429485543012N00810795EA0000001263
B1429565542877N00810764EA0000001237
B1430055542699N00810677EA0000001213
B1430145542519N00810550EA0000001218
B1430225542364N00810422EA0000001219
B1430295542235N00810317EA0000001229
B1430375542092N00810197EA0000001214
B1430425541996N00810118EA0000001195
B1430495541853N00810027EA0000001183
B1430565541712N00809976EA0000001175
B1431045541539N00809913EA0000001137
B1431115541393N00809844EA0000001161
B1431195541265N00809706EA0000001182
B1431255541183N00809580EA0000001183
B1431325541084N00809445EA0000001171
B1431405540955N00809359EA0000001165
B1431465540863N00809336EA0000001174
B1431515540790N00809316EA0000001179
B1431565540718N00809291EA0000001181
B1432045540618N00809335EA0000001169
B1432135540631N00809521EA0000001169
B1432185540694N00809603EA0000001160
B1432245540780N00809696EA0000001150
B1432295540852N00809772EA0000001147
B1432385540979N00809903EA0000001134
B1432445541077N00809993EA0000001112
B1432505541180N00810093EA0000001096
B1433015541368N00810284EA0000001107
B1433075541461N00810374EA0000001117
B1433135541553N00810461EA0000001101
B1433235541710N00810623EA0000001068
B1433295541815N00810746EA0000001041
B1433385541973N00810947EA0000001025
B1433445542068N00811098EA0000001018
B1433525542188N00811297EA0000001018
B1433585542275N00811445EA0000001014
B1434055542380N00811612EA0000001019
B1434135542495N00811791EA0000001015
B1434185542567N00811900EA0000001017
B1434235542631N00812002EA0000001053
B1434285542680N00812090EA0000001065
B1434365542797N00812158EA0000001067
B1434425542839N00811957EA0000001073
B1434475542784N00811830EA0000001087
B1434555542688N00811858EA0000001105
B1435005542690N00811966EA0000001109
B1435055542751N00812032EA0000001121
B1435115542851N00811972EA0000001132
B1435165542903N00811825EA0000001137
B1435215542898N00811659EA0000001143
B1435265542846N00811547EA0000001151
B1435355542741N00811575EA0000001163
B1435425542753N00811712EA0000001176
B1435475542817N00811757EA0000001180
B1435585542971N00811565EA0000001193
B1436035542974N00811399EA0000001195
B1436095542915N00811264EA0000001203
B1436205542817N00811377EA0000001211
B1436255542857N00811456EA0000001214
B1436305542939N00811457EA0000001211
B1436355543017N00811350EA0000001214
B1436405543059N00811184EA0000001217
B1436455543051N00811013EA0000001225
B1436505542999N00810888EA0000001226
B1437015542875N00810928EA0000001241
B1437065542885N00811030EA0000001242
B1437125542944N00811112EA0000001253
B1437175543019N00811118EA0000001248
B1437225543104N00811044EA0000001245
B1437275543156N00810899EA0000001258
B1437335543148N00810709EA0000001255
B1437515542966N00810688EA0000001265
B1437565542982N00810790EA0000001261
B1438025543041N00810900EA0000001249
B1438075543105N00810987EA0000001243
B1438175543265N00811151EA0000001238
B1438225543357N00811205EA0000001242
B1438315543531N00811288EA0000001233
B1438365543631N00811329EA0000001231
B1438415543730N00811375EA0000001220
B1438535543993N00811496EA0000001190
B1438595544122N00811571EA0000001189
B1439045544225N00811642EA0000001187
B1439145544437N00811761EA0000001175
B1439195544548N00811802EA0000001177
B1439255544677N00811846EA0000001180
B1439335544843N00811905EA0000001175
B1439405544988N00811956EA0000001173
B1439465545116N00811997EA0000001164
B1439535545258N00812044EA0000001176
B1440005545390N00812106EA0000001184
B1440135545598N00812267EA0000001182
B1440195545700N00812346EA0000001181
B1440325545930N00812511EA0000001173
B1440425546099N00812657EA0000001179
B1440525546282N00812789EA0000001174
B1441025546464N00812904EA0000001176
B1441085546578N00812958EA0000001169
B1441165546735N00813038EA0000001165
B1441235546874N00813127EA0000001164
B1441345547081N00813288EA0000001163
B1441455547275N00813495EA0000001150
B1441525547389N00813647EA0000001144
B1441595547496N00813818EA0000001132
B1442045547564N00813953EA0000001133
B1442095547626N00814093EA0000001140
B1442165547701N00814283EA0000001152
B1442275547784N00814557EA0000001166
B1442375547831N00814803EA0000001152
B1442485547841N00815113EA0000001142
B1442545547838N00815284EA0000001138
B1442595547833N00815421EA0000001145
B1443055547823N00815582EA0000001133
B1443135547802N00815813EA0000001127
B1443185547787N00815945EA0000001132
B1443265547752N00816168EA0000001100
B1443325547713N00816351EA0000001090
B1443405547672N00816594EA0000001115
B1443485547641N00816800EA0000001134
B1443565547604N00816996EA0000001144
B1444015547584N00817107EA0000001155
B1444075547555N00817240EA0000001147
B1444165547511N00817454EA0000001160
B1444265547471N00817697EA0000001173
B1444365547438N00817933EA0000001190
B1444415547418N00818042EA0000001201
B1444515547369N00818250EA0000001185
B1445015547311N00818467EA0000001189
B1445095547282N00818654EA0000001200
B1445175547245N00818814EA0000001204
B1445225547224N00818926EA0000001197
B1445275547208N00819047EA0000001204
B1445325547191N00819161EA0000001217
B1445415547155N00819364EA0000001223
B1445525547112N00819629EA0000001240
B1445585547096N00819767EA0000001260
B1446075547154N00819945EA0000001261
B1446125547238N00819888EA0000001266
B1446175547257N00819733EA0000001264
B1446235547199N00819591EA0000001258
B1446295547113N00819568EA0000001268
B1446375547013N00819617EA0000001284
B1446445546934N00819694EA0000001277
B1446525546865N00819858EA0000001259
B1447015546815N00820085EA0000001277
B1447065546782N00820197EA0000001284
B1447125546751N00820339EA0000001288
B1447195546732N00820512EA0000001294
B1447255546721N00820660EA0000001295
B1447315546711N00820804EA0000001306
B1447375546707N00820948EA0000001306
B1447505546704N00821259EA0000001309
B1447575546690N00821436EA0000001280
B1448055546668N00821670EA0000001281
B1448125546654N00821872EA0000001282
B1448185546642N00822065EA0000001284
B1448245546632N00822256EA0000001309
B1448345546707N00822511EA0000001305
B1448395546814N00822469EA0000001312
B1448455546858N00822278EA0000001325
B1448505546830N00822130EA0000001319
B1448575546736N00821998EA0000001329
B1449035546646N00822000EA0000001346
B1449085546590N00822060EA0000001351
B1449145546560N00822189EA0000001355
B1449245546600N00822425EA0000001349
B1449325546605N00822654EA0000001306
B1449375546594N00822825EA0000001288
B1449465546573N00823154EA0000001267
B1449515546558N00823339EA0000001271
B1449565546551N00823511EA0000001283
B1450015546556N00823680EA0000001275
B1450065546559N00823859EA0000001255
B1450155546555N00824200EA0000001238
B1450215546542N00824436EA0000001233
B1450345546508N00824933EA0000001218
B1450395546488N00825118EA0000001215
B1450465546458N00825373EA0000001219
B1450515546441N00825547EA0000001253
B1450565546431N00825680EA0000001277
B1451015546419N00825809EA0000001279
B1451065546406N00825938EA0000001274
B1451115546393N00826071EA0000001267
B1451175546375N00826240EA0000001263
B1451225546358N00826383EA0000001257
B1451305546324N00826619EA0000001258
B1451375546296N00826833EA0000001270
B1451425546278N00826968EA0000001286
B1451535546231N00827241EA0000001297
B1452015546192N00827435EA0000001308
B1452065546173N00827558EA0000001313
B1452125546147N00827700EA0000001339
B1452185546118N00827837EA0000001342
B1452255546087N00828012EA0000001337
B1452305546064N00828145EA0000001333
B1452355546036N00828287EA0000001326
B1452405546007N00828435EA0000001328
B1452495545956N00828706EA0000001337
B1452555545918N00828882EA0000001339
B1453015545879N00829055EA0000001334
B1453065545850N00829199EA0000001325
B1453115545823N00829351EA0000001320
B1453185545780N00829554EA0000001322
B1453245545741N00829725EA0000001327
B1453325545690N00829944EA0000001341
B1453385545655N00830110EA0000001343
B1453445545617N00830280EA0000001349
B1453505545577N00830443EA0000001370
B1453565545540N00830595EA0000001378
B1454035545492N00830779EA0000001389
B1454115545440N00830993EA0000001392
B1454165545407N00831128EA0000001388
B1454225545371N00831290EA0000001392
B1454305545321N00831506EA0000001396
B1454365545283N00831676EA0000001392
B1454415545252N00831820EA0000001399
B1454465545221N00831961EA0000001404
B1454565545155N00832240EA0000001404
B1455035545108N00832436EA0000001401
B1455095545068N00832611EA0000001403
B1455145545036N00832757EA0000001407
B1455195545004N00832904EA0000001408
B1455275544955N00833144EA0000001424
B1455345544911N00833351EA0000001435
B1455405544877N00833532EA0000001442
B1455485544826N00833771EA0000001437
B1455545544782N00833951EA0000001433
B1456055544712N00834281EA0000001458
B1456105544687N00834428EA0000001473
B1456155544663N00834578EA0000001476
B1456215544630N00834763EA0000001478
B1456335544557N00835130EA0000001471
B1456395544517N00835314EA0000001465
B1456445544480N00835470EA0000001456
B1456525544415N00835713EA0000001453
B1457005544349N00835931EA0000001455
B1457055544307N00836064EA0000001441
B1457145544231N00836336EA0000001424
B1457195544196N00836497EA0000001420
B1457245544159N00836663EA0000001411
B1457315544099N00836905EA0000001402
B1457365544054N00837078EA0000001399
B1457425544007N00837280EA0000001404
B1457505543945N00837521EA0000001420
B1457565543902N00837695EA0000001433
B1458015543869N00837831EA0000001446
B1458095543819N00838046EA0000001442
B1458145543788N00838186EA0000001440
B1458195543757N00838334EA0000001431
B1458255543714N00838513EA0000001431
B1458325543667N00838718EA0000001421
B1458385543625N00838904EA0000001403
B1458445543581N00839099EA0000001394
B1458515543529N00839339EA0000001381
B1458585543474N00839578EA0000001378
B1459045543431N00839778EA0000001387
B1459095543399N00839945EA0000001388
B1459165543358N00840172EA0000001378
B1459235543304N00840392EA0000001385
B1459285543264N00840535EA0000001404
B1459345543223N00840670EA0000001432
B1459395543192N00840778EA0000001428
B1459485543126N00840969EA0000001429
B1459565543059N00841125EA0000001440
B1500055542992N00841311EA0000001455
B1500105542964N00841426EA0000001462
B1500155542945N00841547EA0000001472
B1500215542933N00841685EA0000001479
B1500265542921N00841801EA0000001484
B1500325542902N00841943EA0000001491
B1500395542895N00842133EA0000001492
B1500445542892N00842269EA0000001499
B1500505542886N00842434EA0000001498
B1501005542883N00842732EA0000001501
B1501075542897N00842916EA0000001517
B1501125542917N00843043EA0000001518
B1501175542938N00843166EA0000001527
B1501235542966N00843316EA0000001527
B1501285542992N00843444EA0000001529
B1501345543023N00843597EA0000001527
B1501425543060N00843811EA0000001509
B1501485543107N00843970EA0000001494
B1501565543206N00844181EA0000001460
B1502015543258N00844336EA0000001448
B1502065543306N00844494EA0000001443
B1502125543348N00844690EA0000001438
B1502195543399N00844918EA0000001426
B1502275543456N00845182EA0000001407
B1502345543499N00845416EA0000001398
B1502415543544N00845638EA0000001396
B1502465543586N00845784EA0000001396
B1502525543631N00845960EA0000001395
B1502575543670N00846106EA0000001388
B1503025543706N00846254EA0000001390
B1503075543723N00846395EA0000001401
B1503165543738N00846645EA0000001396
B1503225543767N00846815EA0000001392
B1503275543801N00846965EA0000001377
B1503335543850N00847151EA0000001370
B1503405543921N00847365EA0000001357
B1503465543984N00847553EA0000001349
B1503565544084N00847871EA0000001338
B1504015544128N00848035EA0000001335
B1504085544191N00848264EA0000001327
B1504155544262N00848482EA0000001327
B1504215544336N00848650EA0000001323
B1504275544415N00848806EA0000001322
B1504355544528N00849006EA0000001311
B1504405544598N00849128EA0000001302
B1504455544669N00849255EA0000001288
B1504505544742N00849386EA0000001280
B1504575544845N00849560EA0000001273
B1505025544913N00849682EA0000001276
B1505075544976N00849799EA0000001272
B1505125545045N00849914EA0000001259
B1505175545117N00850035EA0000001249
B1505235545196N00850193EA0000001239
B1505295545281N00850349EA0000001226
B1505345545352N00850484EA0000001215
B1505405545438N00850661EA0000001186
B1505465545520N00850860EA0000001175
B1505515545581N00851018EA0000001184
B1505565545638N00851165EA0000001181
B1506015545701N00851307EA0000001168
B1506065545777N00851436EA0000001165
B1506115545857N00851555EA0000001162
B1506165545933N00851673EA0000001153
B1506215546013N00851789EA0000001145
B1506275546114N00851922EA0000001134
B1506325546195N00852034EA0000001134
B1506385546289N00852167EA0000001141
B1506435546368N00852286EA0000001136
B1506495546463N00852441EA0000001134
B1506555546554N00852583EA0000001152
B1507015546629N00852698EA0000001166
B1507065546689N00852791EA0000001156
B1507115546747N00852893EA0000001155
B1507175546800N00853029EA0000001168
B1507225546835N00853131EA0000001177
B1507285546870N00853264EA0000001167
B1507355546898N00853434EA0000001168
B1507405546928N00853548EA0000001167
B1507455546980N00853650EA0000001168
B1507515547058N00853755EA0000001164
B1507575547137N00853862EA0000001152
B1508045547233N00854002EA0000001128
B1508105547305N00854148EA0000001129
B1508155547367N00854271EA0000001122
B1508205547434N00854392EA0000001111
B1508285547553N00854583EA0000001094
B1508345547643N00854727EA0000001088
B1508395547718N00854852EA0000001079
B1508465547827N00855018EA0000001087
B1508525547919N00855151EA0000001084
B1508575547991N00855268EA0000001078
B1509025548063N00855385EA0000001075
B1509095548168N00855539EA0000001073
B1509145548242N00855645EA0000001071
B1509215548344N00855792EA0000001062
B1509275548436N00855919EA0000001053
B1509325548514N00856033EA0000001044
B1509405548643N00856207EA0000001041
B1509475548756N00856354EA0000001024
B1509565548894N00856565EA0000001017
B1510015548973N00856670EA0000001010
B1510075549071N00856795EA0000001000
B1510125549146N00856907EA0000000994
B1510185549234N00857050EA0000000979
B1510235549308N00857175EA0000000971
B1510315549429N00857367EA0000000969
B1510405549578N00857566EA0000000952
B1510475549702N00857715EA0000000944
B1510525549788N00857822EA0000000940
B1510595549899N00857984EA0000000931
B1511055549993N00858126EA0000000924
B1511105550070N00858239EA0000000919
B1511155550145N00858355EA0000000911
B1511215550231N00858496EA0000000918
B1511265550314N00858552EA0000000927
B1511355550452N00858658EA0000000929
B1511425550554N00858762EA0000000936
B1511505550665N00858896EA0000000949
B1511555550727N00858984EA0000000951
B1512015550804N00859097EA0000000955
B1512085550878N00859229EA0000000966
B1512135550919N00859329EA0000000971
B1512185550997N00859382EA0000000959
B1512235551075N00859264EA0000000965
B1512285551066N00859094EA0000000977
B1512335551002N00859020EA0000000994
B1512385550946N00859039EA0000000999
B1512445550929N00859160EA0000000999
B1512495550977N00859251EA0000001007
B1512545551065N00859241EA0000001007
B1513005551139N00859076EA0000001009
B1513055551138N00858906EA0000001015
B1513105551090N00858786EA0000001027
B1513155551027N00858763EA0000001030
B1513215550968N00858837EA0000001025
B1513275550922N00858946EA0000001027
B1513325550904N00859051EA0000001033
B1513375550915N00859164EA0000001036
B1513425550949N00859273EA0000001044
B1513495551019N00859403EA0000001059
B1513545551091N00859453EA0000001058
B1513595551180N00859389EA0000001044
B1514045551230N00859226EA0000001043
B1514095551213N00859067EA0000001030
B1514145551151N00858949EA0000001028
B1514195551082N00858875EA0000001045
B1514265550986N00858855EA0000001054
B1514335550908N00858924EA0000001060
B1514385550872N00859010EA0000001066
B1514445550856N00859140EA0000001070
B1514495550868N00859259EA0000001078
B1514545550914N00859359EA0000001087
B1514595550994N00859381EA0000001091
B1515045551071N00859302EA0000001095
B1515095551108N00859150EA0000001089
B1515145551090N00858994EA0000001097
B1515205551015N00858903EA0000001100
B1515255550943N00858903EA0000001116
B1515315550879N00858957EA0000001130
B1515365550849N00859047EA0000001129
B1515415550861N00859155EA0000001133
B1515475550934N00859226EA0000001143
B1515525551015N00859195EA0000001146
B1515595551108N00859047EA0000001150
B1516045551142N00858902EA0000001152
B1516095551135N00858747EA0000001150
B1516145551085N00858627EA0000001158
B1516195551016N00858582EA0000001167
B1516245550954N00858613EA0000001172
B1516295550925N00858700EA0000001177
B1516345550940N00858800EA0000001178
B1516395550994N00858872EA0000001180
B1516465551100N00858911EA0000001182
B1516525551196N00858936EA0000001184
B1516575551282N00858932EA0000001174
B1517045551416N00858951EA0000001129
B1517095551519N00858981EA0000001134
B1517145551603N00859003EA0000001153
B1517225551737N00859040EA0000001119
B1517275551835N00859076EA0000001104
B1517335551962N00859116EA0000001084
B1517395552092N00859162EA0000001068
B1517445552201N00859197EA0000001070
B1517515552352N00859247EA0000001077
B1517575552479N00859296EA0000001095
B1518035552591N00859333EA0000001129
B1518085552674N00859350EA0000001125
B1518135552771N00859368EA0000001095
B1518185552881N00859396EA0000001079
B1518255553035N00859432EA0000001070
B1518315553170N00859456EA0000001059
B1518365553281N00859480EA0000001053
B1518435553429N00859525EA0000001052
B1518495553548N00859570EA0000001047
B1518585553728N00859655EA0000001022
B1519065553887N00859750EA0000001019
B1519125554004N00859826EA0000001020
B1519205554160N00859910EA0000001044
B1519265554262N00859961EA0000001077
B1519325554360N00859891EA0000001083
B1519375554382N00859715EA0000001087
B1519425554327N00859585EA0000001093
B1519475554248N00859578EA0000001094
B1519535554194N00859684EA0000001114
B1519585554214N00859793EA0000001118
B1520035554291N00859855EA0000001123
B1520095554394N00859794EA0000001147
B1520145554437N00859637EA0000001148
B1520195554409N00859467EA0000001152
B1520245554333N00859398EA0000001160
B1520295554264N00859435EA0000001172
B1520345554238N00859532EA0000001185
B1520395554265N00859640EA0000001187
B1520445554332N00859704EA0000001196
B1520495554419N00859675EA0000001201
B1520545554491N00859555EA0000001210
B1520595554515N00859385EA0000001224
B1521045554487N00859231EA0000001230
B1521095554426N00859131EA0000001235
B1521145554348N00859096EA0000001234
B1521195554279N00859138EA0000001249
B1521245554253N00859232EA0000001263
B1521295554276N00859340EA0000001267
B1521345554339N00859416EA0000001275
B1521395554424N00859423EA0000001281
B1521445554510N00859355EA0000001284
B1521495554564N00859200EA0000001291
B1521545554552N00859023EA0000001306
B1521595554491N00858918EA0000001315
B1522045554414N00858909EA0000001317
B1522095554355N00858981EA0000001333
B1522155554348N00859108EA0000001345
B1522205554400N00859195EA0000001346
B1522255554486N00859206EA0000001349
B1522305554568N00859120EA0000001352
B1522355554612N00858957EA0000001359
B1522405554585N00858792EA0000001372
B1522475554486N00858738EA0000001385
B1522525554446N00858832EA0000001391
B1522575554473N00858946EA0000001401
B1523025554550N00858992EA0000001411
B1523075554635N00858939EA0000001414
B1523125554697N00858799EA0000001419
B1523175554714N00858626EA0000001433
B1523225554683N00858475EA0000001436
B1523275554612N00858402EA0000001430
B1523325554546N00858455EA0000001444
B1523375554546N00858568EA0000001452
B1523425554617N00858643EA0000001450
B1523475554713N00858618EA0000001462
B1523525554789N00858492EA0000001469
B1523575554817N00858313EA0000001470
B1524025554785N00858142EA0000001466
B1524075554714N00858034EA0000001465
B1524125554632N00858006EA0000001471
B1524175554560N00858060EA0000001475
B1524225554526N00858178EA0000001478
B1524275554547N00858308EA0000001487
B1524325554616N00858396EA0000001497
B1524385554726N00858411EA0000001508
B1524435554816N00858343EA0000001504
B1524485554891N00858195EA0000001500
B1524535554921N00858014EA0000001517
B1524585554903N00857847EA0000001514
B1525035554842N00857724EA0000001498
B1525095554743N00857684EA0000001504
B1525145554684N00857750EA0000001518
B1525195554666N00857870EA0000001524
B1525245554685N00857993EA0000001537
B1525305554754N00858093EA0000001545
B1525355554838N00858120EA0000001543
B1525405554931N00858076EA0000001545
B1525455555000N00857948EA0000001543
B1525505555018N00857771EA0000001539
B1525555554975N00857619EA0000001540
B1526005554896N00857560EA0000001544
B1526055554828N00857606EA0000001555
B1526105554805N00857713EA0000001556
B1526155554827N00857833EA0000001560
B1526235554932N00857967EA0000001559
B1526295555046N00858043EA0000001508
B1526345555169N00858115EA0000001463
B1526405555338N00858202EA0000001435
B1526455555481N00858285EA0000001428
B1526505555621N00858375EA0000001426
B1526595555874N00858537EA0000001401
B1527045556013N00858630EA0000001394
B1527095556152N00858718EA0000001389
B1527145556289N00858807EA0000001382
B1527195556424N00858886EA0000001383
B1527245556554N00858954EA0000001383
B1527315556733N00859046EA0000001375
B1527365556857N00859119EA0000001367
B1527415556985N00859186EA0000001364
B1527465557110N00859245EA0000001368
B1527515557238N00859310EA0000001360
B1527565557367N00859374EA0000001352
B1528015557495N00859439EA0000001344
B1528085557672N00859535EA0000001332
B1528165557875N00859647EA0000001318
B1528225558025N00859729EA0000001315
B1528275558148N00859794EA0000001311
B1528335558294N00859870EA0000001294
B1528385558419N00859936EA0000001275
B1528435558546N00900008EA0000001258
B1528515558750N00900132EA0000001241
B1528565558877N00900214EA0000001235
B1529015559002N00900297EA0000001227
B1529065559131N00900383EA0000001221
B1529135559310N00900498EA0000001217
B1529195559460N00900602EA0000001208
B1529255559612N00900694EA0000001199
B1529315559767N00900774EA0000001192
B1529365559891N00900838EA0000001189
B1529415600015N00900897EA0000001176
B1529475600160N00900974EA0000001170
B1529525600276N00901045EA0000001159
B1529575600396N00901113EA0000001153
B1530055600592N00901224EA0000001148
B1530105600713N00901304EA0000001152
B1530155600834N00901386EA0000001145
B1530225601005N00901515EA0000001123
B1530275601129N00901607EA0000001126
B1530365601347N00901759EA0000001114
B1530425601492N00901856EA0000001108
B1530475601612N00901939EA0000001094
B1530525601733N00902027EA0000001085
B1530585601879N00902138EA0000001072
B1531035602000N00902224EA0000001074
B1531115602194N00902339EA0000001066
B1531165602313N00902414EA0000001051
B1531215602432N00902500EA0000001038
B1531265602553N00902592EA0000001030
B1531315602666N00902665EA0000001067
B1531395602844N00902757EA0000001052
B1531445602959N00902821EA0000001050
B1531495603074N00902891EA0000001043
B1531585603288N00903012EA0000001019
B1532045603433N00903093EA0000001012
B1532095603552N00903159EA0000001003
B1532155603697N00903244EA0000000987
B1532215603843N00903332EA0000000983
B1532265603962N00903404EA0000000985
B1532315604080N00903471EA0000000985
B1532365604193N00903535EA0000000985
B1532425604329N00903617EA0000000969
B1532475604447N00903687EA0000000955
B1532535604588N00903779EA0000000941
B1532585604703N00903866EA0000000939
B1533035604817N00903955EA0000000942
B1533115604993N00904107EA0000000947
B1533165605090N00904194EA0000000972
B1533215605168N00904262EA0000001005
B1533265605220N00904339EA0000001017
B1533315605248N00904450EA0000001006
B1533365605307N00904555EA0000001014
B1533415605392N00904601EA0000001027
B1533465605483N00904598EA0000001036
B1533515605572N00904555EA0000001048
B1533565605649N00904457EA0000001058
B1534015605680N00904292EA0000001061
B1534065605638N00904141EA0000001072
B1534115605558N00904113EA0000001080
B1534165605521N00904211EA0000001082
B1534215605562N00904315EA0000001087
B1534265605647N00904328EA0000001098
B1534315605723N00904239EA0000001106
B1534365605754N00904080EA0000001119
B1534415605723N00903936EA0000001133
B1534465605651N00903891EA0000001142
B1534515605595N00903954EA0000001150
B1534565605586N00904057EA0000001152
B1535015605623N00904153EA0000001158
B1535065605700N00904184EA0000001165
B1535115605779N00904123EA0000001177
B1535165605833N00903995EA0000001184
B1535215605835N00903841EA0000001198
B1535265605779N00903739EA0000001206
B1535315605705N00903747EA0000001214
B1535365605670N00903843EA0000001223
B1535415605695N00903947EA0000001223
B1535465605771N00903986EA0000001225
B1535515605851N00903901EA0000001229
B1535565605909N00903759EA0000001240
B1536015605946N00903597EA0000001248
B1536065605950N00903415EA0000001257
B1536115605911N00903263EA0000001273
B1536165605841N00903198EA0000001281
B1536215605773N00903229EA0000001284
B1536265605740N00903326EA0000001294
B1536315605763N00903438EA0000001296
B1536365605826N00903512EA0000001311
B1536415605904N00903516EA0000001324
B1536465605980N00903438EA0000001331
B1536515606031N00903289EA0000001346
B1536565606031N00903122EA0000001359
B1537015605977N00902999EA0000001361
B1537075605883N00902974EA0000001364
B1537125605837N00903061EA0000001375
B1537175605850N00903177EA0000001388
B1537225605914N00903242EA0000001402
B1537275605996N00903208EA0000001412
B1537325606051N00903073EA0000001421
B1537375606051N00902899EA0000001431
B1537425605999N00902766EA0000001438
B1537485605907N00902724EA0000001442
B1537535605850N00902790EA0000001448
B1537585605835N00902904EA0000001456
B1538035605870N00903003EA0000001467
B1538085605944N00903033EA0000001476
B1538135606024N00902967EA0000001484
B1538185606069N00902823EA0000001494
B1538235606057N00902657EA0000001502
B1538285605999N00902539EA0000001508
B1538335605921N00902525EA0000001508
B1538385605874N00902617EA0000001515
B1538435605891N00902730EA0000001529
B1538485605956N00902787EA0000001534
B1538535606043N00902763EA0000001541
B1538585606119N00902665EA0000001554
B1539035606164N00902512EA0000001563
B1539085606163N00902333EA0000001567
B1539135606109N00902202EA0000001572
B1539185606032N00902173EA0000001572
B1539235605975N00902251EA0000001566
B1539285605989N00902375EA0000001576
B1539335606072N00902404EA0000001584
B1539385606153N00902311EA0000001591
B1539435606190N00902143EA0000001593
B1539485606165N00901969EA0000001599
B1539535606099N00901878EA0000001608
B1539585606029N00901905EA0000001600
B1540035605992N00902019EA0000001597
B1540085606020N00902140EA0000001606
B1540135606100N00902180EA0000001613
B1540185606188N00902108EA0000001613
B1540235606248N00901953EA0000001611
B1540285606284N00901766EA0000001607
B1540345606325N00901526EA0000001582
B1540395606364N00901300EA0000001567
B1540445606408N00901069EA0000001570
B1540505606466N00900796EA0000001552
B1540555606518N00900553EA0000001525
B1541015606584N00900251EA0000001514
B1541085606649N00859886EA0000001499
B1541135606695N00859624EA0000001496
B1541185606748N00859366EA0000001486
B1541235606799N00859105EA0000001475
B1541285606859N00858839EA0000001459
B1541335606925N00858566EA0000001454
B1541385606991N00858299EA0000001448
B1541435607062N00858039EA0000001426
B1541485607140N00857773EA0000001407
B1541535607214N00857502EA0000001409
B1541595607280N00857182EA0000001427
B1542045607332N00856926EA0000001414
B1542105607413N00856613EA0000001387
B1542155607484N00856346EA0000001375
B1542215607569N00856028EA0000001366
B1542265607639N00855765EA0000001360
B1542315607714N00855511EA0000001354
B1542365607797N00855272EA0000001348
B1542415607887N00855048EA0000001337
B1542475608002N00854786EA0000001312
B1542525608087N00854540EA0000001294
B1542585608159N00854218EA0000001310
B1543035608205N00853970EA0000001331
B1543085608247N00853728EA0000001323
B1543135608288N00853483EA0000001310
B1543185608328N00853239EA0000001303
B1543235608365N00852992EA0000001289
B1543285608398N00852743EA0000001293
B1543345608430N00852449EA0000001299
B1543405608454N00852156EA0000001308
B1543455608477N00851920EA0000001309
B1543505608503N00851682EA0000001302
B1543555608531N00851434EA0000001291
B1544015608571N00851130EA0000001283
B1544075608630N00850835EA0000001267
B1544125608689N00850598EA0000001252
B1544195608788N00850278EA0000001227
B1544255608881N00850010EA0000001215
B1544305608961N00849793EA0000001201
B1544355609046N00849576EA0000001189
B1544405609131N00849355EA0000001185
B1544465609239N00849096EA0000001187
B1544535609363N00848807EA0000001179
B1544595609467N00848564EA0000001177
B1545065609584N00848285EA0000001176
B1545125609691N00848035EA0000001160
B1545175609793N00847827EA0000001157
B1545225609897N00847628EA0000001173
B1545275609984N00847444EA0000001215
B1545325610028N00847268EA0000001239
B1545395610070N00847023EA0000001227
B1545445610101N00846829EA0000001211
B1545505610136N00846580EA0000001201
B1545565610155N00846317EA0000001188
B1546015610154N00846091EA0000001171
B1546065610130N00845864EA0000001159
B1546115610087N00845647EA0000001148
B1546185609988N00845370EA0000001116
B1546235609878N00845236EA0000001100
B1546285609751N00845202EA0000001086
B1546345609604N00845277EA0000001073
B1546395609498N00845399EA0000001066
B1546445609404N00845548EA0000001054
B1546495609312N00845702EA0000001050
B1546545609225N00845861EA0000001050
B1546595609144N00846023EA0000001048
B1547075609015N00846273EA0000001049
B1547125608935N00846417EA0000001058
B1547175608860N00846553EA0000001061
B1547225608786N00846687EA0000001062
B1547295608689N00846871EA0000001053
B1547345608621N00847004EA0000001044
B1547395608551N00847143EA0000001032
B1547455608457N00847309EA0000001020
B1547515608360N00847473EA0000001015
B1547565608278N00847607EA0000001011
B1548015608194N00847733EA0000001008
B1548065608113N00847862EA0000001002
B1548115608044N00848002EA0000001006
B1548185607949N00848196EA0000000996
B1548235607876N00848335EA0000000991
B1548285607801N00848473EA0000000992
B1548345607711N00848631EA0000000994
B1548415607608N00848817EA0000000986
B1548465607534N00848953EA0000000972
B1548515607457N00849092EA0000000960
B1548575607367N00849262EA0000000953
B1549035607279N00849434EA0000000939
B1549095607182N00849609EA0000000922
B1549175607049N00849836EA0000000919
B1549225606970N00849978EA0000000917
B1549275606892N00850121EA0000000914
B1549335606797N00850293EA0000000906
B1549385606714N00850435EA0000000895
B1549435606629N00850576EA0000000888
B1549485606543N00850712EA0000000882
B1549555606420N00850895EA0000000870
B1550005606331N00851022EA0000000864
B1550055606246N00851145EA0000000868
B1550115606147N00851280EA0000000865
B1550175606049N00851426EA0000000855
B1550235605958N00851579EA0000000848
B1550285605882N00851709EA0000000837
B1550355605773N00851912EA0000000815
B1550415605680N00852099EA0000000810
B1550465605606N00852253EA0000000807
B1550515605533N00852408EA0000000800
B1550565605459N00852562EA0000000791
B1551015605382N00852710EA0000000780
B1551065605307N00852861EA0000000772
B1551155605172N00853129EA0000000752
B1551215605081N00853304EA0000000743
B1551275605002N00853485EA0000000737
B1551335604929N00853668EA0000000725
B1551385604856N00853814EA0000000709
B1551445604762N00853990EA0000000712
B1551495604698N00854144EA0000000709
B1551545604635N00854296EA0000000697
B1552015604544N00854520EA0000000678
B1552065604480N00854688EA0000000667
B1552125604398N00854889EA0000000654
B1552185604303N00855078EA0000000643
B1552255604191N00855290EA0000000630
B1552345604040N00855544EA0000000616
B1552395603956N00855685EA0000000611
B1552445603874N00855829EA0000000611
B1552495603795N00855976EA0000000606
B1552555603696N00856142EA0000000598
B1553015603592N00856301EA0000000588
B1553065603506N00856434EA0000000580
B1553135603390N00856630EA0000000580
B1553195603298N00856801EA0000000572
B1553265603183N00856994EA0000000557
B1553335603071N00857192EA0000000545
B1553405602963N00857389EA0000000538
B1553465602868N00857549EA0000000530
B1553525602774N00857706EA0000000521
B1553575602697N00857842EA0000000512
B1554025602624N00857987EA0000000504
B1554075602551N00858129EA0000000499
B1554155602429N00858343EA0000000483
B1554225602324N00858537EA0000000462
B1554285602230N00858701EA0000000453
B1554335602153N00858838EA0000000444
B1554395602059N00859011EA0000000432
B1554465601955N00859227EA0000000426
B1554535601859N00859449EA0000000427
B1555005601774N00859681EA0000000411
B1555075601685N00859922EA0000000393
B1555125601621N00900096EA0000000380
B1555175601557N00900270EA0000000372
B1555235601485N00900489EA0000000363
B1555285601433N00900679EA0000000362
B1555335601390N00900875EA0000000356
B1555415601321N00901185EA0000000335
B1555475601258N00901414EA0000000317
B1555525601208N00901607EA0000000308
B1555575601157N00901798EA0000000300
B1556055601078N00902104EA0000000283
B1556105601018N00902281EA0000000273
B1556155600939N00902427EA0000000268
B1556215600827N00902557EA0000000254
B1556265600718N00902622EA0000000243
B1556315600604N00902630EA0000000253
B1556385600455N00902539EA0000000258
B1556435600369N00902436EA0000000279
B1556495600303N00902273EA0000000278
B1556545600272N00902102EA0000000265
B1557025600231N00901811EA0000000261
B1557075600200N00901631EA0000000253
B1557135600167N00901409EA0000000243
B1557215600122N00901120EA0000000239
B1557265600092N00900938EA0000000233
B1557315600066N00900757EA0000000226
B1557365600039N00900579EA0000000220
B1557425600012N00900377EA0000000217
B1557485559988N00900170EA0000000209
B1557535559971N00859994EA0000000203
B1557585559957N00859815EA0000000199
B1558085559991N00859453EA0000000191
B1558155600066N00859230EA0000000186
B1558205600145N00859118EA0000000183
B1558285600288N00859022EA0000000181
B1558345600398N00858986EA0000000167
B1558395600484N00859020EA0000000152
B1558445600530N00859142EA0000000145
B1558525600548N00859362EA0000000143
B1558575600552N00859497EA0000000145
B1559085600554N00859771EA0000000132
B1559135600560N00859892EA0000000120
B1559235600566N00900136EA0000000088
B1559285600571N00900263EA0000000076
B1559355600580N00900451EA0000000055
B1559425600587N00900638EA0000000037
B1559495600593N00900797EA0000000036
