AOGNOGN
HFDTE190725
HFFXA050
HFPLTPILOTINCHARGE:
HFGTYGLIDERTYPE:Arcus T
HFGIDGLIDERID:OY-XUJ
HFDTM100GPSDATUM:WGS-1984
HFRFWFIRMWAREVERSION:
HFRHWHARDWAREVERSION:
HFFTYFRTYPE:OGN-FLIGHTBOOK
HFGPSGENERIC
HFPRSPRESSALTSENSOR:
HFCIDCOMPETITIONID:BA
B1016405600619N00900633EA0000000044
B1016405600619N00900633EA0000000044
B1016455600627N00900725EA0000000044
B1016505600637N00900838EA0000000044
B1016565600652N00901000EA0000000046
B1017025600671N00901191EA0000000047
B1017095600702N00901428EA0000000065
B1017145600728N00901591EA0000000080
B1017225600774N00901856EA0000000096
B1017275600792N00902028EA0000000107
B1017335600776N00902236EA0000000128
B1017405600713N00902440EA0000000147
B1017465600640N00902589EA0000000162
B1017525600573N00902749EA0000000174
B1017575600520N00902892EA0000000183
B1018065600418N00903135EA0000000208
B1018135600315N00903270EA0000000222
B1018225600148N00903310EA0000000239
B1018305600006N00903229EA0000000256
B1018395559862N00903090EA0000000288
B1018465559751N00902977EA0000000299
B1018525559651N00902888EA0000000316
B1018595559531N00902786EA0000000327
B1019055559429N00902693EA0000000335
B1019105559348N00902600EA0000000342
B1019155559279N00902483EA0000000352
B1019225559224N00902263EA0000000378
B1019275559199N00902093EA0000000394
B1019325559196N00901920EA0000000402
B1019385559227N00901717EA0000000409
B1019435559278N00901565EA0000000413
B1019485559350N00901445EA0000000419
B1019545559445N00901324EA0000000424
B1020005559551N00901225EA0000000433
B1020065559664N00901140EA0000000448
B1020125559779N00901080EA0000000466
B1020185559896N00901060EA0000000484
B1020255600031N00901102EA0000000507
B1020315600127N00901212EA0000000533
B1020365600187N00901337EA0000000549
B1020415600247N00901435EA0000000553
B1020465600313N00901380EA0000000543
B1020515600308N00901245EA0000000537
B1020565600241N00901171EA0000000531
B1021025600146N00901181EA0000000532
B1021075600076N00901226EA0000000541
B1021125600043N00901340EA0000000537
B1021175600059N00901471EA0000000530
B1021225600118N00901546EA0000000522
B1021275600187N00901526EA0000000506
B1021325600217N00901397EA0000000486
B1021415600151N00901161EA0000000481
B1021465600094N00901064EA0000000483
B1021515600035N00900975EA0000000485
B1021565559987N00900866EA0000000490
B1022015600003N00900739EA0000000500
B1022075600083N00900752EA0000000507
B1022125600075N00900868EA0000000504
B1022175600010N00900898EA0000000511
B1022225559952N00900843EA0000000518
B1022275559941N00900724EA0000000517
B1022325559987N00900633EA0000000519
B1022375600056N00900658EA0000000516
B1022435600079N00900798EA0000000524
B1022485600031N00900873EA0000000526
B1022535559973N00900817EA0000000527
B1022585559978N00900693EA0000000532
B1023035600038N00900631EA0000000534
B1023085600099N00900690EA0000000531
B1023135600114N00900806EA0000000537
B1023185600074N00900895EA0000000533
B1023245559996N00900891EA0000000533
B1023295559954N00900795EA0000000537
B1023345559957N00900672EA0000000542
B1023395600004N00900582EA0000000544
B1023445600072N00900564EA0000000548
B1023495600124N00900644EA0000000550
B1023545600116N00900761EA0000000547
B1023595600058N00900820EA0000000547
B1024045559994N00900783EA0000000546
B1024095559965N00900666EA0000000549
B1024145559983N00900539EA0000000555
B1024195600036N00900454EA0000000564
B1024245600103N00900447EA0000000574
B1024295600147N00900532EA0000000572
B1024345600139N00900651EA0000000567
B1024395600082N00900710EA0000000564
B1024445600018N00900671EA0000000573
B1024495559984N00900563EA0000000578
B1024545559997N00900442EA0000000575
B1025005600059N00900334EA0000000586
B1025055600128N00900327EA0000000594
B1025105600159N00900434EA0000000594
B1025155600110N00900520EA0000000592
B1025205600047N00900481EA0000000595
B1025255600024N00900355EA0000000590
B1025305600040N00900221EA0000000605
B1025355600096N00900150EA0000000606
B1025405600162N00900203EA0000000609
B1025455600157N00900322EA0000000613
B1025505600086N00900349EA0000000619
B1025555600045N00900250EA0000000628
B1026005600071N00900128EA0000000635
B1026055600136N00900098EA0000000639
B1026105600187N00900184EA0000000640
B1026155600173N00900305EA0000000643
B1026215600093N00900346EA0000000647
B1026265600048N00900244EA0000000652
B1026315600068N00900117EA0000000660
B1026365600136N00900080EA0000000664
B1026415600189N00900165EA0000000670
B1026465600173N00900283EA0000000670
B1026515600108N00900322EA0000000673
B1026565600058N00900232EA0000000676
B1027015600063N00900100EA0000000678
B1027065600116N00900004EA0000000680
B1027115600190N00859995EA0000000690
B1027165600237N00900082EA0000000697
B1027215600217N00900187EA0000000696
B1027265600147N00900209EA0000000686
B1027315600098N00900114EA0000000696
B1027365600111N00859980EA0000000699
B1027415600166N00859894EA0000000705
B1027465600234N00859925EA0000000706
B1027515600251N00900039EA0000000710
B1027565600201N00900108EA0000000710
B1028015600139N00900051EA0000000704
B1028065600112N00859925EA0000000714
B1028125600142N00859777EA0000000711
B1028175600210N00859710EA0000000711
B1028225600285N00859710EA0000000708
B1028275600345N00859782EA0000000711
B1028365600352N00900002EA0000000712
B1028445600317N00900208EA0000000700
B1028495600287N00900336EA0000000683
B1028565600228N00900518EA0000000654
B1029025600172N00900685EA0000000627
B1029085600123N00900826EA0000000652
B1029135600087N00900932EA0000000649
B1029195600051N00901073EA0000000648
B1029245600028N00901199EA0000000644
B1029325600007N00901414EA0000000647
B1029375600001N00901542EA0000000658
B1029435559996N00901686EA0000000661
B1029495559989N00901832EA0000000657
B1029565559978N00902010EA0000000652
B1030025559969N00902156EA0000000662
B1030075559957N00902275EA0000000660
B1030135559943N00902419EA0000000661
B1030205559926N00902584EA0000000654
B1030255559891N00902693EA0000000650
B1030305559844N00902783EA0000000648
B1030365559775N00902865EA0000000634
B1030415559713N00902922EA0000000631
B1030475559664N00903050EA0000000631
B1030545559630N00903219EA0000000642
B1031025559649N00903415EA0000000639
B1031095559700N00903571EA0000000647
B1031145559755N00903655EA0000000649
B1031195559830N00903655EA0000000657
B1031245559881N00903560EA0000000658
B1031295559873N00903426EA0000000659
B1031355559792N00903389EA0000000664
B1031405559749N00903484EA0000000679
B1031455559787N00903588EA0000000684
B1031505559858N00903554EA0000000686
B1031555559872N00903424EA0000000684
B1032005559822N00903320EA0000000681
B1032055559747N00903296EA0000000695
B1032105559723N00903401EA0000000701
B1032155559779N00903463EA0000000699
B1032205559813N00903351EA0000000701
B1032255559747N00903302EA0000000710
B1032305559712N00903398EA0000000709
B1032355559768N00903471EA0000000714
B1032405559829N00903415EA0000000722
B1032455559846N00903287EA0000000721
B1032505559812N00903166EA0000000726
B1032555559746N00903147EA0000000733
B1033005559719N00903253EA0000000735
B1033055559760N00903357EA0000000734
B1033105559833N00903375EA0000000738
B1033155559876N00903269EA0000000744
B1033205559829N00903171EA0000000746
B1033255559762N00903208EA0000000750
B1033305559703N00903295EA0000000743
B1033355559641N00903386EA0000000740
B1033425559549N00903512EA0000000724
B1033505559433N00903656EA0000000707
B1033585559323N00903811EA0000000701
B1034055559232N00903939EA0000000692
B1034105559169N00904035EA0000000684
B1034165559090N00904150EA0000000674
B1034265558953N00904339EA0000000655
B1034325558874N00904464EA0000000655
B1034375558810N00904567EA0000000665
B1034425558751N00904667EA0000000674
B1034495558669N00904799EA0000000672
B1034555558593N00904908EA0000000663
B1035015558509N00905018EA0000000656
B1035065558439N00905111EA0000000652
B1035125558357N00905225EA0000000649
B1035175558290N00905325EA0000000642
B1035235558215N00905464EA0000000633
B1035305558138N00905637EA0000000631
B1035375558063N00905811EA0000000609
B1035455557970N00906013EA0000000595
B1035525557893N00906188EA0000000586
B1036005557799N00906373EA0000000578
B1036115557655N00906584EA0000000568
B1036165557576N00906644EA0000000568
B1036225557479N00906703EA0000000574
B1036275557401N00906716EA0000000586
B1036325557341N00906631EA0000000590
B1036375557334N00906490EA0000000599
B1036425557402N00906418EA0000000597
B1036475557465N00906489EA0000000605
B1036535557461N00906630EA0000000608
B1036585557397N00906693EA0000000612
B1037035557326N00906655EA0000000618
B1037085557316N00906518EA0000000624
B1037135557378N00906434EA0000000625
B1037185557450N00906478EA0000000629
B1037235557460N00906607EA0000000631
B1037285557402N00906700EA0000000636
B1037335557333N00906658EA0000000645
B1037385557334N00906518EA0000000652
B1037435557401N00906449EA0000000656
B1037485557467N00906515EA0000000662
B1037535557457N00906640EA0000000663
B1037585557386N00906674EA0000000672
B1038035557334N00906580EA0000000681
B1038085557352N00906447EA0000000684
B1038135557422N00906400EA0000000693
B1038185557480N00906469EA0000000693
B1038235557478N00906592EA0000000691
B1038285557418N00906675EA0000000690
B1038335557349N00906631EA0000000700
B1038385557352N00906491EA0000000693
B1038435557416N00906404EA0000000698
B1038485557494N00906411EA0000000701
B1038535557538N00906515EA0000000699
B1038585557518N00906644EA0000000696
B1039035557454N00906720EA0000000699
B1039085557375N00906711EA0000000706
B1039135557328N00906605EA0000000720
B1039185557369N00906499EA0000000721
B1039235557440N00906523EA0000000702
B1039285557475N00906650EA0000000708
B1039335557459N00906790EA0000000714
B1039385557400N00906865EA0000000731
B1039435557350N00906771EA0000000732
B1039485557390N00906649EA0000000747
B1039535557456N00906684EA0000000754
B1039585557453N00906807EA0000000758
B1040035557387N00906853EA0000000767
B1040085557339N00906751EA0000000766
B1040135557365N00906614EA0000000775
B1040195557450N00906582EA0000000788
B1040245557493N00906677EA0000000792
B1040295557462N00906788EA0000000797
B1040345557390N00906782EA0000000807
B1040395557355N00906661EA0000000812
B1040445557393N00906536EA0000000817
B1040495557466N00906525EA0000000828
B1040545557505N00906626EA0000000832
B1041005557459N00906741EA0000000842
B1041055557393N00906687EA0000000853
B1041105557394N00906551EA0000000853
B1041155557463N00906487EA0000000863
B1041205557520N00906555EA0000000869
B1041255557514N00906676EA0000000869
B1041305557452N00906721EA0000000879
B1041355557403N00906629EA0000000874
B1041405557421N00906483EA0000000873
B1041455557488N00906414EA0000000892
B1041505557547N00906477EA0000000889
B1041555557546N00906600EA0000000892
B1042005557488N00906654EA0000000897
B1042055557433N00906578EA0000000892
B1042105557433N00906435EA0000000889
B1042155557491N00906332EA0000000898
B1042205557569N00906312EA0000000905
B1042255557633N00906379EA0000000910
B1042305557630N00906493EA0000000915
B1042355557563N00906520EA0000000912
B1042405557516N00906405EA0000000918
B1042455557538N00906261EA0000000929
B1042505557611N00906202EA0000000934
B1042555557681N00906265EA0000000936
B1043005557729N00906380EA0000000922
B1043055557763N00906526EA0000000919
B1043125557775N00906740EA0000000918
B1043205557794N00907003EA0000000909
B1043285557816N00907269EA0000000894
B1043355557822N00907498EA0000000896
B1043405557814N00907647EA0000000895
B1043455557803N00907792EA0000000889
B1043525557772N00908002EA0000000876
B1043585557736N00908179EA0000000868
B1044045557696N00908354EA0000000860
B1044125557645N00908596EA0000000838
B1044185557599N00908783EA0000000838
B1044235557550N00908915EA0000000847
B1044285557503N00909045EA0000000841
B1044345557460N00909222EA0000000827
B1044395557421N00909385EA0000000815
B1044445557385N00909557EA0000000802
B1044515557338N00909802EA0000000799
B1044585557290N00910030EA0000000809
B1045075557226N00910311EA0000000806
B1045185557150N00910612EA0000000848
B1045275557264N00910592EA0000000855
B1045375557191N00910424EA0000000864
B1045465557110N00910599EA0000000883
B1046015557013N00910544EA0000000892
B1046065557078N00910471EA0000000918
B1046215557073N00910615EA0000000919
B1046265557049N00910474EA0000000933
B1046335557120N00910334EA0000000952
B1046475557074N00910521EA0000000973
B1046525557057N00910382EA0000000973
B1046575557129N00910325EA0000000987
B1047025557161N00910438EA0000000991
B1047085557088N00910485EA0000001010
B1047135557053N00910369EA0000001022
B1047185557100N00910260EA0000001026
B1047265557192N00910375EA0000001046
B1047315557149N00910465EA0000001062
B1047365557089N00910407EA0000001069
B1047415557090N00910273EA0000001078
B1047465557162N00910207EA0000001076
B1047515557238N00910276EA0000001092
B1047585557261N00910457EA0000001108
B1048045557270N00910628EA0000001089
B1048105557301N00910818EA0000001094
B1048155557345N00910966EA0000001091
B1048215557392N00911147EA0000001091
B1048285557441N00911358EA0000001081
B1048355557488N00911580EA0000001064
B1048405557511N00911759EA0000001065
B1048455557529N00911944EA0000001076
B1048525557549N00912192EA0000001081
B1048585557559N00912406EA0000001082
B1049045557564N00912610EA0000001078
B1049115557554N00912856EA0000001080
B1049165557524N00913017EA0000001090
B1049245557456N00913243EA0000001115
B1049315557393N00913404EA0000001125
B1049365557345N00913523EA0000001130
B1049435557290N00913671EA0000001155
B1049495557247N00913800EA0000001150
B1049555557200N00913952EA0000001142
B1050015557146N00914100EA0000001150
B1050065557101N00914216EA0000001153
B1050135557045N00914389EA0000001149
B1050205556988N00914589EA0000001127
B1050255556944N00914741EA0000001119
B1050305556903N00914897EA0000001111
B1050355556861N00915060EA0000001097
B1050405556818N00915230EA0000001096
B1050465556752N00915412EA0000001118
B1050525556688N00915551EA0000001135
B1050585556627N00915675EA0000001129
B1051035556577N00915785EA0000001124
B1051095556522N00915932EA0000001112
B1051165556465N00916134EA0000001102
B1051225556420N00916308EA0000001104
B1051295556367N00916514EA0000001099
B1051375556289N00916729EA0000001114
B1051425556242N00916845EA0000001129
B1051485556196N00916965EA0000001134
B1051535556156N00917071EA0000001134
B1052005556098N00917232EA0000001113
B1052075556025N00917419EA0000001089
B1052135555957N00917573EA0000001085
B1052195555892N00917718EA0000001082
B1052245555838N00917837EA0000001077
B1052295555787N00917962EA0000001071
B1052345555736N00918089EA0000001069
B1052395555679N00918220EA0000001069
B1052445555617N00918347EA0000001074
B1052505555548N00918499EA0000001075
B1052565555485N00918651EA0000001079
B1053035555401N00918818EA0000001087
B1053095555326N00918949EA0000001070
B1053145555257N00919061EA0000001063
B1053225555141N00919235EA0000001055
B1053285555052N00919360EA0000001058
B1053335554980N00919466EA0000001056
B1053405554873N00919576EA0000001066
B1053465554765N00919616EA0000001062
B1053525554656N00919652EA0000001060
B1054015554491N00919698EA0000001046
B1054065554397N00919729EA0000001043
B1054125554287N00919768EA0000001039
B1054185554183N00919803EA0000001036
B1054245554079N00919850EA0000001026
B1054315553962N00919924EA0000001021
B1054365553890N00920011EA0000001017
B1054425553824N00920159EA0000001002
B1054475553773N00920297EA0000000989
B1054525553727N00920448EA0000000976
B1054575553688N00920608EA0000000981
B1055025553645N00920764EA0000000978
B1055075553598N00920920EA0000000973
B1055125553548N00921072EA0000000965
B1055175553497N00921222EA0000000961
B1055225553445N00921370EA0000000958
B1055315553345N00921631EA0000000950
B1055405553239N00921878EA0000000953
B1055475553158N00922065EA0000000952
B1055525553095N00922200EA0000000938
B1055575553029N00922339EA0000000944
B1056025552956N00922455EA0000000946
B1056095552847N00922607EA0000000945
B1056175552704N00922733EA0000000946
B1056285552487N00922822EA0000000940
B1056345552363N00922859EA0000000934
B1056395552261N00922891EA0000000929
B1056465552120N00922945EA0000000923
B1056575551914N00923056EA0000000922
B1057025551840N00923150EA0000000920
B1057075551776N00923262EA0000000909
B1057125551710N00923372EA0000000905
B1057185551631N00923500EA0000000901
B1057245551553N00923631EA0000000903
B1057345551398N00923761EA0000000926
B1057425551282N00923821EA0000000943
B1057475551238N00923892EA0000000958
B1057525551286N00923982EA0000000952
B1057585551384N00923950EA0000000965
B1058065551377N00923749EA0000000968
B1058165551284N00923827EA0000000975
B1058225551360N00923908EA0000000980
B1058295551462N00923798EA0000000997
B1058345551473N00923663EA0000000996
B1058415551402N00923688EA0000000997
B1058465551456N00923785EA0000001005
B1058535551560N00923701EA0000001009
B1058585551541N00923576EA0000001019
B1059035551480N00923573EA0000001025
B1059105551434N00923703EA0000001040
B1059175551409N00923838EA0000001058
B1059245551391N00924003EA0000001042
B1059315551377N00924217EA0000001030
B1059365551369N00924375EA0000001030
B1059425551377N00924565EA0000001050
B1059505551407N00924765EA0000001079
B1059575551431N00924927EA0000001085
B1100045551431N00925091EA0000001081
B1100105551421N00925249EA0000001062
B1100165551408N00925419EA0000001074
B1100215551398N00925544EA0000001106
B1100295551379N00925705EA0000001114
B1100355551360N00925838EA0000001110
B1100405551340N00925952EA0000001106
B1100455551311N00926061EA0000001106
B1100545551220N00926223EA0000001108
B1101035551115N00926357EA0000001115
B1101085551064N00926439EA0000001114
B1101145551009N00926550EA0000001110
B1101205550955N00926670EA0000001093
B1101255550898N00926787EA0000001075
B1101325550815N00926965EA0000001073
B1101375550756N00927094EA0000001068
B1101435550694N00927262EA0000001072
B1101495550639N00927430EA0000001101
B1101555550592N00927569EA0000001121
B1102025550533N00927709EA0000001146
B1102095550478N00927845EA0000001117
B1102155550429N00928013EA0000001096
B1102215550381N00928207EA0000001087
B1102315550303N00928507EA0000001096
B1102365550265N00928645EA0000001104
B1102425550217N00928807EA0000001115
B1102475550180N00928936EA0000001128
B1102525550146N00929061EA0000001137
B1102585550102N00929207EA0000001140
B1103125549983N00929538EA0000001128
B1103215549898N00929741EA0000001145
B1103325549794N00929931EA0000001168
B1103375549751N00930014EA0000001171
B1103425549706N00930102EA0000001168
B1103485549651N00930221EA0000001181
B1103535549605N00930317EA0000001179
B1103585549554N00930412EA0000001173
B1104045549492N00930532EA0000001175
B1104095549445N00930643EA0000001177
B1104155549388N00930779EA0000001159
B1104205549339N00930902EA0000001150
B1104265549278N00931048EA0000001142
B1104315549230N00931168EA0000001136
B1104375549172N00931318EA0000001137
B1104425549122N00931426EA0000001168
B1104495549041N00931367EA0000001175
B1104545549056N00931218EA0000001169
B1104595549129N00931157EA0000001167
B1105045549194N00931209EA0000001175
B1105135549221N00931398EA0000001184
B1105185549184N00931484EA0000001182
B1105235549119N00931482EA0000001179
B1105295549057N00931353EA0000001165
B1105355549081N00931173EA0000001167
B1105415549169N00931087EA0000001155
B1105465549249N00931119EA0000001156
B1105515549322N00931184EA0000001161
B1105565549351N00931297EA0000001161
B1106015549335N00931404EA0000001167
B1106065549272N00931426EA0000001162
B1106115549219N00931320EA0000001163
B1106175549253N00931148EA0000001151
B1106225549339N00931129EA0000001130
B1106275549374N00931241EA0000001133
B1106325549352N00931367EA0000001122
B1106415549297N00931619EA0000001111
B1106465549263N00931763EA0000001104
B1106545549208N00932013EA0000001087
B1106595549177N00932174EA0000001084
B1107065549138N00932397EA0000001085
B1107145549124N00932647EA0000001080
B1107215549126N00932860EA0000001095
B1107295549125N00933086EA0000001099
B1107345549119N00933219EA0000001112
B1107395549136N00933328EA0000001125
B1107445549211N00933337EA0000001117
B1107495549267N00933213EA0000001120
B1107565549232N00933045EA0000001132
B1108015549182N00933102EA0000001125
B1108075549256N00933177EA0000001123
B1108155549320N00932965EA0000001146
B1108205549265N00932893EA0000001147
B1108255549224N00932973EA0000001142
B1108305549270N00933064EA0000001145
B1108355549353N00933033EA0000001143
B1108415549369N00932862EA0000001155
B1108465549304N00932841EA0000001152
B1108525549299N00932985EA0000001161
B1108575549380N00933002EA0000001160
B1109045549399N00932805EA0000001170
B1109105549321N00932817EA0000001176
B1109155549343N00932932EA0000001180
B1109205549428N00932912EA0000001186
B1109275549443N00932711EA0000001204
B1109325549383N00932655EA0000001209
B1109375549339N00932734EA0000001209
B1109425549370N00932839EA0000001216
B1109475549449N00932854EA0000001219
B1109525549515N00932747EA0000001219
B1109575549513N00932602EA0000001234
B1110035549443N00932548EA0000001234
B1110085549399N00932635EA0000001235
B1110135549422N00932750EA0000001245
B1110205549533N00932760EA0000001245
B1110275549612N00932587EA0000001258
B1110335549578N00932441EA0000001260
B1110385549511N00932441EA0000001259
B1110435549467N00932524EA0000001264
B1110485549479N00932643EA0000001269
B1110585549642N00932652EA0000001263
B1111055549773N00932536EA0000001259
B1111115549890N00932426EA0000001255
B1111195550042N00932252EA0000001240
B1111245550133N00932131EA0000001237
B1111315550261N00931959EA0000001224
B1111405550423N00931719EA0000001219
B1111455550509N00931589EA0000001225
B1111515550604N00931438EA0000001235
B1111565550676N00931307EA0000001229
B1112015550753N00931183EA0000001219
B1112065550832N00931061EA0000001215
B1112135550943N00930896EA0000001220
B1112215551069N00930717EA0000001227
B1112325551265N00930553EA0000001235
B1112375551356N00930515EA0000001228
B1112425551455N00930482EA0000001212
B1112495551603N00930435EA0000001200
B1112575551767N00930340EA0000001190
B1113025551871N00930308EA0000001181
B1113075551976N00930299EA0000001177
B1113135552099N00930287EA0000001172
B1113225552279N00930284EA0000001172
B1113295552410N00930304EA0000001174
B1113375552559N00930310EA0000001170
B1113465552737N00930235EA0000001152
B1113545552900N00930114EA0000001145
B1114015553037N00930007EA0000001141
B1114085553172N00929892EA0000001129
B1114135553268N00929807EA0000001127
B1114195553383N00929704EA0000001123
B1114255553495N00929596EA0000001112
B1114325553615N00929448EA0000001114
B1114375553686N00929318EA0000001108
B1114425553756N00929182EA0000001100
B1114485553839N00929021EA0000001096
B1114535553932N00928941EA0000001084
B1114585554036N00928900EA0000001075
B1115075554230N00928839EA0000001062
B1115155554405N00928778EA0000001053
B1115215554534N00928722EA0000001049
B1115265554641N00928673EA0000001042
B1115325554771N00928611EA0000001028
B1115395554921N00928507EA0000001018
B1115455555047N00928400EA0000001008
B1115545555230N00928226EA0000000995
B1115595555330N00928130EA0000000990
B1116045555425N00928026EA0000000989
B1116095555518N00927920EA0000001003
B1116145555605N00927821EA0000001041
B1116195555662N00927896EA0000001053
B1116245555605N00927973EA0000001048
B1116295555532N00927906EA0000001070
B1116345555521N00927762EA0000001090
B1116395555597N00927701EA0000001108
B1116445555635N00927796EA0000001120
B1116495555586N00927879EA0000001120
B1116545555526N00927790EA0000001135
B1116595555554N00927641EA0000001155
B1117045555632N00927608EA0000001178
B1117115555654N00927752EA0000001175
B1117165555581N00927776EA0000001185
B1117215555524N00927674EA0000001214
B1117265555548N00927533EA0000001217
B1117315555630N00927485EA0000001225
B1117365555681N00927576EA0000001239
B1117415555649N00927680EA0000001242
B1117465555578N00927645EA0000001265
B1117525555561N00927475EA0000001282
B1117575555622N00927361EA0000001287
B1118025555704N00927348EA0000001302
B1118075555745N00927441EA0000001315
B1118125555711N00927542EA0000001316
B1118175555645N00927538EA0000001334
B1118225555622N00927404EA0000001344
B1118275555672N00927276EA0000001346
B1118325555764N00927225EA0000001349
B1118385555879N00927271EA0000001348
B1118455556011N00927358EA0000001361
B1118515556121N00927413EA0000001371
B1118585556252N00927468EA0000001358
B1119045556375N00927514EA0000001343
B1119115556530N00927536EA0000001336
B1119165556645N00927511EA0000001329
B1119215556754N00927549EA0000001319
B1119275556864N00927666EA0000001309
B1119365556996N00927911EA0000001292
B1119415557061N00928065EA0000001289
B1119475557128N00928261EA0000001281
B1119525557179N00928430EA0000001278
B1119575557224N00928603EA0000001271
B1120035557268N00928820EA0000001264
B1120095557307N00929036EA0000001259
B1120175557356N00929323EA0000001254
B1120225557395N00929494EA0000001255
B1120285557476N00929662EA0000001266
B1120335557562N00929757EA0000001275
B1120385557654N00929834EA0000001265
B1120455557786N00929964EA0000001248
B1120505557880N00930066EA0000001242
B1120565557984N00930193EA0000001248
B1121015558067N00930299EA0000001257
B1121065558146N00930403EA0000001259
B1121125558242N00930538EA0000001244
B1121235558424N00930786EA0000001239
B1121295558524N00930923EA0000001235
B1121365558632N00931087EA0000001245
B1121425558721N00931222EA0000001248
B1121485558815N00931358EA0000001234
B1121585558979N00931591EA0000001212
B1122085559148N00931830EA0000001201
B1122155559264N00931991EA0000001196
B1122245559412N00932199EA0000001188
B1122325559542N00932377EA0000001183
B1122375559620N00932489EA0000001180
B1122445559732N00932645EA0000001169
B1122535559877N00932849EA0000001158
B1123045600054N00933101EA0000001146
B1123105600147N00933244EA0000001142
B1123235600338N00933556EA0000001135
B1123325600467N00933773EA0000001124
B1123405600581N00933973EA0000001118
B1123525600754N00934275EA0000001108
B1124015600881N00934500EA0000001101
B1124065600948N00934626EA0000001095
B1124125601026N00934781EA0000001087
B1124175601091N00934910EA0000001078
B1124225601156N00935044EA0000001067
B1124305601259N00935266EA0000001051
B1124365601335N00935437EA0000001038
B1124415601399N00935580EA0000001047
B1124465601447N00935710EA0000001077
B1124535601480N00935882EA0000001087
B1124595601536N00936015EA0000001090
B1125045601598N00936113EA0000001090
B1125135601723N00936298EA0000001069
B1125285601952N00936627EA0000001042
B1125365602073N00936797EA0000001050
B1125435602175N00936951EA0000001040
B1125485602250N00937068EA0000001060
B1125535602320N00937164EA0000001098
B1125595602400N00937245EA0000001122
B1126045602489N00937268EA0000001131
B1126095602567N00937326EA0000001145
B1126155602594N00937469EA0000001151
B1126205602613N00937596EA0000001138
B1126255602636N00937741EA0000001127
B1126325602662N00937956EA0000001114
B1126385602669N00938146EA0000001106
B1126435602657N00938310EA0000001093
B1126505602610N00938527EA0000001110
B1126555602593N00938678EA0000001134
B1127035602593N00938894EA0000001164
B1127105602524N00939009EA0000001175
B1127155602454N00939054EA0000001184
B1127205602391N00939121EA0000001200
B1127265602383N00939266EA0000001211
B1127315602422N00939379EA0000001209
B1127385602426N00939560EA0000001204
B1127455602385N00939740EA0000001192
B1127505602347N00939868EA0000001190
B1127565602300N00940019EA0000001205
B1128025602263N00940170EA0000001224
B1128075602227N00940262EA0000001244
B1128125602163N00940222EA0000001234
B1128185602175N00940046EA0000001236
B1128235602265N00939995EA0000001227
B1128315602423N00940085EA0000001221
B1128405602590N00940248EA0000001227
B1128475602706N00940394EA0000001220
B1128525602789N00940496EA0000001213
B1128595602910N00940634EA0000001198
B1129055603025N00940732EA0000001181
B1129115603143N00940821EA0000001180
B1129185603277N00940918EA0000001176
B1129245603397N00940998EA0000001171
B1129315603540N00941088EA0000001170
B1129385603685N00941180EA0000001165
B1129445603810N00941261EA0000001160
B1129505603935N00941339EA0000001157
B1129565604057N00941414EA0000001149
B1130085604297N00941593EA0000001134
B1130165604450N00941713EA0000001132
B1130225604563N00941799EA0000001124
B1130275604656N00941877EA0000001119
B1130365604822N00942015EA0000001117
B1130435604946N00942133EA0000001107
B1130495605050N00942233EA0000001099
B1130575605182N00942379EA0000001083
B1131065605330N00942556EA0000001077
B1131135605444N00942703EA0000001073
B1131185605525N00942811EA0000001080
B1131245605612N00942929EA0000001113
B1131295605669N00943028EA0000001121
B1131355605752N00943129EA0000001099
B1131425605847N00943305EA0000001079
B1131505605945N00943536EA0000001065
B1131595606050N00943805EA0000001046
B1132075606135N00944052EA0000001039
B1132155606217N00944295EA0000001029
B1132255606322N00944612EA0000001008
B1132305606374N00944771EA0000001007
B1132375606439N00944992EA0000001000
B1132425606483N00945154EA0000000998
B1132485606502N00945337EA0000001014
B1132535606458N00945446EA0000001018
B1133015606331N00945445EA0000001020
B1133085606277N00945260EA0000001013
B1133145606375N00945182EA0000000995
B1133205606406N00945334EA0000000990
B1133255606342N00945439EA0000000981
B1133315606254N00945556EA0000000971
B1133395606134N00945692EA0000000970
B1133465606026N00945800EA0000000976
B1133515605957N00945895EA0000000976
B1133565605915N00946037EA0000000976
B1134015605890N00946190EA0000001001
B1134065605859N00946304EA0000001014
B1134115605788N00946276EA0000000992
B1134175605792N00946090EA0000001001
B1134235605875N00945971EA0000001007
B1134285605958N00945959EA0000001008
B1134335606004N00946073EA0000001012
B1134395605954N00946201EA0000001011
B1134445605889N00946123EA0000001015
B1134495605915N00945981EA0000001023
B1134545606002N00945968EA0000001014
B1134595606046N00946092EA0000001023
B1135055606028N00946245EA0000001037
B1135115605982N00946379EA0000001018
B1135195605900N00946569EA0000001028
B1135245605850N00946667EA0000001034
B1135315605782N00946810EA0000001029
B1135365605741N00946926EA0000001025
B1135425605692N00947084EA0000001012
B1135475605654N00947225EA0000001009
B1135525605614N00947364EA0000001017
B1135595605559N00947540EA0000001030
B1136045605491N00947569EA0000001019
B1136105605441N00947411EA0000001017
B1136155605494N00947293EA0000001010
B1136205605581N00947265EA0000001003
B1136255605666N00947203EA0000001003
B1136325605745N00947011EA0000001012
B1136405605822N00946773EA0000001011
B1136465605891N00946596EA0000001009
B1136515605954N00946438EA0000001004
B1136565606018N00946274EA0000001002
B1137035606107N00946029EA0000001002
B1137095606182N00945826EA0000001003
B1137165606260N00945585EA0000001004
B1137215606289N00945397EA0000001006
B1137275606325N00945176EA0000001020
B1137325606305N00945028EA0000001043
B1137375606236N00944985EA0000001029
B1137425606163N00945013EA0000001030
B1137475606128N00945117EA0000001039
B1137535606145N00945251EA0000001042
B1137595606231N00945279EA0000001040
B1138045606303N00945197EA0000001040
B1138095606375N00945095EA0000001035
B1138175606526N00945075EA0000001034
B1138235606641N00945092EA0000001024
B1138305606777N00945123EA0000001016
B1138355606871N00945154EA0000001012
B1138405606964N00945187EA0000001004
B1138475607093N00945241EA0000000996
B1138525607186N00945278EA0000000986
B1138575607279N00945317EA0000000979
B1139045607412N00945366EA0000000969
B1139125607566N00945405EA0000000968
B1139175607663N00945421EA0000000981
B1139245607763N00945499EA0000001013
B1139295607733N00945595EA0000001009
B1139355607648N00945540EA0000001028
B1139405607639N00945392EA0000001035
B1139455607713N00945327EA0000001043
B1139505607753N00945434EA0000001046
B1139555607708N00945522EA0000001067
B1140025607646N00945383EA0000001075
B1140075607700N00945265EA0000001090
B1140125607777N00945271EA0000001098
B1140175607791N00945386EA0000001103
B1140225607732N00945428EA0000001115
B1140285607678N00945297EA0000001131
B1140335607719N00945168EA0000001137
B1140385607797N00945182EA0000001145
B1140435607812N00945295EA0000001156
B1140485607754N00945339EA0000001160
B1140535607699N00945235EA0000001174
B1140585607711N00945088EA0000001185
B1141035607788N00945038EA0000001182
B1141085607832N00945137EA0000001196
B1141135607796N00945226EA0000001202
B1141185607727N00945182EA0000001210
B1141235607710N00945030EA0000001217
B1141285607773N00944924EA0000001225
B1141365607866N00945028EA0000001235
B1141415607834N00945123EA0000001240
B1141465607762N00945096EA0000001249
B1141515607732N00944952EA0000001266
B1141565607764N00944810EA0000001273
B1142015607840N00944758EA0000001275
B1142075607915N00944839EA0000001286
B1142135607909N00944963EA0000001284
B1142185607837N00944939EA0000001267
B1142235607806N00944790EA0000001283
B1142285607849N00944651EA0000001283
B1142335607928N00944575EA0000001287
B1142395608027N00944545EA0000001290
B1142455608125N00944563EA0000001276
B1142505608212N00944599EA0000001255
B1142555608305N00944648EA0000001241
B1143005608402N00944702EA0000001228
B1143055608502N00944761EA0000001219
B1143105608600N00944830EA0000001212
B1143215608808N00945003EA0000001203
B1143265608897N00945091EA0000001200
B1143315608984N00945177EA0000001203
B1143365609055N00945272EA0000001223
B1143435609123N00945421EA0000001225
B1143495609201N00945536EA0000001224
B1143565609306N00945641EA0000001237
B1144045609417N00945756EA0000001254
B1144105609502N00945839EA0000001248
B1144165609595N00945913EA0000001246
B1144235609714N00945985EA0000001218
B1144305609853N00946068EA0000001200
B1144385610012N00946154EA0000001190
B1144465610172N00946232EA0000001183
B1144545610332N00946311EA0000001177
B1145005610451N00946365EA0000001180
B1145065610562N00946431EA0000001186
B1145145610708N00946512EA0000001181
B1145205610821N00946551EA0000001169
B1145275610963N00946608EA0000001145
B1145335611091N00946668EA0000001129
B1145385611199N00946724EA0000001122
B1145445611327N00946802EA0000001114
B1145515611475N00946893EA0000001107
B1146045611754N00947045EA0000001093
B1146105611880N00947114EA0000001089
B1146155611983N00947172EA0000001093
B1146245612149N00947272EA0000001109
B1146295612235N00947325EA0000001112
B1146355612332N00947397EA0000001126
B1146405612412N00947435EA0000001136
B1146455612474N00947340EA0000001149
B1146505612468N00947204EA0000001149
B1146555612405N00947137EA0000001144
B1147015612315N00947156EA0000001159
B1147065612274N00947255EA0000001162
B1147115612295N00947379EA0000001162
B1147165612366N00947442EA0000001167
B1147215612443N00947396EA0000001170
B1147265612492N00947262EA0000001173
B1147315612528N00947111EA0000001176
B1147365612556N00946956EA0000001179
B1147425612550N00946767EA0000001176
B1147475612511N00946627EA0000001175
B1147525612434N00946572EA0000001173
B1147595612332N00946646EA0000001173
B1148055612267N00946757EA0000001174
B1148105612225N00946862EA0000001169
B1148155612221N00946996EA0000001163
B1148205612258N00947124EA0000001157
B1148275612359N00947245EA0000001148
B1148365612510N00947388EA0000001134
B1148425612610N00947497EA0000001143
B1148475612693N00947576EA0000001158
B1148525612773N00947525EA0000001167
B1148585612789N00947352EA0000001164
B1149035612733N00947250EA0000001159
B1149095612644N00947206EA0000001164
B1149145612573N00947215EA0000001158
B1149195612527N00947309EA0000001148
B1149245612536N00947443EA0000001134
B1149315612623N00947603EA0000001106
B1149365612700N00947712EA0000001093
B1149445612829N00947885EA0000001077
B1149515612942N00948039EA0000001073
B1149595613072N00948216EA0000001062
B1150065613185N00948371EA0000001057
B1150135613293N00948530EA0000001047
B1150195613384N00948672EA0000001041
B1150245613464N00948778EA0000001039
B1150305613573N00948867EA0000001026
B1150395613760N00948881EA0000001024
B1150455613873N00948867EA0000001053
B1150505613921N00948959EA0000001049
B1150565613926N00949125EA0000001030
B1151015613961N00949262EA0000001026
B1151065614042N00949322EA0000001016
B1151175614251N00949197EA0000000986
B1151235614328N00949006EA0000000969
B1151285614373N00948822EA0000000956
B1151345614419N00948588EA0000000941
B1151425614471N00948274EA0000000948
B1151475614494N00948097EA0000000973
B1151525614516N00947933EA0000000974
B1151585614565N00947753EA0000000998
B1152035614644N00947778EA0000001008
B1152085614648N00947898EA0000001018
B1152145614572N00947909EA0000001035
B1152195614553N00947772EA0000001047
B1152245614615N00947661EA0000001060
B1152295614688N00947710EA0000001067
B1152345614692N00947832EA0000001075
B1152395614631N00947867EA0000001090
B1152455614594N00947725EA0000001105
B1152505614652N00947615EA0000001117
B1152555614720N00947664EA0000001118
B1153005614708N00947790EA0000001120
B1153055614640N00947799EA0000001137
B1153115614602N00947655EA0000001145
B1153195614704N00947509EA0000001162
B1153245614760N00947585EA0000001169
B1153295614753N00947702EA0000001171
B1153345614693N00947743EA0000001181
B1153415614644N00947584EA0000001191
B1153465614691N00947459EA0000001202
B1153515614766N00947453EA0000001207
B1153575614805N00947582EA0000001206
B1154025614773N00947687EA0000001214
B1154075614709N00947690EA0000001219
B1154135614664N00947551EA0000001219
B1154185614697N00947412EA0000001231
B1154235614771N00947367EA0000001236
B1154285614832N00947437EA0000001236
B1154335614838N00947560EA0000001238
B1154385614795N00947651EA0000001251
B1154435614734N00947639EA0000001251
B1154505614693N00947457EA0000001247
B1154555614733N00947320EA0000001256
B1155015614826N00947278EA0000001258
B1155065614887N00947358EA0000001262
B1155115614894N00947481EA0000001267
B1155165614846N00947560EA0000001272
B1155215614782N00947521EA0000001268
B1155275614759N00947354EA0000001269
B1155325614809N00947233EA0000001278
B1155375614886N00947184EA0000001271
B1155435614992N00947200EA0000001269
B1155485615080N00947232EA0000001267
B1155535615170N00947272EA0000001264
B1156015615326N00947305EA0000001245
B1156065615429N00947272EA0000001236
B1156165615632N00947256EA0000001223
B1156255615812N00947321EA0000001209
B1156325615951N00947397EA0000001199
B1156375616054N00947454EA0000001192
B1156445616201N00947535EA0000001175
B1156505616329N00947598EA0000001162
B1156575616476N00947684EA0000001149
B1157055616642N00947795EA0000001135
B1157115616760N00947884EA0000001135
B1157205616932N00948009EA0000001127
B1157255617024N00948084EA0000001125
B1157315617136N00948171EA0000001107
B1157375617258N00948258EA0000001094
B1157425617360N00948337EA0000001090
B1157475617460N00948409EA0000001099
B1157535617569N00948486EA0000001129
B1157585617659N00948454EA0000001144
B1158035617699N00948310EA0000001148
B1158085617663N00948172EA0000001149
B1158145617578N00948135EA0000001156
B1158195617528N00948216EA0000001172
B1158245617524N00948328EA0000001178
B1158295617573N00948420EA0000001186
B1158355617672N00948410EA0000001192
B1158405617729N00948287EA0000001192
B1158455617727N00948128EA0000001192
B1158505617667N00948033EA0000001188
B1158555617602N00948076EA0000001203
B1159005617601N00948193EA0000001209
B1159055617649N00948306EA0000001216
B1159105617727N00948359EA0000001225
B1159155617799N00948277EA0000001235
B1159205617797N00948119EA0000001234
B1159265617718N00948054EA0000001238
B1159315617666N00948138EA0000001245
B1159365617670N00948270EA0000001254
B1159445617774N00948441EA0000001244
B1159495617858N00948529EA0000001252
B1159545617942N00948614EA0000001251
B1200015618065N00948740EA0000001253
B1200065618155N00948834EA0000001241
B1200115618247N00948929EA0000001230
B1200175618357N00949053EA0000001217
B1200225618451N00949154EA0000001215
B1200315618617N00949327EA0000001218
B1200365618716N00949408EA0000001205
B1200425618844N00949481EA0000001196
B1200475618955N00949539EA0000001186
B1200525619067N00949599EA0000001178
B1201025619291N00949719EA0000001164
B1201085619426N00949784EA0000001153
B1201185619655N00949895EA0000001136
B1201255619813N00949976EA0000001142
B1201305619915N00950041EA0000001169
B1201355620000N00950098EA0000001184
B1201415620106N00950169EA0000001163
B1201465620206N00950239EA0000001147
B1201515620310N00950316EA0000001130
B1201575620442N00950412EA0000001112
B1202035620575N00950507EA0000001104
B1202085620684N00950588EA0000001098
B1202185620889N00950763EA0000001099
B1202245621003N00950879EA0000001108
B1202325621153N00950956EA0000001164
B1202375621208N00950851EA0000001186
B1202425621192N00950718EA0000001186
B1202475621125N00950666EA0000001190
B1202525621070N00950740EA0000001205
B1202575621068N00950859EA0000001219
B1203025621124N00950947EA0000001225
B1203075621204N00950930EA0000001238
B1203125621255N00950815EA0000001248
B1203175621241N00950675EA0000001246
B1203225621174N00950603EA0000001250
B1203275621101N00950636EA0000001267
B1203325621059N00950734EA0000001285
B1203375621077N00950859EA0000001292
B1203445621185N00950885EA0000001302
B1203495621243N00950773EA0000001314
B1203555621234N00950592EA0000001322
B1204015621155N00950539EA0000001342
B1204075621120N00950651EA0000001355
B1204125621168N00950737EA0000001360
B1204175621251N00950714EA0000001359
B1204225621313N00950594EA0000001371
B1204285621321N00950410EA0000001385
B1204335621265N00950308EA0000001383
B1204385621188N00950318EA0000001386
B1204445621137N00950440EA0000001403
B1204495621164N00950558EA0000001416
B1204545621243N00950584EA0000001419
B1204595621320N00950491EA0000001435
B1205055621343N00950311EA0000001455
B1205105621298N00950199EA0000001451
B1205155621224N00950198EA0000001451
B1205205621184N00950302EA0000001459
B1205255621193N00950434EA0000001467
B1205305621250N00950526EA0000001473
B1205355621337N00950522EA0000001473
B1205415621418N00950386EA0000001498
B1205465621425N00950241EA0000001510
B1205515621377N00950141EA0000001504
B1205565621308N00950167EA0000001504
B1206015621262N00950265EA0000001512
B1206085621240N00950436EA0000001523
B1206155621277N00950620EA0000001502
B1206215621334N00950799EA0000001481
B1206275621401N00950996EA0000001458
B1206325621455N00951168EA0000001450
B1206385621518N00951371EA0000001449
B1206465621596N00951635EA0000001451
B1206515621643N00951799EA0000001452
B1206575621700N00951992EA0000001459
B1207035621749N00952176EA0000001465
B1207085621790N00952324EA0000001467
B1207135621834N00952466EA0000001472
B1207195621913N00952595EA0000001481
B1207245621990N00952672EA0000001483
B1207295622040N00952799EA0000001480
B1207345622053N00952957EA0000001482
B1207425622057N00953213EA0000001482
B1207495622069N00953438EA0000001468
B1207545622079N00953610EA0000001461
B1207595622089N00953782EA0000001458
B1208055622102N00953989EA0000001449
B1208115622114N00954198EA0000001442
B1208215622138N00954538EA0000001441
B1208265622150N00954699EA0000001448
B1208325622162N00954883EA0000001468
B1208375622170N00955025EA0000001486
B1208425622212N00955145EA0000001499
B1208485622273N00955271EA0000001519
B1208565622382N00955365EA0000001533
B1209035622482N00955257EA0000001536
B1209085622483N00955118EA0000001542
B1209135622420N00955043EA0000001539
B1209185622346N00955081EA0000001541
B1209245622308N00955228EA0000001557
B1209295622335N00955365EA0000001570
B1209345622364N00955503EA0000001591
B1209395622331N00955605EA0000001608
B1209445622271N00955564EA0000001606
B1209515622285N00955371EA0000001613
B1209565622364N00955288EA0000001628
B1210015622449N00955234EA0000001647
B1210065622503N00955118EA0000001664
B1210145622513N00954913EA0000001675
B1210225622501N00954680EA0000001652
B1210285622487N00954474EA0000001632
B1210335622473N00954293EA0000001626
B1210415622453N00953990EA0000001611
B1210485622434N00953721EA0000001613
B1210545622470N00953516EA0000001622
B1211015622538N00953300EA0000001628
B1211065622587N00953146EA0000001624
B1211125622640N00952948EA0000001624
B1211175622671N00952774EA0000001628
B1211235622699N00952555EA0000001635
B1211285622718N00952373EA0000001661
B1211335622730N00952214EA0000001681
B1211385622747N00952062EA0000001680
B1211445622771N00951874EA0000001669
B1211495622793N00951706EA0000001654
B1211555622833N00951498EA0000001664
B1212015622846N00951287EA0000001676
B1212085622866N00951049EA0000001670
B1212135622916N00950883EA0000001667
B1212205622968N00950642EA0000001667
B1212255622977N00950454EA0000001650
B1212305622976N00950241EA0000001635
B1212355622929N00950050EA0000001620
B1212405622839N00949955EA0000001652
B1212475622821N00949740EA0000001657
B1212525622875N00949589EA0000001646
B1212585622950N00949407EA0000001655
B1213035623011N00949259EA0000001660
B1213105623109N00949077EA0000001663
B1213165623192N00948910EA0000001671
B1213215623243N00948753EA0000001671
B1213265623275N00948577EA0000001668
B1213315623344N00948446EA0000001677
B1213365623415N00948331EA0000001673
B1213415623462N00948181EA0000001669
B1213465623473N00948020EA0000001677
B1213535623458N00947803EA0000001678
B1213585623442N00947654EA0000001681
B1214035623436N00947498EA0000001679
B1214085623425N00947337EA0000001675
B1214145623394N00947155EA0000001668
B1214205623399N00946948EA0000001662
B1214255623412N00946768EA0000001657
B1214305623415N00946585EA0000001653
B1214365623387N00946361EA0000001628
B1214415623406N00946161EA0000001637
B1214465623462N00945997EA0000001658
B1214535623512N00945772EA0000001677
B1214595623554N00945587EA0000001667
B1215045623574N00945410EA0000001653
B1215105623561N00945200EA0000001649
B1215165623515N00945019EA0000001633
B1215215623445N00944911EA0000001620
B1215265623361N00944833EA0000001612
B1215315623272N00944757EA0000001601
B1215365623187N00944681EA0000001605
B1215445623050N00944573EA0000001583
B1215505622940N00944499EA0000001567
B1215555622850N00944421EA0000001549
B1216025622733N00944260EA0000001539
B1216075622650N00944162EA0000001534
B1216145622527N00944105EA0000001528
B1216195622438N00944096EA0000001530
B1216255622340N00944046EA0000001548
B1216305622269N00943972EA0000001560
B1216355622230N00943835EA0000001577
B1216405622237N00943681EA0000001591
B1216465622264N00943512EA0000001594
B1216515622231N00943366EA0000001578
B1216575622206N00943152EA0000001568
B1217025622203N00942963EA0000001563
B1217085622201N00942743EA0000001556
B1217135622197N00942556EA0000001551
B1217185622190N00942375EA0000001548
B1217245622159N00942167EA0000001537
B1217295622113N00942010EA0000001532
B1217345622057N00941872EA0000001527
B1217395621995N00941744EA0000001521
B1217445621932N00941617EA0000001519
B1217505621856N00941461EA0000001507
B1217565621792N00941281EA0000001503
B1218025621735N00941093EA0000001504
B1218075621691N00940935EA0000001516
B1218135621648N00940737EA0000001516
B1218185621621N00940553EA0000001512
B1218235621594N00940366EA0000001508
B1218285621567N00940180EA0000001498
B1218335621516N00940021EA0000001489
B1218395621446N00939846EA0000001477
B1218445621385N00939704EA0000001473
B1218495621323N00939568EA0000001470
B1218545621258N00939435EA0000001458
B1218595621190N00939309EA0000001464
B1219045621125N00939190EA0000001468
B1219095621063N00939068EA0000001466
B1219145621000N00938941EA0000001461
B1219215620918N00938743EA0000001464
B1219285620831N00938543EA0000001456
B1219345620757N00938370EA0000001462
B1219415620665N00938193EA0000001448
B1219465620594N00938064EA0000001440
B1219515620518N00937941EA0000001429
B1219565620437N00937818EA0000001424
B1220035620322N00937647EA0000001419
B1220145620149N00937361EA0000001418
B1220195620073N00937233EA0000001416
B1220245620000N00937099EA0000001412
B1220305619921N00936923EA0000001404
B1220375619833N00936706EA0000001404
B1220425619772N00936550EA0000001400
B1220495619691N00936305EA0000001393
B1220545619641N00936115EA0000001391
B1221025619551N00935818EA0000001394
B1221075619483N00935647EA0000001405
B1221125619395N00935538EA0000001440
B1221185619300N00935455EA0000001452
B1221235619218N00935382EA0000001434
B1221285619125N00935313EA0000001412
B1221375618940N00935195EA0000001393
B1221425618837N00935130EA0000001390
B1221475618735N00935061EA0000001377
B1221525618631N00934984EA0000001368
B1221585618507N00934885EA0000001354
B1222035618405N00934796EA0000001346
B1222095618282N00934683EA0000001336
B1222145618177N00934591EA0000001327
B1222205618049N00934483EA0000001320
B1222255617943N00934395EA0000001313
B1222355617731N00934246EA0000001302
B1222405617627N00934186EA0000001298
B1222455617526N00934121EA0000001300
B1222525617389N00934031EA0000001298
B1222575617293N00933958EA0000001298
B1223055617145N00933846EA0000001297
B1223105617058N00933770EA0000001298
B1223155616973N00933683EA0000001301
B1223205616897N00933574EA0000001306
B1223255616841N00933433EA0000001314
B1223325616773N00933235EA0000001319
B1223375616727N00933085EA0000001315
B1223425616680N00932923EA0000001302
B1223505616604N00932644EA0000001298
B1223555616557N00932473EA0000001295
B1224005616512N00932301EA0000001288
B1224065616457N00932089EA0000001274
B1224115616404N00931902EA0000001249
B1224165616347N00931712EA0000001257
B1224245616265N00931434EA0000001262
B1224315616189N00931198EA0000001254
B1224385616127N00930948EA0000001250
B1224445616083N00930734EA0000001250
B1224505616042N00930524EA0000001251
B1224555616008N00930353EA0000001259
B1225005615976N00930188EA0000001268
B1225055615953N00930032EA0000001278
B1225115615976N00929846EA0000001282
B1225165616055N00929769EA0000001277
B1225215616127N00929838EA0000001275
B1225265616109N00929967EA0000001270
B1225315616038N00929996EA0000001285
B1225375616005N00929847EA0000001279
B1225435616087N00929740EA0000001288
B1225485616157N00929795EA0000001286
B1225535616187N00929918EA0000001283
B1225585616169N00930043EA0000001282
B1226035616105N00930089EA0000001272
B1226095616020N00929983EA0000001269
B1226145615959N00929862EA0000001273
B1226205615901N00929696EA0000001280
B1226255615850N00929581EA0000001281
B1226305615787N00929478EA0000001272
B1226355615729N00929361EA0000001285
B1226405615669N00929242EA0000001273
B1226455615602N00929111EA0000001274
B1226505615542N00928977EA0000001286
B1226575615467N00928782EA0000001273
B1227035615390N00928615EA0000001259
B1227085615316N00928484EA0000001253
B1227135615237N00928366EA0000001251
B1227185615155N00928253EA0000001247
B1227245615056N00928110EA0000001237
B1227315614940N00927949EA0000001235
B1227365614857N00927843EA0000001231
B1227415614775N00927732EA0000001224
B1227465614691N00927636EA0000001224
B1227545614560N00927491EA0000001219
B1227595614484N00927391EA0000001219
B1228045614421N00927265EA0000001218
B1228095614380N00927107EA0000001217
B1228155614331N00926915EA0000001221
B1228225614271N00926703EA0000001244
B1228275614297N00926548EA0000001259
B1228325614377N00926558EA0000001272
B1228375614396N00926673EA0000001289
B1228425614333N00926715EA0000001297
B1228475614285N00926594EA0000001313
B1228525614326N00926448EA0000001328
B1228585614419N00926448EA0000001342
B1229045614409N00926577EA0000001351
B1229095614336N00926536EA0000001361
B1229155614323N00926340EA0000001394
B1229205614385N00926240EA0000001394
B1229255614454N00926313EA0000001396
B1229305614429N00926423EA0000001409
B1229355614352N00926412EA0000001422
B1229425614273N00926263EA0000001446
B1229475614274N00926109EA0000001434
B1229535614365N00926056EA0000001421
B1229585614405N00926161EA0000001435
B1230045614406N00926287EA0000001456
B1230095614345N00926328EA0000001442
B1230155614269N00926202EA0000001463
B1230205614234N00926058EA0000001472
B1230265614217N00925868EA0000001472
B1230315614227N00925693EA0000001439
B1230445614219N00925118EA0000001401
B1230525614161N00924770EA0000001393
B1231015614056N00924407EA0000001386
B1231065613998N00924204EA0000001382
B1231115613941N00923999EA0000001378
B1231185613858N00923717EA0000001368
B1231295613748N00923255EA0000001353
B1231375613686N00922900EA0000001346
B1231435613642N00922637EA0000001344
B1231485613599N00922430EA0000001339
B1231535613557N00922223EA0000001330
B1232015613513N00921882EA0000001330
B1232065613489N00921678EA0000001342
B1232125613468N00921455EA0000001359
B1232195613436N00921223EA0000001363
B1232245613404N00921064EA0000001366
B1232315613344N00920856EA0000001367
B1232375613293N00920668EA0000001362
B1232455613231N00920397EA0000001368
B1232505613196N00920229EA0000001371
B1232565613161N00920023EA0000001379
B1233015613143N00919854EA0000001396
B1233065613146N00919673EA0000001387
B1233125613185N00919424EA0000001366
B1233185613236N00919159EA0000001356
B1233235613271N00918933EA0000001350
B1233305613311N00918620EA0000001356
B1233355613331N00918417EA0000001382
B1233425613358N00918150EA0000001395
B1233475613373N00917958EA0000001396
B1233525613394N00917760EA0000001398
B1234005613463N00917457EA0000001407
B1234055613513N00917265EA0000001420
B1234105613553N00917059EA0000001415
B1234155613580N00916828EA0000001402
B1234205613593N00916576EA0000001396
B1234255613593N00916313EA0000001399
B1234305613597N00916057EA0000001423
B1234355613620N00915809EA0000001425
B1234405613652N00915553EA0000001419
B1234455613679N00915276EA0000001416
B1234505613677N00915007EA0000001451
B1234575613628N00914674EA0000001465
B1235055613555N00914322EA0000001455
B1235105613503N00914105EA0000001447
B1235175613422N00913803EA0000001443
B1235225613360N00913598EA0000001453
B1235275613305N00913402EA0000001472
B1235345613292N00913095EA0000001453
B1235395613289N00912859EA0000001438
B1235455613287N00912570EA0000001433
B1235545613284N00912137EA0000001432
B1235595613272N00911899EA0000001436
B1236065613249N00911566EA0000001444
B1236125613223N00911285EA0000001440
B1236185613201N00910999EA0000001438
B1236275613149N00910572EA0000001420
B1236365613080N00910142EA0000001403
B1236435613017N00909811EA0000001390
B1236495612963N00909533EA0000001392
B1236555612907N00909262EA0000001386
B1237015612851N00908992EA0000001382
B1237065612806N00908767EA0000001377
B1237125612747N00908498EA0000001367
B1237185612685N00908230EA0000001359
B1237235612641N00907997EA0000001351
B1237325612570N00907570EA0000001346
B1237405612510N00907200EA0000001344
B1237475612463N00906877EA0000001341
B1237545612423N00906559EA0000001343
B1237595612398N00906338EA0000001342
B1238055612371N00906076EA0000001324
B1238125612336N00905774EA0000001320
B1238175612310N00905567EA0000001328
B1238235612274N00905333EA0000001327
B1238315612195N00905042EA0000001317
B1238365612138N00904866EA0000001325
B1238425612073N00904665EA0000001344
B1238475612056N00904492EA0000001370
B1238525612132N00904418EA0000001384
B1238575612188N00904558EA0000001376
B1239025612139N00904714EA0000001385
B1239095612031N00904602EA0000001391
B1239155612090N00904360EA0000001380
B1239205612155N00904149EA0000001392
B1239255612209N00903939EA0000001415
B1239305612260N00903739EA0000001425
B1239375612334N00903466EA0000001436
B1239425612387N00903279EA0000001430
B1239525612481N00902887EA0000001399
B1239585612522N00902631EA0000001383
B1240035612550N00902408EA0000001369
B1240085612565N00902182EA0000001369
B1240135612601N00901985EA0000001386
B1240195612677N00901803EA0000001388
B1240265612764N00901587EA0000001388
B1240325612786N00901365EA0000001387
B1240425612787N00900980EA0000001392
B1240475612792N00900797EA0000001403
B1240525612821N00900618EA0000001404
B1240575612853N00900440EA0000001407
B1241035612940N00900276EA0000001398
B1241085613007N00900137EA0000001397
B1241135612991N00859980EA0000001389
B1241185612926N00859938EA0000001381
B1241235612874N00900015EA0000001366
B1241325612813N00900246EA0000001350
B1241375612790N00900385EA0000001352
B1241445612754N00900584EA0000001348
B1241505612709N00900757EA0000001345
B1241555612666N00900898EA0000001343
B1242005612622N00901037EA0000001347
B1242075612595N00901245EA0000001344
B1242145612561N00901456EA0000001334
B1242215612512N00901662EA0000001329
B1242295612451N00901897EA0000001319
B1242345612412N00902046EA0000001310
B1242415612355N00902261EA0000001297
B1242485612295N00902475EA0000001298
B1242555612230N00902684EA0000001301
B1243025612163N00902887EA0000001309
B1243105612078N00903105EA0000001322
B1243155612036N00903249EA0000001339
B1243205612006N00903391EA0000001349
B1243295611966N00903656EA0000001351
B1243365611941N00903870EA0000001355
B1243435611916N00904096EA0000001351
B1243485611894N00904262EA0000001341
B1243535611859N00904429EA0000001333
B1243585611821N00904597EA0000001328
B1244075611751N00904899EA0000001321
B1244145611695N00905129EA0000001300
B1244215611637N00905361EA0000001285
B1244265611598N00905522EA0000001282
B1244325611547N00905717EA0000001272
B1244375611504N00905873EA0000001266
B1244435611447N00906057EA0000001253
B1244495611404N00906257EA0000001250
B1244555611382N00906473EA0000001242
B1245015611361N00906692EA0000001224
B1245065611346N00906880EA0000001215
B1245125611327N00907106EA0000001210
B1245175611309N00907291EA0000001218
B1245235611283N00907503EA0000001226
B1245285611259N00907665EA0000001236
B1245335611229N00907822EA0000001229
B1245385611185N00907970EA0000001218
B1245435611115N00908082EA0000001212
B1245485611032N00908173EA0000001209
B1245535610946N00908255EA0000001202
B1245585610854N00908330EA0000001196
B1246055610722N00908423EA0000001194
B1246125610590N00908519EA0000001199
B1246195610465N00908625EA0000001221
B1246255610375N00908708EA0000001224
B1246305610314N00908817EA0000001207
B1246375610272N00909031EA0000001209
B1246455610270N00909265EA0000001249
B1246505610307N00909373EA0000001264
B1246555610385N00909398EA0000001263
B1247025610482N00909255EA0000001279
B1247095610480N00909040EA0000001286
B1247145610421N00908935EA0000001293
B1247195610339N00908914EA0000001286
B1247245610263N00908966EA0000001292
B1247295610202N00909057EA0000001292
B1247345610144N00909164EA0000001273
B1247405610116N00909348EA0000001261
B1247465610115N00909548EA0000001250
B1247515610128N00909718EA0000001243
B1247585610147N00909971EA0000001230
B1248035610159N00910155EA0000001235
B1248095610169N00910374EA0000001228
B1248155610181N00910594EA0000001213
B1248205610193N00910779EA0000001204
B1248265610205N00911005EA0000001198
B1248315610212N00911190EA0000001194
B1248365610217N00911375EA0000001189
B1248435610228N00911640EA0000001178
B1248495610237N00911866EA0000001179
B1248545610241N00912045EA0000001183
B1248595610243N00912220EA0000001173
B1249055610253N00912428EA0000001169
B1249115610263N00912627EA0000001164
B1249175610276N00912822EA0000001158
B1249235610286N00913012EA0000001158
B1249295610290N00913190EA0000001158
B1249345610292N00913338EA0000001154
B1249405610290N00913512EA0000001157
B1249455610285N00913652EA0000001157
B1249505610259N00913785EA0000001154
B1249575610206N00913956EA0000001157
B1250035610151N00914092EA0000001160
B1250095610091N00914212EA0000001167
B1250155610012N00914256EA0000001187
B1250215609980N00914087EA0000001189
B1250265610049N00913984EA0000001196
B1250315610127N00913998EA0000001202
B1250365610173N00914093EA0000001203
B1250415610174N00914206EA0000001221
B1250465610137N00914277EA0000001218
B1250515610071N00914186EA0000001213
B1250565610095N00914020EA0000001222
B1251025610195N00913983EA0000001229
B1251075610253N00914073EA0000001237
B1251135610263N00914209EA0000001255
B1251185610209N00914268EA0000001242
B1251235610141N00914192EA0000001249
B1251285610137N00914036EA0000001244
B1251335610220N00913957EA0000001233
B1251385610308N00914012EA0000001251
B1251435610380N00914083EA0000001268
B1251505610479N00914147EA0000001266
B1251555610531N00914014EA0000001248
B1252015610457N00913915EA0000001262
B1252065610394N00913975EA0000001275
B1252135610298N00914016EA0000001272
B1252195610208N00914068EA0000001260
B1252245610161N00914176EA0000001266
B1252305610163N00914349EA0000001276
B1252365610164N00914499EA0000001295
B1252415610143N00914599EA0000001292
B1252465610077N00914530EA0000001289
B1252515610081N00914366EA0000001301
B1252575610167N00914246EA0000001311
B1253035610223N00914352EA0000001303
B1253085610179N00914424EA0000001323
B1253135610124N00914352EA0000001321
B1253185610144N00914193EA0000001327
B1253245610234N00914177EA0000001317
B1253295610214N00914299EA0000001321
B1253345610143N00914282EA0000001345
B1253395610103N00914165EA0000001341
B1253445610135N00914007EA0000001346
B1253525610266N00913955EA0000001365
B1253575610343N00914013EA0000001363
B1254055610437N00914176EA0000001349
B1254135610532N00914369EA0000001343
B1254215610640N00914574EA0000001317
B1254285610745N00914755EA0000001308
B1254355610851N00914939EA0000001294
B1254405610928N00915070EA0000001291
B1254455611002N00915199EA0000001292
B1254535611118N00915402EA0000001287
B1254585611193N00915521EA0000001282
B1255035611268N00915636EA0000001277
B1255085611343N00915753EA0000001274
B1255145611426N00915886EA0000001303
B1255205611475N00916030EA0000001309
B1255275611483N00916218EA0000001311
B1255325611481N00916345EA0000001311
B1255375611478N00916475EA0000001295
B1255435611473N00916651EA0000001275
B1255485611467N00916810EA0000001251
B1255535611459N00916981EA0000001238
B1255595611441N00917183EA0000001229
B1256055611419N00917378EA0000001223
B1256125611391N00917604EA0000001221
B1256175611363N00917757EA0000001224
B1256225611333N00917906EA0000001222
B1256285611297N00918085EA0000001213
B1256365611250N00918326EA0000001200
B1256445611196N00918585EA0000001218
B1256495611164N00918739EA0000001230
B1256545611130N00918875EA0000001267
B1257015611045N00918822EA0000001284
B1257065611059N00918662EA0000001279
B1257125611153N00918575EA0000001280
B1257175611217N00918656EA0000001293
B1257225611211N00918775EA0000001302
B1257275611144N00918790EA0000001310
B1257325611113N00918646EA0000001312
B1257385611193N00918512EA0000001321
B1257445611277N00918583EA0000001338
B1257495611287N00918702EA0000001344
B1257575611196N00918628EA0000001353
B1258025611228N00918476EA0000001378
B1258085611323N00918434EA0000001387
B1258135611367N00918538EA0000001392
B1258185611344N00918648EA0000001404
B1258245611268N00918648EA0000001405
B1258295611245N00918505EA0000001421
B1258345611281N00918367EA0000001430
B1258395611364N00918334EA0000001435
B1258445611412N00918434EA0000001443
B1258495611389N00918541EA0000001454
B1258545611339N00918616EA0000001458
B1259005611286N00918746EA0000001469
B1259065611239N00918881EA0000001482
B1259115611203N00918980EA0000001479
B1259165611168N00919090EA0000001463
B1259235611109N00919278EA0000001426
B1259285611059N00919440EA0000001407
B1259335611005N00919607EA0000001402
B1259385610945N00919767EA0000001399
B1259435610879N00919927EA0000001396
B1259505610776N00920150EA0000001398
B1259555610703N00920305EA0000001418
B1300005610638N00920435EA0000001466
B1300065610584N00920540EA0000001490
B1300115610542N00920644EA0000001466
B1300165610498N00920784EA0000001445
B1300245610427N00921038EA0000001454
B1300315610364N00921265EA0000001446
B1300375610305N00921452EA0000001452
B1300445610251N00921675EA0000001471
B1300495610232N00921806EA0000001512
B1300545610218N00921941EA0000001497
B1301005610205N00922140EA0000001494
B1301065610204N00922329EA0000001509
B1301115610194N00922479EA0000001492
B1301175610181N00922667EA0000001481
B1301225610170N00922824EA0000001467
B1301275610156N00922984EA0000001462
B1301325610147N00923147EA0000001445
B1301385610149N00923366EA0000001433
B1301445610157N00923582EA0000001438
B1301505610171N00923789EA0000001438
B1301565610205N00923988EA0000001452
B1302015610247N00924135EA0000001457
B1302065610295N00924280EA0000001442
B1302115610354N00924437EA0000001429
B1302165610422N00924586EA0000001425
B1302225610507N00924770EA0000001416
B1302285610592N00924952EA0000001414
B1302355610669N00925179EA0000001411
B1302405610715N00925341EA0000001407
B1302505610804N00925668EA0000001392
B1302565610860N00925864EA0000001383
B1303075610959N00926223EA0000001370
B1303135611010N00926415EA0000001363
B1303185611055N00926571EA0000001354
B1303255611107N00926790EA0000001345
B1303325611156N00927002EA0000001330
B1303385611216N00927170EA0000001323
B1303485611298N00927458EA0000001309
B1303545611350N00927638EA0000001292
B1303595611389N00927802EA0000001288
B1304075611442N00928068EA0000001291
B1304125611468N00928228EA0000001303
B1304185611500N00928410EA0000001286
B1304265611541N00928665EA0000001278
B1304335611573N00928898EA0000001262
B1304385611596N00929073EA0000001257
B1304465611642N00929352EA0000001251
B1304525611673N00929563EA0000001240
B1304595611711N00929813EA0000001220
B1305065611745N00930063EA0000001215
B1305155611791N00930366EA0000001208
B1305205611816N00930535EA0000001195
B1305285611849N00930809EA0000001171
B1305345611869N00931011EA0000001179
B1305455611897N00931357EA0000001162
B1305505611905N00931505EA0000001166
B1306005611915N00931769EA0000001167
B1306075611934N00931942EA0000001170
B1306135612005N00932044EA0000001170
B1306185612095N00932035EA0000001178
B1306275612161N00931795EA0000001182
B1306335612078N00931730EA0000001189
B1306435612100N00931911EA0000001192
B1306505612211N00931919EA0000001191
B1306555612277N00931824EA0000001186
B1307015612280N00931634EA0000001202
B1307065612225N00931535EA0000001205
B1307115612164N00931564EA0000001202
B1307175612199N00931673EA0000001198
B1307245612280N00931510EA0000001201
B1307295612249N00931368EA0000001212
B1307345612180N00931357EA0000001203
B1307405612156N00931474EA0000001212
B1307485612247N00931610EA0000001186
B1307545612349N00931720EA0000001171
B1307595612438N00931811EA0000001158
B1308055612539N00931932EA0000001152
B1308125612646N00932073EA0000001152
B1308175612726N00932162EA0000001139
B1308235612824N00932275EA0000001126
B1308315612958N00932425EA0000001114
B1308375613057N00932532EA0000001112
B1308465613203N00932700EA0000001090
B1308515613283N00932798EA0000001094
B1308575613373N00932917EA0000001098
B1309025613443N00933022EA0000001103
B1309085613503N00933170EA0000001125
B1309145613552N00933319EA0000001133
B1309195613595N00933433EA0000001138
B1309255613665N00933558EA0000001123
B1309335613784N00933718EA0000001100
B1309385613864N00933817EA0000001090
B1309435613947N00933913EA0000001083
B1309515614080N00934077EA0000001076
B1309575614178N00934199EA0000001079
B1310045614291N00934345EA0000001083
B1310095614362N00934443EA0000001096
B1310145614419N00934541EA0000001098
B1310205614477N00934680EA0000001079
B1310255614523N00934811EA0000001068
B1310315614576N00934973EA0000001063
B1310365614616N00935106EA0000001057
B1310415614658N00935241EA0000001049
B1310485614715N00935457EA0000001028
B1310535614754N00935618EA0000001014
B1311025614825N00935899EA0000001020
B1311085614876N00936073EA0000001029
B1311135614921N00936201EA0000001058
B1311195614930N00936334EA0000001069
B1311265614842N00936278EA0000001081
B1311315614857N00936131EA0000001090
B1311365614933N00936108EA0000001091
B1311425614960N00936226EA0000001099
B1311475614917N00936305EA0000001094
B1311525614843N00936316EA0000001099
B1311595614759N00936169EA0000001098
B1312045614770N00936004EA0000001101
B1312095614825N00935870EA0000001104
B1312145614908N00935791EA0000001103
B1312205615018N00935803EA0000001112
B1312255615078N00935890EA0000001118
B1312305615056N00936005EA0000001111
B1312355614979N00936014EA0000001114
B1312415614911N00935886EA0000001139
B1312485614969N00935725EA0000001139
B1312535615043N00935760EA0000001147
B1312585615046N00935859EA0000001145
B1313035614985N00935904EA0000001144
B1313085614915N00935853EA0000001151
B1313145614895N00935677EA0000001154
B1313205614965N00935551EA0000001164
B1313255615039N00935588EA0000001168
B1313315615031N00935712EA0000001168
B1313365614961N00935723EA0000001171
B1313415614908N00935609EA0000001170
B1313465614905N00935445EA0000001173
B1313515614949N00935302EA0000001180
B1313575615048N00935249EA0000001180
B1314045615151N00935336EA0000001187
B1314095615201N00935440EA0000001181
B1314165615255N00935621EA0000001156
B1314255615326N00935879EA0000001126
B1314325615391N00936093EA0000001118
B1314395615458N00936303EA0000001118
B1314465615523N00936509EA0000001113
B1314515615571N00936656EA0000001106
B1314575615626N00936839EA0000001096
B1315075615717N00937146EA0000001085
B1315155615794N00937388EA0000001067
B1315225615863N00937598EA0000001055
B1315275615910N00937743EA0000001051
B1315335615966N00937922EA0000001040
B1315385616013N00938074EA0000001035
B1315445616069N00938261EA0000001023
B1315505616132N00938443EA0000001032
B1315555616178N00938575EA0000001046
B1316015616230N00938730EA0000001045
B1316065616277N00938858EA0000001025
B1316125616343N00939020EA0000001005
B1316175616404N00939153EA0000000994
B1316325616581N00939565EA0000000967
B1316375616635N00939705EA0000000956
B1316435616697N00939878EA0000000955
B1316485616746N00940017EA0000000973
B1316535616788N00940143EA0000000996
B1317045616938N00940091EA0000001015
B1317105616908N00939920EA0000001029
B1317155616838N00939900EA0000001043
B1317205616799N00939985EA0000001046
B1317255616825N00940085EA0000001049
B1317305616897N00940099EA0000001052
B1317355616963N00940010EA0000001055
B1317405616978N00939856EA0000001059
B1317455616934N00939728EA0000001076
B1317505616864N00939728EA0000001090
B1317565616838N00939849EA0000001097
B1318015616892N00939919EA0000001099
B1318065616965N00939856EA0000001102
B1318125616993N00939672EA0000001111
B1318195616940N00939502EA0000001134
B1318245616875N00939523EA0000001144
B1318305616876N00939647EA0000001160
B1318355616945N00939670EA0000001159
B1318405617008N00939569EA0000001165
B1318455617021N00939416EA0000001179
B1318505616964N00939331EA0000001182
B1318555616913N00939403EA0000001197
B1319005616942N00939502EA0000001211
B1319055617016N00939478EA0000001217
B1319105617052N00939340EA0000001227
B1319155617022N00939209EA0000001232
B1319205616954N00939180EA0000001241
B1319265616915N00939284EA0000001256
B1319315616955N00939376EA0000001260
B1319375617047N00939350EA0000001268
B1319425617095N00939220EA0000001276
B1319505617056N00939004EA0000001287
B1319555616990N00939002EA0000001292
B1320005616966N00939102EA0000001306
B1320055616997N00939201EA0000001318
B1320115617087N00939195EA0000001327
B1320165617135N00939067EA0000001334
B1320215617108N00938928EA0000001346
B1320265617042N00938887EA0000001346
B1320315616985N00938944EA0000001355
B1320365616968N00939051EA0000001363
B1320435617000N00939210EA0000001356
B1320495617028N00939367EA0000001355
B1320575617047N00939582EA0000001356
B1321025617051N00939723EA0000001359
B1321075617057N00939865EA0000001360
B1321125617071N00940009EA0000001359
B1321175617084N00940152EA0000001361
B1321265617118N00940405EA0000001376
B1321315617136N00940537EA0000001371
B1321365617151N00940672EA0000001357
B1321465617155N00940959EA0000001336
B1321545617136N00941213EA0000001319
B1321595617126N00941380EA0000001306
B1322055617116N00941583EA0000001295
B1322125617085N00941808EA0000001284
B1322175617054N00941963EA0000001270
B1322225617034N00942125EA0000001262
B1322285617023N00942321EA0000001266
B1322365617026N00942577EA0000001249
B1322465617000N00942901EA0000001237
B1322515616980N00943061EA0000001243
B1322565616964N00943204EA0000001261
B1323025616967N00943363EA0000001277
B1323075617024N00943462EA0000001278
B1323125617114N00943444EA0000001273
B1323175617177N00943310EA0000001267
B1323225617170N00943151EA0000001267
B1323275617108N00943053EA0000001253
B1323345617000N00942951EA0000001251
B1323405616907N00942889EA0000001253
B1323455616838N00942918EA0000001250
B1323505616790N00943018EA0000001238
B1323585616753N00943230EA0000001223
B1324045616853N00943290EA0000001204
B1324095616933N00943159EA0000001202
B1324165616971N00942894EA0000001204
B1324215616959N00942709EA0000001201
B1324285616927N00942447EA0000001192
B1324345616883N00942230EA0000001194
B1324405616824N00942033EA0000001194
B1324495616734N00941746EA0000001213
B1324545616663N00941653EA0000001231
B1324595616592N00941687EA0000001246
B1325045616594N00941805EA0000001260
B1325095616668N00941826EA0000001259
B1325145616734N00941714EA0000001255
B1325195616745N00941542EA0000001260
B1325245616722N00941369EA0000001266
B1325325616668N00941109EA0000001271
B1325375616634N00940937EA0000001265
B1325435616590N00940714EA0000001267
B1325485616554N00940526EA0000001266
B1325535616519N00940336EA0000001260
B1325585616485N00940144EA0000001252
B1326045616434N00939915EA0000001235
B1326095616384N00939724EA0000001228
B1326165616321N00939453EA0000001220
B1326225616265N00939222EA0000001212
B1326275616213N00939034EA0000001204
B1326335616147N00938816EA0000001206
B1326395616075N00938621EA0000001230
B1326455615996N00938464EA0000001252
B1326505615998N00938302EA0000001252
B1326555616075N00938208EA0000001259
B1327005616154N00938237EA0000001265
B1327055616191N00938351EA0000001278
B1327105616162N00938462EA0000001284
B1327155616082N00938466EA0000001296
B1327205616036N00938327EA0000001305
B1327255616063N00938167EA0000001307
B1327315616155N00938086EA0000001318
B1327365616216N00938163EA0000001327
B1327425616205N00938308EA0000001338
B1327475616131N00938352EA0000001345
B1327555616049N00938156EA0000001357
B1328015616090N00937961EA0000001357
B1328065616156N00937835EA0000001367
B1328125616260N00937805EA0000001377
B1328175616316N00937895EA0000001387
B1328225616293N00938010EA0000001389
B1328345616176N00937822EA0000001421
B1328395616250N00937747EA0000001427
B1328445616304N00937832EA0000001442
B1328495616263N00937918EA0000001444
B1328545616184N00937880EA0000001455
B1329015616143N00937668EA0000001473
B1329065616194N00937526EA0000001479
B1329115616277N00937502EA0000001484
B1329165616324N00937601EA0000001498
B1329215616289N00937697EA0000001503
B1329265616210N00937677EA0000001510
B1329315616164N00937532EA0000001516
B1329365616191N00937363EA0000001520
B1329415616274N00937306EA0000001525
B1329475616344N00937409EA0000001531
B1329525616321N00937530EA0000001539
B1329575616235N00937533EA0000001544
B1330025616171N00937404EA0000001557
B1330075616181N00937228EA0000001562
B1330125616258N00937130EA0000001567
B1330175616339N00937166EA0000001571
B1330235616361N00937313EA0000001585
B1330285616302N00937404EA0000001579
B1330335616206N00937373EA0000001595
B1330385616141N00937240EA0000001608
B1330435616130N00937064EA0000001618
B1330495616190N00936897EA0000001622
B1330545616272N00936846EA0000001623
B1330595616347N00936897EA0000001623
B1331045616372N00937020EA0000001626
B1331105616316N00937148EA0000001643
B1331165616214N00937128EA0000001654
B1331215616153N00936987EA0000001670
B1331265616136N00936823EA0000001680
B1331325616139N00936615EA0000001668
B1331375616106N00936423EA0000001650
B1331425616051N00936228EA0000001635
B1331475615988N00936043EA0000001627
B1331565615889N00935724EA0000001625
B1332025615819N00935520EA0000001608
B1332075615751N00935346EA0000001585
B1332135615663N00935138EA0000001578
B1332215615542N00934861EA0000001574
B1332275615454N00934651EA0000001570
B1332345615351N00934413EA0000001561
B1332395615275N00934241EA0000001548
B1332445615201N00934061EA0000001540
B1332495615138N00933885EA0000001548
B1332565615045N00933639EA0000001523
B1333015614970N00933473EA0000001522
B1333065614901N00933322EA0000001535
B1333145614793N00933088EA0000001527
B1333205614703N00932922EA0000001525
B1333255614629N00932776EA0000001528
B1333315614553N00932598EA0000001555
B1333365614498N00932462EA0000001557
B1333415614432N00932329EA0000001542
B1333465614363N00932182EA0000001525
B1333525614294N00931964EA0000001514
B1334005614203N00931665EA0000001498
B1334055614136N00931473EA0000001480
B1334135614024N00931152EA0000001469
B1334205613924N00930868EA0000001464
B1334265613839N00930632EA0000001462
B1334315613770N00930431EA0000001457
B1334385613680N00930149EA0000001456
B1334455613591N00929870EA0000001447
B1334505613528N00929672EA0000001446
B1334585613428N00929368EA0000001441
B1335035613369N00929180EA0000001436
B1335095613301N00928965EA0000001429
B1335145613254N00928776EA0000001416
B1335195613232N00928568EA0000001412
B1335255613217N00928322EA0000001440
B1335315613238N00928123EA0000001456
B1335375613345N00928094EA0000001442
B1335445613372N00928263EA0000001461
B1335505613294N00928285EA0000001470
B1335565613300N00928099EA0000001471
B1336015613387N00928090EA0000001471
B1336085613391N00928263EA0000001480
B1336145613307N00928269EA0000001482
B1336195613286N00928103EA0000001483
B1336275613417N00928016EA0000001489
B1336325613431N00928144EA0000001501
B1336375613383N00928222EA0000001519
B1336425613319N00928256EA0000001514
B1336475613244N00928217EA0000001508
B1336535613179N00928042EA0000001492
B1336595613132N00927824EA0000001489
B1337065613084N00927557EA0000001460
B1337115613054N00927338EA0000001455
B1337165613027N00927114EA0000001452
B1337215613003N00926885EA0000001458
B1337265612998N00926667EA0000001481
B1337325613003N00926446EA0000001496
B1337375613008N00926257EA0000001497
B1337435613020N00926028EA0000001495
B1337515613039N00925719EA0000001501
B1337575613038N00925486EA0000001503
B1338025613029N00925294EA0000001502
B1338075613021N00925105EA0000001501
B1338135613017N00924874EA0000001490
B1338185613058N00924693EA0000001480
B1338235613130N00924533EA0000001462
B1338315613248N00924272EA0000001461
B1338375613341N00924081EA0000001455
B1338425613420N00923932EA0000001453
B1338485613519N00923760EA0000001453
B1338545613613N00923583EA0000001449
B1339025613744N00923358EA0000001439
B1339075613821N00923211EA0000001434
B1339155613943N00922987EA0000001427
B1339215614040N00922828EA0000001421
B1339285614150N00922637EA0000001415
B1339335614224N00922495EA0000001409
B1339395614310N00922307EA0000001395
B1339445614361N00922117EA0000001393
B1339515614365N00921824EA0000001389
B1339565614336N00921613EA0000001370
B1340045614280N00921267EA0000001353
B1340105614236N00921013EA0000001341
B1340155614203N00920800EA0000001334
B1340235614155N00920448EA0000001316
B1340285614129N00920227EA0000001317
B1340355614096N00919921EA0000001309
B1340405614069N00919697EA0000001303
B1340455614042N00919476EA0000001305
B1340505614021N00919261EA0000001300
B1340585613984N00918922EA0000001288
B1341055613950N00918632EA0000001268
B1341115613918N00918377EA0000001260
B1341165613896N00918173EA0000001266
B1341225613872N00917934EA0000001294
B1341275613821N00917795EA0000001313
B1341325613765N00917660EA0000001317
B1341375613724N00917511EA0000001334
B1341435613705N00917316EA0000001340
B1341485613730N00917152EA0000001329
B1341545613797N00916980EA0000001320
B1342015613863N00916756EA0000001313
B1342065613902N00916582EA0000001299
B1342125613958N00916369EA0000001288
B1342175613997N00916180EA0000001310
B1342225614019N00916001EA0000001345
B1342275614044N00915843EA0000001350
B1342325614063N00915672EA0000001346
B1342375614078N00915504EA0000001366
B1342435614092N00915321EA0000001387
B1342485614104N00915168EA0000001405
B1342535614122N00915016EA0000001396
B1342585614168N00914857EA0000001391
B1343045614244N00914678EA0000001405
B1343095614310N00914537EA0000001419
B1343145614380N00914401EA0000001429
B1343215614477N00914200EA0000001439
B1343295614574N00913963EA0000001443
B1343345614638N00913801EA0000001423
B1343405614724N00913595EA0000001412
B1343475614830N00913349EA0000001390
B1343525614911N00913173EA0000001374
B1343575614997N00913005EA0000001361
B1344055615143N00912744EA0000001346
B1344105615233N00912583EA0000001363
B1344155615309N00912438EA0000001379
B1344205615380N00912297EA0000001374
B1344255615456N00912156EA0000001363
B1344315615554N00911990EA0000001361
B1344365615630N00911848EA0000001392
B1344415615715N00911800EA0000001419
B1344465615730N00911900EA0000001433
B1344515615665N00911890EA0000001448
B1345025615734N00911644EA0000001489
B1345085615762N00911758EA0000001512
B1345165615675N00911678EA0000001541
B1345215615710N00911530EA0000001562
B1345275615808N00911535EA0000001575
B1345325615816N00911639EA0000001594
B1345375615753N00911651EA0000001611
B1345435615723N00911481EA0000001630
B1345485615763N00911297EA0000001626
B1345535615804N00911089EA0000001627
B1345585615838N00910867EA0000001609
B1346045615888N00910574EA0000001596
B1346095615942N00910328EA0000001607
B1346155616012N00910053EA0000001619
B1346205616068N00909828EA0000001608
B1346275616155N00909511EA0000001590
B1346335616231N00909236EA0000001582
B1346385616296N00909008EA0000001575
B1346435616361N00908774EA0000001568
B1346485616424N00908541EA0000001574
B1346545616488N00908266EA0000001586
B1346595616531N00908034EA0000001583
B1347055616571N00907747EA0000001573
B1347115616612N00907450EA0000001559
B1347165616645N00907201EA0000001548
B1347225616687N00906905EA0000001544
B1347295616731N00906558EA0000001532
B1347345616761N00906310EA0000001535
B1347395616791N00906064EA0000001525
B1347445616821N00905812EA0000001513
B1347535616831N00905364EA0000001518
B1347585616817N00905125EA0000001511
B1348035616797N00904886EA0000001511
B1348105616754N00904558EA0000001489
B1348195616670N00904143EA0000001466
B1348255616616N00903859EA0000001444
B1348315616561N00903583EA0000001464
B1348415616450N00903166EA0000001464
B1348475616371N00902919EA0000001454
B1348575616300N00902454EA0000001462
B1349035616275N00902192EA0000001505
B1349105616237N00901921EA0000001518
B1349185616160N00901642EA0000001515
B1349235616103N00901473EA0000001514
B1349295616034N00901273EA0000001509
B1349365615936N00901069EA0000001501
B1349455615801N00900820EA0000001493
B1349525615696N00900631EA0000001489
B1349585615608N00900461EA0000001481
B1350045615523N00900286EA0000001477
B1350095615454N00900136EA0000001469
B1350145615385N00859978EA0000001461
B1350205615303N00859786EA0000001455
B1350275615204N00859566EA0000001453
B1350345615102N00859352EA0000001441
B1350395615027N00859199EA0000001433
B1350495614875N00858906EA0000001429
B1350555614780N00858739EA0000001414
B1351035614646N00858515EA0000001403
B1351095614541N00858354EA0000001395
B1351185614378N00858096EA0000001377
B1351255614251N00857891EA0000001367
B1351305614160N00857749EA0000001370
B1351355614076N00857604EA0000001386
B1351415614021N00857378EA0000001389
B1351475613990N00857133EA0000001376
B1351565613969N00856749EA0000001371
B1352015613957N00856538EA0000001368
B1352085613939N00856245EA0000001364
B1352145613909N00855998EA0000001360
B1352225613829N00855700EA0000001352
B1352315613696N00855430EA0000001344
B1352365613610N00855314EA0000001342
B1352445613474N00855114EA0000001325
B1352515613403N00854850EA0000001323
B1352575613358N00854605EA0000001308
B1353035613305N00854359EA0000001307
B1353085613262N00854166EA0000001338
B1353145613217N00853965EA0000001346
B1353205613164N00853765EA0000001321
B1353255613112N00853579EA0000001300
B1353305613066N00853377EA0000001295
B1353385613002N00853040EA0000001280
B1353445612958N00852782EA0000001276
B1353525612903N00852436EA0000001269
B1354005612855N00852086EA0000001259
B1354065612820N00851818EA0000001250
B1354125612786N00851548EA0000001243
B1354185612755N00851274EA0000001239
B1354255612723N00850956EA0000001236
B1354325612692N00850638EA0000001231
B1354375612671N00850410EA0000001225
B1354435612644N00850136EA0000001215
B1354495612621N00849863EA0000001207
B1354545612599N00849640EA0000001203
B1355025612564N00849296EA0000001209
B1355125612530N00848881EA0000001209
B1355175612515N00848673EA0000001204
B1355225612502N00848461EA0000001204
B1355285612472N00848219EA0000001206
B1355335612438N00848025EA0000001202
B1355435612354N00847662EA0000001215
B1355485612318N00847500EA0000001253
B1355555612338N00847292EA0000001259
B1356015612411N00847143EA0000001260
B1356065612496N00847112EA0000001263
B1356115612558N00847196EA0000001268
B1356165612562N00847326EA0000001275
B1356215612525N00847429EA0000001279
B1356265612452N00847449EA0000001279
B1356315612373N00847400EA0000001282
B1356385612266N00847283EA0000001273
B1356445612169N00847174EA0000001264
B1356545611994N00847022EA0000001252
B1357025611840N00847003EA0000001246
B1357095611706N00847029EA0000001237
B1357165611568N00847044EA0000001229
B1357225611442N00847023EA0000001232
B1357275611343N00846975EA0000001251
B1357335611249N00846861EA0000001274
B1357395611183N00846681EA0000001262
B1357445611123N00846521EA0000001243
B1357505611039N00846319EA0000001219
B1357555610963N00846147EA0000001206
B1358025610860N00845890EA0000001195
B1358085610772N00845671EA0000001185
B1358135610694N00845494EA0000001179
B1358195610599N00845288EA0000001178
B1358255610505N00845081EA0000001165
B1358305610428N00844898EA0000001153
B1358375610321N00844643EA0000001155
B1358445610214N00844400EA0000001149
B1358535610068N00844088EA0000001137
B1358595609972N00843874EA0000001133
B1359055609873N00843665EA0000001128
B1359115609777N00843454EA0000001130
B1359175609698N00843226EA0000001138
B1359225609644N00843027EA0000001141
B1359295609570N00842765EA0000001155
B1359365609489N00842527EA0000001161
B1359415609427N00842368EA0000001164
B1359475609349N00842185EA0000001162
B1359525609283N00842033EA0000001155
B1359575609217N00841877EA0000001149
B1400025609151N00841716EA0000001143
B1400125609017N00841398EA0000001134
B1400175608958N00841229EA0000001128
B1400225608918N00841041EA0000001126
B1400315608884N00840678EA0000001128
B1400375608878N00840446EA0000001143
B1400425608891N00840276EA0000001156
B1400485608917N00840077EA0000001148
B1400535608946N00839907EA0000001144
B1400585608984N00839735EA0000001142
B1401045609033N00839529EA0000001132
B1401115609091N00839286EA0000001124
B1401195609151N00839003EA0000001122
B1401265609182N00838748EA0000001121
B1401315609205N00838563EA0000001110
B1401375609248N00838338EA0000001097
B1401425609289N00838147EA0000001086
B1401485609342N00837912EA0000001072
B1401555609391N00837620EA0000001059
B1402035609424N00837279EA0000001047
B1402095609428N00837028EA0000001051
B1402145609395N00836839EA0000001045
B1402215609323N00836588EA0000001033
B1402295609238N00836316EA0000001036
B1402345609199N00836147EA0000001043
B1402445609139N00835792EA0000001040
B1402495609114N00835611EA0000001044
B1402545609093N00835436EA0000001048
B1403015609035N00835243EA0000001072
B1403065608969N00835247EA0000001083
B1403115608948N00835350EA0000001098
B1403165608985N00835455EA0000001112
B1403215609064N00835482EA0000001108
B1403295609194N00835356EA0000001107
B1403345609264N00835236EA0000001104
B1403525609555N00834835EA0000001098
B1404085609838N00834516EA0000001084
B1404165609984N00834357EA0000001078
B1404335610284N00834030EA0000001080
B1404405610409N00833913EA0000001088
B1404455610503N00833929EA0000001092
B1404505610560N00834045EA0000001096
B1404565610592N00834217EA0000001099
B1405015610589N00834364EA0000001100
B1405085610570N00834567EA0000001105
B1405135610555N00834710EA0000001092
B1405185610539N00834861EA0000001086
B1405235610523N00835015EA0000001076
B1405285610502N00835172EA0000001069
B1405355610445N00835383EA0000001058
B1405435610360N00835623EA0000001049
B1405555610233N00835963EA0000001063
B1406035610155N00836188EA0000001036
B1406085610104N00836337EA0000001034
B1406145610054N00836521EA0000001026
B1406195610017N00836679EA0000001018
B1406255609973N00836869EA0000001004
B1406355609882N00837179EA0000000985
B1406405609814N00837307EA0000000974
B1406455609738N00837432EA0000000967
B1406515609644N00837571EA0000000968
B1406565609561N00837670EA0000000965
B1407025609460N00837785EA0000000969
B1407075609380N00837874EA0000000990
B1407165609250N00837984EA0000001015
B1407215609174N00838009EA0000001016
B1407275609079N00837934EA0000000999
B1407335609009N00837759EA0000000986
B1408025608945N00836779EA0000001020
B1408075608923N00836875EA0000001031
B1408175609065N00836845EA0000001046
B1408275609052N00836568EA0000001062
B1408325608993N00836557EA0000001070
B1408385608963N00836661EA0000001077
B1408445608997N00836791EA0000001070
B1408535608999N00837044EA0000001056
B1409015608945N00837275EA0000001045
B1409095608878N00837510EA0000001042
B1409165608815N00837722EA0000001030
B1409225608759N00837893EA0000001025
B1409295608687N00838083EA0000001017
B1409345608633N00838217EA0000001022
B1409395608580N00838335EA0000001047
B1409455608522N00838445EA0000001067
B1409515608446N00838483EA0000001083
B1409585608418N00838289EA0000001095
B1410045608511N00838196EA0000001117
B1410095608569N00838287EA0000001123
B1410145608545N00838396EA0000001133
B1410205608468N00838362EA0000001139
B1410255608450N00838205EA0000001151
B1410325608533N00838012EA0000001162
B1410385608625N00838084EA0000001177
B1410435608598N00838192EA0000001183
B1410485608536N00838147EA0000001195
B1410535608537N00837985EA0000001200
B1410585608618N00837889EA0000001217
B1411035608697N00837942EA0000001220
B1411095608703N00838087EA0000001227
B1411145608647N00838117EA0000001237
B1411195608602N00838018EA0000001239
B1411245608606N00837856EA0000001246
B1411295608664N00837713EA0000001255
B1411345608755N00837668EA0000001261
B1411405608831N00837780EA0000001261
B1411485608838N00838026EA0000001234
B1411545608827N00838244EA0000001225
B1411595608803N00838427EA0000001233
B1412045608768N00838589EA0000001237
B1412095608740N00838756EA0000001228
B1412155608706N00838944EA0000001234
B1412205608679N00839092EA0000001233
B1412255608646N00839234EA0000001226
B1412335608555N00839409EA0000001237
B1412395608478N00839512EA0000001250
B1412445608410N00839591EA0000001239
B1412515608303N00839688EA0000001230
B1413005608142N00839775EA0000001220
B1413055608045N00839820EA0000001207
B1413115607923N00839873EA0000001202
B1413165607820N00839916EA0000001190
B1413215607714N00839966EA0000001183
B1413265607609N00840018EA0000001185
B1413315607505N00840069EA0000001178
B1413385607352N00840134EA0000001166
B1413455607207N00840192EA0000001172
B1413505607106N00840225EA0000001166
B1413555607003N00840260EA0000001159
B1414025606865N00840319EA0000001159
B1414085606748N00840369EA0000001151
B1414175606569N00840445EA0000001141
B1414265606385N00840492EA0000001130
B1414335606241N00840534EA0000001123
B1414425606062N00840591EA0000001117
B1414535605848N00840676EA0000001107
B1414585605755N00840715EA0000001104
B1415055605624N00840777EA0000001093
B1415175605398N00840892EA0000001081
B1415235605287N00840951EA0000001077
B1415295605178N00841014EA0000001062
B1415375605021N00841086EA0000001045
B1415445604881N00841134EA0000001033
B1415495604780N00841161EA0000001023
B1415545604676N00841182EA0000001014
B1416045604469N00841260EA0000001032
B1416095604385N00841314EA0000001068
B1416145604377N00841442EA0000001067
B1416285604499N00841250EA0000001097
B1416355604409N00841265EA0000001107
B1416405604401N00841378EA0000001111
B1416455604457N00841455EA0000001111
B1416585604500N00841149EA0000001111
B1417045604415N00841167EA0000001115
B1417105604326N00841209EA0000001115
B1417175604229N00841262EA0000001133
B1417225604163N00841306EA0000001130
B1417275604091N00841357EA0000001131
B1417325604018N00841402EA0000001144
B1417375603948N00841441EA0000001156
B1417425603875N00841401EA0000001158
B1417485603883N00841208EA0000001165
B1417535603967N00841188EA0000001161
B1417585603988N00841297EA0000001169
B1418045603931N00841390EA0000001183
B1418125603843N00841280EA0000001188
B1418175603895N00841142EA0000001187
B1418225603976N00841171EA0000001185
B1418275603985N00841300EA0000001201
B1418325603934N00841369EA0000001210
B1418375603879N00841261EA0000001213
B1418435603942N00841110EA0000001219
B1418485604013N00841165EA0000001227
B1418535603990N00841269EA0000001234
B1419005603904N00841154EA0000001244
B1419055603945N00841011EA0000001247
B1419105604028N00841022EA0000001253
B1419155604057N00841134EA0000001267
B1419205604020N00841228EA0000001270
B1419265603933N00841186EA0000001273
B1419315603918N00841033EA0000001281
B1419375604006N00840941EA0000001279
B1419425604051N00841043EA0000001291
B1419475604034N00841157EA0000001299
B1419535603969N00841254EA0000001288
B1419585603887N00841296EA0000001288
B1420035603801N00841296EA0000001300
B1420115603664N00841277EA0000001303
B1420165603575N00841250EA0000001310
B1420225603474N00841196EA0000001316
B1420275603390N00841149EA0000001321
B1420345603281N00841061EA0000001339
B1420395603204N00840980EA0000001325
B1420465603076N00840870EA0000001304
B1420515602976N00840792EA0000001293
B1420595602808N00840672EA0000001276
B1421045602704N00840582EA0000001263
B1421135602516N00840435EA0000001244
B1421185602411N00840363EA0000001232
B1421275602219N00840241EA0000001213
B1421355602047N00840134EA0000001205
B1421405601946N00840072EA0000001215
B1421455601867N00840014EA0000001229
B1421505601779N00839962EA0000001196
B1421565601660N00839897EA0000001190
B1422045601507N00839790EA0000001187
B1422095601415N00839722EA0000001186
B1422145601325N00839645EA0000001178
B1422225601181N00839520EA0000001170
B1422275601091N00839456EA0000001163
B1422365600930N00839345EA0000001161
B1422435600812N00839260EA0000001165
B1422485600728N00839214EA0000001149
B1422535600634N00839197EA0000001134
B1422595600519N00839199EA0000001122
B1423045600429N00839234EA0000001121
B1423095600344N00839288EA0000001128
B1423165600255N00839393EA0000001156
B1423215600202N00839475EA0000001139
B1423265600147N00839568EA0000001114
B1423325600079N00839708EA0000001088
B1423375600019N00839829EA0000001090
B1423445559908N00839937EA0000001104
B1423495559829N00840012EA0000001106
B1423575559708N00840154EA0000001116
B1424025559640N00840253EA0000001124
B1424075559571N00840358EA0000001133
B1424125559513N00840456EA0000001169
B1424195559447N00840582EA0000001179
B1424245559404N00840674EA0000001191
B1424315559337N00840809EA0000001195
B1424365559289N00840904EA0000001212
B1424415559246N00840988EA0000001219
B1424465559205N00841082EA0000001205
B1424525559145N00841219EA0000001183
B1424585559088N00841368EA0000001196
B1425055559010N00841532EA0000001179
B1425115558932N00841673EA0000001187
B1425175558866N00841821EA0000001188
B1425245558790N00841996EA0000001182
B1425295558736N00842118EA0000001186
B1425365558662N00842281EA0000001186
B1425425558594N00842404EA0000001179
B1425485558525N00842533EA0000001167
B1425565558456N00842747EA0000001166
B1426035558400N00842935EA0000001163
B1426085558356N00843069EA0000001154
B1426135558301N00843197EA0000001147
B1426185558259N00843338EA0000001149
B1426245558218N00843513EA0000001149
B1426305558167N00843668EA0000001156
B1426385558077N00843839EA0000001142
B1426445558000N00843949EA0000001145
B1426495557936N00844043EA0000001146
B1426545557871N00844140EA0000001158
B1426595557811N00844233EA0000001173
B1427065557719N00844341EA0000001180
B1427125557639N00844429EA0000001183
B1427175557584N00844522EA0000001197
B1427235557525N00844639EA0000001181
B1427295557464N00844766EA0000001171
B1427345557408N00844868EA0000001168
B1427425557304N00845027EA0000001164
B1427485557222N00845154EA0000001142
B1427535557168N00845284EA0000001142
B1427595557107N00845432EA0000001140
B1428055557045N00845584EA0000001139
B1428115556986N00845737EA0000001147
B1428165556941N00845868EA0000001153
B1428215556891N00845996EA0000001160
B1428285556819N00846150EA0000001194
B1428335556767N00846223EA0000001201
B1428385556727N00846317EA0000001210
B1428455556670N00846451EA0000001209
B1428505556607N00846524EA0000001217
B1428565556528N00846594EA0000001225
B1429015556460N00846650EA0000001210
B1429065556375N00846680EA0000001198
B1429115556286N00846689EA0000001197
B1429175556181N00846701EA0000001192
B1429245556056N00846715EA0000001193
B1429345555881N00846730EA0000001183
B1429405555775N00846737EA0000001187
B1429485555638N00846749EA0000001179
B1429535555548N00846745EA0000001176
B1430005555421N00846670EA0000001181
B1430075555303N00846593EA0000001185
B1430125555216N00846532EA0000001178
B1430185555110N00846471EA0000001192
B1430235555024N00846456EA0000001195
B1430295554931N00846511EA0000001186
B1430365554832N00846608EA0000001192
B1430425554796N00846754EA0000001201
B1430475554785N00846879EA0000001221
B1430525554809N00846987EA0000001239
B1430575554888N00846984EA0000001243
B1431035554925N00846811EA0000001252
B1431085554869N00846720EA0000001253
B1431135554803N00846765EA0000001265
B1431195554808N00846876EA0000001279
B1431245554891N00846866EA0000001278
B1431315554919N00846671EA0000001298
B1431365554849N00846619EA0000001293
B1431425554793N00846702EA0000001314
B1431475554837N00846785EA0000001308
B1431525554921N00846732EA0000001322
B1431575554944N00846576EA0000001337
B1432025554884N00846494EA0000001340
B1432075554854N00846572EA0000001348
B1432125554923N00846614EA0000001346
B1432185554990N00846449EA0000001363
B1432235554949N00846318EA0000001379
B1432285554891N00846351EA0000001385
B1432335554917N00846447EA0000001389
B1432385555001N00846415EA0000001392
B1432445555011N00846220EA0000001407
B1432495554940N00846171EA0000001423
B1432545554920N00846263EA0000001432
B1433005555005N00846300EA0000001433
B1433055555056N00846152EA0000001446
B1433105555022N00846007EA0000001468
B1433165554948N00846018EA0000001474
B1433215554967N00846118EA0000001479
B1433265555048N00846107EA0000001486
B1433335555108N00845907EA0000001517
B1433385555067N00845781EA0000001526
B1433435555003N00845788EA0000001535
B1433505555025N00845914EA0000001546
B1433555555107N00845892EA0000001557
B1434025555138N00845676EA0000001576
B1434075555078N00845572EA0000001576
B1434125554986N00845560EA0000001555
B1434195554858N00845676EA0000001541
B1434255554759N00845833EA0000001537
B1434335554642N00846064EA0000001521
B1434385554573N00846214EA0000001516
B1434435554508N00846363EA0000001518
B1434495554435N00846536EA0000001512
B1434565554343N00846729EA0000001491
B1435035554257N00846929EA0000001483
B1435115554169N00847162EA0000001475
B1435175554102N00847328EA0000001475
B1435225554029N00847424EA0000001478
B1435285553929N00847503EA0000001470
B1435365553785N00847578EA0000001470
B1435425553676N00847620EA0000001463
B1435485553569N00847683EA0000001456
B1435535553501N00847788EA0000001448
B1435585553456N00847930EA0000001441
B1436035553426N00848088EA0000001430
B1436085553400N00848255EA0000001426
B1436135553376N00848423EA0000001426
B1436185553351N00848574EA0000001438
B1436265553315N00848788EA0000001443
B1436325553289N00848948EA0000001428
B1436395553268N00849143EA0000001442
B1436475553249N00849356EA0000001440
B1436525553242N00849496EA0000001454
B1436575553236N00849619EA0000001474
B1437025553230N00849733EA0000001469
B1437075553222N00849861EA0000001465
B1437125553208N00849978EA0000001473
B1437175553165N00850060EA0000001479
B1437235553093N00850123EA0000001476
B1437285553027N00850169EA0000001471
B1437345552948N00850246EA0000001457
B1437395552890N00850334EA0000001457
B1437465552824N00850473EA0000001454
B1437535552757N00850632EA0000001440
B1437595552703N00850777EA0000001453
B1438045552666N00850895EA0000001461
B1438125552615N00851085EA0000001452
B1438215552563N00851313EA0000001439
B1438275552534N00851469EA0000001435
B1438325552509N00851595EA0000001428
B1438375552480N00851724EA0000001417
B1438435552440N00851883EA0000001412
B1438495552394N00852038EA0000001411
B1438555552350N00852177EA0000001418
B1439015552315N00852321EA0000001436
B1439075552287N00852443EA0000001452
B1439125552261N00852543EA0000001436
B1439175552226N00852658EA0000001426
B1439245552166N00852814EA0000001427
B1439295552133N00852933EA0000001425
B1439345552124N00853072EA0000001425
B1439415552119N00853266EA0000001426
B1439475552117N00853437EA0000001432
B1439545552113N00853628EA0000001445
B1440015552061N00853796EA0000001424
B1440085551968N00853942EA0000001403
B1440165551856N00854107EA0000001390
B1440245551739N00854260EA0000001388
B1440315551635N00854377EA0000001385
B1440375551547N00854474EA0000001378
B1440425551476N00854560EA0000001376
B1440475551418N00854666EA0000001384
B1440535551387N00854814EA0000001392
B1440585551395N00854946EA0000001390
B1441035551425N00855074EA0000001390
B1441095551467N00855223EA0000001389
B1441155551504N00855380EA0000001381
B1441205551522N00855522EA0000001380
B1441265551525N00855698EA0000001364
B1441345551475N00855931EA0000001360
B1441395551436N00856063EA0000001373
B1441445551391N00856182EA0000001370
B1441505551331N00856331EA0000001347
B1441585551251N00856556EA0000001340
B1442085551148N00856832EA0000001326
B1442185551037N00857104EA0000001312
B1442245550958N00857252EA0000001303
B1442305550877N00857397EA0000001297
B1442365550793N00857541EA0000001283
B1442425550703N00857668EA0000001294
B1442485550611N00857762EA0000001307
B1442565550510N00857909EA0000001306
B1443035550445N00858070EA0000001298
B1443095550413N00858228EA0000001284
B1443175550414N00858453EA0000001281
B1443245550419N00858646EA0000001283
B1443305550392N00858806EA0000001283
B1443365550336N00858948EA0000001270
B1443435550247N00859083EA0000001270
B1443485550174N00859160EA0000001279
B1443535550100N00859225EA0000001290
B1443585550026N00859277EA0000001301
B1444035549961N00859348EA0000001305
B1444125549946N00859579EA0000001316
B1444175549978N00859705EA0000001328
B1444225550054N00859757EA0000001337
B1444275550132N00859699EA0000001338
B1444325550169N00859553EA0000001348
B1444375550156N00859400EA0000001362
B1444425550096N00859309EA0000001370
B1444505549989N00859365EA0000001381
B1444555549993N00859485EA0000001391
B1445005550064N00859534EA0000001397
B1445055550144N00859468EA0000001403
B1445115550187N00859296EA0000001418
B1445165550152N00859152EA0000001424
B1445235550051N00859108EA0000001439
B1445285550007N00859198EA0000001440
B1445355550044N00859354EA0000001456
B1445405550121N00859388EA0000001452
B1445455550200N00859312EA0000001451
B1445505550245N00859166EA0000001464
B1445555550245N00859003EA0000001474
B1446015550176N00858879EA0000001479
B1446065550100N00858892EA0000001485
B1446115550046N00858975EA0000001493
B1446175550039N00859112EA0000001504
B1446225550071N00859218EA0000001514
B1446285550109N00859360EA0000001486
B1446335550139N00859517EA0000001472
B1446385550155N00859688EA0000001459
B1446455550143N00859942EA0000001437
B1446525550108N00900201EA0000001424
B1446595550059N00900449EA0000001423
B1447055550015N00900654EA0000001425
B1447125549962N00900886EA0000001420
B1447185549922N00901087EA0000001416
B1447295549853N00901450EA0000001403
B1447345549823N00901610EA0000001410
B1447425549771N00901858EA0000001393
B1447475549739N00902016EA0000001392
B1447535549699N00902195EA0000001402
B1447585549665N00902334EA0000001411
B1448045549599N00902468EA0000001408
B1448125549562N00902697EA0000001408
B1448195549646N00902820EA0000001437
B1448245549724N00902741EA0000001431
B1448295549745N00902572EA0000001425
B1448345549692N00902451EA0000001433
B1448405549610N00902459EA0000001443
B1448455549574N00902552EA0000001440
B1448505549593N00902667EA0000001435
B1448555549675N00902711EA0000001431
B1449015549767N00902584EA0000001425
B1449065549768N00902400EA0000001416
B1449125549709N00902204EA0000001419
B1449185549619N00902078EA0000001421
B1449235549534N00902087EA0000001424
B1449285549481N00902192EA0000001418
B1449335549466N00902336EA0000001411
B1449395549475N00902525EA0000001399
B1449445549499N00902689EA0000001391
B1449505549531N00902898EA0000001368
B1449555549560N00903086EA0000001354
B1450035549617N00903390EA0000001345
B1450095549662N00903618EA0000001341
B1450145549700N00903803EA0000001337
B1450195549737N00903985EA0000001329
B1450245549777N00904166EA0000001327
B1450315549826N00904408EA0000001320
B1450415549887N00904766EA0000001299
B1450465549920N00904950EA0000001290
B1450525549953N00905177EA0000001282
B1450575549987N00905356EA0000001286
B1451045550051N00905592EA0000001275
B1451115550131N00905824EA0000001265
B1451165550185N00905990EA0000001257
B1451215550234N00906159EA0000001249
B1451275550292N00906361EA0000001234
B1451335550348N00906562EA0000001220
B1451385550394N00906726EA0000001206
B1451435550440N00906889EA0000001204
B1451515550503N00907146EA0000001210
B1451575550543N00907338EA0000001211
B1452025550572N00907498EA0000001219
B1452075550598N00907649EA0000001228
B1452125550625N00907795EA0000001232
B1452225550685N00908097EA0000001221
B1452285550718N00908283EA0000001234
B1452335550731N00908412EA0000001255
B1452395550749N00908567EA0000001223
B1452465550777N00908788EA0000001199
B1452545550812N00909059EA0000001181
B1453005550839N00909265EA0000001175
B1453055550860N00909436EA0000001172
B1453105550880N00909608EA0000001164
B1453155550899N00909781EA0000001163
B1453215550919N00909985EA0000001168
B1453265550933N00910144EA0000001166
B1453315550950N00910300EA0000001158
B1453365550968N00910457EA0000001148
B1453415551003N00910614EA0000001132
B1453465551085N00910729EA0000001126
B1453525551219N00910774EA0000001113
B1453595551389N00910741EA0000001105
B1454045551509N00910692EA0000001094
B1454095551631N00910642EA0000001079
B1454155551780N00910579EA0000001073
B1454225551952N00910502EA0000001067
B1454315552174N00910395EA0000001068
B1454365552295N00910322EA0000001073
B1454425552431N00910229EA0000001095
B1454475552538N00910148EA0000001096
B1454565552735N00909990EA0000001086
B1455025552868N00909874EA0000001068
B1455085553006N00909750EA0000001053
B1455145553146N00909618EA0000001034
B1455215553314N00909461EA0000001017
B1455265553433N00909342EA0000001005
B1455325553575N00909198EA0000000992
B1455385553717N00909051EA0000000982
B1455475553925N00908815EA0000000967
B1455565554126N00908562EA0000000957
B1456015554236N00908418EA0000000951
B1456095554416N00908196EA0000000935
B1456145554527N00908057EA0000000933
B1456215554681N00907854EA0000000924
B1456295554858N00907619EA0000000907
B1456345554971N00907472EA0000000901
B1456415555132N00907268EA0000000887
B1456475555268N00907097EA0000000884
B1456565555470N00906840EA0000000869
B1457025555599N00906654EA0000000857
B1457075555701N00906487EA0000000844
B1457125555801N00906319EA0000000841
B1457175555901N00906160EA0000000835
B1457255556060N00905910EA0000000824
B1457325556202N00905697EA0000000810
B1457385556323N00905509EA0000000800
B1457435556420N00905354EA0000000799
B1457485556514N00905197EA0000000791
B1457535556608N00905041EA0000000788
B1457585556698N00904874EA0000000788
B1458075556843N00904556EA0000000788
B1458125556920N00904381EA0000000777
B1458175556998N00904203EA0000000759
B1458225557076N00904018EA0000000746
B1458275557154N00903830EA0000000734
B1458325557234N00903639EA0000000725
B1458385557316N00903395EA0000000723
B1458445557380N00903134EA0000000709
B1458515557477N00902839EA0000000689
B1458575557580N00902609EA0000000686
B1459035557681N00902389EA0000000697
B1459085557764N00902224EA0000000698
B1459135557839N00902045EA0000000689
B1459205557934N00901770EA0000000674
B1459265558007N00901521EA0000000671
B1459315558057N00901308EA0000000675
B1459365558088N00901095EA0000000694
B1459415558065N00900925EA0000000720
B1459465557988N00900921EA0000000727
B1459515557971N00901028EA0000000731
B1459565558017N00901123EA0000000728
B1500015558101N00901154EA0000000715
B1500065558204N00901117EA0000000710
B1500125558321N00901001EA0000000713
B1500175558405N00900858EA0000000696
B1500225558487N00900695EA0000000682
B1500285558586N00900495EA0000000669
B1500345558698N00900308EA0000000659
B1500405558832N00900156EA0000000647
B1500455558955N00900064EA0000000655
B1500505559082N00900017EA0000000652
B1500575559260N00900035EA0000000643
B1501055559437N00900165EA0000000634
B1501125559562N00900344EA0000000637
B1501185559652N00900514EA0000000631
B1501275559770N00900778EA0000000621
B1501335559833N00900964EA0000000617
B1501385559880N00901119EA0000000616
B1501435559929N00901270EA0000000603
B1501485559980N00901423EA0000000592
B1501535600034N00901578EA0000000587
B1502005600086N00901794EA0000000591
B1502065600118N00901980EA0000000572
B1502115600122N00902146EA0000000565
B1502205600113N00902432EA0000000583
B1502275600134N00902653EA0000000593
B1502325600154N00902800EA0000000604
B1502375600125N00902917EA0000000602
B1502425600052N00902959EA0000000589
B1502475559965N00902913EA0000000589
B1502525559896N00902782EA0000000590
B1502575559877N00902594EA0000000604
B1503025559949N00902485EA0000000616
B1503085600040N00902539EA0000000616
B1503135600077N00902669EA0000000561
B1503185600087N00902886EA0000000529
B1503235600095N00903105EA0000000534
B1503285600088N00903308EA0000000533
B1503335600042N00903482EA0000000537
B1503385559973N00903592EA0000000558
B1503445559870N00903620EA0000000559
B1503495559789N00903538EA0000000555
B1503545559739N00903378EA0000000534
B1503595559732N00903181EA0000000509
B1504045559790N00903018EA0000000489
B1504095559883N00902971EA0000000479
B1504145559960N00903043EA0000000454
B1504195559951N00903166EA0000000420
B1504245559865N00903152EA0000000393
B1504295559811N00902975EA0000000377
B1504345559810N00902766EA0000000357
B1504395559825N00902557EA0000000335
B1504445559843N00902351EA0000000315
B1504535559881N00901977EA0000000263
B1505005559922N00901680EA0000000226
B1505075559975N00901388EA0000000211
B1505125600009N00901194EA0000000205
B1505205600067N00900891EA0000000177
B1505255600113N00900706EA0000000160
B1505305600166N00900532EA0000000159
B1505365600232N00900330EA0000000150
B1505425600304N00900141EA0000000140
B1505485600381N00859950EA0000000125
B1505535600475N00859873EA0000000112
B1505585600562N00859939EA0000000097
B1506035600581N00900087EA0000000088
B1506125600566N00900365EA0000000054
B1506185600569N00900561EA0000000039
B1506235600572N00900701EA0000000038
B1506295600576N00900839EA0000000037
B1506365600579N00900956EA0000000038
