AOGNOGN
HFDTE080825
HFFXA050
HFPLTPILOTINCHARGE:
HFGTYGLIDERTYPE:Ventus ct
HFGIDGLIDERID:D-KBJF
HFDTM100GPSDATUM:WGS-1984
HFRFWFIRMWAREVERSION:
HFRHWHARDWAREVERSION:
HFFTYFRTYPE:OGN-FLIGHTBOOK
HFGPSGENERIC
HFPRSPRESSALTSENSOR:
HFCIDCOMPETITIONID:JF
B1049135600695N00901244EA0000000044
B1049165600691N00901184EA0000000045
B1049225600678N00901037EA0000000048
B1049275600668N00900898EA0000000055
B1049325600653N00900752EA0000000066
B1049395600637N00900551EA0000000089
B1049455600646N00900376EA0000000102
B1049505600699N00900255EA0000000118
B1049555600787N00900200EA0000000132
B1050005600887N00900233EA0000000150
B1050055600984N00900306EA0000000163
B1050115601103N00900395EA0000000178
B1050175601225N00900481EA0000000189
B1050225601323N00900554EA0000000207
B1050285601441N00900641EA0000000218
B1050355601575N00900733EA0000000243
B1050405601667N00900803EA0000000261
B1050465601780N00900905EA0000000268
B1050525601887N00901027EA0000000298
B1051005602024N00901191EA0000000326
B1051055602112N00901272EA0000000348
B1051105602200N00901351EA0000000365
B1051155602292N00901428EA0000000373
B1051205602385N00901522EA0000000384
B1051275602516N00901640EA0000000402
B1051345602653N00901735EA0000000420
B1051395602742N00901701EA0000000430
B1051445602791N00901593EA0000000442
B1051505602769N00901445EA0000000459
B1051555602696N00901376EA0000000472
B1052015602581N00901384EA0000000483
B1052075602466N00901441EA0000000505
B1052135602355N00901511EA0000000524
B1052185602265N00901556EA0000000542
B1052235602181N00901554EA0000000558
B1052285602113N00901487EA0000000567
B1052335602060N00901388EA0000000580
B1052385602014N00901300EA0000000607
B1052435601965N00901241EA0000000606
B1052485601917N00901173EA0000000592
B1052535601871N00901084EA0000000580
B1052595601821N00900961EA0000000573
B1053045601781N00900857EA0000000569
B1053095601739N00900756EA0000000570
B1053195601669N00900550EA0000000566
B1053245601640N00900438EA0000000564
B1053315601609N00900273EA0000000564
B1053385601585N00900108EA0000000567
B1053475601584N00859906EA0000000583
B1053525601611N00859808EA0000000583
B1053585601686N00859740EA0000000583
B1054035601749N00859681EA0000000569
B1054095601824N00859588EA0000000555
B1054145601888N00859503EA0000000547
B1054195601955N00859419EA0000000537
B1054245602026N00859331EA0000000511
B1054295602106N00859236EA0000000499
B1054345602179N00859158EA0000000520
B1054395602249N00859091EA0000000522
B1054445602322N00859026EA0000000531
B1054505602409N00858958EA0000000544
B1054565602489N00858916EA0000000564
B1055015602560N00858901EA0000000565
B1055075602648N00858895EA0000000572
B1055125602716N00858894EA0000000572
B1055195602812N00858906EA0000000560
B1055245602884N00858916EA0000000552
B1055325603005N00858938EA0000000533
B1055415603157N00858968EA0000000514
B1055465603246N00858987EA0000000511
B1055515603336N00859002EA0000000514
B1055575603444N00859035EA0000000519
B1056025603531N00859066EA0000000526
B1056075603618N00859094EA0000000518
B1056125603708N00859120EA0000000506
B1056185603816N00859156EA0000000496
B1056235603904N00859177EA0000000493
B1056305604028N00859203EA0000000481
B1056355604120N00859231EA0000000477
B1056415604230N00859288EA0000000491
B1056465604307N00859354EA0000000513
B1056515604357N00859305EA0000000513
B1056565604305N00859250EA0000000507
B1057025604231N00859396EA0000000516
B1057075604242N00859566EA0000000526
B1057135604332N00859640EA0000000523
B1057185604364N00859544EA0000000532
B1057235604299N00859509EA0000000535
B1057285604263N00859659EA0000000538
B1057335604324N00859789EA0000000545
B1057385604404N00859776EA0000000555
B1057435604426N00859678EA0000000562
B1057485604365N00859633EA0000000555
B1057535604303N00859753EA0000000568
B1057585604321N00859912EA0000000574
B1058055604426N00859927EA0000000579
B1058105604415N00859824EA0000000583
B1058155604336N00859862EA0000000584
B1058205604314N00900026EA0000000600
B1058255604379N00900138EA0000000602
B1058305604443N00900079EA0000000609
B1058365604390N00859990EA0000000605
B1058415604322N00900108EA0000000619
B1058465604341N00900274EA0000000632
B1058515604422N00900320EA0000000631
B1058565604461N00900226EA0000000643
B1059025604398N00900152EA0000000642
B1059075604332N00900268EA0000000653
B1059125604351N00900438EA0000000667
B1059175604431N00900495EA0000000668
B1059225604483N00900414EA0000000676
B1059275604450N00900320EA0000000676
B1059325604366N00900360EA0000000680
B1059375604335N00900519EA0000000701
B1059425604388N00900653EA0000000701
B1059485604479N00900628EA0000000709
B1059535604477N00900521EA0000000713
B1059585604402N00900514EA0000000715
B1100035604368N00900676EA0000000713
B1100085604440N00900809EA0000000719
B1100135604518N00900776EA0000000732
B1100185604512N00900669EA0000000740
B1100235604438N00900654EA0000000740
B1100285604390N00900799EA0000000749
B1100335604445N00900941EA0000000755
B1100385604522N00900907EA0000000757
B1100435604520N00900793EA0000000771
B1100485604452N00900766EA0000000773
B1100535604388N00900898EA0000000770
B1100585604425N00901071EA0000000784
B1101035604509N00901123EA0000000797
B1101085604569N00901060EA0000000804
B1101135604556N00900956EA0000000800
B1101195604462N00900960EA0000000806
B1101245604421N00901117EA0000000815
B1101295604463N00901273EA0000000830
B1101345604540N00901295EA0000000828
B1101395604549N00901181EA0000000830
B1101445604472N00901173EA0000000839
B1101495604428N00901330EA0000000847
B1101545604478N00901483EA0000000860
B1101595604559N00901473EA0000000863
B1102045604575N00901363EA0000000871
B1102095604510N00901318EA0000000870
B1102145604445N00901439EA0000000881
B1102195604464N00901612EA0000000896
B1102245604543N00901688EA0000000907
B1102305604608N00901623EA0000000912
B1102355604593N00901520EA0000000908
B1102405604564N00901416EA0000000907
B1102465604532N00901288EA0000000904
B1102525604492N00901170EA0000000905
B1102575604456N00901070EA0000000895
B1103025604422N00900956EA0000000891
B1103075604395N00900835EA0000000898
B1103135604370N00900691EA0000000898
B1103185604347N00900572EA0000000899
B1103235604319N00900452EA0000000904
B1103285604290N00900339EA0000000915
B1103345604250N00900220EA0000000916
B1103395604215N00900108EA0000000897
B1103455604166N00859973EA0000000907
B1103505604136N00859883EA0000000911
B1103565604098N00859761EA0000000895
B1104015604054N00859660EA0000000890
B1104065603992N00859588EA0000000889
B1104155603860N00859485EA0000000888
B1104215603774N00859415EA0000000913
B1104265603713N00859359EA0000000912
B1104315603664N00859259EA0000000895
B1104425603590N00858976EA0000000881
B1104475603560N00858852EA0000000884
B1104535603530N00858718EA0000000880
B1104585603507N00858605EA0000000874
B1105045603480N00858461EA0000000865
B1105125603438N00858269EA0000000875
B1105175603409N00858157EA0000000873
B1105245603339N00858034EA0000000877
B1105295603259N00858032EA0000000872
B1105355603154N00858080EA0000000862
B1105405603062N00858132EA0000000855
B1105465602952N00858206EA0000000848
B1105525602848N00858305EA0000000846
B1105585602742N00858393EA0000000844
B1106065602603N00858458EA0000000848
B1106115602516N00858463EA0000000851
B1106215602350N00858402EA0000000834
B1106285602240N00858337EA0000000832
B1106345602148N00858286EA0000000830
B1106435602004N00858245EA0000000824
B1106485601935N00858179EA0000000821
B1106535601888N00858076EA0000000840
B1106585601861N00857975EA0000000851
B1107045601856N00857850EA0000000863
B1107095601903N00857785EA0000000858
B1107155601969N00857704EA0000000864
B1107225602010N00857579EA0000000876
B1107295602041N00857442EA0000000873
B1107345602033N00857344EA0000000862
B1107415601979N00857215EA0000000851
B1107485601907N00857092EA0000000838
B1107535601851N00856999EA0000000829
B1108005601775N00856879EA0000000829
B1108055601716N00856806EA0000000820
B1108105601651N00856739EA0000000817
B1108155601588N00856666EA0000000819
B1108235601522N00856510EA0000000833
B1108315601456N00856388EA0000000847
B1108365601440N00856292EA0000000839
B1108415601505N00856251EA0000000843
B1108465601563N00856384EA0000000843
B1108515601522N00856518EA0000000851
B1108565601460N00856501EA0000000848
B1109015601463N00856403EA0000000850
B1109075601519N00856306EA0000000842
B1109125601572N00856211EA0000000841
B1109175601622N00856110EA0000000845
B1109225601662N00856013EA0000000856
B1109285601704N00855906EA0000000845
B1109335601740N00855802EA0000000837
B1109405601793N00855654EA0000000834
B1109455601833N00855552EA0000000834
B1109515601878N00855423EA0000000821
B1109565601914N00855309EA0000000819
B1110015601950N00855203EA0000000822
B1110065601984N00855105EA0000000822
B1110115602016N00855005EA0000000812
B1110165602044N00854897EA0000000804
B1110225602081N00854763EA0000000797
B1110315602132N00854579EA0000000797
B1110365602146N00854475EA0000000794
B1110445602146N00854290EA0000000791
B1110495602147N00854172EA0000000791
B1110575602144N00853994EA0000000797
B1111025602145N00853894EA0000000795
B1111085602222N00853849EA0000000788
B1111135602292N00853945EA0000000780
B1111185602323N00854107EA0000000770
B1111235602309N00854285EA0000000766
B1111285602279N00854451EA0000000784
B1111345602209N00854521EA0000000785
B1111395602191N00854432EA0000000790
B1111445602251N00854402EA0000000788
B1111495602299N00854540EA0000000795
B1111545602258N00854669EA0000000797
B1111595602198N00854646EA0000000802
B1112045602211N00854559EA0000000808
B1112095602281N00854572EA0000000800
B1112145602320N00854722EA0000000811
B1112195602278N00854845EA0000000810
B1112245602218N00854817EA0000000805
B1112295602217N00854726EA0000000812
B1112345602279N00854690EA0000000804
B1112395602351N00854757EA0000000806
B1112445602385N00854903EA0000000803
B1112495602373N00855059EA0000000816
B1112545602328N00855162EA0000000815
B1113005602277N00855091EA0000000805
B1113055602329N00855019EA0000000812
B1113105602404N00855112EA0000000816
B1113175602359N00855310EA0000000815
B1113225602303N00855255EA0000000817
B1113275602341N00855158EA0000000822
B1113325602428N00855215EA0000000828
B1113375602448N00855386EA0000000833
B1113425602387N00855486EA0000000831
B1113475602331N00855428EA0000000830
B1113535602357N00855309EA0000000845
B1113585602436N00855334EA0000000835
B1114035602474N00855498EA0000000839
B1114095602416N00855646EA0000000838
B1114165602321N00855664EA0000000850
B1114225602283N00855584EA0000000845
B1114275602308N00855494EA0000000839
B1114335602376N00855422EA0000000829
B1114405602478N00855368EA0000000812
B1114485602602N00855318EA0000000794
B1114575602743N00855260EA0000000785
B1115025602819N00855225EA0000000785
B1115105602939N00855170EA0000000777
B1115165603026N00855132EA0000000775
B1115215603100N00855102EA0000000768
B1115275603199N00855053EA0000000741
B1115325603288N00854992EA0000000726
B1115375603377N00854922EA0000000721
B1115445603496N00854812EA0000000709
B1115495603583N00854730EA0000000701
B1115555603680N00854637EA0000000725
B1116005603750N00854567EA0000000743
B1116055603808N00854485EA0000000736
B1116105603867N00854390EA0000000719
B1116165603947N00854260EA0000000708
B1116235604042N00854098EA0000000695
B1116335604179N00853867EA0000000682
B1116395604260N00853725EA0000000674
B1116505604412N00853464EA0000000659
B1116565604496N00853324EA0000000655
B1117015604565N00853207EA0000000654
B1117065604620N00853076EA0000000653
B1117175604710N00852760EA0000000653
B1117225604747N00852613EA0000000669
B1117275604758N00852493EA0000000698
B1117325604687N00852507EA0000000698
B1117375604685N00852680EA0000000711
B1117445604786N00852710EA0000000725
B1117495604774N00852607EA0000000729
B1117555604698N00852704EA0000000737
B1118005604731N00852859EA0000000756
B1118055604804N00852865EA0000000767
B1118125604794N00852742EA0000000772
B1118185604724N00852829EA0000000780
B1118235604743N00852988EA0000000792
B1118285604817N00853017EA0000000801
B1118395604766N00852924EA0000000807
B1118445604754N00853088EA0000000815
B1118495604822N00853185EA0000000836
B1118545604881N00853140EA0000000842
B1118595604870N00853055EA0000000848
B1119075604788N00852995EA0000000852
B1119125604768N00852909EA0000000844
B1119175604802N00852820EA0000000839
B1119225604856N00852749EA0000000832
B1119305604941N00852618EA0000000817
B1119375604982N00852457EA0000000803
B1119445605009N00852282EA0000000798
B1119495605024N00852156EA0000000794
B1119545605038N00852027EA0000000788
B1119595605056N00851901EA0000000785
B1120095605092N00851643EA0000000773
B1120155605112N00851483EA0000000769
B1120235605154N00851272EA0000000777
B1120285605183N00851148EA0000000775
B1120385605246N00850894EA0000000759
B1120435605276N00850767EA0000000751
B1120485605306N00850637EA0000000745
B1120545605337N00850487EA0000000760
B1121045605371N00850257EA0000000775
B1121095605393N00850144EA0000000773
B1121145605422N00850032EA0000000764
B1121205605464N00849901EA0000000755
B1121255605501N00849795EA0000000756
B1121315605547N00849666EA0000000756
B1121375605597N00849536EA0000000751
B1121445605639N00849373EA0000000755
B1121515605681N00849214EA0000000759
B1121575605711N00849082EA0000000771
B1122025605730N00848974EA0000000774
B1122075605758N00848874EA0000000781
B1122125605798N00848787EA0000000783
B1122175605843N00848709EA0000000771
B1122225605896N00848627EA0000000753
B1122285605966N00848532EA0000000749
B1122335606022N00848463EA0000000747
B1122395606090N00848386EA0000000740
B1122445606143N00848318EA0000000735
B1122495606194N00848247EA0000000728
B1122565606265N00848142EA0000000725
B1123015606310N00848058EA0000000723
B1123065606356N00847973EA0000000719
B1123135606421N00847851EA0000000713
B1123195606484N00847754EA0000000713
B1123245606542N00847676EA0000000709
B1123305606615N00847591EA0000000740
B1123405606637N00847415EA0000000747
B1123505606631N00847202EA0000000761
B1123555606640N00847092EA0000000772
B1124045606682N00846908EA0000000794
B1124105606730N00846799EA0000000795
B1124155606780N00846720EA0000000789
B1124205606845N00846667EA0000000786
B1124265606936N00846639EA0000000779
B1124315607016N00846617EA0000000771
B1124385607135N00846590EA0000000761
B1124435607222N00846578EA0000000755
B1124515607366N00846582EA0000000748
B1124565607455N00846589EA0000000741
B1125015607545N00846595EA0000000737
B1125075607653N00846602EA0000000733
B1125125607741N00846614EA0000000731
B1125185607847N00846627EA0000000727
B1125245607952N00846639EA0000000722
B1125295608037N00846648EA0000000717
B1125375608172N00846654EA0000000708
B1125465608323N00846656EA0000000700
B1125565608488N00846654EA0000000695
B1126035608601N00846643EA0000000693
B1126085608683N00846635EA0000000690
B1126145608778N00846623EA0000000688
B1126225608903N00846598EA0000000688
B1126275608977N00846571EA0000000687
B1126375609094N00846453EA0000000683
B1126435609149N00846356EA0000000681
B1126505609201N00846224EA0000000672
B1126565609239N00846103EA0000000666
B1127285609343N00845403EA0000000637
B1127455609428N00845025EA0000000624
B1127505609472N00844919EA0000000621
B1127585609548N00844752EA0000000629
B1128035609588N00844670EA0000000639
B1128095609636N00844578EA0000000629
B1128145609674N00844490EA0000000621
B1128195609707N00844392EA0000000612
B1128275609769N00844232EA0000000597
B1128475609885N00843804EA0000000622
B1128525609946N00843787EA0000000616
B1128595609967N00843988EA0000000611
B1129045609897N00844063EA0000000618
B1129115609832N00843975EA0000000637
B1129175609895N00843943EA0000000622
B1129225609933N00844084EA0000000626
B1129285609873N00844228EA0000000631
B1129345609800N00844186EA0000000645
B1129395609830N00844110EA0000000638
B1129445609890N00844193EA0000000638
B1129505609852N00844364EA0000000641
B1129555609777N00844377EA0000000655
B1130005609761N00844290EA0000000643
B1130055609824N00844264EA0000000648
B1130105609884N00844352EA0000000659
B1130155609888N00844495EA0000000650
B1130205609810N00844571EA0000000646
B1130265609763N00844482EA0000000649
B1130315609830N00844442EA0000000656
B1130365609872N00844589EA0000000661
B1130415609805N00844700EA0000000665
B1130475609752N00844610EA0000000669
B1130525609813N00844561EA0000000672
B1130575609868N00844698EA0000000677
B1131025609817N00844837EA0000000682
B1131085609742N00844788EA0000000689
B1131135609776N00844702EA0000000694
B1131185609850N00844757EA0000000700
B1131255609824N00844971EA0000000699
B1131325609726N00844953EA0000000711
B1131385609731N00844845EA0000000713
B1131505609730N00844662EA0000000722
B1131555609662N00844765EA0000000724
B1132005609697N00844910EA0000000713
B1132195609697N00844785EA0000000743
B1132265609723N00844990EA0000000733
B1132385609760N00844825EA0000000749
B1132455609685N00844979EA0000000766
B1132505609746N00845085EA0000000766
B1132585609772N00844934EA0000000768
B1133035609692N00844965EA0000000779
B1133085609682N00845125EA0000000788
B1133135609755N00845207EA0000000789
B1133225609787N00845055EA0000000798
B1133285609696N00845082EA0000000804
B1133335609692N00845247EA0000000807
B1133405609794N00845297EA0000000824
B1133465609804N00845170EA0000000827
B1133515609765N00845070EA0000000829
B1134075609711N00844713EA0000000830
B1134205609697N00844424EA0000000862
B1134275609695N00844241EA0000000858
B1134325609699N00844108EA0000000863
B1134395609704N00843914EA0000000840
B1134475609713N00843661EA0000000824
B1134545609730N00843433EA0000000812
B1135155609766N00842809EA0000000864
B1135205609742N00842689EA0000000878
B1135275609710N00842534EA0000000875
B1135335609682N00842390EA0000000859
B1135465609623N00842072EA0000000892
B1135515609597N00841992EA0000000889
B1135575609585N00841852EA0000000861
B1136075609636N00841570EA0000000859
B1136125609673N00841446EA0000000859
B1136375609764N00840885EA0000000881
B1136535609742N00840477EA0000000868
B1137035609694N00840207EA0000000866
B1137095609661N00840048EA0000000874
B1137155609641N00839895EA0000000883
B1137225609633N00839722EA0000000883
B1137295609624N00839563EA0000000887
B1137475609595N00839073EA0000000849
B1137555609576N00838843EA0000000868
B1138015609562N00838703EA0000000894
B1138105609580N00838501EA0000000877
B1138185609599N00838306EA0000000899
B1138235609602N00838207EA0000000921
B1138305609599N00838067EA0000000901
B1138355609590N00837949EA0000000895
B1138425609576N00837777EA0000000891
B1138475609564N00837650EA0000000885
B1138575609537N00837396EA0000000869
B1139125609530N00836983EA0000000862
B1139225609542N00836713EA0000000868
B1139355609618N00836385EA0000000862
B1139445609652N00836174EA0000000876
B1139505609576N00836152EA0000000868
B1139565609484N00836254EA0000000852
B1140015609400N00836350EA0000000838
B1140065609310N00836445EA0000000830
B1140135609177N00836574EA0000000819
B1140185609080N00836661EA0000000812
B1140285608886N00836840EA0000000802
B1140345608770N00836950EA0000000797
B1140415608635N00837077EA0000000792
B1140465608539N00837171EA0000000786
B1140565608345N00837347EA0000000774
B1141045608189N00837482EA0000000760
B1141115608058N00837614EA0000000749
B1141175607944N00837733EA0000000738
B1141245607812N00837868EA0000000732
B1141305607701N00837985EA0000000734
B1141355607609N00838079EA0000000725
B1141435607460N00838243EA0000000718
B1141495607348N00838368EA0000000709
B1141565607215N00838507EA0000000704
B1142015607121N00838609EA0000000698
B1142085606998N00838750EA0000000699
B1142145606904N00838887EA0000000698
B1142215606808N00839077EA0000000689
B1142265606727N00839181EA0000000685
B1142335606600N00839239EA0000000683
B1142475606352N00839197EA0000000677
B1142545606235N00839161EA0000000674
B1142595606154N00839134EA0000000671
B1143115605962N00839061EA0000000660
B1143185605851N00839014EA0000000656
B1143235605776N00838970EA0000000652
B1143345605606N00838899EA0000000649
B1143425605478N00838866EA0000000645
B1143525605321N00838835EA0000000639
B1143585605227N00838833EA0000000634
B1144035605147N00838858EA0000000632
B1144125604999N00838936EA0000000637
B1144185604922N00839017EA0000000670
B1144245604934N00839187EA0000000650
B1144405604945N00839090EA0000000681
B1144465604946N00839268EA0000000687
B1145015605004N00839178EA0000000701
B1145065604964N00839310EA0000000714
B1145115605030N00839406EA0000000718
B1145205605052N00839256EA0000000729
B1145285604983N00839427EA0000000737
B1145365605093N00839506EA0000000756
B1145475605025N00839391EA0000000749
B1145525605001N00839550EA0000000772
B1146035605108N00839550EA0000000777
B1146145605009N00839695EA0000000795
B1146365605003N00839751EA0000000822
B1146425605021N00839940EA0000000839
B1146475605087N00840020EA0000000842
B1146555605164N00839895EA0000000850
B1147035605087N00839804EA0000000853
B1147085605024N00839903EA0000000860
B1147135605019N00840057EA0000000872
B1147185605070N00840180EA0000000875
B1147235605150N00840208EA0000000876
B1147325605166N00840019EA0000000879
B1147375605088N00840059EA0000000885
B1147445605090N00840280EA0000000905
B1147495605172N00840329EA0000000910
B1148025605124N00840166EA0000000920
B1148105605083N00840401EA0000000930
B1148165605081N00840620EA0000000923
B1148225605073N00840856EA0000000924
B1148305605046N00841161EA0000000940
B1148365605017N00841383EA0000000946
B1148435604978N00841643EA0000000935
B1148525604921N00841998EA0000000925
B1148585604906N00842257EA0000000915
B1149045604895N00842523EA0000000906
B1149095604875N00842743EA0000000911
B1149145604848N00842954EA0000000942
B1149205604821N00843167EA0000000974
B1149285604794N00843454EA0000000974
B1149335604782N00843651EA0000000957
B1149385604777N00843868EA0000000931
B1149435604775N00844101EA0000000911
B1149485604773N00844337EA0000000899
B1149535604776N00844573EA0000000898
B1150025604791N00844989EA0000000889
B1150095604809N00845317EA0000000887
B1150145604828N00845549EA0000000890
B1150195604853N00845773EA0000000903
B1150245604872N00845980EA0000000920
B1150295604868N00846185EA0000000925
B1150345604847N00846380EA0000000925
B1150405604809N00846612EA0000000919
B1150485604753N00846923EA0000000917
B1150555604683N00847192EA0000000903
B1151035604587N00847509EA0000000883
B1151125604474N00847872EA0000000874
B1151185604400N00848114EA0000000873
B1151255604305N00848375EA0000000869
B1151325604205N00848607EA0000000869
B1151395604098N00848796EA0000000870
B1151485603981N00849083EA0000000852
B1151535603916N00849258EA0000000844
B1151595603843N00849479EA0000000839
B1152065603761N00849752EA0000000843
B1152135603682N00850028EA0000000835
B1152185603623N00850221EA0000000822
B1152245603556N00850466EA0000000809
B1152295603509N00850683EA0000000798
B1152375603447N00851052EA0000000789
B1152435603413N00851325EA0000000818
B1152495603357N00851513EA0000000853
B1152545603285N00851526EA0000000856
B1152595603284N00851426EA0000000852
B1153045603360N00851425EA0000000864
B1153105603402N00851612EA0000000876
B1153205603288N00851701EA0000000883
B1153275603344N00851597EA0000000888
B1153325603408N00851718EA0000000889
B1153375603381N00851886EA0000000901
B1153445603290N00851865EA0000000907
B1153495603310N00851772EA0000000913
B1153545603384N00851793EA0000000924
B1153595603423N00851937EA0000000936
B1154045603388N00852079EA0000000937
B1154095603318N00852098EA0000000938
B1154145603295N00852008EA0000000941
B1154205603371N00851974EA0000000935
B1154265603424N00852166EA0000000935
B1154325603431N00852408EA0000000932
B1154375603432N00852600EA0000000955
B1154495603423N00853022EA0000000988
B1154555603413N00853235EA0000000983
B1155025603402N00853497EA0000000965
B1155085603388N00853737EA0000000956
B1155135603384N00853936EA0000000957
B1155185603399N00854126EA0000000960
B1155235603428N00854305EA0000000963
B1155295603479N00854512EA0000000959
B1155345603523N00854678EA0000000967
B1155395603566N00854834EA0000000965
B1155465603603N00855082EA0000000945
B1155525603636N00855306EA0000000939
B1155575603672N00855485EA0000000935
B1156035603712N00855706EA0000000930
B1156085603750N00855885EA0000000938
B1156135603786N00856059EA0000000945
B1156185603811N00856229EA0000000950
B1156235603833N00856400EA0000000945
B1156315603866N00856689EA0000000929
B1156365603887N00856871EA0000000927
B1156425603936N00857076EA0000000925
B1156485603993N00857261EA0000000934
B1156565604052N00857516EA0000000954
B1157015604074N00857653EA0000000971
B1157065604069N00857806EA0000000964
B1157115603994N00857865EA0000000965
B1157165603965N00857771EA0000000965
B1157215604027N00857711EA0000000959
B1157265604106N00857762EA0000000973
B1157315604152N00857888EA0000000993
B1157365604152N00858041EA0000000996
B1157445604126N00858306EA0000000999
B1157515604106N00858537EA0000001009
B1157575604102N00858726EA0000001004
B1158055604127N00859002EA0000000993
B1158105604150N00859191EA0000000985
B1158155604173N00859384EA0000000986
B1158205604197N00859571EA0000000982
B1158265604232N00859788EA0000000979
B1158315604276N00859951EA0000000983
B1158375604311N00900164EA0000000980
B1158435604321N00900388EA0000000989
B1158485604315N00900566EA0000000987
B1158535604296N00900748EA0000000987
B1159005604259N00900986EA0000000998
B1159055604196N00901101EA0000000999
B1159105604120N00901102EA0000001002
B1159155604082N00901013EA0000001014
B1159205604109N00900920EA0000001019
B1159255604189N00900947EA0000001019
B1159305604208N00901114EA0000001027
B1159355604137N00901201EA0000001039
B1159405604078N00901154EA0000001048
B1159465604069N00901033EA0000001050
B1159545604127N00900860EA0000001038
B1200005604174N00900716EA0000001032
B1200075604225N00900543EA0000001035
B1200145604269N00900363EA0000001040
B1200225604295N00900153EA0000001038
B1200295604288N00859964EA0000001041
B1200355604266N00859804EA0000001040
B1200405604248N00859669EA0000001047
B1200455604229N00859536EA0000001051
B1200505604203N00859410EA0000001054
B1200565604163N00859260EA0000001059
B1201025604114N00859125EA0000001074
B1201075604070N00859032EA0000001080
B1201145604015N00858882EA0000001055
B1201195603985N00858746EA0000001046
B1201275603939N00858531EA0000001044
B1201355603900N00858321EA0000001044
B1201405603876N00858194EA0000001041
B1201475603844N00858014EA0000001030
B1201545603820N00857835EA0000001022
B1202005603786N00857689EA0000001016
B1202065603738N00857542EA0000001013
B1202135603684N00857366EA0000001014
B1202215603639N00857158EA0000001016
B1202265603618N00857031EA0000001017
B1202315603603N00856905EA0000001021
B1202365603596N00856780EA0000001024
B1202415603587N00856655EA0000001032
B1202475603571N00856507EA0000001048
B1202545603558N00856343EA0000001064
B1203025603527N00856173EA0000001077
B1203075603491N00856079EA0000001076
B1203125603445N00855989EA0000001064
B1203195603376N00855854EA0000001052
B1203285603280N00855665EA0000001019
B1203345603215N00855521EA0000001008
B1203395603158N00855402EA0000001005
B1203455603082N00855268EA0000001003
B1203505603013N00855169EA0000000999
B1203575602918N00855020EA0000000978
B1204025602848N00854895EA0000000972
B1204075602772N00854784EA0000000987
B1204125602703N00854705EA0000001031
B1204185602617N00854766EA0000001038
B1204235602629N00854931EA0000001046
B1204285602711N00854944EA0000001060
B1204335602727N00854839EA0000001074
B1204415602618N00854875EA0000001083
B1204465602630N00855045EA0000001093
B1204525602722N00855053EA0000001106
B1204575602740N00854949EA0000001119
B1205035602713N00854825EA0000001117
B1205085602691N00854706EA0000001117
B1205145602662N00854555EA0000001122
B1205195602648N00854417EA0000001120
B1205275602639N00854195EA0000001118
B1205375602660N00853959EA0000001123
B1205435602719N00853848EA0000001129
B1205495602770N00853733EA0000001123
B1205545602776N00853619EA0000001120
B1205595602736N00853524EA0000001114
B1206065602627N00853522EA0000001116
B1206115602560N00853644EA0000001112
B1206165602529N00853825EA0000001105
B1206235602497N00854090EA0000001104
B1206305602476N00854365EA0000001092
B1206355602463N00854566EA0000001084
B1206415602439N00854802EA0000001082
B1206465602400N00854983EA0000001075
B1206535602311N00855196EA0000001070
B1206585602234N00855325EA0000001057
B1207045602126N00855446EA0000001049
B1207115602002N00855565EA0000001053
B1207165601921N00855666EA0000001055
B1207215601862N00855808EA0000001078
B1207265601850N00855973EA0000001093
B1207325601895N00856143EA0000001097
B1207405602016N00856192EA0000001082
B1207475602053N00856056EA0000001078
B1207525602008N00855982EA0000001085
B1207585601921N00856001EA0000001093
B1208035601846N00856074EA0000001098
B1208095601754N00856158EA0000001107
B1208155601658N00856217EA0000001120
B1208245601512N00856272EA0000001121
B1208315601394N00856331EA0000001107
B1208365601305N00856396EA0000001099
B1208425601203N00856506EA0000001092
B1208535601020N00856742EA0000001071
B1208585600937N00856853EA0000001064
B1209055600828N00857025EA0000001056
B1209145600691N00857248EA0000001048
B1209205600596N00857380EA0000001044
B1209265600497N00857492EA0000001038
B1209325600398N00857588EA0000001038
B1209385600299N00857658EA0000001037
B1209455600186N00857696EA0000001032
B1209515600094N00857697EA0000001026
B1209585559995N00857631EA0000001026
B1210045559915N00857570EA0000001031
B1210135559804N00857446EA0000001033
B1210195559735N00857366EA0000001063
B1210275559657N00857236EA0000001048
B1210335559606N00857097EA0000001031
B1210415559542N00856899EA0000001018
B1210475559502N00856743EA0000001011
B1210545559455N00856551EA0000000984
B1210595559425N00856404EA0000000986
B1211045559397N00856267EA0000000990
B1211135559353N00856022EA0000000991
B1211185559330N00855882EA0000000974
B1211235559309N00855733EA0000000969
B1211285559288N00855587EA0000000967
B1211335559264N00855443EA0000000968
B1211385559235N00855310EA0000000992
B1211465559209N00855114EA0000001007
B1211555559204N00854912EA0000001040
B1212025559217N00854766EA0000001036
B1212095559248N00854614EA0000001041
B1212175559280N00854454EA0000001061
B1212225559305N00854370EA0000001072
B1212275559353N00854301EA0000001062
B1212325559428N00854254EA0000001053
B1212375559515N00854221EA0000001045
B1212425559606N00854183EA0000001036
B1212495559737N00854122EA0000001015
B1212545559835N00854069EA0000001002
B1212595559936N00854014EA0000000994
B1213045600038N00853957EA0000000982
B1213105600162N00853889EA0000000974
B1213155600266N00853836EA0000000972
B1213235600430N00853743EA0000000960
B1213285600531N00853681EA0000000950
B1213375600716N00853586EA0000000937
B1213445600857N00853512EA0000000941
B1213495600959N00853461EA0000000944
B1213585601132N00853359EA0000000941
B1214035601211N00853275EA0000000944
B1214125601306N00853065EA0000000932
B1214195601361N00852873EA0000000929
B1214245601387N00852727EA0000000938
B1214315601454N00852607EA0000000976
B1214365601517N00852714EA0000000979
B1214415601485N00852874EA0000000983
B1214465601411N00852879EA0000000999
B1214525601426N00852774EA0000001012
B1214575601499N00852829EA0000001016
B1215025601504N00852999EA0000001021
B1215075601433N00853062EA0000001033
B1215125601411N00852976EA0000001044
B1215185601492N00852980EA0000001047
B1215235601504N00853149EA0000001053
B1215295601417N00853185EA0000001054
B1215345601431N00853088EA0000001063
B1215395601507N00853137EA0000001073
B1215445601508N00853306EA0000001070
B1215515601410N00853326EA0000001089
B1215565601423N00853233EA0000001094
B1216015601495N00853256EA0000001105
B1216065601526N00853411EA0000001106
B1216115601467N00853537EA0000001108
B1216165601394N00853537EA0000001130
B1216225601343N00853450EA0000001131
B1216285601305N00853348EA0000001126
B1216345601213N00853374EA0000001107
B1216415601095N00853457EA0000001104
B1216465601014N00853510EA0000001099
B1216525600916N00853557EA0000001090
B1216585600808N00853610EA0000001071
B1217035600716N00853661EA0000001074
B1217085600629N00853717EA0000001072
B1217135600540N00853776EA0000001064
B1217185600447N00853825EA0000001052
B1217235600347N00853862EA0000001036
B1217325600161N00853913EA0000001030
B1217395600024N00853959EA0000001030
B1217455559910N00853985EA0000001029
B1217525559780N00854018EA0000001032
B1217585559671N00854051EA0000001035
B1218035559583N00854068EA0000001035
B1218115559451N00854110EA0000001053
B1218205559352N00854326EA0000001069
B1218255559323N00854483EA0000001084
B1218305559312N00854651EA0000001088
B1218375559321N00854884EA0000001097
B1218435559338N00855059EA0000001099
B1218505559368N00855278EA0000001085
B1218565559373N00855495EA0000001073
B1219035559355N00855770EA0000001066
B1219105559337N00856045EA0000001069
B1219155559324N00856235EA0000001082
B1219205559310N00856409EA0000001095
B1219275559288N00856643EA0000001107
B1219325559290N00856804EA0000001121
B1219395559297N00857033EA0000001127
B1219455559304N00857234EA0000001135
B1219505559315N00857402EA0000001142
B1219555559313N00857567EA0000001149
B1220015559294N00857771EA0000001143
B1220075559268N00857979EA0000001134
B1220125559249N00858160EA0000001128
B1220185559221N00858380EA0000001133
B1220245559196N00858601EA0000001151
B1220295559175N00858786EA0000001143
B1220355559156N00859019EA0000001144
B1220405559156N00859218EA0000001148
B1220455559158N00859415EA0000001156
B1220505559155N00859613EA0000001153
B1220555559150N00859811EA0000001159
B1221035559209N00900104EA0000001151
B1221085559265N00900274EA0000001146
B1221175559380N00900564EA0000001144
B1221225559442N00900734EA0000001147
B1221275559502N00900908EA0000001148
B1221385559588N00901337EA0000001152
B1221445559631N00901567EA0000001164
B1221495559673N00901746EA0000001175
B1221545559727N00901893EA0000001179
B1221595559798N00902001EA0000001173
B1222055559900N00902090EA0000001166
B1222105559996N00902142EA0000001156
B1222185600137N00902110EA0000001153
B1222245600217N00902013EA0000001159
B1222315600289N00901873EA0000001157
B1222365600328N00901763EA0000001150
B1222465600422N00901519EA0000001116
B1222525600487N00901356EA0000001102
B1222585600554N00901188EA0000001094
B1223045600625N00901026EA0000001084
B1223125600720N00900817EA0000001082
B1223185600783N00900656EA0000001057
B1223235600834N00900507EA0000001046
B1223295600890N00900330EA0000001041
B1223385600968N00900073EA0000001025
B1223465601045N00859841EA0000001025
B1223555601163N00859611EA0000001012
B1224025601268N00859446EA0000001004
B1224105601386N00859265EA0000001003
B1224175601491N00859121EA0000000998
B1224245601587N00858975EA0000000986
B1224295601648N00858863EA0000000979
B1224365601732N00858700EA0000000971
B1224415601776N00858571EA0000000976
B1224485601812N00858381EA0000000987
B1224545601816N00858224EA0000000989
B1225015601812N00858045EA0000000973
B1225125601816N00857738EA0000000952
B1225205601859N00857507EA0000000936
B1225255601912N00857372EA0000000932
B1225355602050N00857136EA0000000925
B1225425602156N00856988EA0000000913
B1225475602233N00856889EA0000000909
B1225565602379N00856721EA0000000911
B1226045602501N00856556EA0000000900
B1226095602582N00856455EA0000000902
B1226145602662N00856363EA0000000915
B1226195602744N00856287EA0000000922
B1226245602795N00856193EA0000000945
B1226305602768N00856075EA0000000939
B1226365602692N00855996EA0000000936
B1226435602623N00855870EA0000000952
B1226485602595N00855778EA0000000945
B1226565602577N00855587EA0000000916
B1227025602573N00855423EA0000000904
B1227135602578N00855118EA0000000878
B1227185602591N00854972EA0000000871
B1227275602611N00854710EA0000000856
B1227325602615N00854565EA0000000851
B1227385602590N00854396EA0000000839
B1227465602543N00854169EA0000000829
B1227535602476N00854009EA0000000829
B1227585602412N00853929EA0000000827
B1228035602338N00853877EA0000000825
B1228095602246N00853838EA0000000820
B1228155602163N00853775EA0000000816
B1228225602058N00853706EA0000000811
B1228285601962N00853671EA0000000815
B1228335601878N00853676EA0000000829
B1228385601808N00853765EA0000000843
B1228445601833N00853956EA0000000849
B1228515601930N00853900EA0000000860
B1228575601857N00853833EA0000000867
B1229025601811N00853992EA0000000881
B1229085601896N00854110EA0000000903
B1229145601935N00853989EA0000000914
B1229195601860N00853971EA0000000921
B1229245601832N00854139EA0000000934
B1229295601909N00854220EA0000000942
B1229375601949N00854048EA0000000957
B1229435601852N00854068EA0000000971
B1229495601821N00854273EA0000000993
B1229545601886N00854390EA0000001000
B1230005601964N00854323EA0000001010
B1230055601925N00854221EA0000001013
B1230105601842N00854297EA0000001025
B1230155601854N00854474EA0000001044
B1230225601953N00854473EA0000001057
B1230315601884N00854343EA0000001075
B1230365601818N00854447EA0000001089
B1230415601814N00854604EA0000001103
B1230465601880N00854687EA0000001098
B1230535601982N00854639EA0000001117
B1230585602046N00854600EA0000001118
B1231045602146N00854534EA0000001069
B1231095602250N00854455EA0000001043
B1231185602443N00854304EA0000001029
B1231255602591N00854197EA0000001027
B1231305602698N00854149EA0000001033
B1231375602846N00854130EA0000001036
B1231435602976N00854146EA0000001029
B1231505603125N00854149EA0000001031
B1231555603229N00854141EA0000001026
B1232025603374N00854125EA0000001014
B1232075603477N00854113EA0000001009
B1232165603659N00854089EA0000000999
B1232295603921N00854042EA0000000983
B1232345604023N00854020EA0000000970
B1232395604125N00853992EA0000000969
B1232445604219N00853949EA0000000981
B1232495604303N00853904EA0000001000
B1232545604369N00853837EA0000001037
B1233035604385N00853675EA0000001050
B1233085604305N00853718EA0000001051
B1233135604296N00853906EA0000001069
B1233185604369N00853996EA0000001095
B1233235604418N00853922EA0000001109
B1233295604370N00853811EA0000001118
B1233345604296N00853741EA0000001119
B1233425604200N00853599EA0000001136
B1233475604148N00853514EA0000001131
B1233525604107N00853408EA0000001120
B1233585604057N00853277EA0000001117
B1234045603969N00853190EA0000001105
B1234095603913N00853097EA0000001106
B1234145603897N00852976EA0000001096
B1234195603918N00852858EA0000001092
B1234245603957N00852756EA0000001086
B1234305604018N00852642EA0000001071
B1234385604129N00852523EA0000001051
B1234475604292N00852481EA0000001041
B1234545604426N00852526EA0000001052
B1234595604513N00852606EA0000001055
B1235045604573N00852744EA0000001053
B1235095604588N00852919EA0000001036
B1235145604569N00853108EA0000001029
B1235195604539N00853296EA0000001045
B1235285604475N00853575EA0000001068
B1235345604420N00853731EA0000001092
B1235405604363N00853885EA0000001106
B1235485604274N00854089EA0000001118
B1235545604203N00854236EA0000001133
B1235595604133N00854319EA0000001128
B1236055604039N00854320EA0000001114
B1236135603925N00854244EA0000001106
B1236185603882N00854156EA0000001101
B1236235603883N00854042EA0000001089
B1236285603903N00853925EA0000001081
B1236345603917N00853786EA0000001077
B1236415603933N00853628EA0000001065
B1236475603962N00853488EA0000001052
B1236525603983N00853372EA0000001050
B1236585604000N00853233EA0000001038
B1237055604007N00853058EA0000001029
B1237135604018N00852864EA0000001019
B1237195604042N00852721EA0000001012
B1237255604067N00852581EA0000001004
B1237305604089N00852466EA0000000996
B1237355604111N00852355EA0000000991
B1237425604139N00852200EA0000000986
B1237475604149N00852084EA0000000988
B1237525604145N00851968EA0000000999
B1237575604140N00851868EA0000001012
B1238035604138N00851753EA0000001020
B1238115604179N00851623EA0000001044
B1238165604242N00851603EA0000001048
B1238215604316N00851689EA0000001053
B1238275604345N00851891EA0000001063
B1238325604299N00852036EA0000001060
B1238375604224N00852078EA0000001063
B1238425604179N00852007EA0000001072
B1238475604209N00851915EA0000001076
B1238525604288N00851933EA0000001084
B1238575604334N00852095EA0000001089
B1239025604300N00852261EA0000001094
B1239085604212N00852298EA0000001105
B1239165604169N00852168EA0000001116
B1239215604211N00852090EA0000001121
B1239265604287N00852155EA0000001127
B1239315604305N00852333EA0000001133
B1239365604251N00852462EA0000001135
B1239415604179N00852458EA0000001136
B1239465604129N00852386EA0000001146
B1239535604132N00852256EA0000001148
B1239585604199N00852228EA0000001147
B1240035604281N00852303EA0000001155
B1240085604309N00852467EA0000001169
B1240135604256N00852606EA0000001170
B1240185604181N00852612EA0000001173
B1240235604128N00852540EA0000001174
B1240335604093N00852353EA0000001180
B1240405604144N00852242EA0000001171
B1240455604218N00852236EA0000001165
B1240515604298N00852363EA0000001162
B1240565604307N00852540EA0000001163
B1241015604265N00852701EA0000001173
B1241065604191N00852791EA0000001183
B1241125604104N00852773EA0000001184
B1241175604071N00852686EA0000001183
B1241245604111N00852570EA0000001178
B1241295604188N00852581EA0000001171
B1241355604252N00852744EA0000001168
B1241405604234N00852922EA0000001164
B1241455604170N00853051EA0000001165
B1241565604019N00853308EA0000001168
B1242015603971N00853457EA0000001176
B1242075603957N00853656EA0000001178
B1242125603976N00853831EA0000001162
B1242175604003N00854016EA0000001157
B1242225604026N00854193EA0000001152
B1242315604029N00854509EA0000001142
B1242365603986N00854650EA0000001143
B1242435603895N00854700EA0000001134
B1242485603853N00854641EA0000001131
B1242555603853N00854526EA0000001124
B1243005603885N00854451EA0000001118
B1243075603939N00854354EA0000001113
B1243185604019N00854199EA0000001102
B1243245604080N00854130EA0000001096
B1243345604193N00854043EA0000001092
B1243425604249N00853915EA0000001091
B1243485604271N00853801EA0000001094
B1243535604277N00853702EA0000001101
B1243595604275N00853595EA0000001109
B1244045604278N00853500EA0000001108
B1244105604357N00853476EA0000001104
B1244165604410N00853645EA0000001113
B1244225604374N00853822EA0000001113
B1244275604308N00853923EA0000001122
B1244325604238N00853942EA0000001118
B1244385604188N00853853EA0000001114
B1244435604200N00853757EA0000001126
B1244515604240N00853640EA0000001143
B1244565604286N00853605EA0000001140
B1245025604372N00853646EA0000001125
B1245075604453N00853721EA0000001130
B1245145604572N00853788EA0000001134
B1245205604672N00853842EA0000001135
B1245285604806N00853924EA0000001120
B1245355604915N00853913EA0000001117
B1245405604960N00853843EA0000001110
B1245455604949N00853755EA0000001098
B1245505604887N00853740EA0000001084
B1245555604830N00853846EA0000001072
B1246005604834N00854019EA0000001063
B1246055604877N00854187EA0000001054
B1246105604889N00854360EA0000001052
B1246155604866N00854526EA0000001045
B1246205604833N00854685EA0000001041
B1246255604798N00854843EA0000001034
B1246315604754N00855043EA0000001022
B1246385604704N00855282EA0000001016
B1246445604665N00855487EA0000001012
B1246515604615N00855721EA0000001009
B1246585604545N00855933EA0000001008
B1247045604483N00856105EA0000001010
B1247105604431N00856293EA0000001004
B1247185604406N00856594EA0000000995
B1247245604387N00856823EA0000001010
B1247315604345N00857047EA0000001011
B1247375604330N00857254EA0000001008
B1247425604356N00857429EA0000001011
B1247475604421N00857542EA0000001015
B1247555604510N00857494EA0000001020
B1248015604502N00857395EA0000001028
B1248065604485N00857328EA0000001032
B1248115604476N00857248EA0000001020
B1248185604477N00857116EA0000001034
B1248235604476N00857034EA0000001043
B1248285604470N00856955EA0000001040
B1248345604459N00856852EA0000001031
B1248395604451N00856749EA0000001018
B1248445604445N00856639EA0000001015
B1248505604446N00856504EA0000001013
B1248595604448N00856300EA0000001013
B1249075604455N00856134EA0000001027
B1249125604482N00856045EA0000001035
B1249175604480N00855962EA0000001038
B1249225604417N00855946EA0000001034
B1249275604369N00856078EA0000001041
B1249335604429N00856244EA0000001047
B1249385604489N00856193EA0000001047
B1249435604452N00856108EA0000001052
B1249485604381N00856170EA0000001062
B1249535604369N00856346EA0000001062
B1249585604433N00856471EA0000001077
B1250035604500N00856434EA0000001077
B1250085604497N00856331EA0000001083
B1250145604417N00856336EA0000001085
B1250195604386N00856493EA0000001094
B1250245604447N00856610EA0000001102
B1250315604512N00856525EA0000001104
B1250365604473N00856448EA0000001103
B1250415604401N00856472EA0000001111
B1250465604358N00856617EA0000001127
B1250515604403N00856759EA0000001129
B1250585604496N00856696EA0000001131
B1251035604466N00856592EA0000001133
B1251085604394N00856536EA0000001141
B1251135604315N00856545EA0000001175
B1251185604262N00856663EA0000001192
B1251235604232N00856832EA0000001198
B1251285604170N00856942EA0000001211
B1251335604100N00856916EA0000001202
B1251385604067N00856812EA0000001193
B1251445604088N00856683EA0000001193
B1251515604142N00856565EA0000001202
B1251565604206N00856534EA0000001205
B1252015604276N00856626EA0000001210
B1252065604268N00856807EA0000001215
B1252115604195N00856927EA0000001229
B1252165604114N00856950EA0000001253
B1252215604056N00856897EA0000001249
B1252265604025N00856799EA0000001235
B1252325604035N00856664EA0000001232
B1252385604103N00856594EA0000001228
B1252435604179N00856673EA0000001220
B1252485604199N00856857EA0000001221
B1252535604160N00857042EA0000001217
B1252595604116N00857275EA0000001220
B1253055604087N00857513EA0000001225
B1253135604086N00857817EA0000001225
B1253185604105N00858013EA0000001201
B1253245604139N00858282EA0000001180
B1253295604166N00858520EA0000001179
B1253345604185N00858762EA0000001183
B1253395604194N00859011EA0000001182
B1253455604186N00859292EA0000001197
B1253505604142N00859485EA0000001197
B1253555604061N00859602EA0000001189
B1254005603975N00859606EA0000001186
B1254055603930N00859517EA0000001179
B1254105603937N00859391EA0000001169
B1254165603976N00859238EA0000001158
B1254215604002N00859111EA0000001151
B1254285604037N00858924EA0000001135
B1254355604059N00858738EA0000001131
B1254415604060N00858580EA0000001125
B1254475604058N00858424EA0000001125
B1254535604055N00858273EA0000001129
B1254585604040N00858161EA0000001147
B1255055603977N00858029EA0000001137
B1255105603918N00857943EA0000001130
B1255165603850N00857836EA0000001128
B1255225603793N00857716EA0000001133
B1255275603755N00857614EA0000001146
B1255355603689N00857467EA0000001144
B1255435603630N00857312EA0000001136
B1255505603576N00857168EA0000001131
B1255555603534N00857066EA0000001136
B1256005603500N00856956EA0000001140
B1256065603471N00856810EA0000001142
B1256125603441N00856655EA0000001143
B1256175603404N00856528EA0000001138
B1256225603355N00856408EA0000001140
B1256275603284N00856318EA0000001145
B1256335603178N00856264EA0000001146
B1256385603083N00856312EA0000001148
B1256435603009N00856447EA0000001144
B1256485602977N00856637EA0000001133
B1256535602999N00856839EA0000001127
B1256585603069N00856996EA0000001118
B1257045603180N00857126EA0000001104
B1257095603280N00857217EA0000001099
B1257145603377N00857311EA0000001104
B1257195603464N00857428EA0000001111
B1257255603516N00857633EA0000001145
B1257305603532N00857797EA0000001163
B1257355603598N00857884EA0000001158
B1257405603662N00857843EA0000001158
B1257455603657N00857738EA0000001157
B1257545603522N00857721EA0000001147
B1258005603419N00857783EA0000001156
B1258055603356N00857898EA0000001164
B1258105603341N00858077EA0000001161
B1258155603371N00858236EA0000001170
B1258205603432N00858324EA0000001174
B1258255603502N00858321EA0000001166
B1258305603553N00858240EA0000001169
B1258365603574N00858099EA0000001179
B1258425603587N00857955EA0000001179
B1258475603581N00857830EA0000001178
B1258535603567N00857688EA0000001180
B1259015603575N00857503EA0000001171
B1259075603604N00857363EA0000001170
B1259135603643N00857230EA0000001168
B1259185603681N00857122EA0000001160
B1259245603724N00856986EA0000001150
B1259295603756N00856868EA0000001141
B1259355603804N00856730EA0000001143
B1259405603859N00856636EA0000001145
B1259495603986N00856506EA0000001142
B1259555604075N00856430EA0000001139
B1300005604149N00856372EA0000001135
B1300055604217N00856309EA0000001127
B1300115604284N00856199EA0000001113
B1300165604330N00856096EA0000001111
B1300245604381N00855920EA0000001103
B1300305604396N00855788EA0000001098
B1300365604383N00855655EA0000001102
B1300425604360N00855522EA0000001099
B1300475604354N00855419EA0000001118
B1300555604351N00855267EA0000001130
B1301015604282N00855229EA0000001134
B1301065604221N00855338EA0000001145
B1301125604251N00855523EA0000001148
B1301175604332N00855538EA0000001148
B1301225604365N00855449EA0000001164
B1301275604326N00855375EA0000001166
B1301325604252N00855423EA0000001172
B1301375604221N00855585EA0000001186
B1301425604257N00855736EA0000001192
B1301495604360N00855745EA0000001192
B1301545604355N00855650EA0000001196
B1301595604283N00855653EA0000001206
B1302045604239N00855793EA0000001217
B1302125604228N00856068EA0000001232
B1302185604226N00856286EA0000001223
B1302235604222N00856489EA0000001220
B1302295604211N00856747EA0000001204
B1302405604180N00857231EA0000001194
B1302455604164N00857444EA0000001188
B1302505604145N00857657EA0000001180
B1302555604127N00857871EA0000001172
B1303015604107N00858127EA0000001167
B1303065604084N00858334EA0000001167
B1303125604041N00858577EA0000001157
B1303185603993N00858817EA0000001164
B1303235603953N00859015EA0000001168
B1303295603901N00859251EA0000001156
B1303345603857N00859448EA0000001149
B1303395603810N00859644EA0000001142
B1303445603762N00859840EA0000001134
B1303515603696N00900122EA0000001123
B1303585603636N00900414EA0000001115
B1304075603560N00900790EA0000001126
B1304125603526N00900992EA0000001151
B1304175603513N00901184EA0000001157
B1304235603514N00901420EA0000001151
B1304285603525N00901624EA0000001136
B1304335603531N00901842EA0000001124
B1304385603537N00902066EA0000001112
B1304435603541N00902294EA0000001105
B1304485603549N00902521EA0000001097
B1304535603557N00902748EA0000001115
B1304595603541N00902969EA0000001155
B1305045603514N00903138EA0000001168
B1305105603506N00903359EA0000001172
B1305155603509N00903552EA0000001179
B1305215603516N00903777EA0000001201
B1305265603522N00903959EA0000001208
B1305315603528N00904144EA0000001219
B1305385603533N00904401EA0000001238
B1305445603545N00904614EA0000001245
B1305495603568N00904793EA0000001236
B1305545603587N00904996EA0000001217
B1305595603601N00905221EA0000001208
B1306055603610N00905502EA0000001200
B1306125603600N00905831EA0000001201
B1306175603587N00906065EA0000001202
B1306245603557N00906391EA0000001202
B1306305603529N00906674EA0000001191
B1306375603488N00907002EA0000001192
B1306445603448N00907327EA0000001203
B1306495603424N00907552EA0000001216
B1306545603421N00907783EA0000001215
B1306595603440N00908024EA0000001219
B1307085603486N00908457EA0000001222
B1307135603518N00908694EA0000001224
B1307195603560N00908979EA0000001223
B1307265603608N00909307EA0000001241
B1307325603649N00909580EA0000001230
B1307375603686N00909817EA0000001216
B1307435603728N00910103EA0000001222
B1307495603778N00910383EA0000001223
B1307545603818N00910620EA0000001229
B1307595603853N00910855EA0000001240
B1308045603883N00911077EA0000001263
B1308095603913N00911290EA0000001260
B1308145603938N00911514EA0000001241
B1308195603961N00911755EA0000001223
B1308265603982N00912102EA0000001220
B1308315603984N00912348EA0000001205
B1308365603975N00912593EA0000001208
B1308465603972N00913073EA0000001219
B1308525603970N00913345EA0000001237
B1309005603968N00913706EA0000001238
B1309055603971N00913938EA0000001239
B1309115603966N00914218EA0000001235
B1309175603952N00914502EA0000001248
B1309225603940N00914736EA0000001246
B1309295603920N00915064EA0000001254
B1309345603908N00915302EA0000001268
B1309425603909N00915677EA0000001273
B1309475603917N00915908EA0000001281
B1309525603926N00916146EA0000001274
B1309595603928N00916479EA0000001287
B1310055603919N00916764EA0000001268
B1310145603901N00917214EA0000001241
B1310205603888N00917514EA0000001243
B1310265603881N00917809EA0000001238
B1310325603873N00918105EA0000001230
B1310385603867N00918397EA0000001231
B1310455603857N00918729EA0000001219
B1310535603809N00919100EA0000001203
B1310585603769N00919322EA0000001193
B1311045603715N00919588EA0000001184
B1311095603667N00919805EA0000001183
B1311145603620N00920020EA0000001183
B1311195603574N00920238EA0000001186
B1311245603533N00920458EA0000001195
B1311295603499N00920673EA0000001221
B1311345603471N00920864EA0000001241
B1311395603442N00921053EA0000001238
B1311455603414N00921300EA0000001223
B1311535603424N00921668EA0000001194
B1312005603455N00922013EA0000001173
B1312085603498N00922423EA0000001161
B1312135603526N00922678EA0000001162
B1312195603567N00922974EA0000001171
B1312255603608N00923261EA0000001191
B1312305603648N00923482EA0000001202
B1312365603706N00923728EA0000001226
B1312415603751N00923910EA0000001240
B1312485603808N00924185EA0000001221
B1312555603865N00924487EA0000001211
B1313015603905N00924754EA0000001221
B1313085603950N00925075EA0000001215
B1313135603981N00925295EA0000001247
B1313185604007N00925502EA0000001260
B1313255604036N00925803EA0000001276
B1313315604062N00926048EA0000001296
B1313375604099N00926277EA0000001315
B1313435604146N00926515EA0000001295
B1313485604195N00926741EA0000001282
B1313545604262N00927023EA0000001275
B1314005604331N00927311EA0000001269
B1314065604404N00927598EA0000001268
B1314115604464N00927841EA0000001262
B1314165604522N00928087EA0000001254
B1314235604588N00928440EA0000001248
B1314285604623N00928696EA0000001253
B1314335604642N00928956EA0000001267
B1314405604658N00929334EA0000001264
B1314485604671N00929788EA0000001259
B1314545604686N00930137EA0000001257
B1315005604705N00930485EA0000001248
B1315065604719N00930834EA0000001249
B1315135604731N00931243EA0000001256
B1315195604740N00931588EA0000001264
B1315245604747N00931865EA0000001280
B1315305604761N00932186EA0000001279
B1315375604801N00932557EA0000001267
B1315425604830N00932825EA0000001257
B1315485604874N00933143EA0000001255
B1315545604947N00933439EA0000001248
B1316015605046N00933775EA0000001237
B1316065605119N00934015EA0000001225
B1316115605194N00934260EA0000001216
B1316195605314N00934644EA0000001213
B1316255605396N00934938EA0000001203
B1316345605501N00935385EA0000001208
B1316435605547N00935853EA0000001192
B1316575605547N00936580EA0000001171
B1317045605551N00936941EA0000001158
B1317115605561N00937298EA0000001144
B1317165605568N00937551EA0000001147
B1317215605588N00937797EA0000001151
B1317265605617N00938036EA0000001166
B1317325605663N00938296EA0000001168
B1317395605724N00938590EA0000001167
B1317465605733N00938908EA0000001155
B1317525605685N00939178EA0000001143
B1317585605613N00939434EA0000001132
B1318035605544N00939641EA0000001127
B1318095605460N00939890EA0000001119
B1318155605378N00940146EA0000001112
B1318245605251N00940530EA0000001101
B1318315605156N00940836EA0000001090
B1318385605057N00941142EA0000001079
B1318455604967N00941446EA0000001086
B1318505604915N00941658EA0000001094
B1318595604876N00942058EA0000001098
B1319055604903N00942322EA0000001095
B1319105604951N00942525EA0000001088
B1319185605044N00942835EA0000001085
B1319245605120N00943071EA0000001073
B1319295605189N00943273EA0000001064
B1319355605271N00943514EA0000001069
B1319425605345N00943791EA0000001081
B1319485605381N00944040EA0000001074
B1319545605399N00944304EA0000001072
B1320005605410N00944557EA0000001090
B1320055605417N00944759EA0000001091
B1320125605435N00945040EA0000001101
B1320175605456N00945221EA0000001127
B1320225605476N00945381EA0000001135
B1320275605549N00945441EA0000001129
B1320345605561N00945304EA0000001142
B1320395605485N00945313EA0000001143
B1320485605466N00945584EA0000001171
B1320535605539N00945618EA0000001164
B1320585605563N00945523EA0000001180
B1321045605483N00945496EA0000001177
B1321105605433N00945671EA0000001204
B1321155605456N00945823EA0000001202
B1321205605512N00945976EA0000001194
B1321285605595N00946262EA0000001191
B1321335605650N00946443EA0000001189
B1321405605738N00946705EA0000001160
B1321455605804N00946906EA0000001148
B1321525605901N00947189EA0000001132
B1321575605965N00947401EA0000001125
B1322035606039N00947659EA0000001122
B1322095606104N00947923EA0000001119
B1322145606149N00948152EA0000001116
B1322195606191N00948375EA0000001133
B1322245606222N00948576EA0000001169
B1322305606243N00948797EA0000001183
B1322355606260N00948971EA0000001199
B1322415606303N00949168EA0000001201
B1322465606338N00949347EA0000001198
B1322535606380N00949625EA0000001182
B1323005606420N00949927EA0000001176
B1323065606458N00950192EA0000001175
B1323145606510N00950544EA0000001176
B1323195606542N00950759EA0000001172
B1323255606578N00951019EA0000001168
B1323305606610N00951239EA0000001174
B1323405606680N00951661EA0000001176
B1323455606718N00951873EA0000001164
B1323525606778N00952171EA0000001162
B1324025606862N00952603EA0000001165
B1324085606891N00952867EA0000001157
B1324165606889N00953241EA0000001152
B1324215606880N00953474EA0000001146
B1324295606860N00953849EA0000001134
B1324355606844N00954140EA0000001129
B1324435606828N00954526EA0000001126
B1324495606825N00954817EA0000001117
B1324555606820N00955111EA0000001106
B1325005606815N00955360EA0000001097
B1325055606809N00955610EA0000001092
B1325105606805N00955862EA0000001083
B1325165606804N00956167EA0000001075
B1325235606806N00956525EA0000001064
B1325315606805N00956933EA0000001052
B1325405606836N00957378EA0000001050
B1325505606910N00957851EA0000001039
B1325575606967N00958180EA0000001032
B1326025607012N00958415EA0000001035
B1326115607079N00958828EA0000001036
B1326165607110N00959057EA0000001029
B1326215607141N00959288EA0000001025
B1326265607166N00959520EA0000001014
B1326315607188N00959755EA0000001001
B1326385607218N01000084EA0000000992
B1326465607242N01000459EA0000000988
B1326515607247N01000691EA0000000992
B1326565607278N01000905EA0000001002
B1327015607339N01001083EA0000001003
B1327075607443N01001231EA0000000989
B1327125607545N01001307EA0000000978
B1327185607667N01001332EA0000000975
B1327235607765N01001307EA0000000966
B1327285607863N01001271EA0000000952
B1327335607964N01001229EA0000000939
B1327445608188N01001126EA0000000919
B1327535608377N01001043EA0000000910
B1328015608548N01000988EA0000000907
B1328085608696N01000938EA0000000905
B1328145608819N01000882EA0000000901
B1328205608941N01000823EA0000000896
B1328255609047N01000773EA0000000881
B1328325609193N01000695EA0000000866
B1328375609295N01000633EA0000000858
B1328435609412N01000546EA0000000850
B1328485609505N01000467EA0000000840
B1328545609614N01000377EA0000000832
B1329025609745N01000242EA0000000823
B1329075609822N01000144EA0000000832
B1329125609883N01000046EA0000000852
B1329175609960N00959992EA0000000852
B1329225610053N01000029EA0000000867
B1329275610100N01000181EA0000000876
B1329325610050N01000318EA0000000873
B1329375609984N01000298EA0000000885
B1329425609970N01000216EA0000000887
B1329495610033N01000122EA0000000892
B1329565610119N01000095EA0000000897
B1330035610223N01000179EA0000000891
B1330095610311N01000295EA0000000880
B1330175610441N01000425EA0000000860
B1330225610531N01000480EA0000000849
B1330285610643N01000530EA0000000843
B1330365610788N01000581EA0000000838
B1330425610888N01000586EA0000000848
B1330485610979N01000634EA0000000866
B1330535611050N01000720EA0000000858
B1331015611177N01000764EA0000000862
B1331075611266N01000775EA0000000857
B1331125611345N01000782EA0000000840
B1331175611434N01000799EA0000000834
B1331225611524N01000820EA0000000824
B1331285611638N01000856EA0000000823
B1331345611745N01000883EA0000000824
B1331415611876N01000919EA0000000812
B1331475611992N01000951EA0000000809
B1331535612111N01000985EA0000000792
B1332005612264N01001030EA0000000763
B1332065612402N01001075EA0000000750
B1332165612636N01001162EA0000000728
B1332215612756N01001207EA0000000719
B1332265612878N01001246EA0000000708
B1332355613101N01001338EA0000000684
B1332435613296N01001465EA0000000673
B1332515613480N01001658EA0000000659
B1332585613632N01001854EA0000000654
B1333055613780N01002056EA0000000638
B1333115613905N01002235EA0000000624
B1333265614211N01002714EA0000000589
B1333325614327N01002904EA0000000584
B1333385614436N01003104EA0000000585
B1333445614546N01003302EA0000000592
B1333495614625N01003446EA0000000643
B1333545614685N01003561EA0000000651
B1333595614736N01003717EA0000000637
B1334065614778N01003981EA0000000639
B1334115614794N01004174EA0000000633
B1334165614777N01004370EA0000000631
B1334215614719N01004523EA0000000631
B1334265614636N01004575EA0000000631
B1334335614551N01004504EA0000000657
B1334415614622N01004450EA0000000655
B1334465614655N01004626EA0000000665
B1334515614592N01004719EA0000000671
B1334565614562N01004648EA0000000683
B1335025614637N01004630EA0000000678
B1335075614689N01004785EA0000000686
B1335125614645N01004930EA0000000693
B1335175614584N01004916EA0000000700
B1335225614592N01004831EA0000000710
B1335295614650N01004736EA0000000728
B1335345614641N01004662EA0000000719
B1335395614568N01004718EA0000000707
B1335445614554N01004891EA0000000715
B1335495614620N01005019EA0000000728
B1335545614692N01005013EA0000000727
B1336015614644N01004924EA0000000729
B1336065614590N01005048EA0000000734
B1336115614625N01005224EA0000000748
B1336185614730N01005285EA0000000769
B1336235614738N01005207EA0000000751
B1336285614668N01005217EA0000000760
B1336335614606N01005328EA0000000790
B1336385614605N01005494EA0000000793
B1336435614681N01005518EA0000000794
B1336485614669N01005425EA0000000810
B1336535614600N01005459EA0000000831
B1336585614594N01005636EA0000000821
B1337065614705N01005645EA0000000842
B1337115614662N01005566EA0000000858
B1337165614593N01005639EA0000000862
B1337215614591N01005829EA0000000869
B1337265614658N01005934EA0000000892
B1337315614707N01005875EA0000000885
B1337365614661N01005800EA0000000903
B1337415614596N01005899EA0000000911
B1337475614659N01006088EA0000000921
B1337525614721N01006028EA0000000934
B1337575614667N01005962EA0000000948
B1338025614608N01006098EA0000000962
B1338095614689N01006283EA0000000984
B1338155614732N01006182EA0000000988
B1338205614661N01006155EA0000001006
B1338255614611N01006306EA0000001016
B1338305614660N01006461EA0000001029
B1338355614728N01006423EA0000001032
B1338405614682N01006348EA0000001044
B1338455614618N01006473EA0000001061
B1338505614652N01006644EA0000001076
B1338565614727N01006594EA0000001075
B1339025614653N01006535EA0000001097
B1339075614599N01006685EA0000001112
B1339145614675N01006867EA0000001134
B1339195614740N01006815EA0000001126
B1339245614716N01006693EA0000001122
B1339295614623N01006749EA0000001112
B1339345614621N01006974EA0000001125
B1339405614733N01007063EA0000001145
B1339455614809N01006968EA0000001139
B1339515614895N01006818EA0000001128
B1339565614964N01006678EA0000001107
B1340025615046N01006507EA0000001104
B1340075615109N01006354EA0000001091
B1340145615206N01006140EA0000001075
B1340205615292N01005956EA0000001060
B1340265615376N01005769EA0000001064
B1340335615465N01005547EA0000001085
B1340385615519N01005400EA0000001103
B1340445615581N01005231EA0000001113
B1340525615679N01005011EA0000001123
B1340575615761N01004903EA0000001123
B1341035615885N01004828EA0000001122
B1341115616074N01004815EA0000001103
B1341205616301N01004868EA0000001084
B1341265616455N01004890EA0000001072
B1341315616586N01004910EA0000001059
B1341395616799N01004976EA0000001055
B1341465616981N01005043EA0000001051
B1341525617130N01005041EA0000001048
B1341595617293N01004991EA0000001031
B1342045617407N01004942EA0000001027
B1342105617537N01004866EA0000001017
B1342175617683N01004757EA0000000999
B1342245617822N01004627EA0000000992
B1342295617908N01004520EA0000000990
B1342365618004N01004338EA0000000969
B1342445618107N01004104EA0000000946
B1342495618167N01003948EA0000000938
B1342565618251N01003730EA0000000926
B1343065618376N01003422EA0000000907
B1343125618450N01003238EA0000000897
B1343185618524N01003054EA0000000886
B1343235618585N01002901EA0000000878
B1343285618656N01002758EA0000000871
B1343345618739N01002588EA0000000859
B1343405618812N01002412EA0000000854
B1343485618884N01002164EA0000000849
B1343535618917N01001998EA0000000848
B1343585618946N01001830EA0000000855
B1344035618967N01001671EA0000000883
B1344095618986N01001502EA0000000901
B1344145619009N01001371EA0000000929
B1344195619048N01001282EA0000000942
B1344245619086N01001179EA0000000939
B1344325619128N01000995EA0000000958
B1344405619122N01000824EA0000000976
B1344455619042N01000888EA0000000991
B1344505619057N01001059EA0000001011
B1345005619136N01000953EA0000001038
B1345065619048N01001003EA0000001047
B1345115619070N01001182EA0000001068
B1345175619151N01001161EA0000001084
B1345225619117N01001067EA0000001096
B1345275619042N01001170EA0000001108
B1345365619145N01001320EA0000001138
B1345415619139N01001214EA0000001153
B1345465619058N01001245EA0000001166
B1345525619060N01001453EA0000001182
B1345595619159N01001429EA0000001199
B1346045619120N01001331EA0000001212
B1346095619034N01001393EA0000001235
B1346145619013N01001564EA0000001257
B1346255619133N01001553EA0000001278
B1346315619060N01001503EA0000001308
B1346365618999N01001622EA0000001318
B1346415619016N01001784EA0000001332
B1346495619155N01001908EA0000001320
B1346545619260N01001961EA0000001334
B1346595619366N01001995EA0000001331
B1347055619499N01001979EA0000001314
B1347135619668N01001870EA0000001296
B1347205619813N01001741EA0000001276
B1347255619916N01001635EA0000001265
B1347325620060N01001481EA0000001256
B1347375620162N01001364EA0000001242
B1347465620352N01001149EA0000001222
B1347535620505N01001002EA0000001211
B1348015620685N01000856EA0000001203
B1348115620913N01000713EA0000001201
B1348175621054N01000682EA0000001199
B1348255621246N01000679EA0000001184
B1348325621415N01000687EA0000001179
B1348375621536N01000696EA0000001177
B1348435621677N01000693EA0000001184
B1348525621866N01000672EA0000001190
B1349015622043N01000669EA0000001241
B1349085622160N01000710EA0000001262
B1349145622261N01000725EA0000001261
B1349215622394N01000669EA0000001226
B1349265622505N01000608EA0000001198
B1349315622625N01000546EA0000001181
B1349385622799N01000454EA0000001170
B1349475623025N01000335EA0000001155
B1349525623151N01000262EA0000001145
B1349575623274N01000184EA0000001141
B1350085623544N01000020EA0000001121
B1350165623740N00959904EA0000001112
B1350245623932N00959795EA0000001107
B1350295624050N00959737EA0000001106
B1350375624239N00959660EA0000001100
B1350455624425N00959580EA0000001093
B1350535624598N00959482EA0000001088
B1350585624701N00959413EA0000001082
B1351055624853N00959358EA0000001077
B1351115624992N00959362EA0000001073
B1351185625155N00959410EA0000001073
B1351235625267N00959451EA0000001082
B1351285625374N00959476EA0000001088
B1351375625545N00959452EA0000001092
B1351465625707N00959399EA0000001083
B1351535625843N00959378EA0000001068
B1351585625945N00959383EA0000001063
B1352045626073N00959418EA0000001052
B1352095626183N00959471EA0000001042
B1352155626311N00959566EA0000001027
B1352225626451N00959751EA0000001011
B1352295626579N00959987EA0000001005
B1352345626662N01000177EA0000001001
B1352405626756N01000415EA0000000998
B1352455626838N01000601EA0000001002
B1352515626954N01000757EA0000001001
B1352575627079N01000854EA0000000992
B1353025627184N01000893EA0000000985
B1353125627386N01000844EA0000000964
B1353175627480N01000788EA0000000966
B1353235627595N01000735EA0000000956
B1353295627720N01000713EA0000000947
B1353345627825N01000731EA0000000960
B1353395627924N01000758EA0000000958
B1353445628025N01000805EA0000000952
B1353505628144N01000897EA0000000949
B1354015628357N01001125EA0000000934
B1354075628473N01001252EA0000000936
B1354165628650N01001411EA0000000931
B1354215628748N01001496EA0000000924
B1354295628906N01001655EA0000000910
B1354355629026N01001784EA0000000901
B1354455629226N01001995EA0000000885
B1354535629385N01002165EA0000000875
B1355015629545N01002318EA0000000869
B1355145629809N01002535EA0000000858
B1355225629971N01002626EA0000000863
B1355275630059N01002698EA0000000870
B1355335630156N01002816EA0000000858
B1355415630295N01002935EA0000000848
B1355475630406N01002990EA0000000835
B1355535630520N01003026EA0000000827
B1355585630616N01003043EA0000000820
B1356055630753N01003074EA0000000831
B1356135630900N01003135EA0000000849
B1356255631099N01003233EA0000000846
B1356335631235N01003231EA0000000816
B1356385631327N01003212EA0000000798
B1356445631444N01003173EA0000000782
B1356505631562N01003127EA0000000777
B1356565631676N01003078EA0000000778
B1357035631801N01002999EA0000000775
B1357085631889N01002934EA0000000769
B1357175632052N01002822EA0000000750
B1357225632139N01002756EA0000000742
B1357305632279N01002655EA0000000727
B1357395632439N01002543EA0000000711
B1357445632530N01002482EA0000000716
B1357495632617N01002427EA0000000731
B1357545632700N01002397EA0000000751
B1358005632786N01002419EA0000000772
B1358055632856N01002503EA0000000764
B1358105632923N01002595EA0000000770
B1358185633025N01002786EA0000000769
B1358255633128N01002896EA0000000789
B1358325633174N01002791EA0000000787
B1358445633092N01003032EA0000000805
B1358495633167N01003063EA0000000817
B1358595633120N01002946EA0000000825
B1359105633103N01003290EA0000000850
B1359185633207N01003333EA0000000853
B1359245633221N01003241EA0000000856
B1359295633160N01003229EA0000000852
B1359375633035N01003304EA0000000854
B1359425632955N01003348EA0000000866
B1359565632928N01003650EA0000000866
B1400015632985N01003596EA0000000879
B1400225632948N01003847EA0000000898
B1400275632990N01003771EA0000000899
B1400335632941N01003683EA0000000920
B1400465632936N01003961EA0000000920
B1400515632990N01003896EA0000000936
B1400565632952N01003819EA0000000948
B1401055632891N01004061EA0000000954
B1401135632999N01004098EA0000000967
B1401205633067N01003985EA0000000972
B1401315633147N01003771EA0000000963
B1401395633191N01003586EA0000000941
B1401445633210N01003460EA0000000935
B1401525633221N01003267EA0000000926
B1401575633225N01003145EA0000000918
B1402025633234N01003020EA0000000915
B1402075633253N01002899EA0000000907
B1402145633296N01002728EA0000000894
B1402195633331N01002613EA0000000891
B1402325633463N01002339EA0000000865
B1402385633536N01002231EA0000000856
B1402435633596N01002140EA0000000848
B1402515633694N01001991EA0000000836
B1403025633837N01001783EA0000000822
B1403085633914N01001670EA0000000818
B1403185634028N01001486EA0000000818
B1403245634087N01001373EA0000000815
B1403305634142N01001255EA0000000808
B1403375634231N01001136EA0000000787
B1403445634349N01001041EA0000000759
B1403535634521N01000922EA0000000738
B1403595634642N01000851EA0000000729
B1404045634741N01000791EA0000000729
B1404115634880N01000714EA0000000726
B1404185635023N01000648EA0000000731
B1404245635140N01000596EA0000000760
B1404295635227N01000563EA0000000765
B1404405635435N01000500EA0000000738
B1404495635618N01000447EA0000000721
B1404565635754N01000388EA0000000714
B1405025635862N01000322EA0000000707
B1405075635953N01000278EA0000000700
B1405125636050N01000262EA0000000692
B1405205636212N01000277EA0000000683
B1405265636336N01000326EA0000000685
B1405325636434N01000387EA0000000727
B1405375636496N01000474EA0000000715
B1405445636582N01000679EA0000000709
B1405495636649N01000811EA0000000725
B1405545636702N01000946EA0000000735
B1406015636778N01001114EA0000000743
B1406075636866N01001203EA0000000715
B1406145636998N01001338EA0000000712
B1406195637083N01001418EA0000000737
B1406255637132N01001620EA0000000748
B1406305637066N01001728EA0000000763
B1406355637033N01001642EA0000000773
B1406405637097N01001631EA0000000780
B1406455637136N01001794EA0000000786
B1406505637082N01001928EA0000000804
B1406555637041N01001864EA0000000818
B1407005637100N01001848EA0000000829
B1407055637132N01002004EA0000000848
B1407105637069N01002097EA0000000852
B1407155637050N01002011EA0000000865
B1407215637128N01002065EA0000000882
B1407265637115N01002228EA0000000891
B1407315637046N01002241EA0000000900
B1407365637046N01002144EA0000000909
B1407415637120N01002147EA0000000915
B1407475637163N01002334EA0000000927
B1407525637101N01002443EA0000000929
B1407575637051N01002371EA0000000938
B1408025637099N01002294EA0000000944
B1408095637180N01002481EA0000000954
B1408145637124N01002610EA0000000964
B1408195637066N01002550EA0000000969
B1408245637103N01002455EA0000000981
B1408295637175N01002518EA0000000987
B1408345637168N01002694EA0000000987
B1408405637079N01002755EA0000001003
B1408455637050N01002662EA0000000998
B1408505637117N01002607EA0000001001
B1408565637164N01002799EA0000001008
B1409015637093N01002889EA0000001015
B1409065637071N01002804EA0000001025
B1409125637154N01002768EA0000001014
B1409185637258N01002877EA0000001008
B1409255637366N01003086EA0000000978
B1409365637502N01003556EA0000000950
B1409485637671N01004068EA0000000931
B1409555637781N01004348EA0000000923
B1410025637897N01004612EA0000000913
B1410095638024N01004853EA0000000904
B1410185638189N01005158EA0000000901
B1410235638277N01005325EA0000000900
B1410295638382N01005523EA0000000894
B1410345638468N01005681EA0000000898
B1410395638557N01005823EA0000000899
B1410465638681N01006015EA0000000894
B1410535638804N01006210EA0000000892
B1411025638960N01006480EA0000000882
B1411075639046N01006637EA0000000883
B1411135639135N01006834EA0000000893
B1411185639195N01007019EA0000000890
B1411345639374N01007651EA0000000891
B1411395639434N01007824EA0000000896
B1411445639511N01007868EA0000000902
B1411505639542N01007758EA0000000886
B1411555639487N01007654EA0000000869
B1412035639332N01007590EA0000000858
B1412125639136N01007529EA0000000849
B1412185639003N01007498EA0000000864
B1412245638884N01007465EA0000000872
B1412295638789N01007433EA0000000867
B1412345638695N01007400EA0000000863
B1412405638579N01007386EA0000000858
B1412475638437N01007364EA0000000841
B1412545638287N01007331EA0000000827
B1413035638096N01007269EA0000000815
B1413105637947N01007213EA0000000810
B1413155637840N01007170EA0000000811
B1413245637644N01007117EA0000000817
B1413295637545N01007115EA0000000855
B1413365637433N01007170EA0000000862
B1413415637350N01007244EA0000000845
B1413465637254N01007304EA0000000830
B1413515637158N01007337EA0000000833
B1413565637070N01007349EA0000000835
B1414045636931N01007329EA0000000819
B1414175636684N01007369EA0000000811
B1414225636591N01007432EA0000000810
B1414275636492N01007493EA0000000799
B1414325636389N01007552EA0000000806
B1414375636298N01007623EA0000000834
B1414455636280N01007869EA0000000832
B1414505636360N01007927EA0000000840
B1414555636413N01007864EA0000000858
B1415015636396N01007762EA0000000867
B1415065636322N01007774EA0000000863
B1415205636383N01008091EA0000000880
B1415255636422N01008029EA0000000888
B1415315636409N01007919EA0000000874
B1415365636385N01007806EA0000000870
B1415425636364N01007654EA0000000873
B1415475636349N01007531EA0000000891
B1415525636343N01007434EA0000000918
B1416015636422N01007578EA0000000931
B1416065636356N01007633EA0000000950
B1416115636350N01007543EA0000000966
B1416175636431N01007571EA0000000983
B1416225636431N01007734EA0000000988
B1416275636360N01007776EA0000001002
B1416325636343N01007687EA0000001019
B1416375636405N01007669EA0000001034
B1416425636439N01007814EA0000001044
B1416475636384N01007925EA0000001056
B1416525636337N01007871EA0000001066
B1416575636376N01007794EA0000001083
B1417055636452N01007969EA0000001102
B1417105636393N01008072EA0000001117
B1417155636354N01008014EA0000001127
B1417215636419N01007957EA0000001144
B1417295636456N01008188EA0000001156
B1417345636388N01008247EA0000001172
B1417395636360N01008167EA0000001178
B1417445636417N01008115EA0000001189
B1417515636481N01008304EA0000001206
B1417565636430N01008426EA0000001215
B1418015636380N01008373EA0000001218
B1418065636432N01008309EA0000001231
B1418135636476N01008511EA0000001242
B1418195636395N01008549EA0000001256
B1418255636426N01008454EA0000001261
B1418335636487N01008690EA0000001249
B1418385636402N01008800EA0000001249
B1418445636276N01008839EA0000001230
B1418515636117N01008874EA0000001231
B1418595635929N01008919EA0000001213
B1419045635811N01008927EA0000001200
B1419115635657N01008863EA0000001186
B1419165635556N01008791EA0000001180
B1419215635457N01008717EA0000001177
B1419285635335N01008592EA0000001176
B1419405635165N01008334EA0000001167
B1419475635076N01008197EA0000001172
B1420005634906N01007987EA0000001167
B1420095634788N01007869EA0000001153
B1420195634638N01007759EA0000001139
B1420245634555N01007721EA0000001132
B1420325634416N01007672EA0000001124
B1420405634273N01007651EA0000001124
B1420455634181N01007630EA0000001116
B1420515634069N01007600EA0000001109
B1420565633975N01007582EA0000001104
B1421015633883N01007559EA0000001100
B1421075633779N01007513EA0000001097
B1421155633652N01007428EA0000001092
B1421205633576N01007364EA0000001085
B1421305633424N01007215EA0000001066
B1421385633299N01007085EA0000001050
B1421445633203N01006988EA0000001045
B1421535633064N01006832EA0000001038
B1422005632963N01006706EA0000001033
B1422095632830N01006538EA0000001013
B1422145632755N01006446EA0000001009
B1422215632656N01006313EA0000001004
B1422285632569N01006168EA0000000994
B1422335632507N01006066EA0000000984
B1422395632431N01005949EA0000000970
B1422455632342N01005863EA0000000963
B1422515632240N01005812EA0000000944
B1422565632146N01005779EA0000000937
B1423045631998N01005722EA0000000947
B1423115631896N01005669EA0000000981
B1423185631808N01005588EA0000000945
B1423255631706N01005446EA0000000920
B1423345631576N01005246EA0000000905
B1423395631505N01005138EA0000000901
B1423445631439N01005031EA0000000900
B1423495631375N01004927EA0000000894
B1423585631256N01004741EA0000000885
B1424055631166N01004597EA0000000884
B1424115631089N01004479EA0000000882
B1424185630999N01004354EA0000000881
B1424245630923N01004253EA0000000877
B1424335630806N01004109EA0000000867
B1424385630737N01004039EA0000000864
B1424445630647N01003973EA0000000856
B1424505630553N01003916EA0000000846
B1424565630454N01003873EA0000000838
B1425055630296N01003844EA0000000830
B1425145630131N01003842EA0000000819
B1425245629945N01003880EA0000000818
B1425315629820N01003880EA0000000832
B1425365629756N01003830EA0000000850
B1425425629765N01003737EA0000000848
B1425475629833N01003783EA0000000848
B1425525629897N01003900EA0000000853
B1425585629993N01003944EA0000000869
B1426045630021N01003847EA0000000881
B1426175629972N01004103EA0000000892
B1426235630042N01004064EA0000000912
B1426405629998N01004280EA0000000935
B1426565629955N01004417EA0000000971
B1427015630007N01004367EA0000000983
B1427155629914N01004573EA0000001010
B1427205629988N01004601EA0000001022
B1427265629959N01004497EA0000001024
B1427345629881N01004716EA0000001044
B1427395629951N01004797EA0000001056
B1427445629975N01004713EA0000001056
B1428025629930N01005045EA0000001088
B1428095629948N01004929EA0000001090
B1428215629874N01005213EA0000001113
B1428265629944N01005206EA0000001115
B1428315629907N01005117EA0000001121
B1428425629843N01005397EA0000001136
B1428475629914N01005394EA0000001144
B1428525629880N01005309EA0000001144
B1429045629818N01005619EA0000001162
B1429095629886N01005616EA0000001170
B1429145629875N01005527EA0000001170
B1429205629789N01005492EA0000001180
B1429275629666N01005560EA0000001179
B1429345629535N01005691EA0000001163
B1429415629396N01005814EA0000001154
B1429485629247N01005918EA0000001147
B1429565629075N01006038EA0000001140
B1430035628919N01006140EA0000001135
B1430115628739N01006260EA0000001132
B1430175628602N01006338EA0000001137
B1430235628472N01006366EA0000001142
B1430285628361N01006350EA0000001124
B1430335628245N01006320EA0000001114
B1430395628103N01006277EA0000001109
B1430445627985N01006236EA0000001100
B1430515627820N01006180EA0000001091
B1430585627657N01006126EA0000001086
B1431075627457N01006061EA0000001086
B1431175627246N01005995EA0000001082
B1431225627144N01005957EA0000001078
B1431275627043N01005922EA0000001071
B1431345626896N01005875EA0000001058
B1431405626764N01005844EA0000001054
B1431465626636N01005819EA0000001052
B1431535626489N01005789EA0000001048
B1431585626384N01005768EA0000001045
B1432045626260N01005741EA0000001043
B1432095626158N01005715EA0000001039
B1432165626016N01005677EA0000001030
B1432225625895N01005642EA0000001020
B1432305625731N01005593EA0000001006
B1432385625565N01005542EA0000000994
B1432465625400N01005479EA0000000985
B1432515625299N01005442EA0000000980
B1432595625137N01005393EA0000000967
B1433055625016N01005362EA0000000960
B1433115624896N01005334EA0000000951
B1433195624731N01005312EA0000000939
B1433255624606N01005299EA0000000934
B1433305624502N01005280EA0000000932
B1433365624380N01005250EA0000000928
B1433435624241N01005206EA0000000922
B1433485624141N01005175EA0000000918
B1433555624001N01005129EA0000000912
B1434005623902N01005103EA0000000907
B1434085623739N01005065EA0000000893
B1434155623595N01005046EA0000000881
B1434225623446N01005031EA0000000862
B1434315623251N01005026EA0000000848
B1434385623100N01005039EA0000000836
B1434445622968N01005053EA0000000828
B1434495622858N01005069EA0000000828
B1434585622667N01005164EA0000000828
B1435035622566N01005283EA0000000823
B1435085622466N01005410EA0000000839
B1435135622369N01005482EA0000000866
B1435205622250N01005526EA0000000882
B1435255622166N01005542EA0000000895
B1435305622099N01005522EA0000000903
B1435365622122N01005423EA0000000894
B1435415622192N01005469EA0000000906
B1435465622222N01005632EA0000000903
B1435515622193N01005814EA0000000913
B1435565622124N01005942EA0000000921
B1436025622026N01006043EA0000000941
B1436085621948N01006015EA0000000935
B1436135621976N01005931EA0000000931
B1436185622054N01005985EA0000000932
B1436235622110N01006133EA0000000951
B1436285622081N01006311EA0000000960
B1436345621985N01006334EA0000000968
B1436405622007N01006240EA0000000978
B1436465622079N01006341EA0000000992
B1436515622054N01006519EA0000000997
B1436565621973N01006603EA0000001015
B1437015621917N01006560EA0000001010
B1437065621941N01006485EA0000001014
B1437115622005N01006564EA0000001021
B1437165621999N01006743EA0000001035
B1437215621935N01006864EA0000001045
B1437265621854N01006892EA0000001034
B1437315621780N01006835EA0000001033
B1437385621685N01006709EA0000001026
B1437435621622N01006614EA0000001021
B1437485621559N01006517EA0000001013
B1437545621478N01006401EA0000001009
B1438015621379N01006264EA0000001007
B1438065621312N01006162EA0000001005
B1438125621232N01006040EA0000001008
B1438185621153N01005923EA0000001004
B1438245621065N01005821EA0000001008
B1438305620965N01005741EA0000001007
B1438365620855N01005687EA0000001008
B1438415620764N01005670EA0000001021
B1438475620657N01005665EA0000001011
B1438545620523N01005623EA0000000995
B1438595620427N01005585EA0000000995
B1439045620330N01005556EA0000000998
B1439105620216N01005517EA0000001001
B1439155620124N01005479EA0000001009
B1439205620038N01005439EA0000001022
B1439275619930N01005373EA0000001022
B1439335619832N01005309EA0000001011
B1439385619740N01005263EA0000001004
B1439435619643N01005216EA0000000998
B1439505619502N01005165EA0000000987
B1439595619314N01005108EA0000000978
B1440065619164N01005093EA0000000974
B1440135619015N01005070EA0000000970
B1440195618886N01005026EA0000000966
B1440245618784N01004965EA0000000958
B1440325618629N01004844EA0000000945
B1440375618535N01004753EA0000000935
B1440455618385N01004608EA0000000931
B1440505618295N01004518EA0000000927
B1440555618209N01004428EA0000000921
B1441015618107N01004321EA0000000913
B1441075618005N01004218EA0000000904
B1441145617883N01004107EA0000000894
B1441255617679N01003964EA0000000882
B1441325617546N01003877EA0000000879
B1441405617400N01003766EA0000000875
B1441475617274N01003675EA0000000874
B1441525617186N01003610EA0000000869
B1441595617061N01003516EA0000000865
B1442045616975N01003447EA0000000862
B1442105616878N01003356EA0000000852
B1442155616795N01003273EA0000000846
B1442225616683N01003135EA0000000831
B1442335616499N01002923EA0000000819
B1442385616412N01002840EA0000000816
B1442445616306N01002754EA0000000808
B1442525616159N01002677EA0000000805
B1442595616030N01002625EA0000000797
B1443075615885N01002545EA0000000783
B1443155615747N01002445EA0000000778
B1443235615615N01002335EA0000000772
B1443295615525N01002239EA0000000763
B1443365615429N01002108EA0000000745
B1443415615366N01002001EA0000000732
B1443475615300N01001861EA0000000723
B1443545615230N01001696EA0000000714
B1443595615184N01001579EA0000000706
B1444055615127N01001440EA0000000694
B1444135615062N01001243EA0000000691
B1444185615031N01001118EA0000000691
B1444235615006N01001000EA0000000695
B1444295614969N01000875EA0000000686
B1444375614894N01000716EA0000000672
B1444445614815N01000579EA0000000661
B1444545614684N01000403EA0000000641
B1445025614568N01000277EA0000000629
B1445095614470N01000166EA0000000631
B1445175614350N01000064EA0000000622
B1445225614268N01000030EA0000000616
B1445295614146N01000021EA0000000609
B1445415613925N01000080EA0000000595
B1445475613811N01000128EA0000000591
B1445525613718N01000188EA0000000584
B1445585613603N01000246EA0000000587
B1446035613510N01000283EA0000000603
B1446085613453N01000225EA0000000620
B1446135613501N01000165EA0000000619
B1446185613548N01000295EA0000000635
B1446245613467N01000409EA0000000655
B1446315613447N01000284EA0000000664
B1446365613517N01000321EA0000000685
B1446415613515N01000478EA0000000693
B1446465613434N01000526EA0000000703
B1446515613403N01000431EA0000000711
B1446565613460N01000393EA0000000725
B1447015613497N01000527EA0000000732
B1447065613437N01000652EA0000000740
B1447125613360N01000585EA0000000755
B1447175613400N01000516EA0000000764
B1447225613457N01000618EA0000000782
B1447285613415N01000797EA0000000791
B1447335613337N01000782EA0000000806
B1447385613345N01000690EA0000000817
B1447445613418N01000767EA0000000834
B1447495613399N01000928EA0000000841
B1447545613313N01000957EA0000000852
B1448005613295N01000831EA0000000860
B1448055613366N01000847EA0000000879
B1448105613388N01001008EA0000000894
B1448165613300N01001113EA0000000905
B1448215613261N01001024EA0000000919
B1448265613315N01000983EA0000000933
B1448335613350N01001186EA0000000951
B1448385613273N01001280EA0000000957
B1448435613215N01001207EA0000000968
B1448485613248N01001119EA0000000975
B1448535613319N01001189EA0000000991
B1448585613327N01001358EA0000001003
B1449045613234N01001447EA0000001017
B1449095613198N01001358EA0000001025
B1449145613257N01001315EA0000001033
B1449205613311N01001478EA0000001049
B1449255613253N01001619EA0000001056
B1449305613173N01001602EA0000001068
B1449365613183N01001475EA0000001074
B1449415613259N01001499EA0000001088
B1449465613285N01001666EA0000001097
B1449525613207N01001815EA0000001111
B1449575613134N01001778EA0000001120
B1450035613149N01001663EA0000001137
B1450085613217N01001710EA0000001143
B1450135613234N01001879EA0000001161
B1450185613172N01001991EA0000001171
B1450245613101N01001915EA0000001173
B1450295613139N01001826EA0000001185
B1450345613209N01001883EA0000001202
B1450405613220N01002080EA0000001208
B1450455613158N01002201EA0000001224
B1450505613080N01002215EA0000001235
B1450555613044N01002127EA0000001235
B1451015613111N01002075EA0000001243
B1451065613172N01002183EA0000001255
B1451125613158N01002392EA0000001269
B1451175613098N01002510EA0000001288
B1451225613023N01002519EA0000001289
B1451325613046N01002360EA0000001308
B1451385613115N01002464EA0000001313
B1451445613105N01002673EA0000001323
B1451495613039N01002800EA0000001329
B1451565612920N01002914EA0000001327
B1452015612830N01003000EA0000001305
B1452085612690N01003130EA0000001287
B1452155612549N01003276EA0000001275
B1452215612431N01003429EA0000001261
B1452285612293N01003621EA0000001247
B1452335612195N01003753EA0000001245
B1452385612098N01003876EA0000001247
B1452435611996N01003980EA0000001228
B1452485611882N01004064EA0000001208
B1452555611717N01004142EA0000001203
B1453015611581N01004169EA0000001200
B1453125611340N01004168EA0000001186
B1453205611166N01004132EA0000001173
B1453275611018N01004080EA0000001163
B1453325610915N01004038EA0000001160
B1453375610814N01003997EA0000001167
B1453435610693N01003974EA0000001185
B1453485610602N01003983EA0000001220
B1453565610477N01004050EA0000001234
B1454025610379N01004157EA0000001226
B1454095610250N01004276EA0000001219
B1454155610131N01004369EA0000001212
B1454225609981N01004458EA0000001189
B1454285609843N01004498EA0000001177
B1454335609729N01004510EA0000001176
B1454415609549N01004504EA0000001170
B1454475609415N01004481EA0000001161
B1454525609303N01004455EA0000001157
B1454595609148N01004412EA0000001151
B1455075608970N01004360EA0000001139
B1455165608766N01004304EA0000001130
B1455225608639N01004270EA0000001133
B1455285608515N01004237EA0000001125
B1455415608243N01004168EA0000001109
B1455485608094N01004136EA0000001100
B1455555607945N01004093EA0000001089
B1456045607756N01004033EA0000001080
B1456095607651N01003998EA0000001077
B1456185607469N01003935EA0000001074
B1456235607374N01003895EA0000001073
B1456365607127N01003815EA0000001063
B1456435606991N01003773EA0000001050
B1456505606859N01003714EA0000001037
B1457005606677N01003619EA0000001020
B1457085606528N01003554EA0000000999
B1457155606392N01003509EA0000000993
B1457205606294N01003493EA0000000990
B1457335606033N01003486EA0000000963
B1457415605870N01003481EA0000000946
B1457465605766N01003473EA0000000928
B1457595605495N01003441EA0000000911
B1458045605393N01003429EA0000000905
B1458165605155N01003400EA0000000899
B1458245604999N01003382EA0000000890
B1458315604862N01003391EA0000000881
B1458365604763N01003415EA0000000876
B1458445604600N01003467EA0000000866
B1458505604475N01003522EA0000000864
B1458575604340N01003626EA0000000880
B1459065604191N01003791EA0000000883
B1459125604126N01003975EA0000000881
B1459205604084N01004276EA0000000873
B1459285604054N01004599EA0000000865
B1459335604032N01004808EA0000000875
B1459395603987N01005011EA0000000903
B1459455603899N01005098EA0000000886
B1459505603838N01005035EA0000000879
B1459555603837N01004924EA0000000871
B1500015603898N01004818EA0000000865
B1500085603975N01004717EA0000000878
B1500145604034N01004625EA0000000866
B1500195604090N01004537EA0000000857
B1500245604147N01004446EA0000000853
B1500325604237N01004296EA0000000855
B1500385604294N01004176EA0000000848
B1500445604348N01004041EA0000000840
B1500495604392N01003922EA0000000847
B1500545604434N01003829EA0000000872
B1501025604471N01003677EA0000000856
B1501095604501N01003492EA0000000829
B1501165604526N01003285EA0000000831
B1501215604540N01003154EA0000000867
B1501265604578N01003084EA0000000881
B1501315604634N01003185EA0000000883
B1501365604599N01003331EA0000000895
B1501415604529N01003331EA0000000904
B1501465604522N01003239EA0000000911
B1501525604593N01003266EA0000000918
B1501575604596N01003418EA0000000916
B1502025604521N01003468EA0000000920
B1502085604510N01003353EA0000000932
B1502135604572N01003366EA0000000936
B1502185604589N01003515EA0000000938
B1502245604510N01003611EA0000000949
B1502295604470N01003534EA0000000957
B1502345604507N01003477EA0000000951
B1502405604586N01003544EA0000000955
B1502465604664N01003549EA0000000965
B1502515604718N01003498EA0000000967
B1502585604766N01003376EA0000000955
B1503035604794N01003278EA0000000956
B1503095604813N01003148EA0000000939
B1503165604826N01002964EA0000000934
B1503235604838N01002782EA0000000948
B1503295604835N01002639EA0000000974
B1503345604824N01002541EA0000000982
B1503395604799N01002447EA0000000977
B1503445604768N01002349EA0000000978
B1503505604730N01002231EA0000000998
B1503565604698N01002130EA0000001010
B1504025604664N01002018EA0000000993
B1504075604632N01001909EA0000000992
B1504125604599N01001802EA0000000996
B1504185604559N01001676EA0000001006
B1504235604539N01001562EA0000001011
B1504295604533N01001429EA0000001036
B1504375604533N01001278EA0000001054
B1504455604534N01001107EA0000001052
B1504515604537N01000969EA0000001060
B1504595604535N01000797EA0000001085
B1505095604532N01000597EA0000001078
B1505145604523N01000484EA0000001069
B1505215604502N01000308EA0000001041
B1505335604441N00959961EA0000001013
B1505395604412N00959784EA0000001022
B1505465604379N00959588EA0000001015
B1505555604346N00959332EA0000001014
B1506025604320N00959136EA0000001010
B1506085604298N00958975EA0000001006
B1506165604264N00958768EA0000001000
B1506225604239N00958611EA0000000998
B1506285604215N00958458EA0000001003
B1506355604181N00958278EA0000001005
B1506425604139N00958107EA0000001009
B1506485604096N00957961EA0000001003
B1506545604063N00957805EA0000000999
B1506595604037N00957673EA0000001001
B1507045604024N00957544EA0000001012
B1507125604033N00957363EA0000001032
B1507185604043N00957233EA0000001036
B1507255604059N00957076EA0000001039
B1507315604068N00956955EA0000001043
B1507375604078N00956817EA0000001014
B1507445604092N00956624EA0000001013
B1507515604110N00956433EA0000001021
B1507565604124N00956311EA0000001048
B1508025604147N00956204EA0000001064
B1508075604175N00956121EA0000001060
B1508125604180N00956010EA0000001055
B1508175604167N00955888EA0000001055
B1508225604154N00955763EA0000001074
B1508275604155N00955661EA0000001099
B1508325604215N00955648EA0000001094
B1508375604242N00955808EA0000001100
B1508425604181N00955921EA0000001118
B1508485604114N00955863EA0000001132
B1508535604143N00955786EA0000001141
B1508585604212N00955848EA0000001142
B1509045604214N00956046EA0000001155
B1509105604130N00956122EA0000001175
B1509155604110N00956033EA0000001176
B1509205604179N00956030EA0000001191
B1509255604197N00956186EA0000001198
B1509305604126N00956272EA0000001215
B1509375604091N00956164EA0000001229
B1509425604150N00956134EA0000001241
B1509475604196N00956260EA0000001245
B1509525604155N00956406EA0000001251
B1509575604083N00956400EA0000001266
B1510025604080N00956305EA0000001273
B1510085604157N00956322EA0000001280
B1510145604168N00956510EA0000001289
B1510215604071N00956583EA0000001306
B1510265604039N00956502EA0000001317
B1510315604043N00956401EA0000001310
B1510365604048N00956275EA0000001300
B1510445604052N00956044EA0000001287
B1510565604049N00955669EA0000001282
B1511025604042N00955468EA0000001263
B1511075604033N00955291EA0000001251
B1511125604026N00955113EA0000001247
B1511195604022N00954871EA0000001243
B1511245604019N00954705EA0000001237
B1511295604010N00954541EA0000001230
B1511345603994N00954379EA0000001224
B1511415603970N00954154EA0000001217
B1511465603956N00953995EA0000001213
B1511515603943N00953838EA0000001214
B1511595603913N00953585EA0000001207
B1512065603895N00953354EA0000001204
B1512125603883N00953152EA0000001196
B1512235603878N00952776EA0000001191
B1512295603876N00952567EA0000001185
B1512375603875N00952286EA0000001171
B1512425603872N00952112EA0000001164
B1512475603871N00951940EA0000001161
B1512535603876N00951737EA0000001159
B1512585603882N00951566EA0000001156
B1513035603896N00951397EA0000001158
B1513105603922N00951162EA0000001160
B1513155603946N00951000EA0000001162
B1513205603979N00950845EA0000001159
B1513265604015N00950655EA0000001160
B1513315604041N00950503EA0000001177
B1513365604057N00950364EA0000001177
B1513415604065N00950216EA0000001166
B1513475604062N00950021EA0000001154
B1513525604054N00949851EA0000001147
B1513575604047N00949677EA0000001140
B1514025604039N00949503EA0000001139
B1514085604033N00949296EA0000001135
B1514145604036N00949087EA0000001130
B1514235604043N00948764EA0000001119
B1514295604057N00948557EA0000001124
B1514365604078N00948328EA0000001115
B1514425604084N00948120EA0000001102
B1514535604083N00947728EA0000001093
B1514585604088N00947551EA0000001101
B1515045604091N00947356EA0000001117
B1515095604111N00947219EA0000001142
B1515145604169N00947139EA0000001158
B1515205604256N00947114EA0000001175
B1515255604304N00947047EA0000001160
B1515315604312N00946895EA0000001161
B1515365604305N00946776EA0000001160
B1515425604282N00946634EA0000001156
B1515495604231N00946463EA0000001152
B1515545604191N00946334EA0000001157
B1516025604132N00946140EA0000001181
B1516095604083N00945990EA0000001179
B1516175604047N00945795EA0000001172
B1516265604044N00945565EA0000001162
B1516315604049N00945441EA0000001160
B1516365604049N00945320EA0000001159
B1516415604039N00945200EA0000001153
B1516465604027N00945074EA0000001150
B1516525604015N00944917EA0000001151
B1516585603988N00944773EA0000001154
B1517035603958N00944654EA0000001144
B1517105603931N00944464EA0000001129
B1517215603932N00944130EA0000001108
B1517265603937N00943977EA0000001109
B1517315603940N00943832EA0000001112
B1517365603942N00943694EA0000001109
B1517435603944N00943496EA0000001098
B1517505603949N00943292EA0000001093
B1517565603959N00943120EA0000001090
B1518015603964N00942977EA0000001086
B1518065603967N00942831EA0000001082
B1518135603969N00942629EA0000001074
B1518185603972N00942481EA0000001066
B1518245603976N00942301EA0000001059
B1518315603959N00942097EA0000001059
B1518375603933N00941922EA0000001048
B1518435603906N00941740EA0000001045
B1518485603883N00941587EA0000001047
B1518535603860N00941437EA0000001044
B1518595603830N00941262EA0000001038
B1519045603801N00941124EA0000001037
B1519105603769N00940961EA0000001036
B1519155603751N00940822EA0000001040
B1519205603743N00940677EA0000001032
B1519335603743N00940269EA0000001019
B1519395603742N00940073EA0000001015
B1519485603739N00939778EA0000001001
B1519555603735N00939551EA0000001013
B1520005603729N00939404EA0000001040
B1520065603720N00939251EA0000001059
B1520125603719N00939109EA0000001075
B1520175603725N00939005EA0000001080
B1520255603742N00938827EA0000001075
B1520305603756N00938714EA0000001069
B1520355603768N00938589EA0000001056
B1520415603786N00938426EA0000001058
B1520465603800N00938292EA0000001076
B1520535603813N00938138EA0000001105
B1520585603811N00938034EA0000001109
B1521075603803N00937848EA0000001136
B1521135603799N00937728EA0000001147
B1521195603793N00937614EA0000001160
B1521245603785N00937520EA0000001163
B1521305603779N00937398EA0000001170
B1521365603779N00937290EA0000001170
B1521415603788N00937192EA0000001152
B1521465603796N00937083EA0000001152
B1521525603817N00936959EA0000001151
B1521575603855N00936868EA0000001155
B1522025603904N00936793EA0000001176
B1522075603931N00936716EA0000001188
B1522135603909N00936604EA0000001184
B1522185603865N00936514EA0000001182
B1522255603826N00936361EA0000001189
B1522315603819N00936215EA0000001180
B1522365603829N00936090EA0000001179
B1522415603849N00935965EA0000001173
B1522465603874N00935829EA0000001160
B1522515603896N00935676EA0000001145
B1522565603918N00935511EA0000001147
B1523015603934N00935355EA0000001156
B1523075603951N00935170EA0000001141
B1523125603964N00935005EA0000001128
B1523185603979N00934800EA0000001117
B1523245603993N00934590EA0000001103
B1523295604003N00934411EA0000001093
B1523345604012N00934232EA0000001085
B1523405604025N00934018EA0000001073
B1523485604037N00933734EA0000001059
B1523535604042N00933558EA0000001056
B1524115604044N00932938EA0000001046
B1524175604057N00932736EA0000001048
B1524225604070N00932571EA0000001058
B1524285604086N00932411EA0000001097
B1524335604100N00932300EA0000001095
B1524385604117N00932171EA0000001086
B1524435604133N00932034EA0000001089
B1524495604139N00931894EA0000001124
B1524555604140N00931773EA0000001131
B1525005604151N00931663EA0000001135
B1525055604163N00931560EA0000001149
B1525105604181N00931467EA0000001157
B1525155604205N00931378EA0000001161
B1525205604225N00931279EA0000001158
B1525265604244N00931145EA0000001177
B1525325604251N00931027EA0000001184
B1525375604261N00930920EA0000001183
B1525425604278N00930813EA0000001195
B1525485604309N00930692EA0000001197
B1525545604342N00930570EA0000001191
B1526005604377N00930429EA0000001167
B1526065604416N00930272EA0000001158
B1526125604455N00930112EA0000001149
B1526175604492N00929976EA0000001133
B1526235604546N00929804EA0000001126
B1526295604609N00929633EA0000001125
B1526345604665N00929494EA0000001122
B1526405604722N00929320EA0000001114
B1526465604766N00929133EA0000001103
B1526535604811N00928911EA0000001112
B1526595604843N00928732EA0000001116
B1527045604871N00928587EA0000001122
B1527095604903N00928455EA0000001147
B1527145604929N00928353EA0000001171
B1527195604955N00928257EA0000001174
B1527245604994N00928167EA0000001188
B1527305605051N00928091EA0000001194
B1527365605098N00928005EA0000001191
B1527415605113N00927900EA0000001175
B1527475605121N00927751EA0000001166
B1527535605128N00927593EA0000001158
B1527595605139N00927433EA0000001150
B1528055605150N00927269EA0000001156
B1528105605157N00927144EA0000001175
B1528165605168N00927019EA0000001167
B1528215605191N00926900EA0000001144
B1528275605239N00926748EA0000001139
B1528325605275N00926624EA0000001147
B1528395605308N00926464EA0000001146
B1528445605314N00926349EA0000001150
B1528495605324N00926231EA0000001156
B1528545605332N00926120EA0000001167
B1528595605344N00926024EA0000001170
B1529045605388N00925939EA0000001176
B1529105605433N00925857EA0000001201
B1529155605462N00925771EA0000001197
B1529205605531N00925736EA0000001191
B1529255605596N00925853EA0000001191
B1529305605592N00926021EA0000001204
B1529355605542N00926139EA0000001214
B1529415605466N00926132EA0000001217
B1529465605444N00926043EA0000001230
B1529525605470N00925935EA0000001231
B1529575605487N00925827EA0000001217
B1530025605500N00925711EA0000001219
B1530075605505N00925599EA0000001224
B1530135605500N00925472EA0000001241
B1530205605500N00925337EA0000001246
B1530265605493N00925209EA0000001266
B1530315605485N00925107EA0000001266
B1530385605456N00924950EA0000001269
B1530455605409N00924781EA0000001239
B1530515605362N00924604EA0000001221
B1530575605316N00924417EA0000001209
B1531025605279N00924258EA0000001202
B1531075605241N00924100EA0000001198
B1531175605153N00923795EA0000001187
B1531225605107N00923641EA0000001181
B1531315605024N00923363EA0000001179
B1531365604979N00923207EA0000001172
B1531415604935N00923053EA0000001169
B1531465604891N00922906EA0000001165
B1531515604852N00922759EA0000001162
B1531565604821N00922613EA0000001163
B1532025604785N00922435EA0000001167
B1532075604754N00922298EA0000001174
B1532135604721N00922129EA0000001176
B1532195604703N00921984EA0000001207
B1532245604698N00921880EA0000001192
B1532315604697N00921688EA0000001154
B1532395604694N00921431EA0000001133
B1532455604683N00921228EA0000001131
B1532505604668N00921055EA0000001128
B1532575604643N00920812EA0000001118
B1533095604585N00920406EA0000001104
B1533145604559N00920245EA0000001101
B1533225604517N00919990EA0000001087
B1533285604481N00919799EA0000001079
B1533345604441N00919607EA0000001073
B1533405604398N00919418EA0000001065
B1533455604359N00919262EA0000001058
B1533515604310N00919073EA0000001046
B1533585604252N00918853EA0000001040
B1534045604198N00918671EA0000001034
B1534105604149N00918484EA0000001028
B1534165604098N00918300EA0000001024
B1534215604054N00918151EA0000001022
B1534275604003N00917971EA0000001017
B1534335603955N00917789EA0000001015
B1534385603913N00917641EA0000001013
B1534435603871N00917493EA0000001006
B1534485603830N00917346EA0000000998
B1534535603792N00917199EA0000000988
B1535005603738N00916993EA0000000975
B1535075603682N00916785EA0000000963
B1535145603626N00916579EA0000000963
B1535205603568N00916420EA0000000962
B1535255603522N00916283EA0000000957
B1535315603468N00916111EA0000000968
B1535385603411N00915975EA0000001013
B1535435603413N00915873EA0000001023
B1535485603482N00915864EA0000001033
B1535535603520N00916017EA0000001043
B1535585603478N00916159EA0000001055
B1536035603404N00916194EA0000001065
B1536085603334N00916208EA0000001075
B1536135603290N00916137EA0000001083
B1536185603308N00916044EA0000001096
B1536235603379N00916027EA0000001108
B1536285603440N00916146EA0000001122
B1536335603434N00916319EA0000001133
B1536385603364N00916401EA0000001144
B1536435603316N00916341EA0000001152
B1536485603351N00916248EA0000001166
B1536535603430N00916263EA0000001184
B1536585603467N00916408EA0000001199
B1537035603428N00916549EA0000001203
B1537095603340N00916554EA0000001208
B1537145603320N00916459EA0000001223
B1537215603405N00916410EA0000001242
B1537265603459N00916530EA0000001263
B1537315603454N00916690EA0000001263
B1537365603428N00916855EA0000001270
B1537415603410N00917017EA0000001287
B1537475603394N00917202EA0000001298
B1537545603376N00917452EA0000001266
B1537595603360N00917656EA0000001261
B1538055603338N00917906EA0000001259
B1538105603304N00918114EA0000001257
B1538155603267N00918312EA0000001274
B1538215603218N00918530EA0000001273
B1538265603171N00918721EA0000001262
B1538325603113N00918965EA0000001248
B1538375603066N00919173EA0000001245
B1538455602998N00919511EA0000001239
B1538545602924N00919886EA0000001239
B1539015602867N00920174EA0000001248
B1539075602822N00920399EA0000001276
B1539125602783N00920567EA0000001271
B1539175602740N00920758EA0000001249
B1539225602695N00920964EA0000001240
B1539275602647N00921171EA0000001244
B1539325602603N00921361EA0000001272
B1539385602555N00921572EA0000001272
B1539435602510N00921761EA0000001261
B1539495602450N00921998EA0000001251
B1539565602371N00922276EA0000001240
B1540055602260N00922620EA0000001240
B1540105602206N00922814EA0000001232
B1540165602144N00923063EA0000001222
B1540225602083N00923318EA0000001217
B1540285602020N00923573EA0000001211
B1540345601948N00923823EA0000001210
B1540395601893N00924036EA0000001212
B1540455601831N00924295EA0000001225
B1540505601796N00924502EA0000001244
B1540555601770N00924686EA0000001272
B1541005601730N00924848EA0000001273
B1541055601678N00925002EA0000001283
B1541125601607N00925216EA0000001291
B1541185601549N00925401EA0000001300
B1541235601504N00925558EA0000001297
B1541295601457N00925752EA0000001292
B1541355601410N00925956EA0000001278
B1541415601359N00926170EA0000001266
B1541465601323N00926360EA0000001264
B1541555601272N00926725EA0000001256
B1542015601236N00926963EA0000001255
B1542085601181N00927233EA0000001257
B1542135601140N00927423EA0000001271
B1542185601108N00927600EA0000001281
B1542255601067N00927854EA0000001274
B1542315601037N00928075EA0000001269
B1542365601014N00928267EA0000001272
B1542415600992N00928457EA0000001276
B1542475600952N00928672EA0000001281
B1542535600904N00928883EA0000001264
B1543005600839N00929146EA0000001253
B1543055600786N00929324EA0000001251
B1543105600731N00929494EA0000001247
B1543185600629N00929755EA0000001232
B1543245600552N00929950EA0000001228
B1543325600458N00930217EA0000001218
B1543395600374N00930448EA0000001209
B1543465600291N00930669EA0000001207
B1543535600207N00930877EA0000001206
B1543585600144N00931020EA0000001202
B1544045600073N00931197EA0000001206
B1544105600012N00931386EA0000001209
B1544155559971N00931556EA0000001205
B1544205559934N00931732EA0000001203
B1544255559898N00931907EA0000001202
B1544335559826N00932181EA0000001183
B1544425559728N00932494EA0000001170
B1544485559660N00932702EA0000001167
B1544545559597N00932907EA0000001167
B1545005559540N00933116EA0000001156
B1545075559472N00933356EA0000001155
B1545135559417N00933560EA0000001152
B1545185559373N00933726EA0000001146
B1545245559337N00933959EA0000001144
B1545295559318N00934147EA0000001151
B1545355559302N00934363EA0000001145
B1545415559290N00934591EA0000001140
B1545465559270N00934783EA0000001138
B1545525559247N00935003EA0000001161
B1545575559237N00935151EA0000001189
B1546045559237N00935364EA0000001173
B1546095559229N00935536EA0000001167
B1546145559207N00935708EA0000001161
B1546195559182N00935884EA0000001154
B1546265559141N00936142EA0000001147
B1546315559107N00936331EA0000001145
B1546385559045N00936565EA0000001151
B1546465558962N00936823EA0000001144
B1546525558899N00937027EA0000001135
B1546595558826N00937267EA0000001124
B1547055558757N00937476EA0000001116
B1547105558694N00937654EA0000001106
B1547185558585N00937935EA0000001122
B1547235558530N00938104EA0000001145
B1547285558483N00938260EA0000001164
B1547345558440N00938446EA0000001173
B1547395558405N00938601EA0000001189
B1547455558362N00938775EA0000001194
B1547525558315N00938994EA0000001198
B1547575558285N00939158EA0000001194
B1548025558254N00939328EA0000001188
B1548105558210N00939615EA0000001195
B1548175558184N00939868EA0000001198
B1548235558174N00940083EA0000001206
B1548285558173N00940263EA0000001195
B1548365558150N00940568EA0000001184
B1548425558114N00940799EA0000001172
B1548495558068N00941068EA0000001164
B1548545558027N00941259EA0000001159
B1548595557981N00941452EA0000001156
B1549045557933N00941644EA0000001163
B1549105557878N00941857EA0000001176
B1549165557819N00942060EA0000001181
B1549225557771N00942261EA0000001190
B1549285557741N00942476EA0000001181
B1549345557714N00942709EA0000001177
B1549395557691N00942909EA0000001173
B1549455557665N00943145EA0000001180
B1549525557605N00943398EA0000001186
B1549585557548N00943579EA0000001199
B1550035557497N00943731EA0000001194
B1550145557461N00944154EA0000001165
B1550255557460N00944641EA0000001140
B1550365557460N00945143EA0000001124
B1550455557452N00945560EA0000001113
B1550505557443N00945791EA0000001110
B1550585557422N00946156EA0000001102
B1551055557404N00946475EA0000001096
B1551155557398N00946934EA0000001095
B1551225557378N00947243EA0000001098
B1551275557349N00947459EA0000001108
B1551335557298N00947673EA0000001136
B1551395557246N00947848EA0000001140
B1551445557210N00948011EA0000001124
B1551515557175N00948260EA0000001144
B1551575557166N00948462EA0000001144
B1552035557162N00948674EA0000001138
B1552125557161N00948988EA0000001161
B1552195557158N00949205EA0000001180
B1552255557118N00949383EA0000001195
B1552305557095N00949529EA0000001215
B1552355557112N00949676EA0000001207
B1552405557183N00949734EA0000001208
B1552455557219N00949650EA0000001206
B1552505557179N00949570EA0000001221
B1552555557113N00949571EA0000001234
B1553035557011N00949705EA0000001252
B1553085556974N00949840EA0000001260
B1553145556957N00950022EA0000001271
B1553245556951N00950326EA0000001258
B1553315556929N00950567EA0000001258
B1553365556910N00950735EA0000001260
B1553435556892N00950976EA0000001264
B1553505556873N00951213EA0000001279
B1554005556844N00951552EA0000001290
B1554085556834N00951828EA0000001290
B1554145556827N00952037EA0000001295
B1554245556812N00952383EA0000001327
B1554305556799N00952600EA0000001325
B1554355556786N00952812EA0000001309
B1554425556768N00953138EA0000001305
B1554475556758N00953374EA0000001303
B1554535556755N00953658EA0000001302
B1554595556757N00953945EA0000001295
B1555065556760N00954281EA0000001284
B1555155556742N00954695EA0000001303
B1555215556702N00954950EA0000001313
B1555265556692N00955149EA0000001323
B1555315556760N00955277EA0000001315
B1555365556844N00955257EA0000001317
B1555415556876N00955134EA0000001318
B1555515556876N00954842EA0000001322
B1555565556872N00954690EA0000001324
B1556025556865N00954502EA0000001312
B1556095556857N00954274EA0000001300
B1556175556849N00954023EA0000001304
B1556225556844N00953873EA0000001315
B1556285556829N00953702EA0000001334
B1556335556812N00953565EA0000001340
B1556385556800N00953403EA0000001324
B1556445556788N00953178EA0000001315
B1556505556780N00952944EA0000001310
B1556555556778N00952753EA0000001307
B1557005556788N00952570EA0000001312
B1557055556804N00952401EA0000001324
B1557105556822N00952236EA0000001326
B1557165556841N00952039EA0000001328
B1557215556855N00951871EA0000001321
B1557315556857N00951537EA0000001327
B1557365556847N00951378EA0000001325
B1557415556839N00951220EA0000001318
B1557475556832N00951032EA0000001325
B1557525556827N00950875EA0000001327
B1557585556832N00950689EA0000001331
B1558035556851N00950532EA0000001324
B1558115556904N00950286EA0000001319
B1558195556957N00950041EA0000001312
B1558245556989N00949893EA0000001305
B1558315557035N00949687EA0000001292
B1558375557079N00949511EA0000001282
B1558425557115N00949369EA0000001276
B1558475557148N00949227EA0000001272
B1558535557184N00949054EA0000001266
B1558595557220N00948880EA0000001256
B1559055557247N00948704EA0000001247
B1559105557263N00948557EA0000001243
B1559155557274N00948414EA0000001239
B1559205557272N00948272EA0000001231
B1559285557244N00948046EA0000001216
B1559335557216N00947908EA0000001217
B1559405557177N00947716EA0000001217
B1559455557155N00947576EA0000001229
B1559505557132N00947454EA0000001246
B1559555557118N00947333EA0000001236
B1600015557130N00947172EA0000001231
B1600075557157N00947013EA0000001240
B1600125557183N00946894EA0000001249
B1600185557213N00946757EA0000001237
B1600245557247N00946606EA0000001220
B1600295557279N00946479EA0000001212
B1600345557318N00946357EA0000001213
B1600445557404N00946113EA0000001206
B1600505557457N00945953EA0000001199
B1600565557509N00945792EA0000001191
B1601015557558N00945655EA0000001183
B1601065557612N00945515EA0000001175
B1601155557707N00945255EA0000001170
B1601205557754N00945109EA0000001168
B1601255557802N00944966EA0000001161
B1601305557853N00944825EA0000001154
B1601365557908N00944651EA0000001145
B1601415557946N00944502EA0000001139
B1601495557993N00944256EA0000001123
B1601545558017N00944099EA0000001113
B1602015558040N00943880EA0000001103
B1602075558055N00943692EA0000001096
B1602125558067N00943539EA0000001094
B1602185558083N00943353EA0000001095
B1602235558094N00943201EA0000001103
B1602295558112N00943039EA0000001111
B1602345558136N00942907EA0000001093
B1602415558187N00942722EA0000001100
B1602465558225N00942605EA0000001097
B1602535558293N00942445EA0000001086
B1603015558380N00942276EA0000001104
B1603065558431N00942185EA0000001114
B1603115558478N00942103EA0000001124
B1603185558542N00941989EA0000001125
B1603235558588N00941905EA0000001128
B1603305558639N00941779EA0000001129
B1603355558670N00941680EA0000001116
B1603405558699N00941567EA0000001107
B1603465558729N00941425EA0000001107
B1603515558749N00941305EA0000001102
B1603585558772N00941129EA0000001095
B1604035558790N00941005EA0000001099
B1604115558815N00940818EA0000001099
B1604175558830N00940671EA0000001100
B1604235558845N00940547EA0000001127
B1604295558861N00940432EA0000001132
B1604355558873N00940310EA0000001142
B1604405558830N00940231EA0000001131
B1604455558749N00940249EA0000001134
B1604505558706N00940382EA0000001127
B1604555558735N00940537EA0000001118
B1605015558818N00940641EA0000001114
B1605075558912N00940641EA0000001118
B1605135558991N00940588EA0000001135
B1605195559048N00940510EA0000001142
B1605255559063N00940381EA0000001127
B1605305559064N00940251EA0000001118
B1605365559059N00940093EA0000001125
B1605415559055N00939974EA0000001137
B1605465559052N00939865EA0000001136
B1605525559056N00939721EA0000001119
B1605575559065N00939591EA0000001113
B1606035559085N00939435EA0000001107
B1606085559112N00939309EA0000001108
B1606165559146N00939113EA0000001114
B1606235559174N00938943EA0000001109
B1606305559205N00938762EA0000001095
B1606355559229N00938635EA0000001092
B1606425559299N00938501EA0000001093
B1606485559394N00938447EA0000001094
B1606535559470N00938433EA0000001118
B1606595559560N00938462EA0000001107
B1607075559694N00938473EA0000001090
B1607125559780N00938452EA0000001082
B1607175559864N00938414EA0000001079
B1607225559944N00938359EA0000001073
B1607285600038N00938282EA0000001070
B1607335600113N00938211EA0000001066
B1607395600199N00938116EA0000001066
B1607475600305N00937978EA0000001057
B1607555600418N00937849EA0000001048
B1608015600513N00937770EA0000001046
B1608075600610N00937700EA0000001053
B1608145600716N00937614EA0000001067
B1608195600781N00937558EA0000001077
B1608245600843N00937495EA0000001065
B1608315600926N00937366EA0000001051
B1608385600996N00937209EA0000001047
B1608435601041N00937090EA0000001049
B1608485601081N00936974EA0000001060
B1608535601117N00936873EA0000001061
B1608595601156N00936735EA0000001042
B1609045601189N00936596EA0000001024
B1609105601225N00936418EA0000001019
B1609155601252N00936275EA0000001017
B1609225601288N00936085EA0000001017
B1609275601301N00935953EA0000001025
B1609325601319N00935829EA0000001032
B1609375601336N00935716EA0000001045
B1609425601354N00935612EA0000001052
B1609475601354N00935512EA0000001056
B1609525601363N00935414EA0000001060
B1609575601428N00935378EA0000001059
B1610025601483N00935508EA0000001061
B1610075601450N00935668EA0000001065
B1610135601363N00935701EA0000001064
B1610185601309N00935638EA0000001073
B1610235601283N00935559EA0000001079
B1610285601314N00935476EA0000001069
B1610355601428N00935473EA0000001068
B1610415601523N00935472EA0000001080
B1610475601606N00935439EA0000001084
B1610535601673N00935362EA0000001074
B1611015601756N00935226EA0000001057
B1611085601834N00935103EA0000001051
B1611145601907N00935002EA0000001045
B1611195601954N00934904EA0000001043
B1611255601973N00934757EA0000001031
B1611315601971N00934598EA0000001022
B1611385601970N00934418EA0000001042
B1611435601957N00934325EA0000001055
B1611485601888N00934349EA0000001047
B1611535601866N00934516EA0000001055
B1611585601933N00934625EA0000001055
B1612035601994N00934565EA0000001061
B1612085601962N00934482EA0000001062
B1612135601892N00934563EA0000001070
B1612185601906N00934729EA0000001073
B1612235601986N00934779EA0000001077
B1612285602020N00934693EA0000001083
B1612335601961N00934651EA0000001081
B1612385601903N00934772EA0000001091
B1612435601936N00934934EA0000001088
B1612495602019N00934898EA0000001090
B1612545601976N00934813EA0000001093
B1612595601908N00934918EA0000001105
B1613045601940N00935078EA0000001111
B1613095602017N00935077EA0000001113
B1613145602012N00934978EA0000001119
B1613195601941N00935004EA0000001111
B1613245601926N00935172EA0000001103
B1613295601998N00935273EA0000001108
B1613345602063N00935227EA0000001118
B1613395602060N00935119EA0000001124
B1613445601995N00935082EA0000001131
B1613495601928N00935181EA0000001143
B1613545601927N00935352EA0000001145
B1614005602011N00935486EA0000001152
B1614055602085N00935484EA0000001162
B1614105602114N00935402EA0000001158
B1614155602078N00935313EA0000001162
B1614205602009N00935306EA0000001170
B1614255601955N00935418EA0000001172
B1614305601971N00935585EA0000001174
B1614355602048N00935671EA0000001177
B1614405602116N00935642EA0000001183
B1614465602131N00935527EA0000001182
B1614535602128N00935381EA0000001183
B1615015602144N00935193EA0000001157
B1615095602171N00934981EA0000001147
B1615145602191N00934850EA0000001143
B1615195602212N00934722EA0000001145
B1615255602235N00934582EA0000001164
B1615305602253N00934482EA0000001164
B1615355602287N00934387EA0000001160
B1615415602334N00934260EA0000001147
B1615465602362N00934135EA0000001147
B1615525602389N00933997EA0000001156
B1615575602409N00933874EA0000001142
B1616025602424N00933732EA0000001130
B1616095602443N00933529EA0000001130
B1616165602481N00933341EA0000001129
B1616215602518N00933218EA0000001130
B1616265602567N00933107EA0000001127
B1616315602609N00932990EA0000001123
B1616375602624N00932835EA0000001121
B1616425602614N00932707EA0000001118
B1616475602596N00932576EA0000001120
B1616525602574N00932465EA0000001142
B1616585602546N00932355EA0000001138
B1617045602516N00932224EA0000001134
B1617095602485N00932109EA0000001132
B1617145602452N00932001EA0000001148
B1617195602432N00931902EA0000001152
B1617245602484N00931847EA0000001151
B1617295602532N00931979EA0000001157
B1617345602474N00932105EA0000001153
B1617395602401N00932063EA0000001159
B1617445602396N00931958EA0000001167
B1617495602461N00931935EA0000001169
B1617545602502N00932076EA0000001172
B1617595602453N00932209EA0000001186
B1618045602385N00932176EA0000001184
B1618095602408N00932075EA0000001184
B1618145602483N00932125EA0000001187
B1618195602489N00932293EA0000001195
B1618245602410N00932367EA0000001202
B1618305602374N00932264EA0000001203
B1618355602443N00932238EA0000001205
B1618405602492N00932365EA0000001216
B1618455602456N00932515EA0000001222
B1618505602381N00932543EA0000001221
B1618555602348N00932451EA0000001222
B1619025602400N00932320EA0000001212
B1619085602457N00932203EA0000001196
B1619135602505N00932096EA0000001186
B1619185602555N00931981EA0000001180
B1619245602619N00931842EA0000001176
B1619305602684N00931706EA0000001174
B1619355602737N00931595EA0000001171
B1619425602806N00931435EA0000001166
B1619475602857N00931326EA0000001161
B1619525602909N00931221EA0000001158
B1619585602975N00931098EA0000001154
B1620035603031N00930993EA0000001157
B1620095603095N00930881EA0000001178
B1620145603140N00930797EA0000001179
B1620205603193N00930691EA0000001178
B1620255603237N00930595EA0000001159
B1620305603286N00930489EA0000001151
B1620355603338N00930383EA0000001150
B1620405603390N00930272EA0000001154
B1620455603439N00930159EA0000001160
B1620505603486N00930055EA0000001167
B1620555603531N00929963EA0000001170
B1621025603595N00929821EA0000001162
B1621075603633N00929711EA0000001151
B1621125603670N00929594EA0000001143
B1621185603708N00929447EA0000001134
B1621235603738N00929319EA0000001123
B1621305603773N00929137EA0000001118
B1621355603803N00929013EA0000001113
B1621415603850N00928874EA0000001120
B1621475603908N00928764EA0000001124
B1621525603967N00928686EA0000001117
B1621595604051N00928563EA0000001113
B1622045604108N00928465EA0000001113
B1622095604162N00928381EA0000001125
B1622145604215N00928299EA0000001123
B1622205604284N00928194EA0000001128
B1622255604344N00928122EA0000001133
B1622305604398N00928038EA0000001122
B1622355604454N00927942EA0000001113
B1622445604551N00927757EA0000001095
B1622505604608N00927624EA0000001089
B1622585604666N00927434EA0000001085
B1623055604708N00927254EA0000001080
B1623125604749N00927066EA0000001082
B1623175604770N00926935EA0000001097
B1623235604786N00926800EA0000001116
B1623285604815N00926708EA0000001112
B1623335604892N00926702EA0000001101
B1623385604952N00926840EA0000001100
B1623435604941N00927017EA0000001097
B1623485604875N00927131EA0000001096
B1623535604796N00927128EA0000001096
B1623585604738N00927046EA0000001089
B1624035604716N00926916EA0000001086
B1624085604730N00926791EA0000001095
B1624135604773N00926691EA0000001092
B1624185604837N00926623EA0000001107
B1624235604823N00926536EA0000001093
B1624285604746N00926597EA0000001092
B1624335604740N00926765EA0000001100
B1624405604841N00926899EA0000001101
B1624455604923N00926925EA0000001103
B1624515605009N00926853EA0000001090
B1624565605071N00926766EA0000001107
B1625015605120N00926698EA0000001109
B1625075605189N00926591EA0000001084
B1625125605251N00926481EA0000001086
B1625185605322N00926359EA0000001100
B1625235605373N00926282EA0000001105
B1625295605439N00926184EA0000001078
B1625345605500N00926082EA0000001075
B1625395605560N00925975EA0000001076
B1625455605627N00925845EA0000001079
B1625505605678N00925733EA0000001073
B1625565605728N00925587EA0000001074
B1626025605756N00925430EA0000001080
B1626105605782N00925225EA0000001095
B1626155605793N00925102EA0000001085
B1626235605806N00924882EA0000001072
B1626285605812N00924742EA0000001071
B1626345605821N00924573EA0000001069
B1626405605834N00924402EA0000001071
B1626465605846N00924238EA0000001079
B1626575605850N00923929EA0000001062
B1627055605836N00923700EA0000001052
B1627125605818N00923494EA0000001037
B1627175605800N00923345EA0000001031
B1627225605779N00923202EA0000001026
B1627275605754N00923060EA0000001018
B1627355605704N00922836EA0000001011
B1627405605670N00922695EA0000001009
B1627455605636N00922554EA0000001011
B1627525605591N00922355EA0000001000
B1627575605562N00922209EA0000000991
B1628025605533N00922061EA0000000987
B1628075605503N00921919EA0000000987
B1628145605464N00921728EA0000000983
B1628255605405N00921428EA0000000972
B1628315605372N00921261EA0000000970
B1628405605322N00921009EA0000000960
B1628465605286N00920840EA0000000952
B1628515605257N00920698EA0000000949
B1628565605230N00920557EA0000000947
B1629015605205N00920417EA0000000944
B1629065605177N00920278EA0000000941
B1629115605148N00920139EA0000000936
B1629165605118N00920002EA0000000933
B1629215605090N00919868EA0000000931
B1629265605062N00919734EA0000000928
B1629315605034N00919599EA0000000919
B1629365605003N00919461EA0000000911
B1629445604949N00919242EA0000000904
B1629495604916N00919110EA0000000901
B1629545604884N00918981EA0000000894
B1629595604852N00918851EA0000000884
B1630045604823N00918714EA0000000870
B1630125604781N00918485EA0000000861
B1630245604718N00918153EA0000000852
B1630305604688N00917988EA0000000847
B1630415604627N00917686EA0000000827
B1630465604599N00917547EA0000000822
B1630525604569N00917376EA0000000815
B1630575604542N00917234EA0000000810
B1631025604513N00917095EA0000000807
B1631125604458N00916813EA0000000788
B1631195604416N00916613EA0000000782
B1631245604386N00916471EA0000000774
B1631295604359N00916328EA0000000766
B1631345604330N00916188EA0000000761
B1631445604274N00915917EA0000000753
B1631495604244N00915785EA0000000751
B1631555604208N00915627EA0000000747
B1632025604168N00915443EA0000000748
B1632075604136N00915312EA0000000737
B1632125604102N00915177EA0000000729
B1632175604066N00915043EA0000000727
B1632245604015N00914858EA0000000716
B1632305603972N00914698EA0000000708
B1632385603917N00914478EA0000000693
B1632445603875N00914315EA0000000683
B1632495603837N00914176EA0000000674
B1632555603796N00914014EA0000000673
B1633055603732N00913746EA0000000662
B1633115603693N00913586EA0000000660
B1633165603660N00913456EA0000000656
B1633235603615N00913279EA0000000647
B1633305603567N00913097EA0000000634
B1633375603519N00912906EA0000000619
B1633445603471N00912709EA0000000612
B1633525603419N00912488EA0000000611
B1633585603380N00912320EA0000000615
B1634035603347N00912185EA0000000623
B1634085603321N00912058EA0000000632
B1634145603286N00911905EA0000000631
B1634215603240N00911714EA0000000643
B1634265603204N00911588EA0000000654
B1634315603166N00911465EA0000000657
B1634395603107N00911265EA0000000654
B1634465603053N00911088EA0000000654
B1634515603016N00910964EA0000000646
B1634565602977N00910833EA0000000634
B1635015602936N00910695EA0000000623
B1635075602889N00910525EA0000000613
B1635125602850N00910384EA0000000605
B1635195602793N00910181EA0000000592
B1635265602735N00909979EA0000000586
B1635355602670N00909717EA0000000576
B1635415602630N00909547EA0000000577
B1635465602599N00909410EA0000000570
B1635515602566N00909271EA0000000564
B1635575602526N00909104EA0000000556
B1636055602473N00908884EA0000000547
B1636135602423N00908666EA0000000538
B1636215602370N00908448EA0000000522
B1636285602321N00908262EA0000000513
B1636345602281N00908105EA0000000502
B1636425602226N00907892EA0000000486
B1636505602165N00907675EA0000000470
B1636555602128N00907538EA0000000462
B1637025602073N00907346EA0000000455
B1637085602024N00907186EA0000000448
B1637135601983N00907049EA0000000436
B1637195601932N00906878EA0000000422
B1637265601873N00906681EA0000000414
B1637315601829N00906548EA0000000413
B1637365601782N00906416EA0000000407
B1637415601736N00906283EA0000000396
B1637465601689N00906148EA0000000381
B1637515601645N00906006EA0000000370
B1637585601584N00905806EA0000000363
B1638065601516N00905572EA0000000351
B1638145601448N00905328EA0000000333
B1638205601394N00905130EA0000000311
B1638285601322N00904849EA0000000287
B1638355601263N00904592EA0000000268
B1638405601228N00904405EA0000000260
B1638475601184N00904152EA0000000251
B1638525601156N00903976EA0000000243
B1638575601129N00903803EA0000000235
B1639025601101N00903633EA0000000223
B1639075601072N00903460EA0000000212
B1639135601038N00903250EA0000000200
B1639185601010N00903072EA0000000191
B1639235600983N00902889EA0000000183
B1639325600928N00902548EA0000000162
B1639415600881N00902223EA0000000130
B1639515600821N00901890EA0000000090
B1639575600780N00901701EA0000000068
B1640025600745N00901549EA0000000054
B1640085600704N00901372EA0000000044
B1640135600666N00901244EA0000000041
B1640185600634N00901134EA0000000040
B1640235600611N00901059EA0000000040
