AOGNOGN
HFDTE080825
HFFXA050
HFPLTPILOTINCHARGE:
HFGTYGLIDERTYPE:AS 33
HFGIDGLIDERID:OY-XEM
HFDTM100GPSDATUM:WGS-1984
HFRFWFIRMWAREVERSION:
HFRHWHARDWAREVERSION:
HFFTYFRTYPE:OGN-FLIGHTBOOK
HFGPSGENERIC
HFPRSPRESSALTSENSOR:
HFCIDCOMPETITIONID:EM
B1056535600693N00901321EA0000000043
B1056545600693N00901307EA0000000044
B1056595600689N00901219EA0000000044
B1057045600679N00901108EA0000000044
B1057095600669N00900988EA0000000059
B1057155600654N00900842EA0000000068
B1057215600640N00900686EA0000000082
B1057295600635N00900470EA0000000098
B1057345600656N00900335EA0000000109
B1057405600727N00900212EA0000000124
B1057455600810N00900167EA0000000142
B1057515600922N00900144EA0000000153
B1057565601015N00900134EA0000000170
B1058015601106N00900126EA0000000187
B1058075601214N00900109EA0000000201
B1058125601307N00900104EA0000000218
B1058175601396N00900111EA0000000243
B1058225601487N00900131EA0000000255
B1058275601574N00900239EA0000000264
B1058335601630N00900470EA0000000278
B1058385601646N00900680EA0000000294
B1058435601651N00900889EA0000000307
B1058495601659N00901140EA0000000322
B1059005601660N00901598EA0000000360
B1059065601652N00901842EA0000000378
B1059125601653N00902097EA0000000384
B1059175601659N00902310EA0000000400
B1059225601668N00902508EA0000000433
B1059295601682N00902767EA0000000464
B1059345601689N00902958EA0000000471
B1059415601693N00903236EA0000000501
B1059465601701N00903412EA0000000534
B1059515601733N00903559EA0000000523
B1059575601806N00903739EA0000000518
B1100025601888N00903848EA0000000518
B1100075601970N00903845EA0000000529
B1100125602006N00903753EA0000000530
B1100175601962N00903676EA0000000528
B1100225601881N00903700EA0000000528
B1100295601768N00903766EA0000000527
B1100345601686N00903813EA0000000532
B1100395601620N00903785EA0000000533
B1100445601635N00903682EA0000000536
B1100495601716N00903699EA0000000543
B1100545601758N00903855EA0000000547
B1100595601711N00903996EA0000000557
B1101045601652N00903965EA0000000563
B1101105601700N00903891EA0000000570
B1101155601758N00904003EA0000000569
B1101205601736N00904171EA0000000575
B1101265601658N00904252EA0000000582
B1101315601627N00904174EA0000000584
B1101375601692N00904124EA0000000593
B1101425601742N00904245EA0000000603
B1101475601710N00904387EA0000000602
B1101525601645N00904389EA0000000603
B1101575601642N00904294EA0000000608
B1102025601705N00904267EA0000000615
B1102075601759N00904385EA0000000612
B1102125601727N00904544EA0000000611
B1102175601655N00904571EA0000000616
B1102225601638N00904473EA0000000619
B1102275601701N00904442EA0000000625
B1102325601751N00904566EA0000000629
B1102375601714N00904709EA0000000628
B1102425601642N00904736EA0000000633
B1102475601621N00904649EA0000000633
B1102525601685N00904617EA0000000636
B1102575601741N00904736EA0000000639
B1103025601740N00904900EA0000000646
B1103075601676N00904992EA0000000642
B1103125601624N00904933EA0000000649
B1103175601656N00904853EA0000000651
B1103225601726N00904914EA0000000653
B1103275601731N00905073EA0000000657
B1103325601665N00905139EA0000000657
B1103375601639N00905058EA0000000662
B1103425601701N00905031EA0000000664
B1103475601748N00905162EA0000000666
B1103525601709N00905301EA0000000667
B1103575601643N00905311EA0000000673
B1104025601630N00905222EA0000000671
B1104075601689N00905185EA0000000673
B1104125601748N00905293EA0000000673
B1104175601733N00905447EA0000000674
B1104225601665N00905494EA0000000671
B1104275601619N00905433EA0000000678
B1104325601614N00905328EA0000000663
B1104375601605N00905209EA0000000662
B1104435601591N00905073EA0000000663
B1104485601574N00904945EA0000000656
B1104545601552N00904790EA0000000672
B1104595601536N00904660EA0000000661
B1105045601524N00904526EA0000000675
B1105095601538N00904426EA0000000703
B1105145601605N00904455EA0000000701
B1105195601593N00904606EA0000000716
B1105245601528N00904606EA0000000724
B1105295601548N00904520EA0000000729
B1105345601613N00904588EA0000000741
B1105395601594N00904735EA0000000748
B1105445601527N00904743EA0000000759
B1105495601532N00904654EA0000000760
B1105545601602N00904694EA0000000772
B1105595601599N00904849EA0000000783
B1106045601530N00904884EA0000000788
B1106095601520N00904795EA0000000795
B1106145601587N00904789EA0000000798
B1106195601622N00904932EA0000000805
B1106245601569N00905046EA0000000822
B1106295601513N00905007EA0000000829
B1106345601533N00904918EA0000000830
B1106395601606N00904900EA0000000815
B1106445601666N00904815EA0000000801
B1106495601667N00904679EA0000000794
B1106555601633N00904525EA0000000785
B1107015601591N00904365EA0000000766
B1107065601561N00904222EA0000000762
B1107125601532N00904050EA0000000755
B1107185601505N00903875EA0000000755
B1107235601485N00903733EA0000000762
B1107295601463N00903573EA0000000769
B1107345601444N00903441EA0000000770
B1107395601424N00903315EA0000000769
B1107445601400N00903187EA0000000772
B1107495601377N00903059EA0000000774
B1107555601349N00902903EA0000000777
B1108015601326N00902752EA0000000779
B1108065601306N00902621EA0000000765
B1108115601283N00902482EA0000000764
B1108165601263N00902346EA0000000773
B1108215601245N00902217EA0000000780
B1108265601223N00902094EA0000000779
B1108315601201N00901970EA0000000786
B1108365601178N00901845EA0000000787
B1108425601146N00901693EA0000000782
B1108475601117N00901567EA0000000784
B1108545601071N00901391EA0000000779
B1108595601036N00901263EA0000000788
B1109055600996N00901117EA0000000789
B1109105600960N00900988EA0000000777
B1109175600909N00900805EA0000000788
B1109225600872N00900678EA0000000783
B1109275600829N00900553EA0000000779
B1109325600792N00900429EA0000000771
B1109405600732N00900220EA0000000751
B1109455600694N00900083EA0000000745
B1109505600656N00859944EA0000000737
B1109555600620N00859798EA0000000727
B1110015600578N00859624EA0000000726
B1110075600541N00859455EA0000000725
B1110125600517N00859315EA0000000718
B1110175600498N00859176EA0000000719
B1110245600468N00858981EA0000000703
B1110305600422N00858825EA0000000713
B1110355600383N00858713EA0000000713
B1110405600327N00858619EA0000000703
B1110465600261N00858502EA0000000700
B1110515600223N00858386EA0000000696
B1110565600191N00858275EA0000000697
B1111015600165N00858164EA0000000693
B1111085600133N00858003EA0000000691
B1111135600087N00857912EA0000000690
B1111215559958N00857890EA0000000695
B1111265559874N00857904EA0000000687
B1111315559788N00857925EA0000000684
B1111365559701N00857946EA0000000676
B1111415559611N00857964EA0000000671
B1111465559529N00857952EA0000000673
B1111515559503N00857849EA0000000661
B1112015559586N00857626EA0000000640
B1112065559640N00857516EA0000000634
B1112135559704N00857361EA0000000624
B1112195559742N00857205EA0000000615
B1112245559750N00857064EA0000000607
B1112295559738N00856921EA0000000596
B1112365559704N00856721EA0000000588
B1112455559652N00856490EA0000000592
B1112505559621N00856371EA0000000589
B1112565559578N00856237EA0000000587
B1113015559540N00856130EA0000000591
B1113075559503N00856017EA0000000604
B1113125559464N00855928EA0000000609
B1113175559423N00855844EA0000000609
B1113245559357N00855721EA0000000608
B1113295559311N00855638EA0000000606
B1113355559249N00855547EA0000000614
B1113415559187N00855462EA0000000621
B1113475559125N00855379EA0000000612
B1113545559052N00855283EA0000000610
B1113595559003N00855209EA0000000600
B1114045558972N00855113EA0000000594
B1114095558982N00855001EA0000000584
B1114145559001N00854886EA0000000581
B1114215559034N00854719EA0000000566
B1114265559057N00854594EA0000000560
B1114335559084N00854415EA0000000544
B1114435559118N00854160EA0000000543
B1114515559139N00853970EA0000000547
B1114565559153N00853859EA0000000546
B1115015559158N00853752EA0000000549
B1115095559110N00853599EA0000000537
B1115145559066N00853508EA0000000533
B1115195559028N00853419EA0000000532
B1115245558992N00853324EA0000000527
B1115315558955N00853199EA0000000532
B1115365558915N00853119EA0000000518
B1115415558837N00853160EA0000000508
B1115465558813N00853339EA0000000505
B1115525558857N00853548EA0000000517
B1115575558892N00853708EA0000000526
B1116025558881N00853870EA0000000525
B1116075558810N00853890EA0000000523
B1116125558816N00853802EA0000000525
B1116175558884N00853825EA0000000522
B1116225558934N00853956EA0000000527
B1116285558991N00854108EA0000000528
B1116345559048N00854263EA0000000528
B1116395559095N00854407EA0000000526
B1116455559150N00854592EA0000000521
B1116515559197N00854787EA0000000513
B1116565559230N00854965EA0000000505
B1117015559255N00855145EA0000000503
B1117065559276N00855324EA0000000502
B1117115559292N00855502EA0000000514
B1117165559246N00855631EA0000000500
B1117215559179N00855599EA0000000513
B1117265559173N00855513EA0000000512
B1117315559241N00855512EA0000000511
B1117365559292N00855646EA0000000513
B1117415559279N00855807EA0000000507
B1117465559206N00855858EA0000000506
B1117525559169N00855763EA0000000515
B1117585559235N00855719EA0000000511
B1118035559293N00855824EA0000000518
B1118085559325N00855992EA0000000506
B1118145559362N00856203EA0000000510
B1118215559407N00856432EA0000000509
B1118305559463N00856742EA0000000501
B1118365559500N00856956EA0000000491
B1118425559531N00857178EA0000000493
B1118485559557N00857383EA0000000494
B1118545559574N00857592EA0000000487
B1118595559585N00857768EA0000000472
B1119065559607N00858018EA0000000464
B1119125559631N00858229EA0000000445
B1119185559649N00858449EA0000000443
B1119245559656N00858660EA0000000450
B1119305559659N00858867EA0000000446
B1119365559669N00859075EA0000000443
B1119425559679N00859280EA0000000443
B1119495559691N00859516EA0000000436
B1119555559702N00859722EA0000000430
B1120045559719N00900033EA0000000420
B1120095559728N00900207EA0000000417
B1120155559743N00900412EA0000000416
B1120225559760N00900647EA0000000415
B1120285559768N00900848EA0000000424
B1120335559744N00900999EA0000000421
B1120385559671N00901021EA0000000415
B1120435559660N00900930EA0000000417
B1120485559723N00900914EA0000000409
B1120545559785N00901053EA0000000424
B1120595559813N00901192EA0000000424
B1121045559779N00901333EA0000000413
B1121105559707N00901313EA0000000409
B1121155559741N00901234EA0000000403
B1121225559833N00901333EA0000000415
B1121275559878N00901453EA0000000423
B1121325559889N00901596EA0000000415
B1121375559823N00901668EA0000000410
B1121435559795N00901581EA0000000410
B1121485559852N00901529EA0000000406
B1121545559933N00901522EA0000000415
B1121595559987N00901636EA0000000410
B1122055600012N00901828EA0000000410
B1122105600052N00901971EA0000000397
B1122175600124N00902180EA0000000386
B1122225600144N00902339EA0000000405
B1122285600145N00902541EA0000000415
B1122355600142N00902770EA0000000434
B1122405600140N00902940EA0000000443
B1122475600131N00903173EA0000000465
B1122545600139N00903405EA0000000481
B1123015600174N00903624EA0000000495
B1123065600212N00903775EA0000000493
B1123115600261N00903918EA0000000504
B1123175600327N00904072EA0000000511
B1123225600384N00904159EA0000000532
B1123305600487N00904245EA0000000546
B1123365600575N00904276EA0000000555
B1123415600635N00904391EA0000000548
B1123475600602N00904572EA0000000549
B1123525600541N00904566EA0000000565
B1123575600558N00904475EA0000000575
B1124025600633N00904500EA0000000582
B1124075600652N00904664EA0000000576
B1124125600589N00904761EA0000000582
B1124175600533N00904727EA0000000606
B1124225600546N00904638EA0000000611
B1124275600619N00904663EA0000000628
B1124325600637N00904822EA0000000617
B1124375600575N00904922EA0000000629
B1124425600514N00904922EA0000000646
B1124475600508N00904824EA0000000650
B1124535600584N00904766EA0000000664
B1124585600664N00904796EA0000000652
B1125045600716N00904963EA0000000657
B1125105600660N00905117EA0000000644
B1125165600575N00905133EA0000000655
B1125215600529N00905080EA0000000669
B1125265600541N00904994EA0000000663
B1125315600613N00904990EA0000000647
B1125365600666N00905126EA0000000637
B1125415600642N00905285EA0000000635
B1125475600561N00905332EA0000000643
B1125525600502N00905303EA0000000659
B1125575600453N00905259EA0000000655
B1126025600486N00905182EA0000000651
B1126075600559N00905241EA0000000648
B1126135600566N00905432EA0000000645
B1126185600499N00905502EA0000000644
B1126245600442N00905441EA0000000659
B1126305600454N00905344EA0000000644
B1126355600525N00905330EA0000000649
B1126405600591N00905413EA0000000631
B1126475600618N00905642EA0000000634
B1126565600622N00905926EA0000000639
B1127025600613N00906131EA0000000639
B1127075600574N00906285EA0000000639
B1127135600493N00906283EA0000000646
B1127185600513N00906193EA0000000645
B1127245600600N00906254EA0000000662
B1127295600595N00906414EA0000000665
B1127345600523N00906455EA0000000663
B1127395600512N00906363EA0000000674
B1127445600581N00906354EA0000000681
B1127495600617N00906493EA0000000689
B1127545600560N00906606EA0000000691
B1127595600504N00906568EA0000000701
B1128045600522N00906481EA0000000702
B1128095600591N00906497EA0000000718
B1128145600625N00906645EA0000000717
B1128205600551N00906757EA0000000719
B1128265600520N00906658EA0000000729
B1128315600580N00906620EA0000000741
B1128365600636N00906734EA0000000753
B1128415600607N00906882EA0000000755
B1128465600537N00906894EA0000000754
B1128525600542N00906784EA0000000760
B1128575600616N00906791EA0000000778
B1129025600664N00906926EA0000000778
B1129075600624N00907067EA0000000785
B1129125600556N00907053EA0000000781
B1129175600554N00906948EA0000000791
B1129225600624N00906926EA0000000800
B1129275600676N00907069EA0000000804
B1129325600636N00907212EA0000000815
B1129375600568N00907192EA0000000809
B1129425600571N00907092EA0000000827
B1129475600646N00907097EA0000000823
B1129535600679N00907299EA0000000836
B1129585600612N00907384EA0000000834
B1130035600570N00907302EA0000000847
B1130095600637N00907253EA0000000855
B1130145600693N00907391EA0000000858
B1130195600661N00907550EA0000000865
B1130245600589N00907560EA0000000861
B1130295600590N00907463EA0000000873
B1130345600664N00907473EA0000000870
B1130405600698N00907670EA0000000878
B1130455600634N00907764EA0000000879
B1130505600588N00907692EA0000000881
B1130555600630N00907615EA0000000889
B1131005600703N00907695EA0000000883
B1131055600698N00907865EA0000000895
B1131105600628N00907930EA0000000883
B1131165600575N00907827EA0000000887
B1131215600574N00907717EA0000000898
B1131265600622N00907646EA0000000898
B1131325600729N00907716EA0000000889
B1131395600852N00907852EA0000000901
B1131445600941N00907938EA0000000894
B1131505601048N00908028EA0000000894
B1131555601137N00908098EA0000000884
B1132005601231N00908174EA0000000881
B1132055601325N00908258EA0000000876
B1132105601421N00908341EA0000000869
B1132175601560N00908442EA0000000870
B1132255601715N00908562EA0000000871
B1132315601829N00908647EA0000000866
B1132375601943N00908722EA0000000860
B1132425602037N00908770EA0000000854
B1132475602129N00908809EA0000000857
B1132525602221N00908847EA0000000856
B1132575602314N00908888EA0000000859
B1133025602403N00908930EA0000000860
B1133085602511N00909004EA0000000849
B1133135602599N00909092EA0000000851
B1133185602683N00909199EA0000000854
B1133245602781N00909335EA0000000840
B1133305602880N00909472EA0000000839
B1133355602963N00909586EA0000000831
B1133405603048N00909709EA0000000821
B1133475603167N00909886EA0000000816
B1133525603248N00910013EA0000000831
B1133575603313N00910135EA0000000854
B1134025603360N00910287EA0000000847
B1134075603310N00910425EA0000000828
B1134125603246N00910378EA0000000842
B1134185603257N00910248EA0000000862
B1134235603319N00910210EA0000000873
B1134285603367N00910349EA0000000881
B1134335603314N00910455EA0000000887
B1134385603274N00910388EA0000000901
B1134445603346N00910340EA0000000913
B1134495603394N00910478EA0000000917
B1134545603342N00910592EA0000000925
B1135005603307N00910504EA0000000941
B1135055603376N00910480EA0000000949
B1135105603423N00910619EA0000000950
B1135155603376N00910744EA0000000961
B1135205603324N00910698EA0000000971
B1135255603363N00910614EA0000000980
B1135305603434N00910694EA0000000981
B1135355603428N00910863EA0000000993
B1135405603367N00910919EA0000001009
B1135455603342N00910832EA0000001010
B1135505603386N00910739EA0000001010
B1135565603481N00910663EA0000000990
B1136045603629N00910587EA0000000982
B1136095603720N00910538EA0000000986
B1136165603844N00910464EA0000000982
B1136235603968N00910381EA0000000965
B1136295604076N00910304EA0000000960
B1136345604164N00910247EA0000000955
B1136395604252N00910194EA0000000952
B1136445604338N00910145EA0000000946
B1136495604424N00910091EA0000000939
B1136565604545N00910014EA0000000934
B1137015604629N00909956EA0000000940
B1137065604711N00909901EA0000000946
B1137115604794N00909844EA0000000947
B1137175604893N00909779EA0000000965
B1137225604974N00909738EA0000000987
B1137295605026N00909639EA0000000989
B1137345604970N00909592EA0000000977
B1137395604922N00909720EA0000000973
B1137445604949N00909898EA0000000979
B1137495605004N00910040EA0000000989
B1137545605082N00910105EA0000000998
B1137595605140N00910045EA0000000990
B1138045605114N00909950EA0000000988
B1138095605046N00909999EA0000000990
B1138145605044N00910168EA0000000987
B1138195605115N00910259EA0000000997
B1138245605177N00910212EA0000000989
B1138305605230N00910095EA0000000974
B1138355605274N00909989EA0000000966
B1138405605322N00909879EA0000000963
B1138455605372N00909776EA0000000963
B1138505605426N00909674EA0000000957
B1138555605481N00909574EA0000000955
B1139005605537N00909482EA0000000952
B1139055605593N00909389EA0000000948
B1139125605668N00909250EA0000000936
B1139175605718N00909143EA0000000927
B1139225605769N00909023EA0000000911
B1139275605820N00908895EA0000000903
B1139335605885N00908742EA0000000906
B1139385605934N00908615EA0000000914
B1139435605973N00908495EA0000000939
B1139485606007N00908381EA0000000949
B1139535606043N00908260EA0000000949
B1140005606086N00908055EA0000000933
B1140085606133N00907801EA0000000924
B1140135606164N00907642EA0000000912
B1140185606193N00907490EA0000000916
B1140265606245N00907255EA0000000908
B1140315606280N00907109EA0000000904
B1140365606318N00906963EA0000000897
B1140435606368N00906761EA0000000889
B1140485606405N00906618EA0000000884
B1140555606457N00906422EA0000000877
B1141015606497N00906256EA0000000878
B1141065606522N00906123EA0000000887
B1141115606547N00905994EA0000000885
B1141195606566N00905771EA0000000874
B1141265606554N00905577EA0000000875
B1141315606544N00905442EA0000000877
B1141365606532N00905314EA0000000875
B1141415606516N00905188EA0000000862
B1141465606487N00905064EA0000000853
B1141545606422N00904886EA0000000853
B1142025606356N00904709EA0000000848
B1142075606317N00904596EA0000000851
B1142125606281N00904495EA0000000873
B1142175606255N00904410EA0000000889
B1142225606295N00904341EA0000000879
B1142285606379N00904449EA0000000868
B1142335606356N00904619EA0000000863
B1142405606269N00904625EA0000000876
B1142545606262N00904361EA0000000869
B1142595606278N00904247EA0000000846
B1143055606307N00904100EA0000000840
B1143115606337N00903947EA0000000837
B1143175606368N00903794EA0000000829
B1143225606393N00903670EA0000000827
B1143285606422N00903518EA0000000815
B1143335606445N00903389EA0000000819
B1143395606473N00903242EA0000000826
B1143445606498N00903121EA0000000819
B1143495606520N00902995EA0000000813
B1143545606539N00902864EA0000000802
B1143595606562N00902731EA0000000798
B1144055606591N00902576EA0000000797
B1144115606623N00902426EA0000000789
B1144175606656N00902281EA0000000786
B1144235606692N00902138EA0000000779
B1144295606732N00901998EA0000000791
B1144345606768N00901898EA0000000804
B1144395606806N00901806EA0000000800
B1144445606843N00901701EA0000000794
B1144515606898N00901549EA0000000797
B1144575606939N00901426EA0000000803
B1145035606964N00901283EA0000000791
B1145085606975N00901160EA0000000799
B1145135606980N00901046EA0000000800
B1145205606989N00900879EA0000000792
B1145275606999N00900702EA0000000801
B1145355607001N00900504EA0000000791
B1145405606992N00900379EA0000000792
B1145455606982N00900265EA0000000803
B1145505606972N00900165EA0000000795
B1145555606961N00900057EA0000000796
B1146015606930N00859934EA0000000790
B1146065606877N00859854EA0000000788
B1146125606812N00859742EA0000000782
B1146185606751N00859632EA0000000796
B1146235606703N00859539EA0000000792
B1146295606642N00859423EA0000000792
B1146355606585N00859309EA0000000796
B1146405606541N00859214EA0000000800
B1146465606485N00859097EA0000000789
B1146565606387N00858869EA0000000778
B1147025606334N00858747EA0000000814
B1147105606314N00858589EA0000000806
B1147155606261N00858522EA0000000809
B1147205606187N00858479EA0000000789
B1147255606134N00858380EA0000000782
B1147325606073N00858214EA0000000772
B1147385606023N00858067EA0000000770
B1147455605972N00857903EA0000000787
B1147505605938N00857799EA0000000806
B1147575605902N00857678EA0000000823
B1148025605905N00857583EA0000000815
B1148075605877N00857494EA0000000813
B1148135605819N00857397EA0000000820
B1148185605776N00857322EA0000000838
B1148245605763N00857213EA0000000852
B1148295605838N00857201EA0000000860
B1148355605861N00857395EA0000000876
B1148405605790N00857450EA0000000885
B1148455605774N00857356EA0000000902
B1148525605880N00857391EA0000000918
B1148595605861N00857620EA0000000934
B1149045605788N00857627EA0000000948
B1149105605799N00857514EA0000000963
B1149165605890N00857591EA0000000981
B1149215605867N00857752EA0000000993
B1149265605794N00857746EA0000001008
B1149335605826N00857605EA0000001025
B1149405605922N00857736EA0000001041
B1149455605858N00857872EA0000001028
B1149505605786N00857776EA0000001029
B1149585605780N00857533EA0000001081
B1150035605768N00857408EA0000001080
B1150085605699N00857358EA0000001069
B1150135605620N00857493EA0000001044
B1150185605585N00857721EA0000001031
B1150245605556N00857998EA0000001022
B1150315605521N00858311EA0000001043
B1150375605498N00858558EA0000001054
B1150435605468N00858806EA0000001041
B1150485605441N00859020EA0000001031
B1150535605408N00859233EA0000001027
B1151015605357N00859572EA0000001021
B1151095605298N00859916EA0000001003
B1151175605234N00900272EA0000000991
B1151235605188N00900534EA0000000983
B1151285605145N00900745EA0000000978
B1151345605093N00900990EA0000000975
B1151415605031N00901274EA0000000960
B1151465604980N00901474EA0000000953
B1151535604906N00901742EA0000000951
B1151585604854N00901936EA0000000940
B1152055604788N00902223EA0000000932
B1152115604753N00902487EA0000000928
B1152165604738N00902710EA0000000932
B1152215604734N00902929EA0000000929
B1152265604744N00903144EA0000000928
B1152315604755N00903357EA0000000934
B1152365604777N00903563EA0000000929
B1152425604806N00903810EA0000000942
B1152485604828N00904052EA0000000957
B1152535604842N00904247EA0000000971
B1152595604841N00904457EA0000000989
B1153055604848N00904677EA0000000971
B1153115604884N00904910EA0000000957
B1153185604930N00905196EA0000000941
B1153265604978N00905530EA0000000931
B1153315605005N00905738EA0000000933
B1153375605032N00905980EA0000000948
B1153435605057N00906222EA0000000944
B1153495605084N00906471EA0000000939
B1153545605109N00906679EA0000000932
B1154005605144N00906929EA0000000934
B1154055605173N00907132EA0000000940
B1154105605199N00907333EA0000000938
B1154165605227N00907578EA0000000934
B1154235605256N00907864EA0000000932
B1154295605287N00908111EA0000000923
B1154355605310N00908363EA0000000919
B1154405605322N00908576EA0000000908
B1154465605335N00908838EA0000000906
B1154515605344N00909051EA0000000906
B1154565605353N00909268EA0000000894
B1155015605361N00909484EA0000000891
B1155065605369N00909696EA0000000883
B1155195605372N00910247EA0000000888
B1155245605374N00910453EA0000000883
B1155315605368N00910743EA0000000882
B1155375605359N00910993EA0000000877
B1155455605367N00911335EA0000000876
B1155505605383N00911544EA0000000884
B1155555605405N00911750EA0000000885
B1156005605429N00911955EA0000000881
B1156065605461N00912199EA0000000874
B1156115605483N00912406EA0000000872
B1156165605504N00912617EA0000000872
B1156215605521N00912814EA0000000902
B1156275605540N00913034EA0000000908
B1156325605552N00913224EA0000000907
B1156385605560N00913451EA0000000907
B1156445605565N00913686EA0000000890
B1156505605568N00913948EA0000000874
B1156555605570N00914169EA0000000870
B1157025605573N00914479EA0000000862
B1157085605571N00914752EA0000000850
B1157135605554N00914979EA0000000844
B1157185605509N00915184EA0000000835
B1157245605422N00915383EA0000000828
B1157305605328N00915562EA0000000820
B1157375605216N00915765EA0000000815
B1157435605121N00915937EA0000000811
B1157485605039N00916079EA0000000803
B1157535604958N00916222EA0000000803
B1157585604880N00916360EA0000000804
B1158045604789N00916523EA0000000799
B1158095604715N00916661EA0000000791
B1158145604638N00916794EA0000000782
B1158195604560N00916920EA0000000780
B1158245604483N00917044EA0000000771
B1158295604405N00917164EA0000000787
B1158345604336N00917273EA0000000802
B1158395604267N00917381EA0000000809
B1158445604197N00917469EA0000000820
B1158495604141N00917433EA0000000830
B1158555604207N00917368EA0000000831
B1159005604264N00917505EA0000000848
B1159055604217N00917640EA0000000854
B1159105604170N00917582EA0000000869
B1159165604247N00917541EA0000000872
B1159225604283N00917731EA0000000892
B1159275604216N00917806EA0000000891
B1159325604201N00917718EA0000000906
B1159375604280N00917716EA0000000902
B1159425604323N00917877EA0000000926
B1159475604281N00918017EA0000000921
B1159525604226N00917970EA0000000926
B1159575604270N00917893EA0000000931
B1200025604353N00917980EA0000000941
B1200075604386N00918149EA0000000952
B1200135604317N00918275EA0000000944
B1200185604282N00918199EA0000000950
B1200235604346N00918154EA0000000957
B1200285604403N00918276EA0000000967
B1200345604335N00918379EA0000000962
B1200395604307N00918303EA0000000979
B1200445604363N00918248EA0000000976
B1200495604417N00918382EA0000000990
B1200545604364N00918490EA0000000985
B1201005604329N00918410EA0000001000
B1201055604389N00918357EA0000000989
B1201105604472N00918445EA0000001001
B1201155604494N00918616EA0000001007
B1201205604434N00918728EA0000000995
B1201275604387N00918640EA0000001010
B1201325604460N00918617EA0000001009
B1201375604539N00918718EA0000001019
B1201425604560N00918894EA0000001007
B1201475604539N00919092EA0000000990
B1201525604501N00919298EA0000000979
B1201585604452N00919547EA0000000984
B1202035604417N00919756EA0000000984
B1202085604400N00919971EA0000000991
B1202135604395N00920187EA0000000978
B1202195604411N00920463EA0000000959
B1202245604437N00920690EA0000000970
B1202305604460N00920939EA0000000982
B1202355604476N00921145EA0000000978
B1202415604495N00921391EA0000000977
B1202475604512N00921639EA0000000962
B1202525604524N00921859EA0000000954
B1202575604532N00922074EA0000000954
B1203025604538N00922287EA0000000945
B1203125604550N00922718EA0000000938
B1203195604555N00923013EA0000000939
B1203265604560N00923305EA0000000940
B1203315604564N00923506EA0000000939
B1203365604577N00923716EA0000000927
B1203425604634N00923958EA0000000920
B1203495604747N00924187EA0000000912
B1203545604833N00924340EA0000000902
B1204005604935N00924525EA0000000893
B1204095605091N00924787EA0000000884
B1204175605229N00924997EA0000000883
B1204225605314N00925130EA0000000891
B1204285605411N00925285EA0000000898
B1204335605491N00925411EA0000000919
B1204385605566N00925458EA0000000930
B1204435605594N00925375EA0000000920
B1204485605533N00925366EA0000000924
B1204535605508N00925529EA0000000923
B1204585605572N00925652EA0000000938
B1205035605641N00925631EA0000000942
B1205085605634N00925537EA0000000933
B1205135605566N00925556EA0000000944
B1205205605547N00925787EA0000000940
B1205255605624N00925874EA0000000952
B1205305605675N00925800EA0000000948
B1205355605628N00925736EA0000000957
B1205405605569N00925847EA0000000959
B1205455605599N00926020EA0000000960
B1205505605682N00926042EA0000000966
B1205555605704N00925941EA0000000965
B1206005605640N00925921EA0000000973
B1206055605600N00926073EA0000000972
B1206105605654N00926220EA0000000977
B1206165605727N00926164EA0000000980
B1206215605681N00926100EA0000000979
B1206275605628N00926269EA0000000980
B1206325605695N00926396EA0000000983
B1206385605752N00926309EA0000000986
B1206435605691N00926272EA0000000989
B1206485605647N00926418EA0000000996
B1206535605699N00926563EA0000000997
B1206585605771N00926535EA0000001002
B1207035605755N00926438EA0000001001
B1207085605688N00926496EA0000001005
B1207135605690N00926676EA0000001007
B1207185605766N00926769EA0000001013
B1207235605822N00926707EA0000001016
B1207285605789N00926626EA0000001015
B1207335605722N00926691EA0000001022
B1207415605709N00926973EA0000001005
B1207465605717N00927179EA0000001004
B1207515605728N00927383EA0000001003
B1207575605739N00927626EA0000001006
B1208025605746N00927832EA0000001004
B1208085605756N00928072EA0000001018
B1208155605763N00928344EA0000000993
B1208215605766N00928601EA0000000985
B1208265605764N00928813EA0000000985
B1208335605759N00929104EA0000000984
B1208495605753N00929782EA0000000965
B1208545605747N00929997EA0000000963
B1209005605736N00930245EA0000000955
B1209065605719N00930499EA0000000943
B1209125605704N00930757EA0000000945
B1209175605696N00930962EA0000000948
B1209225605685N00931167EA0000000934
B1209295605682N00931465EA0000000933
B1209425605680N00931990EA0000000929
B1209515605686N00932357EA0000000919
B1209565605781N00932437EA0000000907
B1210025605824N00932292EA0000000904
B1210125605810N00931998EA0000000885
B1210175605811N00931851EA0000000886
B1210245605816N00931652EA0000000877
B1210295605821N00931511EA0000000870
B1210355605825N00931339EA0000000860
B1210435605831N00931102EA0000000852
B1210485605838N00930956EA0000000849
B1210535605845N00930812EA0000000843
B1210585605849N00930671EA0000000840
B1211045605853N00930503EA0000000836
B1211115605856N00930309EA0000000835
B1211195605857N00930089EA0000000829
B1211255605856N00929925EA0000000824
B1211305605854N00929788EA0000000826
B1211365605852N00929631EA0000000832
B1211445605853N00929448EA0000000830
B1211535605837N00929223EA0000000820
B1211585605821N00929102EA0000000820
B1212035605806N00928984EA0000000825
B1212085605792N00928862EA0000000822
B1212135605780N00928728EA0000000825
B1212185605771N00928596EA0000000842
B1212235605762N00928468EA0000000849
B1212285605754N00928343EA0000000859
B1212345605754N00928195EA0000000855
B1212415605765N00928026EA0000000868
B1212475605778N00927880EA0000000868
B1212545605795N00927699EA0000000857
B1213015605811N00927505EA0000000841
B1213085605822N00927310EA0000000833
B1213145605823N00927143EA0000000822
B1213215605815N00926951EA0000000819
B1213275605806N00926788EA0000000816
B1213355605804N00926564EA0000000801
B1213415605821N00926399EA0000000811
B1213465605835N00926270EA0000000818
B1213535605846N00926105EA0000000830
B1213585605851N00925990EA0000000817
B1214035605864N00925862EA0000000815
B1214085605882N00925732EA0000000820
B1214145605894N00925579EA0000000819
B1214225605888N00925368EA0000000827
B1214305605873N00925164EA0000000817
B1214365605861N00925007EA0000000813
B1214415605853N00924876EA0000000806
B1214475605843N00924715EA0000000789
B1214525605853N00924568EA0000000786
B1214575605903N00924445EA0000000787
B1215025605971N00924348EA0000000785
B1215075606041N00924251EA0000000779
B1215145606135N00924116EA0000000774
B1215215606226N00923979EA0000000766
B1215275606301N00923860EA0000000757
B1215325606364N00923760EA0000000750
B1215375606424N00923657EA0000000745
B1215425606485N00923556EA0000000735
B1215485606561N00923431EA0000000720
B1215535606626N00923325EA0000000710
B1215595606696N00923190EA0000000717
B1216055606762N00923053EA0000000716
B1216105606811N00922930EA0000000728
B1216155606843N00922802EA0000000737
B1216215606834N00922640EA0000000745
B1216265606799N00922517EA0000000754
B1216315606761N00922410EA0000000776
B1216375606715N00922295EA0000000784
B1216425606676N00922191EA0000000788
B1216475606632N00922082EA0000000787
B1216525606588N00921973EA0000000794
B1217015606509N00921783EA0000000781
B1217075606450N00921645EA0000000774
B1217125606403N00921537EA0000000776
B1217195606337N00921383EA0000000768
B1217265606271N00921225EA0000000760
B1217315606221N00921116EA0000000767
B1217375606161N00921001EA0000000769
B1217425606118N00920893EA0000000761
B1217475606074N00920781EA0000000761
B1217525606029N00920670EA0000000767
B1217575605987N00920573EA0000000796
B1218045605935N00920449EA0000000790
B1218095605897N00920343EA0000000775
B1218165605829N00920187EA0000000759
B1218215605770N00920085EA0000000752
B1218285605683N00919949EA0000000742
B1218345605603N00919841EA0000000739
B1218425605504N00919692EA0000000751
B1218475605449N00919605EA0000000763
B1218535605386N00919506EA0000000782
B1219005605319N00919394EA0000000778
B1219065605268N00919288EA0000000790
B1219115605226N00919189EA0000000785
B1219165605186N00919093EA0000000792
B1219215605147N00919001EA0000000795
B1219265605105N00918911EA0000000796
B1219325605071N00918784EA0000000807
B1219375605051N00918679EA0000000811
B1219425605032N00918576EA0000000817
B1219485605006N00918452EA0000000806
B1219535604983N00918323EA0000000778
B1220015604957N00918084EA0000000766
B1220065604946N00917933EA0000000768
B1220125604936N00917753EA0000000764
B1220175604928N00917603EA0000000757
B1220225604920N00917459EA0000000760
B1220295604910N00917262EA0000000751
B1220345604901N00917115EA0000000745
B1220405604887N00916940EA0000000739
B1220465604875N00916757EA0000000739
B1220515604861N00916606EA0000000743
B1220565604847N00916462EA0000000753
B1221025604829N00916293EA0000000746
B1221095604815N00916091EA0000000749
B1221155604800N00915919EA0000000758
B1221215604786N00915759EA0000000780
B1221265604780N00915641EA0000000789
B1221325604775N00915496EA0000000793
B1221385604771N00915357EA0000000783
B1221445604772N00915194EA0000000781
B1221495604776N00915059EA0000000787
B1221545604782N00914918EA0000000792
B1221595604787N00914774EA0000000795
B1222045604792N00914628EA0000000811
B1222105604796N00914484EA0000000824
B1222165604802N00914333EA0000000815
B1222225604805N00914185EA0000000815
B1222295604810N00913991EA0000000811
B1222355604813N00913818EA0000000814
B1222405604813N00913674EA0000000818
B1222475604794N00913492EA0000000846
B1222535604773N00913348EA0000000857
B1222585604757N00913227EA0000000872
B1223035604741N00913112EA0000000888
B1223085604727N00912997EA0000000886
B1223135604719N00912878EA0000000896
B1223185604714N00912757EA0000000896
B1223235604708N00912638EA0000000910
B1223325604712N00912413EA0000000903
B1223375604722N00912279EA0000000899
B1223455604742N00912044EA0000000897
B1223505604760N00911895EA0000000895
B1223555604784N00911748EA0000000890
B1224005604808N00911596EA0000000882
B1224055604834N00911441EA0000000873
B1224115604867N00911253EA0000000868
B1224165604896N00911099EA0000000869
B1224215604924N00910952EA0000000862
B1224285604964N00910742EA0000000859
B1224335604993N00910593EA0000000862
B1224415605036N00910355EA0000000864
B1224475605063N00910181EA0000000874
B1224545605067N00909974EA0000000871
B1225015605037N00909773EA0000000869
B1225065605004N00909634EA0000000873
B1225115604973N00909502EA0000000873
B1225165604938N00909366EA0000000859
B1225245604873N00909156EA0000000863
B1225295604833N00909026EA0000000853
B1225345604798N00908889EA0000000861
B1225395604764N00908756EA0000000872
B1225445604734N00908641EA0000000900
B1225505604699N00908520EA0000000905
B1225565604664N00908387EA0000000897
B1226015604626N00908261EA0000000902
B1226095604569N00908052EA0000000917
B1226155604529N00907894EA0000000925
B1226205604498N00907765EA0000000941
B1226265604459N00907618EA0000000946
B1226325604417N00907481EA0000000963
B1226375604378N00907374EA0000000965
B1226425604339N00907270EA0000000982
B1226485604289N00907150EA0000001003
B1226535604245N00907046EA0000001016
B1226585604202N00906939EA0000001025
B1227035604159N00906823EA0000001028
B1227115604087N00906639EA0000001041
B1227165604042N00906523EA0000001040
B1227225603988N00906381EA0000001046
B1227275603944N00906259EA0000001035
B1227355603862N00906048EA0000001022
B1227455603760N00905778EA0000001022
B1227505603713N00905646EA0000001034
B1227575603655N00905464EA0000001026
B1228055603589N00905251EA0000001019
B1228105603552N00905115EA0000001017
B1228155603522N00904974EA0000001014
B1228205603492N00904833EA0000001006
B1228255603453N00904699EA0000000997
B1228315603402N00904541EA0000000987
B1228385603349N00904349EA0000000975
B1228435603316N00904210EA0000000974
B1228485603287N00904070EA0000000974
B1228555603256N00903882EA0000000976
B1229015603244N00903714EA0000000975
B1229065603208N00903588EA0000000971
B1229115603143N00903491EA0000000962
B1229175603083N00903344EA0000000953
B1229225603062N00903199EA0000000960
B1229275603050N00903050EA0000000967
B1229365603024N00902787EA0000000973
B1229425603009N00902617EA0000000959
B1229475602995N00902471EA0000000951
B1229545602977N00902262EA0000000938
B1229595602968N00902113EA0000000931
B1230075602954N00901873EA0000000927
B1230125602945N00901728EA0000000919
B1230185602934N00901557EA0000000909
B1230235602923N00901415EA0000000900
B1230295602906N00901245EA0000000893
B1230355602891N00901075EA0000000883
B1230425602876N00900874EA0000000867
B1230475602868N00900728EA0000000858
B1230545602862N00900518EA0000000837
B1231025602857N00900276EA0000000829
B1231135602853N00859944EA0000000814
B1231215602846N00859705EA0000000802
B1231275602838N00859522EA0000000792
B1231345602828N00859308EA0000000782
B1231395602822N00859154EA0000000773
B1231455602819N00858973EA0000000768
B1231505602822N00858831EA0000000773
B1231555602825N00858691EA0000000777
B1232015602829N00858519EA0000000770
B1232085602831N00858324EA0000000783
B1232135602835N00858191EA0000000795
B1232205602842N00857998EA0000000795
B1232265602850N00857841EA0000000814
B1232315602861N00857710EA0000000807
B1232395602889N00857515EA0000000815
B1232445602883N00857399EA0000000830
B1232515602858N00857251EA0000000840
B1232575602835N00857123EA0000000833
B1233025602816N00857006EA0000000825
B1233085602793N00856855EA0000000808
B1233145602768N00856691EA0000000791
B1233205602742N00856522EA0000000778
B1233295602714N00856274EA0000000763
B1233365602697N00856078EA0000000747
B1233425602676N00855919EA0000000749
B1233475602627N00855814EA0000000745
B1233535602553N00855700EA0000000729
B1233585602492N00855599EA0000000718
B1234035602433N00855499EA0000000713
B1234085602374N00855398EA0000000704
B1234135602314N00855298EA0000000688
B1234195602251N00855169EA0000000677
B1234245602201N00855053EA0000000668
B1234305602147N00854924EA0000000664
B1234365602117N00854785EA0000000683
B1234435602112N00854636EA0000000689
B1234485602126N00854522EA0000000677
B1234545602155N00854377EA0000000675
B1234595602178N00854263EA0000000684
B1235045602197N00854152EA0000000684
B1235095602213N00854044EA0000000686
B1235155602232N00853914EA0000000693
B1235235602253N00853724EA0000000670
B1235285602262N00853597EA0000000658
B1235345602264N00853434EA0000000647
B1235405602258N00853277EA0000000645
B1235455602248N00853143EA0000000634
B1235515602235N00852979EA0000000621
B1235565602225N00852841EA0000000613
B1236035602212N00852649EA0000000616
B1236085602208N00852524EA0000000618
B1236145602208N00852376EA0000000626
B1236205602212N00852229EA0000000624
B1236255602218N00852111EA0000000633
B1236305602225N00851997EA0000000628
B1236355602232N00851883EA0000000628
B1236405602237N00851768EA0000000626
B1236455602236N00851653EA0000000619
B1236505602187N00851566EA0000000606
B1236555602105N00851555EA0000000605
B1237015602003N00851583EA0000000618
B1237075601909N00851564EA0000000623
B1237125601830N00851626EA0000000614
B1237175601787N00851795EA0000000604
B1237235601774N00852032EA0000000593
B1237285601769N00852232EA0000000590
B1237375601765N00852584EA0000000586
B1237425601764N00852790EA0000000568
B1237485601767N00853046EA0000000552
B1237535601769N00853256EA0000000549
B1237585601771N00853462EA0000000540
B1238055601769N00853754EA0000000522
B1238105601764N00853963EA0000000519
B1238165601761N00854210EA0000000514
B1238215601758N00854415EA0000000507
B1238285601755N00854701EA0000000491
B1238365601754N00855042EA0000000481
B1238415601751N00855251EA0000000474
B1238475601750N00855503EA0000000462
B1238535601747N00855758EA0000000452
B1238595601744N00856010EA0000000447
B1239045601740N00856220EA0000000439
B1239105601736N00856472EA0000000450
B1239165601733N00856702EA0000000480
B1239215601692N00856836EA0000000481
B1239265601633N00856816EA0000000480
B1239315601661N00856745EA0000000483
B1239365601740N00856788EA0000000489
B1239415601797N00856910EA0000000506
B1239465601775N00857064EA0000000506
B1239515601712N00857059EA0000000514
B1239565601741N00856987EA0000000517
B1240015601816N00857057EA0000000528
B1240065601860N00857198EA0000000539
B1240115601812N00857323EA0000000545
B1240165601773N00857264EA0000000557
B1240225601852N00857277EA0000000562
B1240275601854N00857440EA0000000569
B1240335601780N00857453EA0000000581
B1240385601819N00857389EA0000000586
B1240445601868N00857550EA0000000601
B1240505601796N00857623EA0000000613
B1240555601801N00857544EA0000000612
B1241005601877N00857597EA0000000627
B1241055601882N00857759EA0000000635
B1241105601817N00857797EA0000000650
B1241155601822N00857717EA0000000657
B1241205601892N00857772EA0000000667
B1241265601864N00857944EA0000000677
B1241315601816N00857903EA0000000691
B1241365601868N00857862EA0000000693
B1241435601909N00858060EA0000000703
B1241485601845N00858121EA0000000719
B1241535601833N00858040EA0000000723
B1241585601899N00858056EA0000000733
B1242035601917N00858218EA0000000730
B1242085601854N00858311EA0000000748
B1242135601820N00858243EA0000000751
B1242185601881N00858224EA0000000760
B1242235601920N00858371EA0000000760
B1242285601871N00858494EA0000000772
B1242345601814N00858432EA0000000773
B1242395601862N00858381EA0000000778
B1242445601924N00858491EA0000000773
B1242495601960N00858663EA0000000780
B1242555601989N00858869EA0000000789
B1243015602014N00859077EA0000000790
B1243075602040N00859288EA0000000800
B1243135602067N00859501EA0000000801
B1243185602087N00859683EA0000000806
B1243235602112N00859860EA0000000826
B1243295602199N00859915EA0000000832
B1243345602198N00859819EA0000000837
B1243395602131N00859873EA0000000846
B1243445602141N00900032EA0000000853
B1243505602232N00900071EA0000000866
B1243555602239N00859976EA0000000868
B1244005602172N00859986EA0000000877
B1244055602151N00900135EA0000000887
B1244105602222N00900222EA0000000891
B1244155602257N00900140EA0000000903
B1244215602185N00900139EA0000000908
B1244265602171N00900290EA0000000916
B1244315602245N00900346EA0000000927
B1244375602242N00900246EA0000000934
B1244425602178N00900324EA0000000939
B1244475602209N00900475EA0000000951
B1244525602281N00900460EA0000000968
B1244575602262N00900375EA0000000971
B1245025602195N00900437EA0000000981
B1245075602204N00900602EA0000000985
B1245125602284N00900647EA0000001008
B1245175602299N00900555EA0000001014
B1245245602215N00900643EA0000001024
B1245295602211N00900812EA0000001041
B1245345602270N00900919EA0000001049
B1245405602310N00900823EA0000001059
B1245455602245N00900815EA0000001072
B1245505602214N00900960EA0000001079
B1245555602275N00901066EA0000001095
B1246005602322N00900997EA0000001100
B1246055602268N00900938EA0000001109
B1246105602214N00901057EA0000001115
B1246155602259N00901200EA0000001128
B1246205602330N00901164EA0000001134
B1246255602300N00901065EA0000001145
B1246305602226N00901131EA0000001152
B1246375602210N00901390EA0000001153
B1246435602217N00901644EA0000001153
B1246485602224N00901874EA0000001148
B1246535602233N00902115EA0000001156
B1246585602242N00902358EA0000001161
B1247065602268N00902739EA0000001159
B1247145602291N00903118EA0000001168
B1247195602294N00903354EA0000001172
B1247245602292N00903585EA0000001179
B1247305602288N00903855EA0000001182
B1247365602290N00904106EA0000001198
B1247415602293N00904303EA0000001192
B1247465602296N00904517EA0000001179
B1247535602306N00904829EA0000001176
B1248005602324N00905155EA0000001174
B1248055602334N00905395EA0000001180
B1248105602343N00905629EA0000001184
B1248155602351N00905868EA0000001181
B1248235602359N00906252EA0000001186
B1248285602356N00906491EA0000001183
B1248335602352N00906729EA0000001175
B1248405602350N00907059EA0000001175
B1248465602351N00907345EA0000001163
B1248525602356N00907636EA0000001150
B1248575602360N00907883EA0000001147
B1249065602369N00908324EA0000001143
B1249165602376N00908810EA0000001130
B1249215602385N00909053EA0000001122
B1249265602395N00909295EA0000001116
B1249325602406N00909584EA0000001104
B1249375602414N00909825EA0000001096
B1249435602420N00910116EA0000001080
B1249485602425N00910360EA0000001076
B1249555602438N00910695EA0000001073
B1250015602447N00910978EA0000001069
B1250075602456N00911259EA0000001061
B1250135602478N00911541EA0000001041
B1250185602531N00911764EA0000001034
B1250235602590N00911979EA0000001043
B1250285602646N00912185EA0000001067
B1250335602693N00912371EA0000001097
B1250385602736N00912548EA0000001095
B1250435602785N00912729EA0000001101
B1250495602844N00912927EA0000001118
B1250545602897N00913100EA0000001118
B1250595602950N00913267EA0000001142
B1251055603010N00913469EA0000001146
B1251105603056N00913644EA0000001146
B1251165603112N00913867EA0000001132
B1251235603179N00914154EA0000001119
B1251285603226N00914367EA0000001104
B1251335603268N00914590EA0000001095
B1251385603306N00914815EA0000001097
B1251435603343N00915033EA0000001103
B1251495603388N00915291EA0000001091
B1251555603436N00915553EA0000001073
B1252005603477N00915772EA0000001079
B1252065603523N00916009EA0000001099
B1252115603559N00916203EA0000001099
B1252175603603N00916433EA0000001115
B1252235603643N00916653EA0000001138
B1252285603672N00916831EA0000001123
B1252335603702N00917027EA0000001102
B1252385603732N00917238EA0000001083
B1252455603775N00917552EA0000001076
B1252505603806N00917765EA0000001106
B1252575603858N00918029EA0000001124
B1253025603901N00918216EA0000001131
B1253075603944N00918402EA0000001140
B1253135603997N00918616EA0000001166
B1253185604040N00918788EA0000001180
B1253245604089N00918994EA0000001184
B1253325604158N00919302EA0000001165
B1253375604203N00919511EA0000001151
B1253425604249N00919725EA0000001148
B1253475604296N00919940EA0000001142
B1253535604350N00920202EA0000001144
B1253585604394N00920423EA0000001153
B1254035604439N00920627EA0000001178
B1254085604484N00920822EA0000001178
B1254145604539N00921057EA0000001189
B1254195604586N00921250EA0000001186
B1254245604633N00921441EA0000001198
B1254305604693N00921654EA0000001213
B1254355604741N00921840EA0000001204
B1254405604790N00922049EA0000001196
B1254465604849N00922302EA0000001202
B1254515604896N00922513EA0000001200
B1254565604944N00922730EA0000001199
B1255025605000N00922998EA0000001204
B1255085605051N00923255EA0000001225
B1255135605091N00923462EA0000001223
B1255185605129N00923676EA0000001215
B1255265605186N00924042EA0000001195
B1255315605224N00924276EA0000001184
B1255385605277N00924603EA0000001175
B1255445605321N00924879EA0000001169
B1255515605373N00925199EA0000001157
B1255595605434N00925566EA0000001143
B1256045605475N00925802EA0000001131
B1256095605521N00926037EA0000001130
B1256155605567N00926312EA0000001122
B1256205605596N00926545EA0000001111
B1256265605604N00926823EA0000001120
B1256315605594N00927049EA0000001117
B1256375605578N00927318EA0000001120
B1256435605560N00927585EA0000001116
B1256485605545N00927804EA0000001113
B1256535605531N00928027EA0000001101
B1256585605517N00928252EA0000001090
B1257035605499N00928485EA0000001075
B1257085605487N00928717EA0000001077
B1257155605529N00929022EA0000001088
B1257205605574N00929228EA0000001097
B1257255605617N00929432EA0000001101
B1257315605667N00929669EA0000001097
B1257365605711N00929876EA0000001114
B1257415605754N00930062EA0000001135
B1257485605813N00930302EA0000001143
B1257535605858N00930475EA0000001157
B1257585605906N00930638EA0000001174
B1258035605954N00930801EA0000001181
B1258095606004N00931004EA0000001191
B1258175606050N00931289EA0000001199
B1258225606079N00931475EA0000001193
B1258285606119N00931710EA0000001203
B1258335606156N00931905EA0000001192
B1258395606211N00932163EA0000001186
B1258445606255N00932385EA0000001191
B1258495606299N00932618EA0000001182
B1258545606344N00932854EA0000001177
B1259045606443N00933327EA0000001168
B1259105606519N00933598EA0000001164
B1259165606601N00933850EA0000001170
B1259215606669N00934057EA0000001170
B1259265606742N00934252EA0000001168
B1259325606835N00934473EA0000001162
B1259375606909N00934663EA0000001153
B1259425606985N00934850EA0000001168
B1259475607065N00935021EA0000001177
B1259565607194N00935347EA0000001183
B1300025607252N00935595EA0000001179
B1300085607288N00935865EA0000001171
B1300135607311N00936092EA0000001169
B1300185607336N00936319EA0000001166
B1300235607356N00936545EA0000001163
B1300285607374N00936769EA0000001161
B1300335607393N00936994EA0000001157
B1300385607407N00937224EA0000001150
B1300445607416N00937501EA0000001139
B1300495607424N00937736EA0000001129
B1300545607437N00937966EA0000001132
B1300595607457N00938194EA0000001128
B1301045607487N00938421EA0000001118
B1301105607524N00938695EA0000001108
B1301205607594N00939144EA0000001103
B1301285607656N00939498EA0000001098
B1301355607713N00939805EA0000001090
B1301415607760N00940067EA0000001092
B1301475607802N00940332EA0000001086
B1301525607841N00940553EA0000001081
B1301575607887N00940770EA0000001076
B1302025607938N00940981EA0000001073
B1302085608001N00941238EA0000001066
B1302145608061N00941497EA0000001063
B1302195608112N00941706EA0000001059
B1302245608160N00941918EA0000001048
B1302305608234N00942150EA0000001060
B1302355608292N00942323EA0000001068
B1302405608348N00942497EA0000001055
B1302455608405N00942687EA0000001039
B1302505608459N00942889EA0000001028
B1302555608508N00943098EA0000001024
B1303005608555N00943307EA0000001018
B1303055608600N00943517EA0000001012
B1303105608645N00943730EA0000001003
B1303175608700N00944035EA0000000994
B1303225608739N00944255EA0000000990
B1303275608779N00944474EA0000000988
B1303325608819N00944699EA0000000983
B1303375608861N00944919EA0000000983
B1303425608921N00945120EA0000000991
B1303475608970N00945322EA0000000999
B1303525609001N00945529EA0000001016
B1304005609031N00945821EA0000001038
B1304055609019N00945987EA0000001038
B1304105608949N00946035EA0000001052
B1304155608963N00945943EA0000001069
B1304205609041N00946005EA0000001085
B1304255609023N00946165EA0000001086
B1304305608964N00946144EA0000001101
B1304355609015N00946074EA0000001110
B1304405609072N00946202EA0000001117
B1304455609017N00946312EA0000001126
B1304505608985N00946237EA0000001136
B1304565609068N00946212EA0000001145
B1305015609095N00946378EA0000001151
B1305065609034N00946468EA0000001160
B1305115609004N00946387EA0000001164
B1305165609074N00946347EA0000001166
B1305215609130N00946507EA0000001154
B1305265609129N00946715EA0000001164
B1305345609126N00947038EA0000001187
B1305405609128N00947275EA0000001179
B1305475609142N00947577EA0000001141
B1305525609142N00947804EA0000001136
B1305575609124N00948026EA0000001132
B1306035609074N00948270EA0000001139
B1306095609031N00948509EA0000001144
B1306175609019N00948841EA0000001138
B1306235609067N00949072EA0000001136
B1306285609167N00949069EA0000001136
B1306335609235N00948963EA0000001143
B1306385609288N00948850EA0000001144
B1306445609312N00948692EA0000001144
B1306495609315N00948559EA0000001147
B1306555609339N00948394EA0000001145
B1307005609370N00948267EA0000001148
B1307055609408N00948142EA0000001134
B1307105609441N00948002EA0000001128
B1307165609466N00947832EA0000001143
B1307215609492N00947693EA0000001145
B1307275609518N00947531EA0000001159
B1307325609567N00947419EA0000001155
B1307375609665N00947416EA0000001144
B1307435609796N00947459EA0000001127
B1307485609904N00947472EA0000001127
B1307535610010N00947488EA0000001117
B1308015610189N00947534EA0000001104
B1308065610304N00947572EA0000001097
B1308115610419N00947615EA0000001092
B1308165610533N00947665EA0000001094
B1308215610647N00947714EA0000001090
B1308265610764N00947772EA0000001084
B1308315610883N00947829EA0000001086
B1308375611022N00947898EA0000001079
B1308425611136N00947957EA0000001068
B1308485611275N00948032EA0000001060
B1308545611413N00948109EA0000001049
B1309015611576N00948199EA0000001041
B1309065611693N00948260EA0000001037
B1309125611833N00948334EA0000001032
B1309205612018N00948426EA0000001030
B1309255612133N00948479EA0000001026
B1309325612295N00948551EA0000001018
B1309375612412N00948599EA0000001021
B1309425612527N00948648EA0000001033
B1309475612642N00948695EA0000001034
B1309545612802N00948773EA0000001027
B1310005612939N00948846EA0000001018
B1310055613052N00948909EA0000001011
B1310125613211N00948989EA0000001002
B1310175613324N00949036EA0000000995
B1310225613438N00949068EA0000000986
B1310285613577N00949099EA0000000973
B1310335613692N00949114EA0000000969
B1310385613802N00949112EA0000000968
B1310445613926N00949089EA0000000965
B1310505614047N00949062EA0000000963
B1310555614144N00949043EA0000000976
B1311005614232N00949034EA0000000992
B1311055614320N00949024EA0000000980
B1311105614416N00949012EA0000000962
B1311175614557N00948989EA0000000951
B1311225614659N00948972EA0000000935
B1311285614789N00948966EA0000000927
B1311345614917N00948963EA0000000916
B1311395615021N00948945EA0000000911
B1311445615099N00948868EA0000000911
B1311495615158N00948764EA0000000907
B1311545615216N00948661EA0000000915
B1312005615290N00948550EA0000000926
B1312055615352N00948471EA0000000933
B1312115615448N00948423EA0000000948
B1312165615535N00948446EA0000000943
B1312215615623N00948526EA0000000936
B1312275615725N00948660EA0000000918
B1312325615808N00948778EA0000000923
B1312385615906N00948912EA0000000933
B1312445616003N00949051EA0000000918
B1312515616118N00949230EA0000000925
B1312575616212N00949387EA0000000923
B1313035616297N00949576EA0000000923
B1313105616379N00949822EA0000000924
B1313165616448N00950028EA0000000921
B1313225616510N00950244EA0000000907
B1313285616570N00950471EA0000000904
B1313345616616N00950714EA0000000913
B1313395616649N00950911EA0000000919
B1313445616680N00951103EA0000000929
B1313495616715N00951287EA0000000927
B1313545616747N00951480EA0000000925
B1314005616786N00951717EA0000000930
B1314065616829N00951942EA0000000952
B1314115616869N00952109EA0000000979
B1314165616933N00952219EA0000000989
B1314215616987N00952161EA0000001004
B1314265616937N00952104EA0000001015
B1314315616890N00952245EA0000001030
B1314365616943N00952386EA0000001044
B1314415617014N00952371EA0000001064
B1314465617016N00952281EA0000001066
B1314515616943N00952304EA0000001073
B1314565616918N00952476EA0000001086
B1315015616979N00952610EA0000001106
B1315065617050N00952601EA0000001121
B1315125617032N00952499EA0000001114
B1315175616957N00952573EA0000001124
B1315235616922N00952782EA0000001146
B1315295616975N00952955EA0000001147
B1315345617045N00952909EA0000001153
B1315395617017N00952823EA0000001174
B1315445616948N00952906EA0000001180
B1315495616972N00953075EA0000001195
B1315545617051N00953083EA0000001196
B1316005617042N00952972EA0000001212
B1316055616970N00953047EA0000001216
B1316115616995N00953249EA0000001239
B1316165617074N00953277EA0000001231
B1316215617091N00953174EA0000001248
B1316265617020N00953175EA0000001247
B1316315616994N00953349EA0000001261
B1316375617080N00953467EA0000001267
B1316425617109N00953369EA0000001267
B1316485617019N00953388EA0000001280
B1316535617024N00953570EA0000001286
B1316585617116N00953641EA0000001286
B1317035617222N00953658EA0000001273
B1317085617339N00953677EA0000001260
B1317145617483N00953691EA0000001270
B1317195617601N00953689EA0000001263
B1317265617765N00953683EA0000001259
B1317325617914N00953705EA0000001249
B1317385618067N00953721EA0000001243
B1317435618190N00953712EA0000001256
B1317495618330N00953707EA0000001246
B1317545618450N00953731EA0000001237
B1317595618569N00953779EA0000001227
B1318055618718N00953839EA0000001210
B1318115618870N00953900EA0000001200
B1318205619093N00953993EA0000001187
B1318275619264N00954056EA0000001183
B1318325619386N00954099EA0000001174
B1318395619554N00954155EA0000001177
B1318475619739N00954205EA0000001175
B1318525619853N00954231EA0000001168
B1318575619970N00954257EA0000001158
B1319025620088N00954276EA0000001155
B1319075620202N00954292EA0000001152
B1319125620315N00954307EA0000001148
B1319175620427N00954319EA0000001142
B1319235620560N00954334EA0000001133
B1319285620671N00954354EA0000001126
B1319365620849N00954396EA0000001113
B1319455621052N00954460EA0000001106
B1319515621183N00954512EA0000001101
B1319565621296N00954562EA0000001092
B1320015621407N00954608EA0000001097
B1320085621558N00954668EA0000001086
B1320145621687N00954716EA0000001083
B1320215621838N00954767EA0000001075
B1320275621967N00954814EA0000001073
B1320335622092N00954859EA0000001073
B1320385622194N00954897EA0000001071
B1320435622296N00954924EA0000001072
B1320495622419N00954943EA0000001066
B1320545622522N00954937EA0000001057
B1320595622625N00954914EA0000001054
B1321045622724N00954876EA0000001050
B1321105622835N00954800EA0000001047
B1321155622923N00954725EA0000001036
B1321215623023N00954624EA0000001028
B1321275623115N00954511EA0000001018
B1321325623141N00954371EA0000001002
B1321375623120N00954216EA0000000984
B1321425623118N00954055EA0000000988
B1321475623162N00953920EA0000000988
B1321535623244N00953783EA0000000980
B1321585623317N00953672EA0000000977
B1322045623409N00953540EA0000000973
B1322105623498N00953403EA0000000968
B1322155623570N00953293EA0000000955
B1322205623643N00953179EA0000000939
B1322305623786N00952953EA0000000921
B1322355623856N00952843EA0000000919
B1322405623928N00952739EA0000000917
B1322475624025N00952590EA0000000912
B1322525624088N00952476EA0000000912
B1322575624167N00952400EA0000000921
B1323025624258N00952371EA0000000933
B1323075624339N00952346EA0000000951
B1323125624377N00952256EA0000000952
B1323175624390N00952143EA0000000954
B1323225624438N00952052EA0000000957
B1323295624551N00952021EA0000000975
B1323365624589N00952213EA0000000971
B1323415624511N00952272EA0000000964
B1323465624469N00952179EA0000000977
B1323515624478N00952082EA0000000980
B1323565624550N00952040EA0000000965
B1324035624673N00952064EA0000000971
B1324105624798N00952097EA0000000956
B1324165624912N00952128EA0000000934
B1324215625015N00952159EA0000000921
B1324285625161N00952200EA0000000915
B1324345625282N00952228EA0000000907
B1324395625384N00952237EA0000000892
B1324445625487N00952241EA0000000879
B1324515625637N00952248EA0000000854
B1324565625744N00952253EA0000000855
B1325015625848N00952260EA0000000859
B1325095626012N00952266EA0000000859
B1325145626109N00952262EA0000000866
B1325225626255N00952257EA0000000864
B1325285626365N00952257EA0000000854
B1325365626512N00952223EA0000000845
B1325445626662N00952169EA0000000831
B1325525626814N00952104EA0000000820
B1325575626911N00952062EA0000000811
B1326025627011N00952020EA0000000803
B1326115627195N00951942EA0000000794
B1326165627297N00951901EA0000000791
B1326245627455N00951819EA0000000781
B1326325627594N00951689EA0000000777
B1326395627706N00951574EA0000000772
B1326455627801N00951472EA0000000769
B1326525627908N00951344EA0000000762
B1326575627983N00951254EA0000000760
B1327025628056N00951162EA0000000754
B1327075628130N00951072EA0000000747
B1327125628203N00950984EA0000000741
B1327205628321N00950851EA0000000730
B1327255628387N00950752EA0000000720
B1327305628438N00950634EA0000000719
B1327365628486N00950479EA0000000714
B1327415628539N00950363EA0000000710
B1327465628616N00950286EA0000000707
B1327525628726N00950229EA0000000694
B1327595628857N00950184EA0000000701
B1328045628944N00950155EA0000000709
B1328115629056N00950128EA0000000716
B1328185629139N00950072EA0000000721
B1328245629153N00949956EA0000000715
B1328295629126N00949861EA0000000726
B1328355629090N00949750EA0000000713
B1328435629040N00949557EA0000000712
B1328495629011N00949429EA0000000718
B1328545628985N00949310EA0000000705
B1329015628946N00949156EA0000000717
B1329085628905N00949010EA0000000713
B1329135628875N00948904EA0000000686
B1329195628833N00948757EA0000000694
B1329245628797N00948640EA0000000698
B1329325628744N00948461EA0000000714
B1329375628713N00948362EA0000000719
B1329445628674N00948202EA0000000729
B1329505628642N00948064EA0000000704
B1329555628606N00947925EA0000000686
B1330015628563N00947766EA0000000699
B1330085628516N00947599EA0000000701
B1330145628473N00947450EA0000000700
B1330225628413N00947251EA0000000704
B1330315628350N00947026EA0000000693
B1330385628294N00946845EA0000000688
B1330445628247N00946698EA0000000697
B1330525628184N00946508EA0000000687
B1331015628111N00946296EA0000000696
B1331065628069N00946185EA0000000698
B1331125628019N00946048EA0000000700
B1331175627976N00945940EA0000000702
B1331255627906N00945772EA0000000712
B1331315627909N00945657EA0000000722
B1331365627949N00945574EA0000000702
B1331415627931N00945460EA0000000695
B1331475627853N00945375EA0000000691
B1331535627769N00945303EA0000000692
B1331585627701N00945245EA0000000686
B1332055627606N00945131EA0000000669
B1332105627547N00945032EA0000000672
B1332165627481N00944910EA0000000681
B1332215627432N00944823EA0000000703
B1332265627392N00944743EA0000000713
B1332315627399N00944658EA0000000708
B1332365627467N00944690EA0000000714
B1332415627492N00944855EA0000000715
B1332465627437N00944995EA0000000721
B1332515627364N00944993EA0000000728
B1332575627340N00944877EA0000000723
B1333035627320N00944755EA0000000738
B1333095627291N00944642EA0000000738
B1333175627247N00944490EA0000000746
B1333225627215N00944388EA0000000743
B1333325627142N00944195EA0000000755
B1333385627100N00944073EA0000000755
B1333435627069N00943979EA0000000756
B1333495627032N00943857EA0000000755
B1333555626993N00943740EA0000000742
B1334015626942N00943619EA0000000745
B1334095626873N00943464EA0000000733
B1334145626829N00943362EA0000000735
B1334195626789N00943262EA0000000736
B1334245626750N00943171EA0000000735
B1334315626688N00943034EA0000000715
B1334365626642N00942937EA0000000720
B1334425626586N00942828EA0000000711
B1334495626517N00942699EA0000000710
B1334565626447N00942579EA0000000722
B1335035626380N00942479EA0000000726
B1335125626301N00942346EA0000000736
B1335195626243N00942240EA0000000738
B1335245626200N00942160EA0000000740
B1335315626190N00942040EA0000000725
B1335375626279N00942070EA0000000719
B1335445626313N00942314EA0000000734
B1335495626284N00942478EA0000000741
B1335545626213N00942483EA0000000739
B1335595626227N00942395EA0000000744
B1336055626307N00942443EA0000000746
B1336105626353N00942587EA0000000756
B1336155626333N00942752EA0000000754
B1336235626211N00942895EA0000000738
B1336285626126N00942983EA0000000749
B1336335626043N00943064EA0000000739
B1336385625956N00943143EA0000000741
B1336445625855N00943235EA0000000740
B1336515625732N00943348EA0000000724
B1336565625639N00943431EA0000000718
B1337015625546N00943504EA0000000718
B1337085625418N00943594EA0000000708
B1337145625309N00943663EA0000000703
B1337225625169N00943749EA0000000696
B1337295625046N00943832EA0000000685
B1337345624955N00943890EA0000000675
B1337415624819N00943969EA0000000660
B1337465624721N00944023EA0000000657
B1337565624527N00944140EA0000000644
B1338015624427N00944200EA0000000636
B1338085624286N00944284EA0000000628
B1338135624183N00944346EA0000000619
B1338235623975N00944470EA0000000601
B1338285623871N00944536EA0000000598
B1338335623770N00944600EA0000000594
B1338415623613N00944713EA0000000584
B1338485623476N00944827EA0000000581
B1338535623381N00944916EA0000000580
B1338595623270N00945024EA0000000578
B1339045623176N00945097EA0000000582
B1339105623065N00945158EA0000000601
B1339185622939N00945163EA0000000600
B1339245622953N00945054EA0000000597
B1339295623028N00945095EA0000000594
B1339355623055N00945308EA0000000597
B1339415622992N00945498EA0000000600
B1339475622904N00945636EA0000000601
B1339525622819N00945706EA0000000601
B1339575622747N00945681EA0000000603
B1340045622723N00945545EA0000000590
B1340095622715N00945443EA0000000587
B1340165622662N00945326EA0000000581
B1340215622582N00945350EA0000000569
B1340265622500N00945444EA0000000563
B1340315622421N00945540EA0000000560
B1340385622318N00945669EA0000000558
B1340435622244N00945764EA0000000551
B1340485622167N00945852EA0000000550
B1340535622084N00945890EA0000000542
B1340595621994N00945844EA0000000545
B1341045621935N00945783EA0000000548
B1341095621885N00945699EA0000000540
B1341145621839N00945611EA0000000546
B1341205621785N00945522EA0000000554
B1341255621739N00945441EA0000000550
B1341305621696N00945364EA0000000556
B1341365621650N00945274EA0000000558
B1341415621614N00945201EA0000000556
B1341465621570N00945115EA0000000561
B1341555621530N00944966EA0000000559
B1342015621611N00945001EA0000000566
B1342065621641N00945156EA0000000562
B1342115621609N00945322EA0000000566
B1342165621537N00945412EA0000000567
B1342215621470N00945376EA0000000572
B1342265621485N00945291EA0000000567
B1342365621585N00945499EA0000000566
B1342415621580N00945675EA0000000586
B1342525621668N00945798EA0000000579
B1343005621568N00945861EA0000000584
B1343055621606N00946014EA0000000600
B1343105621664N00945993EA0000000594
B1343155621613N00945934EA0000000597
B1343215621560N00946114EA0000000599
B1343285621637N00946259EA0000000615
B1343335621650N00946165EA0000000613
B1343405621543N00946212EA0000000619
B1343455621518N00946392EA0000000625
B1343585621656N00946594EA0000000637
B1344035621640N00946486EA0000000644
B1344085621563N00946555EA0000000645
B1344135621569N00946720EA0000000660
B1344185621635N00946800EA0000000666
B1344235621671N00946713EA0000000671
B1344325621571N00946814EA0000000680
B1344375621627N00946926EA0000000692
B1344435621695N00946876EA0000000701
B1344485621648N00946806EA0000000706
B1344575621627N00947057EA0000000721
B1345025621690N00947156EA0000000731
B1345085621753N00947124EA0000000728
B1345145621680N00947103EA0000000734
B1345205621667N00947293EA0000000740
B1345255621733N00947337EA0000000740
B1345315621717N00947238EA0000000742
B1345365621642N00947302EA0000000740
B1345415621636N00947475EA0000000753
B1345465621696N00947570EA0000000744
B1345535621730N00947473EA0000000758
B1345585621662N00947455EA0000000757
B1346035621608N00947592EA0000000760
B1346095621661N00947741EA0000000758
B1346145621707N00947691EA0000000762
B1346195621688N00947599EA0000000762
B1346245621655N00947508EA0000000765
B1346295621617N00947418EA0000000758
B1346345621579N00947328EA0000000762
B1346405621530N00947235EA0000000768
B1346485621444N00947143EA0000000769
B1346535621372N00947111EA0000000767
B1346585621293N00947084EA0000000766
B1347045621186N00947088EA0000000768
B1347095621097N00947109EA0000000789
B1347145621050N00947048EA0000000794
B1347205621115N00947013EA0000000796
B1347255621143N00947170EA0000000793
B1347315621088N00947344EA0000000810
B1347365621014N00947382EA0000000804
B1347415621001N00947286EA0000000817
B1347465621071N00947319EA0000000825
B1347515621067N00947485EA0000000830
B1347565620991N00947531EA0000000838
B1348015620967N00947438EA0000000847
B1348075621046N00947450EA0000000861
B1348125621054N00947614EA0000000863
B1348175620978N00947679EA0000000871
B1348235620953N00947573EA0000000882
B1348285621022N00947575EA0000000893
B1348335621047N00947732EA0000000896
B1348385620979N00947834EA0000000909
B1348435620926N00947774EA0000000926
B1348485620970N00947705EA0000000919
B1348535621032N00947817EA0000000934
B1348585621003N00947977EA0000000942
B1349035620926N00948011EA0000000952
B1349085620903N00947914EA0000000958
B1349135620963N00947876EA0000000969
B1349185621014N00948001EA0000000970
B1349235620973N00948151EA0000000978
B1349285620902N00948138EA0000000992
B1349335620911N00948040EA0000000998
B1349405621002N00948132EA0000001007
B1349455620975N00948290EA0000001012
B1349505620899N00948308EA0000001024
B1349555620885N00948209EA0000001035
B1350015620967N00948218EA0000001038
B1350065620974N00948387EA0000001044
B1350115620901N00948449EA0000001051
B1350165620867N00948358EA0000001070
B1350215620925N00948308EA0000001070
B1350265620976N00948440EA0000001077
B1350315620929N00948575EA0000001081
B1350365620861N00948542EA0000001097
B1350415620866N00948437EA0000001106
B1350465620941N00948447EA0000001109
B1350515620969N00948607EA0000001113
B1350575620890N00948704EA0000001121
B1351035620875N00948591EA0000001129
B1351095620960N00948632EA0000001140
B1351145620961N00948795EA0000001143
B1351195620890N00948862EA0000001148
B1351245620857N00948769EA0000001155
B1351295620918N00948723EA0000001163
B1351355620968N00948888EA0000001166
B1351415620891N00948989EA0000001174
B1351465620863N00948895EA0000001185
B1351525620944N00948877EA0000001188
B1351575620969N00949042EA0000001187
B1352025620900N00949132EA0000001198
B1352075620855N00949058EA0000001210
B1352125620905N00948989EA0000001216
B1352175620975N00949081EA0000001214
B1352225620966N00949245EA0000001220
B1352275620893N00949329EA0000001224
B1352325620814N00949416EA0000001230
B1352395620696N00949557EA0000001231
B1352445620605N00949654EA0000001239
B1352505620495N00949762EA0000001250
B1352555620406N00949852EA0000001253
B1353025620280N00949982EA0000001272
B1353075620194N00950072EA0000001279
B1353125620107N00950159EA0000001287
B1353175620021N00950248EA0000001275
B1353245619888N00950417EA0000001257
B1353295619790N00950543EA0000001260
B1353345619692N00950659EA0000001260
B1353395619596N00950775EA0000001269
B1353465619461N00950928EA0000001271
B1353525619345N00951064EA0000001269
B1353585619229N00951207EA0000001269
B1354035619133N00951322EA0000001269
B1354085619035N00951437EA0000001262
B1354145618918N00951583EA0000001253
B1354195618817N00951700EA0000001246
B1354255618695N00951836EA0000001240
B1354315618570N00951965EA0000001225
B1354405618382N00952169EA0000001218
B1354465618261N00952308EA0000001215
B1354515618159N00952423EA0000001208
B1354565618058N00952533EA0000001206
B1355015617958N00952637EA0000001203
B1355075617837N00952761EA0000001189
B1355125617733N00952865EA0000001184
B1355185617614N00952991EA0000001183
B1355235617516N00953097EA0000001176
B1355305617377N00953247EA0000001168
B1355365617257N00953375EA0000001163
B1355425617135N00953501EA0000001157
B1355495616989N00953637EA0000001154
B1355545616885N00953738EA0000001153
B1355595616784N00953845EA0000001148
B1356055616661N00953975EA0000001143
B1356105616559N00954079EA0000001140
B1356175616419N00954237EA0000001139
B1356225616322N00954350EA0000001138
B1356285616204N00954482EA0000001131
B1356365616045N00954664EA0000001122
B1356425615926N00954796EA0000001119
B1356485615807N00954931EA0000001111
B1356545615688N00955061EA0000001112
B1357005615572N00955200EA0000001107
B1357055615477N00955328EA0000001102
B1357125615354N00955535EA0000001102
B1357185615251N00955719EA0000001101
B1357245615156N00955901EA0000001110
B1357295615086N00956062EA0000001108
B1357345615018N00956220EA0000001108
B1357395614947N00956375EA0000001099
B1357445614867N00956513EA0000001092
B1357545614697N00956764EA0000001075
B1358015614575N00956924EA0000001084
B1358065614496N00957033EA0000001115
B1358115614431N00957095EA0000001129
B1358175614398N00957001EA0000001134
B1358225614467N00956986EA0000001143
B1358285614503N00957167EA0000001145
B1358335614452N00957278EA0000001153
B1358385614393N00957273EA0000001154
B1358435614388N00957181EA0000001159
B1358485614457N00957155EA0000001172
B1358535614512N00957275EA0000001173
B1358585614485N00957426EA0000001177
B1359035614421N00957449EA0000001185
B1359085614405N00957363EA0000001187
B1359135614461N00957307EA0000001203
B1359185614530N00957394EA0000001201
B1359235614536N00957562EA0000001208
B1359285614483N00957670EA0000001214
B1359335614426N00957639EA0000001212
B1359385614444N00957537EA0000001221
B1359435614523N00957559EA0000001231
B1359485614554N00957718EA0000001233
B1359535614506N00957849EA0000001244
B1359585614437N00957865EA0000001240
B1400035614356N00957884EA0000001230
B1400085614268N00957928EA0000001237
B1400135614177N00957975EA0000001236
B1400195614062N00958037EA0000001220
B1400255613936N00958097EA0000001215
B1400325613786N00958168EA0000001206
B1400375613674N00958214EA0000001199
B1400435613539N00958271EA0000001193
B1400485613426N00958317EA0000001180
B1400535613313N00958367EA0000001177
B1401045613062N00958477EA0000001169
B1401095612949N00958524EA0000001166
B1401165612790N00958578EA0000001157
B1401225612653N00958625EA0000001146
B1401285612515N00958669EA0000001136
B1401335612401N00958685EA0000001131
B1401385612290N00958681EA0000001134
B1401435612182N00958668EA0000001137
B1401505612031N00958640EA0000001132
B1401555611925N00958610EA0000001139
B1402015611811N00958537EA0000001146
B1402065611726N00958450EA0000001143
B1402115611652N00958346EA0000001132
B1402185611548N00958182EA0000001123
B1402235611477N00958063EA0000001113
B1402285611408N00957941EA0000001105
B1402355611321N00957759EA0000001092
B1402405611260N00957628EA0000001080
B1402465611180N00957475EA0000001067
B1402515611115N00957346EA0000001061
B1402575611037N00957200EA0000001053
B1403035610959N00957047EA0000001039
B1403085610896N00956917EA0000001035
B1403145610833N00956762EA0000001027
B1403195610780N00956630EA0000001010
B1403265610701N00956438EA0000000991
B1403315610648N00956298EA0000000985
B1403365610597N00956158EA0000000981
B1403425610535N00955991EA0000000970
B1403475610485N00955843EA0000000975
B1403545610423N00955645EA0000000998
B1403595610375N00955519EA0000001008
B1404055610317N00955378EA0000000999
B1404105610263N00955255EA0000000975
B1404155610198N00955136EA0000000969
B1404205610129N00955024EA0000000963
B1404265610051N00954885EA0000000958
B1404325609976N00954744EA0000000971
B1404445609835N00954469EA0000000976
B1404505609761N00954327EA0000000993
B1404555609700N00954225EA0000001011
B1405005609639N00954124EA0000000999
B1405075609551N00953981EA0000000989
B1405135609471N00953857EA0000000995
B1405185609401N00953768EA0000001013
B1405245609318N00953678EA0000001029
B1405305609240N00953577EA0000001029
B1405365609159N00953464EA0000001033
B1405465609036N00953252EA0000001036
B1405525608972N00953119EA0000001046
B1405595608911N00952948EA0000001051
B1406045608876N00952820EA0000001063
B1406125608828N00952606EA0000001068
B1406175608800N00952466EA0000001067
B1406225608768N00952322EA0000001065
B1406285608727N00952155EA0000001087
B1406335608693N00952020EA0000001091
B1406395608654N00951849EA0000001086
B1406445608623N00951707EA0000001094
B1406495608583N00951575EA0000001094
B1406545608537N00951439EA0000001101
B1407005608479N00951289EA0000001126
B1407055608434N00951167EA0000001130
B1407105608395N00951038EA0000001126
B1407175608346N00950844EA0000001126
B1407235608321N00950666EA0000001132
B1407295608303N00950492EA0000001132
B1407345608291N00950341EA0000001119
B1407425608293N00950099EA0000001133
B1407495608308N00949900EA0000001137
B1407555608297N00949732EA0000001151
B1408005608270N00949602EA0000001160
B1408065608225N00949456EA0000001168
B1408125608180N00949303EA0000001160
B1408175608143N00949165EA0000001150
B1408225608101N00949026EA0000001155
B1408285608049N00948871EA0000001174
B1408335608008N00948743EA0000001171
B1408385607973N00948611EA0000001180
B1408455607932N00948416EA0000001177
B1408505607905N00948270EA0000001187
B1408555607880N00948129EA0000001211
B1409005607857N00948014EA0000001236
B1409065607830N00947873EA0000001231
B1409115607806N00947742EA0000001223
B1409185607770N00947542EA0000001196
B1409245607739N00947351EA0000001185
B1409305607711N00947163EA0000001193
B1409365607684N00946993EA0000001200
B1409415607658N00946856EA0000001190
B1409475607631N00946680EA0000001184
B1409525607613N00946535EA0000001182
B1409575607596N00946385EA0000001178
B1410035607581N00946199EA0000001179
B1410085607569N00946047EA0000001180
B1410135607557N00945891EA0000001180
B1410195607547N00945708EA0000001184
B1410245607543N00945557EA0000001176
B1410295607541N00945397EA0000001179
B1410345607537N00945244EA0000001186
B1410405607533N00945066EA0000001192
B1410455607531N00944918EA0000001201
B1410555607530N00944623EA0000001227
B1411055607534N00944361EA0000001223
B1411115607542N00944188EA0000001224
B1411165607552N00944041EA0000001224
B1411215607563N00943894EA0000001236
B1411275607568N00943717EA0000001242
B1411335607558N00943545EA0000001249
B1411395607547N00943374EA0000001252
B1411445607542N00943234EA0000001270
B1411505607537N00943067EA0000001265
B1411565607537N00942896EA0000001279
B1412015607535N00942766EA0000001292
B1412065607525N00942636EA0000001282
B1412125607512N00942459EA0000001276
B1412175607497N00942309EA0000001282
B1412225607452N00942177EA0000001281
B1412275607395N00942054EA0000001273
B1412335607316N00941905EA0000001263
B1412385607255N00941776EA0000001260
B1412455607177N00941588EA0000001257
B1412505607123N00941455EA0000001254
B1412555607070N00941320EA0000001252
B1413015607008N00941154EA0000001245
B1413065606956N00941016EA0000001245
B1413125606897N00940853EA0000001245
B1413175606850N00940717EA0000001243
B1413225606803N00940582EA0000001236
B1413315606713N00940336EA0000001226
B1413385606615N00940176EA0000001218
B1413465606484N00940009EA0000001203
B1413515606402N00939902EA0000001201
B1413565606322N00939794EA0000001195
B1414035606209N00939646EA0000001189
B1414085606129N00939546EA0000001184
B1414145606033N00939421EA0000001176
B1414195605952N00939320EA0000001177
B1414245605874N00939219EA0000001173
B1414305605775N00939103EA0000001167
B1414375605660N00938970EA0000001165
B1414445605547N00938839EA0000001157
B1414515605431N00938713EA0000001151
B1414565605349N00938628EA0000001146
B1415065605189N00938454EA0000001129
B1415125605095N00938356EA0000001117
B1415175605020N00938268EA0000001120
B1415225604949N00938176EA0000001112
B1415275604886N00938060EA0000001108
B1415335604830N00937909EA0000001115
B1415395604778N00937750EA0000001104
B1415445604737N00937612EA0000001096
B1415495604696N00937471EA0000001097
B1415545604655N00937337EA0000001104
B1416005604605N00937177EA0000001089
B1416065604553N00937014EA0000001086
B1416115604510N00936885EA0000001083
B1416165604465N00936757EA0000001071
B1416215604419N00936627EA0000001073
B1416265604374N00936499EA0000001074
B1416315604330N00936374EA0000001067
B1416365604286N00936250EA0000001065
B1416425604237N00936103EA0000001062
B1416475604201N00935978EA0000001055
B1416535604154N00935826EA0000001050
B1417005604101N00935648EA0000001041
B1417065604057N00935497EA0000001032
B1417125604018N00935373EA0000001029
B1417185603965N00935203EA0000001018
B1417235603927N00935077EA0000001006
B1417285603887N00934950EA0000000999
B1417335603853N00934846EA0000000989
B1417385603800N00934689EA0000000983
B1417435603758N00934561EA0000000983
B1417485603720N00934427EA0000000978
B1417545603679N00934268EA0000000986
B1417595603650N00934149EA0000000989
B1418045603626N00934056EA0000001003
B1418105603594N00933932EA0000001007
B1418155603568N00933812EA0000001023
B1418215603539N00933703EA0000001018
B1418275603509N00933569EA0000001008
B1418335603503N00933431EA0000001017
B1418385603516N00933326EA0000001016
B1418435603545N00933215EA0000001016
B1418485603579N00933118EA0000001036
B1418535603613N00933030EA0000001024
B1418585603662N00932926EA0000001010
B1419035603713N00932819EA0000001027
B1419095603767N00932711EA0000001024
B1419175603856N00932553EA0000001006
B1419235603932N00932425EA0000000999
B1419295604010N00932303EA0000000998
B1419345604079N00932205EA0000000991
B1419395604146N00932104EA0000000983
B1419445604215N00931998EA0000000974
B1419495604284N00931895EA0000000967
B1419565604385N00931744EA0000000947
B1420025604476N00931605EA0000000931
B1420075604551N00931490EA0000000928
B1420125604618N00931369EA0000000925
B1420175604669N00931238EA0000000919
B1420225604712N00931103EA0000000916
B1420275604750N00930972EA0000000914
B1420325604789N00930844EA0000000906
B1420375604829N00930711EA0000000910
B1420435604872N00930565EA0000000923
B1420485604907N00930461EA0000000945
B1420535604939N00930361EA0000000934
B1420585604971N00930244EA0000000930
B1421035605001N00930123EA0000000929
B1421095605047N00929969EA0000000920
B1421165605107N00929784EA0000000925
B1421225605156N00929639EA0000000949
B1421305605212N00929476EA0000000971
B1421355605246N00929381EA0000000970
B1421425605296N00929234EA0000000950
B1421475605335N00929121EA0000000951
B1421535605379N00928996EA0000000961
B1421585605412N00928901EA0000000978
B1422035605442N00928820EA0000000970
B1422085605478N00928720EA0000000959
B1422135605517N00928621EA0000000969
B1422185605553N00928525EA0000000972
B1422235605593N00928426EA0000000967
B1422285605635N00928319EA0000000961
B1422335605676N00928214EA0000000979
B1422395605707N00928092EA0000000970
B1422445605747N00927987EA0000000961
B1422505605815N00927880EA0000000948
B1422565605885N00927773EA0000000961
B1423015605938N00927688EA0000000964
B1423065605966N00927579EA0000000963
B1423115605959N00927449EA0000000966
B1423165605954N00927336EA0000001002
B1423215606005N00927290EA0000001003
B1423265606047N00927437EA0000001009
B1423315605981N00927539EA0000001027
B1423365605936N00927463EA0000001028
B1423415605990N00927417EA0000001045
B1423475606026N00927593EA0000001048
B1423525605951N00927668EA0000001063
B1423575605919N00927583EA0000001068
B1424025605984N00927567EA0000001077
B1424075606006N00927724EA0000001089
B1424125605932N00927799EA0000001098
B1424175605904N00927705EA0000001109
B1424225605970N00927702EA0000001124
B1424275605985N00927860EA0000001132
B1424325605908N00927934EA0000001146
B1424375605876N00927849EA0000001156
B1424425605937N00927824EA0000001172
B1424475605972N00927967EA0000001182
B1424525605907N00928075EA0000001189
B1424585605865N00927977EA0000001199
B1425035605936N00927987EA0000001208
B1425085605946N00928151EA0000001228
B1425135605870N00928206EA0000001233
B1425185605846N00928113EA0000001247
B1425235605910N00928106EA0000001250
B1425285605938N00928263EA0000001264
B1425335605871N00928355EA0000001269
B1425385605821N00928282EA0000001284
B1425435605865N00928218EA0000001291
B1425485605926N00928331EA0000001288
B1425535605894N00928497EA0000001307
B1425585605813N00928531EA0000001313
B1426035605781N00928436EA0000001324
B1426085605840N00928390EA0000001335
B1426145605886N00928560EA0000001334
B1426195605810N00928646EA0000001346
B1426245605766N00928550EA0000001353
B1426305605752N00928394EA0000001344
B1426355605738N00928240EA0000001334
B1426405605722N00928075EA0000001322
B1426455605710N00927904EA0000001312
B1426515605700N00927696EA0000001298
B1426575605688N00927485EA0000001298
B1427025605679N00927315EA0000001296
B1427075605670N00927146EA0000001293
B1427125605664N00926977EA0000001304
B1427185605657N00926771EA0000001290
B1427235605651N00926591EA0000001283
B1427305605647N00926338EA0000001298
B1427365605645N00926128EA0000001296
B1427425605642N00925910EA0000001282
B1427525605641N00925564EA0000001279
B1427575605640N00925396EA0000001275
B1428095605639N00924988EA0000001252
B1428155605632N00924779EA0000001244
B1428215605629N00924573EA0000001238
B1428275605620N00924371EA0000001229
B1428335605611N00924170EA0000001216
B1428395605608N00923967EA0000001206
B1428475605607N00923701EA0000001201
B1428535605608N00923504EA0000001198
B1428585605614N00923341EA0000001191
B1429035605619N00923174EA0000001194
B1429085605624N00923010EA0000001209
B1429135605627N00922859EA0000001217
B1429195605625N00922668EA0000001198
B1429285605632N00922364EA0000001184
B1429355605644N00922132EA0000001175
B1429405605654N00921969EA0000001164
B1429475605669N00921740EA0000001165
B1429535605677N00921544EA0000001155
B1429595605686N00921343EA0000001156
B1430045605693N00921174EA0000001157
B1430155605693N00920796EA0000001146
B1430215605688N00920585EA0000001146
B1430265605681N00920414EA0000001148
B1430315605672N00920246EA0000001160
B1430365605661N00920081EA0000001168
B1430415605655N00919915EA0000001176
B1430505605650N00919616EA0000001177
B1430565605646N00919416EA0000001183
B1431015605643N00919254EA0000001187
B1431075605639N00919059EA0000001183
B1431125605638N00918897EA0000001179
B1431185605641N00918703EA0000001169
B1431255605647N00918476EA0000001169
B1431305605651N00918313EA0000001165
B1431355605656N00918147EA0000001162
B1431415605663N00917943EA0000001157
B1431465605670N00917779EA0000001156
B1431515605675N00917621EA0000001153
B1431575605684N00917429EA0000001163
B1432025605683N00917279EA0000001178
B1432075605665N00917126EA0000001171
B1432125605641N00916987EA0000001215
B1432175605624N00916875EA0000001215
B1432225605609N00916744EA0000001185
B1432285605600N00916556EA0000001173
B1432355605591N00916335EA0000001165
B1432495605586N00915892EA0000001147
B1432555605582N00915698EA0000001140
B1433005605576N00915532EA0000001133
B1433065605574N00915333EA0000001128
B1433125605585N00915138EA0000001122
B1433175605591N00914978EA0000001117
B1433235605597N00914786EA0000001107
B1433295605597N00914595EA0000001100
B1433355605592N00914411EA0000001097
B1433415605586N00914227EA0000001086
B1433485605585N00914019EA0000001100
B1433555605584N00913824EA0000001088
B1434015605581N00913652EA0000001077
B1434065605575N00913504EA0000001071
B1434125605573N00913325EA0000001074
B1434205605588N00913096EA0000001086
B1434255605600N00912955EA0000001089
B1434305605610N00912813EA0000001098
B1434355605618N00912677EA0000001111
B1434405605603N00912547EA0000001116
B1434465605525N00912431EA0000001101
B1434525605429N00912325EA0000001083
B1434575605344N00912241EA0000001077
B1435035605237N00912145EA0000001063
B1435115605090N00912024EA0000001052
B1435165604995N00911947EA0000001040
B1435235604864N00911832EA0000001029
B1435315604720N00911689EA0000001021
B1435365604631N00911600EA0000001017
B1435415604543N00911512EA0000001017
B1435465604458N00911424EA0000001014
B1435525604361N00911308EA0000001010
B1435575604283N00911212EA0000001002
B1436025604204N00911117EA0000000992
B1436085604109N00911010EA0000000983
B1436145604019N00910897EA0000000985
B1436195603945N00910797EA0000000987
B1436245603874N00910695EA0000000988
B1436295603806N00910595EA0000000985
B1436345603739N00910495EA0000000978
B1436395603676N00910382EA0000000968
B1436455603604N00910233EA0000000963
B1436505603548N00910101EA0000000960
B1436555603496N00909963EA0000000962
B1437015603434N00909791EA0000000964
B1437075603376N00909613EA0000000957
B1437135603320N00909440EA0000000951
B1437185603277N00909297EA0000000944
B1437265603213N00909059EA0000000930
B1437315603172N00908910EA0000000927
B1437375603124N00908733EA0000000926
B1437445603063N00908532EA0000000922
B1437495603019N00908395EA0000000925
B1437555602969N00908233EA0000000913
B1438005602928N00908095EA0000000907
B1438055602887N00907957EA0000000901
B1438105602845N00907820EA0000000891
B1438155602804N00907677EA0000000879
B1438215602750N00907507EA0000000873
B1438265602704N00907364EA0000000863
B1438325602644N00907195EA0000000856
B1438395602577N00906995EA0000000851
B1438455602523N00906825EA0000000851
B1438525602466N00906629EA0000000840
B1438575602425N00906486EA0000000831
B1439035602376N00906315EA0000000819
B1439085602335N00906169EA0000000806
B1439145602288N00905989EA0000000802
B1439205602248N00905820EA0000000806
B1439265602209N00905653EA0000000797
B1439315602176N00905515EA0000000793
B1439375602136N00905350EA0000000791
B1439425602107N00905220EA0000000806
B1439475602085N00905101EA0000000814
B1439525602069N00904977EA0000000813
B1439595602053N00904792EA0000000814
B1440065602051N00904591EA0000000831
B1440115602054N00904458EA0000000850
B1440175602066N00904298EA0000000858
B1440225602082N00904164EA0000000872
B1440275602106N00904030EA0000000877
B1440325602133N00903898EA0000000878
B1440395602177N00903708EA0000000874
B1440455602215N00903542EA0000000883
B1440505602247N00903408EA0000000897
B1440555602280N00903280EA0000000901
B1441005602314N00903143EA0000000916
B1441055602346N00903015EA0000000936
B1441125602391N00902837EA0000000948
B1441175602425N00902710EA0000000972
B1441225602457N00902598EA0000000989
B1441305602514N00902425EA0000000998
B1441355602555N00902315EA0000000995
B1441415602635N00902197EA0000000989
B1441495602754N00902069EA0000000999
B1441575602871N00901936EA0000001001
B1442025602941N00901843EA0000000998
B1442085603025N00901719EA0000000997
B1442145603107N00901603EA0000001007
B1442195603180N00901514EA0000001013
B1442245603250N00901420EA0000001018
B1442295603318N00901327EA0000001022
B1442345603385N00901226EA0000001010
B1442435603507N00901034EA0000001008
B1442485603573N00900927EA0000001007
B1442555603663N00900769EA0000000994
B1443005603731N00900655EA0000000987
B1443055603799N00900542EA0000000978
B1443105603867N00900417EA0000000967
B1443155603935N00900289EA0000000970
B1443205604003N00900171EA0000000975
B1443255604069N00900056EA0000000974
B1443305604132N00859940EA0000000965
B1443355604194N00859819EA0000000960
B1443415604265N00859677EA0000000946
B1443465604329N00859556EA0000000930
B1443515604394N00859426EA0000000922
B1443565604457N00859294EA0000000917
B1444015604520N00859165EA0000000903
B1444065604583N00859034EA0000000900
B1444125604656N00858876EA0000000896
B1444175604720N00858749EA0000000892
B1444235604795N00858600EA0000000886
B1444295604873N00858457EA0000000872
B1444395605006N00858209EA0000000851
B1444445605068N00858085EA0000000843
B1444515605154N00857915EA0000000837
B1444565605212N00857792EA0000000832
B1445015605217N00857654EA0000000832
B1445065605148N00857585EA0000000824
B1445135605019N00857581EA0000000814
B1445205604883N00857599EA0000000806
B1445285604724N00857653EA0000000806
B1445335604631N00857703EA0000000819
B1445395604528N00857764EA0000000816
B1445445604441N00857831EA0000000810
B1445495604355N00857911EA0000000806
B1445555604251N00858010EA0000000797
B1446005604166N00858094EA0000000802
B1446055604090N00858168EA0000000817
B1446105604014N00858228EA0000000825
B1446155603950N00858190EA0000000835
B1446205603968N00858099EA0000000847
B1446255604036N00858151EA0000000845
B1446305604028N00858314EA0000000852
B1446355603956N00858354EA0000000864
B1446405603938N00858261EA0000000876
B1446455604003N00858253EA0000000881
B1446505604029N00858402EA0000000879
B1446555603970N00858512EA0000000899
B1447005603910N00858482EA0000000911
B1447055603925N00858388EA0000000915
B1447105603990N00858438EA0000000919
B1447155603969N00858586EA0000000927
B1447205603904N00858569EA0000000938
B1447255603933N00858484EA0000000938
B1447305603994N00858573EA0000000951
B1447355603957N00858709EA0000000952
B1447405603895N00858669EA0000000966
B1447455603933N00858591EA0000000966
B1447505603995N00858681EA0000000977
B1447555603964N00858816EA0000000982
B1448005603904N00858768EA0000000987
B1448065603965N00858707EA0000000999
B1448115603989N00858847EA0000001000
B1448165603918N00858897EA0000001012
B1448215603903N00858803EA0000001019
B1448265603973N00858815EA0000001019
B1448315603979N00858970EA0000001027
B1448365603910N00859009EA0000001036
B1448415603906N00858911EA0000001044
B1448465603969N00858910EA0000001047
B1448515604003N00859055EA0000001041
B1448565603946N00859158EA0000001047
B1449015603899N00859090EA0000001053
B1449065603949N00859030EA0000001063
B1449115604003N00859141EA0000001061
B1449165603983N00859307EA0000001049
B1449215603943N00859492EA0000001053
B1449265603899N00859670EA0000001067
B1449325603844N00859888EA0000001061
B1449375603798N00900070EA0000001084
B1449425603757N00900248EA0000001085
B1449475603718N00900430EA0000001110
B1449525603680N00900598EA0000001125
B1449585603634N00900801EA0000001136
B1450045603591N00901007EA0000001137
B1450095603555N00901191EA0000001120
B1450145603520N00901389EA0000001127
B1450195603492N00901582EA0000001124
B1450265603454N00901859EA0000001107
B1450315603428N00902062EA0000001099
B1450385603391N00902345EA0000001096
B1450435603365N00902550EA0000001091
B1450515603326N00902885EA0000001088
B1450565603304N00903097EA0000001092
B1451015603282N00903302EA0000001099
B1451065603263N00903510EA0000001091
B1451115603246N00903724EA0000001084
B1451165603230N00903938EA0000001083
B1451235603205N00904237EA0000001073
B1451295603158N00904470EA0000001096
B1451345603106N00904633EA0000001107
B1451395603054N00904795EA0000001109
B1451445602999N00904964EA0000001092
B1451515602918N00905215EA0000001083
B1451575602848N00905432EA0000001086
B1452035602783N00905638EA0000001092
B1452095602716N00905843EA0000001088
B1452145602660N00906016EA0000001089
B1452195602606N00906192EA0000001089
B1452255602544N00906400EA0000001082
B1452325602470N00906651EA0000001082
B1452375602417N00906822EA0000001080
B1452425602360N00906988EA0000001077
B1452505602274N00907254EA0000001083
B1452565602210N00907456EA0000001077
B1453035602156N00907716EA0000001071
B1453095602118N00907949EA0000001058
B1453155602079N00908190EA0000001051
B1453205602049N00908394EA0000001053
B1453255602021N00908596EA0000001051
B1453325601980N00908889EA0000001032
B1453385601944N00909143EA0000001026
B1453465601891N00909480EA0000001011
B1453515601854N00909689EA0000001025
B1453565601821N00909873EA0000001060
B1454015601795N00910037EA0000001055
B1454065601768N00910209EA0000001056
B1454115601740N00910375EA0000001055
B1454195601693N00910638EA0000001067
B1454245601668N00910799EA0000001068
B1454305601638N00910990EA0000001049
B1454355601611N00911178EA0000001031
B1454405601587N00911368EA0000001041
B1454455601559N00911549EA0000001044
B1454515601523N00911769EA0000001028
B1454565601491N00911951EA0000001040
B1455015601461N00912125EA0000001044
B1455065601435N00912299EA0000001047
B1455125601399N00912518EA0000001031
B1455195601351N00912781EA0000001028
B1455265601303N00913039EA0000001032
B1455315601266N00913223EA0000001030
B1455365601228N00913410EA0000001028
B1455425601181N00913633EA0000001029
B1455485601137N00913842EA0000001047
B1455535601099N00914011EA0000001044
B1455585601058N00914196EA0000001035
B1456035601018N00914369EA0000001052
B1456095600971N00914582EA0000001038
B1456145600927N00914762EA0000001046
B1456195600881N00914937EA0000001037
B1456265600816N00915176EA0000001053
B1456315600775N00915338EA0000001059
B1456365600734N00915499EA0000001067
B1456435600675N00915728EA0000001055
B1456485600631N00915894EA0000001080
B1456535600583N00916036EA0000001084
B1456585600504N00916074EA0000001083
B1457035600474N00915989EA0000001089
B1457095600540N00915938EA0000001083
B1457145600605N00916037EA0000001092
B1457225600624N00916317EA0000001088
B1457275600627N00916497EA0000001103
B1457325600623N00916676EA0000001097
B1457375600611N00916858EA0000001089
B1457445600587N00917135EA0000001099
B1457495600572N00917323EA0000001105
B1457565600547N00917571EA0000001111
B1458015600524N00917745EA0000001116
B1458075600488N00917956EA0000001125
B1458125600453N00918114EA0000001139
B1458175600379N00918164EA0000001131
B1458225600346N00918080EA0000001140
B1458275600391N00918019EA0000001151
B1458325600459N00918092EA0000001155
B1458375600470N00918256EA0000001167
B1458425600413N00918372EA0000001164
B1458475600345N00918359EA0000001165
B1458525600337N00918266EA0000001171
B1458575600386N00918215EA0000001182
B1459025600454N00918270EA0000001188
B1459075600492N00918416EA0000001195
B1459135600469N00918607EA0000001198
B1459185600437N00918774EA0000001187
B1459245600399N00918995EA0000001180
B1459305600358N00919222EA0000001172
B1459365600320N00919451EA0000001164
B1459415600288N00919643EA0000001160
B1459465600256N00919838EA0000001151
B1459525600217N00920084EA0000001140
B1459585600187N00920342EA0000001139
B1500035600165N00920554EA0000001146
B1500085600140N00920757EA0000001160
B1500145600105N00920992EA0000001170
B1500205600064N00921222EA0000001168
B1500255600025N00921422EA0000001155
B1500305559985N00921629EA0000001155
B1500355559946N00921836EA0000001161
B1500405559906N00922031EA0000001176
B1500455559862N00922215EA0000001174
B1500505559813N00922399EA0000001160
B1500565559751N00922615EA0000001162
B1501035559679N00922868EA0000001162
B1501095559624N00923090EA0000001169
B1501175559593N00923414EA0000001172
B1501225559585N00923619EA0000001177
B1501275559576N00923826EA0000001176
B1501325559566N00924036EA0000001176
B1501375559555N00924250EA0000001174
B1501435559549N00924502EA0000001174
B1501485559542N00924717EA0000001173
B1501535559536N00924932EA0000001178
B1501585559529N00925145EA0000001166
B1502085559516N00925580EA0000001163
B1502155559501N00925881EA0000001161
B1502215559488N00926145EA0000001151
B1502265559476N00926368EA0000001148
B1502315559463N00926587EA0000001149
B1502365559452N00926802EA0000001150
B1502415559441N00927017EA0000001141
B1502465559423N00927245EA0000001130
B1502515559409N00927472EA0000001148
B1502585559389N00927770EA0000001160
B1503035559373N00927978EA0000001157
B1503125559331N00928357EA0000001142
B1503195559293N00928646EA0000001140
B1503255559257N00928893EA0000001130
B1503315559221N00929143EA0000001126
B1503365559191N00929354EA0000001119
B1503425559155N00929605EA0000001111
B1503475559124N00929811EA0000001109
B1503535559088N00930060EA0000001090
B1504005559049N00930367EA0000001077
B1504055559022N00930585EA0000001080
B1504105558992N00930801EA0000001077
B1504175558955N00931113EA0000001067
B1504225558929N00931336EA0000001072
B1504285558900N00931596EA0000001078
B1504345558871N00931849EA0000001077
B1504395558843N00932066EA0000001076
B1504455558804N00932321EA0000001069
B1504505558769N00932532EA0000001068
B1504565558729N00932783EA0000001069
B1505035558682N00933074EA0000001062
B1505085558648N00933280EA0000001072
B1505135558617N00933480EA0000001086
B1505185558592N00933675EA0000001094
B1505235558577N00933874EA0000001088
B1505295558565N00934128EA0000001087
B1505365558546N00934431EA0000001090
B1505425558529N00934685EA0000001100
B1505475558516N00934893EA0000001100
B1505525558508N00935103EA0000001102
B1505585558501N00935359EA0000001101
B1506115558502N00935904EA0000001099
B1506185558501N00936199EA0000001092
B1506245558505N00936451EA0000001093
B1506315558510N00936746EA0000001093
B1506365558513N00936956EA0000001101
B1506415558517N00937166EA0000001102
B1506465558520N00937375EA0000001120
B1506515558526N00937578EA0000001132
B1506565558532N00937777EA0000001136
B1507025558542N00938027EA0000001121
B1507085558555N00938289EA0000001117
B1507145558570N00938550EA0000001120
B1507195558581N00938764EA0000001120
B1507245558593N00938980EA0000001120
B1507315558614N00939282EA0000001125
B1507365558630N00939498EA0000001133
B1507435558650N00939793EA0000001136
B1507495558662N00940039EA0000001143
B1507545558670N00940242EA0000001148
B1508015558675N00940530EA0000001153
B1508085558671N00940822EA0000001158
B1508165558669N00941155EA0000001156
B1508225558673N00941411EA0000001164
B1508275558675N00941621EA0000001162
B1508335558674N00941877EA0000001160
B1508425558675N00942273EA0000001170
B1508485558673N00942525EA0000001179
B1508565558669N00942868EA0000001187
B1509015558664N00943081EA0000001194
B1509075558658N00943334EA0000001204
B1509135558651N00943587EA0000001208
B1509195558644N00943845EA0000001211
B1509265558632N00944139EA0000001220
B1509315558605N00944341EA0000001217
B1509365558535N00944509EA0000001212
B1509415558444N00944626EA0000001211
B1509465558345N00944699EA0000001203
B1509515558248N00944708EA0000001207
B1509565558196N00944604EA0000001192
B1510015558228N00944461EA0000001183
B1510065558290N00944344EA0000001169
B1510135558367N00944144EA0000001133
B1510185558404N00943973EA0000001121
B1510245558432N00943766EA0000001122
B1510315558447N00943530EA0000001127
B1510395558455N00943262EA0000001128
B1510465558459N00943030EA0000001128
B1510515558464N00942869EA0000001123
B1510565558467N00942702EA0000001113
B1511035558466N00942469EA0000001119
B1511105558467N00942243EA0000001115
B1511175558472N00942023EA0000001120
B1511235558467N00941833EA0000001111
B1511285558451N00941673EA0000001107
B1511335558427N00941511EA0000001105
B1511385558396N00941355EA0000001111
B1511435558371N00941204EA0000001106
B1511495558348N00941026EA0000001108
B1511545558337N00940875EA0000001114
B1512015558325N00940659EA0000001118
B1512065558319N00940502EA0000001125
B1512125558307N00940315EA0000001126
B1512215558299N00940036EA0000001124
B1512265558300N00939876EA0000001118
B1512315558306N00939707EA0000001126
B1512385558307N00939488EA0000001146
B1512435558309N00939324EA0000001138
B1512505558320N00939094EA0000001143
B1512565558325N00938897EA0000001144
B1513065558329N00938567EA0000001134
B1513115558338N00938398EA0000001130
B1513165558345N00938239EA0000001139
B1513215558351N00938085EA0000001132
B1513275558359N00937892EA0000001122
B1513335558363N00937702EA0000001127
B1513385558366N00937542EA0000001115
B1513475558368N00937251EA0000001123
B1513525558365N00937093EA0000001126
B1513585558362N00936904EA0000001124
B1514045558363N00936707EA0000001106
B1514095558366N00936536EA0000001101
B1514155558373N00936341EA0000001101
B1514215558387N00936150EA0000001107
B1514275558402N00935965EA0000001099
B1514325558413N00935803EA0000001089
B1514375558425N00935640EA0000001080
B1514425558436N00935474EA0000001076
B1514475558450N00935312EA0000001079
B1514525558463N00935154EA0000001087
B1514595558478N00934940EA0000001106
B1515045558489N00934791EA0000001109
B1515095558501N00934640EA0000001111
B1515155558512N00934452EA0000001106
B1515205558524N00934287EA0000001092
B1515265558540N00934086EA0000001104
B1515315558553N00933929EA0000001125
B1515365558567N00933774EA0000001114
B1515415558589N00933608EA0000001116
B1515465558608N00933451EA0000001119
B1515525558633N00933263EA0000001111
B1515575558653N00933104EA0000001097
B1516035558679N00932897EA0000001099
B1516085558699N00932731EA0000001112
B1516155558729N00932506EA0000001134
B1516205558749N00932349EA0000001132
B1516255558771N00932185EA0000001131
B1516315558800N00931992EA0000001138
B1516365558820N00931836EA0000001148
B1516435558850N00931610EA0000001132
B1516495558871N00931412EA0000001137
B1516545558885N00931253EA0000001135
B1517015558905N00931038EA0000001135
B1517085558925N00930812EA0000001123
B1517145558944N00930614EA0000001125
B1517215558964N00930381EA0000001122
B1517265558980N00930219EA0000001126
B1517315558999N00930059EA0000001120
B1517365559017N00929896EA0000001108
B1517435559040N00929663EA0000001096
B1517485559057N00929496EA0000001089
B1517535559077N00929333EA0000001103
B1517585559099N00929179EA0000001103
B1518035559121N00929021EA0000001100
B1518085559142N00928865EA0000001096
B1518135559166N00928702EA0000001075
B1518205559200N00928464EA0000001066
B1518275559231N00928236EA0000001067
B1518325559254N00928078EA0000001076
B1518375559274N00927926EA0000001087
B1518425559295N00927774EA0000001090
B1518475559318N00927623EA0000001095
B1518525559346N00927467EA0000001097
B1518585559382N00927280EA0000001107
B1519035559411N00927120EA0000001107
B1519085559444N00926949EA0000001097
B1519135559482N00926775EA0000001104
B1519205559534N00926545EA0000001102
B1519265559583N00926351EA0000001092
B1519315559627N00926190EA0000001088
B1519375559681N00925996EA0000001082
B1519445559742N00925773EA0000001073
B1519495559783N00925612EA0000001059
B1519555559835N00925414EA0000001046
B1520025559894N00925180EA0000001047
B1520095559952N00924942EA0000001037
B1520165600012N00924694EA0000001029
B1520215600040N00924500EA0000001024
B1520275600069N00924268EA0000001032
B1520325600097N00924079EA0000001036
B1520375600128N00923894EA0000001035
B1520425600161N00923708EA0000001036
B1520475600201N00923529EA0000001045
B1520535600256N00923319EA0000001049
B1520595600315N00923116EA0000001060
B1521045600362N00922946EA0000001069
B1521095600405N00922777EA0000001080
B1521145600447N00922613EA0000001102
B1521205600496N00922425EA0000001099
B1521255600547N00922277EA0000001087
B1521305600606N00922134EA0000001078
B1521355600669N00921995EA0000001064
B1521405600735N00921842EA0000001045
B1521475600826N00921615EA0000001038
B1521545600921N00921397EA0000001035
B1522015601010N00921178EA0000001035
B1522065601066N00921026EA0000001047
B1522115601114N00920866EA0000001043
B1522175601172N00920668EA0000001052
B1522225601224N00920508EA0000001064
B1522275601276N00920349EA0000001075
B1522325601327N00920190EA0000001079
B1522375601380N00920030EA0000001091
B1522425601426N00919873EA0000001123
B1522495601484N00919676EA0000001111
B1522545601529N00919519EA0000001096
B1522595601573N00919356EA0000001085
B1523045601620N00919190EA0000001071
B1523095601670N00919021EA0000001059
B1523155601732N00918822EA0000001056
B1523235601816N00918567EA0000001055
B1523285601871N00918411EA0000001055
B1523335601926N00918253EA0000001056
B1523385601980N00918093EA0000001053
B1523445602045N00917903EA0000001056
B1523495602099N00917750EA0000001059
B1523545602152N00917593EA0000001061
B1524005602218N00917405EA0000001066
B1524055602275N00917255EA0000001066
B1524105602336N00917107EA0000001071
B1524155602396N00916958EA0000001073
B1524215602461N00916771EA0000001073
B1524275602519N00916577EA0000001069
B1524335602574N00916375EA0000001057
B1524385602617N00916203EA0000001055
B1524435602662N00916032EA0000001058
B1524485602707N00915859EA0000001059
B1524545602758N00915648EA0000001054
B1525015602821N00915404EA0000001062
B1525065602859N00915226EA0000001062
B1525125602899N00915010EA0000001055
B1525175602932N00914827EA0000001057
B1525235602970N00914601EA0000001044
B1525295603002N00914366EA0000001032
B1525345603024N00914171EA0000001024
B1525395603042N00913977EA0000001016
B1525445603057N00913783EA0000001013
B1525495603081N00913595EA0000001012
B1525555603114N00913379EA0000001018
B1526005603142N00913199EA0000001016
B1526055603170N00913015EA0000001033
B1526115603200N00912822EA0000001066
B1526165603225N00912684EA0000001099
B1526215603252N00912563EA0000001094
B1526265603280N00912423EA0000001071
B1526325603322N00912233EA0000001047
B1526375603350N00912057EA0000001037
B1526435603364N00911840EA0000001036
B1526485603363N00911660EA0000001028
B1526555603353N00911407EA0000001020
B1527015603339N00911187EA0000001010
B1527065603325N00911005EA0000001003
B1527125603306N00910787EA0000000993
B1527185603290N00910567EA0000000983
B1527235603278N00910386EA0000000976
B1527295603264N00910169EA0000000967
B1527345603252N00909989EA0000000963
B1527395603238N00909811EA0000000959
B1527445603221N00909633EA0000000952
B1527495603201N00909457EA0000000950
B1527555603177N00909249EA0000000944
B1528015603145N00909039EA0000000936
B1528085603098N00908789EA0000000927
B1528145603060N00908572EA0000000922
B1528195603031N00908395EA0000000918
B1528255602993N00908188EA0000000912
B1528305602960N00908019EA0000000907
B1528355602925N00907849EA0000000899
B1528415602884N00907645EA0000000895
B1528545602798N00907220EA0000000884
B1529005602759N00907028EA0000000879
B1529055602730N00906869EA0000000872
B1529125602692N00906646EA0000000864
B1529175602662N00906488EA0000000862
B1529255602620N00906241EA0000000859
B1529315602587N00906050EA0000000847
B1529365602558N00905888EA0000000847
B1529415602526N00905730EA0000000844
B1529495602471N00905482EA0000000834
B1529555602429N00905294EA0000000821
B1530005602394N00905134EA0000000815
B1530055602360N00904973EA0000000809
B1530115602318N00904779EA0000000802
B1530185602272N00904562EA0000000804
B1530245602235N00904383EA0000000805
B1530315602194N00904183EA0000000802
B1530365602160N00904038EA0000000786
B1530415602124N00903884EA0000000774
B1530475602076N00903696EA0000000765
B1530555602014N00903442EA0000000759
B1531015601968N00903250EA0000000744
B1531075601921N00903052EA0000000734
B1531125601887N00902897EA0000000737
B1531175601854N00902749EA0000000733
B1531235601812N00902571EA0000000726
B1531285601773N00902416EA0000000719
B1531335601734N00902261EA0000000716
B1531395601687N00902069EA0000000718
B1531445601648N00901918EA0000000741
B1531505601601N00901750EA0000000747
B1531555601566N00901629EA0000000766
B1532005601535N00901516EA0000000782
B1532065601497N00901389EA0000000770
B1532125601452N00901243EA0000000751
B1532185601404N00901087EA0000000737
B1532245601353N00900927EA0000000731
B1532295601315N00900788EA0000000723
B1532345601283N00900646EA0000000719
B1532395601255N00900508EA0000000715
B1532455601219N00900351EA0000000706
B1532515601175N00900193EA0000000697
B1532575601126N00900035EA0000000686
B1533025601080N00859908EA0000000683
B1533075601031N00859791EA0000000685
B1533145600956N00859636EA0000000689
B1533205600896N00859512EA0000000695
B1533255600848N00859407EA0000000691
B1533345600771N00859209EA0000000678
B1533415600714N00859043EA0000000672
B1533475600669N00858900EA0000000668
B1533535600624N00858753EA0000000665
B1534005600573N00858582EA0000000661
B1534065600533N00858435EA0000000664
B1534115600503N00858317EA0000000663
B1534165600472N00858198EA0000000655
B1534245600416N00858006EA0000000646
B1534315600366N00857844EA0000000647
B1534415600291N00857608EA0000000630
B1534485600231N00857440EA0000000624
B1534555600175N00857267EA0000000623
B1535015600129N00857116EA0000000625
B1535075600084N00856966EA0000000632
B1535135600044N00856819EA0000000630
B1535185600007N00856697EA0000000627
B1535255559951N00856534EA0000000624
B1535305559910N00856417EA0000000620
B1535365559860N00856280EA0000000613
B1535455559782N00856071EA0000000596
B1535525559717N00855907EA0000000581
B1536015559635N00855701EA0000000582
B1536065559589N00855589EA0000000578
B1536155559511N00855379EA0000000567
B1536205559470N00855258EA0000000560
B1536255559428N00855135EA0000000552
B1536325559368N00854968EA0000000547
B1536405559298N00854790EA0000000545
B1536455559252N00854678EA0000000542
B1536515559194N00854546EA0000000537
B1536565559143N00854439EA0000000536
B1537025559078N00854318EA0000000527
B1537075559005N00854245EA0000000516
B1537145558881N00854222EA0000000516
B1537195558838N00854132EA0000000513
B1537265558944N00854103EA0000000493
B1537315559008N00854250EA0000000492
B1537375559044N00854474EA0000000484
B1537445559083N00854745EA0000000468
B1537495559117N00854944EA0000000460
B1537565559166N00855230EA0000000458
B1538025559207N00855478EA0000000449
B1538085559241N00855741EA0000000442
B1538145559278N00856005EA0000000437
B1538205559323N00856271EA0000000424
B1538255559363N00856495EA0000000415
B1538315559412N00856754EA0000000409
B1538385559470N00857059EA0000000390
B1538435559513N00857277EA0000000380
B1538515559579N00857637EA0000000357
B1539015559655N00858096EA0000000337
B1539075559704N00858368EA0000000317
B1539125559746N00858594EA0000000321
B1539185559789N00858847EA0000000322
B1539255559840N00859133EA0000000307
B1539305559874N00859342EA0000000298
B1539375559919N00859637EA0000000285
B1539465559982N00900011EA0000000267
B1539515600016N00900221EA0000000255
B1539575600053N00900476EA0000000246
B1540035600090N00900733EA0000000234
B1540105600134N00901041EA0000000217
B1540165600174N00901312EA0000000200
B1540215600205N00901537EA0000000188
B1540285600245N00901855EA0000000172
B1540355600286N00902165EA0000000158
B1540405600358N00902344EA0000000146
B1540455600466N00902415EA0000000135
B1540525600616N00902391EA0000000124
B1540575600714N00902325EA0000000118
B1541025600779N00902196EA0000000106
B1541095600783N00901957EA0000000086
B1541155600764N00901747EA0000000073
B1541205600746N00901571EA0000000062
B1541275600716N00901320EA0000000047
B1541345600686N00901086EA0000000040
B1541405600661N00900915EA0000000039
B1541495600632N00900722EA0000000037
