AOGNOGN
HFDTE080825
HFFXA050
HFPLTPILOTINCHARGE:
HFGTYGLIDERTYPE:JS-3 18M RES
HFGIDGLIDERID:OY-RXS
HFDTM100GPSDATUM:WGS-1984
HFRFWFIRMWAREVERSION:
HFRHWHARDWAREVERSION:
HFFTYFRTYPE:OGN-FLIGHTBOOK
HFGPSGENERIC
HFPRSPRESSALTSENSOR:
HFCIDCOMPETITIONID:RX
B1156525600687N00901451EA0000000042
B1156555600685N00901403EA0000000042
B1157015600680N00901278EA0000000041
B1157065600673N00901148EA0000000043
B1157115600663N00901003EA0000000047
B1157175600650N00900823EA0000000064
B1157235600634N00900655EA0000000082
B1157285600624N00900517EA0000000092
B1157375600659N00900269EA0000000108
B1157445600751N00900127EA0000000123
B1157495600838N00900065EA0000000139
B1157555600955N00900068EA0000000154
B1158025601100N00900109EA0000000160
B1158075601205N00900125EA0000000173
B1158125601310N00900135EA0000000183
B1158195601455N00900174EA0000000202
B1158275601615N00900226EA0000000225
B1158335601731N00900201EA0000000243
B1158385601825N00900142EA0000000251
B1158445601903N00900002EA0000000273
B1158495601930N00859860EA0000000297
B1158555601918N00859690EA0000000324
B1159025601850N00859522EA0000000357
B1159075601783N00859431EA0000000386
B1159135601690N00859332EA0000000405
B1159195601598N00859233EA0000000427
B1159245601523N00859155EA0000000440
B1159315601423N00859043EA0000000462
B1159365601351N00858960EA0000000474
B1159415601276N00858875EA0000000482
B1159485601171N00858751EA0000000506
B1159535601097N00858668EA0000000519
B1200005600987N00858551EA0000000536
B1200065600894N00858451EA0000000553
B1200125600810N00858366EA0000000568
B1200185600717N00858334EA0000000564
B1200265600599N00858300EA0000000568
B1200315600525N00858278EA0000000564
B1200385600418N00858252EA0000000562
B1200455600310N00858238EA0000000562
B1200525600205N00858206EA0000000565
B1200595600099N00858193EA0000000590
B1201045600024N00858247EA0000000596
B1201105600012N00858446EA0000000609
B1201155600087N00858518EA0000000611
B1201205600137N00858446EA0000000615
B1201265600087N00858357EA0000000627
B1201315600018N00858442EA0000000642
B1201365600019N00858613EA0000000652
B1201425600103N00858702EA0000000659
B1201475600147N00858625EA0000000660
B1201535600081N00858576EA0000000673
B1201585600028N00858701EA0000000683
B1202035600059N00858853EA0000000687
B1202085600136N00858860EA0000000690
B1202145600133N00858749EA0000000693
B1202195600061N00858778EA0000000704
B1202245600044N00858936EA0000000712
B1202295600110N00859034EA0000000714
B1202345600172N00858981EA0000000717
B1202405600146N00858859EA0000000729
B1202455600079N00858824EA0000000742
B1202505600026N00858945EA0000000750
B1202565600088N00859095EA0000000762
B1203015600152N00859056EA0000000770
B1203075600118N00858953EA0000000776
B1203125600046N00859017EA0000000785
B1203175600043N00859187EA0000000796
B1203225600118N00859245EA0000000806
B1203275600153N00859159EA0000000812
B1203325600096N00859108EA0000000818
B1203375600037N00859226EA0000000825
B1203425600069N00859385EA0000000835
B1203475600144N00859385EA0000000842
B1203535600128N00859271EA0000000852
B1203585600052N00859315EA0000000861
B1204035600031N00859479EA0000000872
B1204085600093N00859580EA0000000875
B1204135600153N00859525EA0000000880
B1204185600135N00859423EA0000000890
B1204235600063N00859418EA0000000904
B1204285600016N00859559EA0000000909
B1204335600058N00859701EA0000000922
B1204385600130N00859690EA0000000922
B1204445600141N00859569EA0000000935
B1204495600074N00859540EA0000000942
B1204545600015N00859663EA0000000950
B1204595600044N00859822EA0000000958
B1205055600133N00859820EA0000000962
B1205115600124N00859698EA0000000974
B1205165600048N00859722EA0000000977
B1205215600017N00859890EA0000000990
B1205265600075N00900013EA0000000994
B1205315600142N00859966EA0000000999
B1205365600137N00859853EA0000001005
B1205445600079N00859663EA0000001001
B1205535600005N00859438EA0000001000
B1205585559957N00859314EA0000001007
B1206065559904N00859098EA0000001015
B1206145559864N00858883EA0000001025
B1206235559822N00858653EA0000001045
B1206295559800N00858500EA0000001042
B1206365559800N00858299EA0000001023
B1206475559837N00857940EA0000001023
B1206545559846N00857702EA0000001026
B1206595559883N00857545EA0000001019
B1207045559989N00857472EA0000001029
B1207095600076N00857379EA0000001045
B1207145600159N00857286EA0000001049
B1207195600224N00857188EA0000001061
B1207245600213N00857066EA0000001054
B1207305600129N00856971EA0000001048
B1207355600057N00856896EA0000001046
B1207405559987N00856817EA0000001049
B1207465559908N00856722EA0000001056
B1207525559823N00856643EA0000001069
B1207585559740N00856570EA0000001077
B1208045559655N00856491EA0000001084
B1208105559575N00856399EA0000001098
B1208155559523N00856295EA0000001091
B1208225559457N00856132EA0000001089
B1208285559388N00856008EA0000001083
B1208335559334N00855894EA0000001078
B1208395559300N00855732EA0000001074
B1208495559292N00855448EA0000001075
B1208555559283N00855285EA0000001089
B1209015559261N00855137EA0000001094
B1209065559240N00855016EA0000001090
B1209115559224N00854886EA0000001079
B1209195559202N00854654EA0000001056
B1209265559196N00854435EA0000001055
B1209325559193N00854257EA0000001064
B1209395559197N00854061EA0000001071
B1209445559203N00853923EA0000001071
B1209545559201N00853630EA0000001074
B1210015559184N00853425EA0000001078
B1210065559177N00853285EA0000001092
B1210125559171N00853132EA0000001108
B1210195559162N00852951EA0000001111
B1210265559148N00852768EA0000001112
B1210315559135N00852631EA0000001109
B1210365559118N00852494EA0000001118
B1210445559105N00852281EA0000001112
B1210495559100N00852150EA0000001108
B1210565559089N00851967EA0000001097
B1211035559085N00851781EA0000001093
B1211095559094N00851595EA0000001056
B1211145559104N00851399EA0000001041
B1211225559133N00851082EA0000001049
B1211285559168N00850859EA0000001062
B1211355559205N00850613EA0000001060
B1211445559193N00850295EA0000001078
B1211505559142N00850087EA0000001073
B1211565559093N00849857EA0000001066
B1212015559049N00849633EA0000001039
B1212075558953N00849381EA0000001042
B1212135558840N00849261EA0000001147
B1212185558867N00849176EA0000001157
B1212245558952N00849154EA0000001146
B1212315559057N00849148EA0000001131
B1212385559157N00849100EA0000001116
B1212455559252N00849026EA0000001109
B1212505559324N00848979EA0000001104
B1212575559416N00848892EA0000001098
B1213055559521N00848784EA0000001089
B1213115559598N00848701EA0000001085
B1213165559659N00848626EA0000001081
B1213275559795N00848466EA0000001068
B1213335559870N00848375EA0000001065
B1213385559943N00848320EA0000001063
B1213435600028N00848340EA0000001068
B1213485600097N00848454EA0000001062
B1213555600142N00848707EA0000001048
B1214015600201N00848914EA0000001037
B1214065600239N00849101EA0000001030
B1214115600195N00849274EA0000001021
B1214165600105N00849359EA0000001014
B1214255559937N00849469EA0000001011
B1214315559826N00849557EA0000001002
B1214385559708N00849709EA0000001015
B1214445559621N00849872EA0000001014
B1214545559491N00850185EA0000001003
B1214595559425N00850344EA0000000997
B1215045559358N00850506EA0000000987
B1215115559265N00850738EA0000000983
B1215165559195N00850904EA0000000986
B1215225559118N00851093EA0000001026
B1215275559098N00851263EA0000001044
B1215365559139N00851584EA0000001055
B1215415559164N00851767EA0000001067
B1215475559225N00851959EA0000001084
B1215525559298N00852089EA0000001093
B1215575559381N00852198EA0000001097
B1216035559486N00852308EA0000001106
B1216085559572N00852354EA0000001108
B1216135559596N00852261EA0000001100
B1216195559536N00852160EA0000001089
B1216265559432N00852111EA0000001072
B1216315559349N00852079EA0000001060
B1216365559255N00852127EA0000001056
B1216415559158N00852228EA0000001065
B1216465559076N00852381EA0000001071
B1216515559014N00852560EA0000001090
B1216585558953N00852811EA0000001091
B1217035558947N00852998EA0000001084
B1217085558983N00853156EA0000001080
B1217135559057N00853230EA0000001077
B1217205559173N00853300EA0000001084
B1217255559250N00853390EA0000001085
B1217315559315N00853566EA0000001088
B1217365559338N00853748EA0000001097
B1217415559348N00853936EA0000001093
B1217495559343N00854254EA0000001099
B1217545559321N00854449EA0000001108
B1217595559305N00854640EA0000001111
B1218055559307N00854863EA0000001121
B1218115559342N00855073EA0000001120
B1218195559371N00855369EA0000001120
B1218255559368N00855595EA0000001126
B1218325559337N00855840EA0000001132
B1218405559281N00856107EA0000001129
B1218455559246N00856280EA0000001134
B1218525559238N00856544EA0000001150
B1218575559275N00856712EA0000001160
B1219045559368N00856909EA0000001164
B1219105559441N00857090EA0000001175
B1219155559483N00857258EA0000001183
B1219205559511N00857435EA0000001185
B1219255559529N00857616EA0000001175
B1219325559544N00857885EA0000001148
B1219375559544N00858089EA0000001138
B1219425559522N00858289EA0000001127
B1219485559471N00858514EA0000001115
B1219545559412N00858738EA0000001117
B1220035559336N00859085EA0000001128
B1220095559306N00859325EA0000001128
B1220155559299N00859576EA0000001121
B1220215559310N00859828EA0000001120
B1220265559336N00900025EA0000001126
B1220315559393N00900185EA0000001131
B1220365559480N00900263EA0000001138
B1220415559548N00900394EA0000001141
B1220495559593N00900693EA0000001145
B1220545559591N00900890EA0000001142
B1220595559588N00901093EA0000001149
B1221055559639N00901312EA0000001153
B1221105559694N00901487EA0000001155
B1221155559732N00901679EA0000001151
B1221225559772N00901956EA0000001149
B1221285559824N00902180EA0000001150
B1221335559863N00902371EA0000001150
B1221425559872N00902734EA0000001147
B1221475559851N00902935EA0000001144
B1221525559824N00903132EA0000001145
B1221595559785N00903406EA0000001139
B1222065559745N00903684EA0000001139
B1222125559734N00903935EA0000001144
B1222175559755N00904140EA0000001156
B1222225559821N00904289EA0000001161
B1222275559888N00904243EA0000001151
B1222345559905N00904062EA0000001164
B1222405559903N00903922EA0000001168
B1222465559885N00903781EA0000001179
B1222515559864N00903667EA0000001178
B1222565559848N00903551EA0000001177
B1223015559830N00903436EA0000001172
B1223065559811N00903319EA0000001166
B1223135559801N00903149EA0000001158
B1223185559825N00903022EA0000001159
B1223235559858N00902898EA0000001154
B1223285559887N00902772EA0000001163
B1223345559923N00902629EA0000001169
B1223405559952N00902478EA0000001169
B1223455559945N00902340EA0000001176
B1223505559899N00902220EA0000001173
B1223575559810N00902083EA0000001156
B1224075559692N00901859EA0000001144
B1224125559644N00901737EA0000001141
B1224185559595N00901584EA0000001142
B1224265559554N00901381EA0000001162
B1224325559546N00901230EA0000001166
B1224385559542N00901078EA0000001172
B1224435559540N00900950EA0000001169
B1224495559550N00900793EA0000001171
B1224555559561N00900634EA0000001160
B1225005559541N00900503EA0000001149
B1225085559513N00900287EA0000001148
B1225145559531N00900128EA0000001154
B1225205559572N00859988EA0000001161
B1225275559630N00859839EA0000001144
B1225325559687N00859737EA0000001135
B1225405559769N00859564EA0000001132
B1225455559790N00859439EA0000001135
B1225515559785N00859290EA0000001124
B1225585559758N00859114EA0000001113
B1226035559735N00858984EA0000001105
B1226115559698N00858772EA0000001107
B1226165559678N00858644EA0000001107
B1226215559659N00858516EA0000001101
B1226295559623N00858303EA0000001087
B1226355559593N00858143EA0000001078
B1226415559566N00857978EA0000001070
B1226475559533N00857812EA0000001078
B1226525559504N00857686EA0000001085
B1226575559471N00857566EA0000001090
B1227035559433N00857422EA0000001093
B1227085559398N00857309EA0000001114
B1227145559347N00857191EA0000001115
B1227195559326N00857079EA0000001112
B1227245559357N00856972EA0000001106
B1227295559426N00856904EA0000001106
B1227355559516N00856842EA0000001130
B1227415559596N00856774EA0000001131
B1227465559667N00856707EA0000001124
B1227515559717N00856609EA0000001114
B1227565559723N00856480EA0000001101
B1228015559687N00856365EA0000001095
B1228075559610N00856260EA0000001083
B1228125559543N00856172EA0000001072
B1228205559442N00856022EA0000001068
B1228295559328N00855847EA0000001053
B1228345559273N00855732EA0000001061
B1228395559238N00855615EA0000001085
B1228455559216N00855480EA0000001098
B1228525559119N00855461EA0000001097
B1228575559090N00855636EA0000001100
B1229025559146N00855780EA0000001102
B1229085559251N00855871EA0000001119
B1229145559356N00855964EA0000001125
B1229195559419N00856095EA0000001149
B1229245559424N00856268EA0000001134
B1229295559380N00856429EA0000001116
B1229345559301N00856514EA0000001106
B1229405559216N00856458EA0000001098
B1229515559203N00856165EA0000001095
B1229595559218N00855956EA0000001127
B1230045559221N00855833EA0000001135
B1230095559168N00855754EA0000001131
B1230145559079N00855797EA0000001128
B1230195559011N00855934EA0000001128
B1230245558983N00856126EA0000001128
B1230315559020N00856389EA0000001140
B1230385559115N00856558EA0000001153
B1230435559193N00856603EA0000001165
B1230485559268N00856565EA0000001166
B1230535559325N00856463EA0000001159
B1230595559354N00856313EA0000001183
B1231045559291N00856254EA0000001186
B1231105559184N00856309EA0000001178
B1231155559094N00856359EA0000001173
B1231205559015N00856332EA0000001169
B1231255558983N00856224EA0000001165
B1231305559017N00856120EA0000001164
B1231375559128N00856087EA0000001161
B1231425559217N00856084EA0000001151
B1231475559292N00856026EA0000001146
B1231525559335N00855924EA0000001141
B1231575559339N00855802EA0000001139
B1232045559280N00855662EA0000001133
B1232095559196N00855647EA0000001126
B1232145559123N00855764EA0000001126
B1232195559117N00855950EA0000001121
B1232255559173N00856144EA0000001117
B1232305559236N00856271EA0000001110
B1232365559330N00856367EA0000001098
B1232425559425N00856370EA0000001093
B1232475559484N00856310EA0000001085
B1232525559518N00856216EA0000001077
B1232575559536N00856107EA0000001070
B1233035559544N00855971EA0000001068
B1233115559536N00855797EA0000001067
B1233165559526N00855690EA0000001063
B1233265559489N00855476EA0000001046
B1233315559464N00855371EA0000001043
B1233365559440N00855263EA0000001040
B1233425559408N00855127EA0000001035
B1233475559380N00855014EA0000001032
B1233535559342N00854868EA0000001026
B1233585559258N00854836EA0000001027
B1234035559167N00854953EA0000001022
B1234095559106N00855179EA0000001028
B1234145559083N00855381EA0000001040
B1234205559065N00855619EA0000001059
B1234265559062N00855857EA0000001063
B1234315559108N00856023EA0000001064
B1234365559188N00856108EA0000001070
B1234495559379N00856060EA0000001073
B1234545559423N00855971EA0000001072
B1234595559424N00855856EA0000001069
B1235045559378N00855779EA0000001074
B1235095559306N00855781EA0000001084
B1235145559238N00855866EA0000001090
B1235195559199N00856019EA0000001090
B1235245559209N00856187EA0000001089
B1235305559261N00856365EA0000001097
B1235365559337N00856494EA0000001102
B1235425559425N00856548EA0000001103
B1235485559507N00856525EA0000001092
B1235545559570N00856454EA0000001086
B1236015559604N00856331EA0000001088
B1236065559586N00856243EA0000001081
B1236115559530N00856200EA0000001075
B1236165559457N00856257EA0000001063
B1236215559406N00856402EA0000001071
B1236265559405N00856569EA0000001071
B1236315559460N00856704EA0000001068
B1236365559538N00856752EA0000001076
B1236425559619N00856714EA0000001072
B1236485559652N00856603EA0000001065
B1236545559615N00856492EA0000001060
B1237005559528N00856487EA0000001062
B1237055559465N00856601EA0000001060
B1237105559452N00856781EA0000001063
B1237155559496N00856939EA0000001060
B1237215559593N00857009EA0000001060
B1237265559655N00856963EA0000001061
B1237315559673N00856864EA0000001053
B1237365559633N00856785EA0000001047
B1237415559556N00856813EA0000001051
B1237465559508N00856948EA0000001054
B1237515559522N00857123EA0000001046
B1237565559589N00857242EA0000001044
B1238015559668N00857250EA0000001043
B1238065559709N00857169EA0000001040
B1238115559684N00857074EA0000001035
B1238165559619N00857051EA0000001046
B1238215559555N00857143EA0000001039
B1238265559538N00857322EA0000001040
B1238315559581N00857464EA0000001050
B1238375559672N00857501EA0000001032
B1238425559714N00857420EA0000001038
B1238475559697N00857330EA0000001032
B1238525559633N00857285EA0000001032
B1238585559544N00857340EA0000001033
B1239035559466N00857378EA0000001024
B1239085559406N00857305EA0000001018
B1239135559378N00857186EA0000001016
B1239195559348N00857053EA0000001044
B1239255559283N00856990EA0000001050
B1239305559213N00857108EA0000001058
B1239365559213N00857347EA0000001063
B1239415559229N00857551EA0000001057
B1239465559260N00857758EA0000001048
B1239515559290N00857970EA0000001045
B1239595559270N00858340EA0000001031
B1240045559234N00858577EA0000001030
B1240105559199N00858870EA0000001030
B1240165559196N00859164EA0000001031
B1240215559213N00859402EA0000001021
B1240275559227N00859696EA0000001005
B1240335559216N00859996EA0000000998
B1240385559204N00900246EA0000001003
B1240465559195N00900657EA0000000989
B1240535559196N00901018EA0000001003
B1240595559199N00901289EA0000001019
B1241045559206N00901506EA0000001018
B1241095559223N00901720EA0000001008
B1241155559307N00901922EA0000000991
B1241205559394N00902071EA0000000989
B1241265559484N00902255EA0000001007
B1241315559548N00902405EA0000001020
B1241365559630N00902482EA0000001025
B1241425559685N00902381EA0000001039
B1241475559707N00902275EA0000001047
B1241525559720N00902168EA0000001053
B1241585559693N00902054EA0000001057
B1242035559623N00902105EA0000001062
B1242085559619N00902275EA0000001074
B1242145559703N00902379EA0000001088
B1242195559756N00902317EA0000001091
B1242245559752N00902217EA0000001095
B1242295559690N00902196EA0000001098
B1242345559637N00902313EA0000001096
B1242405559601N00902514EA0000001105
B1242455559591N00902688EA0000001107
B1242505559650N00902827EA0000001108
B1242555559732N00902821EA0000001115
B1243005559764N00902725EA0000001123
B1243055559731N00902634EA0000001127
B1243105559660N00902652EA0000001135
B1243155559625N00902805EA0000001136
B1243205559662N00902971EA0000001144
B1243255559738N00903057EA0000001151
B1243315559828N00903026EA0000001155
B1243365559851N00902924EA0000001155
B1243415559802N00902857EA0000001159
B1243485559708N00902977EA0000001164
B1243575559602N00903219EA0000001167
B1244025559546N00903368EA0000001163
B1244075559504N00903538EA0000001161
B1244135559496N00903771EA0000001158
B1244185559494N00903967EA0000001165
B1244235559516N00904153EA0000001154
B1244285559601N00904216EA0000001141
B1244335559647N00904105EA0000001143
B1244405559650N00903928EA0000001164
B1244495559650N00903718EA0000001175
B1244585559664N00903520EA0000001182
B1245035559672N00903412EA0000001187
B1245085559678N00903307EA0000001191
B1245135559673N00903190EA0000001185
B1245185559705N00903074EA0000001170
B1245235559792N00903019EA0000001150
B1245285559899N00902999EA0000001137
B1245345600030N00902969EA0000001132
B1245395600132N00902941EA0000001138
B1245455600248N00902910EA0000001141
B1245505600345N00902883EA0000001122
B1245595600536N00902799EA0000001099
B1246065600688N00902719EA0000001092
B1246125600813N00902652EA0000001095
B1246175600913N00902600EA0000001087
B1246235601040N00902531EA0000001066
B1246285601150N00902472EA0000001060
B1246345601283N00902404EA0000001056
B1246405601417N00902334EA0000001043
B1246455601528N00902270EA0000001034
B1246515601663N00902203EA0000001030
B1246565601775N00902153EA0000001026
B1247015601883N00902096EA0000001013
B1247065601993N00902032EA0000001011
B1247115602101N00902037EA0000001032
B1247165602204N00902153EA0000001000
B1247215602306N00902347EA0000000977
B1247265602387N00902614EA0000000913
B1247315602476N00902903EA0000000945
B1247365602569N00902906EA0000001055
B1247415602535N00902810EA0000000968
B1247465602415N00902974EA0000000916
B1247525602380N00903314EA0000000990
B1247575602331N00903486EA0000001049
B1248025602259N00903486EA0000001057
B1248095602238N00903322EA0000001049
B1248165602218N00903138EA0000001045
B1248225602202N00902977EA0000001054
B1248285602177N00902835EA0000001077
B1248345602146N00902704EA0000001081
B1248405602123N00902571EA0000001089
B1248465602133N00902435EA0000001094
B1248525602156N00902290EA0000001104
B1248585602173N00902144EA0000001113
B1249035602186N00902018EA0000001111
B1249095602208N00901835EA0000001063
B1249155602236N00901602EA0000001041
B1249205602265N00901398EA0000001028
B1249255602293N00901189EA0000001016
B1249315602323N00900928EA0000000987
B1249375602352N00900659EA0000000979
B1249435602385N00900400EA0000000980
B1249485602409N00900193EA0000000976
B1249535602427N00859988EA0000000967
B1249585602436N00859778EA0000000953
B1250045602441N00859535EA0000000956
B1250215602440N00858886EA0000000942
B1250275602435N00858674EA0000000943
B1250365602437N00858449EA0000001023
B1250415602485N00858381EA0000001024
B1250465602559N00858477EA0000001034
B1250515602531N00858636EA0000001041
B1250565602460N00858645EA0000001051
B1251015602405N00858584EA0000001054
B1251085602376N00858454EA0000001040
B1251135602427N00858382EA0000001039
B1251185602508N00858438EA0000001039
B1251235602580N00858535EA0000001061
B1251285602597N00858707EA0000001057
B1251335602531N00858806EA0000001066
B1251395602478N00858719EA0000001080
B1251445602523N00858641EA0000001091
B1251495602596N00858725EA0000001097
B1251545602605N00858912EA0000001102
B1252005602526N00859047EA0000001115
B1252055602453N00859060EA0000001121
B1252105602431N00858960EA0000001124
B1252155602499N00858921EA0000001130
B1252205602574N00859011EA0000001142
B1252255602575N00859192EA0000001149
B1252315602492N00859275EA0000001165
B1252365602455N00859191EA0000001170
B1252415602502N00859122EA0000001180
B1252465602581N00859187EA0000001189
B1252525602627N00859391EA0000001196
B1252575602587N00859547EA0000001204
B1253025602512N00859562EA0000001211
B1253085602502N00859440EA0000001222
B1253135602573N00859411EA0000001242
B1253185602641N00859528EA0000001254
B1253235602639N00859704EA0000001260
B1253285602574N00859787EA0000001268
B1253335602516N00859732EA0000001257
B1253385602502N00859586EA0000001238
B1253435602485N00859422EA0000001230
B1253485602437N00859255EA0000001210
B1253535602380N00859075EA0000001178
B1253585602337N00858872EA0000001195
B1254035602352N00858684EA0000001211
B1254095602413N00858502EA0000001215
B1254155602486N00858338EA0000001210
B1254205602547N00858208EA0000001208
B1254265602626N00858062EA0000001203
B1254315602706N00857961EA0000001200
B1254365602808N00857976EA0000001211
B1254415602878N00858132EA0000001211
B1254465602877N00858346EA0000001195
B1254515602810N00858545EA0000001163
B1254575602707N00858800EA0000001122
B1255025602614N00859032EA0000001097
B1255075602528N00859278EA0000001094
B1255135602454N00859598EA0000001087
B1255195602425N00859942EA0000001090
B1255255602414N00900257EA0000001116
B1255305602438N00900479EA0000001146
B1255355602502N00900615EA0000001192
B1255405602563N00900711EA0000001201
B1255485602662N00900912EA0000001188
B1255535602737N00901033EA0000001184
B1255595602821N00901225EA0000001149
B1256045602897N00901420EA0000001120
B1256095602969N00901659EA0000001069
B1256145603029N00901945EA0000001042
B1256215603111N00902360EA0000001014
B1256285603185N00902793EA0000000995
B1256335603228N00903097EA0000001010
B1256385603266N00903352EA0000001068
B1256445603369N00903439EA0000001095
B1256505603422N00903303EA0000001102
B1256565603444N00903143EA0000001106
B1257015603464N00903009EA0000001109
B1257085603486N00902814EA0000001094
B1257135603497N00902656EA0000001069
B1257185603504N00902470EA0000001057
B1257255603513N00902202EA0000001063
B1257305603524N00902012EA0000001067
B1257365603539N00901803EA0000001100
B1257415603546N00901651EA0000001115
B1257465603547N00901504EA0000001131
B1257525603539N00901375EA0000001182
B1257585603549N00901262EA0000001186
B1258035603623N00901291EA0000001196
B1258085603652N00901459EA0000001209
B1258135603594N00901588EA0000001213
B1258185603525N00901546EA0000001220
B1258235603545N00901446EA0000001229
B1258285603620N00901445EA0000001242
B1258335603663N00901598EA0000001256
B1258385603603N00901722EA0000001258
B1258435603543N00901669EA0000001265
B1258485603548N00901544EA0000001254
B1258545603576N00901384EA0000001267
B1259005603622N00901238EA0000001281
B1259055603660N00901112EA0000001260
B1259115603693N00900909EA0000001227
B1259165603724N00900721EA0000001217
B1259235603756N00900444EA0000001214
B1259305603760N00900173EA0000001244
B1259355603750N00859988EA0000001232
B1259435603718N00859686EA0000001233
B1259485603688N00859505EA0000001238
B1259535603650N00859338EA0000001236
B1259585603600N00859181EA0000001238
B1300055603524N00858969EA0000001237
B1300105603458N00858820EA0000001236
B1300155603381N00858687EA0000001252
B1300205603283N00858586EA0000001249
B1300255603192N00858449EA0000001221
B1300305603168N00858246EA0000001219
B1300365603168N00858018EA0000001242
B1300415603140N00857871EA0000001260
B1300465603049N00857943EA0000001248
B1300515603056N00858166EA0000001229
B1300565603110N00858383EA0000001199
B1301015603169N00858628EA0000001173
B1301065603243N00858873EA0000001165
B1301115603310N00859129EA0000001157
B1301175603379N00859446EA0000001162
B1301245603468N00859808EA0000001167
B1301305603545N00900121EA0000001149
B1301355603593N00900401EA0000001142
B1301405603614N00900693EA0000001130
B1301455603611N00900993EA0000001121
B1301515603599N00901359EA0000001097
B1301575603604N00901736EA0000001104
B1302035603613N00902108EA0000001117
B1302095603619N00902456EA0000001135
B1302145603630N00902745EA0000001161
B1302195603657N00903004EA0000001196
B1302245603687N00903236EA0000001236
B1302305603739N00903511EA0000001230
B1302355603780N00903766EA0000001226
B1302405603763N00904028EA0000001231
B1302475603695N00904384EA0000001223
B1302525603635N00904631EA0000001232
B1302595603554N00904995EA0000001207
B1303075603463N00905435EA0000001194
B1303125603429N00905721EA0000001215
B1303175603416N00905985EA0000001261
B1303235603391N00906271EA0000001269
B1303285603356N00906501EA0000001292
B1303345603310N00906752EA0000001320
B1303395603273N00906958EA0000001310
B1303445603252N00907197EA0000001277
B1303495603298N00907457EA0000001248
B1303545603369N00907720EA0000001223
B1304005603460N00908055EA0000001201
B1304055603535N00908339EA0000001192
B1304105603612N00908615EA0000001186
B1304165603695N00908950EA0000001184
B1304215603767N00909224EA0000001187
B1304275603849N00909554EA0000001189
B1304325603897N00909842EA0000001178
B1304375603942N00910135EA0000001163
B1304425603990N00910431EA0000001159
B1304485604064N00910774EA0000001150
B1304535604122N00911070EA0000001134
B1304585604164N00911378EA0000001123
B1305045604203N00911748EA0000001121
B1305095604227N00912053EA0000001120
B1305155604225N00912418EA0000001107
B1305205604237N00912720EA0000001104
B1305255604262N00913009EA0000001112
B1305305604258N00913295EA0000001102
B1305365604184N00913612EA0000001084
B1305425604100N00913928EA0000001071
B1305475604023N00914175EA0000001107
B1305525603978N00914383EA0000001178
B1306005603986N00914704EA0000001175
B1306075603985N00915035EA0000001104
B1306125603979N00915335EA0000001047
B1306225603977N00915981EA0000001016
B1306275603982N00916299EA0000001007
B1306325603988N00916614EA0000000994
B1306395603989N00917061EA0000000973
B1306445603959N00917370EA0000000971
B1306515603844N00917741EA0000000960
B1306565603743N00917979EA0000000951
B1307025603627N00918276EA0000000933
B1307075603547N00918552EA0000000926
B1307125603477N00918839EA0000000923
B1307175603410N00919126EA0000000913
B1307235603341N00919486EA0000000898
B1307285603317N00919803EA0000000896
B1307345603340N00920173EA0000000900
B1307405603421N00920493EA0000000938
B1307455603492N00920742EA0000000932
B1307505603555N00920976EA0000000974
B1307565603612N00921240EA0000001002
B1308015603649N00921452EA0000001025
B1308075603689N00921704EA0000001032
B1308155603766N00922059EA0000001022
B1308215603830N00922340EA0000001026
B1308265603877N00922583EA0000001030
B1308315603916N00922826EA0000001050
B1308385603966N00923142EA0000001086
B1308435604001N00923352EA0000001107
B1308515604042N00923678EA0000001133
B1308565604062N00923879EA0000001150
B1309015604084N00924077EA0000001159
B1309065604118N00924274EA0000001155
B1309125604176N00924516EA0000001147
B1309175604231N00924728EA0000001140
B1309225604294N00924947EA0000001126
B1309285604374N00925224EA0000001116
B1309335604442N00925453EA0000001131
B1309385604503N00925687EA0000001139
B1309435604557N00925906EA0000001168
B1309505604628N00926199EA0000001174
B1309565604683N00926458EA0000001167
B1310015604724N00926693EA0000001162
B1310075604773N00926982EA0000001144
B1310125604817N00927244EA0000001122
B1310195604873N00927631EA0000001113
B1310265604918N00928009EA0000001128
B1310315604934N00928270EA0000001120
B1310385604965N00928640EA0000001115
B1310445604991N00928950EA0000001121
B1310495605014N00929203EA0000001115
B1310545605043N00929455EA0000001113
B1310595605076N00929708EA0000001104
B1311045605111N00929971EA0000001090
B1311105605159N00930290EA0000001084
B1311165605213N00930603EA0000001095
B1311225605274N00930905EA0000001092
B1311275605324N00931154EA0000001109
B1311325605374N00931393EA0000001115
B1311385605433N00931691EA0000001090
B1311445605503N00931999EA0000001079
B1311495605592N00932204EA0000001112
B1311545605687N00932364EA0000001125
B1311595605722N00932585EA0000001124
B1312045605699N00932820EA0000001119
B1312115605645N00933143EA0000001107
B1312165605591N00933382EA0000001066
B1312215605522N00933640EA0000001039
B1312265605445N00933898EA0000001021
B1312315605359N00934155EA0000001004
B1312375605245N00934456EA0000000989
B1312425605139N00934699EA0000000975
B1312485605001N00934980EA0000000961
B1312535604879N00935206EA0000000948
B1312585604754N00935427EA0000000928
B1313055604574N00935735EA0000000905
B1313105604443N00935950EA0000000892
B1313185604237N00936298EA0000000867
B1313255604066N00936615EA0000000857
B1313325603898N00936930EA0000000837
B1313385603743N00937182EA0000000820
B1313455603539N00937409EA0000000809
B1313505603392N00937556EA0000000795
B1313565603213N00937723EA0000000777
B1314015603064N00937858EA0000000766
B1314085602863N00938061EA0000000755
B1314135602719N00938178EA0000000767
B1314185602602N00938232EA0000000829
B1314255602479N00938271EA0000000856
B1314305602399N00938291EA0000000866
B1314355602327N00938307EA0000000871
B1314425602238N00938450EA0000000868
B1314475602271N00938619EA0000000876
B1314525602341N00938600EA0000000870
B1314575602320N00938515EA0000000875
B1315025602253N00938602EA0000000874
B1315075602209N00938779EA0000000879
B1315125602175N00938977EA0000000868
B1315195602122N00939277EA0000000860
B1315245602084N00939508EA0000000837
B1315335602007N00939966EA0000000815
B1315385601960N00940226EA0000000804
B1315495601858N00940805EA0000000786
B1315555601803N00941118EA0000000777
B1316005601755N00941375EA0000000768
B1316065601697N00941687EA0000000749
B1316115601647N00941951EA0000000744
B1316165601595N00942197EA0000000774
B1316225601520N00942389EA0000000830
B1316285601449N00942363EA0000000845
B1316345601511N00942298EA0000000851
B1316405601599N00942428EA0000000862
B1316465601641N00942636EA0000000869
B1316525601650N00942842EA0000000876
B1316585601616N00943040EA0000000864
B1317035601590N00943221EA0000000844
B1317095601620N00943473EA0000000838
B1317155601700N00943649EA0000000860
B1317205601756N00943571EA0000000848
B1317255601720N00943486EA0000000849
B1317305601648N00943502EA0000000838
B1317355601575N00943582EA0000000844
B1317405601517N00943706EA0000000846
B1317455601568N00943847EA0000000845
B1317505601610N00943762EA0000000856
B1317555601541N00943769EA0000000859
B1318015601546N00943969EA0000000869
B1318065601620N00943967EA0000000875
B1318115601597N00943873EA0000000883
B1318165601526N00943947EA0000000892
B1318215601551N00944116EA0000000899
B1318295601613N00944027EA0000000910
B1318355601527N00944070EA0000000925
B1318405601537N00944247EA0000000929
B1318465601620N00944239EA0000000941
B1318525601568N00944158EA0000000953
B1318575601515N00944293EA0000000965
B1319025601570N00944434EA0000000965
B1319075601627N00944376EA0000000978
B1319135601565N00944317EA0000000987
B1319185601524N00944474EA0000001000
B1319235601589N00944594EA0000001008
B1319285601640N00944529EA0000001018
B1319335601597N00944460EA0000001022
B1319385601534N00944578EA0000001035
B1319435601581N00944738EA0000001040
B1319485601651N00944702EA0000001047
B1319545601604N00944613EA0000001058
B1320005601547N00944786EA0000001074
B1320055601612N00944911EA0000001082
B1320105601670N00944858EA0000001087
B1320165601628N00944765EA0000001093
B1320215601563N00944879EA0000001106
B1320275601621N00945056EA0000001112
B1320325601679N00944993EA0000001114
B1320385601623N00944922EA0000001127
B1320445601584N00945111EA0000001135
B1320495601664N00945180EA0000001137
B1320545601699N00945081EA0000001147
B1320595601665N00944994EA0000001153
B1321045601593N00945066EA0000001142
B1321095601616N00945246EA0000001147
B1321145601696N00945349EA0000001159
B1321225601834N00945493EA0000001167
B1321275601882N00945651EA0000001178
B1321345601893N00945920EA0000001181
B1321405601913N00946163EA0000001171
B1321475601925N00946464EA0000001173
B1321525601930N00946667EA0000001199
B1321575601944N00946859EA0000001206
B1322035602029N00946966EA0000001212
B1322085602043N00946867EA0000001224
B1322135601990N00946818EA0000001237
B1322185601923N00946906EA0000001231
B1322245601946N00947106EA0000001239
B1322295602022N00947103EA0000001244
B1322345602026N00947003EA0000001256
B1322405601945N00947026EA0000001257
B1322455601933N00947207EA0000001258
B1322505602006N00947307EA0000001270
B1322555602056N00947239EA0000001277
B1323005602010N00947176EA0000001282
B1323055601948N00947283EA0000001282
B1323105601961N00947462EA0000001287
B1323165602025N00947675EA0000001272
B1323215602077N00947876EA0000001269
B1323265602119N00948102EA0000001241
B1323325602181N00948397EA0000001215
B1323395602261N00948755EA0000001213
B1323445602325N00949001EA0000001210
B1323495602393N00949243EA0000001207
B1323545602469N00949477EA0000001205
B1324015602579N00949804EA0000001198
B1324075602673N00950089EA0000001194
B1324125602750N00950318EA0000001203
B1324185602825N00950591EA0000001200
B1324235602862N00950838EA0000001193
B1324285602868N00951092EA0000001183
B1324335602857N00951351EA0000001170
B1324385602844N00951617EA0000001161
B1324445602823N00951937EA0000001152
B1324495602778N00952185EA0000001148
B1324545602721N00952422EA0000001140
B1325015602636N00952753EA0000001134
B1325095602541N00953135EA0000001131
B1325185602439N00953577EA0000001117
B1325245602374N00953878EA0000001110
B1325305602311N00954183EA0000001106
B1325375602234N00954530EA0000001100
B1325435602164N00954829EA0000001098
B1325495602097N00955124EA0000001083
B1325555602027N00955429EA0000001072
B1326015601957N00955737EA0000001065
B1326105601854N00956201EA0000001053
B1326205601730N00956711EA0000001039
B1326255601668N00956968EA0000001036
B1326315601592N00957278EA0000001029
B1326415601459N00957794EA0000001017
B1326475601378N00958102EA0000001010
B1326525601310N00958358EA0000001009
B1327015601195N00958827EA0000001003
B1327105601073N00959278EA0000001003
B1327155601003N00959511EA0000001015
B1327205600913N00959653EA0000001063
B1327255600827N00959728EA0000001078
B1327325600742N00959950EA0000001068
B1327395600710N01000254EA0000001049
B1327495600706N01000729EA0000001036
B1327545600710N01000970EA0000001024
B1327595600677N01001205EA0000001011
B1328045600609N01001412EA0000001006
B1328095600525N01001598EA0000000995
B1328165600394N01001848EA0000000974
B1328215600297N01002011EA0000000987
B1328265600220N01002140EA0000001032
B1328325600188N01002330EA0000001034
B1328375600256N01002452EA0000001031
B1328435600290N01002345EA0000001024
B1328485600216N01002383EA0000001031
B1328535600211N01002559EA0000001039
B1328585600239N01002727EA0000001048
B1329045600280N01002925EA0000001043
B1329095600362N01002976EA0000001040
B1329155600371N01002863EA0000001039
B1329205600299N01002893EA0000001039
B1329265600270N01003088EA0000001043
B1329315600344N01003182EA0000001044
B1329375600401N01003097EA0000001049
B1329425600374N01003017EA0000001049
B1329475600303N01003050EA0000001049
B1329535600282N01003238EA0000001052
B1330005600360N01003449EA0000001064
B1330055600413N01003598EA0000001059
B1330105600458N01003780EA0000001035
B1330165600507N01004039EA0000000997
B1330225600558N01004323EA0000000987
B1330285600609N01004606EA0000000975
B1330355600660N01004919EA0000000992
B1330405600696N01005115EA0000001010
B1330455600722N01005300EA0000001014
B1330505600709N01005487EA0000001016
B1330565600723N01005718EA0000001014
B1331025600748N01005960EA0000000993
B1331075600774N01006187EA0000000978
B1331145600801N01006519EA0000000966
B1331195600827N01006762EA0000000960
B1331245600841N01007001EA0000000961
B1331305600848N01007296EA0000000953
B1331355600855N01007542EA0000000949
B1331425600859N01007866EA0000000958
B1331485600842N01008119EA0000000962
B1331535600817N01008310EA0000000963
B1331585600856N01008486EA0000000958
B1332035600943N01008541EA0000000948
B1332085601035N01008533EA0000000925
B1332145601167N01008518EA0000000885
B1332205601316N01008506EA0000000867
B1332255601431N01008449EA0000000858
B1332315601570N01008379EA0000000847
B1332405601795N01008343EA0000000836
B1332465601938N01008287EA0000000826
B1332515602045N01008205EA0000000815
B1333015602249N01008009EA0000000797
B1333065602348N01007901EA0000000784
B1333135602502N01007783EA0000000769
B1333205602672N01007734EA0000000758
B1333285602871N01007753EA0000000746
B1333365603070N01007845EA0000000729
B1333435603246N01007952EA0000000711
B1333495603401N01008035EA0000000689
B1333565603582N01008111EA0000000685
B1334045603781N01008163EA0000000676
B1334115603954N01008194EA0000000665
B1334165604072N01008215EA0000000681
B1334215604161N01008235EA0000000725
B1334265604173N01008151EA0000000725
B1334315604100N01008183EA0000000728
B1334365604092N01008360EA0000000734
B1334425604179N01008449EA0000000746
B1334475604237N01008413EA0000000743
B1334535604217N01008313EA0000000748
B1334585604145N01008377EA0000000749
B1335035604148N01008552EA0000000748
B1335095604217N01008721EA0000000761
B1335155604279N01008886EA0000000765
B1335205604339N01009007EA0000000762
B1335255604413N01008989EA0000000751
B1335315604399N01008869EA0000000744
B1335365604372N01008763EA0000000726
B1335415604348N01008642EA0000000743
B1335485604321N01008501EA0000000760
B1335535604307N01008405EA0000000752
B1335585604344N01008301EA0000000732
B1336055604459N01008192EA0000000702
B1336105604558N01008125EA0000000678
B1336165604686N01008051EA0000000669
B1336215604791N01007996EA0000000682
B1336265604886N01007952EA0000000700
B1336345605041N01007892EA0000000673
B1336405605168N01007856EA0000000662
B1336455605277N01007830EA0000000657
B1336515605408N01007795EA0000000660
B1336575605538N01007753EA0000000665
B1337045605685N01007687EA0000000653
B1337095605791N01007634EA0000000641
B1337175605958N01007533EA0000000621
B1337265606151N01007430EA0000000613
B1337325606285N01007415EA0000000629
B1337405606462N01007387EA0000000607
B1337455606576N01007374EA0000000600
B1337535606757N01007362EA0000000587
B1337585606870N01007364EA0000000583
B1338035606981N01007374EA0000000575
B1338095607116N01007379EA0000000559
B1338145607232N01007380EA0000000549
B1338205607373N01007390EA0000000539
B1338255607485N01007393EA0000000570
B1338325607615N01007396EA0000000581
B1338405607740N01007304EA0000000559
B1338465607810N01007180EA0000000546
B1338535607885N01007006EA0000000518
B1338585607944N01006869EA0000000507
B1339045608043N01006743EA0000000508
B1339155608263N01006621EA0000000500
B1339215608391N01006567EA0000000482
B1339285608546N01006510EA0000000464
B1339375608749N01006450EA0000000449
B1339425608861N01006414EA0000000440
B1339505609039N01006344EA0000000432
B1339565609168N01006283EA0000000446
B1340015609260N01006228EA0000000476
B1340065609307N01006150EA0000000494
B1340115609246N01006128EA0000000489
B1340165609205N01006287EA0000000498
B1340215609261N01006424EA0000000506
B1340265609318N01006370EA0000000516
B1340325609254N01006340EA0000000516
B1340375609225N01006506EA0000000521
B1340425609298N01006604EA0000000529
B1340485609336N01006509EA0000000541
B1340535609267N01006531EA0000000538
B1340585609249N01006707EA0000000553
B1341045609318N01006842EA0000000565
B1341095609372N01006780EA0000000567
B1341145609326N01006725EA0000000570
B1341205609283N01006909EA0000000576
B1341255609354N01006996EA0000000588
B1341325609392N01006885EA0000000595
B1341375609321N01006922EA0000000595
B1341425609315N01007101EA0000000607
B1341475609394N01007159EA0000000615
B1341525609409N01007063EA0000000622
B1341575609340N01007088EA0000000622
B1342035609318N01007303EA0000000642
B1342085609376N01007428EA0000000647
B1342135609444N01007400EA0000000654
B1342185609413N01007325EA0000000648
B1342245609362N01007494EA0000000655
B1342295609434N01007585EA0000000668
B1342355609505N01007504EA0000000672
B1342425609576N01007369EA0000000671
B1342505609657N01007177EA0000000627
B1342565609730N01006999EA0000000612
B1343025609810N01006823EA0000000610
B1343085609890N01006648EA0000000605
B1343135609941N01006494EA0000000634
B1343185609977N01006365EA0000000656
B1343235610033N01006288EA0000000669
B1343285610110N01006333EA0000000672
B1343335610122N01006506EA0000000671
B1343385610056N01006616EA0000000677
B1343455609994N01006513EA0000000680
B1343515609958N01006394EA0000000685
B1344005609882N01006248EA0000000687
B1344055609839N01006164EA0000000664
B1344105609790N01006041EA0000000630
B1344185609706N01005805EA0000000615
B1344235609656N01005660EA0000000635
B1344295609607N01005524EA0000000660
B1344365609551N01005372EA0000000643
B1344415609514N01005245EA0000000628
B1344485609471N01005049EA0000000603
B1344555609415N01004834EA0000000586
B1345005609376N01004680EA0000000582
B1345095609327N01004399EA0000000580
B1345175609291N01004158EA0000000590
B1345235609268N01003983EA0000000591
B1345285609249N01003847EA0000000606
B1345365609223N01003642EA0000000611
B1345455609201N01003419EA0000000611
B1345525609183N01003249EA0000000619
B1346015609161N01003028EA0000000606
B1346085609143N01002855EA0000000613
B1346145609132N01002721EA0000000626
B1346215609121N01002583EA0000000634
B1346265609121N01002492EA0000000652
B1346325609128N01002384EA0000000654
B1346405609141N01002243EA0000000662
B1346455609154N01002150EA0000000663
B1346525609178N01002037EA0000000682
B1346575609198N01001962EA0000000683
B1347045609226N01001856EA0000000683
B1347095609228N01001774EA0000000685
B1347155609223N01001678EA0000000690
B1347215609219N01001583EA0000000687
B1347285609203N01001465EA0000000694
B1347355609177N01001337EA0000000686
B1347415609148N01001220EA0000000678
B1347475609114N01001082EA0000000646
B1347525609079N01000946EA0000000633
B1347575609039N01000807EA0000000627
B1348035608991N01000638EA0000000622
B1348115608921N01000418EA0000000631
B1348165608879N01000290EA0000000646
B1348215608848N01000180EA0000000675
B1348295608815N01000031EA0000000693
B1348345608813N00959936EA0000000695
B1348395608884N00959952EA0000000685
B1348445608883N01000124EA0000000689
B1348495608808N01000203EA0000000698
B1348545608733N01000243EA0000000708
B1348595608686N01000188EA0000000710
B1349045608720N01000121EA0000000700
B1349105608783N01000041EA0000000688
B1349155608755N00959952EA0000000686
B1349205608697N01000072EA0000000677
B1349255608746N01000217EA0000000681
B1349315608839N01000230EA0000000695
B1349365608896N01000184EA0000000695
B1349415608861N01000107EA0000000691
B1349465608803N01000217EA0000000695
B1349525608862N01000373EA0000000709
B1349575608915N01000320EA0000000710
B1350025608938N01000215EA0000000708
B1350085608974N01000074EA0000000698
B1350165609025N00959871EA0000000676
B1350215609067N00959719EA0000000639
B1350295609133N00959432EA0000000609
B1350375609189N00959136EA0000000600
B1350425609219N00958955EA0000000596
B1350485609249N00958738EA0000000584
B1350565609278N00958446EA0000000571
B1351055609301N00958120EA0000000560
B1351145609314N00957798EA0000000551
B1351195609321N00957623EA0000000555
B1351245609328N00957452EA0000000551
B1351295609336N00957279EA0000000544
B1351415609339N00956930EA0000000574
B1351475609335N00956790EA0000000586
B1351535609325N00956671EA0000000606
B1351585609332N00956580EA0000000606
B1352035609384N00956512EA0000000601
B1352085609449N00956474EA0000000614
B1352135609510N00956583EA0000000616
B1352185609479N00956745EA0000000620
B1352235609402N00956762EA0000000625
B1352285609364N00956671EA0000000634
B1352335609398N00956593EA0000000646
B1352385609462N00956674EA0000000650
B1352435609453N00956851EA0000000655
B1352485609374N00956909EA0000000662
B1352535609347N00956814EA0000000668
B1352585609410N00956792EA0000000683
B1353045609477N00956944EA0000000690
B1353095609508N00957101EA0000000696
B1353145609458N00957242EA0000000688
B1353205609401N00957165EA0000000693
B1353255609453N00957093EA0000000704
B1353315609540N00957123EA0000000714
B1353365609540N00957300EA0000000715
B1353415609462N00957337EA0000000730
B1353465609431N00957244EA0000000743
B1353525609477N00957148EA0000000754
B1353575609552N00957168EA0000000757
B1354035609587N00957371EA0000000750
B1354085609511N00957438EA0000000752
B1354135609494N00957340EA0000000770
B1354215609599N00957236EA0000000761
B1354275609712N00957197EA0000000733
B1354325609821N00957158EA0000000718
B1354385609953N00957097EA0000000726
B1354455610114N00957023EA0000000711
B1354515610254N00956963EA0000000717
B1354565610367N00956907EA0000000708
B1355015610481N00956843EA0000000711
B1355065610570N00956745EA0000000725
B1355125610669N00956614EA0000000710
B1355175610765N00956519EA0000000694
B1355225610873N00956444EA0000000681
B1355285611008N00956371EA0000000668
B1355335611122N00956325EA0000000662
B1355395611260N00956266EA0000000631
B1355445611382N00956204EA0000000608
B1355495611504N00956133EA0000000597
B1355555611646N00956046EA0000000588
B1356015611773N00955981EA0000000636
B1356065611857N00955949EA0000000663
B1356115611922N00955914EA0000000675
B1356165611938N00955815EA0000000676
B1356215611865N00955797EA0000000676
B1356265611847N00955966EA0000000686
B1356315611920N00956041EA0000000696
B1356365611944N00955945EA0000000703
B1356415611869N00955930EA0000000706
B1356465611847N00956090EA0000000717
B1356515611915N00956182EA0000000724
B1356565611952N00956105EA0000000738
B1357015611895N00956051EA0000000744
B1357065611836N00956169EA0000000739
B1357115611876N00956322EA0000000757
B1357165611938N00956297EA0000000758
B1357215611902N00956209EA0000000769
B1357265611831N00956297EA0000000773
B1357315611852N00956467EA0000000786
B1357375611947N00956549EA0000000781
B1357445612083N00956574EA0000000777
B1357495612193N00956587EA0000000757
B1357555612337N00956603EA0000000738
B1358005612461N00956616EA0000000725
B1358085612659N00956637EA0000000724
B1358135612781N00956645EA0000000721
B1358225613002N00956675EA0000000712
B1358275613125N00956705EA0000000700
B1358325613250N00956729EA0000000689
B1358405613452N00956760EA0000000672
B1358475613627N00956764EA0000000666
B1358535613765N00956750EA0000000679
B1358585613865N00956737EA0000000692
B1359035613954N00956719EA0000000721
B1359085614023N00956701EA0000000750
B1359135614090N00956778EA0000000752
B1359185614137N00956925EA0000000757
B1359235614204N00956996EA0000000759
B1359285614271N00957071EA0000000762
B1359345614349N00957171EA0000000762
B1359405614414N00957333EA0000000750
B1359455614462N00957493EA0000000747
B1359515614526N00957677EA0000000747
B1359575614585N00957858EA0000000750
B1400035614620N00958061EA0000000751
B1400095614607N00958273EA0000000753
B1400145614573N00958431EA0000000757
B1400195614540N00958587EA0000000752
B1400255614587N00958762EA0000000743
B1400305614659N00958775EA0000000741
B1400355614678N00958688EA0000000730
B1400405614629N00958608EA0000000720
B1400455614561N00958553EA0000000724
B1400505614502N00958509EA0000000741
B1400575614423N00958450EA0000000736
B1401065614326N00958379EA0000000752
B1401115614273N00958343EA0000000757
B1401175614209N00958301EA0000000770
B1401225614151N00958278EA0000000775
B1401275614096N00958391EA0000000776
B1401325614153N00958534EA0000000784
B1401375614231N00958529EA0000000800
B1401425614234N00958436EA0000000807
B1401475614163N00958466EA0000000815
B1401525614163N00958644EA0000000827
B1401575614243N00958669EA0000000839
B1402025614276N00958579EA0000000858
B1402085614218N00958526EA0000000869
B1402135614167N00958656EA0000000864
B1402185614219N00958814EA0000000874
B1402235614294N00958800EA0000000888
B1402285614293N00958707EA0000000896
B1402335614221N00958734EA0000000905
B1402385614211N00958911EA0000000907
B1402435614294N00958986EA0000000912
B1402485614323N00958899EA0000000927
B1402535614257N00958895EA0000000934
B1402585614240N00959068EA0000000937
B1403045614341N00959174EA0000000950
B1403095614420N00959164EA0000000964
B1403145614439N00959071EA0000000967
B1403195614391N00959015EA0000000962
B1403245614316N00959084EA0000000960
B1403295614270N00959241EA0000000981
B1403345614256N00959412EA0000000985
B1403395614326N00959509EA0000000990
B1403445614354N00959423EA0000000994
B1403495614284N00959443EA0000001003
B1403545614278N00959616EA0000001014
B1404015614379N00959687EA0000001027
B1404075614406N00959585EA0000001037
B1404125614344N00959570EA0000001047
B1404175614300N00959708EA0000001056
B1404225614347N00959850EA0000001061
B1404275614414N00959821EA0000001069
B1404325614377N00959752EA0000001070
B1404375614324N00959888EA0000001075
B1404425614376N01000032EA0000001095
B1404475614445N01000010EA0000001098
B1404525614433N00959919EA0000001105
B1404575614362N00959972EA0000001112
B1405025614366N01000149EA0000001121
B1405075614444N01000196EA0000001134
B1405125614465N01000103EA0000001139
B1405175614400N01000105EA0000001143
B1405225614376N01000274EA0000001150
B1405275614447N01000376EA0000001166
B1405325614500N01000310EA0000001169
B1405375614458N01000245EA0000001170
B1405425614391N01000351EA0000001173
B1405475614363N01000531EA0000001183
B1405525614427N01000664EA0000001184
B1405575614518N01000709EA0000001182
B1406035614638N01000756EA0000001162
B1406085614752N01000805EA0000001131
B1406155614928N01000888EA0000001123
B1406245615150N01001004EA0000001121
B1406295615271N01001075EA0000001114
B1406345615395N01001149EA0000001104
B1406405615541N01001233EA0000001105
B1406455615661N01001303EA0000001091
B1406525615842N01001373EA0000001062
B1406575615970N01001405EA0000001069
B1407025616094N01001429EA0000001060
B1407085616240N01001441EA0000001056
B1407145616382N01001430EA0000001047
B1407215616547N01001385EA0000001030
B1407295616727N01001273EA0000001022
B1407365616878N01001154EA0000001005
B1407415616985N01001065EA0000000991
B1407475617111N01000949EA0000000974
B1407525617218N01000852EA0000000965
B1407585617314N01000701EA0000000979
B1408035617386N01000567EA0000000970
B1408085617474N01000453EA0000000957
B1408145617589N01000324EA0000000948
B1408195617685N01000220EA0000000950
B1408265617817N01000084EA0000000948
B1408315617917N00959992EA0000000933
B1408365618021N00959899EA0000000920
B1408415618129N00959805EA0000000912
B1408505618321N00959632EA0000000903
B1408565618445N00959510EA0000000899
B1409025618560N00959368EA0000000896
B1409085618664N00959208EA0000000891
B1409155618774N00959002EA0000000878
B1409225618882N00958784EA0000000872
B1409295618979N00958554EA0000000871
B1409375619078N00958292EA0000000890
B1409425619129N00958135EA0000000898
B1409475619170N00957987EA0000000923
B1409535619212N00957826EA0000000955
B1409585619246N00957727EA0000000980
B1410035619278N00957635EA0000000989
B1410115619318N00957479EA0000001009
B1410175619350N00957376EA0000001032
B1410225619370N00957290EA0000001036
B1410275619331N00957212EA0000001038
B1410325619265N00957305EA0000001048
B1410375619300N00957447EA0000001061
B1410445619395N00957423EA0000001077
B1410495619433N00957348EA0000001083
B1410545619398N00957273EA0000001083
B1410595619324N00957325EA0000001089
B1411045619269N00957451EA0000001113
B1411095619234N00957599EA0000001121
B1411145619262N00957756EA0000001125
B1411205619341N00957731EA0000001136
B1411255619301N00957648EA0000001150
B1411305619231N00957730EA0000001164
B1411365619243N00957928EA0000001178
B1411415619319N00957946EA0000001186
B1411465619312N00957840EA0000001200
B1411515619240N00957888EA0000001212
B1411565619233N00958056EA0000001229
B1412015619304N00958138EA0000001237
B1412065619348N00958054EA0000001248
B1412125619282N00957996EA0000001264
B1412175619240N00958137EA0000001272
B1412225619297N00958265EA0000001283
B1412275619361N00958217EA0000001292
B1412325619332N00958121EA0000001301
B1412375619262N00958185EA0000001311
B1412435619298N00958368EA0000001318
B1412485619374N00958348EA0000001330
B1412535619366N00958240EA0000001338
B1412585619293N00958224EA0000001348
B1413045619229N00958372EA0000001358
B1413095619281N00958513EA0000001360
B1413145619342N00958450EA0000001371
B1413215619263N00958385EA0000001384
B1413265619200N00958493EA0000001395
B1413325619240N00958674EA0000001401
B1413375619311N00958644EA0000001402
B1413425619278N00958546EA0000001408
B1413485619195N00958643EA0000001423
B1413535619227N00958799EA0000001424
B1413585619305N00958791EA0000001427
B1414045619270N00958681EA0000001433
B1414095619195N00958762EA0000001446
B1414145619205N00958925EA0000001458
B1414195619283N00958958EA0000001459
B1414245619302N00958854EA0000001460
B1414295619233N00958830EA0000001464
B1414345619194N00958975EA0000001472
B1414405619275N00959079EA0000001487
B1414455619307N00958984EA0000001489
B1414505619249N00958932EA0000001498
B1414565619179N00959076EA0000001505
B1415015619192N00959248EA0000001517
B1415065619268N00959323EA0000001528
B1415125619352N00959245EA0000001512
B1415185619447N00959109EA0000001483
B1415235619535N00958979EA0000001474
B1415285619620N00958834EA0000001460
B1415345619721N00958652EA0000001445
B1415415619830N00958437EA0000001447
B1415475619933N00958281EA0000001446
B1415525620025N00958164EA0000001438
B1415595620164N00958018EA0000001423
B1416055620293N00957921EA0000001417
B1416115620422N00957828EA0000001408
B1416175620556N00957731EA0000001390
B1416235620692N00957625EA0000001382
B1416295620827N00957514EA0000001370
B1416345620939N00957406EA0000001364
B1416395621046N00957291EA0000001368
B1416445621148N00957171EA0000001366
B1416495621257N00957071EA0000001363
B1416545621379N00957022EA0000001359
B1417005621526N00956980EA0000001351
B1417065621675N00956935EA0000001335
B1417115621803N00956895EA0000001332
B1417165621928N00956848EA0000001334
B1417215622042N00956773EA0000001325
B1417285622204N00956658EA0000001302
B1417335622321N00956569EA0000001294
B1417395622463N00956466EA0000001287
B1417455622603N00956367EA0000001282
B1417525622758N00956245EA0000001276
B1417585622883N00956130EA0000001269
B1418045622989N00955989EA0000001277
B1418095623040N00955850EA0000001307
B1418145623067N00955721EA0000001320
B1418215623109N00955539EA0000001311
B1418265623169N00955426EA0000001300
B1418315623245N00955307EA0000001271
B1418365623332N00955179EA0000001253
B1418425623448N00955029EA0000001236
B1418495623622N00954965EA0000001227
B1418545623752N00955024EA0000001219
B1419005623908N00955123EA0000001201
B1419055624038N00955206EA0000001189
B1419145624277N00955357EA0000001167
B1419205624440N00955449EA0000001156
B1419255624575N00955522EA0000001155
B1419325624758N00955622EA0000001167
B1419375624878N00955639EA0000001183
B1419425624956N00955560EA0000001227
B1419475625001N00955464EA0000001245
B1419525625050N00955386EA0000001256
B1419575625116N00955344EA0000001262
B1420025625200N00955369EA0000001242
B1420085625323N00955388EA0000001207
B1420135625437N00955370EA0000001179
B1420205625603N00955314EA0000001154
B1420255625725N00955265EA0000001133
B1420305625847N00955209EA0000001117
B1420355625969N00955149EA0000001105
B1420415626117N00955080EA0000001093
B1420495626322N00954993EA0000001078
B1420545626449N00954932EA0000001077
B1420595626571N00954864EA0000001076
B1421075626767N00954754EA0000001067
B1421125626890N00954693EA0000001064
B1421205627087N00954604EA0000001053
B1421265627233N00954543EA0000001049
B1421325627379N00954486EA0000001035
B1421395627547N00954421EA0000001028
B1421445627666N00954380EA0000001021
B1421495627785N00954334EA0000001014
B1421555627925N00954276EA0000001012
B1422015628061N00954219EA0000001011
B1422065628174N00954174EA0000001010
B1422125628303N00954106EA0000001006
B1422205628471N00954004EA0000000997
B1422265628597N00953921EA0000000990
B1422325628719N00953831EA0000000983
B1422395628857N00953722EA0000000999
B1422445628950N00953648EA0000000989
B1422505629068N00953559EA0000000975
B1422555629169N00953489EA0000000991
B1423005629258N00953449EA0000001029
B1423055629340N00953480EA0000001046
B1423105629407N00953593EA0000001045
B1423155629439N00953761EA0000001054
B1423245629451N00954072EA0000001046
B1423305629500N00954260EA0000001039
B1423375629605N00954374EA0000001032
B1423425629687N00954407EA0000001024
B1423495629812N00954423EA0000000998
B1423555629933N00954432EA0000000980
B1424025630070N00954410EA0000000977
B1424095630203N00954345EA0000000962
B1424175630378N00954317EA0000000951
B1424245630537N00954319EA0000000946
B1424345630768N00954325EA0000000927
B1424415630931N00954395EA0000000918
B1424515631162N00954518EA0000000902
B1424575631301N00954566EA0000000894
B1425045631462N00954575EA0000000882
B1425125631641N00954556EA0000000879
B1425175631752N00954521EA0000000871
B1425235631882N00954470EA0000000886
B1425285631985N00954439EA0000000889
B1425335632087N00954456EA0000000897
B1425405632207N00954640EA0000000897
B1425485632324N00954903EA0000000894
B1425535632400N00955059EA0000000891
B1426005632509N00955256EA0000000880
B1426075632639N00955426EA0000000847
B1426135632766N00955570EA0000000820
B1426205632926N00955713EA0000000805
B1426255633042N00955822EA0000000797
B1426305633154N00955951EA0000000790
B1426355633265N00956092EA0000000782
B1426415633397N00956266EA0000000774
B1426495633569N00956503EA0000000770
B1426595633778N00956809EA0000000753
B1427055633902N00956993EA0000000745
B1427115634025N00957178EA0000000735
B1427185634167N00957396EA0000000734
B1427245634288N00957565EA0000000722
B1427305634410N00957730EA0000000706
B1427385634572N00957963EA0000000688
B1427465634728N00958211EA0000000668
B1427535634864N00958437EA0000000658
B1427585634959N00958597EA0000000650
B1428045635074N00958791EA0000000643
B1428115635198N00959021EA0000000630
B1428165635283N00959201EA0000000625
B1428215635364N00959374EA0000000639
B1428265635431N00959522EA0000000676
B1428315635478N00959659EA0000000697
B1428405635559N00959900EA0000000694
B1428495635639N01000132EA0000000711
B1428545635701N01000198EA0000000710
B1428595635717N01000110EA0000000715
B1429055635630N01000117EA0000000708
B1429105635584N01000278EA0000000725
B1429155635582N01000439EA0000000736
B1429205635637N01000535EA0000000737
B1429255635681N01000483EA0000000739
B1429305635637N01000402EA0000000739
B1429355635555N01000479EA0000000742
B1429405635554N01000645EA0000000747
B1429455635620N01000683EA0000000753
B1429505635629N01000584EA0000000755
B1429555635550N01000573EA0000000758
B1430005635506N01000722EA0000000766
B1430055635551N01000846EA0000000771
B1430105635608N01000803EA0000000775
B1430175635537N01000719EA0000000779
B1430225635480N01000851EA0000000789
B1430295635531N01001048EA0000000799
B1430345635590N01001141EA0000000805
B1430405635637N01001064EA0000000796
B1430455635569N01001022EA0000000802
B1430515635489N01001176EA0000000814
B1430565635500N01001333EA0000000813
B1431015635565N01001316EA0000000819
B1431065635531N01001225EA0000000823
B1431115635452N01001274EA0000000828
B1431165635430N01001433EA0000000834
B1431215635491N01001513EA0000000841
B1431265635528N01001439EA0000000844
B1431315635483N01001360EA0000000845
B1431365635407N01001419EA0000000850
B1431425635379N01001609EA0000000853
B1431475635380N01001771EA0000000854
B1431525635419N01001908EA0000000846
B1431575635478N01001876EA0000000847
B1432035635412N01001807EA0000000854
B1432085635354N01001945EA0000000862
B1432135635397N01002080EA0000000864
B1432185635458N01002055EA0000000867
B1432245635420N01001950EA0000000875
B1432295635341N01002014EA0000000880
B1432345635335N01002180EA0000000875
B1432405635410N01002182EA0000000870
B1432455635394N01002073EA0000000884
B1432525635301N01002038EA0000000889
B1432575635247N01002175EA0000000889
B1433025635261N01002339EA0000000890
B1433075635303N01002480EA0000000893
B1433125635354N01002607EA0000000902
B1433175635422N01002614EA0000000900
B1433225635421N01002511EA0000000899
B1433295635317N01002472EA0000000908
B1433345635235N01002524EA0000000912
B1433395635172N01002652EA0000000909
B1433445635164N01002833EA0000000911
B1433495635212N01002977EA0000000923
B1433555635260N01002884EA0000000939
B1434015635174N01002908EA0000000945
B1434075635145N01003122EA0000000959
B1434125635216N01003210EA0000000974
B1434175635243N01003109EA0000000988
B1434225635173N01003096EA0000000999
B1434275635127N01003253EA0000001006
B1434325635179N01003393EA0000001029
B1434375635234N01003327EA0000001045
B1434425635189N01003256EA0000001062
B1434485635111N01003375EA0000001069
B1434535635148N01003529EA0000001093
B1434585635217N01003505EA0000001103
B1435045635188N01003391EA0000001118
B1435105635110N01003503EA0000001123
B1435155635147N01003661EA0000001141
B1435215635226N01003629EA0000001160
B1435265635200N01003536EA0000001175
B1435315635128N01003605EA0000001169
B1435365635128N01003792EA0000001189
B1435415635184N01003925EA0000001204
B1435465635263N01003945EA0000001210
B1435525635291N01003827EA0000001209
B1435575635214N01003850EA0000001215
B1436025635218N01004024EA0000001232
B1436095635314N01003998EA0000001253
B1436155635254N01003921EA0000001255
B1436215635213N01004103EA0000001271
B1436265635294N01004180EA0000001285
B1436325635352N01004067EA0000001284
B1436395635407N01003842EA0000001213
B1436455635434N01003566EA0000001178
B1436525635457N01003238EA0000001165
B1437005635481N01002869EA0000001147
B1437055635491N01002637EA0000001135
B1437165635499N01002127EA0000001112
B1437225635489N01001869EA0000001148
B1437275635479N01001698EA0000001179
B1437335635470N01001535EA0000001217
B1437385635462N01001421EA0000001223
B1437445635456N01001269EA0000001202
B1437495635470N01001102EA0000001157
B1437545635507N01000904EA0000001127
B1438005635567N01000661EA0000001112
B1438075635640N01000380EA0000001097
B1438125635695N01000181EA0000001083
B1438215635798N00959823EA0000001058
B1438285635873N00959538EA0000001045
B1438335635920N00959334EA0000001035
B1438395635975N00959091EA0000001026
B1438455636028N00958850EA0000001011
B1438525636089N00958574EA0000001005
B1439005636128N00958254EA0000000997
B1439065636167N00958013EA0000000983
B1439125636212N00957770EA0000000969
B1439175636252N00957564EA0000000954
B1439235636295N00957313EA0000000954
B1439285636330N00957106EA0000000953
B1439365636386N00956782EA0000000950
B1439415636438N00956593EA0000000942
B1439465636526N00956443EA0000000943
B1439525636646N00956296EA0000000943
B1439585636763N00956148EA0000000935
B1440055636892N00955952EA0000000928
B1440125636992N00955712EA0000000930
B1440185637032N00955497EA0000000964
B1440245637058N00955298EA0000000983
B1440295637094N00955147EA0000000985
B1440345637153N00955008EA0000000985
B1440405637237N00954841EA0000000967
B1440455637316N00954678EA0000000954
B1440505637393N00954508EA0000000954
B1440565637479N00954292EA0000000948
B1441015637536N00954101EA0000000963
B1441075637591N00953874EA0000000960
B1441145637650N00953599EA0000000935
B1441195637696N00953396EA0000000919
B1441295637777N00952983EA0000000897
B1441355637822N00952729EA0000000887
B1441425637857N00952428EA0000000877
B1441505637899N00952104EA0000000884
B1441555637952N00951932EA0000000887
B1442015638066N00951819EA0000000893
B1442065638163N00951761EA0000000923
B1442115638250N00951718EA0000000937
B1442165638326N00951680EA0000000964
B1442215638398N00951635EA0000000956
B1442285638490N00951538EA0000000964
B1442335638546N00951457EA0000000962
B1442385638599N00951360EA0000000939
B1442435638649N00951224EA0000000905
B1442505638690N00950983EA0000000890
B1442585638703N00950693EA0000000878
B1443075638700N00950348EA0000000869
B1443145638691N00950078EA0000000864
B1443195638683N00949891EA0000000884
B1443255638659N00949682EA0000000884
B1443305638630N00949508EA0000000878
B1443365638608N00949289EA0000000863
B1443435638604N00949024EA0000000847
B1443525638629N00948686EA0000000838
B1443585638650N00948466EA0000000836
B1444065638676N00948176EA0000000834
B1444115638694N00948001EA0000000829
B1444165638706N00947823EA0000000821
B1444235638693N00947575EA0000000821
B1444375638567N00947152EA0000000823
B1444455638504N00946909EA0000000813
B1444515638508N00946706EA0000000800
B1444565638535N00946537EA0000000790
B1445045638583N00946263EA0000000766
B1445105638620N00946050EA0000000751
B1445195638673N00945731EA0000000743
B1445265638710N00945493EA0000000739
B1445315638734N00945328EA0000000734
B1445385638766N00945095EA0000000722
B1445445638795N00944891EA0000000710
B1445505638825N00944684EA0000000701
B1445565638859N00944476EA0000000691
B1446075638927N00944100EA0000000675
B1446165638965N00943783EA0000000667
B1446235638987N00943534EA0000000660
B1446305639034N00943296EA0000000659
B1446355639072N00943132EA0000000659
B1446415639115N00942935EA0000000657
B1446485639162N00942701EA0000000669
B1446535639191N00942548EA0000000700
B1446595639228N00942393EA0000000715
B1447055639264N00942238EA0000000714
B1447105639294N00942099EA0000000702
B1447155639328N00941947EA0000000680
B1447205639369N00941775EA0000000660
B1447285639440N00941485EA0000000655
B1447355639508N00941238EA0000000674
B1447415639555N00941070EA0000000721
B1447465639591N00940948EA0000000729
B1447525639635N00940814EA0000000739
B1447575639669N00940706EA0000000749
B1448035639708N00940585EA0000000760
B1448095639751N00940471EA0000000774
B1448165639797N00940347EA0000000789
B1448245639854N00940184EA0000000756
B1448295639900N00940044EA0000000738
B1448385639996N00939801EA0000000733
B1448455640069N00939645EA0000000756
B1448505640089N00939545EA0000000763
B1448565640003N00939522EA0000000746
B1449025639951N00939730EA0000000733
B1449105639900N00940043EA0000000712
B1449155639863N00940247EA0000000701
B1449215639819N00940475EA0000000716
B1449285639776N00940713EA0000000728
B1449335639742N00940874EA0000000721
B1449395639678N00941051EA0000000722
B1449445639609N00941154EA0000000725
B1449495639542N00941118EA0000000731
B1449545639555N00941018EA0000000740
B1450005639643N00941053EA0000000753
B1450055639688N00941206EA0000000761
B1450105639679N00941380EA0000000764
B1450165639594N00941487EA0000000766
B1450215639528N00941435EA0000000770
B1450265639543N00941344EA0000000779
B1450325639629N00941398EA0000000784
B1450375639630N00941577EA0000000784
B1450425639556N00941670EA0000000789
B1450485639489N00941595EA0000000800
B1450535639511N00941496EA0000000804
B1450585639587N00941505EA0000000817
B1451045639620N00941695EA0000000820
B1451125639558N00941965EA0000000835
B1451175639519N00942122EA0000000844
B1451225639460N00942246EA0000000847
B1451275639391N00942207EA0000000849
B1451325639416N00942112EA0000000863
B1451375639488N00942157EA0000000870
B1451425639532N00942310EA0000000876
B1451475639550N00942477EA0000000882
B1451525639480N00942577EA0000000881
B1451585639465N00942463EA0000000878
B1452035639547N00942474EA0000000894
B1452085639592N00942611EA0000000900
B1452135639585N00942789EA0000000913
B1452185639554N00942943EA0000000917
B1452245639474N00942937EA0000000917
B1452295639456N00942828EA0000000936
B1452345639476N00942737EA0000000943
B1452405639554N00942821EA0000000941
B1452455639546N00942994EA0000000947
B1452505639484N00943117EA0000000955
B1452565639417N00943057EA0000000960
B1453015639471N00942997EA0000000970
B1453065639534N00943114EA0000000982
B1453125639492N00943289EA0000000982
B1453175639434N00943224EA0000000990
B1453225639483N00943158EA0000001007
B1453285639544N00943312EA0000001015
B1453335639494N00943456EA0000001020
B1453385639424N00943416EA0000001025
B1453445639451N00943308EA0000001041
B1453495639517N00943408EA0000001051
B1453545639495N00943580EA0000001061
B1454005639406N00943597EA0000001071
B1454055639396N00943496EA0000001078
B1454105639451N00943433EA0000001094
B1454165639531N00943521EA0000001095
B1454215639572N00943678EA0000001106
B1454265639602N00943840EA0000001115
B1454325639554N00944015EA0000001108
B1454375639490N00943976EA0000001114
B1454435639523N00943852EA0000001128
B1454485639599N00943851EA0000001131
B1454535639634N00944010EA0000001135
B1454585639567N00944109EA0000001137
B1455035639520N00944033EA0000001142
B1455085639563N00943951EA0000001149
B1455135639641N00944009EA0000001159
B1455185639681N00944165EA0000001158
B1455255639702N00944404EA0000001168
B1455305639695N00944577EA0000001169
B1455365639629N00944727EA0000001167
B1455425639564N00944657EA0000001165
B1455475639612N00944580EA0000001168
B1455525639697N00944613EA0000001175
B1455575639769N00944710EA0000001176
B1456035639791N00944932EA0000001161
B1456095639780N00945194EA0000001134
B1456145639761N00945426EA0000001131
B1456235639714N00945841EA0000001116
B1456285639676N00946069EA0000001108
B1456345639609N00946332EA0000001097
B1456395639531N00946532EA0000001083
B1456455639424N00946772EA0000001065
B1456535639280N00947103EA0000001053
B1457015639131N00947432EA0000001032
B1457075639013N00947664EA0000001043
B1457125638911N00947832EA0000001035
B1457175638801N00947981EA0000001027
B1457265638603N00948250EA0000001014
B1457325638481N00948434EA0000001024
B1457385638378N00948641EA0000001020
B1457445638285N00948874EA0000001004
B1457515638189N00949184EA0000000979
B1457565638108N00949394EA0000000979
B1458015638011N00949536EA0000000998
B1458065637915N00949674EA0000000982
B1458115637826N00949850EA0000000983
B1458165637744N00950015EA0000001006
B1458235637644N00950232EA0000001025
B1458325637527N00950508EA0000001035
B1458395637474N00950767EA0000001031
B1458455637448N00951014EA0000001013
B1458515637444N00951290EA0000000987
B1458575637453N00951580EA0000000980
B1459025637460N00951823EA0000000979
B1459095637464N00952133EA0000001013
B1459145637455N00952315EA0000001031
B1459205637444N00952513EA0000001032
B1459255637450N00952680EA0000001026
B1459315637504N00952856EA0000001026
B1459365637555N00952978EA0000001039
B1459415637566N00953133EA0000001037
B1459465637493N00953191EA0000001042
B1459525637499N00953078EA0000001058
B1459585637585N00953159EA0000001068
B1500035637579N00953322EA0000001075
B1500085637505N00953346EA0000001082
B1500135637513N00953238EA0000001096
B1500185637585N00953300EA0000001103
B1500245637549N00953473EA0000001123
B1500295637486N00953438EA0000001134
B1500345637506N00953336EA0000001151
B1500405637590N00953396EA0000001158
B1500455637579N00953559EA0000001161
B1500505637506N00953613EA0000001177
B1500565637513N00953498EA0000001177
B1501015637579N00953606EA0000001184
B1501065637530N00953747EA0000001198
B1501125637469N00953667EA0000001214
B1501175637531N00953619EA0000001225
B1501235637570N00953803EA0000001235
B1501285637502N00953876EA0000001244
B1501335637486N00953768EA0000001253
B1501385637562N00953759EA0000001266
B1501445637587N00953946EA0000001276
B1501495637519N00954017EA0000001282
B1501555637490N00953904EA0000001291
B1502005637563N00953878EA0000001302
B1502065637602N00954060EA0000001304
B1502115637534N00954145EA0000001311
B1502165637493N00954059EA0000001318
B1502215637551N00953993EA0000001326
B1502265637609N00954124EA0000001324
B1502325637539N00954253EA0000001331
B1502375637477N00954203EA0000001346
B1502425637499N00954108EA0000001346
B1502485637584N00954205EA0000001343
B1502535637563N00954367EA0000001346
B1502585637489N00954430EA0000001356
B1503045637426N00954358EA0000001363
B1503095637470N00954276EA0000001369
B1503145637545N00954361EA0000001367
B1503205637522N00954555EA0000001376
B1503255637448N00954557EA0000001383
B1503305637430N00954458EA0000001394
B1503365637506N00954411EA0000001393
B1503415637579N00954514EA0000001394
B1503485637647N00954726EA0000001395
B1503535637648N00954903EA0000001392
B1503585637603N00955046EA0000001394
B1504035637529N00955099EA0000001397
B1504085637461N00955056EA0000001387
B1504135637390N00954986EA0000001389
B1504185637321N00954920EA0000001401
B1504245637331N00954802EA0000001414
B1504295637407N00954865EA0000001401
B1504365637422N00955119EA0000001411
B1504425637344N00955241EA0000001408
B1504485637257N00955191EA0000001411
B1504575637127N00955110EA0000001396
B1505045637001N00955044EA0000001378
B1505115636852N00954987EA0000001360
B1505185636689N00954967EA0000001352
B1505235636567N00954990EA0000001346
B1505305636397N00955043EA0000001340
B1505385636211N00955113EA0000001343
B1505445636075N00955156EA0000001333
B1505505635939N00955148EA0000001325
B1505555635828N00955133EA0000001322
B1506005635718N00955116EA0000001323
B1506065635587N00955093EA0000001321
B1506125635457N00955070EA0000001317
B1506175635349N00955057EA0000001312
B1506225635239N00955046EA0000001303
B1506285635106N00955030EA0000001293
B1506335634995N00955020EA0000001283
B1506415634813N00955022EA0000001268
B1506485634655N00955012EA0000001253
B1506565634471N00954974EA0000001246
B1507035634313N00954937EA0000001247
B1507135634089N00954895EA0000001246
B1507245633840N00954842EA0000001233
B1507295633727N00954820EA0000001226
B1507355633593N00954791EA0000001216
B1507445633400N00954745EA0000001198
B1507505633273N00954714EA0000001191
B1507575633124N00954680EA0000001181
B1508025633015N00954660EA0000001172
B1508085632883N00954619EA0000001169
B1508145632750N00954580EA0000001170
B1508205632618N00954540EA0000001168
B1508255632508N00954506EA0000001160
B1508315632373N00954474EA0000001144
B1508405632173N00954412EA0000001125
B1508475632020N00954346EA0000001125
B1508525631907N00954310EA0000001131
B1508585631766N00954307EA0000001122
B1509035631644N00954327EA0000001111
B1509105631474N00954375EA0000001103
B1509155631353N00954422EA0000001099
B1509205631235N00954472EA0000001102
B1509265631093N00954537EA0000001096
B1509315630974N00954595EA0000001094
B1509395630785N00954680EA0000001085
B1509455630643N00954745EA0000001076
B1509505630526N00954800EA0000001072
B1509555630410N00954857EA0000001068
B1510025630251N00954929EA0000001061
B1510085630113N00954989EA0000001053
B1510165629928N00955081EA0000001041
B1510215629813N00955138EA0000001029
B1510275629673N00955207EA0000001019
B1510325629555N00955274EA0000001018
B1510405629368N00955366EA0000001018
B1510455629252N00955421EA0000001011
B1510505629138N00955506EA0000001003
B1510585628958N00955670EA0000000992
B1511055628801N00955817EA0000000988
B1511145628595N00956013EA0000000986
B1511225628410N00956183EA0000000986
B1511315628198N00956358EA0000000976
B1511385628031N00956496EA0000000961
B1511455627859N00956625EA0000000956
B1511515627711N00956726EA0000000950
B1511565627588N00956813EA0000000942
B1512015627462N00956858EA0000000932
B1512065627340N00956856EA0000000929
B1512115627223N00956847EA0000000924
B1512165627105N00956835EA0000000910
B1512225626959N00956814EA0000000894
B1512295626789N00956788EA0000000889
B1512355626646N00956762EA0000000885
B1512405626526N00956750EA0000000877
B1512455626404N00956743EA0000000865
B1512505626284N00956711EA0000000860
B1512565626155N00956634EA0000000857
B1513045625981N00956539EA0000000830
B1513125625807N00956435EA0000000811
B1513175625706N00956345EA0000000805
B1513235625599N00956209EA0000000806
B1513295625502N00956066EA0000000803
B1513355625388N00955959EA0000000802
B1513445625188N00955901EA0000000798
B1513515625024N00955923EA0000000807
B1513565624907N00955952EA0000000803
B1514015624790N00956006EA0000000791
B1514065624671N00956063EA0000000783
B1514125624528N00956139EA0000000778
B1514185624387N00956216EA0000000778
B1514235624271N00956274EA0000000771
B1514305624104N00956344EA0000000756
B1514385623912N00956416EA0000000734
B1514445623767N00956463EA0000000718
B1514495623647N00956497EA0000000713
B1514545623535N00956525EA0000000736
B1514595623444N00956546EA0000000768
B1515045623362N00956589EA0000000777
B1515095623364N00956753EA0000000771
B1515145623415N00956703EA0000000785
B1515205623326N00956696EA0000000814
B1515255623315N00956857EA0000000829
B1515315623385N00956860EA0000000840
B1515365623341N00956789EA0000000851
B1515415623277N00956903EA0000000866
B1515465623327N00957017EA0000000874
B1515515623359N00956941EA0000000886
B1515565623288N00956907EA0000000901
B1516015623252N00957056EA0000000914
B1516065623315N00957114EA0000000925
B1516115623308N00957020EA0000000934
B1516165623237N00957090EA0000000943
B1516215623272N00957233EA0000000957
B1516295623296N00957131EA0000000972
B1516345623230N00957208EA0000000978
B1516405623272N00957372EA0000000991
B1516455623322N00957316EA0000000994
B1516505623273N00957252EA0000000999
B1516565623223N00957414EA0000001009
B1517025623279N00957578EA0000001024
B1517075623348N00957611EA0000001027
B1517135623355N00957504EA0000001035
B1517185623282N00957547EA0000001050
B1517235623298N00957707EA0000001060
B1517285623369N00957724EA0000001074
B1517335623411N00957658EA0000001085
B1517385623372N00957581EA0000001089
B1517445623306N00957713EA0000001098
B1517495623366N00957826EA0000001113
B1517545623398N00957742EA0000001124
B1518005623315N00957748EA0000001137
B1518055623315N00957915EA0000001148
B1518105623390N00957951EA0000001162
B1518155623391N00957850EA0000001172
B1518205623317N00957874EA0000001180
B1518255623312N00958045EA0000001190
B1518305623389N00958086EA0000001200
B1518355623388N00957983EA0000001207
B1518405623313N00958019EA0000001218
B1518455623314N00958193EA0000001228
B1518505623390N00958236EA0000001236
B1518565623387N00958116EA0000001247
B1519015623314N00958161EA0000001253
B1519065623319N00958335EA0000001256
B1519125623413N00958369EA0000001272
B1519175623415N00958267EA0000001278
B1519225623342N00958281EA0000001277
B1519275623326N00958451EA0000001290
B1519325623383N00958587EA0000001304
B1519375623459N00958652EA0000001311
B1519425623501N00958575EA0000001312
B1519485623467N00958453EA0000001310
B1519535623412N00958377EA0000001308
B1520015623293N00958281EA0000001292
B1520065623186N00958251EA0000001256
B1520135623008N00958182EA0000001214
B1520185622872N00958134EA0000001200
B1520245622707N00958076EA0000001180
B1520295622567N00958029EA0000001174
B1520345622428N00957988EA0000001167
B1520405622260N00957947EA0000001154
B1520465622092N00957901EA0000001141
B1520525621926N00957860EA0000001130
B1520575621789N00957825EA0000001123
B1521075621515N00957755EA0000001108
B1521125621379N00957725EA0000001101
B1521185621218N00957694EA0000001101
B1521235621090N00957675EA0000001104
B1521295620940N00957648EA0000001096
B1521345620814N00957630EA0000001086
B1521395620685N00957621EA0000001074
B1521445620557N00957618EA0000001098
B1521495620458N00957569EA0000001113
B1521545620389N00957462EA0000001105
B1521595620318N00957338EA0000001072
B1522055620226N00957160EA0000001053
B1522105620147N00957010EA0000001062
B1522155620079N00956876EA0000001091
B1522205620020N00956755EA0000001098
B1522255619968N00956633EA0000001097
B1522315619920N00956495EA0000001130
B1522375619891N00956385EA0000001148
B1522445619859N00956253EA0000001154
B1522505619828N00956140EA0000001168
B1522555619765N00956100EA0000001163
B1523005619707N00956227EA0000001171
B1523075619743N00956431EA0000001188
B1523125619809N00956493EA0000001189
B1523175619835N00956396EA0000001193
B1523225619759N00956396EA0000001193
B1523275619716N00956552EA0000001209
B1523325619742N00956703EA0000001211
B1523375619811N00956689EA0000001214
B1523425619767N00956607EA0000001223
B1523475619698N00956705EA0000001234
B1523525619721N00956860EA0000001236
B1523575619782N00956818EA0000001240
B1524025619731N00956746EA0000001251
B1524075619677N00956880EA0000001261
B1524125619733N00956992EA0000001265
B1524175619772N00956905EA0000001269
B1524225619700N00956873EA0000001274
B1524275619666N00957032EA0000001286
B1524325619733N00957109EA0000001290
B1524375619762N00957010EA0000001295
B1524425619688N00956981EA0000001299
B1524475619649N00957135EA0000001312
B1524525619712N00957238EA0000001318
B1524575619761N00957167EA0000001322
B1525025619715N00957085EA0000001332
B1525075619643N00957172EA0000001342
B1525125619664N00957340EA0000001347
B1525175619737N00957362EA0000001353
B1525225619745N00957257EA0000001356
B1525275619669N00957255EA0000001368
B1525325619639N00957412EA0000001373
B1525375619692N00957548EA0000001384
B1525425619764N00957567EA0000001387
B1525475619786N00957463EA0000001391
B1525525619717N00957440EA0000001399
B1525575619683N00957599EA0000001408
B1526025619747N00957695EA0000001416
B1526075619796N00957617EA0000001417
B1526135619731N00957546EA0000001435
B1526185619676N00957666EA0000001441
B1526235619711N00957818EA0000001444
B1526285619783N00957805EA0000001447
B1526335619774N00957701EA0000001456
B1526385619701N00957717EA0000001465
B1526435619671N00957873EA0000001469
B1526485619729N00957989EA0000001473
B1526535619789N00957932EA0000001474
B1526585619754N00957843EA0000001483
B1527045619648N00957839EA0000001475
B1527095619545N00957850EA0000001448
B1527315619017N00957855EA0000001401
B1527365618894N00957856EA0000001393
B1527445618696N00957849EA0000001381
B1527495618572N00957847EA0000001376
B1527555618423N00957842EA0000001371
B1528015618274N00957838EA0000001365
B1528065618149N00957835EA0000001361
B1528135617977N00957826EA0000001354
B1528185617856N00957818EA0000001349
B1528235617735N00957813EA0000001338
B1528285617613N00957797EA0000001323
B1528345617474N00957713EA0000001298
B1528405617337N00957590EA0000001284
B1528485617137N00957475EA0000001282
B1528565616928N00957418EA0000001267
B1529025616761N00957446EA0000001260
B1529085616597N00957508EA0000001255
B1529135616463N00957571EA0000001248
B1529185616329N00957639EA0000001242
B1529255616141N00957712EA0000001233
B1529385615787N00957811EA0000001217
B1529445615624N00957849EA0000001212
B1529515615435N00957890EA0000001208
B1529565615301N00957918EA0000001210
B1530015615168N00957946EA0000001209
B1530085614983N00958002EA0000001193
B1530145614826N00958057EA0000001178
B1530195614694N00958110EA0000001166
B1530265614508N00958207EA0000001147
B1530315614376N00958285EA0000001140
B1530375614220N00958383EA0000001134
B1530435614065N00958478EA0000001130
B1530485613938N00958556EA0000001124
B1530545613787N00958650EA0000001116
B1530595613660N00958728EA0000001107
B1531055613506N00958827EA0000001097
B1531105613378N00958862EA0000001094
B1531155613260N00958809EA0000001086
B1531205613144N00958740EA0000001076
B1531295612935N00958609EA0000001072
B1531355612802N00958515EA0000001064
B1531405612689N00958440EA0000001056
B1531455612577N00958362EA0000001050
B1531525612427N00958239EA0000001044
B1531595612274N00958112EA0000001036
B1532045612163N00958030EA0000001030
B1532125611985N00957905EA0000001016
B1532185611855N00957811EA0000001008
B1532245611723N00957725EA0000000998
B1532295611607N00957676EA0000000989
B1532345611491N00957630EA0000000985
B1532405611353N00957581EA0000000973
B1532465611214N00957525EA0000000971
B1532545611034N00957450EA0000000965
B1532595610919N00957414EA0000000959
B1533045610798N00957422EA0000000953
B1533095610674N00957467EA0000000946
B1533185610451N00957606EA0000000925
B1533235610326N00957696EA0000000916
B1533285610202N00957783EA0000000910
B1533335610080N00957866EA0000000911
B1533395609938N00957965EA0000000905
B1533445609821N00958057EA0000000899
B1533525609634N00958204EA0000000884
B1533585609492N00958322EA0000000874
B1534085609265N00958567EA0000000856
B1534175609082N00958836EA0000000861
B1534245608966N00959093EA0000000853
B1534325608887N00959449EA0000000857
B1534415608833N00959872EA0000000851
B1534495608792N01000250EA0000000850
B1534565608760N01000564EA0000000877
B1535015608739N01000774EA0000000867
B1535065608710N01000995EA0000000852
B1535125608671N01001262EA0000000856
B1535185608634N01001520EA0000000853
B1535265608574N01001865EA0000000845
B1535315608534N01002072EA0000000868
B1535365608498N01002236EA0000000912
B1535415608445N01002350EA0000000917
B1535465608386N01002298EA0000000926
B1535515608434N01002224EA0000000935
B1535575608515N01002336EA0000000948
B1536025608561N01002471EA0000000962
B1536075608535N01002620EA0000000956
B1536125608458N01002624EA0000000960
B1536175608471N01002521EA0000000967
B1536225608549N01002554EA0000000987
B1536275608594N01002690EA0000000987
B1536325608568N01002871EA0000000987
B1536395608522N01003114EA0000000999
B1536445608488N01003290EA0000001004
B1536495608440N01003428EA0000001024
B1536545608375N01003417EA0000001016
B1536595608400N01003319EA0000001024
B1537045608475N01003304EA0000001046
B1537095608534N01003414EA0000001044
B1537155608531N01003636EA0000001039
B1537215608500N01003847EA0000001055
B1537275608455N01004044EA0000001058
B1537325608408N01004203EA0000001064
B1537405608325N01004434EA0000001081
B1537465608256N01004591EA0000001091
B1537565608149N01004849EA0000001114
B1538035608089N01005060EA0000001123
B1538085608052N01005215EA0000001133
B1538135608043N01005391EA0000001131
B1538195607992N01005575EA0000001143
B1538245607943N01005714EA0000001158
B1538295607870N01005770EA0000001156
B1538345607864N01005677EA0000001156
B1538405607949N01005710EA0000001172
B1538455607990N01005849EA0000001175
B1538515607937N01006041EA0000001187
B1538565607873N01006142EA0000001201
B1539015607820N01006080EA0000001205
B1539065607869N01006014EA0000001218
B1539125607962N01006061EA0000001235
B1539175608016N01006191EA0000001240
B1539225607998N01006359EA0000001243
B1539285607908N01006381EA0000001252
B1539335607918N01006274EA0000001266
B1539385607997N01006305EA0000001276
B1539445608016N01006506EA0000001280
B1539505607923N01006578EA0000001284
B1539555607865N01006497EA0000001300
B1540005607910N01006413EA0000001309
B1540055607980N01006503EA0000001327
B1540105607979N01006670EA0000001335
B1540165607894N01006762EA0000001342
B1540215607859N01006670EA0000001353
B1540265607919N01006620EA0000001362
B1540325607986N01006773EA0000001369
B1540375607964N01006944EA0000001374
B1540425607884N01006998EA0000001383
B1540475607861N01006895EA0000001395
B1540525607934N01006885EA0000001400
B1540575607964N01007048EA0000001409
B1541035607900N01007233EA0000001413
B1541095607808N01007399EA0000001413
B1541155607707N01007553EA0000001429
B1541215607603N01007694EA0000001434
B1541265607514N01007744EA0000001437
B1541315607524N01007629EA0000001397
B1541375607634N01007522EA0000001368
B1541425607738N01007430EA0000001357
B1541475607841N01007328EA0000001370
B1541525607933N01007234EA0000001389
B1541585608039N01007095EA0000001367
B1542045608142N01006921EA0000001351
B1542095608206N01006744EA0000001350
B1542165608259N01006474EA0000001349
B1542215608287N01006283EA0000001348
B1542265608310N01006102EA0000001368
B1542325608331N01005904EA0000001381
B1542375608345N01005742EA0000001364
B1542455608350N01005432EA0000001330
B1542505608347N01005231EA0000001331
B1542555608339N01005037EA0000001347
B1543015608334N01004815EA0000001351
B1543065608337N01004634EA0000001386
B1543125608352N01004449EA0000001412
B1543175608363N01004290EA0000001377
B1543225608384N01004092EA0000001333
B1543275608423N01003878EA0000001319
B1543325608460N01003661EA0000001306
B1543385608497N01003396EA0000001305
B1543445608511N01003129EA0000001326
B1543505608506N01002892EA0000001347
B1543555608483N01002704EA0000001365
B1544005608447N01002557EA0000001398
B1544055608410N01002422EA0000001403
B1544115608369N01002259EA0000001415
B1544165608337N01002142EA0000001437
B1544225608292N01001999EA0000001429
B1544275608243N01001870EA0000001411
B1544325608191N01001711EA0000001387
B1544375608163N01001521EA0000001392
B1544425608149N01001338EA0000001427
B1544525608143N01001021EA0000001468
B1544585608151N01000827EA0000001472
B1545035608159N01000649EA0000001439
B1545085608155N01000445EA0000001428
B1545135608141N01000239EA0000001428
B1545185608132N01000034EA0000001438
B1545235608125N00959848EA0000001459
B1545285608116N00959673EA0000001468
B1545335608104N00959514EA0000001490
B1545385608088N00959359EA0000001498
B1545435608074N00959206EA0000001487
B1545485608051N00959023EA0000001461
B1545575607959N00958679EA0000001448
B1546025607900N00958487EA0000001427
B1546085607829N00958240EA0000001406
B1546135607776N00958022EA0000001400
B1546185607734N00957798EA0000001387
B1546235607699N00957570EA0000001382
B1546285607669N00957345EA0000001375
B1546335607641N00957119EA0000001365
B1546385607623N00956892EA0000001360
B1546445607620N00956627EA0000001368
B1546495607623N00956420EA0000001383
B1546585607624N00956100EA0000001428
B1547035607591N00955984EA0000001455
B1547085607528N00955920EA0000001462
B1547135607456N00955870EA0000001463
B1547185607381N00955823EA0000001474
B1547245607293N00955770EA0000001478
B1547295607219N00955704EA0000001450
B1547345607168N00955565EA0000001421
B1547405607123N00955360EA0000001399
B1547455607083N00955177EA0000001383
B1547505607039N00954988EA0000001365
B1547575606972N00954719EA0000001347
B1548025606924N00954525EA0000001338
B1548075606875N00954333EA0000001329
B1548135606816N00954104EA0000001319
B1548185606768N00953913EA0000001310
B1548265606694N00953606EA0000001293
B1548315606648N00953414EA0000001282
B1548405606567N00953066EA0000001264
B1548455606520N00952873EA0000001255
B1548515606462N00952640EA0000001246
B1548575606405N00952408EA0000001238
B1549045606334N00952141EA0000001229
B1549095606284N00951951EA0000001222
B1549145606233N00951761EA0000001215
B1549195606183N00951569EA0000001207
B1549285606090N00951220EA0000001190
B1549335606039N00951025EA0000001181
B1549415605957N00950717EA0000001172
B1549485605890N00950449EA0000001164
B1549555605827N00950181EA0000001148
B1550005605783N00949986EA0000001143
B1550065605730N00949770EA0000001155
B1550125605677N00949562EA0000001153
B1550205605618N00949283EA0000001145
B1550255605597N00949100EA0000001144
B1550315605598N00948876EA0000001146
B1550375605618N00948661EA0000001156
B1550435605632N00948465EA0000001173
B1550485605649N00948303EA0000001163
B1550555605680N00948083EA0000001191
B1551025605708N00947894EA0000001204
B1551075605728N00947750EA0000001188
B1551135605756N00947561EA0000001178
B1551185605775N00947397EA0000001178
B1551235605797N00947235EA0000001169
B1551335605856N00946898EA0000001165
B1551395605897N00946702EA0000001161
B1551495605977N00946379EA0000001142
B1551545606020N00946219EA0000001143
B1551595606060N00946059EA0000001141
B1552045606101N00945902EA0000001161
B1552095606136N00945770EA0000001180
B1552165606176N00945589EA0000001194
B1552235606208N00945419EA0000001202
B1552285606226N00945294EA0000001192
B1552335606238N00945149EA0000001167
B1552385606249N00944977EA0000001148
B1552435606268N00944800EA0000001169
B1552485606290N00944661EA0000001196
B1552545606318N00944494EA0000001189
B1553005606348N00944306EA0000001154
B1553055606378N00944118EA0000001129
B1553105606410N00943918EA0000001116
B1553165606449N00943669EA0000001109
B1553215606481N00943459EA0000001101
B1553275606519N00943212EA0000001097
B1553325606545N00943008EA0000001096
B1553395606581N00942729EA0000001096
B1553465606607N00942449EA0000001095
B1553555606616N00942090EA0000001095
B1554015606607N00941853EA0000001104
B1554065606592N00941663EA0000001101
B1554115606574N00941473EA0000001093
B1554165606560N00941280EA0000001088
B1554215606544N00941085EA0000001077
B1554265606524N00940891EA0000001083
B1554315606504N00940717EA0000001094
B1554395606468N00940446EA0000001085
B1554455606445N00940253EA0000001104
B1554505606431N00940107EA0000001129
B1554555606463N00939995EA0000001144
B1555015606529N00939890EA0000001158
B1555065606581N00939803EA0000001166
B1555115606628N00939704EA0000001167
B1555195606679N00939521EA0000001179
B1555245606697N00939402EA0000001180
B1555315606710N00939197EA0000001134
B1555385606710N00938948EA0000001123
B1555435606708N00938769EA0000001115
B1555495606699N00938546EA0000001091
B1555565606665N00938266EA0000001076
B1556055606611N00937901EA0000001064
B1556115606575N00937659EA0000001051
B1556175606538N00937416EA0000001042
B1556225606510N00937214EA0000001040
B1556275606484N00937014EA0000001037
B1556345606448N00936733EA0000001029
B1556415606413N00936453EA0000001019
B1556475606384N00936216EA0000001013
B1556535606354N00935981EA0000001004
B1556595606318N00935750EA0000000994
B1557045606277N00935563EA0000000985
B1557095606234N00935379EA0000000978
B1557155606171N00935172EA0000000968
B1557205606114N00935002EA0000000953
B1557265606055N00934791EA0000000941
B1557315606025N00934610EA0000000935
B1557375606033N00934399EA0000000935
B1557425606049N00934238EA0000000948
B1557475606058N00934086EA0000000947
B1557535606063N00933902EA0000000938
B1557585606062N00933742EA0000000923
B1558035606060N00933569EA0000000910
B1558105606057N00933317EA0000000902
B1558185606032N00933027EA0000000901
B1558235606008N00932847EA0000000898
B1558315605966N00932553EA0000000883
B1558365605922N00932372EA0000000893
B1558415605872N00932203EA0000000886
B1558495605787N00931917EA0000000860
B1558565605714N00931655EA0000000853
B1559015605663N00931471EA0000000855
B1559065605611N00931292EA0000000849
B1559125605549N00931079EA0000000835
B1559175605499N00930898EA0000000824
B1559225605446N00930715EA0000000814
B1559275605394N00930536EA0000000805
B1559335605334N00930321EA0000000793
B1559405605271N00930068EA0000000786
B1559455605225N00929892EA0000000779
B1559525605174N00929645EA0000000770
B1559595605164N00929389EA0000000770
B1600055605173N00929177EA0000000772
B1600115605178N00928985EA0000000786
B1600165605180N00928831EA0000000780
B1600265605178N00928517EA0000000782
B1600345605177N00928274EA0000000780
B1600415605180N00928066EA0000000781
B1600495605176N00927814EA0000000749
B1600545605172N00927642EA0000000744
B1601105605171N00927131EA0000000769
B1601155605172N00926985EA0000000777
B1601205605174N00926847EA0000000781
B1601255605180N00926717EA0000000792
B1601305605193N00926598EA0000000802
B1601365605211N00926471EA0000000833
B1601415605228N00926378EA0000000828
B1601485605255N00926199EA0000000777
B1601535605273N00926035EA0000000755
B1601595605289N00925829EA0000000745
B1602055605309N00925624EA0000000736
B1602105605327N00925458EA0000000735
B1602155605340N00925294EA0000000727
B1602215605349N00925094EA0000000723
B1602265605352N00924941EA0000000739
B1602315605350N00924799EA0000000737
B1602365605330N00924655EA0000000728
B1602425605273N00924498EA0000000717
B1602475605206N00924381EA0000000713
B1602525605136N00924266EA0000000708
B1602575605063N00924154EA0000000701
B1603045604948N00924014EA0000000690
B1603115604823N00923898EA0000000676
B1603175604717N00923803EA0000000658
B1603225604627N00923719EA0000000644
B1603295604502N00923598EA0000000630
B1603345604415N00923504EA0000000624
B1603395604339N00923393EA0000000624
B1603455604267N00923247EA0000000639
B1603505604219N00923130EA0000000639
B1603555604171N00923000EA0000000625
B1604005604130N00922855EA0000000619
B1604055604102N00922701EA0000000625
B1604105604087N00922551EA0000000639
B1604165604081N00922385EA0000000649
B1604215604087N00922256EA0000000662
B1604265604095N00922138EA0000000675
B1604325604115N00922002EA0000000684
B1604375604148N00921903EA0000000694
B1604425604190N00921820EA0000000703
B1604485604247N00921720EA0000000695
B1604545604311N00921613EA0000000715
B1604595604364N00921538EA0000000729
B1605045604415N00921461EA0000000727
B1605095604465N00921364EA0000000706
B1605145604516N00921249EA0000000711
B1605195604566N00921146EA0000000711
B1605255604628N00921004EA0000000681
B1605305604688N00920866EA0000000677
B1605355604745N00920732EA0000000695
B1605405604795N00920618EA0000000713
B1605455604842N00920511EA0000000725
B1605505604887N00920414EA0000000727
B1605555604930N00920323EA0000000738
B1606015604975N00920223EA0000000738
B1606065605018N00920127EA0000000723
B1606115605061N00920022EA0000000726
B1606165605105N00919915EA0000000711
B1606215605156N00919791EA0000000707
B1606275605209N00919664EA0000000737
B1606325605250N00919581EA0000000743
B1606375605308N00919522EA0000000748
B1606425605387N00919592EA0000000740
B1606475605382N00919759EA0000000738
B1606525605310N00919773EA0000000736
B1606585605253N00919694EA0000000750
B1607035605235N00919609EA0000000750
B1607105605317N00919528EA0000000736
B1607175605414N00919434EA0000000741
B1607225605476N00919364EA0000000737
B1607275605518N00919265EA0000000742
B1607335605552N00919143EA0000000751
B1607385605573N00919042EA0000000755
B1607435605585N00918933EA0000000753
B1607485605588N00918814EA0000000751
B1607535605591N00918696EA0000000759
B1607585605594N00918592EA0000000773
B1608035605583N00918485EA0000000773
B1608085605621N00918395EA0000000774
B1608135605686N00918487EA0000000781
B1608185605647N00918625EA0000000782
B1608235605570N00918621EA0000000795
B1608285605507N00918585EA0000000809
B1608345605539N00918485EA0000000813
B1608395605602N00918584EA0000000820
B1608445605563N00918725EA0000000827
B1608495605490N00918772EA0000000831
B1608545605467N00918679EA0000000830
B1608595605500N00918571EA0000000835
B1609045605533N00918478EA0000000858
B1609095605603N00918518EA0000000849
B1609145605571N00918661EA0000000857
B1609215605483N00918609EA0000000881
B1609265605481N00918515EA0000000878
B1609315605553N00918530EA0000000885
B1609365605559N00918693EA0000000892
B1609415605487N00918755EA0000000895
B1609465605451N00918669EA0000000897
B1609515605480N00918576EA0000000902
B1609565605552N00918588EA0000000906
B1610015605570N00918743EA0000000911
B1610065605496N00918819EA0000000915
B1610115605451N00918741EA0000000920
B1610165605489N00918651EA0000000922
B1610215605554N00918591EA0000000918
B1610275605619N00918485EA0000000927
B1610335605671N00918359EA0000000921
B1610405605683N00918156EA0000000883
B1610465605675N00917940EA0000000853
B1610525605666N00917711EA0000000844
B1610575605660N00917521EA0000000839
B1611025605655N00917334EA0000000835
B1611085605649N00917111EA0000000826
B1611135605643N00916924EA0000000822
B1611185605638N00916741EA0000000827
B1611235605633N00916570EA0000000838
B1611285605627N00916400EA0000000830
B1611335605625N00916234EA0000000843
B1611395605620N00916039EA0000000837
B1611445605603N00915870EA0000000822
B1611535605534N00915563EA0000000808
B1611585605480N00915402EA0000000801
B1612035605417N00915250EA0000000796
B1612095605337N00915077EA0000000787
B1612145605268N00914935EA0000000782
B1612195605199N00914794EA0000000779
B1612245605128N00914658EA0000000772
B1612295605057N00914519EA0000000763
B1612345604988N00914375EA0000000755
B1612395604919N00914232EA0000000748
B1612445604849N00914090EA0000000741
B1612495604776N00913949EA0000000733
B1612575604658N00913726EA0000000723
B1613035604571N00913562EA0000000715
B1613115604456N00913343EA0000000706
B1613165604384N00913207EA0000000700
B1613215604315N00913070EA0000000695
B1613265604250N00912933EA0000000692
B1613315604185N00912795EA0000000693
B1613375604105N00912633EA0000000692
B1613435604023N00912472EA0000000682
B1613485603953N00912334EA0000000674
B1613535603883N00912194EA0000000666
B1613585603811N00912055EA0000000656
B1614035603738N00911915EA0000000646
B1614135603587N00911643EA0000000633
B1614185603514N00911503EA0000000623
B1614235603441N00911358EA0000000613
B1614285603368N00911215EA0000000607
B1614345603280N00911046EA0000000597
B1614395603209N00910905EA0000000587
B1614465603113N00910707EA0000000577
B1614515603043N00910566EA0000000569
B1614595602930N00910339EA0000000555
B1615055602845N00910163EA0000000557
B1615105602773N00910018EA0000000549
B1615155602699N00909873EA0000000546
B1615205602623N00909735EA0000000538
B1615265602533N00909568EA0000000536
B1615325602447N00909404EA0000000528
B1615375602372N00909274EA0000000518
B1615435602278N00909122EA0000000504
B1615525602139N00908892EA0000000491
B1615595602031N00908710EA0000000476
B1616045601953N00908580EA0000000469
B1616105601859N00908423EA0000000465
B1616155601780N00908291EA0000000458
B1616235601652N00908078EA0000000443
B1616285601570N00907938EA0000000426
B1616355601451N00907734EA0000000412
B1616415601346N00907559EA0000000396
B1616465601258N00907413EA0000000380
B1616515601170N00907256EA0000000363
B1616565601069N00907106EA0000000348
B1617025600933N00906952EA0000000333
B1617075600820N00906820EA0000000317
B1617125600712N00906663EA0000000295
B1617175600617N00906481EA0000000283
B1617225600579N00906245EA0000000267
B1617285600603N00905943EA0000000251
B1617335600632N00905689EA0000000233
B1617385600655N00905431EA0000000220
B1617445600671N00905127EA0000000216
B1617495600681N00904885EA0000000217
B1617545600689N00904654EA0000000215
B1618005600697N00904388EA0000000219
B1618055600701N00904178EA0000000217
B1618105600704N00903975EA0000000218
B1618205600704N00903618EA0000000229
B1618315600705N00903248EA0000000215
B1618365600724N00903088EA0000000209
B1618435600780N00902884EA0000000206
B1618505600827N00902692EA0000000200
B1618555600846N00902553EA0000000188
B1619035600829N00902327EA0000000158
B1619095600808N00902158EA0000000132
B1619165600781N00901959EA0000000105
B1619215600763N00901820EA0000000086
B1619275600742N00901657EA0000000065
B1619345600713N00901463EA0000000043
B1619395600694N00901340EA0000000040
B1619445600678N00901238EA0000000039
B1619505600657N00901141EA0000000038
