AOGNOGN
HFDTE200825
HFFXA050
HFPLTPILOTINCHARGE:
HFGTYGLIDERTYPE:Ventus 3T
HFGIDGLIDERID:OY-KEX
HFDTM100GPSDATUM:WGS-1984
HFRFWFIRMWAREVERSION:
HFRHWHARDWAREVERSION:
HFFTYFRTYPE:OGN-FLIGHTBOOK
HFGPSGENERIC
HFPRSPRESSALTSENSOR:
HFCIDCOMPETITIONID:EK
B1101355600620N00900572EA0000000043
B1101395600627N00900645EA0000000043
B1101475600642N00900837EA0000000043
B1101525600655N00900978EA0000000047
B1101585600672N00901161EA0000000056
B1102035600687N00901315EA0000000069
B1102105600705N00901529EA0000000084
B1102155600709N00901687EA0000000094
B1102205600686N00901844EA0000000103
B1102255600636N00901985EA0000000112
B1102305600562N00902091EA0000000122
B1102355600483N00902188EA0000000134
B1102405600398N00902283EA0000000142
B1102465600289N00902399EA0000000150
B1102525600176N00902508EA0000000167
B1102575600083N00902591EA0000000180
B1103025559988N00902675EA0000000188
B1103075559896N00902769EA0000000193
B1103135559790N00902902EA0000000204
B1103185559699N00903008EA0000000215
B1103265559554N00903162EA0000000245
B1103325559445N00903272EA0000000255
B1103385559335N00903381EA0000000268
B1103465559192N00903537EA0000000279
B1103515559101N00903631EA0000000287
B1103565559011N00903728EA0000000305
B1104015558936N00903842EA0000000333
B1104065558874N00903974EA0000000358
B1104115558820N00904110EA0000000381
B1104175558757N00904266EA0000000402
B1104225558715N00904401EA0000000419
B1104275558695N00904545EA0000000437
B1104335558702N00904724EA0000000449
B1104385558732N00904859EA0000000468
B1104445558789N00904999EA0000000483
B1104505558855N00905118EA0000000503
B1104585558966N00905154EA0000000497
B1105035559019N00905007EA0000000490
B1105085559013N00904821EA0000000506
B1105135558926N00904756EA0000000525
B1105195558871N00904905EA0000000513
B1105245558922N00905030EA0000000513
B1105295559011N00905057EA0000000516
B1105345559089N00904961EA0000000535
B1105395559122N00904803EA0000000552
B1105455559091N00904602EA0000000567
B1105505559002N00904585EA0000000575
B1105555558974N00904724EA0000000586
B1106005559023N00904846EA0000000592
B1106055559108N00904839EA0000000605
B1106105559161N00904689EA0000000596
B1106155559129N00904495EA0000000594
B1106215559020N00904353EA0000000597
B1106265558917N00904330EA0000000616
B1106315558860N00904448EA0000000630
B1106365558903N00904574EA0000000646
B1106415558989N00904535EA0000000657
B1106465559009N00904358EA0000000657
B1106515558935N00904222EA0000000664
B1106565558836N00904241EA0000000677
B1107015558804N00904385EA0000000695
B1107065558881N00904429EA0000000705
B1107115558921N00904270EA0000000704
B1107165558843N00904143EA0000000711
B1107215558747N00904166EA0000000729
B1107265558703N00904296EA0000000750
B1107315558755N00904385EA0000000754
B1107365558834N00904305EA0000000758
B1107415558844N00904118EA0000000766
B1107465558773N00903983EA0000000776
B1107515558670N00903979EA0000000775
B1107565558599N00904093EA0000000783
B1108015558618N00904245EA0000000788
B1108065558708N00904251EA0000000800
B1108115558757N00904082EA0000000812
B1108165558711N00903911EA0000000829
B1108215558613N00903869EA0000000831
B1108265558530N00903957EA0000000842
B1108315558519N00904103EA0000000856
B1108365558582N00904182EA0000000862
B1108415558665N00904149EA0000000868
B1108465558710N00903994EA0000000880
B1108515558666N00903828EA0000000892
B1108575558552N00903832EA0000000890
B1109025558510N00903974EA0000000904
B1109075558556N00904086EA0000000921
B1109125558642N00904053EA0000000923
B1109175558675N00903875EA0000000935
B1109225558599N00903737EA0000000947
B1109275558510N00903794EA0000000951
B1109325558513N00903950EA0000000966
B1109375558593N00904007EA0000000971
B1109425558669N00903890EA0000000988
B1109475558651N00903698EA0000000997
B1109525558557N00903621EA0000001010
B1109575558481N00903716EA0000001009
B1110025558499N00903869EA0000001022
B1110075558585N00903913EA0000001033
B1110125558643N00903773EA0000001053
B1110175558596N00903610EA0000001066
B1110225558498N00903590EA0000001068
B1110275558438N00903715EA0000001072
B1110325558464N00903865EA0000001073
B1110385558564N00903916EA0000001084
B1110435558632N00903786EA0000001101
B1110495558602N00903562EA0000001112
B1110545558506N00903472EA0000001118
B1110595558417N00903538EA0000001136
B1111045558392N00903681EA0000001144
B1111095558445N00903788EA0000001146
B1111145558529N00903739EA0000001154
B1111195558563N00903564EA0000001165
B1111245558512N00903392EA0000001177
B1111295558416N00903347EA0000001179
B1111345558345N00903455EA0000001175
B1111395558352N00903609EA0000001185
B1111445558420N00903694EA0000001193
B1111495558510N00903675EA0000001201
B1111545558590N00903560EA0000001215
B1111595558611N00903364EA0000001217
B1112045558547N00903186EA0000001222
B1112105558419N00903183EA0000001226
B1112155558373N00903341EA0000001231
B1112215558402N00903524EA0000001265
B1112265558468N00903620EA0000001275
B1112315558559N00903595EA0000001292
B1112365558614N00903438EA0000001288
B1112415558593N00903237EA0000001276
B1112475558484N00903079EA0000001298
B1112535558361N00903040EA0000001302
B1112585558281N00903135EA0000001307
B1113045558261N00903317EA0000001317
B1113095558303N00903449EA0000001314
B1113145558389N00903489EA0000001327
B1113195558462N00903397EA0000001350
B1113245558445N00903220EA0000001350
B1113295558342N00903147EA0000001348
B1113345558271N00903263EA0000001364
B1113395558300N00903415EA0000001363
B1113445558395N00903415EA0000001373
B1113495558452N00903257EA0000001390
B1113545558419N00903067EA0000001398
B1113595558322N00902984EA0000001412
B1114045558246N00903073EA0000001421
B1114095558262N00903224EA0000001421
B1114145558353N00903244EA0000001427
B1114195558411N00903092EA0000001450
B1114245558395N00902903EA0000001457
B1114305558297N00902762EA0000001463
B1114355558207N00902800EA0000001465
B1114405558180N00902937EA0000001470
B1114455558238N00903043EA0000001463
B1114505558327N00902987EA0000001469
B1114555558361N00902809EA0000001482
B1115005558322N00902628EA0000001486
B1115055558231N00902550EA0000001481
B1115105558154N00902636EA0000001467
B1115155558165N00902790EA0000001479
B1115205558244N00902846EA0000001484
B1115255558327N00902741EA0000001487
B1115305558348N00902540EA0000001491
B1115355558292N00902364EA0000001490
B1115405558192N00902307EA0000001488
B1115455558114N00902397EA0000001486
B1115505558129N00902544EA0000001490
B1115555558211N00902603EA0000001506
B1116005558297N00902516EA0000001510
B1116055558320N00902319EA0000001501
B1116105558256N00902150EA0000001499
B1116155558152N00902110EA0000001495
B1116205558066N00902204EA0000001486
B1116255558040N00902366EA0000001499
B1116305558080N00902493EA0000001520
B1116355558160N00902529EA0000001525
B1116405558239N00902439EA0000001527
B1116455558265N00902252EA0000001523
B1116505558206N00902086EA0000001520
B1116555558104N00902052EA0000001517
B1117005558042N00902169EA0000001504
B1117055558062N00902325EA0000001516
B1117105558115N00902444EA0000001530
B1117155558199N00902472EA0000001535
B1117205558266N00902340EA0000001544
B1117255558241N00902143EA0000001535
B1117305558143N00902058EA0000001537
B1117355558060N00902135EA0000001540
B1117405558064N00902289EA0000001540
B1117455558125N00902404EA0000001553
B1117505558195N00902488EA0000001564
B1117565558296N00902568EA0000001518
B1118015558403N00902651EA0000001480
B1118065558518N00902737EA0000001475
B1118125558643N00902830EA0000001492
B1118175558741N00902901EA0000001490
B1118225558838N00902975EA0000001483
B1118275558935N00903048EA0000001482
B1118325559027N00903123EA0000001477
B1118375559118N00903201EA0000001468
B1118425559205N00903283EA0000001462
B1118475559287N00903370EA0000001465
B1118535559376N00903474EA0000001478
B1118595559453N00903585EA0000001491
B1119045559519N00903631EA0000001508
B1119095559577N00903537EA0000001484
B1119145559563N00903343EA0000001464
B1119215559482N00903089EA0000001460
B1119265559412N00902922EA0000001455
B1119325559326N00902722EA0000001445
B1119385559240N00902516EA0000001432
B1119465559121N00902225EA0000001419
B1119525559026N00902016EA0000001420
B1119585558931N00901817EA0000001393
B1120035558842N00901631EA0000001361
B1120085558750N00901432EA0000001350
B1120135558660N00901230EA0000001341
B1120185558567N00901031EA0000001332
B1120255558440N00900759EA0000001328
B1120305558355N00900566EA0000001325
B1120365558251N00900336EA0000001314
B1120425558145N00900096EA0000001307
B1120485558039N00859860EA0000001298
B1120555557918N00859605EA0000001301
B1121015557816N00859389EA0000001270
B1121065557727N00859198EA0000001275
B1121115557642N00859020EA0000001306
B1121165557588N00858849EA0000001356
B1121215557600N00858687EA0000001355
B1121265557678N00858594EA0000001338
B1121315557758N00858646EA0000001329
B1121365557782N00858785EA0000001319
B1121435557719N00858968EA0000001337
B1121485557640N00859039EA0000001350
B1121535557543N00859037EA0000001354
B1121585557451N00858933EA0000001347
B1122035557382N00858771EA0000001353
B1122085557366N00858594EA0000001360
B1122135557419N00858458EA0000001346
B1122185557502N00858479EA0000001335
B1122235557519N00858626EA0000001349
B1122285557465N00858750EA0000001348
B1122335557372N00858804EA0000001346
B1122385557268N00858764EA0000001340
B1122435557174N00858650EA0000001331
B1122505557059N00858430EA0000001328
B1122565556969N00858222EA0000001321
B1123015556894N00858040EA0000001311
B1123075556811N00857812EA0000001304
B1123125556743N00857618EA0000001296
B1123205556643N00857302EA0000001296
B1123255556577N00857104EA0000001276
B1123315556491N00856846EA0000001250
B1123365556420N00856621EA0000001245
B1123425556338N00856353EA0000001232
B1123505556240N00856000EA0000001248
B1123555556185N00855796EA0000001256
B1124025556111N00855522EA0000001245
B1124075556054N00855318EA0000001217
B1124125556000N00855112EA0000001260
B1124175555981N00854940EA0000001307
B1124225556018N00854802EA0000001314
B1124275556098N00854755EA0000001301
B1124325556173N00854840EA0000001296
B1124375556194N00854985EA0000001287
B1124425556150N00855117EA0000001276
B1124475556064N00855167EA0000001263
B1124525555970N00855100EA0000001259
B1124575555898N00854954EA0000001273
B1125025555838N00854807EA0000001296
B1125105555759N00854563EA0000001304
B1125155555716N00854390EA0000001303
B1125225555655N00854140EA0000001304
B1125275555614N00853962EA0000001309
B1125335555568N00853753EA0000001321
B1125385555531N00853579EA0000001317
B1125435555487N00853398EA0000001301
B1125485555437N00853205EA0000001286
B1125545555371N00852969EA0000001283
B1125595555310N00852779EA0000001268
B1126055555218N00852548EA0000001235
B1126105555124N00852354EA0000001208
B1126165555001N00852120EA0000001194
B1126215554901N00851935EA0000001218
B1126275554801N00851744EA0000001239
B1126345554683N00851524EA0000001208
B1126395554587N00851349EA0000001184
B1126445554486N00851164EA0000001170
B1126505554365N00850941EA0000001166
B1126555554264N00850757EA0000001157
B1127005554160N00850568EA0000001135
B1127075554005N00850295EA0000001120
B1127125553895N00850101EA0000001118
B1127175553786N00849909EA0000001106
B1127265553588N00849565EA0000001084
B1127315553477N00849377EA0000001077
B1127385553319N00849126EA0000001071
B1127445553183N00848916EA0000001061
B1127515553022N00848677EA0000001050
B1127585552867N00848445EA0000001050
B1128035552765N00848293EA0000001069
B1128105552629N00848112EA0000001062
B1128165552508N00847982EA0000001055
B1128225552380N00847880EA0000001046
B1128275552269N00847836EA0000001042
B1128325552155N00847840EA0000001036
B1128375552054N00847918EA0000001056
B1128425552017N00848053EA0000001076
B1128475552070N00848148EA0000001083
B1128525552147N00848080EA0000001090
B1128575552163N00847911EA0000001097
B1129025552125N00847748EA0000001100
B1129075552055N00847638EA0000001108
B1129125551969N00847582EA0000001109
B1129175551880N00847587EA0000001109
B1129225551802N00847656EA0000001119
B1129285551776N00847800EA0000001122
B1129345551853N00847859EA0000001127
B1129395551908N00847733EA0000001143
B1129445551875N00847563EA0000001149
B1129495551780N00847504EA0000001153
B1129545551711N00847600EA0000001155
B1129595551732N00847727EA0000001171
B1130045551803N00847740EA0000001180
B1130095551861N00847618EA0000001179
B1130145551859N00847434EA0000001193
B1130195551786N00847303EA0000001201
B1130245551689N00847309EA0000001204
B1130295551640N00847430EA0000001209
B1130345551690N00847528EA0000001207
B1130395551768N00847441EA0000001217
B1130445551763N00847256EA0000001226
B1130495551677N00847150EA0000001236
B1130545551585N00847195EA0000001239
B1130595551562N00847333EA0000001238
B1131045551620N00847415EA0000001251
B1131105551710N00847347EA0000001258
B1131165551752N00847155EA0000001264
B1131225551715N00846943EA0000001270
B1131275551624N00846848EA0000001275
B1131325551532N00846880EA0000001288
B1131375551505N00847005EA0000001293
B1131425551557N00847092EA0000001293
B1131485551649N00847095EA0000001291
B1131535551733N00847045EA0000001292
B1131595551813N00846919EA0000001306
B1132045551862N00846779EA0000001303
B1132095551899N00846619EA0000001318
B1132145551893N00846457EA0000001345
B1132195551812N00846412EA0000001349
B1132245551777N00846542EA0000001369
B1132295551840N00846620EA0000001403
B1132345551907N00846537EA0000001420
B1132395551894N00846372EA0000001432
B1132445551808N00846342EA0000001451
B1132495551778N00846470EA0000001470
B1132545551835N00846562EA0000001497
B1132595551907N00846504EA0000001514
B1133045551923N00846349EA0000001520
B1133095551861N00846232EA0000001527
B1133145551777N00846273EA0000001539
B1133195551767N00846412EA0000001559
B1133245551835N00846471EA0000001576
B1133295551900N00846376EA0000001582
B1133355551917N00846180EA0000001579
B1133415551892N00845956EA0000001583
B1133465551862N00845785EA0000001605
B1133515551824N00845621EA0000001595
B1133575551767N00845416EA0000001579
B1134025551717N00845238EA0000001585
B1134075551659N00845074EA0000001586
B1134155551536N00844832EA0000001575
B1134205551448N00844683EA0000001562
B1134255551358N00844524EA0000001549
B1134305551276N00844349EA0000001543
B1134375551174N00844080EA0000001529
B1134435551090N00843829EA0000001494
B1134515550973N00843441EA0000001457
B1134575550884N00843145EA0000001458
B1135025550808N00842905EA0000001448
B1135095550705N00842561EA0000001436
B1135145550635N00842316EA0000001432
B1135205550553N00842025EA0000001427
B1135275550463N00841686EA0000001419
B1135325550399N00841447EA0000001424
B1135375550346N00841230EA0000001483
B1135425550303N00841058EA0000001511
B1135475550261N00840890EA0000001511
B1135535550211N00840680EA0000001507
B1135585550168N00840496EA0000001502
B1136045550116N00840263EA0000001485
B1136105550056N00840003EA0000001446
B1136165549991N00839711EA0000001426
B1136225549930N00839407EA0000001406
B1136275549879N00839151EA0000001402
B1136335549822N00838864EA0000001418
B1136395549765N00838579EA0000001392
B1136565549589N00837701EA0000001344
B1137025549524N00837387EA0000001342
B1137095549453N00837024EA0000001332
B1137145549403N00836763EA0000001325
B1137195549356N00836502EA0000001319
B1137265549289N00836139EA0000001301
B1137325549227N00835830EA0000001297
B1137375549178N00835577EA0000001298
B1137425549130N00835332EA0000001302
B1137485549075N00835048EA0000001308
B1137535549032N00834813EA0000001303
B1137595548982N00834527EA0000001289
B1138055548935N00834228EA0000001260
B1138115548885N00833928EA0000001276
B1138165548848N00833708EA0000001304
B1138235548812N00833446EA0000001334
B1138295548804N00833245EA0000001345
B1138345548826N00833083EA0000001329
B1138415548822N00832823EA0000001324
B1138475548780N00832600EA0000001321
B1138535548715N00832376EA0000001310
B1138595548624N00832162EA0000001297
B1139065548505N00831925EA0000001284
B1139125548403N00831717EA0000001257
B1139225548189N00831360EA0000001195
B1139285548060N00831142EA0000001203
B1139385547846N00830793EA0000001170
B1139455547693N00830539EA0000001160
B1139545547506N00830215EA0000001147
B1140015547362N00829967EA0000001136
B1140065547263N00829791EA0000001130
B1140115547161N00829636EA0000001145
B1140175547040N00829497EA0000001162
B1140225546944N00829421EA0000001180
B1140335546731N00829226EA0000001173
B1140435546535N00829022EA0000001172
B1140515546361N00828865EA0000001134
B1140595546166N00828696EA0000001107
B1141145545838N00828311EA0000001094
B1141225545703N00828052EA0000001090
B1141275545638N00827877EA0000001088
B1141325545578N00827693EA0000001102
B1141375545537N00827518EA0000001123
B1141425545527N00827339EA0000001125
B1141485545556N00827149EA0000001132
B1141535545619N00827042EA0000001125
B1141585545700N00827060EA0000001121
B1142035545741N00827178EA0000001126
B1142095545704N00827328EA0000001128
B1142145545627N00827405EA0000001125
B1142205545513N00827446EA0000001139
B1142285545356N00827417EA0000001142
B1142365545204N00827338EA0000001153
B1142425545102N00827212EA0000001148
B1142525544943N00826958EA0000001145
B1142575544879N00826803EA0000001136
B1143035544827N00826582EA0000001117
B1143125544769N00826190EA0000001078
B1143185544730N00825921EA0000001071
B1143235544702N00825694EA0000001057
B1143285544682N00825468EA0000001053
B1143335544670N00825247EA0000001046
B1143435544670N00824820EA0000001037
B1143485544680N00824603EA0000001023
B1143545544697N00824350EA0000001039
B1143595544707N00824165EA0000001049
B1144075544691N00823854EA0000001016
B1144235544598N00823275EA0000001082
B1144285544635N00823152EA0000001054
B1144335544712N00823131EA0000001043
B1144385544748N00823241EA0000001037
B1144435544716N00823374EA0000001019
B1144485544629N00823442EA0000001019
B1144535544527N00823428EA0000001024
B1145105544204N00823138EA0000001015
B1145375543920N00822116EA0000000934
B1145515543825N00821483EA0000000909
B1146095543746N00820786EA0000000899
B1147135543349N00818193EA0000000873
B1147195543254N00818165EA0000000855
B1147255543215N00818312EA0000000857
B1147355543328N00818427EA0000000881
B1147525543234N00818084EA0000000886
B1147585543191N00818219EA0000000882
B1148045543246N00818346EA0000000895
B1148115543349N00818384EA0000000905
B1148175543440N00818299EA0000000904
B1148235543500N00818141EA0000000916
B1148285543520N00817985EA0000000916
B1148395543437N00817662EA0000000907
B1148465543314N00817594EA0000000910
B1148525543212N00817632EA0000000928
B1148585543142N00817724EA0000000942
B1149035543153N00817855EA0000000926
B1149085543236N00817903EA0000000930
B1149235543239N00817538EA0000000950
B1149285543151N00817553EA0000000964
B1149335543102N00817654EA0000000971
B1149405543188N00817757EA0000000967
B1149465543259N00817627EA0000000977
B1149595543133N00817292EA0000000987
B1150045543044N00817272EA0000000989
B1150095542964N00817313EA0000000996
B1150145542910N00817417EA0000000994
B1150205542850N00817565EA0000000974
B1150295542750N00817832EA0000000949
B1150345542748N00817996EA0000000953
B1150405542825N00818136EA0000000958
B1150455542917N00818152EA0000000979
B1150535543016N00817972EA0000000979
B1150585543079N00817829EA0000000968
B1151035543146N00817680EA0000000974
B1151095543224N00817510EA0000000977
B1151155543303N00817341EA0000000976
B1151205543371N00817195EA0000000982
B1151265543468N00817130EA0000000991
B1151315543538N00817207EA0000000978
B1151365543567N00817350EA0000000966
B1151415543605N00817495EA0000000937
B1151475543675N00817684EA0000000904
B1151545543764N00817911EA0000000893
B1152065543921N00818281EA0000000867
B1152155544042N00818558EA0000000846
B1152205544108N00818712EA0000000837
B1152265544186N00818901EA0000000826
B1152325544264N00819092EA0000000822
B1152405544360N00819326EA0000000843
B1152455544412N00819463EA0000000825
B1152595544556N00819841EA0000000877
B1153045544595N00819929EA0000000890
B1153115544532N00820049EA0000000891
B1153205544425N00819816EA0000000885
B1153255544448N00819644EA0000000896
B1153305544501N00819507EA0000000911
B1153365544584N00819480EA0000000925
B1153415544592N00819598EA0000000925
B1153565544424N00819423EA0000000941
B1154025544481N00819261EA0000000962
B1154075544548N00819279EA0000000960
B1154135544555N00819429EA0000000969
B1154245544403N00819346EA0000000984
B1154295544428N00819189EA0000000993
B1154345544502N00819169EA0000001000
B1154395544542N00819280EA0000001009
B1154445544526N00819407EA0000001028
B1154575544359N00819221EA0000001024
B1155035544380N00819017EA0000001042
B1155085544432N00818893EA0000001053
B1155135544504N00818902EA0000001061
B1155205544505N00819067EA0000001076
B1155315544390N00818885EA0000001092
B1155365544459N00818828EA0000001100
B1155445544482N00819009EA0000001120
B1155585544354N00818784EA0000001136
B1156035544430N00818738EA0000001151
B1156115544447N00818911EA0000001171
B1156245544327N00818682EA0000001192
B1156295544398N00818625EA0000001203
B1156345544441N00818721EA0000001213
B1156405544376N00818836EA0000001221
B1156525544292N00818551EA0000001237
B1156585544381N00818519EA0000001247
B1157055544395N00818686EA0000001265
B1157195544269N00818449EA0000001281
B1157245544343N00818416EA0000001287
B1157315544357N00818585EA0000001296
B1157465544246N00818320EA0000001317
B1157515544323N00818302EA0000001328
B1157595544351N00818480EA0000001339
B1158045544269N00818518EA0000001346
B1158155544232N00818204EA0000001358
B1158205544309N00818167EA0000001368
B1158255544373N00818235EA0000001377
B1158315544399N00818376EA0000001394
B1158395544400N00818565EA0000001411
B1158535544270N00818365EA0000001424
B1158585544346N00818322EA0000001434
B1159035544399N00818410EA0000001439
B1159085544416N00818545EA0000001448
B1159155544376N00818723EA0000001441
B1159225544369N00818947EA0000001391
B1159285544384N00819176EA0000001363
B1159355544402N00819441EA0000001359
B1159415544416N00819656EA0000001359
B1159475544428N00819858EA0000001358
B1159575544453N00820189EA0000001348
B1200035544466N00820381EA0000001348
B1200105544478N00820611EA0000001332
B1200175544481N00820845EA0000001336
B1200235544484N00821043EA0000001337
B1200295544482N00821233EA0000001362
B1200375544464N00821446EA0000001380
B1200445544452N00821632EA0000001379
B1200495544463N00821773EA0000001365
B1200545544500N00821921EA0000001333
B1201005544575N00822107EA0000001296
B1201085544693N00822352EA0000001281
B1201155544805N00822557EA0000001278
B1201205544889N00822687EA0000001291
B1201255544970N00822799EA0000001317
B1201315545054N00822905EA0000001322
B1201375545134N00823039EA0000001298
B1201425545200N00823175EA0000001287
B1201495545288N00823348EA0000001324
B1201545545341N00823430EA0000001341
B1202005545402N00823535EA0000001342
B1202055545445N00823639EA0000001357
B1202115545417N00823793EA0000001362
B1202185545302N00823773EA0000001373
B1202245545273N00823578EA0000001367
B1202295545327N00823454EA0000001391
B1202345545386N00823375EA0000001411
B1202395545451N00823341EA0000001413
B1202445545514N00823383EA0000001404
B1202495545556N00823491EA0000001392
B1202555545609N00823647EA0000001372
B1203025545681N00823871EA0000001328
B1203105545784N00824127EA0000001318
B1203175545874N00824353EA0000001296
B1203235545952N00824559EA0000001277
B1203285546014N00824731EA0000001266
B1203385546141N00825075EA0000001234
B1203455546231N00825319EA0000001223
B1203525546326N00825562EA0000001207
B1203585546406N00825772EA0000001202
B1204075546507N00826037EA0000001279
B1204135546550N00826140EA0000001280
B1204185546593N00826246EA0000001254
B1204245546655N00826405EA0000001221
B1204295546715N00826555EA0000001210
B1204365546797N00826767EA0000001233
B1204425546858N00826900EA0000001288
B1204495546902N00827029EA0000001278
B1204555546889N00827202EA0000001265
B1205015546883N00827394EA0000001259
B1205075546875N00827587EA0000001277
B1205155546871N00827798EA0000001319
B1205225546796N00827907EA0000001318
B1205315546678N00827717EA0000001327
B1205365546690N00827558EA0000001335
B1205415546753N00827468EA0000001340
B1205465546829N00827486EA0000001335
B1205525546903N00827602EA0000001337
B1205585546964N00827725EA0000001363
B1206035547010N00827821EA0000001379
B1206085547004N00827941EA0000001385
B1206135546936N00828010EA0000001371
B1206185546848N00827962EA0000001357
B1206235546801N00827789EA0000001352
B1206295546825N00827571EA0000001398
B1206345546888N00827485EA0000001424
B1206395546950N00827540EA0000001417
B1206455546919N00827689EA0000001423
B1206575546807N00827442EA0000001460
B1207025546876N00827364EA0000001463
B1207085546938N00827478EA0000001458
B1207135546919N00827622EA0000001472
B1207185546865N00827724EA0000001480
B1207245546765N00827740EA0000001464
B1207325546633N00827586EA0000001468
B1207385546573N00827392EA0000001487
B1207435546573N00827227EA0000001508
B1207485546626N00827118EA0000001514
B1207545546705N00827179EA0000001521
B1207595546699N00827310EA0000001529
B1208055546604N00827374EA0000001547
B1208145546566N00827136EA0000001560
B1208215546663N00827175EA0000001569
B1208275546650N00827337EA0000001591
B1208345546536N00827326EA0000001604
B1208405546507N00827126EA0000001605
B1208455546574N00827042EA0000001625
B1208515546635N00827146EA0000001631
B1208565546594N00827269EA0000001643
B1209035546475N00827208EA0000001659
B1209085546453N00827042EA0000001662
B1209135546496N00826902EA0000001677
B1209185546571N00826864EA0000001681
B1209235546630N00826939EA0000001692
B1209285546614N00827068EA0000001688
B1209375546470N00827005EA0000001710
B1209425546463N00826839EA0000001717
B1209475546513N00826713EA0000001721
B1209525546595N00826697EA0000001716
B1209575546668N00826777EA0000001714
B1210025546725N00826897EA0000001704
B1210085546794N00827076EA0000001672
B1210145546869N00827281EA0000001654
B1210195546932N00827447EA0000001653
B1210275547047N00827693EA0000001634
B1210325547135N00827827EA0000001619
B1210395547272N00827994EA0000001611
B1210445547370N00828106EA0000001609
B1210495547468N00828212EA0000001610
B1210545547563N00828306EA0000001613
B1211015547687N00828426EA0000001611
B1211095547825N00828574EA0000001602
B1211145547907N00828683EA0000001595
B1211225548023N00828882EA0000001597
B1211275548092N00829012EA0000001608
B1211335548162N00829151EA0000001618
B1211385548227N00829274EA0000001590
B1211445548309N00829438EA0000001581
B1211505548384N00829610EA0000001590
B1211555548441N00829758EA0000001579
B1212025548513N00829999EA0000001558
B1212095548568N00830255EA0000001557
B1212145548601N00830442EA0000001545
B1212195548628N00830636EA0000001537
B1212265548656N00830900EA0000001534
B1212315548666N00831091EA0000001526
B1212375548681N00831311EA0000001535
B1212425548692N00831482EA0000001527
B1212475548699N00831664EA0000001511
B1212525548710N00831860EA0000001497
B1212575548720N00832064EA0000001491
B1213035548732N00832312EA0000001482
B1213085548741N00832518EA0000001480
B1213135548748N00832722EA0000001476
B1213195548756N00832966EA0000001468
B1213245548764N00833163EA0000001466
B1213315548777N00833433EA0000001456
B1213375548789N00833664EA0000001449
B1213435548803N00833891EA0000001445
B1213495548817N00834111EA0000001445
B1213565548832N00834365EA0000001436
B1214015548848N00834546EA0000001441
B1214065548860N00834695EA0000001482
B1214125548867N00834834EA0000001489
B1214185548873N00834984EA0000001471
B1214265548881N00835205EA0000001448
B1214315548891N00835368EA0000001421
B1214395548896N00835659EA0000001404
B1214495548905N00836045EA0000001372
B1214545548910N00836241EA0000001370
B1214595548917N00836425EA0000001375
B1215055548922N00836641EA0000001364
B1215145548929N00836982EA0000001335
B1215225548929N00837301EA0000001323
B1215275548929N00837502EA0000001314
B1215335548930N00837745EA0000001306
B1215385548932N00837951EA0000001298
B1215435548934N00838153EA0000001305
B1215495548931N00838374EA0000001321
B1215545548927N00838548EA0000001324
B1215595548924N00838725EA0000001323
B1216045548916N00838887EA0000001333
B1216095548912N00839044EA0000001325
B1216145548905N00839207EA0000001322
B1216205548898N00839410EA0000001312
B1216265548895N00839625EA0000001301
B1216345548896N00839922EA0000001312
B1216395548895N00840071EA0000001371
B1216445548922N00840157EA0000001379
B1216495548999N00840147EA0000001338
B1216545549040N00839978EA0000001331
B1216595549005N00839793EA0000001324
B1217055548909N00839643EA0000001341
B1217105548815N00839592EA0000001346
B1217155548725N00839614EA0000001342
B1217235548643N00839820EA0000001333
B1217305548633N00840031EA0000001351
B1217365548649N00840209EA0000001326
B1217415548677N00840374EA0000001309
B1217485548738N00840575EA0000001351
B1217535548808N00840537EA0000001367
B1217585548816N00840367EA0000001356
B1218035548741N00840242EA0000001352
B1218085548642N00840222EA0000001351
B1218135548559N00840294EA0000001357
B1218185548513N00840418EA0000001358
B1218235548506N00840560EA0000001353
B1218325548550N00840833EA0000001339
B1218395548601N00841071EA0000001323
B1218455548657N00841247EA0000001360
B1218505548724N00841281EA0000001368
B1218565548775N00841140EA0000001325
B1219015548721N00840982EA0000001328
B1219075548612N00840898EA0000001328
B1219125548516N00840928EA0000001324
B1219175548444N00841040EA0000001317
B1219225548411N00841189EA0000001307
B1219305548418N00841468EA0000001272
B1219355548446N00841651EA0000001260
B1219435548496N00841935EA0000001262
B1219505548542N00842175EA0000001248
B1219585548605N00842447EA0000001236
B1220045548648N00842637EA0000001256
B1220095548681N00842784EA0000001265
B1220165548724N00842980EA0000001264
B1220215548763N00843129EA0000001265
B1220265548794N00843257EA0000001317
B1220315548829N00843338EA0000001324
B1220375548921N00843286EA0000001300
B1220425548928N00843114EA0000001311
B1220475548859N00843006EA0000001317
B1220525548768N00843000EA0000001322
B1220575548691N00843065EA0000001344
B1221025548676N00843186EA0000001348
B1221075548753N00843199EA0000001329
B1221125548769N00843034EA0000001339
B1221185548668N00842948EA0000001354
B1221235548582N00842983EA0000001375
B1221285548533N00843081EA0000001378
B1221335548527N00843209EA0000001379
B1221385548548N00843323EA0000001381
B1221435548588N00843430EA0000001348
B1221505548691N00843584EA0000001320
B1221565548797N00843711EA0000001319
B1222025548905N00843819EA0000001336
B1222105549040N00843919EA0000001360
B1222165549141N00844000EA0000001347
B1222215549227N00844074EA0000001360
B1222275549319N00844147EA0000001352
B1222325549407N00844223EA0000001298
B1222385549538N00844333EA0000001265
B1222445549673N00844440EA0000001263
B1222515549823N00844566EA0000001258
B1223005550007N00844732EA0000001250
B1223065550124N00844843EA0000001241
B1223135550264N00844972EA0000001216
B1223205550402N00845109EA0000001201
B1223255550498N00845211EA0000001192
B1223315550614N00845332EA0000001165
B1223375550735N00845462EA0000001135
B1223425550844N00845574EA0000001117
B1223475550953N00845686EA0000001112
B1223525551056N00845793EA0000001124
B1223595551177N00845915EA0000001149
B1224065551289N00846025EA0000001156
B1224115551366N00846079EA0000001191
B1224165551432N00846117EA0000001215
B1224215551466N00846220EA0000001209
B1224265551422N00846341EA0000001204
B1224315551328N00846329EA0000001204
B1224365551250N00846194EA0000001208
B1224415551223N00846013EA0000001224
B1224465551240N00845848EA0000001243
B1224515551301N00845764EA0000001241
B1224575551387N00845823EA0000001231
B1225035551401N00845992EA0000001238
B1225095551341N00846133EA0000001260
B1225155551240N00846070EA0000001253
B1225205551217N00845896EA0000001252
B1225255551269N00845757EA0000001264
B1225305551341N00845677EA0000001278
B1225365551428N00845656EA0000001272
B1225415551498N00845711EA0000001255
B1225465551570N00845804EA0000001220
B1225525551673N00845938EA0000001196
B1225575551762N00846059EA0000001174
B1226045551893N00846238EA0000001176
B1226095551970N00846344EA0000001220
B1226145551981N00846463EA0000001224
B1226205551902N00846540EA0000001196
B1226255551819N00846440EA0000001176
B1226325551782N00846185EA0000001169
B1226385551794N00845982EA0000001190
B1226435551825N00845848EA0000001192
B1226485551893N00845768EA0000001172
B1226545552003N00845759EA0000001148
B1227005552116N00845812EA0000001124
B1227055552210N00845890EA0000001100
B1227105552305N00845996EA0000001080
B1227155552398N00846117EA0000001073
B1227205552485N00846241EA0000001075
B1227255552568N00846371EA0000001063
B1227305552650N00846506EA0000001064
B1227355552730N00846637EA0000001073
B1227415552811N00846785EA0000001090
B1227465552879N00846907EA0000001081
B1227515552949N00847030EA0000001065
B1227565553023N00847159EA0000001055
B1228015553093N00847292EA0000001058
B1228065553166N00847424EA0000001043
B1228135553269N00847609EA0000001042
B1228185553341N00847743EA0000001044
B1228235553408N00847871EA0000001063
B1228285553455N00847977EA0000001107
B1228335553478N00848082EA0000001111
B1228385553447N00848203EA0000001093
B1228435553355N00848225EA0000001090
B1228485553296N00848097EA0000001078
B1228535553309N00847925EA0000001069
B1228585553366N00847782EA0000001071
B1229035553441N00847676EA0000001075
B1229085553532N00847605EA0000001063
B1229135553634N00847588EA0000001040
B1229185553737N00847625EA0000001017
B1229235553841N00847690EA0000000997
B1229315554003N00847824EA0000000981
B1229375554122N00847932EA0000000974
B1229495554355N00848172EA0000000950
B1229545554445N00848275EA0000000947
B1230005554548N00848406EA0000000943
B1230055554626N00848522EA0000000948
B1230115554714N00848657EA0000000953
B1230185554806N00848803EA0000000965
B1230235554860N00848899EA0000000978
B1230295554921N00849015EA0000000983
B1230345554971N00849113EA0000001000
B1230415554993N00849284EA0000000988
B1230465554923N00849389EA0000000985
B1230515554828N00849349EA0000000985
B1230565554781N00849187EA0000000996
B1231015554798N00849014EA0000001015
B1231065554877N00848980EA0000001020
B1231115554910N00849106EA0000001029
B1231165554846N00849201EA0000001038
B1231225554754N00849086EA0000001043
B1231275554773N00848917EA0000001056
B1231325554856N00848909EA0000001059
B1231385554842N00849067EA0000001076
B1231435554754N00849023EA0000001079
B1231485554755N00848846EA0000001081
B1231535554842N00848816EA0000001093
B1231585554862N00848954EA0000001111
B1232035554784N00849020EA0000001118
B1232085554713N00848898EA0000001119
B1232135554744N00848731EA0000001133
B1232185554834N00848719EA0000001144
B1232235554848N00848855EA0000001154
B1232285554758N00848875EA0000001158
B1232335554726N00848705EA0000001164
B1232395554825N00848630EA0000001180
B1232445554863N00848756EA0000001189
B1232495554799N00848860EA0000001188
B1232545554708N00848785EA0000001198
B1232595554702N00848606EA0000001209
B1233055554795N00848533EA0000001210
B1233105554855N00848650EA0000001219
B1233155554825N00848790EA0000001226
B1233225554693N00848756EA0000001221
B1233275554633N00848596EA0000001233
B1233335554630N00848385EA0000001263
B1233385554701N00848318EA0000001270
B1233435554758N00848419EA0000001260
B1233495554697N00848564EA0000001275
B1233555554584N00848500EA0000001280
B1234005554530N00848334EA0000001293
B1234055554558N00848169EA0000001312
B1234105554640N00848135EA0000001318
B1234165554672N00848286EA0000001331
B1234215554594N00848357EA0000001341
B1234265554513N00848260EA0000001350
B1234315554521N00848084EA0000001356
B1234365554604N00848026EA0000001368
B1234415554653N00848143EA0000001377
B1234465554604N00848266EA0000001388
B1234515554508N00848240EA0000001398
B1234565554467N00848077EA0000001407
B1235015554514N00847923EA0000001414
B1235065554599N00847896EA0000001429
B1235115554651N00848008EA0000001431
B1235165554612N00848149EA0000001435
B1235215554514N00848166EA0000001447
B1235265554443N00848034EA0000001457
B1235315554452N00847851EA0000001460
B1235365554532N00847760EA0000001469
B1235415554605N00847832EA0000001479
B1235465554596N00847978EA0000001486
B1235515554509N00848036EA0000001495
B1235565554425N00847935EA0000001503
B1236015554416N00847749EA0000001503
B1236065554486N00847622EA0000001513
B1236115554572N00847644EA0000001520
B1236165554596N00847790EA0000001520
B1236215554524N00847895EA0000001526
B1236275554411N00847803EA0000001542
B1236325554393N00847622EA0000001551
B1236385554417N00847413EA0000001570
B1236435554453N00847267EA0000001573
B1236485554530N00847200EA0000001555
B1236545554641N00847245EA0000001543
B1237005554743N00847346EA0000001536
B1237055554832N00847461EA0000001503
B1237115554956N00847616EA0000001469
B1237165555061N00847737EA0000001479
B1237215555153N00847852EA0000001490
B1237275555248N00847994EA0000001494
B1237325555324N00848117EA0000001498
B1237385555405N00848265EA0000001528
B1237435555474N00848370EA0000001529
B1237485555539N00848476EA0000001530
B1237535555609N00848579EA0000001529
B1237585555682N00848682EA0000001529
B1238035555753N00848771EA0000001557
B1238085555803N00848851EA0000001561
B1238145555888N00848939EA0000001530
B1238195555974N00849006EA0000001513
B1238245556067N00849069EA0000001497
B1238325556222N00849162EA0000001489
B1238375556320N00849218EA0000001473
B1238425556428N00849271EA0000001443
B1238485556569N00849337EA0000001436
B1238535556683N00849392EA0000001427
B1238585556798N00849445EA0000001406
B1239035556916N00849499EA0000001391
B1239095557058N00849560EA0000001382
B1239175557242N00849623EA0000001378
B1239225557356N00849664EA0000001360
B1239285557497N00849714EA0000001349
B1239335557612N00849755EA0000001342
B1239395557748N00849809EA0000001337
B1239455557886N00849867EA0000001326
B1239505558004N00849920EA0000001303
B1239575558180N00850003EA0000001289
B1240035558327N00850082EA0000001300
B1240085558448N00850149EA0000001282
B1240135558574N00850221EA0000001287
B1240185558680N00850285EA0000001356
B1240235558767N00850329EA0000001358
B1240285558862N00850378EA0000001334
B1240335558966N00850427EA0000001337
B1240395559087N00850486EA0000001325
B1240455559217N00850552EA0000001308
B1240505559328N00850612EA0000001322
B1240565559441N00850676EA0000001349
B1241025559557N00850735EA0000001322
B1241075559666N00850784EA0000001329
B1241125559773N00850834EA0000001321
B1241195559927N00850907EA0000001305
B1241265600081N00850987EA0000001306
B1241315600186N00851051EA0000001307
B1241365600290N00851117EA0000001298
B1241415600397N00851173EA0000001285
B1241465600501N00851225EA0000001281
B1241515600603N00851276EA0000001268
B1241585600751N00851352EA0000001247
B1242045600878N00851410EA0000001248
B1242095600980N00851455EA0000001256
B1242145601073N00851501EA0000001289
B1242195601129N00851543EA0000001329
B1242245601173N00851576EA0000001317
B1242315601263N00851629EA0000001272
B1242365601350N00851651EA0000001243
B1242415601453N00851647EA0000001232
B1242465601560N00851623EA0000001245
B1242525601681N00851598EA0000001255
B1242575601769N00851562EA0000001272
B1243025601854N00851547EA0000001260
B1243085601959N00851558EA0000001248
B1243135602046N00851604EA0000001242
B1243195602143N00851670EA0000001253
B1243245602214N00851739EA0000001248
B1243295602283N00851830EA0000001240
B1243345602345N00851947EA0000001239
B1243395602393N00852081EA0000001250
B1243445602430N00852209EA0000001277
B1243495602398N00852326EA0000001285
B1243545602306N00852346EA0000001283
B1243595602232N00852232EA0000001298
B1244045602213N00852072EA0000001309
B1244095602255N00851936EA0000001315
B1244145602326N00851860EA0000001319
B1244195602403N00851878EA0000001312
B1244255602484N00851964EA0000001338
B1244305602524N00852046EA0000001345
B1244365602549N00852180EA0000001308
B1244415602594N00852324EA0000001279
B1244465602646N00852479EA0000001296
B1244515602689N00852606EA0000001321
B1244565602721N00852716EA0000001300
B1245015602768N00852843EA0000001261
B1245065602825N00852984EA0000001251
B1245115602880N00853122EA0000001264
B1245165602934N00853250EA0000001280
B1245215602979N00853360EA0000001298
B1245265603029N00853458EA0000001301
B1245315603085N00853561EA0000001313
B1245365603140N00853647EA0000001326
B1245425603207N00853751EA0000001335
B1245475603226N00853879EA0000001347
B1245545603120N00853948EA0000001354
B1245595603067N00853799EA0000001358
B1246045603098N00853651EA0000001382
B1246095603166N00853646EA0000001391
B1246145603181N00853775EA0000001401
B1246195603104N00853841EA0000001409
B1246245603032N00853730EA0000001419
B1246295603051N00853574EA0000001429
B1246345603126N00853544EA0000001432
B1246395603179N00853643EA0000001449
B1246445603152N00853770EA0000001464
B1246495603061N00853790EA0000001461
B1246545602992N00853661EA0000001473
B1246595603018N00853519EA0000001489
B1247045603091N00853514EA0000001494
B1247095603105N00853641EA0000001508
B1247145603022N00853686EA0000001515
B1247195602969N00853549EA0000001517
B1247245603024N00853443EA0000001522
B1247295603094N00853510EA0000001530
B1247345603097N00853649EA0000001550
B1247415602985N00853712EA0000001553
B1247465602917N00853579EA0000001551
B1247515602914N00853409EA0000001567
B1247565602954N00853265EA0000001566
B1248015603029N00853178EA0000001562
B1248065603118N00853209EA0000001552
B1248125603196N00853356EA0000001560
B1248175603250N00853487EA0000001584
B1248225603290N00853605EA0000001601
B1248285603341N00853767EA0000001549
B1248335603397N00853937EA0000001522
B1248395603464N00854151EA0000001514
B1248445603516N00854328EA0000001509
B1248495603568N00854499EA0000001506
B1248545603619N00854669EA0000001498
B1248595603669N00854844EA0000001488
B1249045603720N00855020EA0000001479
B1249105603780N00855235EA0000001465
B1249155603830N00855422EA0000001452
B1249205603880N00855611EA0000001452
B1249265603936N00855826EA0000001461
B1249325603993N00856039EA0000001452
B1249395604059N00856288EA0000001442
B1249445604106N00856460EA0000001436
B1249495604157N00856625EA0000001428
B1249555604219N00856819EA0000001413
B1250015604284N00857017EA0000001405
B1250065604332N00857187EA0000001395
B1250115604381N00857359EA0000001385
B1250175604442N00857564EA0000001384
B1250225604493N00857729EA0000001394
B1250285604555N00857921EA0000001389
B1250335604611N00858079EA0000001376
B1250385604665N00858241EA0000001385
B1250435604718N00858397EA0000001397
B1250485604771N00858518EA0000001437
B1250535604832N00858577EA0000001430
B1250585604901N00858657EA0000001409
B1251055604999N00858801EA0000001423
B1251105605061N00858910EA0000001431
B1251155605118N00859028EA0000001422
B1251235605214N00859248EA0000001400
B1251285605273N00859393EA0000001410
B1251345605334N00859544EA0000001430
B1251395605379N00859657EA0000001425
B1251455605441N00859811EA0000001384
B1251505605500N00859963EA0000001366
B1251565605566N00900147EA0000001365
B1252025605624N00900323EA0000001368
B1252075605667N00900480EA0000001350
B1252125605703N00900653EA0000001335
B1252185605733N00900873EA0000001329
B1252245605745N00901095EA0000001324
B1252295605744N00901263EA0000001369
B1252345605730N00901391EA0000001366
B1252415605716N00901605EA0000001350
B1252465605703N00901766EA0000001330
B1252525605692N00901990EA0000001296
B1252575605692N00902192EA0000001278
B1253025605697N00902392EA0000001268
B1253075605708N00902585EA0000001260
B1253125605720N00902767EA0000001259
B1253175605739N00902936EA0000001258
B1253225605764N00903102EA0000001240
B1253285605809N00903312EA0000001206
B1253335605856N00903496EA0000001201
B1253385605904N00903669EA0000001211
B1253445605963N00903872EA0000001212
B1253515606036N00904101EA0000001234
B1253575606076N00904258EA0000001273
B1254025606105N00904366EA0000001252
B1254075606150N00904487EA0000001233
B1254125606203N00904610EA0000001225
B1254175606258N00904737EA0000001212
B1254235606329N00904898EA0000001215
B1254285606387N00905033EA0000001228
B1254335606441N00905145EA0000001260
B1254385606489N00905244EA0000001277
B1254435606485N00905375EA0000001270
B1254485606406N00905439EA0000001272
B1254535606334N00905349EA0000001294
B1254585606337N00905204EA0000001308
B1255055606433N00905164EA0000001312
B1255105606454N00905292EA0000001319
B1255155606384N00905373EA0000001314
B1255205606307N00905287EA0000001329
B1255255606298N00905138EA0000001354
B1255305606348N00905043EA0000001353
B1255355606420N00905101EA0000001350
B1255405606403N00905239EA0000001359
B1255455606318N00905250EA0000001362
B1255515606281N00905087EA0000001374
B1255565606340N00904994EA0000001381
B1256015606415N00905018EA0000001392
B1256065606474N00905080EA0000001403
B1256125606528N00905172EA0000001408
B1256185606569N00905289EA0000001391
B1256235606599N00905409EA0000001391
B1256285606635N00905527EA0000001403
B1256335606673N00905638EA0000001411
B1256385606701N00905758EA0000001413
B1256435606678N00905897EA0000001413
B1256485606605N00905967EA0000001406
B1256535606524N00905886EA0000001389
B1256585606507N00905732EA0000001399
B1257045606556N00905581EA0000001389
B1257095606631N00905513EA0000001396
B1257155606728N00905497EA0000001400
B1257205606808N00905536EA0000001393
B1257255606874N00905639EA0000001386
B1257305606911N00905787EA0000001394
B1257355606932N00905934EA0000001411
B1257415606943N00906100EA0000001423
B1257465606947N00906241EA0000001431
B1257555606946N00906492EA0000001444
B1258005606938N00906637EA0000001453
B1258055606909N00906776EA0000001467
B1258105606831N00906859EA0000001465
B1258155606733N00906804EA0000001464
B1258205606694N00906645EA0000001491
B1258255606722N00906506EA0000001509
B1258305606798N00906465EA0000001516
B1258355606855N00906561EA0000001523
B1258405606836N00906719EA0000001527
B1258455606751N00906802EA0000001546
B1258505606661N00906731EA0000001539
B1258555606633N00906567EA0000001558
B1259005606666N00906425EA0000001575
B1259055606737N00906367EA0000001577
B1259105606806N00906434EA0000001582
B1259155606805N00906588EA0000001592
B1259205606725N00906671EA0000001610
B1259255606630N00906608EA0000001596
B1259305606601N00906430EA0000001592
B1259355606636N00906266EA0000001615
B1259405606691N00906150EA0000001632
B1259455606770N00906137EA0000001629
B1259505606821N00906256EA0000001625
B1259555606778N00906405EA0000001636
B1300005606676N00906408EA0000001651
B1300055606624N00906245EA0000001654
B1300105606677N00906099EA0000001664
B1300155606757N00906137EA0000001662
B1300205606778N00906290EA0000001662
B1300255606743N00906448EA0000001675
B1300315606640N00906547EA0000001688
B1300365606547N00906459EA0000001683
B1300415606525N00906284EA0000001682
B1300465606581N00906147EA0000001691
B1300515606666N00906091EA0000001699
B1300565606749N00906120EA0000001698
B1301025606826N00906252EA0000001699
B1301075606872N00906399EA0000001693
B1301125606906N00906565EA0000001681
B1301175606943N00906746EA0000001658
B1301235606988N00906986EA0000001632
B1301285607022N00907191EA0000001647
B1301345607051N00907402EA0000001678
B1301405607074N00907599EA0000001670
B1301465607099N00907802EA0000001668
B1301525607123N00907999EA0000001673
B1301585607150N00908187EA0000001659
B1302055607177N00908417EA0000001645
B1302105607197N00908591EA0000001628
B1302155607220N00908781EA0000001606
B1302205607241N00908978EA0000001606
B1302255607264N00909171EA0000001603
B1302315607289N00909408EA0000001591
B1302365607305N00909605EA0000001601
B1302415607323N00909790EA0000001607
B1302465607342N00909969EA0000001620
B1302515607360N00910120EA0000001662
B1302565607369N00910225EA0000001681
B1303015607385N00910329EA0000001665
B1303075607416N00910473EA0000001658
B1303145607446N00910654EA0000001670
B1303195607469N00910784EA0000001673
B1303245607489N00910925EA0000001669
B1303305607513N00911106EA0000001648
B1303355607531N00911289EA0000001609
B1303415607541N00911553EA0000001593
B1303515607541N00912006EA0000001590
B1303565607536N00912217EA0000001596
B1304015607528N00912431EA0000001579
B1304065607518N00912650EA0000001575
B1304115607508N00912862EA0000001583
B1304175607497N00913103EA0000001584
B1304225607489N00913304EA0000001573
B1304285607476N00913550EA0000001567
B1304335607464N00913753EA0000001564
B1304385607454N00913956EA0000001567
B1304435607446N00914154EA0000001573
B1304505607446N00914425EA0000001589
B1304565607459N00914642EA0000001604
B1305025607475N00914861EA0000001605
B1305075607494N00915041EA0000001620
B1305125607513N00915197EA0000001663
B1305175607523N00915337EA0000001673
B1305225607536N00915487EA0000001671
B1305275607547N00915645EA0000001678
B1305335607570N00915831EA0000001679
B1305385607588N00915993EA0000001673
B1305435607607N00916157EA0000001668
B1305495607631N00916366EA0000001655
B1305545607652N00916543EA0000001660
B1305595607671N00916713EA0000001663
B1306045607693N00916891EA0000001634
B1306095607722N00917095EA0000001611
B1306145607755N00917314EA0000001590
B1306195607791N00917548EA0000001563
B1306245607828N00917792EA0000001547
B1306315607878N00918129EA0000001544
B1306375607918N00918414EA0000001534
B1306425607953N00918649EA0000001529
B1306475607990N00918874EA0000001529
B1306525608026N00919095EA0000001521
B1306585608071N00919359EA0000001513
B1307035608108N00919577EA0000001512
B1307085608144N00919789EA0000001509
B1307145608186N00920031EA0000001513
B1307195608219N00920229EA0000001497
B1307245608255N00920435EA0000001484
B1307295608290N00920644EA0000001485
B1307345608327N00920852EA0000001489
B1307405608369N00921081EA0000001504
B1307465608406N00921303EA0000001478
B1307515608440N00921504EA0000001461
B1307575608471N00921742EA0000001488
B1308025608492N00921929EA0000001490
B1308105608523N00922236EA0000001499
B1308165608545N00922469EA0000001500
B1308225608564N00922707EA0000001501
B1308275608580N00922901EA0000001505
B1308325608591N00923085EA0000001504
B1308375608600N00923271EA0000001491
B1308425608608N00923464EA0000001487
B1308475608613N00923639EA0000001521
B1308525608620N00923794EA0000001515
B1308575608633N00923959EA0000001504
B1309035608654N00924173EA0000001485
B1309095608674N00924405EA0000001470
B1309145608697N00924601EA0000001471
B1309195608720N00924791EA0000001462
B1309255608754N00925018EA0000001454
B1309315608793N00925247EA0000001443
B1309365608832N00925437EA0000001431
B1309415608871N00925634EA0000001418
B1309485608921N00925901EA0000001425
B1309535608949N00926084EA0000001428
B1309585608976N00926266EA0000001436
B1310065609017N00926532EA0000001459
B1310115609045N00926678EA0000001471
B1310175609086N00926836EA0000001482
B1310225609122N00926962EA0000001487
B1310275609165N00927075EA0000001493
B1310325609209N00927178EA0000001494
B1310375609251N00927301EA0000001490
B1310425609294N00927422EA0000001509
B1310475609340N00927521EA0000001513
B1310525609391N00927606EA0000001497
B1310575609429N00927736EA0000001466
B1311055609449N00928026EA0000001436
B1311115609453N00928263EA0000001424
B1311205609451N00928610EA0000001433
B1311275609441N00928874EA0000001412
B1311335609432N00929112EA0000001398
B1311385609427N00929316EA0000001394
B1311445609424N00929557EA0000001393
B1311495609421N00929753EA0000001390
B1311545609419N00929947EA0000001383
B1311595609417N00930143EA0000001377
B1312055609418N00930381EA0000001382
B1312105609433N00930546EA0000001430
B1312155609467N00930644EA0000001457
B1312205609529N00930660EA0000001451
B1312255609580N00930550EA0000001451
B1312305609559N00930387EA0000001452
B1312355609479N00930278EA0000001450
B1312405609380N00930288EA0000001449
B1312455609314N00930412EA0000001457
B1312505609283N00930557EA0000001482
B1312555609274N00930688EA0000001490
B1313015609289N00930852EA0000001485
B1313065609318N00930992EA0000001495
B1313125609365N00931135EA0000001514
B1313185609414N00931278EA0000001512
B1313245609460N00931437EA0000001518
B1313325609523N00931650EA0000001503
B1313385609582N00931817EA0000001481
B1313445609647N00932005EA0000001454
B1313495609700N00932175EA0000001446
B1313545609748N00932324EA0000001463
B1313595609824N00932370EA0000001426
B1314045609887N00932213EA0000001372
B1314095609870N00931974EA0000001359
B1314145609816N00931750EA0000001355
B1314195609751N00931546EA0000001354
B1314255609667N00931315EA0000001342
B1314315609581N00931082EA0000001348
B1314365609512N00930892EA0000001352
B1314425609424N00930671EA0000001352
B1314485609340N00930448EA0000001355
B1314535609272N00930261EA0000001351
B1314585609208N00930065EA0000001338
B1315045609132N00929815EA0000001320
B1315105609048N00929559EA0000001311
B1315155608981N00929342EA0000001307
B1315205608921N00929127EA0000001306
B1315275608840N00928822EA0000001289
B1315325608785N00928598EA0000001281
B1315375608734N00928374EA0000001277
B1315435608675N00928105EA0000001263
B1315495608614N00927824EA0000001243
B1315545608564N00927588EA0000001239
B1316005608503N00927307EA0000001229
B1316065608445N00927030EA0000001243
B1316115608400N00926828EA0000001291
B1316165608367N00926666EA0000001312
B1316215608334N00926500EA0000001293
B1316265608297N00926309EA0000001283
B1316315608249N00926122EA0000001290
B1316365608203N00925942EA0000001287
B1316415608159N00925753EA0000001267
B1316465608115N00925546EA0000001251
B1316515608076N00925331EA0000001246
B1316575608029N00925083EA0000001249
B1317025607991N00924877EA0000001225
B1317075607947N00924655EA0000001206
B1317125607903N00924443EA0000001219
B1317185607853N00924210EA0000001213
B1317255607798N00923923EA0000001185
B1317305607757N00923709EA0000001171
B1317355607716N00923490EA0000001159
B1317435607658N00923135EA0000001149
B1317485607623N00922911EA0000001130
B1317535607589N00922672EA0000001115
B1317585607561N00922434EA0000001140
B1318035607539N00922234EA0000001179
B1318095607510N00922038EA0000001206
B1318165607472N00921826EA0000001205
B1318235607433N00921590EA0000001198
B1318285607409N00921422EA0000001224
B1318335607412N00921279EA0000001230
B1318385607462N00921176EA0000001219
B1318435607538N00921183EA0000001208
B1318485607575N00921301EA0000001217
B1318535607543N00921432EA0000001220
B1319015607420N00921536EA0000001244
B1319065607332N00921532EA0000001245
B1319115607239N00921488EA0000001247
B1319185607112N00921387EA0000001256
B1319235607045N00921279EA0000001273
B1319285607040N00921138EA0000001267
B1319335607101N00921049EA0000001272
B1319385607166N00921099EA0000001282
B1319435607177N00921233EA0000001277
B1319485607122N00921352EA0000001291
B1319545607022N00921419EA0000001310
B1319595606935N00921407EA0000001319
B1320045606879N00921278EA0000001306
B1320095606848N00921111EA0000001320
B1320145606824N00920958EA0000001339
B1320195606880N00920869EA0000001326
B1320245606942N00920959EA0000001321
B1320295606918N00921111EA0000001348
B1320345606835N00921182EA0000001358
B1320395606736N00921141EA0000001361
B1320445606692N00920997EA0000001360
B1320495606714N00920830EA0000001360
B1320545606727N00920662EA0000001384
B1320595606737N00920507EA0000001390
B1321045606742N00920344EA0000001386
B1321095606733N00920169EA0000001381
B1321145606720N00919988EA0000001382
B1321195606730N00919827EA0000001396
B1321275606785N00919615EA0000001388
B1321325606801N00919446EA0000001381
B1321375606790N00919256EA0000001392
B1321425606741N00919110EA0000001414
B1321475606654N00919029EA0000001404
B1321525606576N00918907EA0000001390
B1321575606519N00918746EA0000001381
B1322025606469N00918573EA0000001361
B1322085606416N00918348EA0000001355
B1322135606371N00918172EA0000001350
B1322185606328N00917984EA0000001322
B1322235606283N00917777EA0000001298
B1322295606225N00917522EA0000001273
B1322365606150N00917211EA0000001245
B1322425606097N00916938EA0000001242
B1322475606061N00916720EA0000001260
B1322525606029N00916523EA0000001282
B1322585605988N00916325EA0000001313
B1323035605956N00916185EA0000001320
B1323105605918N00915960EA0000001283
B1323155605894N00915769EA0000001272
B1323215605860N00915553EA0000001290
B1323265605828N00915389EA0000001296
B1323325605782N00915188EA0000001292
B1323375605748N00915021EA0000001297
B1323425605719N00914850EA0000001304
B1323475605700N00914686EA0000001328
B1323525605721N00914538EA0000001329
B1323575605789N00914473EA0000001327
B1324025605851N00914551EA0000001324
B1324075605838N00914703EA0000001322
B1324125605758N00914806EA0000001321
B1324185605631N00914840EA0000001341
B1324235605533N00914809EA0000001358
B1324285605460N00914695EA0000001348
B1324335605414N00914530EA0000001325
B1324385605383N00914337EA0000001309
B1324435605356N00914132EA0000001302
B1324485605332N00913923EA0000001306
B1324535605313N00913720EA0000001326
B1324585605304N00913550EA0000001354
B1325045605297N00913360EA0000001337
B1325115605294N00913081EA0000001296
B1325165605293N00912856EA0000001300
B1325215605300N00912644EA0000001330
B1325265605317N00912472EA0000001366
B1325315605341N00912320EA0000001383
B1325365605403N00912253EA0000001355
B1325415605480N00912317EA0000001330
B1325465605489N00912481EA0000001323
B1325515605426N00912616EA0000001343
B1325575605334N00912700EA0000001382
B1326025605251N00912673EA0000001383
B1326075605184N00912556EA0000001386
B1326125605172N00912386EA0000001393
B1326175605224N00912263EA0000001412
B1326225605291N00912320EA0000001398
B1326275605273N00912470EA0000001410
B1326325605196N00912537EA0000001438
B1326375605119N00912450EA0000001431
B1326425605113N00912272EA0000001441
B1326485605205N00912210EA0000001455
B1326535605260N00912311EA0000001448
B1326585605241N00912456EA0000001473
B1327035605178N00912546EA0000001486
B1327085605092N00912566EA0000001479
B1327135605008N00912475EA0000001470
B1327195604954N00912281EA0000001492
B1327245604929N00912112EA0000001498
B1327305604909N00911886EA0000001477
B1327355604902N00911684EA0000001465
B1327405604890N00911464EA0000001433
B1327455604877N00911225EA0000001407
B1327505604863N00910981EA0000001402
B1327555604852N00910739EA0000001396
B1328005604832N00910501EA0000001415
B1328055604817N00910288EA0000001444
B1328105604804N00910094EA0000001440
B1328155604777N00909895EA0000001417
B1328205604734N00909687EA0000001390
B1328255604676N00909482EA0000001383
B1328305604614N00909279EA0000001373
B1328355604547N00909068EA0000001364
B1328405604482N00908853EA0000001372
B1328455604422N00908651EA0000001387
B1328505604368N00908453EA0000001385
B1328565604292N00908209EA0000001370
B1329015604225N00908002EA0000001370
B1329075604147N00907751EA0000001358
B1329125604081N00907538EA0000001341
B1329185603996N00907281EA0000001330
B1329275603870N00906901EA0000001329
B1329325603799N00906691EA0000001324
B1329375603727N00906476EA0000001320
B1329425603660N00906261EA0000001318
B1329475603593N00906045EA0000001309
B1329545603499N00905731EA0000001294
B1330005603416N00905462EA0000001283
B1330065603331N00905205EA0000001289
B1330125603251N00904968EA0000001299
B1330185603170N00904737EA0000001283
B1330235603098N00904549EA0000001298
B1330285603029N00904382EA0000001340
B1330335602956N00904291EA0000001380
B1330385602871N00904299EA0000001374
B1330435602807N00904442EA0000001365
B1330485602835N00904600EA0000001371
B1330535602912N00904630EA0000001369
B1330595602988N00904529EA0000001383
B1331045603021N00904395EA0000001391
B1331095603023N00904239EA0000001397
B1331145603002N00904083EA0000001389
B1331205602932N00903909EA0000001372
B1331255602855N00903789EA0000001395
B1331305602791N00903689EA0000001427
B1331355602715N00903625EA0000001429
B1331405602634N00903689EA0000001417
B1331455602629N00903852EA0000001420
B1331505602693N00903953EA0000001435
B1331555602776N00903956EA0000001438
B1332005602841N00903854EA0000001443
B1332055602860N00903699EA0000001438
B1332105602833N00903531EA0000001414
B1332155602759N00903374EA0000001403
B1332215602658N00903227EA0000001438
B1332265602575N00903131EA0000001444
B1332315602476N00903057EA0000001432
B1332365602366N00903016EA0000001434
B1332415602259N00903015EA0000001443
B1332475602133N00903032EA0000001449
B1332525602038N00903098EA0000001457
B1332575601979N00903244EA0000001455
B1333025601972N00903417EA0000001470
B1333075602016N00903553EA0000001484
B1333125602095N00903601EA0000001492
B1333175602177N00903567EA0000001513
B1333225602226N00903451EA0000001521
B1333275602206N00903294EA0000001515
B1333325602114N00903211EA0000001525
B1333375602019N00903269EA0000001534
B1333425601979N00903423EA0000001528
B1333475602002N00903583EA0000001547
B1333525602066N00903684EA0000001557
B1333575602144N00903663EA0000001567
B1334025602167N00903509EA0000001559
B1334075602095N00903383EA0000001568
B1334125601997N00903398EA0000001584
B1334175601935N00903526EA0000001594
B1334225601948N00903684EA0000001599
B1334275602013N00903777EA0000001607
B1334325602095N00903767EA0000001617
B1334375602151N00903662EA0000001631
B1334425602148N00903507EA0000001621
B1334475602083N00903372EA0000001624
B1334535601994N00903222EA0000001640
B1334585601940N00903069EA0000001649
B1335035601906N00902898EA0000001652
B1335095601887N00902678EA0000001646
B1335145601881N00902477EA0000001629
B1335195601877N00902262EA0000001622
B1335255601881N00902008EA0000001626
B1335315601878N00901755EA0000001611
B1335365601878N00901535EA0000001598
B1335415601878N00901310EA0000001576
B1335475601859N00901042EA0000001580
B1335525601838N00900841EA0000001583
B1335585601808N00900613EA0000001579
B1336035601779N00900419EA0000001586
B1336085601756N00900228EA0000001607
B1336135601771N00900063EA0000001641
B1336185601813N00859939EA0000001646
B1336235601887N00859888EA0000001640
B1336285601955N00859965EA0000001624
B1336335601941N00900128EA0000001610
B1336385601852N00900231EA0000001609
B1336435601743N00900212EA0000001616
B1336495601630N00900129EA0000001652
B1336545601553N00900040EA0000001647
B1336595601481N00859898EA0000001635
B1337045601417N00859737EA0000001641
B1337095601368N00859568EA0000001650
B1337145601321N00859393EA0000001656
B1337195601290N00859215EA0000001675
B1337245601303N00859052EA0000001672
B1337315601323N00858810EA0000001653
B1337365601281N00858611EA0000001632
B1337415601223N00858406EA0000001609
B1337465601154N00858196EA0000001590
B1337515601081N00857995EA0000001581
B1337575600995N00857776EA0000001596
B1338025600931N00857611EA0000001618
B1338075600889N00857459EA0000001645
B1338125600848N00857318EA0000001653
B1338175600826N00857174EA0000001659
B1338225600803N00857022EA0000001636
B1338275600746N00856865EA0000001614
B1338325600675N00856708EA0000001604
B1338385600591N00856530EA0000001619
B1338435600525N00856386EA0000001630
B1338495600449N00856206EA0000001627
B1338545600389N00856049EA0000001653
B1338595600345N00855906EA0000001675
B1339045600315N00855759EA0000001683
B1339095600330N00855607EA0000001688
B1339145600394N00855524EA0000001703
B1339195600462N00855578EA0000001719
B1339245600459N00855721EA0000001724
B1339295600377N00855783EA0000001744
B1339345600306N00855684EA0000001749
B1339395600317N00855538EA0000001751
B1339445600391N00855482EA0000001772
B1339495600446N00855577EA0000001781
B1339545600422N00855728EA0000001785
B1339595600329N00855748EA0000001801
B1340045600281N00855605EA0000001808
B1340095600325N00855476EA0000001820
B1340145600400N00855500EA0000001828
B1340205600409N00855680EA0000001838
B1340255600324N00855752EA0000001856
B1340305600240N00855677EA0000001859
B1340355600213N00855510EA0000001858
B1340405600233N00855361EA0000001883
B1340455600293N00855286EA0000001878
B1340505600371N00855337EA0000001865
B1340555600378N00855493EA0000001871
B1341005600293N00855576EA0000001886
B1341075600160N00855491EA0000001903
B1341145600052N00855323EA0000001915
B1341205559980N00855164EA0000001910
B1341255559921N00855011EA0000001902
B1341305559869N00854846EA0000001901
B1341355559814N00854683EA0000001900
B1341425559716N00854456EA0000001885
B1341485559613N00854262EA0000001867
B1341535559518N00854108EA0000001856
B1342015559364N00853873EA0000001853
B1342065559273N00853729EA0000001851
B1342125559161N00853558EA0000001844
B1342175559065N00853421EA0000001847
B1342225558972N00853285EA0000001849
B1342285558859N00853119EA0000001836
B1342345558747N00852933EA0000001824
B1342395558658N00852768EA0000001825
B1342455558560N00852569EA0000001834
B1342515558467N00852373EA0000001817
B1342565558382N00852202EA0000001794
B1343015558293N00852018EA0000001779
B1343065558206N00851829EA0000001779
B1343125558100N00851608EA0000001768
B1343175558009N00851421EA0000001759
B1343245557882N00851163EA0000001750
B1343295557790N00850985EA0000001747
B1343345557703N00850807EA0000001746
B1343395557617N00850634EA0000001738
B1343455557522N00850422EA0000001738
B1343535557400N00850133EA0000001722
B1344005557292N00849883EA0000001727
B1344065557212N00849674EA0000001733
B1344115557153N00849495EA0000001723
B1344175557071N00849273EA0000001695
B1344225556988N00849090EA0000001697
B1344275556900N00848943EA0000001721
B1344355556749N00848754EA0000001711
B1344405556642N00848643EA0000001697
B1344485556469N00848458EA0000001685
B1344535556364N00848339EA0000001682
B1344585556265N00848218EA0000001702
B1345045556158N00848088EA0000001717
B1345115556028N00847930EA0000001693
B1345175555907N00847779EA0000001697
B1345225555822N00847670EA0000001743
B1345285555740N00847556EA0000001746
B1345335555656N00847455EA0000001718
B1345405555526N00847295EA0000001707
B1345495555361N00847089EA0000001699
B1345565555235N00846937EA0000001705
B1346015555146N00846831EA0000001700
B1346065555053N00846724EA0000001697
B1346125554940N00846616EA0000001704
B1346175554842N00846562EA0000001722
B1346235554727N00846538EA0000001718
B1346295554605N00846504EA0000001703
B1346365554451N00846441EA0000001678
B1346435554286N00846363EA0000001663
B1346495554143N00846297EA0000001656
B1346555554002N00846230EA0000001648
B1347005553884N00846172EA0000001651
B1347055553766N00846121EA0000001649
B1347105553650N00846077EA0000001654
B1347165553515N00846019EA0000001647
B1347235553354N00845947EA0000001642
B1347295553216N00845887EA0000001628
B1347345553100N00845836EA0000001620
B1347395552986N00845792EA0000001624
B1347445552878N00845745EA0000001628
B1347505552747N00845693EA0000001610
B1347565552602N00845640EA0000001588
B1348025552456N00845586EA0000001590
B1348075552337N00845541EA0000001585
B1348145552167N00845472EA0000001575
B1348205552021N00845407EA0000001569
B1348265551873N00845338EA0000001554
B1348335551699N00845248EA0000001535
B1348385551572N00845184EA0000001527
B1348435551446N00845126EA0000001527
B1348485551325N00845091EA0000001539
B1348535551228N00845183EA0000001517
B1349005551155N00845446EA0000001506
B1349055551123N00845645EA0000001496
B1349125551088N00845928EA0000001483
B1349175551063N00846132EA0000001474
B1349225551038N00846334EA0000001487
B1349285551010N00846537EA0000001524
B1349335550992N00846689EA0000001521
B1349385550979N00846852EA0000001507
B1349435550978N00847023EA0000001526
B1349495550998N00847190EA0000001558
B1349545551042N00847288EA0000001562
B1350015551147N00847289EA0000001559
B1350065551182N00847151EA0000001545
B1350115551138N00847005EA0000001543
B1350165551049N00847008EA0000001534
B1350215551000N00847145EA0000001529
B1350265551023N00847308EA0000001527
B1350325551083N00847494EA0000001509
B1350385551152N00847683EA0000001486
B1350465551249N00847946EA0000001458
B1350515551309N00848119EA0000001447
B1350575551386N00848330EA0000001438
B1351025551449N00848498EA0000001456
B1351075551508N00848645EA0000001466
B1351135551573N00848822EA0000001448
B1351185551631N00848981EA0000001438
B1351245551698N00849182EA0000001433
B1351295551753N00849349EA0000001436
B1351345551804N00849511EA0000001449
B1351395551855N00849666EA0000001449
B1351445551909N00849827EA0000001445
B1351495551965N00849992EA0000001446
B1351545552023N00850149EA0000001447
B1351595552079N00850307EA0000001435
B1352055552148N00850500EA0000001427
B1352105552211N00850663EA0000001421
B1352155552275N00850817EA0000001444
B1352205552342N00850917EA0000001465
B1352265552429N00850999EA0000001444
B1352315552514N00851063EA0000001418
B1352365552605N00851137EA0000001398
B1352415552693N00851234EA0000001387
B1352495552825N00851426EA0000001358
B1352545552904N00851561EA0000001349
B1352595552973N00851712EA0000001348
B1353045553034N00851867EA0000001356
B1353105553096N00852043EA0000001368
B1353155553135N00852190EA0000001380
B1353215553180N00852338EA0000001406
B1353275553221N00852464EA0000001393
B1353325553253N00852616EA0000001385
B1353375553292N00852750EA0000001413
B1353425553341N00852856EA0000001424
B1353475553415N00852899EA0000001409
B1353525553504N00852832EA0000001393
B1353575553550N00852656EA0000001400
B1354025553523N00852473EA0000001414
B1354075553438N00852354EA0000001408
B1354125553328N00852342EA0000001417
B1354175553233N00852407EA0000001432
B1354225553165N00852510EA0000001455
B1354275553118N00852630EA0000001456
B1354345553082N00852836EA0000001456
B1354395553090N00852984EA0000001470
B1354445553153N00853077EA0000001467
B1354495553244N00853038EA0000001460
B1354545553279N00852871EA0000001479
B1354595553229N00852722EA0000001493
B1355045553133N00852659EA0000001488
B1355105553011N00852702EA0000001500
B1355155552928N00852786EA0000001521
B1355205552865N00852904EA0000001530
B1355255552855N00853052EA0000001540
B1355305552939N00853101EA0000001536
B1355355552991N00852958EA0000001558
B1355405552932N00852817EA0000001577
B1355455552837N00852841EA0000001588
B1355505552807N00852995EA0000001595
B1355555552873N00853098EA0000001609
B1356005552955N00853024EA0000001621
B1356055552955N00852853EA0000001628
B1356115552847N00852764EA0000001651
B1356175552776N00852905EA0000001664
B1356225552820N00853044EA0000001661
B1356275552915N00853013EA0000001672
B1356325552937N00852847EA0000001697
B1356375552867N00852725EA0000001701
B1356425552772N00852757EA0000001715
B1356475552746N00852910EA0000001719
B1356525552811N00853024EA0000001728
B1356585552916N00852989EA0000001751
B1357035552949N00852841EA0000001743
B1357095552874N00852661EA0000001740
B1357145552773N00852632EA0000001761
B1357195552684N00852700EA0000001774
B1357245552621N00852823EA0000001776
B1357305552575N00853016EA0000001774
B1357355552554N00853182EA0000001792
B1357405552536N00853336EA0000001809
B1357465552522N00853515EA0000001796
B1357535552520N00853759EA0000001777
B1357585552537N00853938EA0000001783
B1358035552565N00854110EA0000001785
B1358085552606N00854278EA0000001786
B1358135552655N00854440EA0000001785
B1358185552713N00854606EA0000001769
B1358235552781N00854776EA0000001749
B1358295552871N00854986EA0000001735
B1358355552956N00855188EA0000001740
B1358405553023N00855356EA0000001734
B1358465553103N00855556EA0000001730
B1358515553167N00855718EA0000001722
B1358565553229N00855882EA0000001712
B1359035553316N00856115EA0000001705
B1359085553372N00856279EA0000001710
B1359135553427N00856437EA0000001707
B1359195553488N00856629EA0000001694
B1359255553558N00856836EA0000001686
B1359305553613N00856998EA0000001709
B1359365553664N00857171EA0000001726
B1359415553706N00857315EA0000001735
B1359485553764N00857492EA0000001746
B1359535553805N00857614EA0000001750
B1359585553842N00857736EA0000001753
B1400035553890N00857848EA0000001751
B1400105553975N00858007EA0000001734
B1400155554041N00858127EA0000001730
B1400205554108N00858246EA0000001722
B1400255554179N00858369EA0000001710
B1400315554271N00858534EA0000001686
B1400365554352N00858689EA0000001666
B1400425554453N00858876EA0000001666
B1400485554552N00859057EA0000001653
B1400545554655N00859242EA0000001644
B1400595554743N00859390EA0000001642
B1401045554829N00859535EA0000001636
B1401105554930N00859712EA0000001628
B1401155555012N00859863EA0000001625
B1401225555130N00900081EA0000001613
B1401285555235N00900273EA0000001592
B1401335555321N00900443EA0000001579
B1401395555424N00900645EA0000001569
B1401445555509N00900809EA0000001560
B1401495555592N00900974EA0000001552
B1401545555673N00901137EA0000001549
B1401595555753N00901297EA0000001546
B1402045555832N00901451EA0000001544
B1402105555929N00901637EA0000001531
B1402155556012N00901798EA0000001510
B1402205556098N00901967EA0000001489
B1402255556179N00902139EA0000001483
B1402315556271N00902339EA0000001480
B1402375556356N00902533EA0000001480
B1402425556420N00902690EA0000001478
B1402475556483N00902852EA0000001463
B1402525556546N00903014EA0000001463
B1402575556604N00903169EA0000001477
B1403035556667N00903335EA0000001488
B1403105556746N00903518EA0000001484
B1403155556805N00903647EA0000001496
B1403205556860N00903749EA0000001523
B1403255556913N00903827EA0000001535
B1403305556969N00903905EA0000001535
B1403375557051N00904019EA0000001533
B1403425557113N00904117EA0000001530
B1403475557174N00904209EA0000001556
B1403525557225N00904281EA0000001563
B1403595557308N00904399EA0000001537
B1404055557389N00904527EA0000001530
B1404105557458N00904643EA0000001528
B1404175557555N00904812EA0000001503
B1404225557634N00904947EA0000001474
B1404285557737N00905118EA0000001452
B1404335557823N00905263EA0000001437
B1404385557907N00905403EA0000001466
B1404435557969N00905514EA0000001494
B1404485558026N00905615EA0000001487
B1404545558108N00905738EA0000001472
B1404595558184N00905839EA0000001476
B1405045558255N00905914EA0000001520
B1405095558317N00905906EA0000001535
B1405145558351N00905774EA0000001521
B1405195558295N00905610EA0000001519
B1405245558190N00905548EA0000001527
B1405295558092N00905591EA0000001545
B1405345558017N00905688EA0000001546
B1405395557968N00905827EA0000001549
B1405445557968N00905982EA0000001563
B1405495558013N00906102EA0000001580
B1405545558080N00906170EA0000001598
B1405595558149N00906154EA0000001607
B1406045558146N00905992EA0000001586
B1406095558044N00905903EA0000001598
B1406145557941N00905937EA0000001627
B1406195557886N00906061EA0000001638
B1406245557917N00906198EA0000001641
B1406305558016N00906213EA0000001648
B1406355558068N00906098EA0000001665
B1406405558051N00905932EA0000001661
B1406455557962N00905813EA0000001661
B1406505557855N00905821EA0000001695
B1406555557789N00905921EA0000001712
B1407005557801N00906058EA0000001708
B1407055557879N00906090EA0000001706
B1407105557934N00905965EA0000001719
B1407155557922N00905791EA0000001723
B1407205557838N00905668EA0000001729
B1407255557734N00905686EA0000001744
B1407305557658N00905786EA0000001761
B1407355557617N00905925EA0000001765
B1407405557613N00906079EA0000001762
B1407475557671N00906278EA0000001755
B1407525557723N00906410EA0000001754
B1407595557807N00906608EA0000001747
B1408045557872N00906752EA0000001743
B1408095557938N00906900EA0000001719
B1408145558006N00907064EA0000001692
B1408195558075N00907237EA0000001687
B1408245558138N00907396EA0000001699
B1408295558191N00907549EA0000001732
B1408345558233N00907674EA0000001764
B1408405558294N00907784EA0000001760
B1408455558356N00907877EA0000001750
B1408505558424N00907970EA0000001742
B1408555558496N00908058EA0000001731
B1409015558586N00908162EA0000001705
B1409075558679N00908279EA0000001675
B1409125558762N00908385EA0000001665
B1409175558845N00908490EA0000001675
B1409235558935N00908606EA0000001699
B1409285559006N00908698EA0000001702
B1409345559095N00908769EA0000001725
B1409405559183N00908784EA0000001728
B1409455559259N00908782EA0000001729
B1409505559341N00908787EA0000001706
B1409555559441N00908809EA0000001703
B1410005559530N00908830EA0000001746
B1410065559614N00908847EA0000001758
B1410115559689N00908892EA0000001737
B1410165559762N00908988EA0000001731
B1410215559816N00909115EA0000001733
B1410275559865N00909296EA0000001718
B1410335559903N00909514EA0000001677
B1410385559927N00909726EA0000001647
B1410445559950N00909992EA0000001635
B1410515559977N00910304EA0000001626
B1410565559997N00910525EA0000001621
B1411015600018N00910742EA0000001611
B1411085600049N00911045EA0000001602
B1411145600082N00911300EA0000001592
B1411195600111N00911509EA0000001596
B1411245600147N00911707EA0000001598
B1411305600201N00911924EA0000001603
B1411365600257N00912127EA0000001593
B1411425600316N00912322EA0000001584
B1411475600367N00912488EA0000001567
B1411525600420N00912655EA0000001559
B1411595600502N00912892EA0000001534
B1412045600565N00913070EA0000001522
B1412095600629N00913249EA0000001518
B1412145600694N00913428EA0000001511
B1412195600756N00913607EA0000001518
B1412265600840N00913844EA0000001535
B1412315600898N00913995EA0000001563
B1412365600951N00914085EA0000001602
B1412415600999N00914156EA0000001599
B1412475601064N00914242EA0000001594
B1412525601116N00914306EA0000001594
B1412585601177N00914412EA0000001586
B1413035601225N00914513EA0000001589
B1413095601282N00914636EA0000001588
B1413145601333N00914749EA0000001559
B1413205601414N00914911EA0000001520
B1413255601493N00915059EA0000001501
B1413305601571N00915215EA0000001493
B1413395601710N00915493EA0000001477
B1413445601790N00915646EA0000001466
B1413495601875N00915800EA0000001455
B1413555601981N00915983EA0000001438
B1414015602094N00916166EA0000001420
B1414075602208N00916352EA0000001411
B1414135602319N00916532EA0000001403
B1414185602411N00916683EA0000001386
B1414235602506N00916835EA0000001373
B1414285602601N00916983EA0000001367
B1414335602693N00917128EA0000001367
B1414395602799N00917292EA0000001368
B1414445602883N00917417EA0000001377
B1414495602966N00917536EA0000001379
B1414545603039N00917643EA0000001417
B1414595603099N00917731EA0000001450
B1415045603164N00917769EA0000001457
B1415095603231N00917696EA0000001437
B1415145603238N00917521EA0000001414
B1415195603152N00917410EA0000001422
B1415255603037N00917441EA0000001446
B1415305602958N00917527EA0000001459
B1415355602895N00917633EA0000001484
B1415405602871N00917767EA0000001487
B1415455602925N00917859EA0000001488
B1415505602989N00917762EA0000001492
B1415555602961N00917589EA0000001498
B1416005602861N00917530EA0000001505
B1416055602791N00917645EA0000001519
B1416105602815N00917781EA0000001531
B1416155602890N00917748EA0000001527
B1416205602895N00917565EA0000001527
B1416255602816N00917416EA0000001536
B1416305602707N00917399EA0000001560
B1416355602623N00917490EA0000001561
B1416405602590N00917651EA0000001547
B1416455602605N00917821EA0000001554
B1416515602678N00917954EA0000001555
B1416585602785N00918078EA0000001561
B1417035602852N00918186EA0000001565
B1417085602919N00918298EA0000001567
B1417135602980N00918403EA0000001573
B1417185603036N00918525EA0000001566
B1417235603087N00918669EA0000001563
B1417285603129N00918818EA0000001591
B1417335603172N00918927EA0000001621
B1417385603237N00918984EA0000001604
B1417435603321N00919039EA0000001567
B1417495603390N00919233EA0000001530
B1417555603433N00919473EA0000001519
B1418005603457N00919681EA0000001517
B1418065603476N00919926EA0000001525
B1418125603495N00920163EA0000001515
B1418175603514N00920361EA0000001522
B1418225603539N00920514EA0000001584
B1418275603593N00920574EA0000001597
B1418325603659N00920507EA0000001570
B1418375603646N00920346EA0000001564
B1418425603557N00920269EA0000001568
B1418485603440N00920296EA0000001574
B1418535603351N00920375EA0000001582
B1418595603274N00920509EA0000001602
B1419045603232N00920633EA0000001622
B1419095603259N00920755EA0000001616
B1419145603332N00920674EA0000001620
B1419195603273N00920523EA0000001643
B1419245603187N00920600EA0000001660
B1419295603209N00920751EA0000001669
B1419345603293N00920717EA0000001702
B1419395603283N00920553EA0000001718
B1419445603185N00920508EA0000001730
B1419495603124N00920634EA0000001748
B1419545603152N00920779EA0000001755
B1419595603234N00920767EA0000001779
B1420045603232N00920602EA0000001793
B1420095603136N00920541EA0000001803
B1420145603063N00920663EA0000001817
B1420195603095N00920815EA0000001828
B1420245603179N00920784EA0000001840
B1420295603160N00920609EA0000001850
B1420345603055N00920576EA0000001874
B1420395603003N00920721EA0000001893
B1420445603055N00920848EA0000001907
B1420495603140N00920828EA0000001922
B1420545603166N00920679EA0000001922
B1420595603107N00920531EA0000001935
B1421045603011N00920487EA0000001957
B1421095602929N00920561EA0000001960
B1421145602895N00920716EA0000001958
B1421195602927N00920861EA0000001950
B1421245602997N00920965EA0000001957
B1421315603096N00921033EA0000001979
B1421365603169N00921067EA0000001977
B1421425603237N00921180EA0000001953
B1421475603277N00921342EA0000001917
B1421525603305N00921539EA0000001893
B1421575603328N00921757EA0000001874
B1422025603353N00921980EA0000001852
B1422085603379N00922258EA0000001844
B1422135603397N00922479EA0000001848
B1422185603418N00922698EA0000001843
B1422235603436N00922914EA0000001846
B1422285603453N00923125EA0000001839
B1422355603472N00923423EA0000001833
B1422435603476N00923747EA0000001844
B1422505603468N00924018EA0000001838
B1422565603465N00924247EA0000001831
B1423035603461N00924513EA0000001831
B1423095603455N00924742EA0000001825
B1423145603444N00924938EA0000001811
B1423195603428N00925140EA0000001798
B1423255603413N00925389EA0000001781
B1423305603406N00925603EA0000001774
B1423365603408N00925860EA0000001781
B1423415603418N00926066EA0000001789
B1423475603443N00926306EA0000001786
B1423525603486N00926490EA0000001779
B1423575603548N00926659EA0000001762
B1424045603648N00926883EA0000001753
B1424105603735N00927065EA0000001741
B1424175603835N00927291EA0000001729
B1424225603901N00927461EA0000001722
B1424275603969N00927633EA0000001711
B1424345604065N00927882EA0000001696
B1424395604136N00928062EA0000001679
B1424445604208N00928249EA0000001669
B1424505604292N00928473EA0000001663
B1424555604363N00928656EA0000001659
B1425005604431N00928836EA0000001653
B1425065604510N00929056EA0000001643
B1425115604572N00929244EA0000001631
B1425195604665N00929539EA0000001629
B1425245604724N00929711EA0000001622
B1425295604783N00929884EA0000001621
B1425345604838N00930038EA0000001653
B1425395604881N00930174EA0000001670
B1425465604932N00930353EA0000001691
B1425515604966N00930470EA0000001688
B1425565605003N00930594EA0000001675
B1426025605053N00930758EA0000001663
B1426105605129N00930971EA0000001664
B1426155605178N00931089EA0000001666
B1426215605236N00931238EA0000001655
B1426265605289N00931371EA0000001651
B1426315605341N00931507EA0000001649
B1426365605391N00931638EA0000001664
B1426425605447N00931794EA0000001653
B1426475605506N00931939EA0000001615
B1426525605579N00932098EA0000001596
B1426585605673N00932252EA0000001612
B1427035605762N00932188EA0000001572
B1427085605798N00931970EA0000001533
B1427135605791N00931722EA0000001521
B1427205605756N00931383EA0000001514
B1427255605724N00931148EA0000001509
B1427315605684N00930869EA0000001502
B1427365605649N00930639EA0000001494
B1427425605607N00930359EA0000001479
B1427485605565N00930072EA0000001464
B1427575605502N00929645EA0000001454
B1428035605469N00929382EA0000001470
B1428085605443N00929191EA0000001493
B1428145605419N00928992EA0000001504
B1428225605402N00928739EA0000001534
B1428275605388N00928602EA0000001544
B1428335605381N00928421EA0000001541
B1428385605389N00928269EA0000001545
B1428435605398N00928122EA0000001540
B1428495605406N00927924EA0000001515
B1428545605402N00927738EA0000001493
B1428595605389N00927538EA0000001471
B1429075605368N00927192EA0000001445
B1429125605350N00926974EA0000001435
B1429205605326N00926621EA0000001413
B1429255605313N00926396EA0000001410
B1429315605303N00926134EA0000001439
B1429365605298N00925947EA0000001472
B1429425605287N00925737EA0000001482
B1429475605294N00925564EA0000001469
B1429525605289N00925377EA0000001464
B1429575605274N00925184EA0000001466
B1430025605252N00925002EA0000001479
B1430075605226N00924826EA0000001465
B1430135605191N00924597EA0000001457
B1430185605156N00924407EA0000001453
B1430235605118N00924215EA0000001440
B1430305605060N00923943EA0000001431
B1430375605002N00923669EA0000001416
B1430425604958N00923465EA0000001396
B1430475604911N00923267EA0000001423
B1430525604878N00923113EA0000001464
B1430595604856N00922918EA0000001467
B1431045604864N00922764EA0000001475
B1431095604931N00922694EA0000001476
B1431145604991N00922770EA0000001479
B1431195604980N00922912EA0000001470
B1431245604906N00923026EA0000001457
B1431315604768N00923097EA0000001481
B1431365604673N00923054EA0000001482
B1431425604593N00922892EA0000001488
B1431475604556N00922729EA0000001497
B1431545604548N00922506EA0000001498
B1431595604552N00922336EA0000001468
B1432045604553N00922125EA0000001429
B1432095604559N00921892EA0000001409
B1432145604561N00921651EA0000001390
B1432225604559N00921261EA0000001383
B1432315604558N00920845EA0000001391
B1432375604552N00920573EA0000001382
B1432425604541N00920348EA0000001375
B1432475604531N00920121EA0000001361
B1432525604523N00919896EA0000001364
B1432575604517N00919680EA0000001365
B1433025604510N00919463EA0000001351
B1433095604505N00919146EA0000001347
B1433145604502N00918928EA0000001352
B1433195604497N00918715EA0000001350
B1433245604497N00918512EA0000001378
B1433305604520N00918318EA0000001409
B1433355604540N00918173EA0000001406
B1433405604542N00918011EA0000001390
B1433455604528N00917828EA0000001368
B1433505604497N00917628EA0000001339
B1433555604459N00917415EA0000001326
B1434015604411N00917154EA0000001310
B1434065604375N00916931EA0000001297
B1434115604343N00916704EA0000001280
B1434185604292N00916370EA0000001248
B1434235604257N00916122EA0000001231
B1434285604222N00915871EA0000001218
B1434345604182N00915576EA0000001204
B1434395604144N00915335EA0000001187
B1434455604093N00915042EA0000001170
B1434505604055N00914803EA0000001178
B1434555604016N00914595EA0000001222
B1435015603972N00914377EA0000001226
B1435065603931N00914194EA0000001224
B1435115603887N00914012EA0000001226
B1435165603847N00913825EA0000001216
B1435215603810N00913630EA0000001234
B1435265603791N00913459EA0000001265
B1435315603789N00913299EA0000001252
B1435375603762N00913074EA0000001207
B1435425603722N00912855EA0000001192
B1435485603676N00912596EA0000001192
B1435535603645N00912384EA0000001203
B1435585603620N00912192EA0000001236
B1436035603623N00912038EA0000001268
B1436085603677N00911950EA0000001269
B1436135603751N00911979EA0000001271
B1436185603778N00912108EA0000001282
B1436235603731N00912240EA0000001280
B1436285603639N00912304EA0000001291
B1436335603545N00912266EA0000001314
B1436385603513N00912122EA0000001319
B1436435603567N00912020EA0000001324
B1436485603632N00912082EA0000001342
B1436535603619N00912221EA0000001359
B1436585603533N00912279EA0000001368
B1437035603455N00912182EA0000001381
B1437085603461N00912028EA0000001387
B1437135603531N00911977EA0000001401
B1437185603576N00912081EA0000001414
B1437235603540N00912218EA0000001425
B1437285603447N00912243EA0000001443
B1437335603385N00912125EA0000001452
B1437385603416N00911982EA0000001451
B1437435603495N00911968EA0000001470
B1437485603519N00912101EA0000001482
B1437535603453N00912215EA0000001485
B1437585603353N00912200EA0000001507
B1438045603316N00912021EA0000001523
B1438095603382N00911938EA0000001535
B1438145603435N00912039EA0000001546
B1438195603393N00912171EA0000001563
B1438245603300N00912153EA0000001577
B1438295603268N00912008EA0000001596
B1438345603323N00911908EA0000001604
B1438395603388N00911977EA0000001611
B1438445603367N00912120EA0000001620
B1438505603259N00912162EA0000001638
B1438555603219N00912029EA0000001645
B1439005603279N00911938EA0000001660
B1439055603332N00912032EA0000001674
B1439105603293N00912168EA0000001681
B1439155603199N00912176EA0000001692
B1439215603166N00912005EA0000001705
B1439265603232N00911933EA0000001724
B1439315603284N00912027EA0000001731
B1439365603249N00912168EA0000001735
B1439415603154N00912197EA0000001744
B1439465603092N00912077EA0000001754
B1439515603121N00911942EA0000001769
B1439565603192N00911960EA0000001781
B1440015603204N00912101EA0000001787
B1440065603133N00912202EA0000001792
B1440115603043N00912164EA0000001798
B1440165602997N00912024EA0000001808
B1440215603034N00911902EA0000001829
B1440265603102N00911946EA0000001838
B1440315603090N00912096EA0000001845
B1440365602999N00912143EA0000001856
B1440415602929N00912030EA0000001862
B1440465602927N00911872EA0000001886
B1440525603005N00911810EA0000001902
B1440585603038N00911968EA0000001908
B1441035602964N00912073EA0000001920
B1441085602866N00912042EA0000001932
B1441135602836N00911894EA0000001951
B1441185602897N00911811EA0000001972
B1441235602959N00911885EA0000001980
B1441285602945N00912037EA0000001988
B1441335602856N00912105EA0000001999
B1441385602771N00912026EA0000002000
B1441435602758N00911864EA0000002022
B1441485602818N00911777EA0000002039
B1441535602886N00911837EA0000002047
B1441585602877N00911993EA0000002046
B1442035602784N00912071EA0000002055
B1442085602685N00912006EA0000002067
B1442135602619N00911856EA0000002071
B1442185602568N00911675EA0000002046
B1442245602511N00911423EA0000002035
B1442305602469N00911162EA0000002036
B1442355602444N00910936EA0000002026
B1442405602419N00910698EA0000001998
B1442455602399N00910447EA0000001983
B1442515602387N00910156EA0000001987
B1442565602381N00909924EA0000001982
B1443025602375N00909650EA0000001980
B1443085602368N00909369EA0000001972
B1443155602362N00909043EA0000001965
B1443205602355N00908818EA0000001968
B1443255602345N00908606EA0000001976
B1443305602325N00908400EA0000001996
B1443355602292N00908210EA0000002004
B1443415602238N00907977EA0000001970
B1443465602179N00907770EA0000001958
B1443515602117N00907565EA0000001952
B1443575602037N00907314EA0000001935
B1444035601954N00907058EA0000001925
B1444085601888N00906855EA0000001938
B1444135601826N00906662EA0000001939
B1444185601765N00906468EA0000001931
B1444235601706N00906268EA0000001919
B1444285601647N00906072EA0000001919
B1444345601580N00905847EA0000001913
B1444395601524N00905660EA0000001902
B1444465601439N00905399EA0000001885
B1444525601371N00905185EA0000001893
B1444585601308N00904992EA0000001906
B1445035601263N00904850EA0000001928
B1445105601212N00904672EA0000001956
B1445155601190N00904534EA0000001966
B1445205601207N00904396EA0000001978
B1445255601275N00904349EA0000001960
B1445305601333N00904463EA0000001936
B1445355601302N00904615EA0000001960
B1445435601180N00904736EA0000001968
B1445485601085N00904756EA0000001987
B1445535600999N00904713EA0000001999
B1445595600917N00904569EA0000001989
B1446045600866N00904411EA0000001981
B1446095600828N00904227EA0000001957
B1446145600792N00904021EA0000001949
B1446205600749N00903774EA0000001953
B1446265600711N00903533EA0000001951
B1446315600686N00903337EA0000001951
B1446365600665N00903146EA0000001955
B1446415600647N00902960EA0000001961
B1446465600621N00902769EA0000001944
B1446525600580N00902518EA0000001913
B1446575600549N00902296EA0000001904
B1447025600522N00902081EA0000001905
B1447075600499N00901871EA0000001899
B1447135600470N00901613EA0000001886
B1447185600449N00901402EA0000001883
B1447235600432N00901200EA0000001877
B1447295600414N00900960EA0000001868
B1447375600396N00900648EA0000001870
B1447425600375N00900460EA0000001877
B1447515600276N00900161EA0000001879
B1447565600196N00900016EA0000001870
B1448015600112N00859873EA0000001867
B1448065600023N00859729EA0000001852
B1448125559915N00859543EA0000001836
B1448175559831N00859379EA0000001844
B1448225559754N00859230EA0000001871
B1448295559659N00859039EA0000001890
B1448345559601N00858912EA0000001899
B1448395559546N00858780EA0000001877
B1448445559483N00858632EA0000001840
B1448495559412N00858469EA0000001816
B1448545559336N00858289EA0000001812
B1449005559251N00858069EA0000001819
B1449065559171N00857859EA0000001825
B1449125559090N00857650EA0000001796
B1449175559011N00857467EA0000001773
B1449225558933N00857282EA0000001773
B1449275558865N00857098EA0000001774
B1449325558799N00856910EA0000001766
B1449405558709N00856596EA0000001757
B1449465558660N00856361EA0000001749
B1449525558623N00856126EA0000001744
B1449575558602N00855939EA0000001774
B1450025558601N00855791EA0000001803
B1450075558609N00855655EA0000001804
B1450125558621N00855510EA0000001811
B1450175558632N00855368EA0000001827
B1450225558643N00855228EA0000001829
B1450275558638N00855067EA0000001824
B1450335558620N00854868EA0000001828
B1450385558581N00854712EA0000001835
B1450435558521N00854579EA0000001822
B1450485558450N00854437EA0000001797
B1450545558359N00854257EA0000001791
B1451025558228N00854005EA0000001759
B1451075558138N00853841EA0000001748
B1451125558048N00853679EA0000001746
B1451185557938N00853482EA0000001732
B1451245557826N00853281EA0000001720
B1451305557710N00853075EA0000001697
B1451365557592N00852862EA0000001684
B1451425557474N00852657EA0000001687
B1451475557383N00852496EA0000001695
B1451525557295N00852338EA0000001692
B1452015557137N00852047EA0000001672
B1452065557049N00851884EA0000001670
B1452115556964N00851727EA0000001667
B1452175556857N00851556EA0000001663
B1452225556769N00851423EA0000001664
B1452285556665N00851276EA0000001667
B1452355556538N00851131EA0000001646
B1452405556443N00851005EA0000001623
B1452475556317N00850785EA0000001612
B1452535556227N00850580EA0000001626
B1452585556177N00850422EA0000001672
B1453035556174N00850272EA0000001681
B1453085556210N00850138EA0000001686
B1453135556283N00850074EA0000001691
B1453185556359N00850121EA0000001693
B1453235556391N00850264EA0000001689
B1453285556355N00850408EA0000001696
B1453335556275N00850470EA0000001695
B1453385556188N00850408EA0000001694
B1453455556114N00850228EA0000001714
B1453515556074N00850055EA0000001712
B1453565556050N00849902EA0000001707
B1454015556017N00849742EA0000001695
B1454085555945N00849525EA0000001705
B1454155555863N00849329EA0000001704
B1454205555789N00849203EA0000001694
B1454265555674N00849094EA0000001688
B1454315555573N00849038EA0000001702
B1454375555453N00848987EA0000001695
B1454435555329N00848913EA0000001696
B1454495555211N00848854EA0000001712
B1454545555118N00848816EA0000001710
B1455015554991N00848692EA0000001693
B1455075554899N00848528EA0000001689
B1455125554830N00848372EA0000001668
B1455195554730N00848122EA0000001640
B1455255554649N00847897EA0000001626
B1455315554569N00847657EA0000001609
B1455365554502N00847455EA0000001601
B1455425554424N00847212EA0000001593
B1455485554350N00846970EA0000001586
B1455545554280N00846730EA0000001582
B1456045554167N00846323EA0000001561
B1456105554102N00846071EA0000001554
B1456175554026N00845781EA0000001549
B1456265553933N00845407EA0000001540
B1456325553880N00845158EA0000001549
B1456385553838N00844926EA0000001560
B1456455553803N00844667EA0000001557
B1456515553788N00844435EA0000001537
B1456585553790N00844143EA0000001529
B1457045553805N00843913EA0000001542
B1457115553827N00843648EA0000001532
B1457175553843N00843423EA0000001543
B1457225553851N00843245EA0000001557
B1457305553858N00843006EA0000001586
B1457355553886N00842870EA0000001578
B1457415553973N00842820EA0000001588
B1457465554019N00842923EA0000001580
B1457515553999N00843075EA0000001587
B1457565553924N00843174EA0000001594
B1458025553810N00843161EA0000001601
B1458075553765N00843014EA0000001601
B1458125553810N00842881EA0000001609
B1458195553902N00842954EA0000001609
B1458245553894N00843104EA0000001611
B1458295553821N00843209EA0000001611
B1458345553724N00843196EA0000001620
B1458395553649N00843094EA0000001631
B1458445553605N00842954EA0000001625
B1458505553597N00842753EA0000001618
B1458555553575N00842585EA0000001610
B1459005553511N00842425EA0000001602
B1459075553408N00842229EA0000001608
B1459135553314N00842081EA0000001617
B1459185553228N00842001EA0000001627
B1459235553139N00841954EA0000001625
B1459285553044N00841945EA0000001616
B1459335552953N00841908EA0000001607
B1459385552871N00841805EA0000001584
B1459435552801N00841660EA0000001566
B1459515552695N00841384EA0000001527
B1459565552629N00841183EA0000001510
B1500015552564N00840982EA0000001511
B1500065552501N00840799EA0000001529
B1500125552431N00840628EA0000001571
B1500175552374N00840523EA0000001582
B1500245552297N00840357EA0000001565
B1500325552231N00840125EA0000001563
B1500375552203N00839967EA0000001559
B1500425552173N00839805EA0000001570
B1500475552164N00839650EA0000001579
B1500525552211N00839509EA0000001558
B1500575552303N00839476EA0000001560
B1501035552371N00839604EA0000001566
B1501085552370N00839759EA0000001565
B1501135552319N00839902EA0000001561
B1501185552225N00839968EA0000001566
B1501235552123N00839940EA0000001560
B1501285552028N00839842EA0000001569
B1501345551921N00839737EA0000001591
B1501395551829N00839756EA0000001584
B1501455551789N00839937EA0000001566
B1501515551874N00840036EA0000001584
B1501565551953N00839977EA0000001577
B1502015551988N00839808EA0000001566
B1502065551972N00839617EA0000001587
B1502125551894N00839468EA0000001609
B1502175551807N00839530EA0000001591
B1502225551816N00839692EA0000001583
B1502275551897N00839754EA0000001605
B1502325551984N00839725EA0000001610
B1502375552050N00839601EA0000001607
B1502445552067N00839347EA0000001612
B1502505552009N00839131EA0000001608
B1502575551937N00838871EA0000001591
B1503025551896N00838669EA0000001579
B1503085551851N00838413EA0000001562
B1503165551799N00838055EA0000001537
B1503235551758N00837737EA0000001523
B1503325551709N00837317EA0000001495
B1503375551687N00837079EA0000001485
B1503445551655N00836746EA0000001472
B1503495551635N00836516EA0000001478
B1503545551621N00836303EA0000001493
B1504025551597N00835990EA0000001494
B1504095551572N00835727EA0000001482
B1504145551548N00835535EA0000001465
B1504195551527N00835338EA0000001462
B1504265551491N00835076EA0000001479
B1504325551461N00834874EA0000001511
B1504375551465N00834725EA0000001523
B1504425551527N00834639EA0000001525
B1504475551598N00834703EA0000001529
B1504525551603N00834861EA0000001533
B1504575551537N00834989EA0000001537
B1505025551436N00835020EA0000001550
B1505075551365N00834905EA0000001560
B1505125551383N00834747EA0000001561
B1505175551465N00834726EA0000001576
B1505225551490N00834867EA0000001593
B1505275551427N00834990EA0000001597
B1505335551313N00834947EA0000001606
B1505385551283N00834787EA0000001605
B1505435551333N00834646EA0000001608
B1505485551420N00834628EA0000001626
B1505535551471N00834753EA0000001636
B1505585551427N00834906EA0000001629
B1506045551305N00834904EA0000001641
B1506095551255N00834751EA0000001642
B1506145551296N00834595EA0000001641
B1506195551383N00834576EA0000001659
B1506245551406N00834724EA0000001674
B1506295551332N00834835EA0000001670
B1506345551228N00834811EA0000001676
B1506395551146N00834694EA0000001686
B1506445551128N00834522EA0000001684
B1506495551185N00834389EA0000001683
B1506545551277N00834387EA0000001675
B1506595551354N00834482EA0000001685
B1507045551402N00834621EA0000001704
B1507095551414N00834780EA0000001696
B1507145551372N00834936EA0000001683
B1507195551279N00835007EA0000001671
B1507245551179N00834932EA0000001661
B1507295551131N00834763EA0000001673
B1507345551125N00834583EA0000001681
B1507405551144N00834385EA0000001710
B1507455551211N00834321EA0000001706
B1507505551279N00834404EA0000001697
B1507555551269N00834573EA0000001707
B1508005551186N00834677EA0000001716
B1508055551085N00834690EA0000001725
B1508105550999N00834600EA0000001722
B1508155550951N00834440EA0000001717
B1508205550952N00834257EA0000001716
B1508255550980N00834084EA0000001720
B1508305551024N00833935EA0000001721
B1508365551106N00833805EA0000001721
B1508425551210N00833788EA0000001723
B1508475551291N00833821EA0000001750
B1508525551360N00833870EA0000001753
B1508575551412N00833991EA0000001737
B1509025551411N00834152EA0000001752
B1509075551343N00834261EA0000001747
B1509125551243N00834266EA0000001742
B1509195551119N00834146EA0000001764
B1509245551045N00834042EA0000001772
B1509315550949N00833870EA0000001767
B1509405550826N00833620EA0000001746
B1509475550715N00833409EA0000001739
B1509535550622N00833218EA0000001729
B1509595550525N00833013EA0000001724
B1510085550381N00832714EA0000001720
B1510165550240N00832449EA0000001689
B1510215550141N00832284EA0000001681
B1510265550043N00832125EA0000001682
B1510315549950N00831972EA0000001677
B1510385549822N00831764EA0000001667
B1510455549703N00831574EA0000001690
B1510525549593N00831426EA0000001692
B1510575549502N00831330EA0000001660
B1511025549382N00831259EA0000001626
B1511075549255N00831201EA0000001631
B1511125549140N00831157EA0000001651
B1511175549035N00831121EA0000001651
B1511235548903N00831087EA0000001631
B1511285548791N00831066EA0000001645
B1511345548676N00831051EA0000001663
B1511395548588N00831048EA0000001672
B1511455548485N00831052EA0000001671
B1511505548394N00831065EA0000001669
B1511565548285N00831089EA0000001674
B1512025548175N00831121EA0000001676
B1512105548034N00831166EA0000001684
B1512155547955N00831239EA0000001676
B1512205547902N00831368EA0000001664
B1512265547910N00831559EA0000001657
B1512315547974N00831668EA0000001658
B1512365548061N00831669EA0000001643
B1512415548126N00831533EA0000001631
B1512475548141N00831301EA0000001653
B1512545548095N00831063EA0000001667
B1512595548023N00830926EA0000001666
B1513045547922N00830878EA0000001660
B1513095547830N00830968EA0000001654
B1513155547821N00831159EA0000001649
B1513215547917N00831229EA0000001636
B1513265548006N00831156EA0000001631
B1513315548069N00831008EA0000001634
B1513365548107N00830829EA0000001633
B1513415548117N00830634EA0000001644
B1513465548109N00830448EA0000001647
B1513515548078N00830258EA0000001631
B1513565548026N00830061EA0000001638
B1514035547915N00829881EA0000001678
B1514085547824N00829918EA0000001683
B1514135547807N00830064EA0000001687
B1514185547878N00830144EA0000001695
B1514235547955N00830066EA0000001701
B1514285547963N00829891EA0000001703
B1514345547851N00829802EA0000001711
B1514395547781N00829915EA0000001720
B1514455547815N00830085EA0000001735
B1514505547899N00830081EA0000001735
B1514555547939N00829919EA0000001735
B1515005547887N00829752EA0000001746
B1515065547766N00829686EA0000001751
B1515115547677N00829768EA0000001751
B1515165547646N00829924EA0000001758
B1515235547749N00829987EA0000001750
B1515285547799N00829826EA0000001760
B1515335547767N00829642EA0000001766
B1515385547674N00829530EA0000001762
B1515435547561N00829523EA0000001757
B1515485547477N00829637EA0000001762
B1515545547477N00829837EA0000001758
B1515595547554N00829929EA0000001756
B1516045547649N00829888EA0000001765
B1516095547725N00829770EA0000001774
B1516145547774N00829610EA0000001781
B1516195547789N00829423EA0000001773
B1516265547736N00829145EA0000001749
B1516325547643N00828946EA0000001755
B1516385547536N00828787EA0000001747
B1516445547418N00828626EA0000001723
B1516495547314N00828488EA0000001712
B1516545547209N00828342EA0000001703
B1516595547120N00828167EA0000001690
B1517085546991N00827805EA0000001673
B1517145546922N00827558EA0000001679
B1517195546867N00827352EA0000001672
B1517435546624N00826307EA0000001636
B1517485546577N00826091EA0000001629
B1517585546482N00825656EA0000001618
B1518035546438N00825444EA0000001619
B1518105546378N00825151EA0000001611
B1518195546304N00824769EA0000001601
B1518265546247N00824475EA0000001612
B1518325546217N00824253EA0000001648
B1518405546222N00824005EA0000001662
B1518455546251N00823856EA0000001656
B1518505546288N00823699EA0000001653
B1519015546197N00823378EA0000001658
B1519065546099N00823418EA0000001655
B1519125546072N00823596EA0000001671
B1519175546124N00823704EA0000001680
B1519225546211N00823693EA0000001684
B1519275546273N00823551EA0000001687
B1519345546227N00823306EA0000001692
B1519405546112N00823316EA0000001692
B1519455546087N00823466EA0000001690
B1519505546130N00823602EA0000001696
B1519585546270N00823638EA0000001711
B1520155546172N00823233EA0000001711
B1520205546105N00823353EA0000001715
B1520265546119N00823531EA0000001721
B1520335546244N00823569EA0000001721
B1520385546313N00823423EA0000001720
B1520465546279N00823121EA0000001726
B1520545546132N00822948EA0000001731
B1521025545973N00822901EA0000001744
B1521075545885N00822955EA0000001741
B1521125545841N00823098EA0000001738
B1521175545880N00823238EA0000001734
B1521225545971N00823252EA0000001733
B1521275546034N00823105EA0000001734
B1521325546036N00822906EA0000001726
B1521395545973N00822638EA0000001719
B1521455545884N00822443EA0000001717
B1521515545770N00822284EA0000001707
B1521595545606N00822104EA0000001704
B1522055545478N00821974EA0000001685
B1522105545370N00821858EA0000001682
B1522185545196N00821676EA0000001670
B1522285544970N00821444EA0000001653
B1522365544800N00821255EA0000001656
B1522435544660N00821097EA0000001653
B1522525544471N00820890EA0000001628
B1523075544152N00820538EA0000001616
B1523145544017N00820361EA0000001609
B1523205543896N00820198EA0000001591
B1523275543754N00820009EA0000001596
B1523335543638N00819852EA0000001592
B1523405543496N00819668EA0000001574
B1523485543337N00819453EA0000001578
B1524015543090N00819097EA0000001562
B1524225542673N00818602EA0000001533
B1524275542601N00818748EA0000001497
B1524325542599N00818956EA0000001493
B1524375542620N00819154EA0000001493
B1524435542648N00819386EA0000001484
B1524505542680N00819657EA0000001481
B1524555542704N00819847EA0000001476
B1525015542726N00820081EA0000001468
B1525065542743N00820278EA0000001463
B1525145542768N00820590EA0000001465
B1525235542803N00820929EA0000001458
B1525315542847N00821232EA0000001466
B1525365542875N00821392EA0000001508
B1525425542900N00821530EA0000001528
B1525475542928N00821649EA0000001499
B1525525542967N00821796EA0000001493
B1525595543024N00822000EA0000001497
B1526045543071N00822136EA0000001507
B1526095543123N00822268EA0000001506
B1526155543189N00822403EA0000001541
B1526235543271N00822537EA0000001562
B1526295543343N00822608EA0000001573
B1526355543424N00822512EA0000001541
B1526425543370N00822285EA0000001546
B1526475543283N00822220EA0000001547
B1526525543188N00822227EA0000001544
B1526575543105N00822314EA0000001539
B1527025543059N00822460EA0000001551
B1527075543060N00822615EA0000001578
B1527135543089N00822774EA0000001604
B1527185543127N00822886EA0000001619
B1527235543174N00822985EA0000001630
B1527285543221N00823071EA0000001632
B1527335543279N00823168EA0000001589
B1527385543357N00823298EA0000001554
B1527445543460N00823477EA0000001535
B1527525543605N00823731EA0000001507
B1527595543736N00823961EA0000001496
B1528055543844N00824160EA0000001494
B1528105543933N00824325EA0000001486
B1528175544059N00824554EA0000001477
B1528235544169N00824751EA0000001467
B1528285544257N00824910EA0000001472
B1528345544360N00825090EA0000001470
B1528405544468N00825264EA0000001460
B1528475544593N00825468EA0000001453
B1528525544683N00825613EA0000001444
B1528585544797N00825778EA0000001427
B1529045544921N00825934EA0000001418
B1529095545025N00826054EA0000001412
B1529155545153N00826189EA0000001407
B1529205545258N00826296EA0000001421
B1529255545356N00826392EA0000001432
B1529305545453N00826486EA0000001435
B1529355545547N00826574EA0000001459
B1529415545647N00826666EA0000001463
B1529465545732N00826753EA0000001445
B1529535545858N00826895EA0000001439
B1529595545956N00827012EA0000001461
B1530045546032N00827100EA0000001472
B1530095546106N00827183EA0000001499
B1530145546168N00827249EA0000001529
B1530215546231N00827383EA0000001523
B1530295546305N00827550EA0000001545
B1530345546345N00827646EA0000001544
B1530405546401N00827788EA0000001515
B1530455546454N00827931EA0000001501
B1530505546510N00828081EA0000001489
B1530555546573N00828240EA0000001473
B1531015546658N00828435EA0000001467
B1531075546743N00828630EA0000001470
B1531125546811N00828787EA0000001469
B1531185546893N00828971EA0000001473
B1531265547004N00829198EA0000001470
B1531335547099N00829394EA0000001468
B1531385547165N00829525EA0000001472
B1531435547231N00829650EA0000001471
B1531485547301N00829772EA0000001475
B1531535547375N00829883EA0000001479
B1531595547467N00830009EA0000001469
B1532045547547N00830118EA0000001461
B1532105547643N00830251EA0000001459
B1532165547735N00830379EA0000001455
B1532215547817N00830474EA0000001449
B1532265547898N00830567EA0000001439
B1532325547998N00830686EA0000001431
B1532375548081N00830788EA0000001420
B1532445548201N00830937EA0000001409
B1532505548304N00831065EA0000001395
B1532565548408N00831200EA0000001377
B1533015548499N00831310EA0000001364
B1533085548626N00831462EA0000001351
B1533165548768N00831633EA0000001361
B1533225548870N00831751EA0000001368
B1533275548953N00831844EA0000001371
B1533325549032N00831924EA0000001397
B1533385549112N00831997EA0000001415
B1533435549175N00832060EA0000001408
B1533495549251N00832163EA0000001399
B1533545549316N00832258EA0000001396
B1533595549384N00832354EA0000001397
B1534045549452N00832444EA0000001402
B1534095549519N00832533EA0000001394
B1534175549639N00832703EA0000001352
B1534235549744N00832848EA0000001334
B1534295549859N00832997EA0000001311
B1534365549997N00833176EA0000001297
B1534445550152N00833367EA0000001298
B1534525550308N00833549EA0000001282
B1534585550430N00833679EA0000001268
B1535045550546N00833813EA0000001266
B1535095550640N00833920EA0000001266
B1535155550753N00834040EA0000001267
B1535225550882N00834176EA0000001268
B1535275550970N00834268EA0000001272
B1535345551080N00834382EA0000001292
B1535425551189N00834491EA0000001294
B1535475551258N00834565EA0000001290
B1535525551327N00834632EA0000001313
B1535575551381N00834703EA0000001318
B1536025551383N00834830EA0000001310
B1536075551316N00834900EA0000001311
B1536125551240N00834834EA0000001314
B1536175551227N00834684EA0000001312
B1536225551274N00834560EA0000001320
B1536275551345N00834497EA0000001327
B1536345551450N00834498EA0000001329
B1536395551527N00834515EA0000001334
B1536445551573N00834622EA0000001339
B1536495551540N00834761EA0000001338
B1536545551455N00834800EA0000001339
B1536595551392N00834688EA0000001317
B1537045551419N00834530EA0000001317
B1537095551495N00834455EA0000001325
B1537145551579N00834425EA0000001329
B1537195551664N00834417EA0000001321
B1537265551795N00834423EA0000001292
B1537315551898N00834432EA0000001274
B1537365552005N00834440EA0000001261
B1537425552137N00834443EA0000001253
B1537485552267N00834426EA0000001241
B1537535552380N00834411EA0000001226
B1537585552496N00834405EA0000001217
B1538055552664N00834396EA0000001205
B1538135552853N00834401EA0000001215
B1538185552964N00834411EA0000001212
B1538235553077N00834427EA0000001204
B1538305553235N00834453EA0000001204
B1538385553415N00834495EA0000001199
B1538435553521N00834515EA0000001217
B1538485553618N00834539EA0000001208
B1538545553742N00834583EA0000001185
B1539005553870N00834646EA0000001167
B1539055553980N00834710EA0000001154
B1539105554093N00834778EA0000001133
B1539185554276N00834919EA0000001105
B1539255554430N00835066EA0000001103
B1539335554605N00835230EA0000001079
B1539385554712N00835344EA0000001072
B1539435554817N00835461EA0000001060
B1539495554946N00835615EA0000001042
B1539555555075N00835779EA0000001033
B1540025555222N00835972EA0000001024
B1540075555325N00836110EA0000001015
B1540145555468N00836307EA0000001002
B1540205555586N00836479EA0000001000
B1540265555699N00836640EA0000001015
B1540315555783N00836757EA0000001019
B1540375555887N00836899EA0000000992
B1540425555979N00837024EA0000000979
B1540475556069N00837149EA0000000966
B1540525556158N00837274EA0000000949
B1540585556271N00837431EA0000000915
B1541045556386N00837596EA0000000924
B1541095556475N00837721EA0000000948
B1541145556554N00837823EA0000000983
B1541215556639N00837923EA0000001026
B1541275556716N00837974EA0000001012
B1541325556784N00838051EA0000001012
B1541375556849N00838134EA0000001016
B1541425556913N00838219EA0000001020
B1541475556974N00838305EA0000001026
B1541525557032N00838399EA0000001034
B1541585557102N00838502EA0000001036
B1542055557187N00838625EA0000001031
B1542125557271N00838748EA0000001044
B1542185557338N00838850EA0000001043
B1542265557433N00838998EA0000001036
B1542325557501N00839117EA0000001036
B1542385557566N00839246EA0000001038
B1542435557617N00839357EA0000001040
B1542495557670N00839511EA0000001029
B1542545557709N00839663EA0000000994
B1543005557760N00839891EA0000000952
B1543085557826N00840227EA0000000917
B1543155557888N00840532EA0000000897
B1543225557945N00840840EA0000000884
B1543295557995N00841153EA0000000869
B1543385558051N00841552EA0000000863
B1543435558082N00841769EA0000000853
B1543495558119N00842028EA0000000840
B1543545558149N00842242EA0000000828
B1544005558184N00842498EA0000000812
B1544065558221N00842753EA0000000796
B1544115558251N00842968EA0000000795
B1544195558295N00843298EA0000000809
B1544245558319N00843484EA0000000832
B1544305558342N00843691EA0000000832
B1544355558363N00843867EA0000000805
B1544405558389N00844068EA0000000773
B1544455558417N00844282EA0000000762
B1544505558445N00844495EA0000000758
B1544575558480N00844794EA0000000745
B1545035558511N00845050EA0000000735
B1545085558538N00845262EA0000000723
B1545135558567N00845478EA0000000709
B1545185558595N00845700EA0000000702
B1545305558659N00846230EA0000000694
B1545355558685N00846448EA0000000698
B1545425558719N00846741EA0000000710
B1545485558746N00846992EA0000000698
B1545545558772N00847245EA0000000689
B1546015558803N00847539EA0000000681
B1546075558831N00847787EA0000000675
B1546145558864N00848070EA0000000661
B1546225558906N00848395EA0000000640
B1546275558931N00848601EA0000000629
B1546325558953N00848810EA0000000616
B1546395558981N00849108EA0000000598
B1546445559001N00849321EA0000000596
B1546495559018N00849529EA0000000591
B1546565559051N00849818EA0000000602
B1547015559076N00850020EA0000000605
B1547065559106N00850224EA0000000601
B1547115559141N00850435EA0000000589
B1547165559178N00850648EA0000000578
B1547215559213N00850870EA0000000568
B1547265559247N00851097EA0000000562
B1547315559282N00851326EA0000000565
B1547385559330N00851655EA0000000547
B1547435559368N00851892EA0000000534
B1547495559414N00852174EA0000000517
B1547545559453N00852407EA0000000506
B1548015559505N00852736EA0000000484
B1548065559543N00852976EA0000000471
B1548135559594N00853319EA0000000446
B1548205559646N00853669EA0000000425
B1548255559681N00853919EA0000000419
B1548345559744N00854356EA0000000412
B1548395559778N00854591EA0000000403
B1548445559815N00854827EA0000000384
B1548535559892N00855260EA0000000355
B1548595559945N00855553EA0000000340
B1549065600006N00855894EA0000000328
B1549145600075N00856288EA0000000301
B1549205600126N00856592EA0000000284
B1549255600169N00856847EA0000000276
B1549315600222N00857155EA0000000257
B1549375600274N00857464EA0000000242
B1549425600313N00857717EA0000000242
B1549475600349N00857961EA0000000240
B1549535600391N00858245EA0000000237
B1549585600420N00858462EA0000000228
B1550035600443N00858656EA0000000209
B1550085600457N00858832EA0000000185
B1550145600474N00859029EA0000000163
B1550205600502N00859218EA0000000147
B1550345600555N00859666EA0000000110
B1550435600577N00859955EA0000000093
B1550555600603N00900345EA0000000056
B1551035600611N00900603EA0000000039
B1551105600603N00900789EA0000000038
B1551165600592N00900898EA0000000039
