AOGNOGN
HFDTE200825
HFFXA050
HFPLTPILOTINCHARGE:
HFGTYGLIDERTYPE:Ventus c
HFGIDGLIDERID:OY-XTB
HFDTM100GPSDATUM:WGS-1984
HFRFWFIRMWAREVERSION:
HFRHWHARDWAREVERSION:
HFFTYFRTYPE:OGN-FLIGHTBOOK
HFGPSGENERIC
HFPRSPRESSALTSENSOR:
HFCIDCOMPETITIONID:TB
B1039265600603N00900532EA0000000043
B1039275600605N00900547EA0000000043
B1039345600618N00900687EA0000000044
B1039415600636N00900882EA0000000046
B1039465600653N00901042EA0000000052
B1039515600673N00901208EA0000000061
B1040005600697N00901513EA0000000088
B1040065600700N00901717EA0000000106
B1040115600710N00901882EA0000000129
B1040165600730N00902038EA0000000149
B1040225600776N00902205EA0000000175
B1040295600835N00902394EA0000000194
B1040355600879N00902565EA0000000209
B1040405600895N00902719EA0000000225
B1040485600884N00902970EA0000000238
B1040545600862N00903159EA0000000263
B1041005600837N00903346EA0000000281
B1041065600814N00903534EA0000000306
B1041125600800N00903735EA0000000313
B1041185600786N00903938EA0000000340
B1041235600772N00904105EA0000000365
B1041285600762N00904271EA0000000386
B1041345600742N00904472EA0000000409
B1041395600723N00904637EA0000000431
B1041475600682N00904887EA0000000463
B1041555600630N00905125EA0000000484
B1042005600586N00905268EA0000000496
B1042065600514N00905409EA0000000526
B1042115600506N00905526EA0000000536
B1042165600570N00905550EA0000000547
B1042215600621N00905449EA0000000552
B1042265600625N00905292EA0000000557
B1042315600591N00905148EA0000000564
B1042365600531N00905034EA0000000554
B1042435600447N00904841EA0000000531
B1042485600398N00904678EA0000000512
B1042545600352N00904463EA0000000520
B1043005600309N00904263EA0000000536
B1043055600278N00904108EA0000000551
B1043105600294N00903972EA0000000564
B1043155600357N00903933EA0000000570
B1043205600407N00904004EA0000000583
B1043255600386N00904114EA0000000590
B1043305600306N00904149EA0000000594
B1043355600230N00904079EA0000000599
B1043405600195N00903943EA0000000609
B1043465600206N00903771EA0000000618
B1043515600251N00903665EA0000000627
B1043565600318N00903652EA0000000634
B1044015600358N00903739EA0000000646
B1044065600339N00903852EA0000000654
B1044115600268N00903910EA0000000663
B1044165600186N00903861EA0000000665
B1044215600133N00903732EA0000000666
B1044265600133N00903577EA0000000678
B1044315600192N00903504EA0000000699
B1044365600246N00903557EA0000000712
B1044415600239N00903668EA0000000717
B1044465600168N00903727EA0000000721
B1044515600084N00903684EA0000000729
B1044565600042N00903552EA0000000740
B1045015600069N00903421EA0000000748
B1045065600139N00903402EA0000000756
B1045115600176N00903499EA0000000773
B1045165600153N00903606EA0000000782
B1045215600087N00903668EA0000000788
B1045265600003N00903635EA0000000792
B1045315559944N00903516EA0000000796
B1045395559929N00903283EA0000000814
B1045445559972N00903170EA0000000822
B1045495600043N00903138EA0000000831
B1045545600093N00903206EA0000000847
B1045595600091N00903323EA0000000854
B1046045600033N00903405EA0000000869
B1046095559956N00903393EA0000000876
B1046145559897N00903285EA0000000883
B1046195559895N00903141EA0000000896
B1046245559955N00903086EA0000000905
B1046295600007N00903139EA0000000922
B1046345600012N00903241EA0000000924
B1046395559963N00903323EA0000000934
B1046445559886N00903304EA0000000939
B1046495559840N00903187EA0000000950
B1046545559849N00903051EA0000000958
B1046595559913N00902995EA0000000968
B1047045559962N00903060EA0000000979
B1047095559947N00903168EA0000000990
B1047155559861N00903203EA0000001001
B1047205559794N00903115EA0000001009
B1047255559779N00902973EA0000001019
B1047305559830N00902876EA0000001025
B1047355559896N00902894EA0000001036
B1047405559920N00902990EA0000001045
B1047455559880N00903074EA0000001055
B1047505559809N00903064EA0000001065
B1047555559758N00902958EA0000001071
B1048015559779N00902797EA0000001084
B1048065559840N00902734EA0000001095
B1048115559899N00902775EA0000001098
B1048175559910N00902897EA0000001107
B1048225559862N00902979EA0000001119
B1048275559789N00902987EA0000001130
B1048325559719N00902917EA0000001139
B1048375559684N00902782EA0000001146
B1048425559713N00902651EA0000001154
B1048475559781N00902611EA0000001163
B1048525559836N00902667EA0000001170
B1048575559841N00902776EA0000001176
B1049025559790N00902854EA0000001186
B1049075559713N00902842EA0000001200
B1049125559660N00902730EA0000001207
B1049175559682N00902592EA0000001213
B1049235559764N00902566EA0000001232
B1049285559796N00902659EA0000001232
B1049335559758N00902757EA0000001243
B1049385559682N00902766EA0000001253
B1049435559610N00902688EA0000001263
B1049485559574N00902549EA0000001271
B1049535559599N00902408EA0000001279
B1049585559668N00902358EA0000001285
B1050035559720N00902431EA0000001302
B1050095559710N00902560EA0000001312
B1050145559645N00902604EA0000001326
B1050195559573N00902553EA0000001332
B1050245559532N00902422EA0000001342
B1050295559558N00902288EA0000001348
B1050345559626N00902256EA0000001355
B1050395559679N00902322EA0000001365
B1050445559702N00902427EA0000001363
B1050495559725N00902563EA0000001359
B1050545559743N00902697EA0000001388
B1051015559766N00902880EA0000001364
B1051065559792N00903033EA0000001346
B1051115559819N00903189EA0000001349
B1051185559845N00903391EA0000001353
B1051235559883N00903523EA0000001339
B1051315559968N00903731EA0000001320
B1051365600018N00903874EA0000001313
B1051425600072N00904048EA0000001303
B1051485600117N00904226EA0000001315
B1051535600147N00904364EA0000001322
B1051585600175N00904499EA0000001331
B1052045600211N00904652EA0000001332
B1052105600244N00904810EA0000001326
B1052155600267N00904953EA0000001311
B1052215600286N00905139EA0000001308
B1052285600295N00905351EA0000001316
B1052395600295N00905688EA0000001302
B1052445600292N00905849EA0000001297
B1052495600286N00906011EA0000001272
B1052565600268N00906265EA0000001256
B1053015600270N00906431EA0000001276
B1053065600313N00906548EA0000001305
B1053115600380N00906547EA0000001327
B1053165600422N00906416EA0000001326
B1053215600401N00906254EA0000001332
B1053265600337N00906151EA0000001339
B1053315600262N00906141EA0000001347
B1053365600218N00906217EA0000001349
B1053425600200N00906336EA0000001361
B1053475600214N00906418EA0000001371
B1053525600267N00906427EA0000001381
B1053575600313N00906332EA0000001385
B1054025600306N00906189EA0000001388
B1054085600228N00906095EA0000001384
B1054155600135N00906111EA0000001397
B1054215600070N00906177EA0000001393
B1054265600037N00906264EA0000001400
B1054315600029N00906355EA0000001402
B1054365600064N00906423EA0000001404
B1054425600139N00906399EA0000001402
B1054505600205N00906206EA0000001407
B1054555600232N00906056EA0000001410
B1055005600246N00905889EA0000001404
B1055065600247N00905671EA0000001397
B1055125600236N00905444EA0000001389
B1055175600224N00905244EA0000001382
B1055235600206N00905000EA0000001368
B1055305600184N00904723EA0000001362
B1055355600169N00904530EA0000001353
B1055405600150N00904334EA0000001347
B1055455600129N00904135EA0000001334
B1055515600104N00903892EA0000001326
B1055575600077N00903652EA0000001308
B1056035600038N00903407EA0000001290
B1056085559997N00903211EA0000001292
B1056135559975N00903022EA0000001300
B1056185559962N00902833EA0000001289
B1056265559930N00902515EA0000001277
B1056325559886N00902282EA0000001278
B1056375559840N00902106EA0000001278
B1056435559778N00901901EA0000001263
B1056495559708N00901701EA0000001253
B1056565559625N00901477EA0000001256
B1057015559567N00901325EA0000001252
B1057065559506N00901184EA0000001240
B1057115559445N00901046EA0000001230
B1057185559366N00900844EA0000001222
B1057265559265N00900641EA0000001214
B1057325559160N00900559EA0000001188
B1057375559054N00900519EA0000001168
B1057425558943N00900485EA0000001159
B1057495558787N00900428EA0000001148
B1057555558672N00900416EA0000001181
B1058005558603N00900458EA0000001196
B1058055558576N00900555EA0000001196
B1058105558605N00900645EA0000001206
B1058155558668N00900653EA0000001213
B1058205558714N00900557EA0000001223
B1058255558694N00900426EA0000001230
B1058305558620N00900398EA0000001237
B1058355558580N00900476EA0000001251
B1058405558606N00900559EA0000001257
B1058455558664N00900566EA0000001265
B1058505558710N00900469EA0000001265
B1058555558691N00900330EA0000001272
B1059015558607N00900284EA0000001285
B1059065558567N00900363EA0000001291
B1059115558583N00900453EA0000001303
B1059165558641N00900474EA0000001304
B1059215558698N00900399EA0000001313
B1059265558705N00900266EA0000001321
B1059315558658N00900163EA0000001328
B1059365558590N00900153EA0000001333
B1059415558552N00900228EA0000001338
B1059465558568N00900320EA0000001343
B1059515558624N00900357EA0000001352
B1059565558686N00900302EA0000001357
B1100025558719N00900142EA0000001362
B1100075558753N00900006EA0000001356
B1100125558819N00859914EA0000001349
B1100185558914N00859845EA0000001331
B1100255559041N00859772EA0000001303
B1100305559138N00859748EA0000001291
B1100375559274N00859755EA0000001270
B1100425559368N00859799EA0000001259
B1100495559494N00859891EA0000001245
B1100565559612N00900005EA0000001243
B1101045559743N00900132EA0000001229
B1101115559863N00900245EA0000001216
B1101185559982N00900358EA0000001216
B1101245600079N00900451EA0000001213
B1101315600191N00900561EA0000001201
B1101375600288N00900655EA0000001188
B1101425600375N00900711EA0000001180
B1101475600466N00900745EA0000001179
B1101535600573N00900777EA0000001172
B1101585600660N00900806EA0000001178
B1102035600746N00900843EA0000001171
B1102085600834N00900880EA0000001163
B1102135600922N00900918EA0000001157
B1102185601010N00900959EA0000001149
B1102255601129N00901025EA0000001158
B1102315601221N00901088EA0000001184
B1102385601310N00901160EA0000001212
B1102435601370N00901150EA0000001221
B1102495601375N00900993EA0000001216
B1102545601319N00900894EA0000001224
B1102595601247N00900865EA0000001223
B1103045601176N00900885EA0000001242
B1103105601161N00900992EA0000001252
B1103155601221N00901024EA0000001260
B1103205601275N00900951EA0000001274
B1103255601283N00900824EA0000001277
B1103305601234N00900717EA0000001275
B1103375601126N00900686EA0000001280
B1103425601055N00900716EA0000001294
B1103475601043N00900807EA0000001306
B1103525601096N00900837EA0000001312
B1103575601146N00900746EA0000001320
B1104025601128N00900615EA0000001326
B1104075601054N00900579EA0000001330
B1104125601002N00900648EA0000001347
B1104175601011N00900739EA0000001353
B1104225601071N00900760EA0000001359
B1104275601127N00900666EA0000001358
B1104325601127N00900526EA0000001374
B1104375601068N00900438EA0000001380
B1104425601000N00900465EA0000001383
B1104475600981N00900566EA0000001392
B1104525601022N00900636EA0000001400
B1104585601100N00900578EA0000001398
B1105035601118N00900443EA0000001411
B1105085601079N00900317EA0000001407
B1105135601008N00900281EA0000001417
B1105185600962N00900357EA0000001412
B1105235600988N00900455EA0000001421
B1105285601050N00900501EA0000001411
B1105345601146N00900571EA0000001379
B1105395601239N00900637EA0000001365
B1105455601351N00900714EA0000001352
B1105505601448N00900778EA0000001343
B1105565601568N00900852EA0000001332
B1106015601666N00900909EA0000001337
B1106095601813N00900998EA0000001329
B1106155601925N00901070EA0000001315
B1106225602053N00901152EA0000001315
B1106295602180N00901220EA0000001313
B1106345602265N00901264EA0000001315
B1106395602344N00901313EA0000001314
B1106465602456N00901390EA0000001297
B1106525602541N00901481EA0000001283
B1106575602609N00901565EA0000001274
B1107025602672N00901653EA0000001276
B1107085602745N00901754EA0000001275
B1107145602810N00901858EA0000001289
B1107195602854N00901942EA0000001301
B1107265602900N00902068EA0000001308
B1107315602927N00902168EA0000001321
B1107365602983N00902188EA0000001331
B1107415603015N00902069EA0000001341
B1107465602980N00901935EA0000001358
B1107515602903N00901890EA0000001368
B1107565602839N00901956EA0000001384
B1108015602838N00902063EA0000001394
B1108065602890N00902115EA0000001403
B1108115602948N00902058EA0000001414
B1108165602962N00901921EA0000001423
B1108215602918N00901787EA0000001435
B1108265602837N00901738EA0000001447
B1108315602768N00901801EA0000001462
B1108365602751N00901917EA0000001468
B1108415602787N00902007EA0000001471
B1108465602852N00901997EA0000001479
B1108515602883N00901878EA0000001486
B1108565602849N00901740EA0000001494
B1109015602772N00901682EA0000001510
B1109065602701N00901722EA0000001521
B1109115602670N00901824EA0000001524
B1109165602689N00901926EA0000001527
B1109215602745N00901968EA0000001530
B1109265602807N00901934EA0000001530
B1109315602853N00901838EA0000001532
B1109365602867N00901703EA0000001533
B1109425602855N00901530EA0000001537
B1109475602808N00901404EA0000001544
B1109525602729N00901346EA0000001555
B1109575602661N00901407EA0000001565
B1110025602670N00901511EA0000001578
B1110075602729N00901500EA0000001585
B1110125602759N00901378EA0000001594
B1110175602725N00901236EA0000001604
B1110225602650N00901164EA0000001608
B1110275602571N00901207EA0000001611
B1110325602539N00901318EA0000001621
B1110375602560N00901414EA0000001624
B1110425602614N00901439EA0000001624
B1110475602665N00901378EA0000001629
B1110525602695N00901265EA0000001627
B1110585602693N00901092EA0000001632
B1111035602668N00900951EA0000001642
B1111085602606N00900851EA0000001642
B1111135602526N00900846EA0000001641
B1111185602466N00900914EA0000001641
B1111245602446N00901037EA0000001638
B1111315602484N00901148EA0000001645
B1111365602530N00901191EA0000001649
B1111415602582N00901152EA0000001641
B1111465602605N00901029EA0000001640
B1111515602591N00900886EA0000001644
B1111565602544N00900766EA0000001650
B1112015602466N00900720EA0000001655
B1112065602401N00900775EA0000001664
B1112115602392N00900875EA0000001667
B1112175602439N00900957EA0000001658
B1112245602505N00901080EA0000001627
B1112305602557N00901229EA0000001621
B1112355602593N00901344EA0000001625
B1112425602645N00901509EA0000001605
B1112485602695N00901645EA0000001597
B1112535602738N00901763EA0000001582
B1112595602775N00901918EA0000001605
B1113045602794N00902037EA0000001600
B1113105602803N00902193EA0000001588
B1113165602806N00902353EA0000001584
B1113235602815N00902545EA0000001571
B1113295602829N00902717EA0000001558
B1113355602849N00902898EA0000001548
B1113415602867N00903070EA0000001553
B1113465602881N00903208EA0000001545
B1113525602898N00903372EA0000001527
B1113595602923N00903576EA0000001513
B1114045602906N00903718EA0000001524
B1114135602812N00903900EA0000001555
B1114185602768N00903989EA0000001565
B1114235602785N00904076EA0000001569
B1114285602843N00904068EA0000001577
B1114335602876N00903956EA0000001587
B1114385602846N00903807EA0000001589
B1114435602769N00903717EA0000001594
B1114495602674N00903725EA0000001603
B1114545602628N00903812EA0000001604
B1114595602624N00903913EA0000001614
B1115045602653N00903979EA0000001621
B1115095602707N00903969EA0000001617
B1115145602751N00903880EA0000001621
B1115195602750N00903743EA0000001622
B1115245602698N00903611EA0000001620
B1115295602638N00903491EA0000001626
B1115345602565N00903416EA0000001627
B1115395602492N00903452EA0000001623
B1115465602428N00903576EA0000001618
B1115515602388N00903677EA0000001599
B1115575602339N00903806EA0000001591
B1116025602299N00903914EA0000001581
B1116075602258N00904031EA0000001567
B1116125602221N00904155EA0000001561
B1116185602166N00904293EA0000001554
B1116245602097N00904427EA0000001541
B1116295602032N00904538EA0000001534
B1116345601964N00904645EA0000001531
B1116405601884N00904770EA0000001530
B1116465601811N00904904EA0000001524
B1116515601751N00905020EA0000001516
B1117005601646N00905226EA0000001497
B1117075601567N00905382EA0000001480
B1117135601499N00905518EA0000001460
B1117225601390N00905735EA0000001446
B1117285601316N00905879EA0000001433
B1117345601248N00906028EA0000001431
B1117395601201N00906143EA0000001447
B1117455601146N00906261EA0000001445
B1117525601084N00906400EA0000001438
B1117585601039N00906528EA0000001435
B1118055601004N00906688EA0000001415
B1118105600992N00906820EA0000001400
B1118155600977N00906965EA0000001382
B1118215600940N00907148EA0000001370
B1118265600902N00907298EA0000001360
B1118335600858N00907516EA0000001345
B1118385600827N00907673EA0000001345
B1118435600796N00907822EA0000001345
B1118495600765N00908007EA0000001335
B1118555600743N00908198EA0000001331
B1119005600734N00908353EA0000001330
B1119065600742N00908532EA0000001334
B1119135600758N00908712EA0000001355
B1119185600759N00908821EA0000001368
B1119235600758N00908926EA0000001375
B1119295600755N00909046EA0000001382
B1119345600781N00909119EA0000001372
B1119395600843N00909088EA0000001366
B1119445600868N00908965EA0000001368
B1119495600836N00908831EA0000001367
B1119545600763N00908750EA0000001372
B1120005600665N00908708EA0000001374
B1120055600602N00908778EA0000001372
B1120115600609N00908889EA0000001365
B1120165600660N00908915EA0000001357
B1120215600714N00908863EA0000001354
B1120265600761N00908788EA0000001347
B1120315600793N00908674EA0000001339
B1120365600791N00908528EA0000001340
B1120415600754N00908390EA0000001352
B1120475600673N00908291EA0000001359
B1120525600611N00908358EA0000001365
B1120585600639N00908452EA0000001377
B1121035600686N00908384EA0000001384
B1121085600670N00908243EA0000001395
B1121135600600N00908164EA0000001403
B1121185600527N00908205EA0000001404
B1121235600515N00908304EA0000001415
B1121285600559N00908341EA0000001415
B1121335600604N00908251EA0000001417
B1121385600588N00908110EA0000001429
B1121435600516N00908035EA0000001437
B1121485600447N00908075EA0000001443
B1121535600428N00908163EA0000001448
B1121585600464N00908214EA0000001443
B1122035600515N00908168EA0000001438
B1122085600529N00908031EA0000001437
B1122145600476N00907876EA0000001453
B1122195600403N00907865EA0000001455
B1122245600371N00907952EA0000001457
B1122295600400N00908016EA0000001454
B1122345600456N00907992EA0000001451
B1122425600514N00907805EA0000001460
B1122475600510N00907660EA0000001468
B1122525600439N00907603EA0000001473
B1122575600387N00907672EA0000001474
B1123025600398N00907762EA0000001485
B1123075600453N00907765EA0000001490
B1123125600487N00907641EA0000001498
B1123175600447N00907506EA0000001504
B1123225600371N00907473EA0000001505
B1123275600316N00907534EA0000001512
B1123325600318N00907625EA0000001513
B1123375600368N00907651EA0000001517
B1123425600418N00907577EA0000001516
B1123485600432N00907404EA0000001522
B1123545600383N00907244EA0000001524
B1123595600313N00907168EA0000001520
B1124045600238N00907173EA0000001512
B1124105600181N00907254EA0000001516
B1124155600168N00907338EA0000001517
B1124205600152N00907432EA0000001503
B1124275600098N00907570EA0000001486
B1124335600044N00907689EA0000001483
B1124385600002N00907785EA0000001473
B1124435559969N00907895EA0000001466
B1124485559938N00908000EA0000001473
B1124545559901N00908122EA0000001491
B1124595559836N00908149EA0000001493
B1125045559794N00908039EA0000001494
B1125105559830N00907902EA0000001502
B1125155559892N00907861EA0000001507
B1125205559931N00907934EA0000001512
B1125255559902N00908028EA0000001519
B1125305559828N00908031EA0000001514
B1125355559780N00907919EA0000001527
B1125405559799N00907795EA0000001533
B1125455559853N00907733EA0000001535
B1125505559909N00907763EA0000001530
B1125555559920N00907861EA0000001535
B1126005559866N00907927EA0000001532
B1126055559796N00907859EA0000001524
B1126105559790N00907720EA0000001530
B1126155559818N00907598EA0000001528
B1126205559864N00907506EA0000001524
B1126255559916N00907402EA0000001507
B1126305559974N00907275EA0000001512
B1126365600042N00907119EA0000001513
B1126415600099N00906982EA0000001541
B1126465600139N00906853EA0000001556
B1126515600113N00906704EA0000001554
B1126565600036N00906662EA0000001546
B1127015559997N00906735EA0000001536
B1127065559994N00906827EA0000001540
B1127115559974N00906920EA0000001548
B1127165559902N00906917EA0000001561
B1127215559851N00906782EA0000001546
B1127265559867N00906633EA0000001542
B1127315559925N00906570EA0000001538
B1127365559985N00906585EA0000001539
B1127425600032N00906668EA0000001543
B1127475600044N00906767EA0000001549
B1127525600021N00906852EA0000001555
B1127575559950N00906868EA0000001553
B1128045559861N00906735EA0000001569
B1128105559838N00906550EA0000001567
B1128155559874N00906423EA0000001575
B1128205559933N00906402EA0000001576
B1128255559966N00906475EA0000001578
B1128305559940N00906561EA0000001585
B1128355559870N00906553EA0000001589
B1128405559832N00906418EA0000001590
B1128455559857N00906274EA0000001581
B1128505559913N00906162EA0000001579
B1128555559975N00906045EA0000001566
B1129015600052N00905886EA0000001544
B1129085600152N00905688EA0000001529
B1129135600226N00905547EA0000001525
B1129195600304N00905381EA0000001534
B1129245600363N00905239EA0000001527
B1129295600418N00905089EA0000001527
B1129345600466N00904937EA0000001528
B1129415600530N00904732EA0000001529
B1129465600571N00904584EA0000001534
B1129515600606N00904433EA0000001541
B1129565600633N00904297EA0000001561
B1130025600589N00904152EA0000001560
B1130075600513N00904141EA0000001554
B1130125600464N00904211EA0000001554
B1130175600469N00904307EA0000001546
B1130225600519N00904357EA0000001551
B1130275600579N00904345EA0000001556
B1130325600635N00904299EA0000001560
B1130375600672N00904199EA0000001558
B1130425600655N00904064EA0000001557
B1130485600577N00903954EA0000001550
B1130545600492N00903840EA0000001542
B1130595600441N00903702EA0000001544
B1131055600432N00903513EA0000001543
B1131115600451N00903331EA0000001546
B1131185600481N00903132EA0000001546
B1131245600509N00902956EA0000001526
B1131295600538N00902790EA0000001507
B1131375600587N00902506EA0000001492
B1131445600632N00902258EA0000001487
B1131505600674N00902032EA0000001469
B1131555600709N00901844EA0000001486
B1132015600744N00901655EA0000001508
B1132065600744N00901515EA0000001517
B1132115600684N00901425EA0000001515
B1132165600616N00901443EA0000001516
B1132215600587N00901524EA0000001517
B1132265600605N00901603EA0000001518
B1132315600649N00901642EA0000001517
B1132365600706N00901616EA0000001518
B1132415600743N00901500EA0000001506
B1132475600760N00901308EA0000001498
B1132525600770N00901138EA0000001487
B1132575600776N00900958EA0000001481
B1133025600782N00900780EA0000001479
B1133085600790N00900561EA0000001473
B1133185600806N00900195EA0000001469
B1133235600814N00900010EA0000001462
B1133285600825N00859822EA0000001457
B1133345600839N00859593EA0000001443
B1133395600851N00859396EA0000001430
B1133475600871N00859073EA0000001419
B1133545600886N00858791EA0000001409
B1133595600897N00858593EA0000001405
B1134045600911N00858400EA0000001404
B1134105600927N00858170EA0000001407
B1134155600936N00857991EA0000001418
B1134205600943N00857814EA0000001408
B1134265600956N00857603EA0000001404
B1134315600964N00857422EA0000001398
B1134365600973N00857238EA0000001394
B1134435600987N00856982EA0000001395
B1134525600993N00856651EA0000001386
B1134575600990N00856471EA0000001398
B1135025600985N00856300EA0000001388
B1135075600970N00856122EA0000001377
B1135135600948N00855899EA0000001368
B1135215600985N00855605EA0000001351
B1135275601033N00855391EA0000001332
B1135325601076N00855205EA0000001323
B1135395601127N00854944EA0000001317
B1135445601187N00854796EA0000001311
B1135495601275N00854727EA0000001312
B1135545601357N00854766EA0000001333
B1135595601398N00854868EA0000001345
B1136045601366N00854984EA0000001349
B1136095601291N00854968EA0000001367
B1136145601267N00854845EA0000001382
B1136195601311N00854759EA0000001397
B1136245601364N00854800EA0000001395
B1136295601350N00854909EA0000001404
B1136345601283N00854917EA0000001411
B1136395601235N00854816EA0000001423
B1136445601244N00854693EA0000001431
B1136495601297N00854614EA0000001433
B1136545601355N00854652EA0000001437
B1136595601370N00854760EA0000001448
B1137045601322N00854836EA0000001448
B1137095601247N00854803EA0000001456
B1137145601206N00854685EA0000001467
B1137195601223N00854556EA0000001478
B1137245601280N00854500EA0000001477
B1137295601336N00854556EA0000001481
B1137345601335N00854662EA0000001489
B1137395601274N00854722EA0000001488
B1137445601203N00854672EA0000001498
B1137495601169N00854546EA0000001509
B1137545601204N00854438EA0000001509
B1137595601268N00854450EA0000001510
B1138045601299N00854555EA0000001514
B1138095601272N00854666EA0000001514
B1138145601205N00854722EA0000001520
B1138205601112N00854679EA0000001519
B1138255601050N00854570EA0000001525
B1138305601020N00854424EA0000001533
B1138355601041N00854292EA0000001548
B1138405601106N00854268EA0000001553
B1138455601148N00854348EA0000001555
B1138505601134N00854469EA0000001565
B1138555601068N00854540EA0000001571
B1139005600987N00854533EA0000001572
B1139055600908N00854455EA0000001568
B1139105600875N00854317EA0000001579
B1139155600895N00854187EA0000001583
B1139215600967N00854129EA0000001577
B1139265601012N00854220EA0000001581
B1139315600990N00854337EA0000001592
B1139365600922N00854401EA0000001594
B1139415600835N00854378EA0000001584
B1139465600764N00854269EA0000001580
B1139515600732N00854114EA0000001577
B1139565600749N00853967EA0000001571
B1140015600800N00853870EA0000001572
B1140075600880N00853819EA0000001571
B1140135600966N00853828EA0000001563
B1140185601027N00853890EA0000001564
B1140235601078N00853975EA0000001566
B1140285601101N00854092EA0000001566
B1140345601072N00854242EA0000001573
B1140395601004N00854312EA0000001578
B1140445600921N00854285EA0000001577
B1140495600862N00854173EA0000001573
B1140565600839N00853951EA0000001567
B1141015600849N00853789EA0000001564
B1141085600879N00853565EA0000001557
B1141135600906N00853405EA0000001558
B1141185600935N00853256EA0000001559
B1141235600970N00853102EA0000001537
B1141285601012N00852932EA0000001525
B1141335601056N00852754EA0000001517
B1141385601096N00852570EA0000001511
B1141445601144N00852348EA0000001502
B1141495601181N00852156EA0000001492
B1141545601213N00851957EA0000001485
B1142015601245N00851680EA0000001493
B1142075601273N00851463EA0000001494
B1142125601295N00851290EA0000001495
B1142205601316N00851019EA0000001483
B1142255601321N00850852EA0000001487
B1142305601315N00850686EA0000001502
B1142355601240N00850627EA0000001511
B1142405601200N00850715EA0000001527
B1142455601218N00850797EA0000001525
B1142505601273N00850816EA0000001516
B1142555601336N00850762EA0000001521
B1143015601372N00850607EA0000001524
B1143065601356N00850456EA0000001532
B1143125601277N00850360EA0000001534
B1143175601209N00850408EA0000001535
B1143225601204N00850512EA0000001539
B1143275601260N00850540EA0000001547
B1143325601316N00850457EA0000001551
B1143375601320N00850311EA0000001558
B1143425601261N00850212EA0000001557
B1143475601184N00850219EA0000001561
B1143525601147N00850308EA0000001561
B1143575601174N00850390EA0000001566
B1144025601230N00850405EA0000001572
B1144075601277N00850304EA0000001574
B1144125601254N00850161EA0000001579
B1144175601182N00850083EA0000001577
B1144245601071N00849974EA0000001572
B1144295600994N00849871EA0000001570
B1144365600892N00849712EA0000001569
B1144425600818N00849538EA0000001564
B1144475600772N00849378EA0000001565
B1144545600720N00849156EA0000001564
B1144595600687N00848999EA0000001557
B1145055600644N00848800EA0000001540
B1145105600586N00848651EA0000001533
B1145155600502N00848604EA0000001527
B1145205600439N00848663EA0000001517
B1145255600424N00848773EA0000001503
B1145315600464N00848904EA0000001482
B1145365600516N00849006EA0000001473
B1145425600574N00849128EA0000001466
B1145505600654N00849285EA0000001464
B1145555600711N00849386EA0000001451
B1146005600769N00849492EA0000001451
B1146075600844N00849630EA0000001465
B1146135600905N00849754EA0000001448
B1146185600959N00849870EA0000001447
B1146235601015N00849978EA0000001462
B1146285601068N00850071EA0000001460
B1146335601123N00850178EA0000001455
B1146385601180N00850279EA0000001464
B1146435601234N00850386EA0000001461
B1146485601285N00850497EA0000001460
B1146545601348N00850633EA0000001449
B1147015601426N00850787EA0000001449
B1147065601482N00850891EA0000001442
B1147135601570N00851040EA0000001422
B1147185601639N00851143EA0000001418
B1147235601708N00851248EA0000001411
B1147305601806N00851393EA0000001403
B1147365601893N00851511EA0000001396
B1147415601966N00851607EA0000001393
B1147465602040N00851697EA0000001389
B1147515602112N00851788EA0000001386
B1147575602197N00851900EA0000001379
B1148035602283N00852015EA0000001369
B1148085602354N00852112EA0000001368
B1148135602421N00852206EA0000001364
B1148215602521N00852360EA0000001355
B1148295602614N00852528EA0000001340
B1148365602695N00852676EA0000001325
B1148435602777N00852815EA0000001317
B1148505602869N00852946EA0000001306
B1148585602979N00853071EA0000001305
B1149035603053N00853119EA0000001304
B1149095603142N00853147EA0000001318
B1149145603210N00853165EA0000001322
B1149195603277N00853177EA0000001320
B1149245603342N00853187EA0000001323
B1149315603431N00853211EA0000001318
B1149365603496N00853253EA0000001304
B1149415603564N00853336EA0000001284
B1149465603626N00853450EA0000001284
B1149515603686N00853563EA0000001299
B1149565603742N00853638EA0000001330
B1150015603797N00853573EA0000001331
B1150065603786N00853435EA0000001329
B1150115603720N00853367EA0000001321
B1150165603658N00853412EA0000001329
B1150215603633N00853510EA0000001339
B1150265603667N00853577EA0000001348
B1150315603717N00853498EA0000001349
B1150365603706N00853365EA0000001353
B1150415603640N00853296EA0000001353
B1150465603575N00853333EA0000001358
B1150515603564N00853437EA0000001360
B1150565603614N00853495EA0000001379
B1151015603668N00853434EA0000001380
B1151065603675N00853301EA0000001384
B1151115603625N00853200EA0000001386
B1151165603553N00853182EA0000001392
B1151215603501N00853246EA0000001392
B1151265603498N00853352EA0000001393
B1151315603548N00853418EA0000001401
B1151365603608N00853365EA0000001407
B1151415603600N00853229EA0000001407
B1151465603539N00853146EA0000001416
B1151515603468N00853152EA0000001418
B1151565603434N00853243EA0000001421
B1152015603457N00853340EA0000001424
B1152065603520N00853349EA0000001433
B1152115603561N00853248EA0000001437
B1152165603544N00853114EA0000001435
B1152215603482N00853036EA0000001442
B1152265603414N00853048EA0000001440
B1152315603364N00853123EA0000001443
B1152365603355N00853231EA0000001437
B1152415603374N00853353EA0000001435
B1152475603396N00853491EA0000001456
B1152535603413N00853621EA0000001467
B1152585603431N00853730EA0000001460
B1153045603453N00853885EA0000001439
B1153105603477N00854063EA0000001421
B1153185603516N00854294EA0000001406
B1153235603542N00854432EA0000001401
B1153285603570N00854562EA0000001392
B1153345603604N00854727EA0000001372
B1153395603631N00854878EA0000001356
B1153455603663N00855063EA0000001343
B1153515603693N00855240EA0000001348
B1153565603712N00855369EA0000001363
B1154025603728N00855498EA0000001379
B1154075603751N00855591EA0000001372
B1154125603813N00855611EA0000001366
B1154175603866N00855524EA0000001377
B1154255603860N00855293EA0000001380
B1154315603803N00855149EA0000001371
B1154375603717N00855064EA0000001369
B1154455603592N00855025EA0000001368
B1154505603516N00855042EA0000001365
B1154555603452N00855100EA0000001355
B1155035603417N00855294EA0000001333
B1155105603419N00855492EA0000001316
B1155155603427N00855629EA0000001327
B1155215603425N00855752EA0000001343
B1155265603419N00855855EA0000001344
B1155315603414N00855963EA0000001335
B1155365603423N00856082EA0000001318
B1155415603438N00856218EA0000001298
B1155465603447N00856358EA0000001292
B1155535603452N00856563EA0000001287
B1155585603468N00856701EA0000001282
B1156035603526N00856797EA0000001281
B1156085603603N00856781EA0000001295
B1156135603625N00856640EA0000001305
B1156185603560N00856537EA0000001307
B1156235603492N00856582EA0000001314
B1156295603499N00856697EA0000001310
B1156355603572N00856729EA0000001308
B1156405603638N00856709EA0000001313
B1156455603703N00856663EA0000001311
B1156505603727N00856525EA0000001319
B1156555603661N00856445EA0000001323
B1157005603617N00856530EA0000001330
B1157055603658N00856602EA0000001337
B1157105603720N00856536EA0000001339
B1157155603709N00856393EA0000001350
B1157205603634N00856364EA0000001357
B1157255603608N00856456EA0000001369
B1157305603657N00856501EA0000001371
B1157355603705N00856406EA0000001382
B1157405603671N00856285EA0000001390
B1157455603604N00856297EA0000001395
B1157505603610N00856393EA0000001396
B1157555603673N00856404EA0000001406
B1158005603704N00856283EA0000001412
B1158055603656N00856177EA0000001420
B1158105603595N00856215EA0000001425
B1158155603608N00856305EA0000001429
B1158205603669N00856289EA0000001438
B1158255603681N00856157EA0000001443
B1158305603618N00856076EA0000001446
B1158355603565N00856141EA0000001442
B1158405603583N00856241EA0000001451
B1158455603642N00856266EA0000001458
B1158505603687N00856169EA0000001463
B1158555603654N00856041EA0000001466
B1159005603580N00856039EA0000001474
B1159065603557N00856157EA0000001475
B1159115603606N00856222EA0000001480
B1159165603670N00856193EA0000001484
B1159215603683N00856061EA0000001488
B1159265603613N00856002EA0000001498
B1159315603567N00856076EA0000001506
B1159365603596N00856163EA0000001509
B1159415603658N00856135EA0000001510
B1159465603673N00856006EA0000001517
B1159515603614N00855903EA0000001518
B1159565603540N00855907EA0000001526
B1200025603518N00856032EA0000001532
B1200075603568N00856085EA0000001529
B1200125603624N00856019EA0000001531
B1200175603624N00855879EA0000001537
B1200225603564N00855774EA0000001537
B1200275603487N00855785EA0000001546
B1200325603457N00855879EA0000001551
B1200375603495N00855954EA0000001547
B1200425603554N00855919EA0000001554
B1200475603572N00855791EA0000001550
B1200535603516N00855644EA0000001551
B1200585603434N00855631EA0000001555
B1201035603382N00855707EA0000001560
B1201085603373N00855819EA0000001556
B1201135603397N00855933EA0000001546
B1201185603437N00856061EA0000001528
B1201255603482N00856267EA0000001519
B1201305603508N00856420EA0000001524
B1201355603538N00856561EA0000001532
B1201425603580N00856752EA0000001514
B1201475603614N00856894EA0000001504
B1201535603651N00857070EA0000001500
B1201595603687N00857243EA0000001499
B1202045603715N00857389EA0000001495
B1202095603740N00857526EA0000001494
B1202145603763N00857663EA0000001479
B1202195603756N00857820EA0000001459
B1202245603724N00857978EA0000001454
B1202305603673N00858152EA0000001460
B1202365603623N00858322EA0000001463
B1202415603583N00858461EA0000001469
B1202465603546N00858594EA0000001453
B1202515603500N00858736EA0000001439
B1202565603446N00858876EA0000001433
B1203015603389N00859007EA0000001432
B1203085603309N00859188EA0000001423
B1203135603251N00859316EA0000001420
B1203185603195N00859445EA0000001414
B1203235603140N00859574EA0000001407
B1203295603070N00859729EA0000001399
B1203355603002N00859886EA0000001385
B1203415602936N00900049EA0000001390
B1203465602885N00900181EA0000001402
B1203515602836N00900304EA0000001393
B1203565602783N00900433EA0000001383
B1204015602730N00900559EA0000001381
B1204075602666N00900705EA0000001375
B1204145602590N00900873EA0000001374
B1204195602537N00900994EA0000001367
B1204265602463N00901174EA0000001346
B1204315602411N00901314EA0000001336
B1204405602313N00901543EA0000001335
B1204465602254N00901694EA0000001328
B1204515602209N00901822EA0000001326
B1204595602148N00902025EA0000001333
B1205045602116N00902139EA0000001334
B1205095602090N00902256EA0000001331
B1205155602058N00902406EA0000001326
B1205205602042N00902530EA0000001326
B1205255602054N00902645EA0000001326
B1205315602105N00902761EA0000001315
B1205375602163N00902862EA0000001338
B1205425602218N00902843EA0000001344
B1205475602231N00902707EA0000001349
B1205525602170N00902605EA0000001348
B1205575602095N00902626EA0000001337
B1206025602061N00902723EA0000001341
B1206075602075N00902821EA0000001346
B1206125602119N00902877EA0000001350
B1206175602176N00902815EA0000001345
B1206225602187N00902671EA0000001359
B1206275602128N00902565EA0000001365
B1206325602060N00902606EA0000001370
B1206375602067N00902704EA0000001367
B1206425602128N00902722EA0000001367
B1206475602186N00902642EA0000001376
B1206525602214N00902515EA0000001368
B1206575602179N00902371EA0000001368
B1207025602110N00902268EA0000001374
B1207075602036N00902264EA0000001367
B1207125601987N00902345EA0000001360
B1207185601969N00902473EA0000001359
B1207235601968N00902591EA0000001350
B1207285601977N00902717EA0000001352
B1207335601987N00902839EA0000001354
B1207425602015N00903047EA0000001344
B1207505602042N00903231EA0000001347
B1207555602052N00903345EA0000001348
B1208005602062N00903456EA0000001360
B1208055602102N00903526EA0000001362
B1208105602161N00903455EA0000001361
B1208155602157N00903304EA0000001367
B1208205602101N00903192EA0000001372
B1208255602024N00903150EA0000001376
B1208305601951N00903179EA0000001375
B1208355601910N00903271EA0000001375
B1208405601932N00903362EA0000001378
B1208455601997N00903357EA0000001383
B1208505602038N00903243EA0000001392
B1208555602011N00903101EA0000001393
B1209005601936N00903032EA0000001397
B1209055601862N00903065EA0000001395
B1209105601816N00903162EA0000001395
B1209155601816N00903267EA0000001402
B1209205601862N00903326EA0000001403
B1209255601925N00903291EA0000001405
B1209305601965N00903178EA0000001409
B1209355601955N00903033EA0000001413
B1209405601900N00902924EA0000001413
B1209455601824N00902907EA0000001411
B1209505601779N00902983EA0000001409
B1209575601780N00903121EA0000001407
B1210025601802N00903222EA0000001402
B1210075601836N00903327EA0000001399
B1210125601876N00903432EA0000001402
B1210185601918N00903555EA0000001406
B1210235601949N00903653EA0000001406
B1210315601993N00903803EA0000001395
B1210365602022N00903906EA0000001376
B1210415602059N00904012EA0000001361
B1210485602121N00904179EA0000001337
B1210555602180N00904355EA0000001333
B1211005602220N00904479EA0000001333
B1211055602260N00904604EA0000001324
B1211105602304N00904730EA0000001315
B1211165602360N00904886EA0000001299
B1211255602443N00905134EA0000001292
B1211305602487N00905274EA0000001283
B1211355602535N00905410EA0000001278
B1211405602578N00905545EA0000001277
B1211475602640N00905744EA0000001269
B1211525602684N00905877EA0000001293
B1211575602721N00905969EA0000001321
B1212025602776N00905939EA0000001316
B1212075602776N00905808EA0000001325
B1212125602713N00905730EA0000001325
B1212175602641N00905764EA0000001323
B1212225602612N00905878EA0000001326
B1212275602630N00905983EA0000001335
B1212325602681N00906028EA0000001335
B1212375602737N00905967EA0000001333
B1212425602741N00905835EA0000001345
B1212475602684N00905735EA0000001350
B1212525602604N00905744EA0000001351
B1212575602560N00905844EA0000001357
B1213025602576N00905951EA0000001354
B1213075602638N00905969EA0000001355
B1213125602685N00905876EA0000001356
B1213175602667N00905742EA0000001367
B1213225602597N00905677EA0000001374
B1213275602532N00905737EA0000001372
B1213325602519N00905851EA0000001375
B1213375602557N00905928EA0000001380
B1213425602615N00905923EA0000001376
B1213475602652N00905828EA0000001382
B1213525602630N00905712EA0000001386
B1213575602563N00905646EA0000001386
B1214025602490N00905681EA0000001390
B1214075602462N00905789EA0000001391
B1214125602497N00905876EA0000001391
B1214175602559N00905864EA0000001389
B1214225602598N00905766EA0000001393
B1214275602592N00905637EA0000001393
B1214325602537N00905535EA0000001391
B1214375602457N00905521EA0000001395
B1214425602387N00905572EA0000001398
B1214475602361N00905677EA0000001390
B1214525602381N00905787EA0000001379
B1214575602414N00905903EA0000001378
B1215025602442N00906017EA0000001383
B1215105602498N00906198EA0000001373
B1215165602541N00906335EA0000001381
B1215225602583N00906471EA0000001372
B1215275602620N00906581EA0000001373
B1215325602659N00906685EA0000001373
B1215375602701N00906770EA0000001392
B1215425602758N00906736EA0000001389
B1215475602754N00906590EA0000001400
B1215525602687N00906529EA0000001401
B1215575602626N00906588EA0000001395
B1216025602611N00906697EA0000001402
B1216075602646N00906783EA0000001408
B1216125602708N00906757EA0000001415
B1216175602726N00906626EA0000001421
B1216225602676N00906515EA0000001430
B1216275602603N00906524EA0000001434
B1216325602572N00906624EA0000001440
B1216375602596N00906719EA0000001446
B1216425602656N00906727EA0000001449
B1216475602699N00906628EA0000001456
B1216525602682N00906490EA0000001464
B1216575602610N00906435EA0000001468
B1217025602554N00906507EA0000001474
B1217075602557N00906616EA0000001477
B1217125602615N00906659EA0000001478
B1217175602671N00906574EA0000001489
B1217225602655N00906435EA0000001501
B1217275602580N00906385EA0000001505
B1217325602526N00906460EA0000001513
B1217375602537N00906565EA0000001515
B1217425602596N00906602EA0000001518
B1217475602649N00906527EA0000001530
B1217525602645N00906392EA0000001533
B1217575602586N00906292EA0000001546
B1218025602512N00906289EA0000001552
B1218075602469N00906374EA0000001556
B1218125602482N00906473EA0000001555
B1218185602552N00906506EA0000001559
B1218235602604N00906421EA0000001568
B1218285602601N00906282EA0000001571
B1218335602535N00906191EA0000001580
B1218385602468N00906217EA0000001583
B1218435602450N00906319EA0000001577
B1218485602489N00906400EA0000001587
B1218535602551N00906393EA0000001594
B1218585602600N00906295EA0000001599
B1219035602589N00906150EA0000001596
B1219085602527N00906060EA0000001605
B1219135602453N00906080EA0000001607
B1219185602423N00906177EA0000001615
B1219235602443N00906270EA0000001622
B1219285602503N00906287EA0000001626
B1219335602558N00906195EA0000001630
B1219385602561N00906049EA0000001626
B1219435602509N00905929EA0000001630
B1219485602432N00905888EA0000001634
B1219535602371N00905942EA0000001642
B1219585602355N00906041EA0000001643
B1220035602383N00906125EA0000001650
B1220085602444N00906142EA0000001656
B1220135602492N00906053EA0000001658
B1220185602480N00905908EA0000001645
B1220235602413N00905815EA0000001647
B1220285602336N00905817EA0000001650
B1220345602279N00905911EA0000001657
B1220395602267N00906012EA0000001661
B1220445602299N00906087EA0000001663
B1220495602359N00906083EA0000001666
B1220545602399N00905972EA0000001671
B1220595602375N00905839EA0000001676
B1221045602298N00905794EA0000001663
B1221095602231N00905863EA0000001674
B1221145602219N00905971EA0000001681
B1221195602259N00906038EA0000001688
B1221245602318N00905989EA0000001688
B1221295602322N00905847EA0000001693
B1221345602253N00905754EA0000001700
B1221395602179N00905796EA0000001707
B1221445602172N00905903EA0000001711
B1221495602224N00905944EA0000001719
B1221545602275N00905862EA0000001718
B1221595602263N00905720EA0000001724
B1222045602188N00905642EA0000001728
B1222095602109N00905657EA0000001738
B1222145602075N00905748EA0000001734
B1222195602103N00905829EA0000001736
B1222245602163N00905815EA0000001736
B1222295602209N00905714EA0000001739
B1222345602216N00905574EA0000001748
B1222395602183N00905440EA0000001749
B1222445602109N00905376EA0000001745
B1222495602039N00905418EA0000001752
B1222545602019N00905515EA0000001749
B1223015602053N00905652EA0000001747
B1223085602068N00905801EA0000001763
B1223135602109N00905864EA0000001758
B1223185602168N00905799EA0000001766
B1223235602170N00905655EA0000001768
B1223285602111N00905548EA0000001771
B1223335602033N00905527EA0000001775
B1223385601969N00905582EA0000001780
B1223435601943N00905684EA0000001778
B1223485601966N00905777EA0000001777
B1223545602024N00905867EA0000001768
B1223595602067N00905966EA0000001774
B1224045602104N00906057EA0000001773
B1224095602140N00906165EA0000001750
B1224145602173N00906295EA0000001740
B1224195602209N00906422EA0000001733
B1224255602250N00906567EA0000001736
B1224325602293N00906738EA0000001726
B1224375602326N00906868EA0000001717
B1224435602372N00907021EA0000001712
B1224515602436N00907207EA0000001712
B1224585602496N00907364EA0000001705
B1225035602536N00907482EA0000001698
B1225085602572N00907608EA0000001685
B1225135602598N00907740EA0000001683
B1225185602620N00907867EA0000001683
B1225235602641N00907982EA0000001691
B1225305602681N00908119EA0000001693
B1225355602716N00908217EA0000001682
B1225405602754N00908329EA0000001681
B1225455602780N00908433EA0000001703
B1225505602762N00908549EA0000001691
B1225555602684N00908590EA0000001693
B1226005602611N00908517EA0000001687
B1226055602586N00908373EA0000001677
B1226115602615N00908228EA0000001669
B1226175602672N00908137EA0000001672
B1226235602737N00908067EA0000001677
B1226285602788N00908102EA0000001680
B1226335602791N00908210EA0000001686
B1226385602739N00908307EA0000001689
B1226445602637N00908336EA0000001683
B1226505602550N00908237EA0000001675
B1226565602513N00908076EA0000001673
B1227015602518N00907943EA0000001669
B1227075602560N00907815EA0000001669
B1227135602626N00907761EA0000001670
B1227205602706N00907765EA0000001683
B1227255602736N00907843EA0000001684
B1227305602689N00907934EA0000001686
B1227355602608N00907929EA0000001689
B1227405602541N00907832EA0000001685
B1227455602524N00907687EA0000001687
B1227515602561N00907539EA0000001688
B1227565602614N00907455EA0000001694
B1228015602675N00907422EA0000001700
B1228065602728N00907451EA0000001703
B1228115602765N00907523EA0000001701
B1228165602767N00907619EA0000001696
B1228225602729N00907747EA0000001688
B1228275602695N00907861EA0000001689
B1228335602658N00907987EA0000001714
B1228385602683N00908068EA0000001707
B1228435602743N00908027EA0000001707
B1228485602758N00907895EA0000001709
B1228535602711N00907777EA0000001702
B1228585602634N00907718EA0000001703
B1229035602555N00907718EA0000001709
B1229085602499N00907800EA0000001714
B1229135602501N00907900EA0000001720
B1229185602556N00907915EA0000001714
B1229235602600N00907814EA0000001716
B1229285602574N00907678EA0000001721
B1229335602498N00907613EA0000001721
B1229385602420N00907651EA0000001726
B1229435602387N00907747EA0000001729
B1229505602433N00907885EA0000001697
B1229555602482N00908000EA0000001679
B1230015602541N00908149EA0000001667
B1230075602606N00908294EA0000001652
B1230145602683N00908460EA0000001648
B1230205602748N00908589EA0000001644
B1230255602791N00908706EA0000001643
B1230305602826N00908824EA0000001645
B1230355602859N00908945EA0000001640
B1230405602898N00909069EA0000001642
B1230465602946N00909212EA0000001640
B1230525602994N00909358EA0000001633
B1230575603036N00909481EA0000001629
B1231025603082N00909602EA0000001626
B1231085603142N00909746EA0000001623
B1231135603191N00909858EA0000001625
B1231195603248N00909980EA0000001630
B1231245603293N00910062EA0000001634
B1231315603350N00910179EA0000001638
B1231375603410N00910223EA0000001648
B1231425603438N00910103EA0000001655
B1231475603385N00909995EA0000001663
B1231525603311N00910019EA0000001660
B1231585603288N00910152EA0000001672
B1232045603350N00910198EA0000001677
B1232095603392N00910088EA0000001678
B1232145603363N00909947EA0000001685
B1232195603285N00909906EA0000001685
B1232255603228N00910015EA0000001689
B1232305603262N00910096EA0000001696
B1232355603321N00910054EA0000001696
B1232405603337N00909916EA0000001702
B1232455603293N00909797EA0000001707
B1232505603218N00909789EA0000001708
B1232555603171N00909877EA0000001708
B1233015603173N00910013EA0000001707
B1233065603218N00910069EA0000001712
B1233115603274N00910021EA0000001713
B1233195603285N00909815EA0000001720
B1233265603233N00909635EA0000001720
B1233315603172N00909544EA0000001733
B1233365603099N00909493EA0000001736
B1233415603038N00909538EA0000001728
B1233465603029N00909639EA0000001722
B1233515603075N00909698EA0000001717
B1233565603135N00909668EA0000001712
B1234025603175N00909524EA0000001713
B1234075603169N00909387EA0000001728
B1234125603090N00909370EA0000001735
B1234185603085N00909487EA0000001748
B1234235603142N00909464EA0000001752
B1234285603154N00909328EA0000001765
B1234335603090N00909236EA0000001776
B1234385603018N00909277EA0000001772
B1234435603010N00909379EA0000001773
B1234495603065N00909438EA0000001767
B1234545603121N00909385EA0000001764
B1234595603148N00909253EA0000001763
B1235045603139N00909108EA0000001774
B1235095603070N00909045EA0000001772
B1235145603020N00909129EA0000001775
B1235195603035N00909230EA0000001782
B1235245603094N00909238EA0000001789
B1235295603142N00909142EA0000001792
B1235345603141N00908997EA0000001795
B1235395603079N00908911EA0000001801
B1235445603008N00908935EA0000001799
B1235495602962N00909016EA0000001803
B1235545602950N00909119EA0000001803
B1235595602973N00909206EA0000001798
B1236045602993N00909312EA0000001790
B1236095602984N00909432EA0000001802
B1236145602965N00909531EA0000001808
B1236195602947N00909644EA0000001793
B1236245602933N00909769EA0000001782
B1236305602916N00909949EA0000001772
B1236355602902N00910106EA0000001778
B1236405602887N00910247EA0000001785
B1236465602869N00910418EA0000001764
B1236515602853N00910565EA0000001770
B1236565602843N00910695EA0000001779
B1237015602835N00910820EA0000001784
B1237065602820N00910939EA0000001792
B1237115602751N00910994EA0000001794
B1237165602689N00910904EA0000001798
B1237215602691N00910776EA0000001801
B1237265602733N00910708EA0000001803
B1237335602808N00910738EA0000001804
B1237405602862N00910843EA0000001806
B1237465602900N00910939EA0000001820
B1237515602892N00911028EA0000001816
B1237565602826N00911077EA0000001821
B1238015602746N00911024EA0000001813
B1238065602706N00910882EA0000001821
B1238115602725N00910755EA0000001823
B1238165602774N00910674EA0000001823
B1238215602835N00910634EA0000001825
B1238275602902N00910647EA0000001829
B1238335602950N00910719EA0000001829
B1238385602963N00910804EA0000001833
B1238465602957N00910971EA0000001809
B1238515602942N00911091EA0000001800
B1238565602915N00911214EA0000001792
B1239015602889N00911343EA0000001780
B1239065602860N00911479EA0000001772
B1239125602842N00911645EA0000001760
B1239175602851N00911787EA0000001754
B1239225602871N00911927EA0000001756
B1239285602894N00912086EA0000001759
B1239335602913N00912220EA0000001766
B1239385602925N00912355EA0000001775
B1239435602929N00912472EA0000001791
B1239485602927N00912579EA0000001784
B1239535602928N00912710EA0000001772
B1239585602932N00912855EA0000001763
B1240035602940N00913003EA0000001767
B1240085602945N00913144EA0000001789
B1240135602974N00913245EA0000001800
B1240185603030N00913204EA0000001800
B1240235603032N00913075EA0000001805
B1240285602971N00912986EA0000001805
B1240335602892N00913022EA0000001824
B1240385602848N00913123EA0000001839
B1240435602880N00913209EA0000001841
B1240485602935N00913167EA0000001833
B1240535602962N00913053EA0000001836
B1240585602970N00912931EA0000001838
B1241035602962N00912810EA0000001839
B1241085602901N00912731EA0000001844
B1241135602823N00912742EA0000001857
B1241185602768N00912821EA0000001863
B1241235602763N00912936EA0000001855
B1241295602818N00913019EA0000001856
B1241345602873N00912993EA0000001854
B1241405602892N00912863EA0000001841
B1241455602879N00912735EA0000001840
B1241505602867N00912612EA0000001851
B1241555602844N00912496EA0000001850
B1242005602769N00912478EA0000001858
B1242065602744N00912602EA0000001868
B1242115602793N00912658EA0000001873
B1242165602835N00912585EA0000001881
B1242215602810N00912468EA0000001876
B1242265602732N00912437EA0000001882
B1242315602675N00912509EA0000001893
B1242365602674N00912620EA0000001893
B1242415602726N00912670EA0000001893
B1242465602775N00912607EA0000001889
B1242515602763N00912480EA0000001891
B1242565602699N00912400EA0000001893
B1243015602623N00912390EA0000001896
B1243065602567N00912471EA0000001895
B1243135602561N00912637EA0000001891
B1243185602574N00912767EA0000001882
B1243235602587N00912913EA0000001858
B1243285602602N00913066EA0000001855
B1243335602619N00913200EA0000001868
B1243385602655N00913304EA0000001862
B1243435602703N00913404EA0000001856
B1243485602751N00913506EA0000001846
B1243535602790N00913630EA0000001841
B1244005602818N00913835EA0000001836
B1244055602818N00913983EA0000001835
B1244105602807N00914129EA0000001840
B1244155602794N00914276EA0000001841
B1244215602775N00914448EA0000001850
B1244265602755N00914590EA0000001839
B1244325602732N00914770EA0000001829
B1244375602716N00914921EA0000001825
B1244425602700N00915070EA0000001821
B1244475602690N00915221EA0000001818
B1244535602682N00915401EA0000001815
B1245005602678N00915601EA0000001821
B1245055602683N00915735EA0000001817
B1245105602714N00915861EA0000001818
B1245155602762N00915957EA0000001830
B1245205602805N00916044EA0000001834
B1245265602862N00916154EA0000001806
B1245315602915N00916265EA0000001792
B1245365602970N00916377EA0000001791
B1245415603021N00916464EA0000001815
B1245465603057N00916526EA0000001829
B1245535603111N00916616EA0000001821
B1245595603159N00916719EA0000001809
B1246045603199N00916810EA0000001828
B1246095603229N00916887EA0000001831
B1246155603272N00916990EA0000001813
B1246205603315N00917083EA0000001819
B1246255603357N00917172EA0000001837
B1246305603405N00917238EA0000001837
B1246355603465N00917194EA0000001833
B1246405603475N00917073EA0000001839
B1246455603433N00916968EA0000001838
B1246505603361N00916941EA0000001837
B1246555603293N00917002EA0000001840
B1247015603226N00917106EA0000001864
B1247065603217N00917221EA0000001865
B1247115603269N00917271EA0000001848
B1247175603334N00917211EA0000001859
B1247235603369N00917101EA0000001853
B1247285603330N00916987EA0000001863
B1247345603245N00916950EA0000001871
B1247395603191N00917042EA0000001891
B1247445603213N00917143EA0000001900
B1247495603273N00917117EA0000001894
B1247545603275N00917000EA0000001906
B1247595603218N00916928EA0000001915
B1248045603141N00916929EA0000001935
B1248095603093N00917019EA0000001947
B1248145603094N00917146EA0000001955
B1248195603111N00917271EA0000001937
B1248245603121N00917420EA0000001932
B1248325603123N00917632EA0000001946
B1248385603120N00917811EA0000001915
B1248435603116N00917983EA0000001900
B1248505603107N00918242EA0000001875
B1248565603099N00918466EA0000001868
B1249015603092N00918644EA0000001871
B1249065603089N00918811EA0000001870
B1249115603091N00918972EA0000001873
B1249185603101N00919190EA0000001869
B1249235603112N00919335EA0000001877
B1249285603129N00919480EA0000001858
B1249355603165N00919690EA0000001865
B1249405603191N00919826EA0000001874
B1249465603222N00919973EA0000001896
B1249515603247N00920081EA0000001898
B1249565603276N00920198EA0000001900
B1250015603307N00920303EA0000001914
B1250065603339N00920403EA0000001912
B1250115603372N00920518EA0000001895
B1250165603403N00920663EA0000001895
B1250225603434N00920839EA0000001901
B1250275603463N00920980EA0000001895
B1250325603488N00921108EA0000001893
B1250395603523N00921294EA0000001882
B1250445603550N00921427EA0000001879
B1250495603580N00921557EA0000001882
B1250555603611N00921704EA0000001882
B1251015603638N00921861EA0000001865
B1251085603657N00922067EA0000001850
B1251135603664N00922228EA0000001856
B1251185603681N00922381EA0000001860
B1251235603718N00922523EA0000001851
B1251295603772N00922671EA0000001851
B1251355603831N00922808EA0000001846
B1251405603882N00922917EA0000001851
B1251455603937N00923018EA0000001848
B1251525604017N00923156EA0000001854
B1251575604065N00923241EA0000001876
B1252025604108N00923313EA0000001886
B1252075604154N00923395EA0000001886
B1252145604221N00923521EA0000001876
B1252205604291N00923631EA0000001863
B1252255604355N00923717EA0000001862
B1252315604427N00923819EA0000001870
B1252365604476N00923900EA0000001895
B1252415604506N00923989EA0000001888
B1252465604506N00924098EA0000001889
B1252515604515N00924194EA0000001887
B1252585604537N00924340EA0000001869
B1253035604538N00924464EA0000001866
B1253085604503N00924586EA0000001859
B1253145604422N00924697EA0000001855
B1253195604345N00924771EA0000001853
B1253245604258N00924793EA0000001849
B1253305604172N00924673EA0000001842
B1253355604161N00924519EA0000001837
B1253405604207N00924413EA0000001830
B1253455604272N00924372EA0000001827
B1253505604340N00924356EA0000001813
B1253555604417N00924339EA0000001804
B1254005604497N00924322EA0000001797
B1254055604583N00924299EA0000001784
B1254105604672N00924266EA0000001782
B1254165604772N00924210EA0000001779
B1254225604867N00924140EA0000001777
B1254275604943N00924075EA0000001768
B1254325605026N00923997EA0000001755
B1254375605110N00923913EA0000001751
B1254435605210N00923820EA0000001750
B1254495605310N00923746EA0000001745
B1254545605392N00923686EA0000001746
B1255025605521N00923593EA0000001746
B1255095605628N00923524EA0000001739
B1255155605719N00923467EA0000001729
B1255215605812N00923444EA0000001732
B1255265605887N00923428EA0000001729
B1255315605965N00923408EA0000001722
B1255365606046N00923376EA0000001716
B1255415606121N00923315EA0000001715
B1255465606160N00923177EA0000001702
B1255555606118N00922860EA0000001679
B1256015606055N00922650EA0000001675
B1256065606009N00922477EA0000001679
B1256115605973N00922309EA0000001689
B1256165605939N00922152EA0000001681
B1256215605899N00921993EA0000001674
B1256265605859N00921847EA0000001685
B1256315605829N00921714EA0000001693
B1256375605801N00921559EA0000001692
B1256425605776N00921428EA0000001683
B1256475605743N00921283EA0000001665
B1256535605699N00921097EA0000001662
B1256595605653N00920913EA0000001655
B1257045605613N00920756EA0000001645
B1257095605570N00920589EA0000001625
B1257145605529N00920413EA0000001621
B1257205605482N00920207EA0000001631
B1257255605443N00920064EA0000001666
B1257305605373N00920003EA0000001663
B1257355605308N00920081EA0000001655
B1257405605304N00920192EA0000001650
B1257455605346N00920254EA0000001642
B1257505605408N00920245EA0000001636
B1257565605479N00920174EA0000001640
B1258025605515N00920039EA0000001640
B1258075605504N00919900EA0000001642
B1258125605448N00919785EA0000001652
B1258175605368N00919788EA0000001658
B1258235605338N00919926EA0000001659
B1258285605387N00919987EA0000001673
B1258335605437N00919926EA0000001678
B1258385605434N00919792EA0000001676
B1258435605376N00919683EA0000001685
B1258485605295N00919656EA0000001685
B1258535605232N00919732EA0000001682
B1258585605217N00919852EA0000001686
B1259035605242N00919953EA0000001690
B1259085605294N00919971EA0000001692
B1259135605331N00919884EA0000001690
B1259185605303N00919760EA0000001694
B1259235605225N00919722EA0000001711
B1259285605167N00919801EA0000001710
B1259335605177N00919913EA0000001714
B1259385605231N00919944EA0000001707
B1259435605272N00919856EA0000001708
B1259485605264N00919729EA0000001710
B1259535605209N00919626EA0000001719
B1259595605113N00919627EA0000001736
B1300045605092N00919736EA0000001734
B1300105605157N00919749EA0000001732
B1300155605169N00919625EA0000001746
B1300205605108N00919544EA0000001751
B1300255605040N00919617EA0000001752
B1300305605048N00919727EA0000001757
B1300355605107N00919725EA0000001752
B1300415605129N00919579EA0000001760
B1300465605074N00919470EA0000001767
B1300515604991N00919473EA0000001770
B1300565604944N00919580EA0000001768
B1301015604966N00919681EA0000001771
B1301065605022N00919684EA0000001769
B1301115605061N00919594EA0000001767
B1301165605056N00919459EA0000001772
B1301215605009N00919347EA0000001769
B1301265604930N00919299EA0000001768
B1301315604861N00919346EA0000001771
B1301365604838N00919459EA0000001758
B1301415604879N00919526EA0000001763
B1301465604929N00919482EA0000001768
B1301525604955N00919342EA0000001770
B1301575604949N00919200EA0000001763
B1302025604923N00919043EA0000001741
B1302075604888N00918887EA0000001747
B1302135604844N00918714EA0000001758
B1302185604804N00918583EA0000001754
B1302245604764N00918404EA0000001736
B1302295604746N00918246EA0000001744
B1302345604734N00918090EA0000001747
B1302395604718N00917927EA0000001730
B1302445604704N00917758EA0000001734
B1302495604688N00917597EA0000001740
B1302565604657N00917380EA0000001740
B1303015604630N00917221EA0000001728
B1303065604605N00917060EA0000001729
B1303115604574N00916889EA0000001701
B1303175604529N00916659EA0000001683
B1303225604485N00916465EA0000001672
B1303275604435N00916269EA0000001667
B1303325604390N00916080EA0000001675
B1303395604330N00915820EA0000001673
B1303445604286N00915636EA0000001663
B1303495604242N00915443EA0000001648
B1303545604195N00915245EA0000001636
B1303595604150N00915047EA0000001631
B1304045604106N00914849EA0000001625
B1304095604061N00914650EA0000001622
B1304165603996N00914378EA0000001614
B1304225603943N00914144EA0000001609
B1304275603900N00913950EA0000001603
B1304325603854N00913755EA0000001600
B1304375603809N00913564EA0000001601
B1304425603767N00913373EA0000001598
B1304485603718N00913141EA0000001588
B1304545603667N00912909EA0000001577
B1305015603615N00912640EA0000001564
B1305075603576N00912409EA0000001557
B1305125603542N00912220EA0000001548
B1305185603498N00911994EA0000001540
B1305235603461N00911815EA0000001540
B1305285603426N00911656EA0000001578
B1305335603372N00911546EA0000001588
B1305385603291N00911563EA0000001590
B1305435603258N00911668EA0000001599
B1305485603284N00911755EA0000001600
B1305535603336N00911761EA0000001602
B1305585603384N00911694EA0000001606
B1306035603417N00911581EA0000001620
B1306085603392N00911446EA0000001627
B1306135603311N00911378EA0000001634
B1306185603234N00911423EA0000001634
B1306235603215N00911538EA0000001641
B1306285603255N00911616EA0000001649
B1306335603311N00911589EA0000001663
B1306385603338N00911476EA0000001672
B1306435603308N00911339EA0000001675
B1306485603229N00911269EA0000001682
B1306535603150N00911309EA0000001676
B1306595603128N00911443EA0000001680
B1307045603170N00911512EA0000001687
B1307095603226N00911496EA0000001691
B1307155603249N00911349EA0000001697
B1307205603194N00911227EA0000001697
B1307255603106N00911206EA0000001703
B1307305603033N00911275EA0000001701
B1307355603001N00911393EA0000001701
B1307405603010N00911504EA0000001702
B1307455603052N00911563EA0000001694
B1307505603105N00911539EA0000001676
B1307555603143N00911431EA0000001666
B1308015603168N00911280EA0000001673
B1308065603183N00911153EA0000001676
B1308115603150N00911017EA0000001672
B1308165603067N00910948EA0000001676
B1308215602989N00910992EA0000001675
B1308275602966N00911131EA0000001675
B1308325603005N00911217EA0000001676
B1308375603067N00911222EA0000001681
B1308425603109N00911129EA0000001680
B1308475603101N00910989EA0000001677
B1308525603041N00910869EA0000001678
B1308575602962N00910805EA0000001677
B1309025602887N00910846EA0000001678
B1309075602867N00910952EA0000001675
B1309135602930N00910999EA0000001670
B1309185602981N00910914EA0000001676
B1309235603020N00910807EA0000001684
B1309285603052N00910689EA0000001678
B1309415603055N00910294EA0000001688
B1309475603045N00910077EA0000001669
B1309525603042N00909883EA0000001669
B1310005603043N00909571EA0000001660
B1310055603053N00909383EA0000001656
B1310115603060N00909169EA0000001663
B1310205603065N00908868EA0000001660
B1310255603069N00908703EA0000001662
B1310305603076N00908533EA0000001646
B1310385603103N00908242EA0000001631
B1310445603129N00908032EA0000001628
B1310495603156N00907859EA0000001614
B1310565603198N00907603EA0000001593
B1311015603233N00907422EA0000001582
B1311065603272N00907246EA0000001575
B1311135603324N00907014EA0000001566
B1311215603392N00906767EA0000001551
B1311285603457N00906551EA0000001538
B1311335603501N00906389EA0000001533
B1311395603547N00906191EA0000001526
B1311465603597N00905960EA0000001511
B1311515603634N00905793EA0000001500
B1311585603683N00905559EA0000001495
B1312045603720N00905360EA0000001484
B1312105603755N00905151EA0000001475
B1312165603784N00904944EA0000001486
B1312215603804N00904773EA0000001481
B1312275603821N00904554EA0000001479
B1312325603834N00904366EA0000001479
B1312385603842N00904144EA0000001483
B1312445603852N00903925EA0000001474
B1312525603881N00903623EA0000001461
B1312575603901N00903435EA0000001454
B1313025603924N00903249EA0000001442
B1313075603947N00903064EA0000001427
B1313125603969N00902878EA0000001419
B1313195603992N00902673EA0000001460
B1313265604012N00902504EA0000001466
B1313315603985N00902373EA0000001469
B1313365603911N00902312EA0000001479
B1313415603846N00902376EA0000001475
B1313465603837N00902497EA0000001479
B1313515603873N00902579EA0000001471
B1313565603930N00902578EA0000001472
B1314015603976N00902509EA0000001471
B1314065604011N00902406EA0000001465
B1314115604047N00902301EA0000001455
B1314165604074N00902165EA0000001441
B1314225604047N00901986EA0000001452
B1314275603984N00901895EA0000001467
B1314325603923N00901963EA0000001482
B1314375603952N00902063EA0000001485
B1314425604017N00902018EA0000001494
B1314475604026N00901884EA0000001506
B1314525603966N00901793EA0000001511
B1314575603885N00901816EA0000001518
B1315025603855N00901933EA0000001534
B1315075603913N00901984EA0000001539
B1315125603962N00901879EA0000001551
B1315175603937N00901746EA0000001564
B1315225603858N00901715EA0000001574
B1315275603815N00901817EA0000001592
B1315325603854N00901902EA0000001605
B1315375603913N00901845EA0000001612
B1315425603912N00901708EA0000001621
B1315475603847N00901628EA0000001630
B1315525603776N00901677EA0000001641
B1315575603766N00901792EA0000001660
B1316035603833N00901838EA0000001668
B1316085603879N00901744EA0000001677
B1316135603859N00901612EA0000001687
B1316195603770N00901567EA0000001691
B1316245603724N00901659EA0000001708
B1316295603753N00901753EA0000001720
B1316345603814N00901718EA0000001727
B1316395603821N00901583EA0000001733
B1316445603757N00901499EA0000001737
B1316495603678N00901533EA0000001743
B1316545603640N00901642EA0000001759
B1316595603670N00901735EA0000001767
B1317045603729N00901687EA0000001773
B1317095603734N00901553EA0000001786
B1317145603676N00901452EA0000001784
B1317195603594N00901478EA0000001793
B1317245603558N00901593EA0000001800
B1317295603585N00901699EA0000001804
B1317345603651N00901714EA0000001810
B1317395603699N00901612EA0000001817
B1317445603686N00901467EA0000001829
B1317495603615N00901386EA0000001831
B1317545603546N00901452EA0000001839
B1317595603546N00901572EA0000001848
B1318045603608N00901607EA0000001855
B1318095603654N00901505EA0000001869
B1318145603631N00901363EA0000001874
B1318205603533N00901313EA0000001878
B1318255603477N00901403EA0000001884
B1318305603491N00901520EA0000001887
B1318355603553N00901558EA0000001897
B1318405603611N00901488EA0000001906
B1318455603623N00901346EA0000001912
B1318505603584N00901197EA0000001908
B1318555603529N00901059EA0000001911
B1319015603452N00900898EA0000001903
B1319065603384N00900761EA0000001900
B1319115603321N00900619EA0000001888
B1319165603252N00900463EA0000001855
B1319225603167N00900244EA0000001834
B1319295603072N00859967EA0000001816
B1319345603004N00859766EA0000001813
B1319395602939N00859580EA0000001819
B1319445602877N00859400EA0000001811
B1319495602818N00859251EA0000001854
B1319545602769N00859141EA0000001874
B1319595602723N00859039EA0000001879
B1320045602674N00858937EA0000001885
B1320105602619N00858814EA0000001885
B1320165602569N00858663EA0000001864
B1320225602549N00858465EA0000001850
B1320275602548N00858282EA0000001838
B1320325602557N00858091EA0000001825
B1320385602574N00857859EA0000001821
B1320435602589N00857666EA0000001816
B1320505602608N00857394EA0000001805
B1320555602619N00857190EA0000001794
B1321015602631N00856942EA0000001794
B1321065602637N00856743EA0000001795
B1321115602643N00856548EA0000001791
B1321165602646N00856357EA0000001785
B1321225602652N00856129EA0000001784
B1321295602653N00855881EA0000001798
B1321405602654N00855557EA0000001808
B1321455602657N00855409EA0000001810
B1321515602663N00855235EA0000001834
B1321565602665N00855099EA0000001844
B1322015602612N00854990EA0000001851
B1322065602536N00855001EA0000001849
B1322115602504N00855106EA0000001841
B1322165602531N00855198EA0000001841
B1322215602588N00855202EA0000001851
B1322265602643N00855135EA0000001863
B1322315602654N00855001EA0000001869
B1322365602589N00854895EA0000001874
B1322415602507N00854911EA0000001876
B1322465602477N00855021EA0000001874
B1322515602507N00855106EA0000001883
B1322565602566N00855104EA0000001890
B1323035602643N00854997EA0000001900
B1323105602699N00854843EA0000001908
B1323165602731N00854691EA0000001907
B1323215602760N00854542EA0000001884
B1323275602806N00854336EA0000001892
B1323335602849N00854158EA0000001921
B1323385602884N00854016EA0000001895
B1323435602929N00853846EA0000001873
B1323495602984N00853629EA0000001866
B1323565603042N00853386EA0000001868
B1324015603077N00853215EA0000001864
B1324085603119N00852971EA0000001861
B1324135603140N00852795EA0000001855
B1324215603169N00852514EA0000001845
B1324265603185N00852349EA0000001844
B1324325603204N00852158EA0000001851
B1324375603223N00852021EA0000001877
B1324435603231N00851866EA0000001884
B1324485603174N00851769EA0000001888
B1324535603105N00851810EA0000001891
B1324585603091N00851928EA0000001885
B1325035603130N00852016EA0000001893
B1325085603195N00852018EA0000001895
B1325135603256N00851943EA0000001906
B1325185603301N00851840EA0000001916
B1325235603299N00851698EA0000001923
B1325285603240N00851599EA0000001929
B1325335603166N00851606EA0000001926
B1325385603127N00851701EA0000001926
B1325435603146N00851807EA0000001926
B1325485603204N00851835EA0000001933
B1325545603263N00851725EA0000001945
B1325595603293N00851584EA0000001944
B1326105603324N00851225EA0000001941
B1326155603328N00851063EA0000001942
B1326225603323N00850841EA0000001955
B1326275603312N00850669EA0000001948
B1326325603299N00850483EA0000001946
B1326455603296N00849957EA0000001911
B1326505603301N00849749EA0000001913
B1326555603306N00849551EA0000001915
B1327015603307N00849320EA0000001914
B1327065603292N00849127EA0000001910
B1327115603270N00848934EA0000001903
B1327175603238N00848701EA0000001892
B1327225603210N00848502EA0000001886
B1327295603181N00848225EA0000001880
B1327345603172N00848032EA0000001882
B1327405603163N00847810EA0000001879
B1327485603159N00847514EA0000001873
B1327535603163N00847337EA0000001877
B1327585603166N00847170EA0000001898
B1328035603163N00847027EA0000001910
B1328095603165N00846853EA0000001892
B1328145603195N00846712EA0000001892
B1328195603236N00846577EA0000001886
B1328245603282N00846437EA0000001873
B1328315603354N00846221EA0000001860
B1328395603427N00845965EA0000001860
B1328445603467N00845796EA0000001854
B1328525603533N00845530EA0000001853
B1328575603577N00845364EA0000001850
B1329065603650N00845059EA0000001837
B1329115603687N00844884EA0000001833
B1329185603742N00844655EA0000001842
B1329235603783N00844502EA0000001836
B1329285603827N00844351EA0000001830
B1329355603888N00844138EA0000001824
B1329405603932N00843989EA0000001822
B1329455603975N00843839EA0000001819
B1329525604028N00843628EA0000001807
B1329585604071N00843437EA0000001811
B1330035604103N00843283EA0000001806
B1330085604134N00843133EA0000001806
B1330135604159N00842982EA0000001804
B1330215604202N00842751EA0000001810
B1330285604237N00842558EA0000001810
B1330355604240N00842348EA0000001802
B1330415604212N00842149EA0000001785
B1330465604187N00841973EA0000001774
B1330535604150N00841721EA0000001768
B1330585604130N00841547EA0000001765
B1331035604108N00841387EA0000001766
B1331085604088N00841238EA0000001771
B1331165604068N00841016EA0000001777
B1331215604062N00840887EA0000001773
B1331275604051N00840734EA0000001761
B1331335604043N00840561EA0000001756
B1331385604048N00840425EA0000001769
B1331435604064N00840305EA0000001770
B1331485604119N00840228EA0000001756
B1331535604189N00840241EA0000001755
B1331585604227N00840334EA0000001753
B1332035604208N00840443EA0000001756
B1332085604150N00840511EA0000001747
B1332135604072N00840521EA0000001745
B1332185603993N00840487EA0000001754
B1332275603873N00840334EA0000001755
B1332325603839N00840195EA0000001752
B1332375603829N00840048EA0000001758
B1332425603855N00839913EA0000001758
B1332475603921N00839844EA0000001759
B1332525603988N00839873EA0000001755
B1332575604022N00839973EA0000001756
B1333025604008N00840092EA0000001742
B1333075603950N00840182EA0000001737
B1333125603872N00840217EA0000001732
B1333175603790N00840176EA0000001729
B1333225603729N00840060EA0000001727
B1333305603670N00839832EA0000001735
B1333385603621N00839610EA0000001728
B1333435603598N00839459EA0000001729
B1333515603595N00839206EA0000001732
B1333565603631N00839074EA0000001731
B1334015603694N00839020EA0000001735
B1334065603761N00839025EA0000001734
B1334115603830N00839003EA0000001736
B1334175603910N00838944EA0000001738
B1334245603999N00838852EA0000001730
B1334305604068N00838730EA0000001726
B1334355604112N00838602EA0000001722
B1334415604156N00838429EA0000001715
B1334475604191N00838253EA0000001713
B1334535604224N00838075EA0000001700
B1334585604286N00837970EA0000001687
B1335035604367N00837918EA0000001687
B1335135604513N00837841EA0000001688
B1335195604599N00837793EA0000001686
B1335265604700N00837723EA0000001679
B1335315604771N00837656EA0000001681
B1335365604838N00837577EA0000001692
B1335435604925N00837466EA0000001683
B1335485604989N00837372EA0000001672
B1335565605084N00837199EA0000001661
B1336015605153N00837114EA0000001646
B1336065605230N00837132EA0000001641
B1336125605277N00837268EA0000001634
B1336185605292N00837438EA0000001624
B1336265605309N00837671EA0000001620
B1336315605317N00837813EA0000001619
B1336375605324N00837984EA0000001609
B1336425605327N00838132EA0000001598
B1336485605337N00838309EA0000001589
B1336565605356N00838557EA0000001565
B1337035605377N00838785EA0000001555
B1337085605389N00838948EA0000001556
B1337135605396N00839102EA0000001552
B1337185605400N00839256EA0000001535
B1337235605407N00839420EA0000001517
B1337285605413N00839583EA0000001511
B1337335605424N00839745EA0000001508
B1337385605438N00839906EA0000001498
B1337445605467N00840099EA0000001488
B1337515605509N00840317EA0000001481
B1337575605544N00840507EA0000001471
B1338045605575N00840727EA0000001480
B1338105605595N00840903EA0000001495
B1338155605611N00841039EA0000001495
B1338215605631N00841209EA0000001496
B1338265605642N00841332EA0000001504
B1338315605656N00841465EA0000001486
B1338365605674N00841612EA0000001501
B1338415605690N00841743EA0000001536
B1338475605748N00841797EA0000001553
B1338525605774N00841689EA0000001560
B1338575605724N00841594EA0000001567
B1339025605649N00841644EA0000001574
B1339075605632N00841769EA0000001592
B1339125605679N00841846EA0000001605
B1339175605732N00841791EA0000001611
B1339225605735N00841666EA0000001611
B1339275605674N00841587EA0000001619
B1339325605596N00841621EA0000001621
B1339375605545N00841729EA0000001633
B1339425605557N00841842EA0000001632
B1339475605617N00841836EA0000001638
B1339525605646N00841730EA0000001652
B1339575605614N00841617EA0000001658
B1340025605535N00841594EA0000001666
B1340075605475N00841677EA0000001682
B1340125605470N00841794EA0000001670
B1340175605516N00841858EA0000001673
B1340235605573N00841787EA0000001675
B1340285605572N00841659EA0000001688
B1340335605515N00841562EA0000001699
B1340385605441N00841599EA0000001706
B1340435605430N00841724EA0000001721
B1340485605478N00841795EA0000001725
B1340535605530N00841734EA0000001738
B1340585605510N00841612EA0000001753
B1341035605437N00841576EA0000001760
B1341085605376N00841660EA0000001773
B1341135605370N00841783EA0000001773
B1341185605413N00841848EA0000001775
B1341235605464N00841812EA0000001775
B1341285605465N00841690EA0000001777
B1341335605407N00841597EA0000001788
B1341385605329N00841594EA0000001798
B1341445605266N00841712EA0000001799
B1341505605267N00841859EA0000001765
B1341565605290N00842027EA0000001748
B1342015605310N00842170EA0000001739
B1342065605333N00842317EA0000001744
B1342125605358N00842476EA0000001758
B1342175605381N00842600EA0000001763
B1342235605409N00842745EA0000001770
B1342305605439N00842918EA0000001786
B1342355605466N00843027EA0000001805
B1342405605525N00843046EA0000001819
B1342455605565N00842945EA0000001830
B1342505605536N00842820EA0000001835
B1342565605443N00842779EA0000001842
B1343015605374N00842842EA0000001854
B1343065605344N00842949EA0000001863
B1343115605366N00843049EA0000001877
B1343165605427N00843058EA0000001884
B1343225605466N00842914EA0000001900
B1343285605399N00842787EA0000001903
B1343335605315N00842814EA0000001909
B1343395605288N00842970EA0000001907
B1343455605313N00843140EA0000001925
B1343505605336N00843281EA0000001934
B1343555605360N00843429EA0000001934
B1344015605390N00843626EA0000001906
B1344065605417N00843802EA0000001896
B1344115605449N00843978EA0000001887
B1344165605485N00844156EA0000001879
B1344215605519N00844337EA0000001864
B1344265605553N00844524EA0000001849
B1344315605586N00844707EA0000001851
B1344375605618N00844911EA0000001857
B1344445605650N00845158EA0000001842
B1344505605677N00845361EA0000001845
B1344555605703N00845524EA0000001835
B1345015605735N00845728EA0000001817
B1345075605767N00845931EA0000001821
B1345125605787N00846086EA0000001821
B1345175605802N00846243EA0000001815
B1345235605808N00846436EA0000001808
B1345285605805N00846600EA0000001799
B1345345605796N00846797EA0000001795
B1345425605781N00847060EA0000001785
B1345495605772N00847302EA0000001774
B1345565605762N00847549EA0000001785
B1346015605749N00847700EA0000001818
B1346065605755N00847813EA0000001829
B1346115605811N00847851EA0000001827
B1346185605878N00847728EA0000001825
B1346235605866N00847588EA0000001828
B1346295605795N00847463EA0000001834
B1346345605713N00847423EA0000001844
B1346405605632N00847495EA0000001848
B1346455605629N00847622EA0000001847
B1346505605683N00847686EA0000001849
B1346555605750N00847653EA0000001851
B1347005605796N00847547EA0000001853
B1347075605788N00847340EA0000001856
B1347125605727N00847231EA0000001866
B1347175605644N00847196EA0000001870
B1347225605570N00847256EA0000001872
B1347285605546N00847408EA0000001874
B1347335605590N00847506EA0000001871
B1347385605660N00847498EA0000001885
B1347435605699N00847386EA0000001888
B1347485605686N00847241EA0000001896
B1347535605626N00847142EA0000001902
B1347585605544N00847127EA0000001903
B1348035605468N00847194EA0000001895
B1348085605405N00847308EA0000001885
B1348135605347N00847447EA0000001872
B1348195605281N00847629EA0000001866
B1348245605229N00847785EA0000001860
B1348295605172N00847946EA0000001855
B1348345605114N00848109EA0000001847
B1348395605052N00848270EA0000001839
B1348475604947N00848518EA0000001827
B1348525604876N00848667EA0000001825
B1348585604795N00848847EA0000001824
B1349045604734N00849049EA0000001815
B1349095604699N00849226EA0000001809
B1349145604672N00849401EA0000001805
B1349195604654N00849577EA0000001800
B1349255604642N00849790EA0000001801
B1349315604643N00849997EA0000001803
B1349365604647N00850172EA0000001799
B1349415604658N00850345EA0000001792
B1349475604677N00850555EA0000001788
B1349535604696N00850756EA0000001790
B1349585604711N00850917EA0000001780
B1350045604737N00851120EA0000001771
B1350095604759N00851287EA0000001766
B1350155604781N00851479EA0000001770
B1350215604798N00851672EA0000001755
B1350275604811N00851871EA0000001745
B1350325604822N00852042EA0000001740
B1350385604829N00852247EA0000001749
B1350495604829N00852564EA0000001794
B1350545604828N00852697EA0000001788
B1350595604836N00852851EA0000001768
B1351045604853N00853018EA0000001766
B1351095604874N00853177EA0000001767
B1351155604907N00853362EA0000001767
B1351215604941N00853532EA0000001790
B1351265604966N00853659EA0000001799
B1351325605001N00853819EA0000001783
B1351385605045N00853995EA0000001767
B1351455605093N00854204EA0000001756
B1351515605086N00854401EA0000001749
B1351575605036N00854592EA0000001740
B1352035604969N00854772EA0000001738
B1352105604885N00854982EA0000001732
B1352155604820N00855131EA0000001719
B1352215604740N00855314EA0000001711
B1352295604635N00855557EA0000001701
B1352385604527N00855836EA0000001692
B1352465604442N00856086EA0000001683
B1352515604390N00856240EA0000001677
B1352565604320N00856371EA0000001670
B1353015604239N00856486EA0000001661
B1353075604143N00856629EA0000001645
B1353145604027N00856785EA0000001642
B1353195603942N00856889EA0000001638
B1353255603840N00857017EA0000001632
B1353305603762N00857144EA0000001624
B1353355603692N00857294EA0000001619
B1353415603619N00857488EA0000001616
B1353465603565N00857656EA0000001603
B1353515603518N00857830EA0000001597
B1353575603465N00858038EA0000001587
B1354025603421N00858201EA0000001582
B1354095603360N00858427EA0000001558
B1354145603310N00858592EA0000001556
B1354195603263N00858741EA0000001583
B1354245603218N00858865EA0000001599
B1354305603165N00859024EA0000001593
B1354355603126N00859149EA0000001616
B1354405603088N00859257EA0000001633
B1354455603046N00859365EA0000001646
B1354505602971N00859398EA0000001651
B1354555602906N00859306EA0000001656
B1355005602912N00859164EA0000001663
B1355055602972N00859101EA0000001666
B1355105603032N00859147EA0000001677
B1355165603050N00859285EA0000001686
B1355215603006N00859389EA0000001691
B1355265602927N00859415EA0000001687
B1355315602852N00859346EA0000001693
B1355365602804N00859218EA0000001688
B1355425602792N00859032EA0000001698
B1355475602830N00858923EA0000001703
B1355525602890N00858915EA0000001701
B1355575602924N00859005EA0000001705
B1356025602919N00859125EA0000001712
B1356085602883N00859276EA0000001705
B1356135602841N00859404EA0000001706
B1356185602793N00859541EA0000001684
B1356235602739N00859698EA0000001667
B1356295602679N00859900EA0000001653
B1356345602634N00900064EA0000001671
B1356395602595N00900216EA0000001681
B1356445602562N00900355EA0000001691
B1356495602531N00900483EA0000001697
B1356545602502N00900610EA0000001697
B1357005602467N00900773EA0000001703
B1357065602427N00900928EA0000001719
B1357115602427N00901053EA0000001724
B1357165602492N00901090EA0000001734
B1357215602544N00900993EA0000001740
B1357265602524N00900855EA0000001741
B1357315602450N00900785EA0000001746
B1357365602372N00900825EA0000001748
B1357415602315N00900928EA0000001753
B1357465602309N00901055EA0000001758
B1357525602379N00901101EA0000001769
B1357575602421N00901004EA0000001778
B1358025602391N00900876EA0000001785
B1358075602315N00900851EA0000001793
B1358125602262N00900942EA0000001799
B1358175602276N00901054EA0000001801
B1358225602339N00901077EA0000001804
B1358275602386N00900984EA0000001818
B1358325602370N00900852EA0000001822
B1358385602279N00900809EA0000001828
B1358435602226N00900903EA0000001830
B1358485602236N00901025EA0000001833
B1358545602307N00901064EA0000001837
B1358595602362N00900975EA0000001843
B1359045602373N00900838EA0000001850
B1359095602324N00900720EA0000001851
B1359145602239N00900702EA0000001846
B1359195602173N00900788EA0000001857
B1359255602128N00900943EA0000001850
B1359305602092N00901086EA0000001844
B1359355602058N00901236EA0000001846
B1359415602025N00901426EA0000001830
B1359475601979N00901632EA0000001818
B1359525601936N00901799EA0000001819
B1359585601882N00901998EA0000001807
B1400035601837N00902168EA0000001799
B1400115601759N00902431EA0000001791
B1400165601710N00902590EA0000001784
B1400235601639N00902806EA0000001776
B1400295601576N00902985EA0000001771
B1400345601522N00903134EA0000001767
B1400395601468N00903287EA0000001763
B1400455601405N00903477EA0000001767
B1400505601356N00903634EA0000001769
B1400555601308N00903789EA0000001761
B1401045601225N00904073EA0000001751
B1401095601180N00904232EA0000001754
B1401145601141N00904378EA0000001779
B1401195601104N00904505EA0000001784
B1401245601068N00904647EA0000001758
B1401305601024N00904851EA0000001741
B1401375600974N00905098EA0000001735
B1401435600934N00905304EA0000001736
B1401485600906N00905467EA0000001742
B1401555600872N00905692EA0000001741
B1402025600846N00905922EA0000001742
B1402095600828N00906126EA0000001768
B1402145600818N00906250EA0000001753
B1402205600808N00906430EA0000001731
B1402255600800N00906586EA0000001723
B1402305600793N00906749EA0000001712
B1402355600788N00906915EA0000001698
B1402405600784N00907079EA0000001697
B1402455600776N00907243EA0000001698
B1402505600768N00907398EA0000001704
B1402565600761N00907582EA0000001707
B1403035600760N00907800EA0000001687
B1403155600761N00908214EA0000001701
B1403205600772N00908348EA0000001703
B1403255600835N00908392EA0000001707
B1403305600884N00908311EA0000001704
B1403355600864N00908186EA0000001698
B1403405600788N00908160EA0000001690
B1403465600705N00908260EA0000001684
B1403535600646N00908436EA0000001693
B1403595600603N00908582EA0000001702
B1404045600618N00908692EA0000001708
B1404095600681N00908689EA0000001706
B1404145600693N00908562EA0000001706
B1404195600631N00908461EA0000001703
B1404245600548N00908465EA0000001706
B1404295600484N00908553EA0000001719
B1404345600470N00908671EA0000001735
B1404395600531N00908703EA0000001746
B1404455600559N00908562EA0000001751
B1404505600493N00908467EA0000001749
B1404555600408N00908490EA0000001765
B1405005600360N00908591EA0000001776
B1405055600381N00908705EA0000001775
B1405105600451N00908723EA0000001787
B1405165600485N00908583EA0000001793
B1405215600422N00908490EA0000001799
B1405265600352N00908540EA0000001810
B1405315600339N00908663EA0000001810
B1405365600386N00908754EA0000001812
B1405415600456N00908739EA0000001816
B1405465600492N00908624EA0000001820
B1405515600465N00908492EA0000001821
B1405565600394N00908428EA0000001829
B1406025600309N00908460EA0000001838
B1406075600271N00908556EA0000001837
B1406125600270N00908682EA0000001828
B1406175600274N00908818EA0000001837
B1406225600254N00908952EA0000001846
B1406275600218N00909075EA0000001857
B1406325600183N00909194EA0000001867
B1406375600208N00909302EA0000001866
B1406425600272N00909300EA0000001869
B1406475600295N00909184EA0000001872
B1406525600241N00909095EA0000001883
B1406575600167N00909131EA0000001889
B1407025600123N00909238EA0000001895
B1407075600129N00909356EA0000001896
B1407125600185N00909409EA0000001890
B1407175600241N00909340EA0000001887
B1407225600235N00909212EA0000001883
B1407275600165N00909134EA0000001883
B1407325600083N00909130EA0000001890
B1407375600009N00909169EA0000001893
B1407435559951N00909287EA0000001895
B1407495559918N00909435EA0000001889
B1407545559903N00909576EA0000001877
B1408005559886N00909756EA0000001859
B1408055559870N00909915EA0000001844
B1408105559855N00910080EA0000001821
B1408205559826N00910447EA0000001802
B1408255559815N00910635EA0000001800
B1408325559802N00910893EA0000001794
B1408405559799N00911172EA0000001797
B1408455559815N00911334EA0000001792
B1408515559855N00911520EA0000001785
B1408565559888N00911676EA0000001779
B1409075559942N00912049EA0000001757
B1409125559959N00912222EA0000001754
B1409175559978N00912394EA0000001744
B1409225559997N00912568EA0000001739
B1409275600014N00912739EA0000001738
B1409335600033N00912942EA0000001725
B1409385600052N00913105EA0000001725
B1409435600072N00913262EA0000001718
B1409485600089N00913422EA0000001714
B1409535600107N00913582EA0000001711
B1409585600131N00913737EA0000001712
B1410045600153N00913921EA0000001708
B1410095600169N00914076EA0000001711
B1410145600181N00914216EA0000001728
B1410205600187N00914358EA0000001729
B1410265600197N00914513EA0000001722
B1410335600214N00914703EA0000001721
B1410385600229N00914834EA0000001732
B1410455600244N00915010EA0000001753
B1410505600269N00915114EA0000001757
B1410555600327N00915091EA0000001755
B1411005600322N00914963EA0000001764
B1411055600246N00914898EA0000001769
B1411105600165N00914966EA0000001773
B1411165600142N00915134EA0000001788
B1411215600184N00915225EA0000001788
B1411265600244N00915198EA0000001784
B1411315600263N00915079EA0000001794
B1411365600224N00914963EA0000001802
B1411415600144N00914920EA0000001808
B1411465600078N00915010EA0000001815
B1411515600089N00915142EA0000001819
B1411565600151N00915171EA0000001821
B1412015600186N00915071EA0000001829
B1412065600147N00914954EA0000001837
B1412115600061N00914939EA0000001840
B1412165559992N00915038EA0000001848
B1412215559961N00915180EA0000001848
B1412265559940N00915332EA0000001842
B1412325559923N00915516EA0000001847
B1412385559910N00915696EA0000001839
B1412465559910N00915936EA0000001827
B1412515559923N00916084EA0000001815
B1412565559945N00916236EA0000001802
B1413025559968N00916413EA0000001810
B1413085559983N00916577EA0000001809
B1413155559993N00916772EA0000001801
B1413205559999N00916909EA0000001795
B1413255600005N00917048EA0000001774
B1413315600022N00917224EA0000001764
B1413375600043N00917395EA0000001766
B1413435600067N00917558EA0000001764
B1413495600097N00917723EA0000001757
B1413575600142N00917943EA0000001756
B1414025600169N00918080EA0000001753
B1414075600194N00918215EA0000001754
B1414135600222N00918371EA0000001756
B1414185600247N00918500EA0000001752
B1414245600279N00918656EA0000001746
B1414305600315N00918816EA0000001742
B1414355600344N00918950EA0000001742
B1414405600370N00919082EA0000001747
B1414465600404N00919235EA0000001736
B1414515600435N00919360EA0000001735
B1414565600468N00919481EA0000001729
B1415015600505N00919607EA0000001710
B1415065600548N00919746EA0000001689
B1415115600593N00919893EA0000001671
B1415165600639N00920039EA0000001665
B1415255600716N00920291EA0000001649
B1415315600767N00920445EA0000001646
B1415365600817N00920568EA0000001637
B1415425600886N00920716EA0000001638
B1415485600943N00920840EA0000001662
B1415535600981N00920936EA0000001667
B1415595601053N00920949EA0000001672
B1416045601069N00920809EA0000001675
B1416095600999N00920712EA0000001681
B1416145600918N00920730EA0000001691
B1416195600873N00920826EA0000001694
B1416245600904N00920927EA0000001695
B1416305600983N00920888EA0000001703
B1416355601002N00920745EA0000001703
B1416405600945N00920622EA0000001703
B1416455600860N00920584EA0000001709
B1416505600787N00920627EA0000001715
B1416555600765N00920741EA0000001716
B1417005600798N00920851EA0000001730
B1417065600866N00920797EA0000001732
B1417115600851N00920655EA0000001735
B1417165600785N00920557EA0000001735
B1417215600705N00920531EA0000001741
B1417265600652N00920604EA0000001744
B1417315600653N00920720EA0000001743
B1417365600705N00920800EA0000001751
B1417415600771N00920768EA0000001757
B1417465600791N00920633EA0000001756
B1417515600749N00920506EA0000001756
B1417565600671N00920458EA0000001759
B1418015600605N00920513EA0000001762
B1418065600582N00920631EA0000001771
B1418115600604N00920736EA0000001779
B1418165600669N00920742EA0000001783
B1418215600707N00920626EA0000001781
B1418265600671N00920496EA0000001786
B1418315600595N00920456EA0000001797
B1418365600538N00920526EA0000001803
B1418415600547N00920632EA0000001809
B1418465600609N00920645EA0000001814
B1418515600644N00920532EA0000001815
B1418565600600N00920414EA0000001815
B1419015600522N00920393EA0000001824
B1419065600469N00920469EA0000001826
B1419115600475N00920581EA0000001827
B1419165600536N00920619EA0000001835
B1419215600584N00920524EA0000001837
B1419265600562N00920384EA0000001837
B1419315600489N00920330EA0000001843
B1419365600429N00920392EA0000001844
B1419415600427N00920505EA0000001846
B1419465600462N00920609EA0000001848
B1419525600508N00920729EA0000001842
B1419575600552N00920836EA0000001834
B1420025600598N00920946EA0000001835
B1420075600644N00921053EA0000001828
B1420155600714N00921242EA0000001817
B1420205600751N00921368EA0000001814
B1420265600795N00921516EA0000001811
B1420325600836N00921665EA0000001807
B1420385600878N00921810EA0000001800
B1420435600913N00921938EA0000001787
B1420485600952N00922070EA0000001780
B1420555601003N00922250EA0000001778
B1421015601047N00922399EA0000001776
B1421075601128N00922440EA0000001763
B1421125601205N00922395EA0000001747
B1421185601297N00922309EA0000001735
B1421265601419N00922171EA0000001722
B1421315601496N00922084EA0000001719
B1421365601574N00921989EA0000001719
B1421415601649N00921898EA0000001729
B1421465601723N00921813EA0000001737
B1421525601808N00921706EA0000001749
B1421585601884N00921609EA0000001751
B1422045601956N00921509EA0000001736
B1422095602018N00921415EA0000001743
B1422145602075N00921324EA0000001763
B1422215602144N00921214EA0000001773
B1422265602197N00921123EA0000001762
B1422315602261N00921040EA0000001773
B1422365602320N00920960EA0000001792
B1422415602373N00920892EA0000001809
B1422475602432N00920822EA0000001821
B1422525602480N00920763EA0000001822
B1422595602552N00920678EA0000001821
B1423045602581N00920569EA0000001810
B1423095602576N00920417EA0000001784
B1423145602549N00920235EA0000001757
B1423195602513N00920040EA0000001756
B1423255602468N00919807EA0000001746
B1423315602415N00919575EA0000001736
B1423385602349N00919309EA0000001722
B1423445602292N00919084EA0000001720
B1423495602238N00918913EA0000001730
B1423555602171N00918733EA0000001743
B1424015602110N00918535EA0000001721
B1424065602069N00918342EA0000001712
B1424125602022N00918113EA0000001705
B1424175601987N00917921EA0000001696
B1424225601959N00917723EA0000001684
B1424285601926N00917482EA0000001674
B1424345601901N00917243EA0000001686
B1424405601883N00917033EA0000001699
B1424465601867N00916802EA0000001676
B1424535601846N00916511EA0000001670
B1424585601831N00916311EA0000001669
B1425055601812N00916029EA0000001647
B1425105601796N00915821EA0000001649
B1425155601782N00915633EA0000001649
B1425205601766N00915436EA0000001633
B1425265601746N00915200EA0000001622
B1425325601727N00914971EA0000001621
B1425375601714N00914788EA0000001625
B1425425601697N00914608EA0000001640
B1425475601679N00914452EA0000001674
B1425525601662N00914319EA0000001702
B1425575601638N00914190EA0000001708
B1426025601564N00914126EA0000001708
B1426075601487N00914192EA0000001708
B1426125601462N00914323EA0000001707
B1426175601492N00914444EA0000001701
B1426225601554N00914522EA0000001712
B1426275601626N00914569EA0000001725
B1426325601694N00914532EA0000001744
B1426375601711N00914400EA0000001747
B1426425601658N00914271EA0000001757
B1426475601570N00914238EA0000001775
B1426525601494N00914325EA0000001787
B1426575601482N00914474EA0000001798
B1427025601541N00914563EA0000001805
B1427075601612N00914523EA0000001819
B1427125601633N00914387EA0000001827
B1427175601578N00914259EA0000001833
B1427225601481N00914238EA0000001849
B1427275601406N00914336EA0000001870
B1427325601390N00914483EA0000001872
B1427375601443N00914586EA0000001879
B1427425601517N00914570EA0000001886
B1427475601554N00914447EA0000001896
B1427525601520N00914302EA0000001905
B1427575601431N00914241EA0000001918
B1428025601348N00914316EA0000001935
B1428085601331N00914499EA0000001945
B1428135601395N00914572EA0000001945
B1428185601457N00914494EA0000001946
B1428245601468N00914288EA0000001932
B1428295601455N00914088EA0000001929
B1428355601436N00913844EA0000001940
B1428405601417N00913639EA0000001925
B1428455601398N00913429EA0000001927
B1428505601381N00913228EA0000001934
B1428555601362N00913022EA0000001932
B1429005601344N00912812EA0000001936
B1429065601319N00912554EA0000001922
B1429115601293N00912333EA0000001912
B1429165601268N00912112EA0000001901
B1429215601244N00911895EA0000001898
B1429275601216N00911651EA0000001897
B1429325601191N00911453EA0000001895
B1429385601169N00911236EA0000001898
B1429435601153N00911058EA0000001889
B1429485601148N00910874EA0000001874
B1429535601169N00910686EA0000001869
B1429585601201N00910508EA0000001865
B1430045601242N00910312EA0000001856
B1430095601279N00910157EA0000001842
B1430145601321N00909993EA0000001833
B1430195601362N00909830EA0000001844
B1430255601408N00909656EA0000001873
B1430315601450N00909495EA0000001896
B1430375601486N00909335EA0000001916
B1430445601523N00909147EA0000001949
B1430495601550N00909010EA0000001963
B1430545601580N00908875EA0000001964
B1431005601626N00908687EA0000001929
B1431055601669N00908505EA0000001915
B1431105601712N00908313EA0000001902
B1431165601764N00908079EA0000001890
B1431235601813N00907810EA0000001894
B1431315601855N00907499EA0000001878
B1431395601893N00907185EA0000001868
B1431445601918N00906992EA0000001864
B1431525601955N00906688EA0000001857
B1431575601974N00906505EA0000001855
B1432025601990N00906323EA0000001840
B1432075602008N00906133EA0000001837
B1432125602022N00905942EA0000001840
B1432175602033N00905748EA0000001833
B1432225602039N00905546EA0000001824
B1432275602041N00905350EA0000001836
B1432325602037N00905156EA0000001831
B1432375602029N00904956EA0000001838
B1432425602018N00904760EA0000001836
B1432475602007N00904563EA0000001827
B1432535601996N00904319EA0000001808
B1432585602002N00904105EA0000001795
B1433035602015N00903892EA0000001791
B1433095602027N00903639EA0000001793
B1433145602037N00903432EA0000001789
B1433225602054N00903111EA0000001776
B1433275602072N00902905EA0000001765
B1433325602086N00902696EA0000001756
B1433375602101N00902496EA0000001751
B1433445602127N00902227EA0000001743
B1433505602150N00902006EA0000001738
B1433555602164N00901823EA0000001736
B1434015602171N00901600EA0000001732
B1434065602179N00901422EA0000001733
B1434115602185N00901245EA0000001723
B1434185602189N00900987EA0000001717
B1434235602193N00900811EA0000001721
B1434285602197N00900642EA0000001724
B1434365602203N00900374EA0000001733
B1434425602207N00900183EA0000001749
B1434475602196N00900036EA0000001772
B1434525602130N00859965EA0000001785
B1434575602067N00900025EA0000001798
B1435025602062N00900133EA0000001805
B1435075602115N00900188EA0000001809
B1435125602177N00900138EA0000001825
B1435185602194N00859980EA0000001830
B1435235602141N00859862EA0000001839
B1435285602063N00859831EA0000001840
B1435335601999N00859909EA0000001851
B1435385601998N00900021EA0000001857
B1435435602051N00900084EA0000001862
B1435485602121N00900074EA0000001873
B1435535602174N00859981EA0000001883
B1435585602166N00859832EA0000001883
B1436035602091N00859744EA0000001876
B1436085602005N00859779EA0000001876
B1436135601957N00859891EA0000001890
B1436185601952N00900012EA0000001894
B1436235601997N00900100EA0000001896
B1436285602068N00900092EA0000001902
B1436335602108N00859976EA0000001916
B1436385602083N00859830EA0000001919
B1436435602010N00859748EA0000001920
B1436485601933N00859773EA0000001931
B1436535601895N00859880EA0000001928
B1436585601920N00859992EA0000001929
B1437035601979N00900061EA0000001932
B1437095602054N00900120EA0000001938
B1437155602128N00900142EA0000001950
B1437205602182N00900064EA0000001958
B1437255602192N00859927EA0000001969
B1437315602127N00859790EA0000001985
B1437385602042N00859627EA0000001982
B1437445601989N00859428EA0000001951
B1437495601961N00859230EA0000001936
B1437545601940N00859028EA0000001941
B1437595601922N00858822EA0000001918
B1438045601910N00858603EA0000001901
B1438095601899N00858388EA0000001897
B1438145601882N00858175EA0000001893
B1438195601865N00857968EA0000001887
B1438255601844N00857722EA0000001876
B1438315601817N00857485EA0000001874
B1438385601786N00857213EA0000001868
B1438435601768N00857013EA0000001861
B1438495601748N00856776EA0000001855
B1438545601731N00856582EA0000001848
B1438595601714N00856386EA0000001836
B1439075601688N00856066EA0000001813
B1439165601664N00855711EA0000001813
B1439215601652N00855520EA0000001812
B1439285601628N00855248EA0000001803
B1439345601610N00855022EA0000001802
B1439395601594N00854839EA0000001787
B1439445601575N00854656EA0000001790
B1439505601551N00854460EA0000001802
B1439575601518N00854244EA0000001805
B1440025601495N00854102EA0000001812
B1440075601473N00853969EA0000001805
B1440125601454N00853831EA0000001796
B1440215601448N00853564EA0000001781
B1440265601458N00853416EA0000001791
B1440325601473N00853251EA0000001811
B1440375601463N00853123EA0000001819
B1440425601389N00853055EA0000001821
B1440475601316N00853124EA0000001834
B1440525601300N00853249EA0000001849
B1440575601340N00853334EA0000001856
B1441025601402N00853321EA0000001865
B1441075601433N00853219EA0000001874
B1441125601410N00853092EA0000001873
B1441195601297N00853039EA0000001879
B1441245601235N00853150EA0000001885
B1441295601239N00853299EA0000001895
B1441345601288N00853391EA0000001906
B1441405601357N00853325EA0000001910
B1441455601341N00853184EA0000001919
B1441505601262N00853118EA0000001923
B1441555601183N00853184EA0000001932
B1442005601162N00853332EA0000001938
B1442055601203N00853451EA0000001949
B1442105601270N00853476EA0000001950
B1442155601322N00853385EA0000001951
B1442225601342N00853195EA0000001972
B1442365601354N00852815EA0000001986
B1442415601352N00852668EA0000001974
B1442475601358N00852456EA0000001960
B1442535601371N00852239EA0000001961
B1442585601386N00852067EA0000001958
B1443045601408N00851858EA0000001946
B1443105601428N00851650EA0000001953
B1443155601442N00851481EA0000001949
B1443205601453N00851309EA0000001941
B1443255601463N00851127EA0000001917
B1443315601474N00850890EA0000001921
B1443415601476N00850567EA0000001972
B1443475601468N00850395EA0000001960
B1443525601458N00850219EA0000001952
B1443575601449N00850032EA0000001951
B1444045601440N00849757EA0000001940
B1444105601464N00849529EA0000001936
B1444155601514N00849371EA0000001934
B1444215601583N00849194EA0000001926
B1444295601671N00848950EA0000001915
B1444345601720N00848790EA0000001908
B1444395601758N00848621EA0000001907
B1444475601800N00848341EA0000001914
B1444545601824N00848091EA0000001914
B1444595601834N00847908EA0000001906
B1445045601839N00847723EA0000001897
B1445155601826N00847331EA0000001904
B1445205601819N00847169EA0000001927
B1445265601817N00846997EA0000001940
B1445315601780N00846875EA0000001938
B1445365601697N00846843EA0000001931
B1445415601628N00846929EA0000001926
B1445465601618N00847056EA0000001924
B1445515601659N00847134EA0000001919
B1445595601761N00847142EA0000001925
B1446055601832N00847126EA0000001935
B1446105601864N00847029EA0000001930
B1446165601826N00846870EA0000001921
B1446215601744N00846805EA0000001931
B1446265601664N00846823EA0000001935
B1446315601617N00846914EA0000001929
B1446365601625N00847026EA0000001926
B1446415601676N00847093EA0000001932
B1446465601733N00847125EA0000001937
B1446515601782N00847071EA0000001935
B1446575601782N00846912EA0000001935
B1447025601717N00846805EA0000001931
B1447075601630N00846789EA0000001937
B1447125601558N00846850EA0000001932
B1447175601531N00846964EA0000001932
B1447225601563N00847051EA0000001932
B1447275601620N00847053EA0000001933
B1447325601658N00846960EA0000001924
B1447395601651N00846744EA0000001904
B1447455601628N00846548EA0000001905
B1447505601607N00846392EA0000001904
B1447565601586N00846206EA0000001898
B1448015601577N00846045EA0000001877
B1448075601572N00845839EA0000001870
B1448135601564N00845644EA0000001872
B1448195601556N00845451EA0000001868
B1448265601550N00845221EA0000001852
B1448335601542N00844982EA0000001841
B1448435601515N00844640EA0000001826
B1448485601498N00844472EA0000001822
B1448535601480N00844305EA0000001816
B1449005601449N00844069EA0000001805
B1449085601425N00843801EA0000001804
B1449145601408N00843604EA0000001800
B1449195601393N00843440EA0000001796
B1449255601375N00843249EA0000001794
B1449335601347N00842998EA0000001792
B1449405601318N00842789EA0000001791
B1449475601293N00842574EA0000001785
B1449525601277N00842418EA0000001782
B1449595601250N00842204EA0000001774
B1450045601192N00842099EA0000001768
B1450095601112N00842151EA0000001759
B1450155601070N00842334EA0000001724
B1450225601058N00842609EA0000001698
B1450415601057N00843417EA0000001647
B1450465601061N00843648EA0000001630
B1450515601065N00843883EA0000001618
B1450565601069N00844122EA0000001602
B1451015601074N00844356EA0000001597
B1451065601078N00844584EA0000001585
B1451135601083N00844901EA0000001567
B1451185601090N00845126EA0000001551
B1451235601098N00845354EA0000001528
B1451295601105N00845630EA0000001510
B1451375601111N00846002EA0000001480
B1451425601116N00846236EA0000001461
B1451495601125N00846568EA0000001437
B1451555601130N00846864EA0000001424
B1452065601132N00847397EA0000001433
B1452145601133N00847761EA0000001410
B1452205601136N00848049EA0000001386
B1452255601140N00848282EA0000001381
B1452355601146N00848743EA0000001362
B1452425601151N00849066EA0000001354
B1452585601150N00849764EA0000001408
B1453035601147N00849963EA0000001397
B1453105601141N00850264EA0000001380
B1453165601136N00850521EA0000001372
B1453225601133N00850788EA0000001346
B1453275601134N00851021EA0000001323
B1453325601137N00851260EA0000001302
B1453375601143N00851497EA0000001289
B1453425601151N00851735EA0000001271
B1453505601159N00852115EA0000001255
B1453555601162N00852353EA0000001247
B1454055601162N00852829EA0000001241
B1454105601163N00853067EA0000001231
B1454205601166N00853545EA0000001210
B1454265601170N00853831EA0000001192
B1454315601175N00854066EA0000001181
B1454365601182N00854299EA0000001156
B1454425601189N00854590EA0000001121
B1454485601197N00854886EA0000001097
B1454535601210N00855125EA0000001086
B1454585601228N00855356EA0000001077
B1455035601248N00855583EA0000001065
B1455125601291N00856000EA0000001034
B1455175601321N00856232EA0000001021
B1455225601344N00856466EA0000001012
B1455275601357N00856698EA0000001003
B1455345601359N00857031EA0000000981
B1455405601351N00857321EA0000000965
B1455475601328N00857662EA0000000950
B1455525601306N00857902EA0000000937
B1455585601278N00858191EA0000000930
B1456045601252N00858468EA0000000940
B1456115601222N00858791EA0000000930
B1456165601208N00859021EA0000000952
B1456215601199N00859242EA0000000969
B1456265601183N00859466EA0000000971
B1456315601164N00859687EA0000000963
B1456365601146N00859913EA0000000949
B1456415601132N00900149EA0000000931
B1456485601114N00900482EA0000000924
B1456535601105N00900715EA0000000921
B1456585601099N00900944EA0000000919
B1457035601094N00901169EA0000000917
B1457085601091N00901387EA0000000929
B1457135601123N00901565EA0000000945
B1457195601201N00901699EA0000000952
B1457245601274N00901759EA0000000950
B1457305601361N00901803EA0000000948
B1457355601430N00901843EA0000000941
B1457405601497N00901883EA0000000939
B1457465601575N00901920EA0000000924
B1457525601652N00901953EA0000000900
B1457595601741N00902000EA0000000878
B1458055601816N00902052EA0000000865
B1458105601882N00902094EA0000000862
B1458175601973N00902157EA0000000859
B1458225602042N00902200EA0000000852
B1458275602108N00902145EA0000000846
B1458345602174N00901972EA0000000830
B1458395602223N00901848EA0000000827
B1458445602270N00901723EA0000000820
B1458495602315N00901589EA0000000814
B1458575602384N00901369EA0000000797
B1459025602448N00901276EA0000000783
B1459075602518N00901334EA0000000776
B1459125602512N00901481EA0000000773
B1459175602438N00901571EA0000000766
B1459225602346N00901544EA0000000754
B1459275602291N00901415EA0000000741
B1459345602235N00901208EA0000000728
B1459395602202N00901055EA0000000721
B1459465602167N00900838EA0000000712
B1459515602146N00900681EA0000000706
B1459565602121N00900523EA0000000696
B1500025602095N00900332EA0000000684
B1500085602073N00900139EA0000000673
B1500165602040N00859884EA0000000666
B1500215601997N00859745EA0000000665
B1500265601913N00859708EA0000000665
B1500315601839N00859776EA0000000645
B1500365601788N00859895EA0000000629
B1500415601756N00900034EA0000000605
B1500465601735N00900179EA0000000587
B1500525601722N00900349EA0000000569
B1501015601722N00900600EA0000000535
B1501075601729N00900767EA0000000515
B1501135601741N00900933EA0000000491
B1501185601747N00901075EA0000000484
B1501235601690N00901182EA0000000476
B1501285601603N00901158EA0000000462
B1501335601553N00901027EA0000000457
B1501395601539N00900850EA0000000445
B1501465601531N00900624EA0000000428
B1501535601548N00900409EA0000000424
B1501585601585N00900276EA0000000417
B1502035601627N00900148EA0000000412
B1502085601628N00859996EA0000000412
B1502135601568N00859868EA0000000404
B1502185601474N00859830EA0000000404
B1502235601389N00859896EA0000000387
B1502285601329N00900017EA0000000373
B1502365601274N00900233EA0000000359
B1502435601259N00900432EA0000000343
B1502485601257N00900576EA0000000327
B1502555601264N00900777EA0000000306
B1503015601274N00900952EA0000000305
B1503075601297N00901118EA0000000300
B1503135601300N00901287EA0000000297
B1503185601269N00901439EA0000000283
B1503235601187N00901525EA0000000285
B1503285601102N00901468EA0000000286
B1503335601060N00901332EA0000000282
B1503425601020N00901052EA0000000263
B1503475601006N00900889EA0000000258
B1503535600992N00900691EA0000000259
B1504005600983N00900465EA0000000250
B1504065600972N00900267EA0000000236
B1504135600957N00900025EA0000000220
B1504245600931N00859625EA0000000199
B1504295600897N00859446EA0000000191
B1504365600779N00859270EA0000000188
B1504415600674N00859221EA0000000183
B1504465600595N00859315EA0000000185
B1504515600581N00859462EA0000000168
B1504585600599N00859672EA0000000144
B1505055600608N00859884EA0000000114
B1505125600610N00900094EA0000000087
B1505175600608N00900241EA0000000068
B1505235600604N00900408EA0000000049
B1505285600602N00900530EA0000000043
B1505355600601N00900667EA0000000042
B1505405600599N00900744EA0000000041
