AOGNOGN
HFDTE200825
HFFXA050
HFPLTPILOTINCHARGE:
HFGTYGLIDERTYPE:JS-3 18M RES
HFGIDGLIDERID:D-KABP
HFDTM100GPSDATUM:WGS-1984
HFRFWFIRMWAREVERSION:
HFRHWHARDWAREVERSION:
HFFTYFRTYPE:OGN-FLIGHTBOOK
HFGPSGENERIC
HFPRSPRESSALTSENSOR:
HFCIDCOMPETITIONID:AI
B1014585600601N00900606EA0000000042
B1014585600601N00900606EA0000000042
B1015055600621N00900760EA0000000043
B1015125600644N00900957EA0000000047
B1015175600663N00901114EA0000000052
B1015225600680N00901280EA0000000059
B1015275600698N00901446EA0000000071
B1015365600706N00901742EA0000000097
B1015415600674N00901906EA0000000111
B1015485600591N00902093EA0000000132
B1015565600482N00902295EA0000000150
B1016045600365N00902490EA0000000168
B1016115600260N00902654EA0000000185
B1016175600181N00902804EA0000000197
B1016225600136N00902954EA0000000201
B1016285600109N00903148EA0000000212
B1016345600112N00903346EA0000000217
B1016395600119N00903511EA0000000230
B1016445600123N00903671EA0000000246
B1016505600132N00903858EA0000000260
B1016565600142N00904051EA0000000266
B1017015600152N00904212EA0000000279
B1017075600164N00904403EA0000000293
B1017125600181N00904556EA0000000304
B1017175600199N00904708EA0000000321
B1017235600220N00904895EA0000000330
B1017295600240N00905082EA0000000343
B1017365600270N00905292EA0000000361
B1017415600298N00905440EA0000000368
B1017465600326N00905587EA0000000389
B1017565600381N00905877EA0000000419
B1018025600422N00906041EA0000000433
B1018075600466N00906165EA0000000441
B1018125600524N00906268EA0000000453
B1018195600626N00906361EA0000000466
B1018245600709N00906387EA0000000475
B1018295600797N00906377EA0000000484
B1018355600900N00906307EA0000000495
B1018405600979N00906209EA0000000506
B1018485601090N00906000EA0000000521
B1018535601145N00905843EA0000000533
B1018585601196N00905688EA0000000547
B1019035601244N00905532EA0000000560
B1019105601304N00905308EA0000000573
B1019155601302N00905133EA0000000569
B1019205601239N00904994EA0000000572
B1019275601120N00904914EA0000000572
B1019325601036N00904933EA0000000564
B1019385600942N00904992EA0000000554
B1019435600864N00905055EA0000000550
B1019515600753N00905177EA0000000544
B1019575600678N00905285EA0000000529
B1020125600464N00905509EA0000000514
B1020195600349N00905558EA0000000510
B1020245600268N00905588EA0000000500
B1020295600181N00905594EA0000000491
B1020345600089N00905575EA0000000485
B1020425559946N00905504EA0000000478
B1020485559845N00905402EA0000000471
B1020535559769N00905296EA0000000473
B1020585559701N00905175EA0000000473
B1021045559620N00905020EA0000000471
B1021095559566N00904876EA0000000481
B1021145559505N00904750EA0000000489
B1021195559414N00904734EA0000000487
B1021245559365N00904841EA0000000486
B1021305559404N00904950EA0000000492
B1021355559469N00904937EA0000000492
B1021405559509N00904816EA0000000494
B1021455559480N00904665EA0000000501
B1021505559393N00904603EA0000000498
B1021555559315N00904667EA0000000499
B1022005559304N00904788EA0000000499
B1022055559358N00904835EA0000000501
B1022105559422N00904775EA0000000503
B1022155559470N00904670EA0000000505
B1022205559498N00904520EA0000000501
B1022255559474N00904358EA0000000503
B1022305559403N00904253EA0000000498
B1022365559299N00904208EA0000000508
B1022415559219N00904167EA0000000504
B1022465559151N00904067EA0000000495
B1022515559091N00903946EA0000000485
B1022575559027N00903771EA0000000477
B1023035558970N00903599EA0000000476
B1023095558914N00903417EA0000000463
B1023145558867N00903267EA0000000470
B1023195558824N00903115EA0000000476
B1023245558781N00902966EA0000000490
B1023295558700N00902879EA0000000502
B1023345558616N00902908EA0000000509
B1023395558600N00903024EA0000000509
B1023445558660N00903069EA0000000515
B1023495558716N00902976EA0000000524
B1023545558701N00902816EA0000000534
B1023595558616N00902735EA0000000548
B1024045558536N00902791EA0000000552
B1024095558528N00902915EA0000000551
B1024145558588N00902963EA0000000554
B1024195558645N00902863EA0000000564
B1024245558623N00902699EA0000000580
B1024295558535N00902612EA0000000588
B1024345558450N00902664EA0000000592
B1024395558439N00902787EA0000000592
B1024445558493N00902849EA0000000594
B1024495558555N00902779EA0000000599
B1024545558580N00902630EA0000000621
B1024595558542N00902480EA0000000634
B1025045558453N00902421EA0000000639
B1025095558381N00902494EA0000000641
B1025145558385N00902612EA0000000635
B1025195558452N00902635EA0000000638
B1025245558514N00902546EA0000000655
B1025295558556N00902418EA0000000674
B1025345558541N00902260EA0000000685
B1025395558457N00902178EA0000000694
B1025445558379N00902245EA0000000703
B1025495558378N00902372EA0000000706
B1025545558447N00902395EA0000000721
B1025595558499N00902273EA0000000738
B1026045558478N00902110EA0000000749
B1026095558396N00902015EA0000000757
B1026145558304N00902043EA0000000766
B1026205558274N00902187EA0000000773
B1026255558328N00902252EA0000000779
B1026315558402N00902147EA0000000797
B1026365558392N00901983EA0000000812
B1026415558311N00901880EA0000000820
B1026465558220N00901913EA0000000826
B1026525558191N00902063EA0000000828
B1026575558242N00902147EA0000000830
B1027025558315N00902098EA0000000845
B1027075558340N00901944EA0000000861
B1027125558290N00901793EA0000000868
B1027175558193N00901749EA0000000879
B1027225558129N00901845EA0000000883
B1027275558138N00901976EA0000000878
B1027325558207N00902020EA0000000887
B1027375558272N00901923EA0000000905
B1027425558270N00901753EA0000000918
B1027475558197N00901624EA0000000927
B1027525558099N00901619EA0000000933
B1027575558043N00901734EA0000000935
B1028025558057N00901867EA0000000933
B1028075558127N00901917EA0000000938
B1028125558198N00901825EA0000000949
B1028175558202N00901651EA0000000966
B1028235558113N00901503EA0000000978
B1028285558019N00901524EA0000000984
B1028335557977N00901653EA0000000984
B1028385558016N00901764EA0000000988
B1028435558093N00901757EA0000000998
B1028485558152N00901645EA0000001012
B1028535558147N00901474EA0000001025
B1028585558077N00901348EA0000001031
B1029035557982N00901343EA0000001039
B1029085557912N00901433EA0000001045
B1029135557899N00901566EA0000001048
B1029185557932N00901672EA0000001055
B1029235557995N00901712EA0000001067
B1029285558065N00901676EA0000001081
B1029335558125N00901577EA0000001094
B1029385558155N00901433EA0000001107
B1029435558136N00901272EA0000001113
B1029485558066N00901149EA0000001123
B1029535557974N00901131EA0000001131
B1029585557909N00901222EA0000001140
B1030035557910N00901347EA0000001145
B1030085557960N00901436EA0000001150
B1030135558035N00901432EA0000001162
B1030185558093N00901330EA0000001177
B1030255558109N00901109EA0000001186
B1030315558099N00900897EA0000001185
B1030385558078N00900628EA0000001193
B1030435558060N00900442EA0000001203
B1030485558045N00900257EA0000001196
B1030535558040N00900075EA0000001190
B1030595558041N00859860EA0000001187
B1031045558038N00859683EA0000001183
B1031105558028N00859462EA0000001191
B1031155558016N00859282EA0000001208
B1031205558001N00859109EA0000001217
B1031265557983N00858889EA0000001197
B1031325557966N00858661EA0000001198
B1031385557944N00858438EA0000001211
B1031445557913N00858216EA0000001223
B1031495557882N00858039EA0000001222
B1031545557843N00857868EA0000001219
B1032005557790N00857667EA0000001229
B1032065557733N00857475EA0000001244
B1032115557678N00857324EA0000001253
B1032165557646N00857155EA0000001256
B1032215557633N00856967EA0000001255
B1032275557578N00856759EA0000001272
B1032325557550N00856579EA0000001274
B1032375557529N00856391EA0000001272
B1032435557469N00856189EA0000001271
B1032515557354N00855965EA0000001270
B1032575557262N00855814EA0000001268
B1033025557195N00855680EA0000001256
B1033075557155N00855493EA0000001240
B1033125557159N00855293EA0000001233
B1033175557213N00855128EA0000001222
B1033225557297N00855029EA0000001219
B1033305557437N00855013EA0000001207
B1033355557511N00855079EA0000001199
B1033425557591N00855218EA0000001193
B1033485557650N00855346EA0000001199
B1033535557689N00855456EA0000001195
B1033595557739N00855600EA0000001173
B1034045557782N00855720EA0000001169
B1034095557825N00855831EA0000001158
B1034155557878N00855965EA0000001147
B1034205557923N00856069EA0000001145
B1034285557971N00856262EA0000001135
B1034345558002N00856409EA0000001128
B1034395558015N00856543EA0000001124
B1034465558034N00856728EA0000001128
B1034525558054N00856872EA0000001134
B1034595558067N00857044EA0000001125
B1035055558051N00857204EA0000001118
B1035105558025N00857341EA0000001113
B1035175557974N00857527EA0000001108
B1035225557939N00857662EA0000001112
B1035275557905N00857788EA0000001116
B1035325557871N00857915EA0000001110
B1035375557836N00858045EA0000001107
B1035425557799N00858173EA0000001113
B1035475557763N00858304EA0000001107
B1035545557716N00858492EA0000001102
B1036005557682N00858652EA0000001097
B1036065557651N00858814EA0000001099
B1036135557615N00858999EA0000001104
B1036255557554N00859320EA0000001100
B1036305557527N00859456EA0000001109
B1036355557499N00859588EA0000001122
B1036405557475N00859723EA0000001115
B1036465557453N00859894EA0000001114
B1036525557439N00900067EA0000001121
B1036595557431N00900256EA0000001158
B1037065557420N00900449EA0000001171
B1037125557406N00900622EA0000001187
B1037175557401N00900764EA0000001191
B1037255557405N00900993EA0000001180
B1037315557423N00901169EA0000001181
B1037375557439N00901345EA0000001185
B1037425557452N00901498EA0000001182
B1037495557471N00901716EA0000001184
B1037545557490N00901870EA0000001185
B1037595557510N00902024EA0000001184
B1038045557535N00902171EA0000001189
B1038095557564N00902315EA0000001179
B1038155557604N00902488EA0000001162
B1038205557645N00902631EA0000001152
B1038255557688N00902774EA0000001139
B1038305557734N00902912EA0000001138
B1038365557788N00903067EA0000001131
B1038425557842N00903219EA0000001121
B1038475557887N00903341EA0000001120
B1038525557932N00903459EA0000001117
B1038575557960N00903582EA0000001116
B1039035557977N00903739EA0000001105
B1039125557960N00903986EA0000001092
B1039175557943N00904127EA0000001082
B1039235557920N00904299EA0000001077
B1039285557901N00904441EA0000001074
B1039335557877N00904582EA0000001072
B1039395557845N00904746EA0000001074
B1039445557817N00904872EA0000001068
B1039515557785N00905063EA0000001059
B1039565557764N00905197EA0000001063
B1040015557741N00905333EA0000001060
B1040085557701N00905520EA0000001062
B1040155557659N00905706EA0000001056
B1040215557628N00905864EA0000001064
B1040265557595N00905986EA0000001049
B1040315557552N00906105EA0000001043
B1040385557495N00906275EA0000001059
B1040435557454N00906388EA0000001073
B1040485557380N00906434EA0000001082
B1040535557293N00906382EA0000001080
B1040585557237N00906240EA0000001086
B1041035557241N00906074EA0000001092
B1041085557297N00905954EA0000001095
B1041135557376N00905912EA0000001094
B1041185557448N00905960EA0000001095
B1041235557499N00906065EA0000001101
B1041295557529N00906218EA0000001103
B1041345557547N00906361EA0000001083
B1041405557563N00906539EA0000001073
B1041455557575N00906689EA0000001059
B1041505557587N00906841EA0000001046
B1041555557596N00906989EA0000001041
B1042015557612N00907159EA0000001044
B1042065557629N00907297EA0000001042
B1042125557647N00907458EA0000001039
B1042195557664N00907648EA0000001037
B1042255557686N00907803EA0000001035
B1042305557714N00907932EA0000001031
B1042355557748N00908055EA0000001026
B1042415557788N00908214EA0000001015
B1042465557819N00908346EA0000001016
B1042515557847N00908476EA0000001014
B1042575557880N00908638EA0000001002
B1043025557907N00908778EA0000000999
B1043075557934N00908911EA0000001012
B1043125557962N00909029EA0000001028
B1043175557982N00909148EA0000001032
B1043225557964N00909269EA0000001032
B1043275557958N00909402EA0000001028
B1043325557972N00909544EA0000001034
B1043375557982N00909683EA0000001049
B1043425557944N00909811EA0000001064
B1043475557862N00909869EA0000001066
B1043525557772N00909809EA0000001060
B1043585557712N00909626EA0000001063
B1044035557725N00909464EA0000001076
B1044085557782N00909348EA0000001084
B1044135557860N00909289EA0000001093
B1044185557934N00909322EA0000001107
B1044235557967N00909437EA0000001123
B1044285557929N00909564EA0000001132
B1044345557822N00909608EA0000001137
B1044395557736N00909508EA0000001141
B1044445557705N00909333EA0000001144
B1044495557739N00909164EA0000001145
B1044555557822N00909023EA0000001158
B1045005557898N00908953EA0000001178
B1045095558034N00908976EA0000001184
B1045145558104N00909038EA0000001169
B1045195558179N00909112EA0000001152
B1045245558253N00909197EA0000001144
B1045295558321N00909288EA0000001135
B1045345558381N00909397EA0000001117
B1045405558449N00909537EA0000001117
B1045455558500N00909648EA0000001107
B1045565558582N00909931EA0000001082
B1046025558606N00910104EA0000001073
B1046075558618N00910252EA0000001073
B1046145558632N00910439EA0000001075
B1046215558643N00910617EA0000001070
B1046275558649N00910771EA0000001071
B1046335558650N00910927EA0000001045
B1046425558650N00911181EA0000001034
B1046485558648N00911351EA0000001036
B1046545558641N00911522EA0000001048
B1046595558613N00911664EA0000001045
B1047065558537N00911852EA0000001037
B1047115558485N00911988EA0000001053
B1047165558458N00912129EA0000001067
B1047225558446N00912298EA0000001061
B1047285558448N00912469EA0000001068
B1047365558452N00912700EA0000001075
B1047425558452N00912870EA0000001067
B1047475558440N00913017EA0000001057
B1047525558417N00913161EA0000001055
B1047575558392N00913304EA0000001056
B1048035558363N00913476EA0000001079
B1048085558334N00913608EA0000001087
B1048135558269N00913703EA0000001096
B1048185558179N00913739EA0000001088
B1048235558091N00913793EA0000001091
B1048285558012N00913873EA0000001086
B1048355557931N00914041EA0000001070
B1048415557879N00914207EA0000001057
B1048465557838N00914347EA0000001051
B1048525557792N00914509EA0000001049
B1048575557760N00914647EA0000001047
B1049025557723N00914779EA0000001043
B1049075557685N00914909EA0000001032
B1049125557644N00915040EA0000001021
B1049185557585N00915183EA0000001008
B1049245557526N00915331EA0000001003
B1049295557481N00915457EA0000000995
B1049345557439N00915593EA0000001002
B1049395557403N00915727EA0000001009
B1049455557362N00915883EA0000001006
B1049505557339N00916023EA0000001000
B1049565557310N00916193EA0000000991
B1050015557295N00916335EA0000000985
B1050065557276N00916477EA0000000979
B1050135557248N00916673EA0000000966
B1050195557233N00916839EA0000000965
B1050245557221N00916980EA0000000953
B1050295557210N00917122EA0000000947
B1050345557204N00917259EA0000000931
B1050405557207N00917426EA0000000926
B1050455557213N00917562EA0000000915
B1050505557229N00917699EA0000000905
B1050565557245N00917855EA0000000904
B1051025557249N00918010EA0000000877
B1051075557255N00918148EA0000000864
B1051135557261N00918317EA0000000849
B1051185557263N00918453EA0000000847
B1051235557264N00918591EA0000000840
B1051285557262N00918728EA0000000832
B1051345557260N00918895EA0000000832
B1051395557252N00919031EA0000000830
B1051455557231N00919192EA0000000831
B1051505557204N00919324EA0000000842
B1051555557182N00919454EA0000000864
B1052005557201N00919578EA0000000874
B1052055557262N00919649EA0000000894
B1052105557338N00919618EA0000000907
B1052155557384N00919487EA0000000917
B1052205557357N00919322EA0000000922
B1052255557270N00919244EA0000000928
B1052305557192N00919315EA0000000932
B1052355557185N00919456EA0000000942
B1052405557248N00919538EA0000000957
B1052455557333N00919502EA0000000965
B1052515557384N00919320EA0000000971
B1052575557328N00919122EA0000000976
B1053025557230N00919080EA0000000977
B1053075557154N00919175EA0000000974
B1053125557153N00919322EA0000000981
B1053175557222N00919389EA0000000988
B1053235557308N00919285EA0000001002
B1053285557321N00919110EA0000001005
B1053335557260N00918956EA0000001007
B1053385557161N00918908EA0000001008
B1053435557085N00918994EA0000001010
B1053485557077N00919135EA0000001017
B1053535557129N00919237EA0000001021
B1053585557213N00919228EA0000001030
B1054045557270N00919049EA0000001044
B1054095557234N00918874EA0000001053
B1054145557142N00918799EA0000001054
B1054195557062N00918874EA0000001056
B1054245557060N00919012EA0000001057
B1054305557144N00919072EA0000001067
B1054355557212N00918978EA0000001078
B1054415557216N00918769EA0000001084
B1054465557147N00918633EA0000001088
B1054515557051N00918590EA0000001084
B1054565556968N00918660EA0000001090
B1055015556934N00918790EA0000001090
B1055065556952N00918919EA0000001096
B1055115557016N00918985EA0000001100
B1055165557096N00918953EA0000001106
B1055215557157N00918835EA0000001117
B1055265557164N00918662EA0000001128
B1055315557112N00918505EA0000001132
B1055365557022N00918424EA0000001126
B1055425556906N00918437EA0000001129
B1055475556845N00918545EA0000001135
B1055525556835N00918684EA0000001135
B1055575556873N00918805EA0000001142
B1056025556923N00918906EA0000001149
B1056085556991N00919032EA0000001156
B1056155557073N00919180EA0000001164
B1056205557133N00919287EA0000001179
B1056265557204N00919416EA0000001156
B1056315557269N00919533EA0000001151
B1056365557333N00919652EA0000001149
B1056425557404N00919799EA0000001147
B1056495557484N00919972EA0000001143
B1056555557549N00920114EA0000001135
B1057025557625N00920276EA0000001125
B1057085557682N00920422EA0000001121
B1057155557745N00920596EA0000001132
B1057235557819N00920795EA0000001123
B1057295557870N00920950EA0000001131
B1057345557915N00921063EA0000001140
B1057395557961N00921172EA0000001133
B1057445558008N00921290EA0000001141
B1057505558065N00921427EA0000001161
B1057565558083N00921589EA0000001171
B1058015558028N00921692EA0000001189
B1058065557939N00921698EA0000001196
B1058125557854N00921559EA0000001193
B1058185557844N00921356EA0000001196
B1058235557897N00921230EA0000001199
B1058285557979N00921183EA0000001203
B1058335558061N00921175EA0000001224
B1058385558128N00921251EA0000001234
B1058445558142N00921416EA0000001244
B1058495558085N00921528EA0000001255
B1058545557992N00921553EA0000001265
B1059015557884N00921397EA0000001275
B1059065557872N00921218EA0000001280
B1059115557922N00921072EA0000001282
B1059175558026N00921027EA0000001294
B1059225558098N00921101EA0000001307
B1059285558120N00921268EA0000001314
B1059335558066N00921390EA0000001327
B1059385557973N00921421EA0000001334
B1059455557854N00921280EA0000001345
B1059515557835N00921061EA0000001356
B1059565557889N00920915EA0000001361
B1100015557975N00920868EA0000001369
B1100065558051N00920937EA0000001381
B1100135558070N00921132EA0000001384
B1100185558012N00921246EA0000001391
B1100245557905N00921297EA0000001395
B1100295557808N00921252EA0000001400
B1100345557729N00921119EA0000001406
B1100395557694N00920937EA0000001414
B1100445557712N00920756EA0000001417
B1100495557774N00920622EA0000001423
B1100545557856N00920552EA0000001430
B1101025557997N00920543EA0000001437
B1101075558073N00920593EA0000001448
B1101155558168N00920749EA0000001415
B1101205558210N00920887EA0000001407
B1101285558251N00921135EA0000001385
B1101345558263N00921333EA0000001381
B1101395558256N00921499EA0000001373
B1101445558234N00921662EA0000001373
B1101505558202N00921858EA0000001380
B1101565558168N00922053EA0000001393
B1102015558137N00922217EA0000001395
B1102065558106N00922379EA0000001392
B1102115558072N00922544EA0000001387
B1102175558029N00922744EA0000001387
B1102235557983N00922942EA0000001378
B1102285557941N00923106EA0000001370
B1102345557888N00923302EA0000001360
B1102395557845N00923468EA0000001360
B1102445557805N00923627EA0000001369
B1102495557769N00923784EA0000001369
B1102565557711N00924007EA0000001375
B1103015557670N00924166EA0000001378
B1103065557631N00924318EA0000001384
B1103115557589N00924471EA0000001386
B1103185557525N00924686EA0000001380
B1103275557431N00924953EA0000001374
B1103335557352N00925119EA0000001369
B1103385557280N00925256EA0000001365
B1103455557175N00925445EA0000001365
B1103505557101N00925575EA0000001375
B1103565557011N00925713EA0000001369
B1104015556930N00925822EA0000001361
B1104075556826N00925943EA0000001353
B1104125556740N00926044EA0000001346
B1104195556618N00926183EA0000001339
B1104245556536N00926279EA0000001340
B1104315556422N00926422EA0000001325
B1104365556337N00926518EA0000001314
B1104415556247N00926601EA0000001316
B1104475556134N00926673EA0000001311
B1104545555996N00926752EA0000001297
B1105005555879N00926829EA0000001293
B1105055555782N00926881EA0000001286
B1105115555667N00926944EA0000001279
B1105205555500N00927037EA0000001277
B1105255555405N00927069EA0000001270
B1105305555306N00927100EA0000001261
B1105355555205N00927121EA0000001254
B1105415555081N00927135EA0000001244
B1105465554978N00927143EA0000001242
B1105515554876N00927128EA0000001237
B1105565554775N00927119EA0000001235
B1106025554658N00927046EA0000001218
B1106075554578N00926894EA0000001204
B1106125554538N00926698EA0000001200
B1106175554530N00926500EA0000001194
B1106225554547N00926310EA0000001181
B1106305554594N00926019EA0000001176
B1106365554640N00925816EA0000001170
B1106415554679N00925648EA0000001163
B1106465554721N00925478EA0000001154
B1106515554760N00925300EA0000001154
B1106565554789N00925120EA0000001152
B1107015554823N00924941EA0000001148
B1107065554855N00924761EA0000001145
B1107135554897N00924514EA0000001145
B1107185554926N00924340EA0000001137
B1107245554961N00924120EA0000001120
B1107295554987N00923930EA0000001117
B1107345555011N00923747EA0000001114
B1107405555035N00923523EA0000001100
B1107455555051N00923332EA0000001093
B1107505555065N00923143EA0000001090
B1107565555085N00922927EA0000001089
B1108015555102N00922749EA0000001077
B1108075555124N00922533EA0000001067
B1108145555145N00922280EA0000001049
B1108215555165N00922030EA0000001044
B1108265555174N00921854EA0000001036
B1108345555176N00921566EA0000001039
B1108405555170N00921359EA0000001049
B1108465555176N00921161EA0000001053
B1108515555184N00920992EA0000001058
B1108575555179N00920788EA0000001060
B1109025555198N00920618EA0000001056
B1109085555229N00920422EA0000001067
B1109135555279N00920304EA0000001070
B1109185555355N00920285EA0000001066
B1109235555424N00920347EA0000001069
B1109295555514N00920367EA0000001078
B1109355555603N00920343EA0000001076
B1109405555682N00920310EA0000001070
B1109465555780N00920259EA0000001057
B1109525555878N00920200EA0000001043
B1109575555960N00920135EA0000001030
B1110025556043N00920069EA0000001021
B1110075556125N00920002EA0000001009
B1110125556206N00919936EA0000001003
B1110185556299N00919865EA0000000999
B1110235556375N00919808EA0000001000
B1110305556478N00919729EA0000000995
B1110355556553N00919673EA0000000990
B1110415556644N00919610EA0000000987
B1110465556723N00919556EA0000000999
B1110515556798N00919494EA0000001012
B1110575556889N00919460EA0000001017
B1111025556948N00919531EA0000001014
B1111075556959N00919658EA0000001013
B1111125556915N00919768EA0000001018
B1111175556833N00919797EA0000001019
B1111225556747N00919723EA0000001025
B1111275556693N00919578EA0000001029
B1111325556699N00919410EA0000001043
B1111375556759N00919292EA0000001047
B1111425556843N00919270EA0000001045
B1111475556910N00919352EA0000001043
B1111525556928N00919493EA0000001044
B1111575556888N00919623EA0000001049
B1112025556807N00919680EA0000001053
B1112075556711N00919648EA0000001057
B1112125556635N00919528EA0000001063
B1112175556615N00919356EA0000001073
B1112235556671N00919182EA0000001083
B1112285556755N00919127EA0000001081
B1112335556835N00919180EA0000001078
B1112385556875N00919313EA0000001079
B1112435556860N00919462EA0000001082
B1112485556808N00919586EA0000001089
B1112535556730N00919661EA0000001102
B1112585556633N00919655EA0000001105
B1113035556548N00919555EA0000001109
B1113085556489N00919401EA0000001111
B1113135556450N00919234EA0000001113
B1113195556431N00919013EA0000001097
B1113255556448N00918772EA0000001095
B1113305556483N00918579EA0000001095
B1113355556529N00918405EA0000001097
B1113425556612N00918195EA0000001090
B1113475556674N00918054EA0000001093
B1113525556736N00917918EA0000001095
B1113585556801N00917744EA0000001085
B1114035556855N00917594EA0000001082
B1114115556943N00917353EA0000001067
B1114165556985N00917191EA0000001067
B1114245557022N00916901EA0000001049
B1114305557049N00916681EA0000001043
B1114365557076N00916468EA0000001042
B1114435557102N00916215EA0000001029
B1114485557119N00916031EA0000001024
B1114565557153N00915743EA0000001019
B1115025557177N00915530EA0000001017
B1115085557202N00915322EA0000001012
B1115135557222N00915148EA0000001010
B1115195557247N00914938EA0000001005
B1115255557268N00914731EA0000000999
B1115305557282N00914553EA0000000988
B1115355557293N00914376EA0000000983
B1115405557296N00914201EA0000000975
B1115455557299N00914023EA0000000972
B1115525557307N00913775EA0000000967
B1115575557314N00913595EA0000000964
B1116035557327N00913374EA0000000959
B1116105557343N00913115EA0000000960
B1116185557362N00912828EA0000000966
B1116235557376N00912653EA0000000962
B1116285557389N00912478EA0000000959
B1116375557409N00912162EA0000000948
B1116455557423N00911882EA0000000931
B1116535557442N00911596EA0000000915
B1116585557447N00911416EA0000000910
B1117035557453N00911236EA0000000908
B1117095557465N00911031EA0000000902
B1117195557501N00910684EA0000000889
B1117255557518N00910481EA0000000899
B1117315557534N00910281EA0000000901
B1117365557552N00910112EA0000000907
B1117415557603N00909992EA0000000906
B1117465557676N00909962EA0000000909
B1117515557737N00910030EA0000000917
B1117585557749N00910209EA0000000914
B1118035557703N00910329EA0000000915
B1118085557626N00910393EA0000000923
B1118135557535N00910368EA0000000926
B1118185557459N00910258EA0000000931
B1118235557390N00910136EA0000000940
B1118285557325N00909990EA0000000931
B1118375557240N00909679EA0000000931
B1118445557205N00909418EA0000000936
B1118495557193N00909235EA0000000932
B1118565557199N00908980EA0000000928
B1119015557214N00908802EA0000000939
B1119065557241N00908647EA0000000945
B1119115557306N00908558EA0000000946
B1119165557380N00908574EA0000000947
B1119215557429N00908668EA0000000943
B1119265557436N00908797EA0000000949
B1119315557390N00908908EA0000000954
B1119365557310N00908957EA0000000954
B1119425557201N00908891EA0000000958
B1119485557098N00908784EA0000000958
B1119535557009N00908678EA0000000955
B1119595556917N00908511EA0000000958
B1120045556862N00908346EA0000000962
B1120095556822N00908173EA0000000972
B1120145556827N00907996EA0000000984
B1120195556884N00907868EA0000000988
B1120245556966N00907848EA0000000987
B1120295557026N00907933EA0000000987
B1120345557037N00908071EA0000000982
B1120405556993N00908230EA0000000980
B1120455556918N00908316EA0000000978
B1120535556765N00908322EA0000000980
B1120595556655N00908231EA0000000965
B1121045556571N00908115EA0000000951
B1121095556514N00907951EA0000000934
B1121155556494N00907723EA0000000923
B1121215556509N00907500EA0000000911
B1121265556548N00907336EA0000000907
B1121335556622N00907128EA0000000891
B1121385556684N00906993EA0000000890
B1121455556774N00906816EA0000000893
B1121505556840N00906696EA0000000900
B1121555556904N00906581EA0000000896
B1122015556979N00906435EA0000000884
B1122085557074N00906271EA0000000865
B1122135557142N00906157EA0000000861
B1122185557208N00906055EA0000000855
B1122245557291N00905939EA0000000848
B1122295557361N00905847EA0000000837
B1122345557432N00905751EA0000000828
B1122395557501N00905649EA0000000823
B1122465557599N00905503EA0000000839
B1122535557680N00905327EA0000000856
B1122595557715N00905138EA0000000842
B1123045557743N00904979EA0000000840
B1123095557774N00904822EA0000000829
B1123155557824N00904643EA0000000817
B1123205557879N00904517EA0000000809
B1123255557945N00904422EA0000000797
B1123315558035N00904355EA0000000787
B1123375558126N00904326EA0000000776
B1123425558204N00904317EA0000000766
B1123525558358N00904314EA0000000773
B1123595558467N00904317EA0000000771
B1124045558545N00904322EA0000000766
B1124105558640N00904320EA0000000753
B1124165558736N00904293EA0000000748
B1124225558831N00904266EA0000000736
B1124275558912N00904254EA0000000730
B1124335559006N00904238EA0000000735
B1124385559084N00904228EA0000000731
B1124435559161N00904227EA0000000735
B1124485559237N00904249EA0000000741
B1124535559303N00904305EA0000000743
B1124585559319N00904421EA0000000743
B1125035559272N00904524EA0000000745
B1125085559186N00904543EA0000000745
B1125135559106N00904453EA0000000742
B1125185559070N00904293EA0000000742
B1125235559087N00904128EA0000000750
B1125285559137N00904000EA0000000755
B1125335559216N00903951EA0000000759
B1125385559285N00904002EA0000000756
B1125435559307N00904123EA0000000758
B1125485559270N00904243EA0000000760
B1125535559192N00904301EA0000000763
B1125585559101N00904271EA0000000761
B1126035559024N00904160EA0000000750
B1126095558947N00904003EA0000000762
B1126145558897N00903865EA0000000764
B1126205558883N00903660EA0000000756
B1126255558922N00903507EA0000000756
B1126305558993N00903416EA0000000775
B1126355559070N00903375EA0000000772
B1126415559157N00903406EA0000000762
B1126465559207N00903499EA0000000750
B1126525559221N00903657EA0000000750
B1127015559211N00903892EA0000000747
B1127085559197N00904080EA0000000748
B1127145559159N00904230EA0000000761
B1127195559093N00904302EA0000000762
B1127255558989N00904297EA0000000760
B1127305558899N00904233EA0000000755
B1127365558806N00904109EA0000000764
B1127415558742N00903985EA0000000768
B1127475558679N00903819EA0000000766
B1127525558635N00903655EA0000000765
B1127595558577N00903434EA0000000766
B1128045558542N00903272EA0000000754
B1128095558515N00903108EA0000000752
B1128145558492N00902948EA0000000744
B1128195558470N00902789EA0000000732
B1128245558448N00902632EA0000000730
B1128305558436N00902438EA0000000714
B1128365558437N00902242EA0000000708
B1128425558450N00902046EA0000000685
B1128475558469N00901886EA0000000688
B1128535558492N00901705EA0000000710
B1128585558512N00901562EA0000000710
B1129035558538N00901414EA0000000702
B1129085558572N00901262EA0000000701
B1129135558603N00901107EA0000000697
B1129185558638N00900939EA0000000692
B1129285558706N00900619EA0000000684
B1129335558742N00900465EA0000000685
B1129405558794N00900257EA0000000677
B1129485558871N00900040EA0000000686
B1129535558917N00859913EA0000000692
B1130025558983N00859669EA0000000698
B1130095559028N00859482EA0000000692
B1130145559064N00859355EA0000000691
B1130195559128N00859266EA0000000683
B1130255559221N00859243EA0000000672
B1130305559285N00859295EA0000000669
B1130355559312N00859400EA0000000666
B1130405559308N00859529EA0000000672
B1130455559273N00859648EA0000000679
B1130505559195N00859700EA0000000681
B1130555559106N00859645EA0000000689
B1131005559060N00859503EA0000000689
B1131055559078N00859348EA0000000686
B1131105559145N00859251EA0000000678
B1131155559221N00859243EA0000000681
B1131205559272N00859326EA0000000683
B1131255559278N00859456EA0000000686
B1131305559237N00859573EA0000000689
B1131355559163N00859636EA0000000693
B1131415559065N00859696EA0000000697
B1131475558962N00859711EA0000000705
B1131525558876N00859640EA0000000703
B1131575558829N00859492EA0000000702
B1132025558838N00859329EA0000000705
B1132075558894N00859229EA0000000710
B1132125558968N00859233EA0000000716
B1132175559019N00859327EA0000000707
B1132225559013N00859467EA0000000708
B1132275558953N00859578EA0000000717
B1132325558863N00859600EA0000000727
B1132375558780N00859515EA0000000724
B1132425558737N00859358EA0000000721
B1132475558745N00859189EA0000000723
B1132525558796N00859061EA0000000719
B1132585558888N00859022EA0000000724
B1133035558948N00859099EA0000000724
B1133085558957N00859232EA0000000717
B1133145558910N00859390EA0000000725
B1133195558845N00859484EA0000000735
B1133245558757N00859492EA0000000738
B1133305558669N00859374EA0000000736
B1133365558625N00859187EA0000000732
B1133415558626N00859021EA0000000735
B1133465558657N00858880EA0000000737
B1133515558724N00858804EA0000000733
B1133565558799N00858826EA0000000738
B1134015558844N00858930EA0000000737
B1134065558837N00859068EA0000000728
B1134115558794N00859195EA0000000731
B1134175558723N00859317EA0000000738
B1134265558597N00859453EA0000000741
B1134315558518N00859514EA0000000733
B1134385558400N00859578EA0000000723
B1134455558278N00859619EA0000000710
B1134505558192N00859642EA0000000711
B1134555558104N00859667EA0000000706
B1135005558016N00859683EA0000000711
B1135055557932N00859703EA0000000714
B1135125557812N00859719EA0000000720
B1135185557708N00859722EA0000000740
B1135235557623N00859726EA0000000746
B1135285557559N00859799EA0000000753
B1135335557536N00859918EA0000000746
B1135385557570N00900027EA0000000744
B1135435557640N00900077EA0000000747
B1135485557720N00900044EA0000000752
B1135545557796N00859918EA0000000755
B1135595557846N00859785EA0000000765
B1136045557869N00859626EA0000000770
B1136095557840N00859465EA0000000773
B1136155557760N00859330EA0000000777
B1136205557680N00859283EA0000000782
B1136255557605N00859331EA0000000784
B1136305557567N00859444EA0000000800
B1136355557587N00859565EA0000000806
B1136405557655N00859624EA0000000815
B1136455557740N00859597EA0000000821
B1136515557816N00859448EA0000000834
B1136575557830N00859240EA0000000834
B1137025557788N00859079EA0000000834
B1137075557712N00858976EA0000000832
B1137125557626N00858948EA0000000834
B1137175557554N00859007EA0000000835
B1137225557508N00859119EA0000000840
B1137275557503N00859255EA0000000848
B1137325557551N00859361EA0000000854
B1137375557634N00859381EA0000000868
B1137425557712N00859307EA0000000880
B1137475557758N00859159EA0000000879
B1137525557754N00858979EA0000000882
B1137575557704N00858831EA0000000886
B1138025557622N00858754EA0000000888
B1138075557541N00858770EA0000000894
B1138125557484N00858864EA0000000891
B1138175557457N00858997EA0000000898
B1138225557482N00859128EA0000000908
B1138275557544N00859224EA0000000915
B1138325557630N00859244EA0000000936
B1138375557717N00859187EA0000000935
B1138425557779N00859055EA0000000945
B1138475557796N00858882EA0000000947
B1138525557766N00858714EA0000000945
B1139005557656N00858525EA0000000946
B1139055557568N00858486EA0000000949
B1139125557456N00858546EA0000000950
B1139175557396N00858643EA0000000957
B1139235557378N00858800EA0000000965
B1139295557419N00858951EA0000000965
B1139345557494N00859022EA0000000975
B1139395557580N00858997EA0000000996
B1139445557658N00858917EA0000000997
B1139495557737N00858836EA0000000999
B1139545557819N00858765EA0000000993
B1140015557936N00858705EA0000000999
B1140075558036N00858694EA0000001003
B1140125558115N00858721EA0000001006
B1140195558221N00858799EA0000001006
B1140245558294N00858885EA0000001008
B1140305558369N00859006EA0000001015
B1140355558442N00859070EA0000001032
B1140415558542N00859083EA0000001041
B1140465558626N00859029EA0000001046
B1140515558690N00858910EA0000001046
B1140575558751N00858740EA0000001032
B1141025558788N00858586EA0000001016
B1141095558851N00858357EA0000001002
B1141155558907N00858168EA0000001002
B1141205558955N00858017EA0000001006
B1141265559009N00857841EA0000001011
B1141315559055N00857693EA0000001001
B1141365559107N00857540EA0000000995
B1141425559177N00857364EA0000000990
B1141475559239N00857221EA0000000985
B1141555559343N00856986EA0000000972
B1142025559433N00856777EA0000000960
B1142095559522N00856577EA0000000959
B1142165559603N00856376EA0000000944
B1142215559662N00856230EA0000000936
B1142295559757N00855992EA0000000926
B1142345559814N00855844EA0000000923
B1142415559888N00855633EA0000000919
B1142465559940N00855487EA0000000931
B1142525559999N00855314EA0000000937
B1143015600093N00855047EA0000000919
B1143065600147N00854894EA0000000909
B1143115600197N00854734EA0000000903
B1143165600245N00854578EA0000000903
B1143225600299N00854399EA0000000899
B1143275600342N00854246EA0000000890
B1143335600390N00854062EA0000000872
B1143385600431N00853909EA0000000876
B1143455600481N00853696EA0000000879
B1143505600515N00853541EA0000000885
B1143565600555N00853356EA0000000896
B1144015600587N00853204EA0000000911
B1144065600642N00853097EA0000000924
B1144125600736N00853081EA0000000932
B1144175600800N00853162EA0000000937
B1144225600831N00853298EA0000000935
B1144275600817N00853454EA0000000944
B1144325600756N00853583EA0000000946
B1144375600660N00853626EA0000000960
B1144425600566N00853564EA0000000971
B1144475600500N00853424EA0000000970
B1144525600481N00853244EA0000000973
B1144585600519N00853052EA0000000982
B1145035600592N00852963EA0000000990
B1145085600675N00852977EA0000000999
B1145135600736N00853081EA0000001002
B1145185600750N00853236EA0000001002
B1145235600709N00853387EA0000001002
B1145285600630N00853491EA0000001001
B1145335600530N00853526EA0000001010
B1145385600432N00853485EA0000001019
B1145455600334N00853308EA0000001016
B1145505600277N00853150EA0000001017
B1145555600235N00852969EA0000001005
B1146005600207N00852776EA0000001011
B1146095600178N00852445EA0000001018
B1146155600167N00852228EA0000001016
B1146205600174N00852045EA0000001018
B1146275600190N00851790EA0000001024
B1146365600227N00851486EA0000001036
B1146435600260N00851260EA0000001042
B1146485600287N00851099EA0000001040
B1146545600326N00850912EA0000001040
B1147005600384N00850739EA0000001027
B1147065600449N00850573EA0000001023
B1147115600507N00850447EA0000001019
B1147175600587N00850316EA0000001014
B1147255600698N00850151EA0000001016
B1147305600767N00850054EA0000001020
B1147385600883N00849909EA0000001014
B1147435600955N00849816EA0000001014
B1147485601030N00849723EA0000001002
B1147555601139N00849599EA0000001005
B1148015601233N00849495EA0000001005
B1148075601327N00849399EA0000001015
B1148125601407N00849325EA0000001009
B1148185601503N00849219EA0000001004
B1148235601585N00849134EA0000000999
B1148295601687N00849042EA0000000992
B1148385601839N00848908EA0000000984
B1148435601925N00848840EA0000000994
B1148485602010N00848775EA0000001000
B1148545602107N00848698EA0000001001
B1148595602191N00848634EA0000000999
B1149045602275N00848566EA0000001010
B1149115602388N00848456EA0000000992
B1149175602481N00848341EA0000000984
B1149225602557N00848246EA0000000969
B1149285602644N00848122EA0000000964
B1149345602726N00847991EA0000000950
B1149405602806N00847862EA0000000947
B1149455602875N00847751EA0000000944
B1149525602966N00847591EA0000000948
B1149585603040N00847448EA0000000952
B1150035603099N00847326EA0000000960
B1150105603179N00847164EA0000000967
B1150185603274N00846996EA0000000958
B1150255603361N00846856EA0000000961
B1150315603443N00846746EA0000000958
B1150365603514N00846655EA0000000960
B1150425603601N00846557EA0000000961
B1150475603677N00846480EA0000000949
B1150525603755N00846406EA0000000944
B1150575603833N00846330EA0000000935
B1151045603940N00846235EA0000000934
B1151115604044N00846143EA0000000927
B1151175604133N00846061EA0000000930
B1151225604208N00845989EA0000000931
B1151295604316N00845889EA0000000924
B1151365604418N00845776EA0000000915
B1151425604506N00845671EA0000000898
B1151505604626N00845538EA0000000892
B1151565604710N00845429EA0000000884
B1152035604805N00845288EA0000000884
B1152095604885N00845166EA0000000901
B1152155604965N00845057EA0000000914
B1152215605056N00845042EA0000000913
B1152265605118N00845114EA0000000910
B1152315605155N00845235EA0000000912
B1152365605157N00845374EA0000000917
B1152415605113N00845498EA0000000919
B1152465605030N00845558EA0000000924
B1152515604938N00845521EA0000000928
B1152575604863N00845368EA0000000936
B1153055604843N00845103EA0000000947
B1153105604878N00844964EA0000000959
B1153165604961N00844885EA0000000965
B1153215605033N00844922EA0000000967
B1153265605080N00845034EA0000000958
B1153315605094N00845179EA0000000966
B1153365605062N00845322EA0000000970
B1153415604995N00845422EA0000000975
B1153465604910N00845473EA0000000978
B1153515604817N00845460EA0000000982
B1153575604713N00845368EA0000000986
B1154045604622N00845184EA0000000991
B1154105604581N00844987EA0000000988
B1154175604568N00844740EA0000000975
B1154225604573N00844564EA0000000982
B1154285604603N00844370EA0000000973
B1154335604660N00844247EA0000000975
B1154385604733N00844174EA0000000977
B1154435604811N00844147EA0000000971
B1154495604901N00844192EA0000000962
B1154545604956N00844280EA0000000959
B1154595604997N00844389EA0000000955
B1155055605038N00844542EA0000000947
B1155105605063N00844678EA0000000947
B1155155605082N00844823EA0000000940
B1155215605088N00845000EA0000000947
B1155285605085N00845194EA0000000939
B1155335605074N00845336EA0000000938
B1155385605056N00845477EA0000000930
B1155445605031N00845646EA0000000920
B1155505604995N00845819EA0000000907
B1155575604938N00846006EA0000000927
B1156025604891N00846129EA0000000935
B1156105604815N00846324EA0000000944
B1156165604764N00846477EA0000000957
B1156225604750N00846639EA0000000962
B1156275604779N00846763EA0000000954
B1156335604858N00846844EA0000000959
B1156385604934N00846848EA0000000955
B1156435605016N00846836EA0000000942
B1156485605092N00846766EA0000000936
B1156535605146N00846642EA0000000926
B1156585605172N00846487EA0000000918
B1157035605166N00846323EA0000000909
B1157105605108N00846127EA0000000902
B1157155605048N00845996EA0000000877
B1157205604969N00845890EA0000000880
B1157255604882N00845818EA0000000878
B1157315604769N00845813EA0000000896
B1157365604684N00845866EA0000000899
B1157425604599N00845990EA0000000898
B1157475604565N00846131EA0000000897
B1157525604565N00846278EA0000000904
B1157575604575N00846419EA0000000896
B1158025604601N00846558EA0000000885
B1158075604637N00846689EA0000000883
B1158135604688N00846841EA0000000888
B1158185604734N00846960EA0000000907
B1158265604758N00847167EA0000000922
B1158315604699N00847262EA0000000923
B1158365604611N00847257EA0000000919
B1158415604544N00847140EA0000000924
B1158465604534N00846969EA0000000925
B1158515604583N00846826EA0000000939
B1158575604679N00846786EA0000000948
B1159025604745N00846868EA0000000960
B1159075604755N00847005EA0000000968
B1159125604699N00847108EA0000000970
B1159175604608N00847102EA0000000970
B1159225604535N00846993EA0000000974
B1159285604514N00846789EA0000000977
B1159335604550N00846634EA0000000991
B1159385604627N00846565EA0000000995
B1159435604703N00846614EA0000001005
B1159495604740N00846764EA0000001018
B1159545604709N00846896EA0000001021
B1159595604632N00846968EA0000001023
B1200045604540N00846960EA0000001022
B1200095604458N00846867EA0000001023
B1200175604420N00846598EA0000001040
B1200225604470N00846457EA0000001048
B1200285604569N00846414EA0000001056
B1200335604643N00846477EA0000001068
B1200385604682N00846596EA0000001077
B1200445604652N00846757EA0000001077
B1200495604577N00846835EA0000001080
B1200555604467N00846819EA0000001077
B1201005604393N00846707EA0000001074
B1201065604363N00846499EA0000001086
B1201115604391N00846325EA0000001092
B1201175604478N00846200EA0000001100
B1201225604564N00846211EA0000001105
B1201275604619N00846316EA0000001111
B1201325604609N00846455EA0000001118
B1201375604540N00846547EA0000001123
B1201425604447N00846541EA0000001125
B1201475604372N00846425EA0000001131
B1201535604358N00846214EA0000001142
B1201585604412N00846069EA0000001147
B1202045604516N00846026EA0000001149
B1202095604588N00846108EA0000001152
B1202145604605N00846250EA0000001157
B1202195604560N00846375EA0000001163
B1202245604476N00846433EA0000001162
B1202295604380N00846404EA0000001161
B1202345604298N00846292EA0000001165
B1202395604250N00846124EA0000001177
B1202445604253N00845941EA0000001179
B1202505604320N00845767EA0000001176
B1202565604420N00845674EA0000001172
B1203015604509N00845605EA0000001157
B1203065604598N00845526EA0000001154
B1203125604703N00845432EA0000001149
B1203175604785N00845336EA0000001147
B1203225604866N00845249EA0000001139
B1203285604969N00845148EA0000001133
B1203365605105N00845010EA0000001120
B1203425605206N00844909EA0000001114
B1203475605292N00844862EA0000001113
B1203525605375N00844843EA0000001107
B1203575605457N00844865EA0000001095
B1204025605539N00844904EA0000001087
B1204085605628N00844969EA0000001077
B1204145605708N00845055EA0000001067
B1204195605755N00845166EA0000001057
B1204255605802N00845314EA0000001051
B1204315605818N00845483EA0000001045
B1204375605788N00845650EA0000001041
B1204425605735N00845773EA0000001058
B1204485605668N00845905EA0000001075
B1204535605608N00846014EA0000001059
B1204585605540N00846127EA0000001042
B1205035605466N00846236EA0000001032
B1205085605399N00846347EA0000001028
B1205135605333N00846458EA0000001019
B1205185605273N00846576EA0000001016
B1205245605202N00846710EA0000001026
B1205315605120N00846863EA0000001029
B1205365605058N00846979EA0000001029
B1205415604996N00847098EA0000001029
B1205465604932N00847219EA0000001031
B1205515604871N00847339EA0000001042
B1205565604808N00847455EA0000001050
B1206015604748N00847570EA0000001058
B1206075604673N00847709EA0000001056
B1206125604618N00847830EA0000001046
B1206175604564N00847960EA0000001032
B1206225604511N00848097EA0000001024
B1206285604451N00848253EA0000001014
B1206345604388N00848408EA0000000994
B1206395604334N00848538EA0000000991
B1206445604284N00848661EA0000000992
B1206525604211N00848864EA0000000976
B1206575604172N00848998EA0000000967
B1207035604121N00849155EA0000000958
B1207085604077N00849284EA0000000950
B1207145604026N00849439EA0000000941
B1207195603982N00849569EA0000000943
B1207245603941N00849699EA0000000949
B1207295603901N00849825EA0000000952
B1207365603845N00849998EA0000000961
B1207425603795N00850150EA0000000961
B1207485603746N00850307EA0000000957
B1207535603711N00850435EA0000000953
B1207595603674N00850594EA0000000941
B1208045603642N00850722EA0000000940
B1208135603584N00850958EA0000000939
B1208195603547N00851111EA0000000949
B1208245603518N00851239EA0000000943
B1208295603487N00851372EA0000000941
B1208355603449N00851523EA0000000946
B1208425603393N00851700EA0000000931
B1208495603334N00851875EA0000000940
B1208565603274N00852044EA0000000940
B1209025603224N00852185EA0000000940
B1209075603174N00852301EA0000000934
B1209135603110N00852435EA0000000940
B1209185603062N00852547EA0000000934
B1209235603018N00852670EA0000000931
B1209285602976N00852795EA0000000941
B1209345602927N00852945EA0000000943
B1209395602889N00853075EA0000000946
B1209455602859N00853246EA0000000953
B1209515602862N00853421EA0000000948
B1209565602880N00853556EA0000000958
B1210025602901N00853707EA0000000966
B1210085602924N00853862EA0000000964
B1210135602939N00853992EA0000000956
B1210195602961N00854151EA0000000961
B1210245602971N00854295EA0000000960
B1210305602977N00854467EA0000000974
B1210375602984N00854671EA0000000967
B1210425602995N00854811EA0000000965
B1210485603007N00854980EA0000000953
B1210555603015N00855184EA0000000944
B1211005603019N00855334EA0000000953
B1211055603027N00855479EA0000000963
B1211105603040N00855623EA0000000971
B1211185603066N00855842EA0000000987
B1211235603045N00855978EA0000000992
B1211285602979N00856058EA0000001005
B1211345602877N00856056EA0000001000
B1211395602787N00856021EA0000001001
B1211455602676N00855972EA0000000998
B1211515602560N00855919EA0000000983
B1211575602448N00855875EA0000000975
B1212045602312N00855843EA0000000964
B1212095602219N00855828EA0000000962
B1212175602072N00855757EA0000000952
B1212235601976N00855627EA0000000946
B1212285601920N00855472EA0000000944
B1212345601898N00855266EA0000000940
B1212415601933N00855035EA0000000920
B1212465601976N00854883EA0000000913
B1212515602021N00854734EA0000000905
B1212585602091N00854531EA0000000895
B1213045602154N00854366EA0000000904
B1213095602205N00854232EA0000000907
B1213145602256N00854097EA0000000907
B1213225602353N00853888EA0000000912
B1213275602410N00853763EA0000000909
B1213345602495N00853585EA0000000915
B1213405602560N00853433EA0000000927
B1213465602627N00853283EA0000000910
B1213515602681N00853151EA0000000928
B1213575602737N00852998EA0000000939
B1214025602794N00852883EA0000000941
B1214085602887N00852847EA0000000951
B1214135602950N00852909EA0000000950
B1214185602977N00853027EA0000000943
B1214235602959N00853161EA0000000944
B1214295602887N00853285EA0000000940
B1214345602804N00853337EA0000000951
B1214395602713N00853318EA0000000964
B1214445602636N00853225EA0000000975
B1214495602591N00853073EA0000000977
B1214565602571N00852833EA0000000990
B1215015602597N00852674EA0000000996
B1215065602656N00852567EA0000001005
B1215125602750N00852542EA0000001005
B1215175602814N00852613EA0000001006
B1215225602843N00852734EA0000001006
B1215275602830N00852873EA0000001013
B1215325602776N00852986EA0000001026
B1215375602696N00853047EA0000001037
B1215425602603N00853037EA0000001048
B1215475602520N00852956EA0000001048
B1215525602458N00852821EA0000001042
B1215575602408N00852671EA0000001041
B1216025602359N00852503EA0000001029
B1216105602296N00852215EA0000001027
B1216185602245N00851928EA0000001020
B1216245602212N00851711EA0000001011
B1216325602178N00851429EA0000001001
B1216385602159N00851224EA0000000993
B1216435602155N00851047EA0000000983
B1216485602158N00850869EA0000000978
B1216575602153N00850559EA0000000979
B1217025602146N00850391EA0000000988
B1217075602134N00850233EA0000000996
B1217125602124N00850070EA0000000994
B1217175602115N00849907EA0000001003
B1217225602151N00849769EA0000001005
B1217275602224N00849710EA0000001008
B1217325602296N00849759EA0000001008
B1217375602326N00849885EA0000001006
B1217425602301N00850024EA0000001007
B1217475602228N00850103EA0000001008
B1217525602138N00850086EA0000001013
B1217575602070N00849974EA0000001015
B1218025602032N00849816EA0000001016
B1218105601998N00849544EA0000001010
B1218155601986N00849370EA0000001007
B1218205601980N00849197EA0000001007
B1218275601975N00848954EA0000001003
B1218335601971N00848745EA0000001002
B1218395601965N00848528EA0000001010
B1218475601956N00848238EA0000000993
B1218525601958N00848055EA0000000990
B1218595601952N00847802EA0000000997
B1219045601945N00847631EA0000001002
B1219095601938N00847469EA0000001006
B1219165601924N00847244EA0000001023
B1219215601914N00847081EA0000001027
B1219275601906N00846882EA0000001025
B1219355601887N00846615EA0000001035
B1219425601866N00846377EA0000001037
B1219475601851N00846205EA0000001031
B1219535601827N00846005EA0000001031
B1219595601803N00845805EA0000001029
B1220065601774N00845564EA0000001024
B1220145601735N00845289EA0000001022
B1220195601711N00845115EA0000001017
B1220245601691N00844942EA0000001017
B1220295601674N00844769EA0000001019
B1220355601650N00844561EA0000001026
B1220435601622N00844289EA0000001032
B1220485601651N00844133EA0000001034
B1220535601713N00844031EA0000001031
B1220595601778N00843895EA0000001027
B1221045601812N00843755EA0000001014
B1221095601837N00843592EA0000001002
B1221145601848N00843421EA0000000993
B1221235601813N00843113EA0000000978
B1221295601776N00842918EA0000000973
B1221345601743N00842762EA0000000962
B1221395601704N00842601EA0000000948
B1221465601628N00842395EA0000000931
B1221515601567N00842256EA0000000922
B1221565601503N00842121EA0000000911
B1222035601397N00841976EA0000000917
B1222115601273N00841835EA0000000916
B1222185601160N00841723EA0000000921
B1222245601083N00841579EA0000000920
B1222315600983N00841423EA0000000920
B1222375600878N00841361EA0000000920
B1222435600776N00841384EA0000000913
B1222485600707N00841469EA0000000903
B1222535600672N00841595EA0000000906
B1222585600651N00841727EA0000000900
B1223045600645N00841896EA0000000893
B1223105600656N00842063EA0000000890
B1223155600674N00842193EA0000000892
B1223205600702N00842321EA0000000892
B1223265600732N00842478EA0000000889
B1223315600761N00842602EA0000000899
B1223365600788N00842724EA0000000898
B1223425600824N00842870EA0000000907
B1223485600861N00843007EA0000000907
B1223535600892N00843133EA0000000903
B1223585600925N00843261EA0000000901
B1224035600954N00843396EA0000000903
B1224085600981N00843529EA0000000906
B1224135601003N00843665EA0000000908
B1224185601028N00843801EA0000000899
B1224235601055N00843937EA0000000884
B1224305601097N00844120EA0000000878
B1224365601132N00844277EA0000000869
B1224465601189N00844537EA0000000858
B1224515601220N00844662EA0000000854
B1224575601253N00844808EA0000000855
B1225025601280N00844926EA0000000847
B1225075601311N00845041EA0000000847
B1225125601348N00845146EA0000000841
B1225185601400N00845278EA0000000840
B1225235601444N00845389EA0000000848
B1225285601487N00845491EA0000000851
B1225345601532N00845638EA0000000847
B1225405601572N00845796EA0000000860
B1225455601564N00845934EA0000000867
B1225505601501N00846028EA0000000878
B1225555601414N00846028EA0000000882
B1226005601337N00845934EA0000000884
B1226055601288N00845787EA0000000901
B1226115601279N00845584EA0000000901
B1226165601318N00845434EA0000000911
B1226215601389N00845338EA0000000915
B1226265601472N00845319EA0000000919
B1226315601543N00845389EA0000000923
B1226365601582N00845516EA0000000930
B1226415601578N00845659EA0000000933
B1226475601516N00845804EA0000000951
B1226545601395N00845863EA0000000970
B1227025601253N00845769EA0000000972
B1227085601164N00845629EA0000000985
B1227135601112N00845480EA0000000992
B1227185601094N00845308EA0000000999
B1227245601117N00845104EA0000001010
B1227295601176N00844979EA0000001014
B1227345601258N00844929EA0000001014
B1227395601338N00844962EA0000001018
B1227445601393N00845062EA0000001021
B1227495601416N00845202EA0000001020
B1227545601428N00845363EA0000001011
B1227595601437N00845532EA0000001022
B1228045601443N00845692EA0000001039
B1228105601450N00845880EA0000001045
B1228165601465N00846074EA0000001042
B1228215601487N00846235EA0000001049
B1228265601512N00846388EA0000001049
B1228315601537N00846534EA0000001042
B1228365601567N00846677EA0000001028
B1228415601599N00846819EA0000001025
B1228485601641N00847012EA0000001012
B1228535601668N00847160EA0000001002
B1228595601699N00847332EA0000001013
B1229055601730N00847492EA0000001012
B1229115601768N00847653EA0000001011
B1229175601808N00847809EA0000001014
B1229245601851N00847989EA0000001028
B1229295601877N00848113EA0000001035
B1229345601862N00848246EA0000001046
B1229395601796N00848327EA0000001061
B1229445601707N00848313EA0000001064
B1229495601630N00848217EA0000001062
B1229545601589N00848062EA0000001066
B1229595601597N00847889EA0000001071
B1230045601645N00847751EA0000001076
B1230095601718N00847686EA0000001077
B1230145601793N00847707EA0000001082
B1230195601849N00847805EA0000001087
B1230245601859N00847941EA0000001092
B1230295601815N00848061EA0000001095
B1230345601729N00848113EA0000001105
B1230405601617N00848054EA0000001115
B1230465601546N00847884EA0000001121
B1230525601518N00847675EA0000001134
B1230585601534N00847476EA0000001133
B1231035601575N00847336EA0000001131
B1231085601643N00847238EA0000001129
B1231155601751N00847170EA0000001125
B1231205601829N00847161EA0000001137
B1231255601896N00847221EA0000001147
B1231305601931N00847339EA0000001146
B1231385601936N00847573EA0000001134
B1231435601921N00847721EA0000001139
B1231495601882N00847890EA0000001140
B1231545601845N00848020EA0000001153
B1231595601798N00848143EA0000001151
B1232045601746N00848268EA0000001160
B1232105601677N00848409EA0000001153
B1232175601589N00848574EA0000001148
B1232255601488N00848764EA0000001137
B1232305601425N00848884EA0000001133
B1232365601353N00849039EA0000001141
B1232415601302N00849163EA0000001150
B1232465601255N00849291EA0000001158
B1232525601201N00849450EA0000001165
B1232575601164N00849588EA0000001173
B1233025601130N00849734EA0000001176
B1233075601105N00849886EA0000001187
B1233155601079N00850129EA0000001190
B1233215601069N00850312EA0000001200
B1233295601070N00850566EA0000001204
B1233345601082N00850724EA0000001207
B1233395601102N00850883EA0000001200
B1233455601134N00851075EA0000001200
B1233505601166N00851229EA0000001192
B1233555601208N00851374EA0000001198
B1234005601253N00851512EA0000001204
B1234055601299N00851646EA0000001202
B1234105601345N00851781EA0000001200
B1234155601397N00851910EA0000001199
B1234205601453N00852032EA0000001203
B1234255601510N00852152EA0000001200
B1234305601572N00852268EA0000001204
B1234355601639N00852373EA0000001219
B1234405601704N00852477EA0000001221
B1234455601775N00852582EA0000001227
B1234515601861N00852693EA0000001250
B1234565601934N00852779EA0000001255
B1235035602041N00852900EA0000001243
B1235085602121N00852983EA0000001249
B1235145602211N00853080EA0000001254
B1235205602300N00853173EA0000001243
B1235255602378N00853250EA0000001240
B1235305602460N00853319EA0000001247
B1235365602553N00853396EA0000001265
B1235425602640N00853476EA0000001272
B1235475602716N00853544EA0000001282
B1235525602789N00853612EA0000001295
B1235575602861N00853684EA0000001292
B1236025602930N00853759EA0000001303
B1236105603038N00853878EA0000001283
B1236165603121N00853988EA0000001277
B1236225603203N00854103EA0000001263
B1236275603272N00854210EA0000001255
B1236325603340N00854321EA0000001251
B1236395603431N00854467EA0000001251
B1236445603490N00854577EA0000001250
B1236495603548N00854686EA0000001251
B1236555603610N00854828EA0000001253
B1237005603657N00854945EA0000001251
B1237055603703N00855071EA0000001243
B1237105603745N00855201EA0000001253
B1237155603781N00855331EA0000001263
B1237205603813N00855466EA0000001254
B1237255603845N00855613EA0000001238
B1237305603871N00855765EA0000001235
B1237355603889N00855914EA0000001231
B1237405603899N00856069EA0000001226
B1237525603903N00856423EA0000001199
B1238005603898N00856672EA0000001182
B1238075603891N00856886EA0000001167
B1238135603884N00857071EA0000001152
B1238185603881N00857223EA0000001135
B1238245603878N00857411EA0000001124
B1238295603872N00857567EA0000001111
B1238355603869N00857758EA0000001107
B1238405603877N00857906EA0000001115
B1238465603882N00858085EA0000001104
B1238525603894N00858268EA0000001099
B1238585603908N00858446EA0000001097
B1239045603923N00858628EA0000001100
B1239095603933N00858781EA0000001107
B1239145603942N00858931EA0000001118
B1239195603950N00859078EA0000001120
B1239245603958N00859221EA0000001130
B1239305603969N00859396EA0000001136
B1239355603983N00859544EA0000001159
B1239405603966N00859688EA0000001176
B1239455603899N00859789EA0000001187
B1239505603805N00859808EA0000001198
B1239555603715N00859733EA0000001199
B1240015603648N00859558EA0000001185
B1240065603638N00859395EA0000001178
B1240125603676N00859231EA0000001172
B1240195603763N00859111EA0000001164
B1240255603854N00859083EA0000001161
B1240305603928N00859125EA0000001174
B1240375603997N00859270EA0000001186
B1240425604012N00859407EA0000001194
B1240475604008N00859555EA0000001197
B1240525604010N00859717EA0000001199
B1240575604017N00859875EA0000001209
B1241025604027N00900033EA0000001207
B1241075604043N00900195EA0000001205
B1241125604062N00900355EA0000001206
B1241185604089N00900533EA0000001205
B1241245604126N00900710EA0000001183
B1241295604160N00900852EA0000001180
B1241345604199N00900987EA0000001192
B1241425604257N00901199EA0000001210
B1241475604293N00901331EA0000001209
B1241525604329N00901468EA0000001211
B1241575604365N00901609EA0000001230
B1242035604408N00901772EA0000001245
B1242085604444N00901913EA0000001249
B1242135604480N00902066EA0000001254
B1242185604515N00902223EA0000001263
B1242235604552N00902382EA0000001272
B1242285604588N00902543EA0000001284
B1242335604623N00902702EA0000001290
B1242405604672N00902934EA0000001304
B1242465604712N00903136EA0000001317
B1242515604741N00903303EA0000001328
B1242575604769N00903505EA0000001321
B1243035604799N00903716EA0000001315
B1243085604828N00903888EA0000001297
B1243145604869N00904091EA0000001294
B1243205604910N00904280EA0000001292
B1243255604944N00904442EA0000001286
B1243305604979N00904608EA0000001288
B1243355605011N00904769EA0000001288
B1243415605048N00904960EA0000001288
B1243485605091N00905179EA0000001286
B1243535605120N00905338EA0000001287
B1243585605146N00905497EA0000001293
B1244045605173N00905693EA0000001284
B1244095605195N00905861EA0000001279
B1244145605216N00906023EA0000001273
B1244195605238N00906185EA0000001264
B1244255605269N00906375EA0000001257
B1244305605296N00906530EA0000001252
B1244355605321N00906685EA0000001244
B1244405605344N00906845EA0000001234
B1244455605375N00907005EA0000001234
B1244505605405N00907157EA0000001243
B1244575605452N00907363EA0000001249
B1245055605504N00907602EA0000001244
B1245125605549N00907810EA0000001243
B1245175605583N00907955EA0000001250
B1245225605615N00908092EA0000001254
B1245275605644N00908234EA0000001258
B1245345605682N00908430EA0000001277
B1245395605708N00908580EA0000001280
B1245445605730N00908734EA0000001280
B1245495605748N00908893EA0000001279
B1245555605766N00909088EA0000001278
B1246015605779N00909287EA0000001276
B1246075605790N00909486EA0000001256
B1246145605804N00909721EA0000001247
B1246205605812N00909918EA0000001239
B1246275605816N00910149EA0000001219
B1246365605818N00910445EA0000001197
B1246435605824N00910670EA0000001194
B1246495605830N00910852EA0000001205
B1246545605835N00911002EA0000001205
B1247005605840N00911186EA0000001211
B1247055605842N00911343EA0000001221
B1247105605843N00911502EA0000001231
B1247165605845N00911694EA0000001239
B1247235605846N00911923EA0000001248
B1247305605846N00912156EA0000001232
B1247365605845N00912358EA0000001223
B1247435605841N00912594EA0000001210
B1247505605831N00912831EA0000001199
B1247575605817N00913066EA0000001194
B1248025605810N00913235EA0000001196
B1248075605799N00913400EA0000001195
B1248125605788N00913563EA0000001189
B1248175605778N00913726EA0000001188
B1248245605765N00913948EA0000001187
B1248305605753N00914138EA0000001194
B1248355605743N00914291EA0000001199
B1248415605729N00914477EA0000001205
B1248465605717N00914631EA0000001201
B1248515605706N00914786EA0000001201
B1248575605689N00914981EA0000001196
B1249025605671N00915140EA0000001202
B1249085605652N00915325EA0000001200
B1249165605626N00915577EA0000001182
B1249225605602N00915768EA0000001171
B1249295605566N00915974EA0000001162
B1249345605519N00916107EA0000001154
B1249425605424N00916300EA0000001138
B1249485605343N00916438EA0000001131
B1249535605275N00916548EA0000001124
B1249595605191N00916681EA0000001110
B1250045605119N00916787EA0000001108
B1250095605044N00916885EA0000001096
B1250165604935N00917025EA0000001091
B1250225604843N00917143EA0000001085
B1250285604749N00917257EA0000001079
B1250355604639N00917386EA0000001075
B1250405604560N00917477EA0000001068
B1250455604480N00917558EA0000001064
B1250525604366N00917661EA0000001058
B1250585604266N00917739EA0000001047
B1251035604180N00917800EA0000001031
B1251085604089N00917855EA0000001027
B1251145603983N00917918EA0000001040
B1251205603881N00917976EA0000001045
B1251255603798N00918029EA0000001038
B1251325603677N00918108EA0000001038
B1251375603591N00918163EA0000001051
B1251425603506N00918220EA0000001054
B1251505603368N00918324EA0000001083
B1251555603280N00918366EA0000001095
B1252005603186N00918318EA0000001104
B1252055603118N00918192EA0000001111
B1252115603103N00917995EA0000001129
B1252165603138N00917862EA0000001139
B1252215603206N00917804EA0000001136
B1252265603277N00917837EA0000001139
B1252315603319N00917944EA0000001149
B1252365603315N00918086EA0000001162
B1252415603257N00918197EA0000001178
B1252465603168N00918234EA0000001191
B1252515603072N00918197EA0000001198
B1252565602991N00918090EA0000001195
B1253015602943N00917927EA0000001209
B1253065602940N00917763EA0000001220
B1253115602980N00917634EA0000001225
B1253165603048N00917575EA0000001225
B1253215603118N00917605EA0000001226
B1253265603165N00917706EA0000001226
B1253325603180N00917874EA0000001238
B1253375603173N00918019EA0000001248
B1253425603147N00918175EA0000001258
B1253485603095N00918351EA0000001285
B1253535603044N00918486EA0000001291
B1253595602979N00918638EA0000001308
B1254055602921N00918794EA0000001312
B1254105602884N00918936EA0000001317
B1254165602842N00919106EA0000001331
B1254215602803N00919241EA0000001343
B1254275602715N00919352EA0000001356
B1254325602621N00919364EA0000001375
B1254395602497N00919255EA0000001393
B1254445602441N00919114EA0000001403
B1254505602427N00918919EA0000001405
B1254575602461N00918709EA0000001407
B1255025602502N00918577EA0000001412
B1255075602558N00918458EA0000001405
B1255125602630N00918376EA0000001409
B1255175602708N00918351EA0000001409
B1255225602789N00918357EA0000001408
B1255275602871N00918390EA0000001395
B1255345602979N00918494EA0000001400
B1255395603046N00918594EA0000001392
B1255445603102N00918724EA0000001377
B1255495603141N00918882EA0000001363
B1255545603155N00919054EA0000001358
B1256015603167N00919289EA0000001358
B1256065603178N00919451EA0000001356
B1256115603193N00919615EA0000001337
B1256165603209N00919781EA0000001333
B1256215603220N00919934EA0000001333
B1256265603228N00920089EA0000001316
B1256315603235N00920255EA0000001306
B1256365603240N00920422EA0000001296
B1256425603254N00920625EA0000001288
B1256485603272N00920809EA0000001284
B1256535603292N00920959EA0000001271
B1256585603330N00921093EA0000001260
B1257035603375N00921222EA0000001248
B1257085603422N00921349EA0000001238
B1257165603490N00921550EA0000001239
B1257245603547N00921749EA0000001245
B1257305603587N00921904EA0000001244
B1257355603616N00922039EA0000001236
B1257405603643N00922175EA0000001244
B1257495603688N00922422EA0000001248
B1257545603712N00922556EA0000001246
B1258005603736N00922728EA0000001255
B1258055603749N00922865EA0000001273
B1258105603761N00922998EA0000001281
B1258155603774N00923130EA0000001290
B1258205603784N00923263EA0000001293
B1258255603796N00923400EA0000001307
B1258315603808N00923570EA0000001312
B1258365603820N00923719EA0000001316
B1258415603828N00923875EA0000001303
B1258465603820N00924033EA0000001295
B1258515603792N00924192EA0000001285
B1258575603740N00924367EA0000001277
B1259025603688N00924508EA0000001267
B1259075603634N00924640EA0000001265
B1259135603565N00924793EA0000001251
B1259205603485N00924979EA0000001238
B1259255603430N00925113EA0000001234
B1259325603354N00925300EA0000001226
B1259385603289N00925455EA0000001223
B1259445603224N00925605EA0000001212
B1259495603168N00925735EA0000001200
B1259545603112N00925865EA0000001193
B1259595603057N00925998EA0000001185
B1300045602999N00926130EA0000001176
B1300125602908N00926346EA0000001170
B1300175602856N00926478EA0000001182
B1300235602795N00926630EA0000001199
B1300325602711N00926864EA0000001211
B1300385602655N00927033EA0000001196
B1300475602568N00927299EA0000001204
B1300535602510N00927481EA0000001189
B1300595602455N00927669EA0000001174
B1301045602411N00927826EA0000001161
B1301095602368N00927983EA0000001150
B1301165602311N00928197EA0000001141
B1301215602271N00928342EA0000001134
B1301265602229N00928488EA0000001131
B1301325602176N00928652EA0000001128
B1301375602136N00928793EA0000001123
B1301435602089N00928957EA0000001128
B1301485602055N00929096EA0000001131
B1301555602012N00929292EA0000001135
B1302005601974N00929438EA0000001131
B1302065601928N00929611EA0000001129
B1302125601881N00929784EA0000001119
B1302185601834N00929951EA0000001118
B1302265601774N00930169EA0000001116
B1302335601722N00930357EA0000001106
B1302385601659N00930470EA0000001095
B1302435601568N00930539EA0000001086
B1302485601466N00930525EA0000001076
B1302545601364N00930401EA0000001064
B1302595601305N00930245EA0000001056
B1303065601291N00929994EA0000001043
B1303115601309N00929818EA0000001046
B1303165601330N00929652EA0000001049
B1303225601355N00929454EA0000001039
B1303295601383N00929221EA0000001033
B1303345601407N00929058EA0000001038
B1303425601449N00928816EA0000001048
B1303485601485N00928641EA0000001051
B1303545601518N00928464EA0000001060
B1304005601555N00928289EA0000001057
B1304065601590N00928110EA0000001049
B1304125601623N00927931EA0000001035
B1304175601650N00927777EA0000001026
B1304225601677N00927625EA0000001018
B1304275601698N00927467EA0000001005
B1304325601712N00927302EA0000000997
B1304375601722N00927138EA0000000989
B1304435601729N00926939EA0000000976
B1304515601733N00926676EA0000000968
B1304565601731N00926512EA0000000961
B1305025601734N00926321EA0000000951
B1305075601744N00926166EA0000000946
B1305135601756N00925984EA0000000947
B1305185601762N00925835EA0000000946
B1305245601767N00925646EA0000000950
B1305305601775N00925463EA0000000954
B1305355601784N00925306EA0000000966
B1305405601798N00925158EA0000000975
B1305465601862N00925037EA0000000970
B1305525601948N00925003EA0000000971
B1305585602029N00925052EA0000000975
B1306035602070N00925160EA0000000971
B1306085602071N00925296EA0000000969
B1306135602023N00925416EA0000000964
B1306185601942N00925484EA0000000959
B1306235601850N00925505EA0000000951
B1306285601758N00925515EA0000000971
B1306345601648N00925519EA0000000972
B1306395601543N00925505EA0000000968
B1306445601442N00925436EA0000000963
B1306495601351N00925336EA0000000964
B1306555601259N00925185EA0000000959
B1307005601199N00925028EA0000000958
B1307075601124N00924798EA0000000960
B1307135601077N00924597EA0000000969
B1307195601040N00924396EA0000000984
B1307245601041N00924229EA0000000996
B1307295601088N00924097EA0000001008
B1307345601164N00924045EA0000001022
B1307395601235N00924090EA0000001030
B1307445601267N00924216EA0000001039
B1307495601239N00924364EA0000001046
B1307545601157N00924462EA0000001057
B1308095600925N00924209EA0000001089
B1308155600944N00924008EA0000001102
B1308205601005N00923896EA0000001113
B1308255601085N00923876EA0000001121
B1308315601157N00923983EA0000001128
B1308365601162N00924138EA0000001138
B1308415601111N00924281EA0000001147
B1308465601017N00924354EA0000001159
B1308515600913N00924327EA0000001170
B1308565600831N00924215EA0000001181
B1309015600786N00924054EA0000001192
B1309065600786N00923879EA0000001202
B1309115600829N00923735EA0000001210
B1309185600937N00923671EA0000001226
B1309235601007N00923737EA0000001225
B1309285601037N00923876EA0000001230
B1309335601010N00924028EA0000001238
B1309385600932N00924139EA0000001248
B1309435600828N00924165EA0000001265
B1309485600727N00924110EA0000001276
B1309545600640N00923954EA0000001295
B1310005600600N00923751EA0000001310
B1310075600596N00923511EA0000001321
B1310135600607N00923290EA0000001312
B1310185600628N00923102EA0000001316
B1310235600659N00922918EA0000001313
B1310285600704N00922741EA0000001314
B1310335600761N00922578EA0000001321
B1310385600825N00922432EA0000001331
B1310435600893N00922298EA0000001318
B1310495600977N00922137EA0000001308
B1310545601046N00922004EA0000001304
B1311005601126N00921846EA0000001293
B1311055601190N00921718EA0000001287
B1311105601257N00921593EA0000001287
B1311175601349N00921418EA0000001283
B1311225601409N00921294EA0000001291
B1311295601485N00921119EA0000001295
B1311345601545N00921006EA0000001289
B1311395601606N00920882EA0000001282
B1311445601658N00920742EA0000001283
B1311495601707N00920592EA0000001278
B1311545601749N00920432EA0000001283
B1311595601781N00920273EA0000001289
B1312045601810N00920114EA0000001279
B1312115601834N00919867EA0000001260
B1312205601817N00919524EA0000001251
B1312255601785N00919340EA0000001246
B1312305601752N00919167EA0000001245
B1312355601716N00918997EA0000001237
B1312425601656N00918764EA0000001224
B1312475601608N00918596EA0000001215
B1312525601565N00918428EA0000001206
B1313015601509N00918105EA0000001183
B1313075601473N00917894EA0000001173
B1313125601442N00917718EA0000001164
B1313195601380N00917484EA0000001156
B1313265601313N00917262EA0000001132
B1313315601261N00917099EA0000001128
B1313375601200N00916918EA0000001133
B1313445601131N00916709EA0000001143
B1313495601078N00916563EA0000001151
B1313555601009N00916394EA0000001151
B1314005600949N00916252EA0000001151
B1314055600884N00916116EA0000001150
B1314115600805N00915949EA0000001147
B1314165600741N00915809EA0000001156
B1314235600649N00915619EA0000001146
B1314315600539N00915394EA0000001131
B1314365600469N00915252EA0000001129
B1314425600387N00915086EA0000001133
B1314495600294N00914902EA0000001131
B1314545600231N00914765EA0000001122
B1315005600155N00914600EA0000001118
B1315105600032N00914321EA0000001109
B1315155559973N00914181EA0000001107
B1315205559917N00914039EA0000001095
B1315275559860N00913823EA0000001091
B1315325559846N00913658EA0000001094
B1315375559844N00913488EA0000001097
B1315435559860N00913291EA0000001114
B1315495559884N00913096EA0000001122
B1315585559932N00912802EA0000001125
B1316035559959N00912637EA0000001134
B1316085559987N00912476EA0000001137
B1316135600014N00912310EA0000001137
B1316185600036N00912145EA0000001151
B1316255600057N00911912EA0000001160
B1316315600070N00911699EA0000001177
B1316365600079N00911527EA0000001171
B1316435600082N00911279EA0000001145
B1316485600064N00911093EA0000001126
B1316535600025N00910918EA0000001119
B1316585559975N00910758EA0000001107
B1317035559923N00910596EA0000001094
B1317095559852N00910413EA0000001096
B1317145559789N00910273EA0000001097
B1317225559690N00910047EA0000001107
B1317315559584N00909784EA0000001117
B1317365559524N00909636EA0000001124
B1317415559464N00909488EA0000001136
B1317465559403N00909340EA0000001142
B1317515559344N00909192EA0000001154
B1317585559262N00908983EA0000001162
B1318045559195N00908797EA0000001165
B1318095559138N00908643EA0000001158
B1318145559081N00908480EA0000001155
B1318195559022N00908322EA0000001161
B1318245558962N00908167EA0000001157
B1318325558865N00907910EA0000001143
B1318385558789N00907715EA0000001130
B1318435558726N00907551EA0000001133
B1318505558637N00907323EA0000001128
B1318555558570N00907165EA0000001137
B1319005558507N00907018EA0000001146
B1319075558415N00906818EA0000001154
B1319125558351N00906674EA0000001155
B1319195558263N00906461EA0000001143
B1319245558202N00906302EA0000001159
B1319315558124N00906074EA0000001161
B1319365558064N00905908EA0000001168
B1319425557994N00905712EA0000001146
B1319475557933N00905542EA0000001139
B1319545557853N00905317EA0000001126
B1320005557781N00905124EA0000001123
B1320055557718N00904970EA0000001122
B1320105557653N00904824EA0000001124
B1320175557560N00904638EA0000001135
B1320235557479N00904469EA0000001128
B1320295557403N00904290EA0000001146
B1320365557318N00904080EA0000001161
B1320415557259N00903922EA0000001169
B1320465557204N00903756EA0000001177
B1320545557121N00903484EA0000001176
B1321005557063N00903267EA0000001175
B1321065557009N00903046EA0000001182
B1321115556965N00902869EA0000001177
B1321175556915N00902654EA0000001160
B1321235556871N00902430EA0000001155
B1321305556824N00902172EA0000001160
B1321355556797N00901987EA0000001175
B1321405556777N00901806EA0000001186
B1321465556756N00901577EA0000001186
B1321535556739N00901301EA0000001176
B1321595556726N00901064EA0000001163
B1322055556713N00900832EA0000001153
B1322135556705N00900524EA0000001134
B1322205556696N00900258EA0000001122
B1322285556692N00859957EA0000001107
B1322345556689N00859737EA0000001095
B1322425556686N00859444EA0000001090
B1322525556682N00859082EA0000001082
B1323065556685N00858564EA0000001096
B1323135556687N00858310EA0000001088
B1323185556686N00858127EA0000001077
B1323255556679N00857872EA0000001065
B1323355556649N00857514EA0000001059
B1323405556635N00857337EA0000001052
B1323455556614N00857160EA0000001053
B1323505556592N00856987EA0000001052
B1323565556560N00856781EA0000001042
B1324025556520N00856577EA0000001035
B1324085556482N00856371EA0000001048
B1324145556444N00856173EA0000001056
B1324195556419N00856004EA0000001062
B1324245556432N00855838EA0000001079
B1324295556486N00855722EA0000001086
B1324345556558N00855699EA0000001093
B1324395556611N00855774EA0000001090
B1324445556615N00855907EA0000001089
B1324495556560N00856027EA0000001094
B1324545556466N00856072EA0000001103
B1324595556369N00856017EA0000001107
B1325045556298N00855875EA0000001119
B1325095556282N00855695EA0000001131
B1325145556323N00855541EA0000001143
B1325195556396N00855465EA0000001150
B1325245556468N00855494EA0000001150
B1325305556510N00855633EA0000001149
B1325355556493N00855778EA0000001150
B1325405556425N00855886EA0000001158
B1325455556327N00855909EA0000001166
B1325505556230N00855842EA0000001173
B1325555556160N00855697EA0000001180
B1326025556148N00855443EA0000001198
B1326075556190N00855291EA0000001208
B1326125556261N00855207EA0000001210
B1326175556338N00855214EA0000001209
B1326225556393N00855304EA0000001208
B1326275556404N00855442EA0000001206
B1326325556373N00855583EA0000001208
B1326375556299N00855683EA0000001213
B1326425556199N00855695EA0000001219
B1326485556089N00855579EA0000001230
B1326535556038N00855411EA0000001242
B1326585556034N00855227EA0000001257
B1327035556075N00855072EA0000001266
B1327085556147N00854982EA0000001267
B1327135556226N00854983EA0000001267
B1327195556302N00855077EA0000001268
B1327245556341N00855199EA0000001271
B1327305556375N00855370EA0000001261
B1327365556409N00855555EA0000001263
B1327425556441N00855749EA0000001256
B1327475556470N00855919EA0000001253
B1327525556491N00856083EA0000001267
B1327585556517N00856273EA0000001268
B1328065556546N00856531EA0000001262
B1328125556558N00856725EA0000001257
B1328185556564N00856922EA0000001248
B1328255556558N00857155EA0000001238
B1328305556549N00857323EA0000001234
B1328365556532N00857517EA0000001230
B1328415556512N00857676EA0000001223
B1328475556490N00857862EA0000001218
B1328525556471N00858015EA0000001215
B1328575556447N00858167EA0000001213
B1329065556399N00858447EA0000001195
B1329115556369N00858600EA0000001194
B1329165556335N00858750EA0000001190
B1329215556302N00858906EA0000001182
B1329275556266N00859098EA0000001177
B1329345556223N00859321EA0000001170
B1329405556188N00859513EA0000001166
B1329465556156N00859697EA0000001154
B1329525556131N00859890EA0000001142
B1329575556113N00900051EA0000001130
B1330025556094N00900206EA0000001124
B1330085556076N00900390EA0000001124
B1330155556056N00900598EA0000001129
B1330205556039N00900744EA0000001140
B1330255556025N00900885EA0000001147
B1330305556012N00901025EA0000001140
B1330375555999N00901229EA0000001118
B1330425555996N00901380EA0000001113
B1330475555993N00901533EA0000001110
B1330525555985N00901685EA0000001123
B1330575555975N00901832EA0000001125
B1331045555975N00902040EA0000001128
B1331095555979N00902185EA0000001126
B1331145555989N00902326EA0000001135
B1331205556007N00902482EA0000001150
B1331255556030N00902604EA0000001147
B1331305556062N00902731EA0000001144
B1331365556105N00902880EA0000001154
B1331435556153N00903059EA0000001157
B1331515556208N00903276EA0000001155
B1331565556237N00903413EA0000001161
B1332025556268N00903580EA0000001147
B1332085556296N00903750EA0000001134
B1332165556328N00903986EA0000001120
B1332215556349N00904139EA0000001118
B1332285556379N00904354EA0000001109
B1332335556402N00904505EA0000001109
B1332405556427N00904712EA0000001117
B1332465556442N00904877EA0000001131
B1332515556451N00905017EA0000001125
B1332565556454N00905166EA0000001123
B1333025556463N00905345EA0000001122
B1333075556466N00905491EA0000001112
B1333135556473N00905671EA0000001111
B1333185556482N00905821EA0000001108
B1333285556504N00906136EA0000001104
B1333345556517N00906312EA0000001107
B1333395556527N00906452EA0000001118
B1333455556542N00906613EA0000001118
B1333505556557N00906757EA0000001110
B1333565556584N00906923EA0000001109
B1334025556622N00907079EA0000001100
B1334085556684N00907207EA0000001096
B1334135556753N00907280EA0000001090
B1334185556829N00907340EA0000001096
B1334235556900N00907405EA0000001114
B1334285556972N00907466EA0000001127
B1334335557046N00907524EA0000001144
B1334395557134N00907592EA0000001149
B1334445557209N00907658EA0000001139
B1334495557281N00907725EA0000001131
B1334545557357N00907793EA0000001123
B1334595557434N00907849EA0000001125
B1335045557508N00907893EA0000001132
B1335105557592N00907944EA0000001140
B1335165557673N00907997EA0000001147
B1335225557754N00908056EA0000001157
B1335305557863N00908140EA0000001158
B1335355557931N00908207EA0000001159
B1335425558009N00908340EA0000001154
B1335485558056N00908482EA0000001147
B1335535558086N00908611EA0000001141
B1336005558117N00908809EA0000001126
B1336075558125N00909012EA0000001112
B1336125558120N00909163EA0000001104
B1336175558110N00909310EA0000001101
B1336225558098N00909452EA0000001098
B1336275558084N00909598EA0000001086
B1336335558070N00909775EA0000001075
B1336385558058N00909923EA0000001065
B1336435558046N00910069EA0000001079
B1336485558036N00910206EA0000001091
B1336535558023N00910343EA0000001091
B1336595557999N00910520EA0000001082
B1337045557978N00910667EA0000001078
B1337095557958N00910814EA0000001070
B1337145557943N00910954EA0000001066
B1337205557937N00911128EA0000001056
B1337255557945N00911265EA0000001064
B1337305557959N00911394EA0000001066
B1337355557977N00911521EA0000001058
B1337405558007N00911644EA0000001055
B1337455558045N00911752EA0000001058
B1337515558097N00911877EA0000001061
B1337575558149N00912000EA0000001066
B1338035558209N00912115EA0000001066
B1338085558262N00912210EA0000001070
B1338135558314N00912303EA0000001078
B1338195558380N00912408EA0000001086
B1338255558448N00912508EA0000001100
B1338305558505N00912585EA0000001110
B1338355558569N00912659EA0000001113
B1338405558636N00912730EA0000001112
B1338455558705N00912794EA0000001114
B1338515558787N00912863EA0000001113
B1338585558882N00912943EA0000001105
B1339035558949N00912997EA0000001097
B1339085559018N00913044EA0000001092
B1339135559087N00913091EA0000001083
B1339205559185N00913154EA0000001068
B1339255559256N00913191EA0000001067
B1339315559340N00913235EA0000001054
B1339365559413N00913258EA0000001043
B1339425559501N00913282EA0000001033
B1339475559571N00913309EA0000001027
B1339535559654N00913341EA0000001020
B1339585559726N00913376EA0000001014
B1340045559811N00913434EA0000001027
B1340095559878N00913489EA0000001044
B1340145559928N00913587EA0000001059
B1340195559929N00913729EA0000001066
B1340245559874N00913855EA0000001075
B1340305559763N00913919EA0000001082
B1340355559667N00913865EA0000001087
B1340405559602N00913731EA0000001095
B1340465559590N00913539EA0000001099
B1340515559635N00913413EA0000001099
B1340565559709N00913364EA0000001105
B1341015559779N00913410EA0000001114
B1341065559815N00913531EA0000001121
B1341115559805N00913682EA0000001127
B1341165559745N00913809EA0000001133
B1341215559651N00913874EA0000001135
B1341265559549N00913850EA0000001143
B1341315559468N00913741EA0000001143
B1341365559430N00913577EA0000001140
B1341415559441N00913412EA0000001142
B1341465559497N00913295EA0000001144
B1341515559576N00913249EA0000001148
B1341565559652N00913291EA0000001155
B1342015559697N00913410EA0000001166
B1342065559693N00913563EA0000001176
B1342115559647N00913709EA0000001181
B1342165559565N00913815EA0000001183
B1342225559442N00913849EA0000001188
B1342275559344N00913787EA0000001193
B1342325559271N00913658EA0000001194
B1342375559236N00913490EA0000001194
B1342425559249N00913323EA0000001191
B1342475559299N00913194EA0000001196
B1342525559372N00913121EA0000001196
B1342575559450N00913088EA0000001203
B1343025559529N00913114EA0000001213
B1343075559600N00913174EA0000001213
B1343135559682N00913291EA0000001214
B1343185559737N00913417EA0000001237
B1343235559783N00913554EA0000001248
B1343285559822N00913698EA0000001253
B1343335559852N00913846EA0000001261
B1343405559881N00914055EA0000001266
B1343455559889N00914204EA0000001266
B1343505559886N00914357EA0000001264
B1343555559870N00914511EA0000001265
B1344005559849N00914665EA0000001274
B1344055559827N00914815EA0000001270
B1344105559808N00914968EA0000001257
B1344165559799N00915155EA0000001243
B1344225559806N00915337EA0000001232
B1344305559842N00915567EA0000001215
B1344355559880N00915698EA0000001214
B1344405559919N00915818EA0000001227
B1344455559956N00915931EA0000001229
B1344515600006N00916069EA0000001227
B1344575600059N00916203EA0000001226
B1345025600106N00916319EA0000001225
B1345075600153N00916440EA0000001223
B1345125600203N00916565EA0000001212
B1345175600253N00916690EA0000001211
B1345235600305N00916848EA0000001217
B1345285600346N00916982EA0000001218
B1345345600395N00917145EA0000001221
B1345405600446N00917305EA0000001236
B1345475600502N00917497EA0000001239
B1345525600542N00917637EA0000001263
B1345575600577N00917772EA0000001281
B1346035600615N00917938EA0000001303
B1346085600646N00918084EA0000001323
B1346145600681N00918262EA0000001328
B1346195600709N00918416EA0000001331
B1346255600745N00918603EA0000001329
B1346315600781N00918793EA0000001315
B1346365600815N00918949EA0000001300
B1346425600851N00919140EA0000001294
B1346505600886N00919394EA0000001276
B1346555600908N00919554EA0000001264
B1347005600927N00919717EA0000001255
B1347065600944N00919908EA0000001238
B1347115600958N00920066EA0000001228
B1347165600971N00920220EA0000001212
B1347215600988N00920369EA0000001197
B1347265601009N00920509EA0000001177
B1347315601035N00920649EA0000001171
B1347395601072N00920883EA0000001184
B1347465601103N00921099EA0000001185
B1347525601131N00921289EA0000001179
B1347575601157N00921443EA0000001171
B1348025601187N00921592EA0000001160
B1348095601234N00921787EA0000001147
B1348155601270N00921953EA0000001140
B1348215601298N00922128EA0000001135
B1348265601326N00922271EA0000001138
B1348325601360N00922444EA0000001127
B1348375601397N00922578EA0000001125
B1348425601443N00922697EA0000001101
B1348475601509N00922796EA0000001085
B1348525601583N00922857EA0000001079
B1348585601677N00922882EA0000001064
B1349035601752N00922830EA0000001050
B1349085601806N00922707EA0000001049
B1349135601848N00922574EA0000001067
B1349195601892N00922412EA0000001074
B1349255601934N00922236EA0000001051
B1349305601963N00922081EA0000001047
B1349355601986N00921922EA0000001046
B1349445602014N00921636EA0000001036
B1349495602019N00921475EA0000001017
B1349565602014N00921239EA0000000995
B1350025602011N00921048EA0000000985
B1350075602010N00920897EA0000000991
B1350135602008N00920716EA0000001008
B1350225602010N00920446EA0000001034
B1350275602017N00920292EA0000001040
B1350335602031N00920103EA0000001033
B1350385602044N00919941EA0000001026
B1350445602065N00919748EA0000001023
B1350495602070N00919588EA0000001020
B1350545602069N00919425EA0000001014
B1351005602066N00919224EA0000001004
B1351125602070N00918822EA0000001005
B1351185602080N00918628EA0000001008
B1351245602096N00918432EA0000001007
B1351295602113N00918276EA0000001011
B1351355602147N00918096EA0000001027
B1351415602191N00917938EA0000001036
B1351475602243N00917779EA0000001031
B1351525602296N00917658EA0000001045
B1351595602378N00917506EA0000001070
B1352055602453N00917376EA0000001083
B1352105602517N00917271EA0000001100
B1352155602578N00917165EA0000001112
B1352205602638N00917062EA0000001121
B1352255602699N00916956EA0000001140
B1352305602760N00916850EA0000001160
B1352355602821N00916743EA0000001170
B1352405602884N00916632EA0000001177
B1352475602970N00916471EA0000001184
B1352525603027N00916346EA0000001187
B1352575603074N00916204EA0000001190
B1353025603114N00916058EA0000001203
B1353075603144N00915901EA0000001214
B1353125603160N00915730EA0000001228
B1353185603163N00915515EA0000001242
B1353245603143N00915295EA0000001265
B1353295603117N00915114EA0000001270
B1353345603079N00914935EA0000001260
B1353395603024N00914764EA0000001253
B1353445602957N00914612EA0000001243
B1353495602877N00914482EA0000001239
B1353555602777N00914341EA0000001239
B1354015602674N00914216EA0000001233
B1354085602550N00914074EA0000001227
B1354135602462N00913976EA0000001226
B1354185602373N00913885EA0000001221
B1354235602282N00913794EA0000001222
B1354285602195N00913701EA0000001225
B1354355602083N00913554EA0000001210
B1354405602009N00913431EA0000001197
B1354455601937N00913301EA0000001184
B1354505601867N00913165EA0000001178
B1354555601798N00913025EA0000001180
B1355015601719N00912855EA0000001191
B1355065601657N00912709EA0000001186
B1355115601597N00912556EA0000001184
B1355165601536N00912403EA0000001195
B1355225601468N00912223EA0000001216
B1355305601388N00911973EA0000001221
B1355355601346N00911808EA0000001223
B1355415601305N00911605EA0000001226
B1355465601276N00911432EA0000001225
B1355525601253N00911216EA0000001218
B1355575601239N00911029EA0000001217
B1356045601223N00910775EA0000001237
B1356105601213N00910558EA0000001240
B1356175601214N00910308EA0000001256
B1356235601222N00910102EA0000001268
B1356305601237N00909858EA0000001266
B1356385601272N00909579EA0000001295
B1356435601295N00909407EA0000001313
B1356495601325N00909191EA0000001330
B1356585601368N00908857EA0000001359
B1357035601389N00908676EA0000001355
B1357095601402N00908446EA0000001343
B1357175601400N00908127EA0000001349
B1357225601396N00907929EA0000001338
B1357285601388N00907683EA0000001330
B1357355601374N00907410EA0000001330
B1357415601360N00907182EA0000001331
B1357475601336N00906962EA0000001335
B1357535601309N00906747EA0000001332
B1357585601284N00906573EA0000001334
B1358035601258N00906399EA0000001336
B1358085601230N00906227EA0000001336
B1358145601199N00906015EA0000001339
B1358215601162N00905772EA0000001361
B1358265601139N00905598EA0000001379
B1358335601109N00905350EA0000001394
B1358385601088N00905170EA0000001396
B1358455601061N00904918EA0000001397
B1358555601059N00904549EA0000001395
B1359035601098N00904273EA0000001401
B1359085601143N00904111EA0000001395
B1359135601196N00903951EA0000001393
B1359185601249N00903790EA0000001386
B1359235601305N00903627EA0000001378
B1359295601374N00903435EA0000001371
B1359355601443N00903245EA0000001365
B1359405601499N00903093EA0000001367
B1359455601555N00902943EA0000001363
B1359515601622N00902760EA0000001359
B1359565601676N00902603EA0000001350
B1400035601736N00902372EA0000001344
B1400105601785N00902127EA0000001317
B1400185601820N00901834EA0000001311
B1400235601838N00901655EA0000001304
B1400305601858N00901405EA0000001304
B1400355601873N00901230EA0000001300
B1400415601901N00901027EA0000001310
B1400475601927N00900830EA0000001327
B1400535601951N00900632EA0000001333
B1400595601974N00900428EA0000001332
B1401065601982N00900182EA0000001339
B1401115601979N00900008EA0000001336
B1401175601969N00859792EA0000001327
B1401225601950N00859615EA0000001320
B1401275601913N00859434EA0000001311
B1401355601843N00859154EA0000001320
B1401405601797N00858981EA0000001327
B1401465601741N00858773EA0000001332
B1401525601684N00858572EA0000001332
B1402005601599N00858310EA0000001333
B1402055601544N00858149EA0000001332
B1402105601491N00857987EA0000001325
B1402165601424N00857800EA0000001318
B1402215601365N00857643EA0000001308
B1402265601304N00857493EA0000001295
B1402315601244N00857342EA0000001286
B1402365601185N00857195EA0000001281
B1402425601112N00857023EA0000001279
B1402495601033N00856821EA0000001278
B1402555600971N00856641EA0000001274
B1403005600921N00856489EA0000001264
B1403105600810N00856176EA0000001258
B1403155600756N00856020EA0000001261
B1403205600703N00855863EA0000001262
B1403265600647N00855669EA0000001263
B1403315600605N00855506EA0000001269
B1403365600570N00855340EA0000001272
B1403415600532N00855177EA0000001281
B1403475600487N00854981EA0000001288
B1403525600447N00854815EA0000001296
B1403575600407N00854642EA0000001293
B1404025600371N00854464EA0000001294
B1404085600353N00854239EA0000001287
B1404135600363N00854051EA0000001290
B1404195600396N00853846EA0000001290
B1404265600451N00853619EA0000001283
B1404335600521N00853405EA0000001275
B1404395600594N00853245EA0000001274
B1404465600690N00853086EA0000001271
B1404515600759N00852975EA0000001272
B1404565600829N00852871EA0000001269
B1405035600929N00852732EA0000001262
B1405105601030N00852601EA0000001247
B1405165601116N00852481EA0000001236
B1405215601183N00852377EA0000001235
B1405265601248N00852264EA0000001248
B1405315601308N00852144EA0000001255
B1405365601371N00852012EA0000001256
B1405415601431N00851875EA0000001273
B1405475601497N00851713EA0000001271
B1405525601548N00851568EA0000001267
B1406005601609N00851308EA0000001265
B1406065601643N00851102EA0000001256
B1406115601666N00850928EA0000001252
B1406185601689N00850681EA0000001244
B1406235601696N00850505EA0000001245
B1406345601687N00850114EA0000001218
B1406395601676N00849933EA0000001212
B1406445601666N00849751EA0000001203
B1406535601637N00849428EA0000001209
B1407005601609N00849183EA0000001207
B1407095601570N00848864EA0000001207
B1407145601545N00848687EA0000001227
B1407195601522N00848516EA0000001246
B1407245601504N00848346EA0000001258
B1407295601485N00848171EA0000001267
B1407345601471N00848000EA0000001272
B1407415601467N00847757EA0000001269
B1407475601477N00847547EA0000001263
B1407525601500N00847375EA0000001263
B1407585601544N00847184EA0000001258
B1408035601593N00847031EA0000001244
B1408085601645N00846881EA0000001234
B1408155601719N00846674EA0000001224
B1408205601773N00846531EA0000001213
B1408265601841N00846369EA0000001206
B1408315601905N00846252EA0000001203
B1408375601991N00846132EA0000001197
B1408425602065N00846043EA0000001195
B1408475602141N00845958EA0000001185
B1408525602217N00845876EA0000001186
B1408575602290N00845802EA0000001190
B1409025602365N00845743EA0000001188
B1409115602494N00845642EA0000001191
B1409165602569N00845586EA0000001190
B1409225602657N00845512EA0000001200
B1409275602729N00845451EA0000001204
B1409345602832N00845363EA0000001201
B1409415602938N00845278EA0000001207
B1409465603014N00845229EA0000001205
B1409515603093N00845190EA0000001198
B1409575603191N00845164EA0000001198
B1410025603272N00845144EA0000001206
B1410085603364N00845115EA0000001218
B1410135603442N00845090EA0000001221
B1410195603539N00845063EA0000001229
B1410245603620N00845048EA0000001234
B1410295603705N00845035EA0000001237
B1410345603789N00845025EA0000001241
B1410405603890N00845025EA0000001243
B1410465603992N00845036EA0000001241
B1410535604105N00845056EA0000001245
B1411005604223N00845079EA0000001238
B1411065604322N00845099EA0000001246
B1411125604420N00845123EA0000001235
B1411185604521N00845162EA0000001219
B1411235604609N00845179EA0000001213
B1411305604729N00845194EA0000001200
B1411375604850N00845206EA0000001193
B1411425604935N00845211EA0000001183
B1411495605053N00845213EA0000001176
B1411545605133N00845241EA0000001160
B1411595605211N00845290EA0000001148
B1412075605334N00845365EA0000001135
B1412145605435N00845427EA0000001138
B1412195605504N00845474EA0000001131
B1412245605572N00845526EA0000001128
B1412295605638N00845582EA0000001127
B1412345605699N00845660EA0000001118
B1412395605744N00845775EA0000001117
B1412445605774N00845908EA0000001104
B1412495605792N00846057EA0000001097
B1412545605786N00846216EA0000001093
B1412595605765N00846374EA0000001096
B1413085605715N00846651EA0000001119
B1413165605671N00846900EA0000001112
B1413235605636N00847115EA0000001121
B1413285605609N00847265EA0000001115
B1413335605583N00847425EA0000001107
B1413385605555N00847586EA0000001109
B1413435605533N00847741EA0000001111
B1413485605514N00847893EA0000001106
B1413565605486N00848134EA0000001105
B1414025605465N00848313EA0000001102
B1414085605453N00848496EA0000001104
B1414145605440N00848678EA0000001104
B1414195605430N00848832EA0000001108
B1414265605417N00849046EA0000001109
B1414315605407N00849197EA0000001101
B1414375605394N00849382EA0000001102
B1414425605385N00849533EA0000001110
B1414485605374N00849711EA0000001109
B1414585605368N00850016EA0000001130
B1415035605366N00850163EA0000001141
B1415085605366N00850309EA0000001143
B1415145605364N00850486EA0000001146
B1415225605362N00850721EA0000001155
B1415285605358N00850901EA0000001168
B1415345605349N00851086EA0000001167
B1415405605339N00851279EA0000001160
B1415465605320N00851471EA0000001163
B1415515605305N00851632EA0000001168
B1415565605289N00851790EA0000001168
B1416025605269N00851984EA0000001169
B1416075605251N00852143EA0000001182
B1416125605232N00852296EA0000001197
B1416175605211N00852457EA0000001213
B1416235605184N00852655EA0000001227
B1416305605150N00852888EA0000001229
B1416365605120N00853090EA0000001231
B1416415605094N00853261EA0000001230
B1416475605062N00853467EA0000001225
B1416535605031N00853672EA0000001230
B1416585605011N00853841EA0000001222
B1417045604989N00854046EA0000001208
B1417115604961N00854289EA0000001196
B1417165604944N00854458EA0000001195
B1417215604928N00854627EA0000001186
B1417265604913N00854796EA0000001183
B1417315604897N00854960EA0000001182
B1417365604876N00855124EA0000001174
B1417425604849N00855330EA0000001164
B1417485604819N00855539EA0000001165
B1417535604792N00855708EA0000001177
B1417595604762N00855915EA0000001187
B1418045604737N00856087EA0000001201
B1418105604705N00856292EA0000001212
B1418155604681N00856461EA0000001214
B1418205604659N00856637EA0000001213
B1418255604639N00856815EA0000001212
B1418305604617N00856992EA0000001215
B1418365604595N00857205EA0000001207
B1418415604571N00857383EA0000001199
B1418465604547N00857556EA0000001192
B1418515604519N00857728EA0000001180
B1419005604471N00858040EA0000001164
B1419055604446N00858211EA0000001147
B1419125604407N00858457EA0000001129
B1419175604376N00858629EA0000001123
B1419225604340N00858798EA0000001114
B1419285604291N00858999EA0000001108
B1419395604186N00859355EA0000001097
B1419485604091N00859629EA0000001093
B1419535604034N00859775EA0000001085
B1419585603974N00859919EA0000001082
B1420045603898N00900090EA0000001077
B1420105603824N00900264EA0000001073
B1420155603763N00900410EA0000001074
B1420205603701N00900552EA0000001072
B1420255603639N00900693EA0000001072
B1420315603563N00900862EA0000001087
B1420365603500N00901000EA0000001095
B1420415603438N00901137EA0000001104
B1420475603362N00901300EA0000001110
B1420545603277N00901496EA0000001118
B1421015603192N00901696EA0000001112
B1421075603119N00901866EA0000001120
B1421155603023N00902080EA0000001124
B1421225602937N00902262EA0000001128
B1421275602873N00902389EA0000001127
B1421325602810N00902515EA0000001124
B1421375602745N00902637EA0000001109
B1421435602662N00902798EA0000001091
B1421485602594N00902932EA0000001089
B1421555602499N00903115EA0000001081
B1422005602428N00903248EA0000001064
B1422065602336N00903425EA0000001051
B1422135602236N00903630EA0000001053
B1422195602155N00903809EA0000001040
B1422245602090N00903960EA0000001038
B1422355601938N00904260EA0000001018
B1422425601835N00904442EA0000001015
B1422485601751N00904598EA0000001028
B1422535601686N00904723EA0000001027
B1423005601594N00904901EA0000001018
B1423055601527N00905031EA0000001021
B1423105601457N00905160EA0000001013
B1423155601384N00905299EA0000001018
B1423205601307N00905432EA0000001022
B1423265601216N00905594EA0000001035
B1423315601142N00905722EA0000001048
B1423375601057N00905875EA0000001048
B1423445600955N00906057EA0000001036
B1423495600882N00906191EA0000001028
B1423545600802N00906316EA0000001025
B1423595600716N00906425EA0000001027
B1424045600617N00906489EA0000001026
B1424095600508N00906514EA0000001031
B1424145600399N00906508EA0000001046
B1424195600291N00906483EA0000001054
B1424245600190N00906419EA0000001058
B1424315600070N00906258EA0000001051
B1424365600002N00906113EA0000001042
B1424435559942N00905869EA0000001014
B1424485559921N00905675EA0000001002
B1424535559920N00905481EA0000000988
B1424585559926N00905282EA0000000970
B1425045559935N00905035EA0000000951
B1425095559941N00904823EA0000000936
B1425165559949N00904514EA0000000924
B1425245559958N00904165EA0000000924
B1425295559962N00903948EA0000000912
B1425355559961N00903684EA0000000896
B1425425559949N00903372EA0000000880
B1425475559936N00903151EA0000000868
B1425525559921N00902930EA0000000858
B1425575559902N00902714EA0000000849
B1426025559883N00902507EA0000000846
B1426085559854N00902259EA0000000842
B1426175559811N00901882EA0000000832
B1426225559784N00901673EA0000000833
B1426285559752N00901420EA0000000822
B1426335559723N00901209EA0000000819
B1426395559685N00900959EA0000000809
B1426465559641N00900666EA0000000793
B1426515559609N00900454EA0000000777
B1426575559569N00900198EA0000000762
B1427025559547N00859980EA0000000753
B1427075559535N00859765EA0000000741
B1427135559534N00859507EA0000000725
B1427185559542N00859297EA0000000717
B1427235559546N00859085EA0000000707
B1427285559548N00858869EA0000000699
B1427355559550N00858564EA0000000690
B1427445559542N00858173EA0000000677
B1427515559536N00857866EA0000000670
B1427585559525N00857561EA0000000657
B1428075559523N00857164EA0000000646
B1428125559530N00856947EA0000000640
B1428175559542N00856736EA0000000632
B1428225559584N00856550EA0000000626
B1428275559656N00856417EA0000000618
B1428325559748N00856351EA0000000610
B1428395559878N00856375EA0000000600
B1428445559954N00856463EA0000000590
B1428545600030N00856767EA0000000567
B1429005600028N00856975EA0000000560
B1429055600020N00857142EA0000000545
B1429135600033N00857413EA0000000533
B1429185600049N00857575EA0000000521
B1429245600061N00857762EA0000000513
B1429295600057N00857920EA0000000500
B1429345600044N00858083EA0000000490
B1429395600022N00858243EA0000000482
B1429465559994N00858469EA0000000468
B1429515559981N00858630EA0000000461
B1429565559969N00858788EA0000000458
B1430025559954N00858979EA0000000449
B1430075559944N00859139EA0000000440
B1430125559936N00859299EA0000000441
B1430175559928N00859457EA0000000438
B1430235559910N00859655EA0000000426
B1430305559884N00859888EA0000000424
B1430365559859N00900086EA0000000420
B1430415559838N00900247EA0000000418
B1430465559820N00900405EA0000000414
B1430535559795N00900623EA0000000403
B1430595559776N00900812EA0000000391
B1431045559755N00900972EA0000000381
B1431125559708N00901220EA0000000373
B1431185559664N00901395EA0000000359
B1431245559620N00901574EA0000000343
B1431295559599N00901731EA0000000328
B1431345559622N00901873EA0000000311
B1431395559688N00901943EA0000000298
B1431445559764N00901935EA0000000280
B1431495559833N00901865EA0000000260
B1431545559878N00901741EA0000000258
B1432005559891N00901567EA0000000251
B1432055559897N00901414EA0000000238
B1432105559899N00901261EA0000000238
B1432185559886N00901017EA0000000239
B1432235559870N00900872EA0000000234
B1432285559859N00900718EA0000000222
B1432345559854N00900533EA0000000214
B1432425559873N00900295EA0000000200
B1432505559918N00900066EA0000000192
B1432565559953N00859890EA0000000187
B1433045600003N00859665EA0000000183
B1433105600061N00859539EA0000000185
B1433165600131N00859432EA0000000174
B1433225600211N00859354EA0000000165
B1433285600305N00859340EA0000000162
B1433335600376N00859392EA0000000154
B1433405600443N00859538EA0000000157
B1433465600488N00859682EA0000000151
B1433525600511N00859844EA0000000127
B1433575600523N00859981EA0000000110
B1434025600533N00900113EA0000000090
B1434105600551N00900316EA0000000061
B1434155600563N00900443EA0000000047
B1434245600583N00900662EA0000000038
B1434295600592N00900762EA0000000038
B1434355600598N00900854EA0000000038
