AOGNOGN
HFDTE200825
HFFXA050
HFPLTPILOTINCHARGE:
HFGTYGLIDERTYPE:SB-5 e
HFGIDGLIDERID:D-8947
HFDTM100GPSDATUM:WGS-1984
HFRFWFIRMWAREVERSION:
HFRHWHARDWAREVERSION:
HFFTYFRTYPE:OGN-FLIGHTBOOK
HFGPSGENERIC
HFPRSPRESSALTSENSOR:
HFCIDCOMPETITIONID:OV
B0952505600615N00900547EA0000000041
B0952535600621N00900598EA0000000040
B0952595600634N00900738EA0000000041
B0953045600645N00900873EA0000000053
B0953095600658N00901010EA0000000074
B0953145600669N00901135EA0000000095
B0953205600682N00901288EA0000000110
B0953255600699N00901415EA0000000126
B0953305600707N00901543EA0000000145
B0953355600699N00901678EA0000000159
B0953405600673N00901818EA0000000172
B0953455600634N00901957EA0000000188
B0953505600593N00902092EA0000000210
B0953555600553N00902226EA0000000229
B0954035600488N00902428EA0000000259
B0954095600440N00902571EA0000000283
B0954145600396N00902689EA0000000291
B0954205600342N00902832EA0000000311
B0954255600294N00902952EA0000000324
B0954315600231N00903090EA0000000347
B0954375600165N00903231EA0000000369
B0954425600105N00903345EA0000000393
B0954475600031N00903437EA0000000421
B0954525559944N00903505EA0000000452
B0954585559840N00903571EA0000000480
B0955045559739N00903607EA0000000503
B0955135559579N00903575EA0000000527
B0955185559509N00903591EA0000000531
B0955235559491N00903676EA0000000527
B0955285559531N00903725EA0000000517
B0955365559622N00903677EA0000000514
B0955425559677N00903617EA0000000510
B0955485559731N00903550EA0000000503
B0955545559790N00903500EA0000000498
B0956005559849N00903472EA0000000497
B0956065559911N00903450EA0000000494
B0956125559974N00903420EA0000000500
B0956175600027N00903409EA0000000499
B0956235600050N00903508EA0000000494
B0956285559998N00903575EA0000000498
B0956335559921N00903545EA0000000493
B0956385559868N00903429EA0000000491
B0956435559863N00903293EA0000000495
B0956495559877N00903144EA0000000504
B0956545559902N00903037EA0000000504
B0956595559955N00903049EA0000000512
B0957045559948N00903150EA0000000518
B0957095559879N00903181EA0000000527
B0957145559824N00903082EA0000000533
B0957195559845N00902960EA0000000537
B0957245559898N00902974EA0000000551
B0957305559881N00903086EA0000000567
B0957355559811N00903094EA0000000571
B0957405559759N00902993EA0000000578
B0957455559773N00902871EA0000000581
B0957505559826N00902854EA0000000590
B0957555559839N00902940EA0000000601
B0958015559771N00902989EA0000000610
B0958065559718N00902899EA0000000612
B0958115559730N00902777EA0000000614
B0958165559782N00902758EA0000000619
B0958215559792N00902840EA0000000631
B0958265559736N00902879EA0000000632
B0958315559682N00902785EA0000000631
B0958365559698N00902658EA0000000633
B0958425559762N00902617EA0000000643
B0958475559778N00902696EA0000000654
B0958525559723N00902743EA0000000662
B0958575559668N00902652EA0000000665
B0959025559683N00902526EA0000000675
B0959075559733N00902512EA0000000684
B0959125559741N00902598EA0000000688
B0959175559679N00902642EA0000000696
B0959225559623N00902550EA0000000703
B0959275559633N00902417EA0000000707
B0959325559686N00902393EA0000000717
B0959375559699N00902474EA0000000724
B0959425559640N00902518EA0000000730
B0959475559580N00902423EA0000000738
B0959525559598N00902293EA0000000743
B0959575559652N00902291EA0000000752
B1000045559631N00902411EA0000000760
B1000105559550N00902358EA0000000775
B1000155559537N00902218EA0000000777
B1000205559586N00902138EA0000000790
B1000265559624N00902207EA0000000793
B1000315559591N00902288EA0000000795
B1000365559519N00902270EA0000000808
B1000415559471N00902163EA0000000806
B1000465559486N00902028EA0000000811
B1000515559541N00902004EA0000000818
B1000565559552N00902087EA0000000822
B1001015559494N00902139EA0000000831
B1001065559432N00902060EA0000000835
B1001115559435N00901919EA0000000835
B1001165559489N00901873EA0000000845
B1001215559508N00901948EA0000000850
B1001265559458N00902015EA0000000857
B1001315559388N00901959EA0000000854
B1001365559366N00901814EA0000000854
B1001415559402N00901701EA0000000861
B1001465559452N00901723EA0000000863
B1001515559444N00901812EA0000000874
B1001565559379N00901838EA0000000877
B1002015559309N00901772EA0000000867
B1002065559272N00901638EA0000000872
B1002115559270N00901493EA0000000876
B1002165559236N00901360EA0000000878
B1002225559148N00901254EA0000000876
B1002275559066N00901199EA0000000878
B1002335558967N00901149EA0000000898
B1002385558899N00901200EA0000000911
B1002435558892N00901310EA0000000920
B1002485558948N00901343EA0000000935
B1002545558972N00901204EA0000000958
B1002595558900N00901131EA0000000965
B1003045558846N00901212EA0000000982
B1003095558882N00901275EA0000000993
B1003145558924N00901182EA0000001005
B1003205558863N00901046EA0000001021
B1003255558792N00901098EA0000001033
B1003305558803N00901199EA0000001041
B1003355558862N00901179EA0000001055
B1003405558865N00901035EA0000001065
B1003455558789N00900973EA0000001083
B1003515558754N00901087EA0000001091
B1003565558810N00901100EA0000001105
B1004015558827N00900974EA0000001118
B1004065558764N00900866EA0000001127
B1004115558692N00900909EA0000001138
B1004165558698N00901010EA0000001144
B1004215558756N00901000EA0000001151
B1004265558768N00900869EA0000001165
B1004315558702N00900779EA0000001172
B1004365558636N00900840EA0000001181
B1004425558659N00900950EA0000001187
B1004475558719N00900907EA0000001184
B1004525558743N00900765EA0000001197
B1004585558699N00900599EA0000001213
B1005035558622N00900575EA0000001227
B1005095558588N00900693EA0000001229
B1005145558641N00900728EA0000001245
B1005195558676N00900620EA0000001249
B1005245558635N00900484EA0000001262
B1005305558543N00900481EA0000001271
B1005355558520N00900585EA0000001278
B1005405558569N00900637EA0000001284
B1005455558620N00900555EA0000001295
B1005505558607N00900407EA0000001302
B1005555558535N00900334EA0000001312
B1006005558473N00900388EA0000001319
B1006055558474N00900492EA0000001320
B1006105558530N00900521EA0000001331
B1006155558573N00900419EA0000001334
B1006205558548N00900273EA0000001342
B1006255558473N00900233EA0000001350
B1006305558426N00900315EA0000001353
B1006355558448N00900413EA0000001357
B1006405558507N00900405EA0000001367
B1006455558538N00900278EA0000001363
B1006525558500N00900069EA0000001371
B1006575558458N00859929EA0000001373
B1007035558407N00859760EA0000001375
B1007105558341N00859576EA0000001388
B1007185558258N00859380EA0000001386
B1007235558205N00859256EA0000001384
B1007295558154N00859091EA0000001373
B1007345558120N00858948EA0000001377
B1007395558093N00858803EA0000001377
B1007455558067N00858626EA0000001379
B1007505558044N00858478EA0000001369
B1007555558024N00858324EA0000001364
B1008035557996N00858079EA0000001361
B1008085557975N00857928EA0000001354
B1008145557954N00857751EA0000001347
B1008205557932N00857581EA0000001338
B1008265557887N00857421EA0000001332
B1008315557847N00857297EA0000001325
B1008385557794N00857122EA0000001314
B1008455557732N00856947EA0000001302
B1008545557644N00856730EA0000001292
B1009055557483N00856494EA0000001257
B1009105557390N00856376EA0000001243
B1009155557300N00856271EA0000001262
B1009205557217N00856265EA0000001271
B1009255557169N00856358EA0000001270
B1009315557184N00856494EA0000001280
B1009365557241N00856547EA0000001286
B1009415557315N00856502EA0000001282
B1009465557363N00856362EA0000001284
B1009525557342N00856177EA0000001290
B1009585557251N00856124EA0000001282
B1010035557201N00856225EA0000001266
B1010085557219N00856348EA0000001273
B1010145557268N00856451EA0000001288
B1010195557321N00856501EA0000001285
B1010255557404N00856501EA0000001273
B1010305557471N00856538EA0000001283
B1010355557528N00856579EA0000001296
B1010405557580N00856618EA0000001300
B1010455557618N00856692EA0000001290
B1010505557651N00856788EA0000001273
B1010555557672N00856895EA0000001268
B1011005557682N00857001EA0000001267
B1011095557691N00857185EA0000001258
B1011175557693N00857340EA0000001257
B1011245557698N00857479EA0000001247
B1011295557701N00857582EA0000001241
B1011345557704N00857685EA0000001238
B1011405557709N00857805EA0000001237
B1011465557713N00857922EA0000001238
B1011555557713N00858095EA0000001232
B1012025557710N00858239EA0000001230
B1012105557714N00858397EA0000001231
B1012165557724N00858516EA0000001242
B1012215557730N00858608EA0000001259
B1012265557772N00858656EA0000001265
B1012315557830N00858580EA0000001258
B1012365557828N00858411EA0000001257
B1012415557762N00858293EA0000001271
B1012465557684N00858274EA0000001279
B1012515557640N00858354EA0000001284
B1012565557664N00858447EA0000001289
B1013015557731N00858423EA0000001299
B1013065557758N00858275EA0000001302
B1013115557706N00858138EA0000001306
B1013165557627N00858135EA0000001315
B1013215557591N00858230EA0000001321
B1013265557624N00858317EA0000001324
B1013315557695N00858298EA0000001331
B1013365557736N00858163EA0000001329
B1013425557699N00857972EA0000001336
B1013475557623N00857912EA0000001346
B1013525557563N00857966EA0000001347
B1013575557556N00858068EA0000001349
B1014025557606N00858122EA0000001358
B1014075557670N00858059EA0000001355
B1014135557686N00857872EA0000001354
B1014185557628N00857743EA0000001357
B1014235557553N00857738EA0000001362
B1014285557519N00857829EA0000001361
B1014345557553N00857937EA0000001370
B1014415557619N00858026EA0000001363
B1014465557667N00858091EA0000001352
B1014525557720N00858178EA0000001348
B1015015557797N00858322EA0000001331
B1015065557841N00858408EA0000001331
B1015115557883N00858488EA0000001333
B1015175557931N00858579EA0000001331
B1015245557993N00858679EA0000001316
B1015305558045N00858767EA0000001315
B1015365558096N00858858EA0000001323
B1015425558145N00858940EA0000001339
B1015475558184N00859003EA0000001335
B1015545558241N00859105EA0000001336
B1015595558276N00859181EA0000001328
B1016055558310N00859290EA0000001322
B1016115558319N00859415EA0000001325
B1016205558326N00859597EA0000001342
B1016255558369N00859658EA0000001350
B1016305558431N00859625EA0000001355
B1016355558461N00859491EA0000001363
B1016405558423N00859350EA0000001366
B1016455558342N00859322EA0000001369
B1016505558292N00859405EA0000001379
B1016555558311N00859494EA0000001385
B1017005558372N00859485EA0000001390
B1017055558408N00859359EA0000001394
B1017115558360N00859186EA0000001398
B1017165558278N00859172EA0000001400
B1017215558231N00859263EA0000001406
B1017265558246N00859364EA0000001409
B1017315558294N00859432EA0000001414
B1017385558367N00859519EA0000001419
B1017435558416N00859584EA0000001418
B1017505558485N00859674EA0000001405
B1017565558543N00859744EA0000001403
B1018035558610N00859824EA0000001388
B1018085558658N00859881EA0000001390
B1018185558753N00859996EA0000001394
B1018255558826N00900072EA0000001388
B1018315558885N00900136EA0000001385
B1018365558935N00900195EA0000001389
B1018425558988N00900270EA0000001389
B1018505559048N00900395EA0000001378
B1018555559079N00900491EA0000001368
B1019015559107N00900619EA0000001370
B1019075559118N00900749EA0000001378
B1019125559123N00900856EA0000001382
B1019195559119N00901001EA0000001384
B1019275559120N00901171EA0000001394
B1019335559131N00901306EA0000001384
B1019385559139N00901420EA0000001387
B1019455559148N00901577EA0000001393
B1019505559151N00901695EA0000001391
B1019565559149N00901843EA0000001406
B1020015559148N00901955EA0000001420
B1020065559153N00902063EA0000001408
B1020125559161N00902209EA0000001389
B1020175559162N00902330EA0000001380
B1020245559159N00902494EA0000001376
B1020295559157N00902609EA0000001375
B1020365559148N00902766EA0000001368
B1020425559136N00902898EA0000001373
B1020545559118N00903151EA0000001378
B1021015559123N00903286EA0000001383
B1021065559135N00903382EA0000001386
B1021125559170N00903492EA0000001382
B1021175559209N00903575EA0000001380
B1021255559278N00903685EA0000001388
B1021345559370N00903794EA0000001371
B1021395559421N00903851EA0000001368
B1021465559477N00903949EA0000001362
B1021525559514N00904052EA0000001358
B1021595559544N00904189EA0000001356
B1022045559561N00904296EA0000001353
B1022095559575N00904405EA0000001349
B1022145559583N00904520EA0000001345
B1022235559583N00904724EA0000001353
B1022305559579N00904869EA0000001366
B1022365559573N00904989EA0000001372
B1022415559569N00905095EA0000001370
B1022465559563N00905203EA0000001364
B1022535559548N00905367EA0000001357
B1022585559530N00905479EA0000001364
B1023065559495N00905659EA0000001362
B1023115559487N00905778EA0000001366
B1023195559504N00905956EA0000001366
B1023255559522N00906084EA0000001366
B1023315559538N00906210EA0000001362
B1023395559543N00906374EA0000001348
B1023455559564N00906484EA0000001347
B1023505559601N00906556EA0000001345
B1023555559651N00906609EA0000001338
B1024005559708N00906643EA0000001345
B1024055559762N00906672EA0000001356
B1024105559816N00906692EA0000001362
B1024205559940N00906696EA0000001356
B1024255600007N00906693EA0000001361
B1024315600085N00906683EA0000001355
B1024365600154N00906678EA0000001356
B1024415600223N00906674EA0000001354
B1024475600306N00906672EA0000001346
B1024555600409N00906681EA0000001333
B1025005600468N00906704EA0000001327
B1025065600511N00906794EA0000001303
B1025115600496N00906900EA0000001288
B1025175600427N00906986EA0000001283
B1025235600335N00906999EA0000001276
B1025285600259N00906944EA0000001267
B1025335600203N00906832EA0000001259
B1025405600150N00906645EA0000001250
B1025475600110N00906450EA0000001239
B1025535600077N00906279EA0000001233
B1025595600045N00906108EA0000001225
B1026045600018N00905964EA0000001226
B1026115559987N00905767EA0000001226
B1026185559962N00905571EA0000001234
B1026265559914N00905357EA0000001227
B1026355559829N00905146EA0000001209
B1026435559725N00904996EA0000001200
B1026485559656N00904925EA0000001195
B1026535559585N00904863EA0000001191
B1026595559498N00904794EA0000001190
B1027065559397N00904716EA0000001173
B1027145559279N00904639EA0000001161
B1027215559174N00904568EA0000001157
B1027265559110N00904487EA0000001152
B1027315559063N00904366EA0000001144
B1027375559026N00904205EA0000001135
B1027445559000N00904004EA0000001127
B1027525558974N00903786EA0000001124
B1028025558934N00903523EA0000001120
B1028075558911N00903388EA0000001116
B1028135558882N00903220EA0000001117
B1028185558845N00903084EA0000001114
B1028255558780N00902903EA0000001107
B1028315558723N00902753EA0000001101
B1028405558638N00902518EA0000001085
B1028475558574N00902325EA0000001080
B1028565558499N00902089EA0000001080
B1029025558452N00901934EA0000001076
B1029075558410N00901798EA0000001066
B1029125558365N00901655EA0000001058
B1029175558322N00901519EA0000001066
B1029225558283N00901392EA0000001076
B1029285558236N00901242EA0000001078
B1029335558162N00901155EA0000001073
B1029385558075N00901156EA0000001084
B1029435558014N00901239EA0000001088
B1029485558015N00901358EA0000001095
B1029535558075N00901367EA0000001106
B1029585558093N00901230EA0000001115
B1030035558032N00901108EA0000001124
B1030085557948N00901105EA0000001134
B1030135557897N00901196EA0000001144
B1030185557901N00901300EA0000001151
B1030235557950N00901355EA0000001158
B1030285558011N00901324EA0000001173
B1030335558041N00901215EA0000001189
B1030385558002N00901095EA0000001197
B1030435557923N00901062EA0000001204
B1030485557858N00901129EA0000001205
B1030535557845N00901241EA0000001218
B1030585557891N00901292EA0000001225
B1031035557942N00901217EA0000001235
B1031085557929N00901076EA0000001248
B1031145557839N00901001EA0000001255
B1031195557765N00901047EA0000001259
B1031255557740N00901176EA0000001273
B1031305557774N00901244EA0000001278
B1031355557831N00901199EA0000001284
B1031405557844N00901066EA0000001302
B1031455557788N00900953EA0000001307
B1031505557704N00900949EA0000001313
B1031555557656N00901042EA0000001322
B1032005557675N00901134EA0000001330
B1032065557739N00901105EA0000001337
B1032115557748N00900964EA0000001346
B1032175557714N00900781EA0000001352
B1032265557691N00900512EA0000001360
B1032345557684N00900259EA0000001330
B1032405557688N00900066EA0000001335
B1032465557691N00859886EA0000001328
B1032515557689N00859739EA0000001330
B1032595557678N00859510EA0000001326
B1033075557670N00859278EA0000001327
B1033125557664N00859139EA0000001336
B1033195557653N00858948EA0000001359
B1033245557645N00858818EA0000001372
B1033305557638N00858656EA0000001363
B1033365557646N00858486EA0000001349
B1033435557671N00858285EA0000001335
B1033485557694N00858147EA0000001326
B1033545557722N00857979EA0000001337
B1034035557754N00857752EA0000001343
B1034095557772N00857601EA0000001347
B1034145557781N00857472EA0000001346
B1034195557775N00857326EA0000001359
B1034245557749N00857189EA0000001370
B1034305557698N00857048EA0000001386
B1034385557617N00856856EA0000001377
B1034445557553N00856713EA0000001383
B1034535557453N00856526EA0000001393
B1034595557379N00856421EA0000001396
B1035065557284N00856318EA0000001410
B1035125557209N00856234EA0000001434
B1035185557132N00856165EA0000001442
B1035235557053N00856130EA0000001438
B1035315556932N00856028EA0000001459
B1035365556881N00855911EA0000001459
B1035415556876N00855757EA0000001452
B1035465556921N00855643EA0000001451
B1035535557016N00855618EA0000001447
B1035585557081N00855643EA0000001457
B1036035557144N00855668EA0000001452
B1036105557236N00855705EA0000001445
B1036155557303N00855730EA0000001446
B1036225557392N00855755EA0000001447
B1036305557491N00855780EA0000001440
B1036365557565N00855800EA0000001437
B1036435557653N00855826EA0000001426
B1036505557742N00855848EA0000001424
B1036555557807N00855862EA0000001419
B1037025557902N00855888EA0000001412
B1037085557979N00855921EA0000001408
B1037135558043N00855950EA0000001404
B1037185558109N00855966EA0000001401
B1037245558189N00855976EA0000001386
B1037305558265N00855980EA0000001378
B1037355558329N00855982EA0000001368
B1037425558418N00855981EA0000001375
B1037495558499N00855976EA0000001377
B1037565558583N00855977EA0000001373
B1038045558675N00856023EA0000001372
B1038095558705N00856111EA0000001372
B1038145558709N00856218EA0000001374
B1038215558692N00856373EA0000001371
B1038285558667N00856526EA0000001371
B1038355558645N00856686EA0000001361
B1038405558629N00856797EA0000001355
B1038455558610N00856907EA0000001345
B1038525558577N00857059EA0000001338
B1038585558544N00857179EA0000001330
B1039035558512N00857276EA0000001328
B1039085558473N00857368EA0000001329
B1039175558390N00857529EA0000001328
B1039225558326N00857603EA0000001332
B1039275558267N00857673EA0000001335
B1039355558199N00857823EA0000001316
B1039405558146N00857907EA0000001316
B1039465558098N00858012EA0000001316
B1039595558130N00858286EA0000001304
B1040045558164N00858381EA0000001303
B1040145558236N00858560EA0000001285
B1040205558281N00858664EA0000001277
B1040265558324N00858766EA0000001273
B1040315558359N00858844EA0000001277
B1040405558415N00858983EA0000001285
B1040455558460N00859052EA0000001278
B1040515558525N00859121EA0000001275
B1040575558569N00859235EA0000001264
B1041025558584N00859347EA0000001255
B1041085558592N00859487EA0000001244
B1041155558598N00859642EA0000001245
B1041245558607N00859838EA0000001234
B1041295558615N00859946EA0000001228
B1041355558626N00900073EA0000001219
B1041435558638N00900247EA0000001211
B1041505558633N00900405EA0000001199
B1041585558609N00900585EA0000001190
B1042065558577N00900757EA0000001182
B1042115558559N00900862EA0000001176
B1042165558541N00900972EA0000001166
B1042215558523N00901083EA0000001158
B1042265558505N00901190EA0000001154
B1042315558487N00901294EA0000001147
B1042365558469N00901399EA0000001140
B1042415558462N00901503EA0000001129
B1042465558479N00901607EA0000001121
B1042525558520N00901712EA0000001120
B1042595558576N00901817EA0000001120
B1043115558677N00901980EA0000001111
B1043205558767N00902086EA0000001103
B1043285558855N00902173EA0000001096
B1043335558911N00902224EA0000001094
B1043385558966N00902275EA0000001092
B1043445559030N00902334EA0000001093
B1043525559110N00902414EA0000001085
B1044005559191N00902500EA0000001079
B1044095559281N00902593EA0000001077
B1044195559383N00902678EA0000001076
B1044245559435N00902715EA0000001071
B1044305559497N00902759EA0000001073
B1044365559558N00902802EA0000001072
B1044425559622N00902845EA0000001062
B1044525559728N00902917EA0000001069
B1044595559804N00902957EA0000001068
B1045065559885N00902988EA0000001062
B1045135559969N00903021EA0000001057
B1045185600030N00903055EA0000001058
B1045235600087N00903091EA0000001070
B1045295600153N00903120EA0000001083
B1045345600186N00903190EA0000001084
B1045405600171N00903313EA0000001089
B1045455600111N00903369EA0000001101
B1045505600043N00903307EA0000001111
B1045555600036N00903170EA0000001119
B1046005600094N00903102EA0000001128
B1046055600146N00903154EA0000001136
B1046115600147N00903283EA0000001140
B1046165600100N00903365EA0000001147
B1046215600027N00903374EA0000001153
B1046265559958N00903296EA0000001162
B1046315559937N00903152EA0000001169
B1046365559975N00903039EA0000001178
B1046415600039N00903029EA0000001188
B1046465600072N00903113EA0000001202
B1046515600045N00903207EA0000001216
B1046565559977N00903234EA0000001221
B1047015559904N00903157EA0000001228
B1047065559871N00903013EA0000001237
B1047115559893N00902875EA0000001238
B1047165559959N00902809EA0000001242
B1047225600037N00902831EA0000001260
B1047275600071N00902917EA0000001258
B1047325600062N00903035EA0000001258
B1047405559997N00903189EA0000001268
B1047455559928N00903230EA0000001275
B1047505559850N00903188EA0000001282
B1047555559808N00903059EA0000001290
B1048005559823N00902919EA0000001303
B1048065559890N00902822EA0000001305
B1048115559962N00902844EA0000001311
B1048165600000N00902940EA0000001321
B1048225559975N00903072EA0000001320
B1048275559913N00903144EA0000001326
B1048335559834N00903220EA0000001342
B1048385559792N00903315EA0000001339
B1048435559789N00903432EA0000001332
B1048515559843N00903589EA0000001340
B1048595559904N00903723EA0000001340
B1049075559959N00903860EA0000001334
B1049125559995N00903948EA0000001324
B1049175600033N00904046EA0000001311
B1049275600103N00904239EA0000001310
B1049355600153N00904384EA0000001307
B1049415600190N00904491EA0000001293
B1049465600224N00904586EA0000001285
B1049515600257N00904688EA0000001292
B1049565600286N00904787EA0000001297
B1050015600313N00904880EA0000001316
B1050065600338N00904971EA0000001326
B1050115600384N00905031EA0000001329
B1050165600446N00904986EA0000001332
B1050215600465N00904851EA0000001336
B1050265600417N00904739EA0000001341
B1050315600347N00904742EA0000001351
B1050365600313N00904835EA0000001357
B1050415600333N00904933EA0000001359
B1050465600396N00904960EA0000001358
B1050515600463N00904905EA0000001357
B1050565600498N00904778EA0000001352
B1051015600471N00904643EA0000001348
B1051075600383N00904596EA0000001352
B1051145600292N00904641EA0000001369
B1051195600239N00904695EA0000001375
B1051255600227N00904811EA0000001364
B1051305600242N00904916EA0000001351
B1051365600263N00905047EA0000001342
B1051415600279N00905159EA0000001337
B1051485600293N00905315EA0000001338
B1051575600296N00905505EA0000001356
B1052045600292N00905641EA0000001356
B1052095600288N00905745EA0000001344
B1052145600283N00905868EA0000001334
B1052195600279N00905986EA0000001333
B1052245600273N00906096EA0000001326
B1052295600269N00906206EA0000001317
B1052345600275N00906316EA0000001316
B1052395600292N00906418EA0000001324
B1052445600310N00906509EA0000001333
B1052495600350N00906575EA0000001342
B1052545600413N00906546EA0000001347
B1053015600436N00906344EA0000001352
B1053065600377N00906231EA0000001359
B1053115600304N00906232EA0000001361
B1053165600260N00906321EA0000001356
B1053215600248N00906431EA0000001366
B1053265600250N00906529EA0000001382
B1053315600270N00906615EA0000001387
B1053365600335N00906613EA0000001388
B1053415600374N00906481EA0000001400
B1053465600352N00906318EA0000001397
B1053515600282N00906216EA0000001399
B1053565600205N00906228EA0000001401
B1054045600127N00906342EA0000001409
B1054115600075N00906466EA0000001420
B1054185600024N00906587EA0000001411
B1054265559948N00906716EA0000001412
B1054315559894N00906788EA0000001418
B1054375559829N00906871EA0000001443
B1054425559785N00906943EA0000001449
B1054475559791N00907036EA0000001451
B1054525559851N00907044EA0000001448
B1054575559900N00906940EA0000001452
B1055025559903N00906789EA0000001463
B1055075559857N00906661EA0000001474
B1055125559780N00906613EA0000001484
B1055185559708N00906689EA0000001498
B1055235559712N00906787EA0000001507
B1055285559765N00906816EA0000001509
B1055335559817N00906730EA0000001514
B1055385559816N00906577EA0000001518
B1055435559756N00906462EA0000001526
B1055485559672N00906435EA0000001538
B1055545559590N00906511EA0000001543
B1056035559585N00906702EA0000001560
B1056115559623N00906854EA0000001556
B1056165559648N00906959EA0000001550
B1056225559673N00907084EA0000001547
B1056315559690N00907283EA0000001539
B1056365559694N00907391EA0000001534
B1056425559697N00907523EA0000001528
B1056525559699N00907743EA0000001518
B1057015559702N00907937EA0000001511
B1057115559706N00908148EA0000001499
B1057175559705N00908274EA0000001491
B1057225559703N00908380EA0000001489
B1057275559702N00908477EA0000001493
B1057335559701N00908594EA0000001486
B1057415559702N00908762EA0000001490
B1057465559703N00908865EA0000001502
B1057515559710N00908966EA0000001495
B1057565559761N00909040EA0000001485
B1058015559834N00909017EA0000001495
B1058065559875N00908910EA0000001512
B1058115559861N00908768EA0000001511
B1058165559803N00908648EA0000001510
B1058215559751N00908515EA0000001508
B1058285559706N00908304EA0000001520
B1058335559686N00908148EA0000001517
B1058395559665N00907954EA0000001509
B1058445559652N00907790EA0000001501
B1058525559627N00907528EA0000001492
B1059045559587N00907144EA0000001481
B1059095559571N00906985EA0000001477
B1059145559556N00906829EA0000001472
B1059195559537N00906673EA0000001467
B1059265559503N00906464EA0000001465
B1059315559475N00906322EA0000001457
B1059365559438N00906184EA0000001447
B1059425559386N00906024EA0000001446
B1059495559315N00905848EA0000001455
B1059555559250N00905708EA0000001460
B1100005559192N00905591EA0000001462
B1100075559113N00905424EA0000001481
B1100125559061N00905299EA0000001489
B1100175559030N00905153EA0000001494
B1100235559037N00904975EA0000001493
B1100285559063N00904843EA0000001492
B1100335559089N00904711EA0000001495
B1100385559113N00904581EA0000001499
B1100435559134N00904446EA0000001496
B1100485559154N00904312EA0000001492
B1100555559182N00904118EA0000001487
B1101025559216N00903927EA0000001485
B1101075559243N00903787EA0000001484
B1101135559274N00903617EA0000001477
B1101195559309N00903442EA0000001466
B1101245559348N00903315EA0000001461
B1101305559427N00903239EA0000001448
B1101355559488N00903275EA0000001444
B1101405559504N00903373EA0000001445
B1101465559473N00903497EA0000001442
B1101535559414N00903624EA0000001434
B1101585559369N00903712EA0000001430
B1102035559325N00903802EA0000001426
B1102155559223N00904027EA0000001453
B1102225559168N00904165EA0000001454
B1102275559131N00904264EA0000001448
B1102345559079N00904398EA0000001453
B1102395559042N00904502EA0000001451
B1102455558997N00904633EA0000001453
B1102505558977N00904752EA0000001448
B1102555558992N00904863EA0000001459
B1103005559023N00904951EA0000001470
B1103075559074N00905061EA0000001477
B1103125559113N00905139EA0000001481
B1103185559162N00905236EA0000001474
B1103255559219N00905359EA0000001476
B1103335559282N00905502EA0000001471
B1103385559323N00905594EA0000001469
B1103435559362N00905681EA0000001465
B1103505559416N00905798EA0000001459
B1103585559476N00905926EA0000001449
B1104035559518N00906008EA0000001440
B1104095559569N00906110EA0000001436
B1104145559609N00906197EA0000001428
B1104195559647N00906280EA0000001423
B1104245559682N00906361EA0000001426
B1104295559714N00906437EA0000001427
B1104365559758N00906545EA0000001431
B1104425559800N00906636EA0000001421
B1104475559834N00906718EA0000001416
B1104525559864N00906805EA0000001409
B1104575559896N00906895EA0000001399
B1105025559932N00906987EA0000001389
B1105135600012N00907190EA0000001377
B1105215600062N00907327EA0000001369
B1105305600114N00907475EA0000001357
B1105365600151N00907577EA0000001341
B1105415600186N00907665EA0000001329
B1105465600219N00907753EA0000001321
B1105515600250N00907843EA0000001306
B1105565600284N00907935EA0000001294
B1106025600326N00908045EA0000001292
B1106095600371N00908169EA0000001293
B1106145600392N00908265EA0000001301
B1106215600416N00908399EA0000001314
B1106265600460N00908470EA0000001314
B1106315600528N00908450EA0000001313
B1106365600568N00908325EA0000001316
B1106415600549N00908172EA0000001310
B1106465600473N00908073EA0000001309
B1106545600342N00908074EA0000001332
B1106595600270N00908103EA0000001343
B1107045600217N00908175EA0000001339
B1107095600216N00908287EA0000001341
B1107145600265N00908347EA0000001354
B1107195600326N00908301EA0000001368
B1107255600349N00908145EA0000001379
B1107315600286N00908023EA0000001380
B1107365600208N00908037EA0000001382
B1107425600165N00908153EA0000001385
B1107475600186N00908252EA0000001386
B1107525600245N00908291EA0000001390
B1107575600311N00908260EA0000001403
B1108025600367N00908183EA0000001402
B1108075600387N00908049EA0000001401
B1108125600345N00907918EA0000001389
B1108175600263N00907880EA0000001391
B1108225600192N00907931EA0000001397
B1108295600124N00908048EA0000001406
B1108355600081N00908157EA0000001413
B1108415600043N00908271EA0000001405
B1108465600017N00908374EA0000001404
B1108545559995N00908546EA0000001417
B1108595600025N00908628EA0000001412
B1109045600086N00908620EA0000001421
B1109095600126N00908510EA0000001428
B1109145600110N00908355EA0000001435
B1109195600036N00908262EA0000001457
B1109245559957N00908292EA0000001467
B1109295559932N00908403EA0000001468
B1109345559976N00908468EA0000001470
B1109395600037N00908421EA0000001476
B1109445600064N00908286EA0000001481
B1109495600033N00908133EA0000001497
B1109545559959N00908060EA0000001506
B1109595559885N00908108EA0000001511
B1110055559864N00908239EA0000001516
B1110105559909N00908295EA0000001522
B1110155559967N00908254EA0000001525
B1110205600001N00908133EA0000001532
B1110255559987N00907993EA0000001547
B1110305559925N00907898EA0000001550
B1110355559843N00907897EA0000001550
B1110415559787N00908010EA0000001561
B1110475559816N00908113EA0000001564
B1110525559874N00908105EA0000001560
B1110575559929N00908022EA0000001562
B1111045559983N00907863EA0000001571
B1111095600012N00907735EA0000001584
B1111145600026N00907602EA0000001596
B1111205559999N00907426EA0000001591
B1111255559942N00907312EA0000001590
B1111305559890N00907190EA0000001584
B1111355559869N00907043EA0000001577
B1111405559874N00906892EA0000001575
B1111465559894N00906715EA0000001569
B1111535559917N00906513EA0000001560
B1111585559932N00906361EA0000001554
B1112065559951N00906115EA0000001546
B1112115559963N00905963EA0000001558
B1112165559971N00905819EA0000001572
B1112215559973N00905674EA0000001574
B1112275559975N00905483EA0000001560
B1112325559978N00905320EA0000001564
B1112375559982N00905164EA0000001567
B1112425559989N00905010EA0000001568
B1112475559996N00904858EA0000001570
B1112525600003N00904706EA0000001563
B1112585600015N00904527EA0000001560
B1113035600028N00904381EA0000001551
B1113085600041N00904237EA0000001552
B1113195600070N00903931EA0000001561
B1113245600073N00903788EA0000001559
B1113295600037N00903641EA0000001547
B1113375559918N00903507EA0000001537
B1113445559803N00903442EA0000001538
B1113505559703N00903390EA0000001529
B1113575559591N00903334EA0000001532
B1114025559513N00903292EA0000001529
B1114075559435N00903249EA0000001527
B1114155559309N00903181EA0000001522
B1114235559182N00903100EA0000001517
B1114285559105N00903048EA0000001512
B1114335559030N00902995EA0000001506
B1114495558792N00902826EA0000001492
B1114545558719N00902772EA0000001493
B1114595558648N00902715EA0000001487
B1115045558584N00902635EA0000001482
B1115125558481N00902476EA0000001470
B1115205558379N00902297EA0000001474
B1115255558321N00902197EA0000001479
B1115315558257N00902077EA0000001478
B1115385558212N00901892EA0000001467
B1115435558191N00901744EA0000001456
B1115485558170N00901594EA0000001452
B1115545558146N00901411EA0000001454
B1115595558128N00901265EA0000001465
B1116045558140N00901129EA0000001460
B1116095558178N00901001EA0000001455
B1116155558183N00900817EA0000001440
B1116205558173N00900660EA0000001432
B1116305558146N00900367EA0000001422
B1116375558093N00900191EA0000001409
B1116455558014N00900009EA0000001427
B1116515557952N00859886EA0000001432
B1116575557887N00859774EA0000001432
B1117055557787N00859643EA0000001435
B1117145557666N00859509EA0000001453
B1117195557590N00859509EA0000001451
B1117245557544N00859603EA0000001449
B1117295557558N00859706EA0000001446
B1117365557639N00859753EA0000001438
B1117435557731N00859701EA0000001437
B1117495557802N00859607EA0000001441
B1117545557857N00859520EA0000001446
B1118025557945N00859382EA0000001440
B1118075558011N00859330EA0000001436
B1118135558098N00859302EA0000001424
B1118185558172N00859320EA0000001417
B1118245558258N00859369EA0000001410
B1118315558352N00859461EA0000001390
B1118385558439N00859556EA0000001383
B1118435558501N00859612EA0000001382
B1118485558564N00859661EA0000001380
B1118535558624N00859707EA0000001377
B1118595558691N00859771EA0000001366
B1119085558764N00859916EA0000001360
B1119135558793N00900009EA0000001353
B1119195558821N00900129EA0000001347
B1119245558842N00900230EA0000001343
B1119325558875N00900390EA0000001336
B1119385558902N00900506EA0000001331
B1119465558936N00900659EA0000001322
B1119535558957N00900801EA0000001316
B1119595558968N00900922EA0000001316
B1120045558973N00901026EA0000001312
B1120095558976N00901131EA0000001303
B1120145558981N00901241EA0000001294
B1120205558988N00901381EA0000001284
B1120265558995N00901521EA0000001282
B1120315559002N00901631EA0000001278
B1120365559010N00901740EA0000001268
B1120425559021N00901873EA0000001256
B1120475559030N00901986EA0000001249
B1120525559035N00902101EA0000001246
B1120575559039N00902212EA0000001245
B1121055559047N00902390EA0000001244
B1121135559055N00902574EA0000001233
B1121205559073N00902733EA0000001228
B1121285559117N00902882EA0000001236
B1121365559169N00903026EA0000001230
B1121425559216N00903135EA0000001228
B1121495559273N00903264EA0000001226
B1121555559321N00903368EA0000001241
B1122065559413N00903548EA0000001238
B1122115559470N00903604EA0000001236
B1122175559507N00903714EA0000001233
B1122235559503N00903837EA0000001215
B1122315559459N00904005EA0000001198
B1122375559417N00904120EA0000001191
B1122455559355N00904269EA0000001183
B1122505559313N00904361EA0000001182
B1122575559256N00904492EA0000001176
B1123025559219N00904589EA0000001180
B1123075559181N00904689EA0000001183
B1123125559143N00904788EA0000001197
B1123175559084N00904846EA0000001196
B1123225559012N00904791EA0000001200
B1123275558981N00904648EA0000001205
B1123325559019N00904535EA0000001216
B1123385559088N00904553EA0000001230
B1123435559102N00904659EA0000001233
B1123485559055N00904737EA0000001239
B1123535558982N00904705EA0000001239
B1123585558943N00904574EA0000001239
B1124035558943N00904426EA0000001250
B1124085558980N00904316EA0000001257
B1124135559040N00904275EA0000001261
B1124185559092N00904326EA0000001253
B1124245559090N00904450EA0000001264
B1124295559029N00904488EA0000001270
B1124345558963N00904414EA0000001266
B1124395558920N00904274EA0000001272
B1124445558886N00904135EA0000001282
B1124495558906N00904008EA0000001288
B1124545558965N00903984EA0000001297
B1124595558991N00904069EA0000001295
B1125045558956N00904158EA0000001295
B1125105558864N00904168EA0000001301
B1125155558792N00904097EA0000001309
B1125205558748N00903977EA0000001308
B1125255558767N00903848EA0000001306
B1125305558828N00903800EA0000001316
B1125365558875N00903879EA0000001324
B1125415558858N00903972EA0000001334
B1125465558792N00904011EA0000001331
B1125515558727N00903940EA0000001342
B1125565558718N00903807EA0000001332
B1126015558762N00903703EA0000001339
B1126065558821N00903660EA0000001343
B1126115558875N00903684EA0000001348
B1126175558893N00903792EA0000001340
B1126225558849N00903876EA0000001341
B1126275558774N00903873EA0000001344
B1126325558712N00903780EA0000001345
B1126375558671N00903656EA0000001348
B1126435558661N00903495EA0000001356
B1126485558701N00903395EA0000001355
B1126535558762N00903382EA0000001357
B1126585558801N00903453EA0000001361
B1127065558744N00903572EA0000001365
B1127115558668N00903537EA0000001360
B1127175558616N00903392EA0000001370
B1127225558616N00903255EA0000001364
B1127285558645N00903091EA0000001367
B1127345558671N00902924EA0000001357
B1127425558705N00902696EA0000001336
B1127475558725N00902548EA0000001326
B1127525558745N00902399EA0000001325
B1128005558773N00902165EA0000001339
B1128085558798N00901944EA0000001353
B1128135558770N00901810EA0000001351
B1128285558530N00901795EA0000001325
B1128335558443N00901767EA0000001312
B1128395558341N00901691EA0000001302
B1128485558209N00901517EA0000001310
B1128535558139N00901414EA0000001323
B1128585558077N00901309EA0000001331
B1129035558070N00901166EA0000001333
B1129085558121N00901062EA0000001327
B1129135558193N00901043EA0000001331
B1129185558240N00901102EA0000001329
B1129235558240N00901208EA0000001322
B1129285558181N00901278EA0000001325
B1129335558096N00901242EA0000001329
B1129385558031N00901127EA0000001336
B1129435557981N00901009EA0000001337
B1129525557850N00900877EA0000001345
B1129575557799N00900773EA0000001350
B1130025557799N00900626EA0000001352
B1130075557850N00900516EA0000001353
B1130125557921N00900499EA0000001355
B1130185557962N00900603EA0000001358
B1130235557927N00900699EA0000001352
B1130285557851N00900725EA0000001357
B1130365557736N00900686EA0000001370
B1130415557681N00900593EA0000001373
B1130465557675N00900451EA0000001378
B1130515557728N00900349EA0000001372
B1130565557795N00900367EA0000001374
B1131025557814N00900484EA0000001388
B1131075557771N00900566EA0000001393
B1131125557698N00900574EA0000001393
B1131175557641N00900479EA0000001401
B1131225557644N00900339EA0000001404
B1131275557697N00900239EA0000001411
B1131325557764N00900233EA0000001407
B1131375557802N00900313EA0000001414
B1131425557782N00900411EA0000001421
B1131485557695N00900445EA0000001424
B1131535557632N00900352EA0000001433
B1131585557634N00900210EA0000001440
B1132035557690N00900128EA0000001448
B1132085557753N00900151EA0000001447
B1132135557774N00900250EA0000001454
B1132185557729N00900336EA0000001456
B1132235557650N00900334EA0000001458
B1132285557588N00900232EA0000001462
B1132345557590N00900066EA0000001472
B1132395557645N00859973EA0000001475
B1132445557711N00859965EA0000001483
B1132495557748N00900037EA0000001490
B1132545557729N00900138EA0000001487
B1132595557656N00900176EA0000001493
B1133045557587N00900106EA0000001498
B1133105557564N00859935EA0000001496
B1133175557606N00859738EA0000001505
B1133225557643N00859610EA0000001516
B1133285557620N00859428EA0000001515
B1133335557543N00859364EA0000001511
B1133385557483N00859423EA0000001510
B1133435557469N00859524EA0000001503
B1133485557506N00859611EA0000001496
B1133535557573N00859640EA0000001498
B1134025557708N00859634EA0000001502
B1134085557791N00859624EA0000001512
B1134135557859N00859610EA0000001505
B1134195557942N00859590EA0000001506
B1134245558009N00859570EA0000001504
B1134315558104N00859501EA0000001501
B1134385558203N00859452EA0000001488
B1134445558289N00859418EA0000001481
B1134525558401N00859370EA0000001472
B1134575558469N00859334EA0000001473
B1135035558544N00859291EA0000001468
B1135085558609N00859255EA0000001461
B1135155558702N00859210EA0000001450
B1135205558772N00859181EA0000001443
B1135255558843N00859168EA0000001435
B1135315558915N00859211EA0000001432
B1135365558966N00859272EA0000001423
B1135425559017N00859364EA0000001417
B1135485559059N00859466EA0000001411
B1135575559108N00859632EA0000001416
B1136035559129N00859752EA0000001414
B1136085559147N00859863EA0000001406
B1136145559172N00859989EA0000001395
B1136195559197N00900092EA0000001382
B1136245559225N00900192EA0000001379
B1136305559261N00900309EA0000001368
B1136355559289N00900407EA0000001369
B1136405559312N00900498EA0000001373
B1136455559333N00900580EA0000001369
B1136505559354N00900666EA0000001361
B1136555559379N00900759EA0000001349
B1137005559402N00900860EA0000001339
B1137065559430N00900985EA0000001328
B1137115559455N00901091EA0000001320
B1137175559487N00901213EA0000001321
B1137255559524N00901367EA0000001319
B1137305559546N00901459EA0000001310
B1137385559582N00901605EA0000001298
B1137435559606N00901699EA0000001285
B1137505559639N00901838EA0000001272
B1137555559664N00901937EA0000001266
B1138015559695N00902054EA0000001259
B1138065559718N00902154EA0000001250
B1138135559756N00902293EA0000001244
B1138185559789N00902383EA0000001242
B1138245559833N00902484EA0000001238
B1138345559913N00902622EA0000001237
B1138395559954N00902683EA0000001238
B1138445559995N00902740EA0000001236
B1138495600046N00902792EA0000001227
B1138545600103N00902833EA0000001223
B1139005600168N00902871EA0000001210
B1139055600225N00902896EA0000001200
B1139115600295N00902924EA0000001187
B1139175600369N00902945EA0000001167
B1139245600465N00902945EA0000001156
B1139295600533N00902942EA0000001150
B1139395600671N00902940EA0000001130
B1139475600779N00902937EA0000001121
B1139545600874N00902925EA0000001110
B1139595600939N00902901EA0000001112
B1140045601002N00902870EA0000001110
B1140095601062N00902831EA0000001113
B1140145601121N00902783EA0000001116
B1140205601192N00902717EA0000001110
B1140255601251N00902637EA0000001101
B1140315601308N00902508EA0000001095
B1140385601356N00902336EA0000001094
B1140445601390N00902187EA0000001092
B1140495601416N00902065EA0000001084
B1140565601467N00901894EA0000001069
B1141015601514N00901788EA0000001055
B1141075601577N00901670EA0000001039
B1141135601650N00901566EA0000001025
B1141195601728N00901474EA0000001013
B1141245601795N00901407EA0000001003
B1141305601877N00901333EA0000000994
B1141375601967N00901260EA0000000984
B1141425602031N00901214EA0000000977
B1141475602096N00901164EA0000000970
B1141525602157N00901114EA0000000973
B1141595602242N00901041EA0000000969
B1142065602327N00900962EA0000000960
B1142125602397N00900862EA0000000968
B1142175602453N00900770EA0000000972
B1142235602476N00900601EA0000000970
B1142285602422N00900492EA0000000964
B1142345602339N00900518EA0000000956
B1142395602320N00900624EA0000000950
B1142445602358N00900716EA0000000949
B1142495602424N00900772EA0000000956
B1142545602462N00900869EA0000000961
B1142595602430N00900965EA0000000974
B1143045602365N00900965EA0000000984
B1143095602316N00900860EA0000000980
B1143145602325N00900718EA0000000985
B1143195602383N00900645EA0000000987
B1143245602447N00900672EA0000000986
B1143295602479N00900764EA0000000993
B1143345602453N00900862EA0000001000
B1143395602385N00900880EA0000001006
B1143445602333N00900779EA0000001014
B1143495602346N00900637EA0000001013
B1143545602413N00900570EA0000001010
B1143595602483N00900588EA0000001016
B1144045602515N00900683EA0000001027
B1144105602465N00900783EA0000001037
B1144155602396N00900736EA0000001047
B1144205602377N00900597EA0000001059
B1144255602425N00900493EA0000001057
B1144305602491N00900518EA0000001067
B1144355602507N00900621EA0000001078
B1144405602462N00900705EA0000001083
B1144455602391N00900692EA0000001094
B1144505602353N00900582EA0000001103
B1144575602404N00900423EA0000001110
B1145025602468N00900445EA0000001116
B1145075602485N00900549EA0000001121
B1145125602442N00900626EA0000001124
B1145175602374N00900610EA0000001129
B1145225602333N00900500EA0000001134
B1145275602356N00900374EA0000001144
B1145335602432N00900344EA0000001146
B1145385602467N00900434EA0000001149
B1145435602443N00900537EA0000001146
B1145485602375N00900568EA0000001154
B1145535602313N00900503EA0000001156
B1145585602302N00900373EA0000001158
B1146045602365N00900267EA0000001164
B1146095602425N00900311EA0000001167
B1146145602433N00900427EA0000001164
B1146195602379N00900511EA0000001167
B1146245602308N00900495EA0000001169
B1146295602260N00900389EA0000001163
B1146345602241N00900251EA0000001175
B1146395602268N00900132EA0000001184
B1146445602332N00900110EA0000001181
B1146495602368N00900199EA0000001183
B1146545602336N00900294EA0000001185
B1147005602256N00900275EA0000001191
B1147065602230N00900126EA0000001200
B1147125602289N00900018EA0000001207
B1147175602349N00900044EA0000001206
B1147225602364N00900145EA0000001206
B1147275602323N00900233EA0000001202
B1147325602254N00900257EA0000001202
B1147385602176N00900183EA0000001211
B1147435602142N00900064EA0000001210
B1147495602186N00859937EA0000001219
B1147545602243N00859972EA0000001238
B1147595602241N00900075EA0000001243
B1148045602177N00900131EA0000001243
B1148095602108N00900068EA0000001247
B1148145602096N00859941EA0000001243
B1148205602152N00859823EA0000001254
B1148255602210N00859764EA0000001269
B1148305602271N00859774EA0000001266
B1148355602311N00859862EA0000001263
B1148405602294N00859970EA0000001259
B1148455602229N00900024EA0000001254
B1148505602155N00859990EA0000001256
B1148555602098N00859890EA0000001257
B1149005602075N00859757EA0000001267
B1149085602074N00859535EA0000001287
B1149135602121N00859439EA0000001282
B1149185602181N00859468EA0000001285
B1149235602175N00859571EA0000001291
B1149305602077N00859604EA0000001299
B1149355602027N00859492EA0000001312
B1149405602045N00859359EA0000001316
B1149455602109N00859323EA0000001315
B1149515602137N00859426EA0000001319
B1149565602083N00859501EA0000001327
B1150025601995N00859446EA0000001335
B1150075601975N00859312EA0000001345
B1150125602016N00859208EA0000001343
B1150175602078N00859207EA0000001341
B1150225602104N00859295EA0000001351
B1150275602068N00859381EA0000001356
B1150325601993N00859392EA0000001352
B1150375601922N00859317EA0000001363
B1150425601894N00859186EA0000001372
B1150475601921N00859061EA0000001374
B1150525601985N00859027EA0000001372
B1150575602024N00859099EA0000001372
B1151025601998N00859200EA0000001380
B1151075601925N00859219EA0000001383
B1151125601863N00859120EA0000001389
B1151175601869N00858980EA0000001396
B1151225601930N00858909EA0000001392
B1151275601987N00858954EA0000001393
B1151325601988N00859060EA0000001402
B1151375601932N00859132EA0000001400
B1151425601852N00859120EA0000001395
B1151495601772N00858963EA0000001404
B1151545601747N00858826EA0000001406
B1152005601779N00858674EA0000001413
B1152055601840N00858637EA0000001415
B1152105601883N00858703EA0000001412
B1152155601864N00858805EA0000001406
B1152205601792N00858832EA0000001403
B1152265601712N00858731EA0000001409
B1152315601672N00858601EA0000001408
B1152365601681N00858458EA0000001407
B1152425601737N00858319EA0000001409
B1152505601831N00858177EA0000001421
B1152555601872N00858046EA0000001416
B1153005601849N00857895EA0000001413
B1153055601775N00857828EA0000001403
B1153105601717N00857885EA0000001408
B1153155601719N00857990EA0000001403
B1153205601773N00858047EA0000001405
B1153265601863N00858022EA0000001406
B1153315601937N00857978EA0000001400
B1153395602050N00857898EA0000001399
B1153465602148N00857825EA0000001390
B1153525602234N00857769EA0000001386
B1153575602306N00857733EA0000001382
B1154025602378N00857701EA0000001379
B1154115602507N00857643EA0000001364
B1154195602621N00857591EA0000001356
B1154255602703N00857543EA0000001349
B1154305602771N00857500EA0000001344
B1154355602838N00857454EA0000001341
B1154435602944N00857371EA0000001336
B1154485603007N00857321EA0000001335
B1154535603070N00857271EA0000001327
B1154585603134N00857214EA0000001318
B1155035603196N00857155EA0000001315
B1155095603270N00857082EA0000001301
B1155145603332N00857021EA0000001293
B1155215603418N00856940EA0000001284
B1155275603491N00856879EA0000001285
B1155335603564N00856834EA0000001290
B1155385603625N00856806EA0000001291
B1155435603687N00856737EA0000001292
B1155485603711N00856601EA0000001307
B1155545603644N00856477EA0000001312
B1155595603563N00856483EA0000001307
B1156045603506N00856567EA0000001305
B1156095603492N00856678EA0000001307
B1156145603520N00856769EA0000001300
B1156195603581N00856803EA0000001300
B1156245603649N00856780EA0000001302
B1156295603712N00856722EA0000001309
B1156365603787N00856601EA0000001320
B1156415603784N00856472EA0000001325
B1156465603709N00856448EA0000001326
B1156525603679N00856572EA0000001332
B1156575603736N00856597EA0000001343
B1157035603766N00856449EA0000001343
B1157085603702N00856360EA0000001348
B1157135603640N00856417EA0000001355
B1157185603659N00856505EA0000001361
B1157235603719N00856464EA0000001370
B1157285603715N00856330EA0000001378
B1157335603644N00856286EA0000001379
B1157395603608N00856394EA0000001387
B1157475603694N00856376EA0000001396
B1157525603681N00856240EA0000001402
B1157575603612N00856217EA0000001406
B1158025603597N00856311EA0000001407
B1158075603652N00856360EA0000001412
B1158125603705N00856276EA0000001420
B1158175603681N00856142EA0000001425
B1158225603607N00856123EA0000001427
B1158275603584N00856222EA0000001427
B1158325603639N00856276EA0000001430
B1158375603696N00856198EA0000001444
B1158425603678N00856063EA0000001447
B1158475603604N00856030EA0000001450
B1158525603567N00856119EA0000001443
B1158575603596N00856217EA0000001445
B1159035603675N00856244EA0000001453
B1159085603731N00856161EA0000001458
B1159135603708N00856026EA0000001466
B1159185603632N00856002EA0000001470
B1159235603599N00856102EA0000001478
B1159285603636N00856179EA0000001483
B1159335603694N00856114EA0000001482
B1159385603680N00855972EA0000001490
B1159435603603N00855918EA0000001489
B1159485603537N00855984EA0000001501
B1159535603528N00856090EA0000001503
B1159585603588N00856121EA0000001501
B1200035603635N00856012EA0000001504
B1200085603606N00855875EA0000001505
B1200135603526N00855832EA0000001512
B1200185603485N00855919EA0000001523
B1200235603519N00855994EA0000001520
B1200285603580N00855951EA0000001523
B1200335603590N00855814EA0000001524
B1200395603527N00855668EA0000001524
B1200445603446N00855653EA0000001524
B1200495603401N00855747EA0000001525
B1200545603425N00855843EA0000001530
B1200595603484N00855834EA0000001531
B1201055603520N00855684EA0000001525
B1201105603516N00855523EA0000001522
B1201155603495N00855367EA0000001521
B1201205603465N00855221EA0000001517
B1201255603431N00855077EA0000001506
B1201305603395N00854934EA0000001509
B1201365603350N00854765EA0000001500
B1201425603306N00854592EA0000001516
B1201475603271N00854455EA0000001520
B1201525603229N00854317EA0000001509
B1201585603219N00854128EA0000001497
B1202045603249N00853967EA0000001496
B1202115603298N00853797EA0000001490
B1202185603346N00853629EA0000001481
B1202245603381N00853470EA0000001471
B1202295603405N00853339EA0000001469
B1202345603428N00853206EA0000001460
B1202405603455N00853044EA0000001455
B1202455603476N00852907EA0000001452
B1202505603496N00852776EA0000001466
B1202565603511N00852625EA0000001471
B1203015603553N00852519EA0000001463
B1203085603648N00852530EA0000001467
B1203145603719N00852609EA0000001466
B1203195603783N00852648EA0000001469
B1203285603897N00852547EA0000001462
B1203335603906N00852401EA0000001457
B1203385603854N00852283EA0000001451
B1203445603765N00852213EA0000001446
B1203505603677N00852161EA0000001442
B1203565603589N00852113EA0000001446
B1204015603517N00852081EA0000001450
B1204065603446N00852056EA0000001452
B1204125603361N00852038EA0000001446
B1204175603296N00852086EA0000001443
B1204245603252N00852230EA0000001439
B1204395603248N00852574EA0000001440
B1204455603258N00852716EA0000001436
B1204535603274N00852890EA0000001427
B1204585603284N00852996EA0000001426
B1205055603294N00853143EA0000001425
B1205115603300N00853269EA0000001425
B1205175603308N00853385EA0000001440
B1205225603296N00853480EA0000001443
B1205275603232N00853528EA0000001442
B1205325603156N00853475EA0000001438
B1205375603116N00853343EA0000001434
B1205435603125N00853177EA0000001434
B1205495603162N00853033EA0000001436
B1205555603217N00852929EA0000001434
B1206005603277N00852921EA0000001424
B1206085603344N00853051EA0000001420
B1206135603359N00853154EA0000001422
B1206185603369N00853256EA0000001430
B1206245603376N00853378EA0000001447
B1206305603434N00853422EA0000001456
B1206355603479N00853319EA0000001462
B1206405603448N00853185EA0000001473
B1206455603374N00853184EA0000001478
B1206505603350N00853288EA0000001489
B1206555603399N00853331EA0000001499
B1207005603447N00853241EA0000001506
B1207055603428N00853102EA0000001515
B1207105603357N00853075EA0000001517
B1207155603327N00853171EA0000001521
B1207205603377N00853229EA0000001530
B1207255603432N00853153EA0000001540
B1207305603418N00853019EA0000001548
B1207355603345N00852985EA0000001544
B1207405603305N00853078EA0000001550
B1207455603343N00853149EA0000001559
B1207515603411N00853079EA0000001568
B1207565603408N00852944EA0000001570
B1208015603342N00852867EA0000001567
B1208065603271N00852910EA0000001564
B1208115603238N00853015EA0000001569
B1208165603256N00853117EA0000001576
B1208215603316N00853117EA0000001581
B1208265603350N00852995EA0000001585
B1208315603306N00852875EA0000001586
B1208365603227N00852872EA0000001588
B1208415603178N00852965EA0000001594
B1208465603188N00853075EA0000001604
B1208515603248N00853088EA0000001614
B1208565603286N00852975EA0000001616
B1209015603252N00852844EA0000001621
B1209065603175N00852814EA0000001622
B1209115603119N00852897EA0000001627
B1209165603126N00853008EA0000001643
B1209215603185N00853040EA0000001644
B1209265603237N00852941EA0000001646
B1209315603221N00852793EA0000001651
B1209365603150N00852725EA0000001659
B1209415603090N00852786EA0000001663
B1209465603103N00852888EA0000001671
B1209525603179N00852856EA0000001676
B1209575603191N00852714EA0000001678
B1210025603130N00852620EA0000001683
B1210075603058N00852654EA0000001679
B1210125603039N00852766EA0000001685
B1210195603116N00852817EA0000001695
B1210245603162N00852707EA0000001696
B1210305603126N00852550EA0000001699
B1210365603034N00852508EA0000001696
B1210415602954N00852511EA0000001704
B1210465602880N00852499EA0000001712
B1210515602812N00852432EA0000001706
B1210565602752N00852319EA0000001696
B1211015602698N00852182EA0000001687
B1211095602584N00852009EA0000001684
B1211145602506N00851914EA0000001682
B1211215602397N00851785EA0000001688
B1211275602318N00851651EA0000001686
B1211325602284N00851501EA0000001680
B1211385602279N00851313EA0000001675
B1211435602294N00851169EA0000001667
B1211485602317N00851039EA0000001654
B1211535602316N00850894EA0000001643
B1211585602250N00850782EA0000001637
B1212035602158N00850745EA0000001646
B1212095602051N00850740EA0000001656
B1212145601971N00850794EA0000001646
B1212195601925N00850912EA0000001639
B1212245601914N00851039EA0000001629
B1212295601909N00851163EA0000001607
B1212345601895N00851294EA0000001599
B1212395601859N00851412EA0000001603
B1212445601806N00851506EA0000001605
B1212495601748N00851592EA0000001601
B1212545601698N00851693EA0000001598
B1213005601650N00851830EA0000001595
B1213055601621N00851949EA0000001591
B1213135601587N00852127EA0000001584
B1213185601555N00852234EA0000001579
B1213255601536N00852395EA0000001572
B1213345601541N00852588EA0000001571
B1213405601582N00852682EA0000001563
B1213465601651N00852720EA0000001553
B1213515601715N00852715EA0000001541
B1213565601777N00852698EA0000001535
B1214015601838N00852679EA0000001520
B1214085601932N00852652EA0000001510
B1214135601996N00852634EA0000001511
B1214215602091N00852614EA0000001511
B1214285602170N00852619EA0000001502
B1214345602237N00852663EA0000001492
B1214415602282N00852798EA0000001485
B1214465602293N00852911EA0000001482
B1214525602301N00853047EA0000001484
B1214585602309N00853187EA0000001472
B1215035602319N00853306EA0000001467
B1215085602335N00853423EA0000001461
B1215135602354N00853543EA0000001451
B1215185602374N00853663EA0000001445
B1215235602394N00853780EA0000001443
B1215295602419N00853924EA0000001436
B1215355602439N00854067EA0000001433
B1215425602456N00854228EA0000001423
B1215485602471N00854369EA0000001414
B1215545602489N00854508EA0000001415
B1216005602506N00854640EA0000001418
B1216065602525N00854776EA0000001427
B1216115602535N00854880EA0000001446
B1216165602566N00854966EA0000001453
B1216215602632N00854971EA0000001462
B1216265602674N00854865EA0000001467
B1216315602643N00854738EA0000001484
B1216365602570N00854711EA0000001498
B1216415602525N00854795EA0000001512
B1216465602558N00854871EA0000001526
B1216515602616N00854827EA0000001529
B1216565602621N00854692EA0000001532
B1217015602553N00854616EA0000001551
B1217065602492N00854678EA0000001563
B1217115602502N00854780EA0000001575
B1217165602562N00854781EA0000001586
B1217225602589N00854632EA0000001585
B1217275602528N00854540EA0000001610
B1217325602462N00854584EA0000001620
B1217375602457N00854690EA0000001627
B1217425602511N00854727EA0000001642
B1217475602555N00854644EA0000001641
B1217525602533N00854503EA0000001646
B1217585602445N00854459EA0000001667
B1218035602394N00854545EA0000001667
B1218085602407N00854651EA0000001673
B1218135602467N00854671EA0000001668
B1218195602522N00854549EA0000001678
B1218245602527N00854398EA0000001672
B1218295602482N00854268EA0000001684
B1218345602406N00854241EA0000001681
B1218395602354N00854328EA0000001690
B1218445602375N00854419EA0000001698
B1218495602438N00854400EA0000001707
B1218545602459N00854269EA0000001713
B1218595602405N00854157EA0000001716
B1219045602330N00854175EA0000001722
B1219095602315N00854279EA0000001730
B1219155602375N00854327EA0000001742
B1219205602418N00854229EA0000001747
B1219255602400N00854087EA0000001750
B1219305602328N00854026EA0000001748
B1219355602268N00854094EA0000001752
B1219405602283N00854191EA0000001761
B1219455602342N00854186EA0000001772
B1219505602377N00854067EA0000001773
B1219555602344N00853932EA0000001775
B1220005602266N00853902EA0000001773
B1220055602220N00853996EA0000001772
B1220105602252N00854081EA0000001778
B1220175602323N00853980EA0000001780
B1220225602307N00853827EA0000001783
B1220275602236N00853743EA0000001780
B1220325602161N00853780EA0000001779
B1220375602141N00853891EA0000001778
B1220425602172N00853992EA0000001776
B1220495602240N00854108EA0000001785
B1220545602293N00854179EA0000001786
B1220595602351N00854254EA0000001786
B1221065602434N00854348EA0000001792
B1221125602518N00854391EA0000001764
B1221175602602N00854411EA0000001756
B1221225602678N00854464EA0000001755
B1221285602755N00854570EA0000001743
B1221335602804N00854672EA0000001746
B1221385602839N00854773EA0000001745
B1221465602874N00854946EA0000001747
B1221525602890N00855078EA0000001750
B1221585602906N00855215EA0000001747
B1222035602923N00855327EA0000001741
B1222085602945N00855435EA0000001727
B1222135602971N00855544EA0000001723
B1222185602998N00855642EA0000001740
B1222255603031N00855773EA0000001754
B1222305603076N00855820EA0000001751
B1222355603129N00855747EA0000001751
B1222405603125N00855600EA0000001744
B1222455603061N00855490EA0000001736
B1222515602958N00855441EA0000001730
B1222565602873N00855453EA0000001731
B1223015602797N00855502EA0000001742
B1223065602759N00855597EA0000001736
B1223125602785N00855716EA0000001721
B1223175602824N00855802EA0000001720
B1223235602872N00855893EA0000001721
B1223285602911N00855977EA0000001715
B1223335602947N00856074EA0000001713
B1223385602976N00856182EA0000001711
B1223435602995N00856302EA0000001706
B1223485603005N00856424EA0000001702
B1223545603020N00856570EA0000001698
B1223595603031N00856695EA0000001690
B1224055603046N00856844EA0000001692
B1224135603068N00857034EA0000001693
B1224205603082N00857203EA0000001680
B1224265603096N00857349EA0000001678
B1224325603112N00857496EA0000001668
B1224425603140N00857757EA0000001669
B1224485603156N00857897EA0000001678
B1224535603170N00858005EA0000001682
B1224595603184N00858133EA0000001681
B1225045603202N00858244EA0000001665
B1225095603225N00858365EA0000001652
B1225145603247N00858486EA0000001659
B1225205603278N00858620EA0000001665
B1225265603322N00858742EA0000001659
B1225315603369N00858840EA0000001652
B1225365603421N00858927EA0000001652
B1225425603479N00859018EA0000001647
B1225475603529N00859090EA0000001656
B1225535603589N00859177EA0000001657
B1226005603669N00859281EA0000001652
B1226065603744N00859363EA0000001652
B1226125603824N00859438EA0000001645
B1226175603894N00859504EA0000001647
B1226245603984N00859594EA0000001657
B1226315604068N00859679EA0000001662
B1226385604152N00859761EA0000001656
B1226435604216N00859815EA0000001653
B1226505604303N00859890EA0000001658
B1226565604374N00859957EA0000001647
B1227015604435N00900018EA0000001649
B1227065604497N00900070EA0000001643
B1227115604567N00900088EA0000001633
B1227165604639N00900040EA0000001637
B1227215604696N00859951EA0000001644
B1227265604730N00859826EA0000001651
B1227315604712N00859679EA0000001650
B1227365604644N00859589EA0000001650
B1227415604566N00859580EA0000001646
B1227485604461N00859603EA0000001639
B1227535604385N00859636EA0000001630
B1227595604293N00859678EA0000001631
B1228045604219N00859711EA0000001630
B1228105604131N00859765EA0000001622
B1228165604052N00859848EA0000001621
B1228215603994N00859939EA0000001613
B1228285603914N00900070EA0000001611
B1228335603854N00900167EA0000001607
B1228385603797N00900268EA0000001601
B1228445603730N00900389EA0000001589
B1228505603663N00900510EA0000001576
B1228555603615N00900617EA0000001570
B1229005603572N00900728EA0000001562
B1229055603532N00900839EA0000001560
B1229105603493N00900946EA0000001557
B1229165603443N00901067EA0000001552
B1229215603401N00901166EA0000001547
B1229275603348N00901286EA0000001536
B1229325603304N00901390EA0000001534
B1229405603228N00901552EA0000001534
B1229465603172N00901674EA0000001532
B1229525603113N00901797EA0000001524
B1229575603068N00901894EA0000001530
B1230055603006N00902050EA0000001520
B1230105602993N00902159EA0000001509
B1230155603002N00902269EA0000001496
B1230205603025N00902372EA0000001491
B1230255603049N00902469EA0000001489
B1230335603095N00902614EA0000001490
B1230385603130N00902704EA0000001494
B1230435603177N00902769EA0000001498
B1230485603238N00902722EA0000001500
B1230535603244N00902589EA0000001505
B1230585603180N00902507EA0000001506
B1231035603114N00902560EA0000001507
B1231085603112N00902675EA0000001508
B1231135603169N00902711EA0000001519
B1231185603215N00902616EA0000001521
B1231235603187N00902484EA0000001524
B1231285603110N00902438EA0000001525
B1231335603049N00902503EA0000001531
B1231385603052N00902607EA0000001533
B1231435603108N00902636EA0000001536
B1231485603159N00902550EA0000001542
B1231545603136N00902388EA0000001538
B1231595603060N00902341EA0000001540
B1232045603003N00902414EA0000001539
B1232095603008N00902524EA0000001538
B1232145603064N00902578EA0000001543
B1232195603126N00902539EA0000001551
B1232245603140N00902407EA0000001549
B1232305603067N00902295EA0000001546
B1232355602995N00902336EA0000001546
B1232405602986N00902454EA0000001548
B1232455603028N00902542EA0000001562
B1232505603089N00902547EA0000001556
B1232555603130N00902429EA0000001554
B1233005603111N00902280EA0000001549
B1233055603048N00902153EA0000001547
B1233135602930N00901981EA0000001551
B1233195602841N00901861EA0000001548
B1233265602739N00901722EA0000001553
B1233315602668N00901623EA0000001546
B1233395602554N00901468EA0000001533
B1233445602484N00901372EA0000001526
B1233505602400N00901249EA0000001520
B1233555602328N00901141EA0000001512
B1234005602254N00901033EA0000001514
B1234115602093N00900829EA0000001523
B1234165602016N00900755EA0000001524
B1234215601931N00900752EA0000001511
B1234265601871N00900847EA0000001497
B1234315601876N00900970EA0000001489
B1234365601931N00901038EA0000001485
B1234415601996N00901040EA0000001484
B1234465602060N00901006EA0000001483
B1234525602131N00900952EA0000001483
B1234585602198N00900889EA0000001475
B1235035602249N00900813EA0000001465
B1235095602301N00900694EA0000001462
B1235145602334N00900573EA0000001465
B1235215602366N00900394EA0000001478
B1235275602396N00900235EA0000001474
B1235335602419N00900068EA0000001481
B1235395602402N00859884EA0000001476
B1235465602398N00859659EA0000001469
B1235515602408N00859500EA0000001471
B1235575602427N00859315EA0000001473
B1236025602443N00859163EA0000001465
B1236085602465N00858972EA0000001453
B1236175602500N00858689EA0000001443
B1236225602521N00858539EA0000001439
B1236295602551N00858336EA0000001431
B1236345602573N00858201EA0000001434
B1236405602597N00858042EA0000001429
B1236475602628N00857860EA0000001440
B1236535602649N00857708EA0000001455
B1236585602704N00857640EA0000001459
B1237035602753N00857713EA0000001472
B1237085602732N00857821EA0000001491
B1237135602662N00857854EA0000001499
B1237185602602N00857763EA0000001504
B1237235602607N00857629EA0000001517
B1237285602666N00857562EA0000001525
B1237335602719N00857623EA0000001530
B1237385602700N00857738EA0000001547
B1237435602627N00857745EA0000001559
B1237485602571N00857624EA0000001562
B1237535602589N00857476EA0000001578
B1237585602654N00857460EA0000001589
B1238035602679N00857560EA0000001597
B1238085602627N00857644EA0000001609
B1238135602549N00857601EA0000001621
B1238185602510N00857463EA0000001628
B1238235602540N00857334EA0000001641
B1238285602606N00857310EA0000001645
B1238345602657N00857418EA0000001653
B1238395602633N00857526EA0000001671
B1238445602562N00857559EA0000001681
B1238495602492N00857480EA0000001681
B1238545602474N00857326EA0000001687
B1238595602517N00857206EA0000001697
B1239045602581N00857199EA0000001706
B1239095602612N00857295EA0000001707
B1239145602580N00857401EA0000001715
B1239195602503N00857424EA0000001723
B1239245602431N00857337EA0000001727
B1239295602409N00857186EA0000001734
B1239345602453N00857071EA0000001735
B1239395602521N00857074EA0000001744
B1239445602543N00857175EA0000001746
B1239495602497N00857274EA0000001748
B1239545602416N00857276EA0000001752
B1239595602351N00857171EA0000001759
B1240065602352N00856958EA0000001759
B1240115602360N00856797EA0000001757
B1240185602323N00856559EA0000001761
B1240245602274N00856359EA0000001740
B1240295602228N00856188EA0000001727
B1240365602162N00855953EA0000001726
B1240415602118N00855795EA0000001728
B1240465602077N00855644EA0000001729
B1240525602029N00855468EA0000001714
B1240585601981N00855286EA0000001708
B1241065601935N00855063EA0000001721
B1241115601913N00854923EA0000001718
B1241175601900N00854754EA0000001727
B1241225601906N00854619EA0000001741
B1241275601945N00854517EA0000001748
B1241325602010N00854525EA0000001746
B1241375602031N00854628EA0000001750
B1241425601999N00854736EA0000001744
B1241475601933N00854806EA0000001737
B1241525601850N00854805EA0000001725
B1241575601780N00854714EA0000001722
B1242025601736N00854580EA0000001724
B1242085601706N00854414EA0000001738
B1242155601674N00854212EA0000001728
B1242215601660N00854023EA0000001717
B1242265601684N00853874EA0000001713
B1242315601726N00853749EA0000001714
B1242385601791N00853595EA0000001706
B1242435601837N00853488EA0000001701
B1242505601906N00853339EA0000001687
B1242555601953N00853232EA0000001683
B1243025602018N00853092EA0000001672
B1243085602069N00852968EA0000001660
B1243135602110N00852858EA0000001644
B1243185602151N00852749EA0000001651
B1243245602198N00852625EA0000001661
B1243295602238N00852531EA0000001672
B1243355602290N00852425EA0000001685
B1243405602317N00852311EA0000001698
B1243455602283N00852185EA0000001705
B1243505602209N00852146EA0000001700
B1243555602152N00852230EA0000001697
B1244005602165N00852349EA0000001699
B1244055602223N00852396EA0000001711
B1244105602285N00852369EA0000001724
B1244155602335N00852291EA0000001734
B1244205602341N00852161EA0000001741
B1244255602279N00852076EA0000001752
B1244305602209N00852114EA0000001751
B1244355602192N00852229EA0000001747
B1244405602240N00852312EA0000001757
B1244455602305N00852289EA0000001766
B1244505602344N00852176EA0000001760
B1244555602331N00852032EA0000001756
B1245015602283N00851877EA0000001770
B1245065602255N00851741EA0000001764
B1245115602276N00851601EA0000001764
B1245165602328N00851509EA0000001765
B1245215602391N00851463EA0000001770
B1245265602451N00851480EA0000001758
B1245315602483N00851573EA0000001744
B1245375602455N00851700EA0000001728
B1245435602396N00851799EA0000001727
B1245485602339N00851862EA0000001724
B1245535602281N00851923EA0000001715
B1245585602213N00851984EA0000001707
B1246035602136N00852025EA0000001710
B1246105602032N00852071EA0000001722
B1246155601983N00852165EA0000001721
B1246205602008N00852274EA0000001715
B1246275602085N00852208EA0000001694
B1246345602036N00852014EA0000001704
B1246405601964N00851888EA0000001713
B1246465601889N00851767EA0000001722
B1246515601828N00851659EA0000001725
B1246565601770N00851544EA0000001733
B1247015601715N00851438EA0000001740
B1247065601648N00851349EA0000001730
B1247125601550N00851275EA0000001733
B1247185601449N00851217EA0000001732
B1247245601346N00851158EA0000001718
B1247295601260N00851104EA0000001710
B1247355601165N00851036EA0000001718
B1247425601064N00850944EA0000001728
B1247495600958N00850860EA0000001730
B1247545600880N00850806EA0000001728
B1248025600752N00850715EA0000001724
B1248075600676N00850651EA0000001736
B1248125600611N00850551EA0000001736
B1248175600589N00850404EA0000001733
B1248235600637N00850277EA0000001731
B1248295600712N00850245EA0000001719
B1248355600779N00850287EA0000001705
B1248405600822N00850360EA0000001705
B1248485600878N00850492EA0000001713
B1248535600910N00850580EA0000001706
B1248595600952N00850692EA0000001720
B1249045600996N00850764EA0000001718
B1249095601062N00850760EA0000001717
B1249145601122N00850680EA0000001707
B1249205601196N00850591EA0000001696
B1249275601295N00850546EA0000001687
B1249335601376N00850556EA0000001688
B1249415601474N00850603EA0000001688
B1249465601523N00850666EA0000001678
B1249535601546N00850817EA0000001669
B1249585601539N00850936EA0000001662
B1250035601528N00851055EA0000001663
B1250095601511N00851202EA0000001656
B1250155601499N00851351EA0000001654
B1250205601487N00851481EA0000001647
B1250255601473N00851615EA0000001649
B1250315601457N00851773EA0000001639
B1250385601439N00851958EA0000001637
B1250445601427N00852117EA0000001630
B1250525601409N00852324EA0000001625
B1250575601396N00852451EA0000001613
B1251035601381N00852603EA0000001598
B1251095601370N00852755EA0000001594
B1251145601363N00852880EA0000001592
B1251205601353N00853024EA0000001592
B1251265601346N00853161EA0000001607
B1251355601346N00853372EA0000001581
B1251415601351N00853523EA0000001575
B1251475601356N00853666EA0000001563
B1251545601363N00853830EA0000001563
B1251595601371N00853949EA0000001564
B1252045601380N00854065EA0000001558
B1252095601391N00854185EA0000001556
B1252145601405N00854308EA0000001561
B1252195601420N00854422EA0000001569
B1252245601436N00854532EA0000001578
B1252305601488N00854626EA0000001582
B1252385601588N00854507EA0000001583
B1252435601566N00854361EA0000001588
B1252485601487N00854304EA0000001585
B1252535601419N00854374EA0000001590
B1252585601418N00854493EA0000001594
B1253035601479N00854541EA0000001599
B1253095601545N00854429EA0000001607
B1253145601515N00854292EA0000001606
B1253195601434N00854261EA0000001602
B1253245601384N00854356EA0000001603
B1253295601391N00854471EA0000001608
B1253345601441N00854544EA0000001614
B1253395601512N00854519EA0000001623
B1253445601545N00854395EA0000001623
B1253495601502N00854271EA0000001620
B1253545601422N00854253EA0000001617
B1253595601366N00854345EA0000001624
B1254045601368N00854461EA0000001630
B1254095601425N00854518EA0000001636
B1254145601490N00854452EA0000001643
B1254195601496N00854302EA0000001647
B1254245601429N00854218EA0000001650
B1254305601350N00854296EA0000001656
B1254355601357N00854418EA0000001663
B1254405601419N00854461EA0000001673
B1254455601478N00854381EA0000001676
B1254505601474N00854235EA0000001679
B1254555601410N00854153EA0000001687
B1255005601343N00854198EA0000001685
B1255055601330N00854316EA0000001687
B1255105601379N00854404EA0000001697
B1255155601450N00854376EA0000001705
B1255205601483N00854242EA0000001701
B1255255601447N00854105EA0000001703
B1255305601370N00854066EA0000001706
B1255355601311N00854137EA0000001701
B1255415601293N00854288EA0000001699
B1255465601297N00854420EA0000001704
B1255515601304N00854549EA0000001712
B1255585601313N00854721EA0000001723
B1256035601362N00854792EA0000001725
B1256085601424N00854735EA0000001720
B1256135601431N00854591EA0000001724
B1256185601372N00854488EA0000001729
B1256235601290N00854497EA0000001729
B1256285601246N00854605EA0000001736
B1256335601274N00854714EA0000001731
B1256385601341N00854719EA0000001732
B1256435601381N00854602EA0000001728
B1256485601356N00854461EA0000001741
B1256535601288N00854382EA0000001748
B1256585601211N00854394EA0000001750
B1257035601169N00854499EA0000001754
B1257085601193N00854610EA0000001750
B1257135601261N00854622EA0000001751
B1257185601310N00854518EA0000001753
B1257235601301N00854371EA0000001758
B1257285601239N00854276EA0000001762
B1257335601160N00854276EA0000001766
B1257385601109N00854370EA0000001764
B1257435601116N00854497EA0000001759
B1257485601143N00854621EA0000001749
B1257535601174N00854743EA0000001740
B1258005601226N00854924EA0000001723
B1258055601266N00855053EA0000001732
B1258115601312N00855200EA0000001723
B1258165601347N00855318EA0000001720
B1258235601391N00855482EA0000001710
B1258285601424N00855598EA0000001707
B1258335601459N00855712EA0000001731
B1258385601505N00855797EA0000001738
B1258445601582N00855730EA0000001749
B1258495601575N00855574EA0000001754
B1258545601499N00855492EA0000001763
B1258595601434N00855555EA0000001777
B1259045601436N00855671EA0000001787
B1259095601498N00855711EA0000001787
B1259145601552N00855611EA0000001794
B1259195601535N00855457EA0000001799
B1259255601443N00855400EA0000001801
B1259305601395N00855494EA0000001809
B1259355601421N00855599EA0000001815
B1259405601491N00855594EA0000001811
B1259455601530N00855466EA0000001817
B1259505601501N00855321EA0000001822
B1259565601409N00855270EA0000001816
B1300015601354N00855354EA0000001824
B1300065601361N00855468EA0000001837
B1300115601420N00855509EA0000001832
B1300165601480N00855416EA0000001830
B1300215601470N00855263EA0000001840
B1300265601408N00855176EA0000001842
B1300315601331N00855198EA0000001836
B1300365601274N00855286EA0000001856
B1300415601270N00855403EA0000001869
B1300475601340N00855449EA0000001865
B1300525601388N00855346EA0000001866
B1300575601371N00855205EA0000001864
B1301025601302N00855119EA0000001867
B1301085601207N00855112EA0000001886
B1301135601157N00855188EA0000001875
B1301185601172N00855304EA0000001860
B1301235601229N00855383EA0000001868
B1301285601292N00855433EA0000001863
B1301335601356N00855479EA0000001870
B1301405601449N00855539EA0000001861
B1301455601518N00855586EA0000001852
B1301515601596N00855640EA0000001860
B1301575601665N00855696EA0000001853
B1302025601729N00855752EA0000001839
B1302075601801N00855809EA0000001838
B1302135601882N00855868EA0000001851
B1302195601960N00855919EA0000001834
B1302245602029N00855961EA0000001823
B1302305602109N00856019EA0000001827
B1302355602169N00856062EA0000001828
B1302405602227N00856096EA0000001845
B1302465602294N00856134EA0000001841
B1302515602358N00856158EA0000001818
B1302565602429N00856185EA0000001807
B1303015602499N00856209EA0000001799
B1303065602565N00856230EA0000001801
B1303125602643N00856253EA0000001793
B1303185602719N00856279EA0000001789
B1303285602847N00856317EA0000001780
B1303335602908N00856337EA0000001779
B1303445603043N00856395EA0000001769
B1303505603119N00856422EA0000001761
B1303555603183N00856451EA0000001755
B1304005603246N00856486EA0000001747
B1304055603309N00856519EA0000001739
B1304105603372N00856547EA0000001731
B1304175603463N00856582EA0000001717
B1304225603525N00856597EA0000001710
B1304275603586N00856614EA0000001701
B1304335603662N00856631EA0000001697
B1304405603743N00856651EA0000001697
B1304465603809N00856701EA0000001680
B1304515603859N00856772EA0000001683
B1304575603909N00856870EA0000001677
B1305025603952N00856956EA0000001669
B1305115604013N00857146EA0000001653
B1305165604040N00857260EA0000001643
B1305215604065N00857374EA0000001631
B1305265604089N00857491EA0000001613
B1305325604119N00857639EA0000001605
B1305385604148N00857780EA0000001606
B1305445604184N00857911EA0000001600
B1305505604228N00858034EA0000001602
B1305555604266N00858127EA0000001616
B1306015604310N00858226EA0000001624
B1306065604360N00858273EA0000001631
B1306115604413N00858212EA0000001629
B1306165604415N00858071EA0000001628
B1306215604346N00857963EA0000001626
B1306265604258N00857975EA0000001627
B1306315604206N00858075EA0000001632
B1306375604199N00858223EA0000001637
B1306445604242N00858364EA0000001644
B1306515604310N00858461EA0000001655
B1306585604386N00858527EA0000001661
B1307055604474N00858499EA0000001659
B1307105604531N00858441EA0000001675
B1307155604579N00858353EA0000001670
B1307205604573N00858203EA0000001671
B1307255604501N00858110EA0000001672
B1307305604421N00858145EA0000001672
B1307355604383N00858255EA0000001671
B1307425604414N00858405EA0000001676
B1307485604483N00858463EA0000001689
B1307545604549N00858398EA0000001709
B1307595604553N00858254EA0000001723
B1308045604488N00858146EA0000001734
B1308095604407N00858163EA0000001732
B1308145604374N00858272EA0000001723
B1308195604411N00858361EA0000001725
B1308265604495N00858360EA0000001747
B1308315604532N00858253EA0000001752
B1308365604503N00858105EA0000001762
B1308425604404N00858058EA0000001777
B1308475604352N00858146EA0000001774
B1308525604366N00858254EA0000001775
B1308575604427N00858269EA0000001786
B1309025604466N00858156EA0000001795
B1309075604425N00858010EA0000001804
B1309125604340N00857984EA0000001818
B1309175604288N00858071EA0000001811
B1309225604303N00858181EA0000001811
B1309275604363N00858224EA0000001823
B1309325604417N00858164EA0000001828
B1309375604421N00858018EA0000001825
B1309445604369N00857799EA0000001846
B1309495604331N00857649EA0000001852
B1309555604352N00857480EA0000001857
B1310025604436N00857445EA0000001849
B1310075604478N00857530EA0000001838
B1310125604477N00857648EA0000001826
B1310175604455N00857776EA0000001815
B1310225604419N00857905EA0000001810
B1310295604370N00858076EA0000001819
B1310345604340N00858205EA0000001802
B1310395604307N00858336EA0000001793
B1310455604264N00858491EA0000001784
B1310505604225N00858618EA0000001777
B1310565604178N00858766EA0000001770
B1311025604134N00858921EA0000001761
B1311105604074N00859126EA0000001760
B1311195604012N00859361EA0000001745
B1311245603979N00859492EA0000001749
B1311295603950N00859617EA0000001742
B1311355603921N00859764EA0000001729
B1311405603904N00859895EA0000001719
B1311465603901N00900044EA0000001723
B1311555603921N00900251EA0000001723
B1312005603939N00900357EA0000001722
B1312085603975N00900530EA0000001711
B1312145604003N00900662EA0000001702
B1312195604026N00900777EA0000001697
B1312255604055N00900915EA0000001700
B1312305604078N00901026EA0000001699
B1312375604114N00901183EA0000001695
B1312425604140N00901291EA0000001700
B1312485604164N00901422EA0000001695
B1312545604162N00901571EA0000001687
B1312595604134N00901692EA0000001691
B1313055604093N00901822EA0000001696
B1313105604066N00901932EA0000001700
B1313155604037N00902043EA0000001704
B1313205604008N00902156EA0000001702
B1313255603981N00902276EA0000001714
B1313315604004N00902417EA0000001719
B1313365604070N00902437EA0000001732
B1313415604110N00902331EA0000001743
B1313465604077N00902188EA0000001745
B1313515603996N00902140EA0000001758
B1313565603939N00902222EA0000001773
B1314015603945N00902347EA0000001780
B1314065604003N00902404EA0000001789
B1314115604061N00902340EA0000001795
B1314165604057N00902196EA0000001798
B1314215603978N00902108EA0000001808
B1314265603907N00902173EA0000001828
B1314315603901N00902299EA0000001838
B1314375603973N00902350EA0000001843
B1314425604023N00902253EA0000001834
B1314475604004N00902093EA0000001839
B1314525603925N00902020EA0000001858
B1314575603850N00902072EA0000001870
B1315025603826N00902198EA0000001877
B1315075603873N00902283EA0000001885
B1315125603934N00902224EA0000001887
B1315175603931N00902079EA0000001897
B1315225603854N00901998EA0000001902
B1315275603779N00902073EA0000001911
B1315325603770N00902209EA0000001918
B1315375603810N00902321EA0000001923
B1315435603872N00902438EA0000001918
B1315485603924N00902533EA0000001913
B1315545603986N00902644EA0000001906
B1315595604040N00902728EA0000001903
B1316045604089N00902812EA0000001901
B1316115604154N00902933EA0000001900
B1316175604206N00903041EA0000001894
B1316225604245N00903134EA0000001891
B1316275604283N00903226EA0000001890
B1316345604338N00903343EA0000001876
B1316395604381N00903430EA0000001873
B1316445604423N00903519EA0000001870
B1316495604465N00903609EA0000001869
B1316545604510N00903696EA0000001867
B1316595604549N00903791EA0000001862
B1317045604582N00903891EA0000001854
B1317095604607N00904001EA0000001846
B1317175604632N00904187EA0000001855
B1317225604637N00904301EA0000001858
B1317285604638N00904442EA0000001846
B1317335604625N00904567EA0000001841
B1317385604592N00904688EA0000001838
B1317435604547N00904808EA0000001841
B1317485604497N00904921EA0000001848
B1317565604410N00905088EA0000001867
B1318015604380N00905208EA0000001868
B1318065604416N00905312EA0000001874
B1318115604484N00905315EA0000001873
B1318165604531N00905212EA0000001868
B1318215604527N00905069EA0000001864
B1318265604474N00904952EA0000001853
B1318315604392N00904881EA0000001857
B1318385604274N00904815EA0000001860
B1318435604189N00904770EA0000001851
B1318495604098N00904678EA0000001844
B1318545604046N00904551EA0000001838
B1318595604010N00904405EA0000001835
B1319065603969N00904196EA0000001840
B1319115603941N00904043EA0000001839
B1319175603905N00903858EA0000001829
B1319225603872N00903698EA0000001826
B1319275603838N00903543EA0000001820
B1319355603789N00903286EA0000001811
B1319445603731N00903003EA0000001807
B1319495603702N00902851EA0000001803
B1319565603662N00902642EA0000001797
B1320015603638N00902497EA0000001793
B1320085603609N00902298EA0000001786
B1320145603591N00902130EA0000001780
B1320195603577N00901989EA0000001763
B1320245603557N00901834EA0000001737
B1320295603516N00901680EA0000001749
B1320355603428N00901588EA0000001770
B1320405603360N00901658EA0000001781
B1320455603358N00901787EA0000001783
B1320505603417N00901848EA0000001786
B1320555603473N00901785EA0000001787
B1321015603490N00901628EA0000001792
B1321065603460N00901506EA0000001808
B1321115603386N00901474EA0000001812
B1321165603325N00901563EA0000001818
B1321215603337N00901688EA0000001815
B1321265603402N00901721EA0000001818
B1321315603459N00901643EA0000001822
B1321365603475N00901511EA0000001829
B1321415603428N00901401EA0000001850
B1321465603351N00901401EA0000001857
B1321525603304N00901545EA0000001859
B1321575603344N00901654EA0000001864
B1322025603416N00901633EA0000001862
B1322075603457N00901514EA0000001865
B1322125603449N00901364EA0000001882
B1322225603368N00901096EA0000001906
B1322285603307N00900950EA0000001905
B1322365603218N00900749EA0000001903
B1322455603121N00900509EA0000001891
B1322505603064N00900374EA0000001883
B1322565602994N00900206EA0000001875
B1323065602882N00859909EA0000001861
B1323125602816N00859734EA0000001860
B1323195602743N00859532EA0000001853
B1323265602669N00859341EA0000001845
B1323325602606N00859181EA0000001840
B1323385602546N00859030EA0000001837
B1323435602496N00858911EA0000001837
B1323505602430N00858756EA0000001849
B1323565602372N00858635EA0000001848
B1324045602272N00858490EA0000001836
B1324145602114N00858371EA0000001832
B1324215602002N00858309EA0000001825
B1324305601853N00858242EA0000001816
B1324395601707N00858169EA0000001801
B1324465601596N00858111EA0000001814
B1324525601508N00858068EA0000001826
B1324575601427N00858099EA0000001826
B1325025601383N00858213EA0000001834
B1325085601419N00858342EA0000001823
B1325145601504N00858328EA0000001829
B1325195601539N00858219EA0000001834
B1325245601519N00858087EA0000001835
B1325305601446N00857968EA0000001842
B1325355601363N00857933EA0000001844
B1325405601283N00857973EA0000001850
B1325455601240N00858086EA0000001848
B1325505601259N00858203EA0000001846
B1325555601316N00858256EA0000001842
B1326035601419N00858327EA0000001834
B1326085601483N00858382EA0000001833
B1326145601547N00858485EA0000001832
B1326195601591N00858591EA0000001827
B1326275601659N00858771EA0000001814
B1326345601708N00858940EA0000001817
B1326395601739N00859060EA0000001812
B1326455601775N00859206EA0000001804
B1326545601824N00859420EA0000001788
B1327015601858N00859581EA0000001780
B1327105601906N00859781EA0000001765
B1327155601941N00859882EA0000001752
B1327215601977N00900010EA0000001746
B1327265602006N00900115EA0000001755
B1327315602033N00900214EA0000001758
B1327365602058N00900312EA0000001755
B1327425602093N00900432EA0000001767
B1327475602123N00900526EA0000001781
B1327565602184N00900687EA0000001790
B1328015602219N00900777EA0000001801
B1328075602257N00900887EA0000001819
B1328145602293N00901025EA0000001829
B1328195602315N00901131EA0000001832
B1328265602340N00901294EA0000001832
B1328345602369N00901492EA0000001815
B1328405602389N00901650EA0000001801
B1328465602408N00901811EA0000001790
B1328515602421N00901941EA0000001783
B1328575602433N00902092EA0000001782
B1329025602439N00902208EA0000001779
B1329085602443N00902337EA0000001774
B1329145602447N00902463EA0000001770
B1329205602456N00902592EA0000001753
B1329275602472N00902754EA0000001749
B1329355602491N00902936EA0000001750
B1329405602504N00903049EA0000001752
B1329455602517N00903160EA0000001756
B1329505602530N00903273EA0000001762
B1329555602540N00903384EA0000001766
B1330005602552N00903494EA0000001776
B1330055602569N00903597EA0000001789
B1330105602616N00903655EA0000001803
B1330155602671N00903609EA0000001813
B1330205602684N00903481EA0000001816
B1330255602640N00903364EA0000001810
B1330305602565N00903293EA0000001805
B1330355602485N00903247EA0000001811
B1330425602374N00903200EA0000001814
B1330485602279N00903170EA0000001815
B1330545602185N00903155EA0000001818
B1330595602115N00903200EA0000001814
B1331045602087N00903307EA0000001815
B1331095602114N00903391EA0000001827
B1331145602168N00903375EA0000001831
B1331205602188N00903229EA0000001838
B1331255602132N00903125EA0000001843
B1331305602047N00903125EA0000001840
B1331355602003N00903225EA0000001842
B1331425602039N00903351EA0000001849
B1331495602107N00903434EA0000001849
B1331555602175N00903487EA0000001855
B1332015602243N00903531EA0000001852
B1332065602308N00903555EA0000001853
B1332115602370N00903563EA0000001869
B1332165602425N00903561EA0000001885
B1332215602476N00903503EA0000001883
B1332265602475N00903362EA0000001893
B1332315602406N00903281EA0000001902
B1332365602331N00903322EA0000001909
B1332415602312N00903431EA0000001917
B1332465602352N00903503EA0000001923
B1332515602410N00903467EA0000001936
B1332565602424N00903342EA0000001938
B1333015602371N00903233EA0000001944
B1333065602293N00903243EA0000001946
B1333125602263N00903372EA0000001950
B1333185602320N00903448EA0000001957
B1333245602395N00903476EA0000001962
B1333305602472N00903500EA0000001961
B1333355602540N00903511EA0000001958
B1333405602613N00903518EA0000001941
B1333455602695N00903517EA0000001928
B1333505602778N00903521EA0000001927
B1334005602930N00903552EA0000001933
B1334075603031N00903575EA0000001924
B1334125603100N00903579EA0000001920
B1334205603213N00903580EA0000001925
B1334255603284N00903572EA0000001927
B1334305603352N00903562EA0000001932
B1334355603416N00903551EA0000001936
B1334405603479N00903548EA0000001934
B1334465603558N00903552EA0000001928
B1334515603623N00903561EA0000001922
B1334585603714N00903588EA0000001909
B1335035603780N00903620EA0000001904
B1335105603869N00903664EA0000001902
B1335185603973N00903684EA0000001886
B1335235604037N00903686EA0000001894
B1335285604099N00903683EA0000001901
B1335385604209N00903658EA0000001916
B1335435604264N00903646EA0000001918
B1335505604343N00903620EA0000001932
B1335575604422N00903592EA0000001941
B1336025604480N00903567EA0000001944
B1336075604529N00903502EA0000001948
B1336125604559N00903390EA0000001944
B1336185604570N00903215EA0000001945
B1336235604575N00903067EA0000001952
B1336285604577N00902922EA0000001957
B1336345604573N00902746EA0000001955
B1336395604572N00902590EA0000001946
B1336455604581N00902398EA0000001938
B1336525604594N00902174EA0000001924
B1336585604614N00901987EA0000001920
B1337035604639N00901839EA0000001918
B1337085604669N00901700EA0000001919
B1337135604700N00901568EA0000001917
B1337225604760N00901340EA0000001907
B1337285604798N00901190EA0000001898
B1337365604844N00900989EA0000001900
B1337425604876N00900828EA0000001899
B1337485604905N00900668EA0000001892
B1337535604925N00900530EA0000001898
B1337585604940N00900396EA0000001912
B1338035604952N00900269EA0000001916
B1338095604963N00900109EA0000001910
B1338145604972N00859970EA0000001904
B1338215604971N00859757EA0000001889
B1338275604943N00859572EA0000001875
B1338345604889N00859365EA0000001864
B1338405604836N00859195EA0000001856
B1338455604788N00859060EA0000001845
B1338505604734N00858934EA0000001839
B1338565604666N00858792EA0000001831
B1339035604591N00858633EA0000001826
B1339095604531N00858497EA0000001815
B1339165604461N00858333EA0000001813
B1339245604380N00858141EA0000001805
B1339295604326N00858026EA0000001804
B1339345604271N00857917EA0000001803
B1339415604195N00857760EA0000001793
B1339465604143N00857651EA0000001785
B1339525604075N00857521EA0000001770
B1339585604004N00857384EA0000001768
B1340035603950N00857270EA0000001761
B1340085603896N00857148EA0000001750
B1340145603835N00856997EA0000001744
B1340195603786N00856868EA0000001738
B1340245603739N00856733EA0000001734
B1340305603686N00856561EA0000001740
B1340365603639N00856398EA0000001752
B1340415603569N00856333EA0000001749
B1340465603504N00856397EA0000001749
B1340525603492N00856533EA0000001744
B1340575603527N00856638EA0000001737
B1341025603586N00856702EA0000001740
B1341075603656N00856712EA0000001750
B1341145603740N00856602EA0000001745
B1341195603750N00856446EA0000001741
B1341265603713N00856228EA0000001737
B1341315603679N00856075EA0000001737
B1341405603615N00855822EA0000001738
B1341465603566N00855670EA0000001733
B1341515603526N00855546EA0000001722
B1341565603486N00855423EA0000001721
B1342015603445N00855308EA0000001720
B1342095603420N00855094EA0000001721
B1342155603425N00854936EA0000001722
B1342225603436N00854746EA0000001732
B1342285603443N00854586EA0000001749
B1342335603486N00854491EA0000001760
B1342385603550N00854514EA0000001773
B1342435603563N00854629EA0000001785
B1342485603505N00854713EA0000001797
B1342535603425N00854675EA0000001805
B1342585603392N00854537EA0000001820
B1343035603431N00854426EA0000001833
B1343085603496N00854431EA0000001843
B1343155603514N00854589EA0000001857
B1343225603408N00854626EA0000001871
B1343275603355N00854503EA0000001881
B1343325603373N00854364EA0000001895
B1343385603450N00854321EA0000001904
B1343435603498N00854404EA0000001915
B1343485603484N00854522EA0000001923
B1343555603382N00854567EA0000001939
B1344005603316N00854473EA0000001943
B1344055603299N00854324EA0000001951
B1344105603344N00854216EA0000001959
B1344155603412N00854203EA0000001965
B1344205603463N00854282EA0000001969
B1344265603454N00854430EA0000001976
B1344315603386N00854494EA0000001985
B1344365603308N00854439EA0000001992
B1344425603240N00854290EA0000001997
B1344475603192N00854147EA0000001994
B1344525603160N00853992EA0000002001
B1344595603163N00853773EA0000001983
B1345065603220N00853589EA0000001982
B1345145603295N00853409EA0000001977
B1345195603338N00853301EA0000001980
B1345245603379N00853192EA0000001970
B1345315603435N00853034EA0000001979
B1345375603475N00852903EA0000001990
B1345425603506N00852785EA0000001975
B1345485603542N00852621EA0000001978
B1345545603576N00852463EA0000001998
B1346025603631N00852263EA0000001989
B1346095603687N00852084EA0000001993
B1346165603745N00851908EA0000001994
B1346225603795N00851753EA0000001989
B1346295603858N00851574EA0000001985
B1346345603906N00851451EA0000001974
B1346395603953N00851335EA0000001971
B1346475604027N00851172EA0000001977
B1346545604091N00851054EA0000001989
B1346595604140N00850981EA0000001997
B1347065604212N00850879EA0000001997
B1347115604264N00850803EA0000001996
B1347165604319N00850725EA0000001991
B1347285604448N00850526EA0000001991
B1347345604512N00850426EA0000001986
B1347405604579N00850314EA0000001972
B1347465604641N00850190EA0000001966
B1347525604660N00850015EA0000001955
B1347575604622N00849869EA0000001955
B1348025604558N00849758EA0000001954
B1348105604445N00849592EA0000001934
B1348185604339N00849414EA0000001927
B1348235604276N00849299EA0000001926
B1348305604193N00849143EA0000001933
B1348355604137N00849027EA0000001928
B1348455604019N00848772EA0000001913
B1348505603960N00848639EA0000001907
B1348565603894N00848478EA0000001903
B1349025603831N00848318EA0000001898
B1349115603749N00848069EA0000001887
B1349175603695N00847906EA0000001885
B1349235603647N00847752EA0000001897
B1349285603607N00847626EA0000001894
B1349335603543N00847520EA0000001882
B1349395603438N00847488EA0000001878
B1349445603352N00847506EA0000001873
B1349495603267N00847538EA0000001870
B1349545603188N00847574EA0000001873
B1350005603102N00847645EA0000001868
B1350065603017N00847729EA0000001869
B1350125602921N00847784EA0000001876
B1350185602821N00847823EA0000001865
B1350275602662N00847869EA0000001853
B1350335602555N00847891EA0000001846
B1350395602447N00847900EA0000001836
B1350475602301N00847909EA0000001830
B1350525602212N00847911EA0000001829
B1350585602107N00847908EA0000001819
B1351075601951N00847897EA0000001804
B1351125601864N00847890EA0000001801
B1351175601780N00847885EA0000001796
B1351235601682N00847891EA0000001786
B1351285601601N00847919EA0000001778
B1351355601493N00847988EA0000001776
B1351415601407N00848063EA0000001775
B1351475601324N00848143EA0000001771
B1351535601238N00848218EA0000001762
B1352005601136N00848301EA0000001754
B1352075601035N00848369EA0000001773
B1352125600967N00848408EA0000001775
B1352175600899N00848457EA0000001783
B1352225600864N00848554EA0000001789
B1352275600893N00848651EA0000001783
B1352325600957N00848636EA0000001775
B1352395600948N00848441EA0000001771
B1352465600839N00848366EA0000001789
B1352525600745N00848399EA0000001792
B1352575600677N00848455EA0000001796
B1353035600599N00848541EA0000001791
B1353125600470N00848653EA0000001810
B1353195600370N00848726EA0000001816
B1353265600292N00848859EA0000001815
B1353315600223N00848926EA0000001813
B1353365600141N00848913EA0000001807
B1353415600089N00848798EA0000001803
B1353465600107N00848670EA0000001795
B1353535600190N00848613EA0000001791
B1354015600288N00848603EA0000001791
B1354095600381N00848590EA0000001799
B1354145600423N00848500EA0000001799
B1354195600406N00848359EA0000001802
B1354245600331N00848283EA0000001802
B1354295600257N00848329EA0000001796
B1354345600225N00848443EA0000001793
B1354395600218N00848565EA0000001793
B1354475600241N00848747EA0000001801
B1354545600274N00848883EA0000001812
B1354595600304N00848971EA0000001809
B1355045600342N00849063EA0000001806
B1355095600382N00849164EA0000001804
B1355145600417N00849279EA0000001788
B1355195600443N00849409EA0000001775
B1355245600454N00849547EA0000001772
B1355295600456N00849677EA0000001765
B1355355600446N00849826EA0000001757
B1355415600423N00849972EA0000001752
B1355475600393N00850119EA0000001741
B1355535600362N00850270EA0000001736
B1355595600331N00850422EA0000001728
B1356055600298N00850572EA0000001725
B1356135600253N00850771EA0000001722
B1356195600220N00850922EA0000001724
B1356245600191N00851045EA0000001732
B1356315600149N00851216EA0000001721
B1356375600111N00851367EA0000001713
B1356445600060N00851546EA0000001690
B1356495600023N00851679EA0000001682
B1356545559989N00851812EA0000001679
B1356595559953N00851945EA0000001677
B1357055559912N00852100EA0000001676
B1357105559880N00852228EA0000001670
B1357165559845N00852383EA0000001661
B1357235559809N00852559EA0000001658
B1357305559765N00852734EA0000001651
B1357355559734N00852857EA0000001652
B1357405559703N00852974EA0000001640
B1357485559656N00853169EA0000001624
B1357545559619N00853314EA0000001611
B1358015559574N00853479EA0000001592
B1358075559534N00853616EA0000001592
B1358125559500N00853719EA0000001595
B1358185559456N00853834EA0000001591
B1358235559415N00853931EA0000001584
B1358295559369N00854058EA0000001573
B1358345559326N00854158EA0000001575
B1358395559268N00854233EA0000001573
B1358445559213N00854319EA0000001577
B1358505559160N00854430EA0000001595
B1358555559129N00854537EA0000001604
B1359005559157N00854639EA0000001610
B1359055559225N00854632EA0000001617
B1359125559250N00854453EA0000001629
B1359175559187N00854372EA0000001634
B1359225559123N00854422EA0000001641
B1359275559123N00854540EA0000001644
B1359325559187N00854589EA0000001648
B1359395559238N00854433EA0000001667
B1359445559189N00854330EA0000001675
B1359495559122N00854355EA0000001678
B1359545559109N00854467EA0000001683
B1359595559163N00854533EA0000001684
B1400045559227N00854454EA0000001690
B1400095559223N00854319EA0000001701
B1400145559161N00854252EA0000001701
B1400195559096N00854303EA0000001703
B1400245559083N00854420EA0000001711
B1400295559128N00854498EA0000001715
B1400345559192N00854457EA0000001726
B1400395559208N00854332EA0000001739
B1400445559159N00854231EA0000001745
B1400495559090N00854248EA0000001742
B1400545559059N00854357EA0000001746
B1400595559097N00854451EA0000001747
B1401045559167N00854430EA0000001752
B1401105559198N00854278EA0000001767
B1401155559153N00854173EA0000001771
B1401205559085N00854185EA0000001770
B1401255559057N00854288EA0000001770
B1401305559090N00854387EA0000001769
B1401355559158N00854396EA0000001765
B1401405559215N00854307EA0000001773
B1401465559197N00854151EA0000001779
B1401515559127N00854113EA0000001781
B1401565559079N00854192EA0000001773
B1402015559094N00854313EA0000001775
B1402065559157N00854365EA0000001774
B1402115559228N00854309EA0000001775
B1402165559294N00854214EA0000001777
B1402225559383N00854154EA0000001774
B1402315559518N00854161EA0000001760
B1402375559601N00854200EA0000001755
B1402435559678N00854252EA0000001746
B1402495559749N00854315EA0000001738
B1402545559804N00854371EA0000001732
B1403015559879N00854462EA0000001723
B1403065559933N00854531EA0000001716
B1403115559990N00854604EA0000001711
B1403175600051N00854697EA0000001720
B1403225600098N00854768EA0000001732
B1403275600147N00854826EA0000001736
B1403325600208N00854797EA0000001735
B1403385600217N00854633EA0000001732
B1403435600147N00854523EA0000001719
B1403485600057N00854545EA0000001716
B1403535600018N00854667EA0000001718
B1403585600040N00854788EA0000001724
B1404055600101N00854915EA0000001737
B1404105600145N00854996EA0000001742
B1404195600222N00855142EA0000001744
B1404255600268N00855242EA0000001750
B1404325600319N00855363EA0000001749
B1404375600356N00855452EA0000001757
B1404425600398N00855522EA0000001761
B1404475600454N00855487EA0000001762
B1404525600461N00855347EA0000001766
B1404575600391N00855247EA0000001776
B1405025600309N00855282EA0000001780
B1405085600283N00855432EA0000001778
B1405135600330N00855505EA0000001782
B1405185600389N00855472EA0000001790
B1405235600405N00855346EA0000001802
B1405305600313N00855229EA0000001812
B1405355600242N00855298EA0000001812
B1405415600239N00855449EA0000001813
B1405465600291N00855494EA0000001823
B1405515600339N00855420EA0000001821
B1405565600335N00855272EA0000001831
B1406015600267N00855173EA0000001844
B1406065600186N00855194EA0000001850
B1406115600145N00855304EA0000001849
B1406165600162N00855409EA0000001854
B1406215600216N00855424EA0000001856
B1406265600253N00855325EA0000001862
B1406315600224N00855190EA0000001875
B1406365600144N00855133EA0000001886
B1406415600071N00855190EA0000001886
B1406465600042N00855312EA0000001884
B1406515600069N00855421EA0000001885
B1406565600126N00855435EA0000001893
B1407015600170N00855343EA0000001885
B1407065600156N00855196EA0000001897
B1407115600083N00855103EA0000001905
B1407165559999N00855123EA0000001911
B1407215559951N00855228EA0000001908
B1407265559959N00855345EA0000001910
B1407315600008N00855389EA0000001912
B1407365600056N00855324EA0000001909
B1407415600054N00855191EA0000001912
B1407465559988N00855094EA0000001915
B1407515559902N00855104EA0000001919
B1407565559845N00855204EA0000001916
B1408015559839N00855329EA0000001916
B1408105559894N00855513EA0000001914
B1408175559945N00855651EA0000001903
B1408225559983N00855752EA0000001891
B1408275600024N00855854EA0000001878
B1408325600068N00855952EA0000001864
B1408395600130N00856096EA0000001849
B1408455600183N00856224EA0000001835
B1408515600240N00856349EA0000001823
B1408585600306N00856494EA0000001811
B1409075600388N00856679EA0000001808
B1409125600432N00856776EA0000001802
B1409175600474N00856881EA0000001795
B1409235600524N00857007EA0000001787
B1409305600580N00857156EA0000001778
B1409355600616N00857264EA0000001770
B1409455600689N00857469EA0000001751
B1409505600725N00857565EA0000001750
B1409595600795N00857725EA0000001733
B1410055600839N00857833EA0000001733
B1410105600872N00857926EA0000001727
B1410155600910N00858017EA0000001720
B1410215600955N00858122EA0000001722
B1410265600991N00858204EA0000001724
B1410325601033N00858300EA0000001733
B1410385601079N00858391EA0000001733
B1410435601137N00858399EA0000001732
B1410485601184N00858309EA0000001730
B1410535601200N00858168EA0000001722
B1410585601236N00858039EA0000001718
B1411055601315N00857903EA0000001710
B1411115601399N00857854EA0000001702
B1411165601472N00857835EA0000001694
B1411215601543N00857815EA0000001693
B1411275601624N00857785EA0000001685
B1411325601690N00857758EA0000001682
B1411405601793N00857759EA0000001670
B1411455601857N00857780EA0000001663
B1411505601919N00857805EA0000001660
B1411575602008N00857840EA0000001652
B1412025602071N00857865EA0000001648
B1412135602206N00857921EA0000001636
B1412205602290N00857960EA0000001628
B1412275602372N00858002EA0000001619
B1412325602430N00858038EA0000001612
B1412425602548N00858107EA0000001601
B1412475602610N00858133EA0000001600
B1412545602694N00858175EA0000001591
B1413015602777N00858215EA0000001580
B1413095602872N00858267EA0000001574
B1413145602929N00858296EA0000001575
B1413195602985N00858321EA0000001578
B1413245603040N00858337EA0000001584
B1413325603127N00858348EA0000001593
B1413375603173N00858410EA0000001598
B1413425603161N00858535EA0000001611
B1413495603052N00858587EA0000001626
B1413545603000N00858472EA0000001634
B1414005603030N00858336EA0000001632
B1414055603089N00858344EA0000001644
B1414105603106N00858455EA0000001656
B1414165603032N00858553EA0000001670
B1414215602956N00858489EA0000001678
B1414265602939N00858352EA0000001685
B1414315602981N00858260EA0000001686
B1414365603039N00858286EA0000001696
B1414415603051N00858405EA0000001706
B1414465602995N00858511EA0000001717
B1414515602906N00858515EA0000001727
B1414565602845N00858410EA0000001738
B1415015602839N00858271EA0000001740
B1415065602883N00858175EA0000001738
B1415115602945N00858174EA0000001748
B1415165602979N00858262EA0000001759
B1415225602950N00858407EA0000001770
B1415275602872N00858469EA0000001782
B1415325602789N00858423EA0000001793
B1415375602744N00858297EA0000001797
B1415425602754N00858163EA0000001803
B1415475602806N00858092EA0000001804
B1415525602864N00858120EA0000001812
B1415575602887N00858223EA0000001821
B1416025602863N00858346EA0000001822
B1416075602795N00858428EA0000001832
B1416125602711N00858411EA0000001842
B1416175602655N00858305EA0000001846
B1416225602653N00858168EA0000001846
B1416275602697N00858090EA0000001856
B1416325602752N00858103EA0000001856
B1416375602787N00858198EA0000001858
B1416425602799N00858321EA0000001861
B1416485602818N00858460EA0000001862
B1416535602837N00858580EA0000001856
B1416585602854N00858707EA0000001850
B1417045602874N00858858EA0000001842
B1417095602896N00858978EA0000001827
B1417145602922N00859102EA0000001816
B1417245602981N00859339EA0000001813
B1417305603018N00859475EA0000001820
B1417375603061N00859617EA0000001833
B1417425603091N00859717EA0000001826
B1417485603136N00859847EA0000001821
B1417535603176N00859950EA0000001811
B1417585603215N00900049EA0000001808
B1418035603254N00900151EA0000001802
B1418085603288N00900255EA0000001798
B1418135603321N00900358EA0000001793
B1418185603355N00900466EA0000001786
B1418235603388N00900575EA0000001781
B1418285603420N00900680EA0000001778
B1418345603457N00900802EA0000001789
B1418395603487N00900893EA0000001797
B1418445603523N00900976EA0000001804
B1418505603593N00900983EA0000001800
B1418555603646N00900898EA0000001809
B1419005603654N00900756EA0000001815
B1419055603608N00900619EA0000001802
B1419105603520N00900558EA0000001805
B1419155603439N00900595EA0000001803
B1419205603393N00900702EA0000001797
B1419255603401N00900821EA0000001803
B1419305603437N00900903EA0000001808
B1419355603484N00900971EA0000001811
B1419425603551N00901056EA0000001829
B1419485603609N00901112EA0000001841
B1419535603667N00901095EA0000001838
B1419595603695N00900953EA0000001833
B1420045603652N00900825EA0000001825
B1420095603571N00900747EA0000001824
B1420145603485N00900717EA0000001840
B1420195603408N00900746EA0000001851
B1420245603362N00900846EA0000001855
B1420295603374N00900959EA0000001859
B1420345603431N00900990EA0000001868
B1420395603480N00900903EA0000001880
B1420445603472N00900764EA0000001898
B1420495603408N00900666EA0000001898
B1420545603323N00900655EA0000001909
B1420595603262N00900732EA0000001919
B1421045603252N00900850EA0000001916
B1421095603292N00900933EA0000001924
B1421145603352N00900911EA0000001933
B1421195603380N00900792EA0000001943
B1421245603346N00900656EA0000001952
B1421295603268N00900589EA0000001957
B1421345603192N00900625EA0000001969
B1421405603158N00900757EA0000001969
B1421465603194N00900873EA0000001970
B1421535603268N00900959EA0000001978
B1421585603327N00901007EA0000001980
B1422035603388N00901051EA0000001976
B1422125603500N00901123EA0000001965
B1422185603579N00901166EA0000001968
B1422235603641N00901201EA0000001984
B1422285603702N00901232EA0000002000
B1422385603819N00901278EA0000002012
B1422445603896N00901306EA0000002009
B1422495603962N00901330EA0000002012
B1422575604064N00901365EA0000002026
B1423025604125N00901378EA0000002034
B1423075604187N00901387EA0000002035
B1423135604267N00901389EA0000002018
B1423185604339N00901377EA0000002011
B1423245604424N00901356EA0000002004
B1423325604536N00901339EA0000002001
B1423375604605N00901314EA0000001999
B1423425604675N00901325EA0000001992
B1423475604726N00901420EA0000001982
B1423525604731N00901559EA0000001980
B1423585604701N00901723EA0000001974
B1424055604657N00901909EA0000001968
B1424105604626N00902044EA0000001962
B1424155604594N00902178EA0000001954
B1424205604562N00902311EA0000001947
B1424255604532N00902446EA0000001946
B1424315604500N00902606EA0000001940
B1424365604475N00902743EA0000001936
B1424425604445N00902906EA0000001926
B1424475604421N00903042EA0000001923
B1424525604398N00903173EA0000001922
B1424575604379N00903300EA0000001914
B1425025604362N00903428EA0000001905
B1425075604345N00903557EA0000001898
B1425125604331N00903685EA0000001891
B1425195604312N00903870EA0000001876
B1425255604297N00904024EA0000001873
B1425305604286N00904151EA0000001866
B1425355604276N00904280EA0000001861
B1425415604263N00904431EA0000001853
B1425475604251N00904580EA0000001843
B1425525604240N00904701EA0000001831
B1426005604220N00904897EA0000001828
B1426055604210N00905013EA0000001830
B1426105604199N00905128EA0000001829
B1426155604192N00905245EA0000001821
B1426225604191N00905411EA0000001818
B1426295604194N00905575EA0000001813
B1426355604198N00905718EA0000001812
B1426415604201N00905863EA0000001832
B1426465604203N00905977EA0000001841
B1426515604232N00906065EA0000001843
B1426565604286N00906045EA0000001851
B1427015604303N00905930EA0000001860
B1427065604255N00905819EA0000001860
B1427115604174N00905799EA0000001869
B1427165604115N00905884EA0000001875
B1427215604115N00905999EA0000001875
B1427265604162N00906057EA0000001876
B1427315604218N00906037EA0000001882
B1427365604250N00905936EA0000001888
B1427415604227N00905806EA0000001891
B1427465604155N00905729EA0000001897
B1427515604075N00905753EA0000001901
B1427565604032N00905865EA0000001904
B1428015604046N00905981EA0000001912
B1428065604097N00906031EA0000001914
B1428115604148N00905984EA0000001916
B1428165604162N00905862EA0000001918
B1428215604121N00905742EA0000001916
B1428265604038N00905702EA0000001918
B1428325603931N00905692EA0000001920
B1428375603847N00905640EA0000001930
B1428425603777N00905561EA0000001942
B1428475603714N00905475EA0000001939
B1428525603647N00905386EA0000001931
B1428585603568N00905277EA0000001926
B1429035603502N00905179EA0000001923
B1429085603442N00905082EA0000001951
B1429135603388N00904992EA0000001958
B1429195603312N00904887EA0000001969
B1429255603226N00904811EA0000001980
B1429305603145N00904781EA0000001985
B1429355603063N00904769EA0000001986
B1429415602965N00904773EA0000001986
B1429505602814N00904781EA0000001977
B1429575602696N00904772EA0000001969
B1430045602581N00904717EA0000001984
B1430095602505N00904663EA0000001990
B1430165602404N00904545EA0000001978
B1430215602354N00904418EA0000001981
B1430265602335N00904280EA0000001983
B1430325602339N00904120EA0000001993
B1430375602352N00903990EA0000001998
B1430425602370N00903861EA0000001998
B1430475602390N00903729EA0000001985
B1430555602424N00903515EA0000001983
B1431025602451N00903327EA0000001978
B1431075602467N00903192EA0000001976
B1431135602480N00903025EA0000001962
B1431205602492N00902836EA0000001965
B1431255602497N00902701EA0000001958
B1431315602502N00902533EA0000001950
B1431365602505N00902393EA0000001947
B1431415602508N00902262EA0000001945
B1431475602511N00902113EA0000001934
B1431525602513N00901990EA0000001923
B1431595602521N00901813EA0000001921
B1432065602534N00901633EA0000001920
B1432125602548N00901479EA0000001921
B1432195602576N00901318EA0000001928
B1432245602601N00901211EA0000001932
B1432295602630N00901111EA0000001935
B1432345602672N00901033EA0000001934
B1432405602734N00900970EA0000001931
B1432455602792N00900938EA0000001934
B1432505602852N00900910EA0000001932
B1432555602909N00900887EA0000001938
B1433005602963N00900863EA0000001940
B1433075603039N00900831EA0000001929
B1433125603097N00900805EA0000001920
B1433205603190N00900754EA0000001925
B1433255603246N00900720EA0000001927
B1433305603301N00900680EA0000001928
B1433385603385N00900602EA0000001933
B1433435603434N00900549EA0000001936
B1433495603493N00900483EA0000001935
B1433565603568N00900400EA0000001936
B1434015603624N00900335EA0000001939
B1434065603680N00900271EA0000001947
B1434125603745N00900193EA0000001948
B1434185603808N00900111EA0000001947
B1434245603869N00900027EA0000001945
B1434305603930N00859932EA0000001935
B1434405604039N00859769EA0000001922
B1434465604107N00859674EA0000001910
B1434515604165N00859603EA0000001905
B1434565604223N00859533EA0000001902
B1435015604280N00859466EA0000001900
B1435075604349N00859390EA0000001898
B1435135604419N00859315EA0000001893
B1435185604478N00859259EA0000001894
B1435285604592N00859137EA0000001893
B1435355604663N00859029EA0000001901
B1435415604706N00858915EA0000001902
B1435465604723N00858796EA0000001905
B1435525604715N00858641EA0000001900
B1435595604679N00858459EA0000001898
B1436045604649N00858331EA0000001897
B1436095604627N00858195EA0000001894
B1436155604616N00858033EA0000001890
B1436205604626N00857900EA0000001886
B1436265604652N00857750EA0000001880
B1436335604694N00857582EA0000001867
B1436385604725N00857468EA0000001863
B1436445604771N00857346EA0000001865
B1436525604833N00857193EA0000001866
B1436585604872N00857075EA0000001874
B1437035604880N00856959EA0000001882
B1437085604831N00856861EA0000001882
B1437135604752N00856855EA0000001879
B1437185604695N00856952EA0000001876
B1437235604700N00857084EA0000001871
B1437315604794N00857188EA0000001869
B1437385604888N00857199EA0000001874
B1437435604952N00857173EA0000001869
B1437485605014N00857131EA0000001862
B1437545605068N00857023EA0000001855
B1438005605062N00856874EA0000001857
B1438055605032N00856760EA0000001855
B1438115604991N00856627EA0000001848
B1438165604959N00856514EA0000001839
B1438235604912N00856347EA0000001833
B1438285604873N00856229EA0000001834
B1438345604824N00856096EA0000001844
B1438395604781N00855989EA0000001850
B1438445604710N00855956EA0000001853
B1438495604654N00856047EA0000001857
B1438545604667N00856172EA0000001859
B1438595604731N00856209EA0000001865
B1439045604786N00856132EA0000001872
B1439095604789N00855997EA0000001878
B1439145604731N00855900EA0000001875
B1439195604652N00855920EA0000001889
B1439255604629N00856056EA0000001897
B1439305604681N00856131EA0000001898
B1439355604746N00856084EA0000001903
B1439405604768N00855950EA0000001911
B1439455604725N00855832EA0000001913
B1439505604646N00855817EA0000001919
B1439555604596N00855915EA0000001929
B1440005604614N00856030EA0000001932
B1440055604680N00856068EA0000001935
B1440105604742N00855998EA0000001944
B1440155604752N00855868EA0000001945
B1440225604675N00855723EA0000001936
B1440275604598N00855652EA0000001936
B1440345604488N00855569EA0000001943
B1440415604383N00855489EA0000001951
B1440475604301N00855403EA0000001946
B1440525604252N00855287EA0000001937
B1440575604246N00855141EA0000001931
B1441025604276N00855014EA0000001924
B1441095604340N00854865EA0000001910
B1441145604388N00854768EA0000001907
B1441205604446N00854651EA0000001901
B1441265604505N00854540EA0000001897
B1441315604551N00854447EA0000001907
B1441365604593N00854352EA0000001912
B1441445604659N00854197EA0000001923
B1441535604725N00854007EA0000001923
B1441585604759N00853897EA0000001926
B1442035604790N00853790EA0000001934
B1442085604820N00853675EA0000001930
B1442145604857N00853531EA0000001931
B1442215604896N00853359EA0000001928
B1442275604934N00853215EA0000001925
B1442345604959N00853035EA0000001920
B1442395604931N00852901EA0000001917
B1442445604867N00852815EA0000001921
B1442495604786N00852799EA0000001916
B1442545604712N00852864EA0000001910
B1443015604641N00853012EA0000001914
B1443065604599N00853122EA0000001919
B1443115604567N00853231EA0000001921
B1443185604530N00853397EA0000001907
B1443235604506N00853521EA0000001905
B1443285604484N00853643EA0000001903
B1443335604457N00853769EA0000001898
B1443385604423N00853890EA0000001902
B1443435604384N00854001EA0000001905
B1443485604340N00854111EA0000001908
B1443555604276N00854269EA0000001913
B1444025604215N00854422EA0000001922
B1444085604165N00854551EA0000001914
B1444135604113N00854655EA0000001905
B1444195604029N00854745EA0000001898
B1444265603921N00854831EA0000001879
B1444325603828N00854900EA0000001876
B1444385603736N00854960EA0000001882
B1444445603642N00855018EA0000001890
B1444495603564N00855071EA0000001894
B1444545603490N00855137EA0000001893
B1445015603391N00855237EA0000001895
B1445075603305N00855320EA0000001881
B1445165603171N00855441EA0000001872
B1445225603080N00855522EA0000001871
B1445275603005N00855577EA0000001872
B1445335602916N00855630EA0000001877
B1445385602847N00855664EA0000001887
B1445435602797N00855742EA0000001889
B1445485602802N00855857EA0000001895
B1445535602858N00855907EA0000001897
B1445585602916N00855846EA0000001901
B1446035602928N00855716EA0000001897
B1446085602881N00855600EA0000001900
B1446135602806N00855577EA0000001903
B1446185602748N00855658EA0000001904
B1446235602747N00855781EA0000001909
B1446285602808N00855846EA0000001909
B1446335602865N00855770EA0000001916
B1446385602851N00855633EA0000001919
B1446435602782N00855568EA0000001920
B1446485602711N00855616EA0000001920
B1446545602664N00855743EA0000001927
B1447005602634N00855891EA0000001915
B1447055602607N00856021EA0000001908
B1447115602574N00856181EA0000001890
B1447175602540N00856348EA0000001884
B1447245602495N00856535EA0000001880
B1447305602455N00856692EA0000001876
B1447355602424N00856816EA0000001879
B1447415602385N00856963EA0000001876
B1447465602350N00857083EA0000001870
B1447515602314N00857210EA0000001867
B1447595602256N00857407EA0000001866
B1448045602218N00857524EA0000001863
B1448095602181N00857630EA0000001865
B1448165602131N00857775EA0000001854
B1448225602089N00857901EA0000001845
B1448315602032N00858096EA0000001834
B1448425601967N00858341EA0000001819
B1448475601936N00858450EA0000001810
B1448525601903N00858562EA0000001803
B1449005601853N00858742EA0000001806
B1449125601781N00859001EA0000001819
B1449175601752N00859102EA0000001830
B1449225601725N00859212EA0000001830
B1449275601697N00859324EA0000001843
B1449345601664N00859482EA0000001866
B1449395601673N00859594EA0000001881
B1449445601728N00859645EA0000001888
B1449495601786N00859588EA0000001901
B1449545601796N00859456EA0000001910
B1449595601746N00859338EA0000001915
B1450045601662N00859309EA0000001917
B1450095601590N00859383EA0000001932
B1450145601562N00859509EA0000001944
B1450225601559N00859727EA0000001967
B1450335601560N00900037EA0000001986
B1450395601563N00900209EA0000001995
B1450465601571N00900406EA0000001998
B1450555601587N00900657EA0000001994
B1451005601597N00900797EA0000001980
B1451075601614N00901001EA0000001963
B1451125601626N00901149EA0000001960
B1451185601639N00901328EA0000001950
B1451245601653N00901511EA0000001938
B1451305601668N00901689EA0000001930
B1451355601681N00901837EA0000001924
B1451405601693N00901984EA0000001925
B1451455601705N00902123EA0000001926
B1451525601721N00902321EA0000001918
B1451575601731N00902463EA0000001915
B1452025601741N00902607EA0000001911
B1452115601748N00902867EA0000001903
B1452195601754N00903101EA0000001890
B1452245601753N00903245EA0000001889
B1452315601750N00903435EA0000001876
B1452365601746N00903572EA0000001863
B1452415601745N00903708EA0000001855
B1452475601743N00903864EA0000001857
B1452525601740N00903993EA0000001855
B1452575601733N00904126EA0000001856
B1453025601726N00904257EA0000001860
B1453085601713N00904411EA0000001860
B1453145601696N00904566EA0000001859
B1453195601678N00904696EA0000001860
B1453265601647N00904880EA0000001859
B1453315601622N00905015EA0000001861
B1453375601597N00905176EA0000001862
B1453435601571N00905338EA0000001878
B1453485601554N00905468EA0000001894
B1453555601557N00905649EA0000001889
B1454015601578N00905801EA0000001890
B1454075601573N00905962EA0000001881
B1454135601567N00906126EA0000001869
B1454195601571N00906280EA0000001865
B1454265601582N00906458EA0000001859
B1454315601595N00906581EA0000001856
B1454365601607N00906702EA0000001856
B1454415601621N00906815EA0000001856
B1454475601640N00906949EA0000001860
B1454525601652N00907061EA0000001858
B1455005601696N00907229EA0000001842
B1455075601770N00907320EA0000001837
B1455135601836N00907374EA0000001836
B1455185601890N00907416EA0000001827
B1455235601944N00907461EA0000001820
B1455295602008N00907518EA0000001820
B1455365602078N00907591EA0000001822
B1455415602127N00907646EA0000001830
B1455465602172N00907705EA0000001838
B1455525602225N00907781EA0000001848
B1455575602279N00907806EA0000001854
B1456025602326N00907735EA0000001862
B1456075602323N00907603EA0000001859
B1456125602261N00907505EA0000001863
B1456175602179N00907509EA0000001873
B1456225602119N00907600EA0000001875
B1456285602102N00907756EA0000001882
B1456335602134N00907862EA0000001887
B1456395602206N00907896EA0000001898
B1456445602253N00907822EA0000001909
B1456495602251N00907695EA0000001911
B1456545602190N00907602EA0000001907
B1456595602103N00907605EA0000001907
B1457045602032N00907696EA0000001912
B1457095602001N00907827EA0000001919
B1457145602019N00907951EA0000001919
B1457195602076N00908013EA0000001923
B1457245602135N00907969EA0000001930
B1457295602148N00907845EA0000001938
B1457345602096N00907736EA0000001942
B1457395602009N00907728EA0000001942
B1457445601941N00907832EA0000001946
B1457495601931N00907972EA0000001951
B1457545601974N00908071EA0000001953
B1458015602061N00908064EA0000001963
B1458065602118N00908006EA0000001962
B1458125602175N00907898EA0000001967
B1458175602217N00907803EA0000001974
B1458225602258N00907707EA0000001977
B1458275602299N00907611EA0000001975
B1458325602342N00907513EA0000001971
B1458375602386N00907409EA0000001962
B1458435602444N00907285EA0000001950
B1458485602495N00907184EA0000001942
B1458545602558N00907063EA0000001934
B1459005602619N00906943EA0000001931
B1459055602670N00906844EA0000001928
B1459105602720N00906749EA0000001926
B1459155602770N00906657EA0000001921
B1459225602842N00906530EA0000001914
B1459275602893N00906442EA0000001913
B1459325602942N00906353EA0000001906
B1459375602987N00906254EA0000001896
B1459425603028N00906150EA0000001902
B1459485603071N00906024EA0000001908
B1459545603110N00905895EA0000001920
B1500015603155N00905753EA0000001929
B1500065603189N00905654EA0000001933
B1500115603226N00905551EA0000001943
B1500195603285N00905392EA0000001961
B1500265603339N00905248EA0000001967
B1500315603382N00905142EA0000001969
B1500385603443N00904994EA0000001970
B1500435603486N00904895EA0000001964
B1500495603536N00904776EA0000001959
B1500575603606N00904627EA0000001968
B1501025603649N00904541EA0000001969
B1501125603745N00904396EA0000001976
B1501175603805N00904364EA0000001974
B1501235603879N00904376EA0000001976
B1501295603944N00904436EA0000001975
B1501355603999N00904540EA0000001965
B1501405604016N00904670EA0000001962
B1501455603979N00904796EA0000001960
B1501515603888N00904882EA0000001953
B1501565603807N00904938EA0000001959
B1502025603722N00905013EA0000001956
B1502075603655N00905076EA0000001956
B1502145603563N00905166EA0000001947
B1502195603496N00905238EA0000001933
B1502305603351N00905410EA0000001931
B1502355603285N00905487EA0000001931
B1502405603219N00905565EA0000001942
B1502465603139N00905658EA0000001958
B1502515603073N00905734EA0000001963
B1502595602967N00905856EA0000001972
B1503045602903N00905934EA0000001975
B1503105602828N00906034EA0000001980
B1503155602768N00906123EA0000001984
B1503205602708N00906216EA0000001986
B1503255602658N00906324EA0000001983
B1503305602623N00906456EA0000001978
B1503355602603N00906595EA0000001975
B1503415602589N00906763EA0000001963
B1503495602589N00906990EA0000001960
B1503545602591N00907125EA0000001959
B1503595602594N00907259EA0000001957
B1504045602597N00907392EA0000001955
B1504165602596N00907718EA0000001950
B1504215602595N00907853EA0000001948
B1504355602596N00908214EA0000001939
B1504415602599N00908362EA0000001937
B1504485602601N00908532EA0000001930
B1504555602598N00908704EA0000001926
B1505025602594N00908876EA0000001932
B1505075602590N00908999EA0000001936
B1505125602585N00909119EA0000001941
B1505185602583N00909265EA0000001941
B1505245602588N00909406EA0000001946
B1505295602570N00909530EA0000001933
B1505345602505N00909623EA0000001929
B1505395602425N00909624EA0000001921
B1505445602365N00909537EA0000001910
B1505495602341N00909415EA0000001903
B1505555602349N00909266EA0000001890
B1506025602375N00909087EA0000001887
B1506085602398N00908934EA0000001894
B1506145602416N00908787EA0000001897
B1506205602430N00908636EA0000001900
B1506265602439N00908475EA0000001883
B1506325602438N00908300EA0000001870
B1506395602432N00908096EA0000001861
B1506485602421N00907837EA0000001848
B1506535602418N00907694EA0000001844
B1507015602415N00907471EA0000001844
B1507065602410N00907336EA0000001842
B1507115602406N00907204EA0000001835
B1507175602403N00907045EA0000001826
B1507225602400N00906910EA0000001820
B1507295602400N00906726EA0000001809
B1507405602404N00906442EA0000001796
B1507475602415N00906273EA0000001794
B1507535602428N00906121EA0000001778
B1508005602445N00905942EA0000001777
B1508085602453N00905741EA0000001789
B1508135602456N00905617EA0000001794
B1508185602443N00905493EA0000001797
B1508235602388N00905395EA0000001800
B1508285602302N00905391EA0000001804
B1508335602242N00905498EA0000001803
B1508385602245N00905637EA0000001801
B1508435602302N00905711EA0000001802
B1508485602364N00905678EA0000001807
B1508535602379N00905561EA0000001808
B1508585602327N00905458EA0000001810
B1509035602242N00905463EA0000001812
B1509085602181N00905569EA0000001809
B1509135602181N00905711EA0000001807
B1509185602234N00905793EA0000001804
B1509235602302N00905783EA0000001808
B1509285602352N00905710EA0000001810
B1509345602393N00905592EA0000001817
B1509395602418N00905487EA0000001826
B1509445602443N00905385EA0000001830
B1509495602502N00905363EA0000001835
B1509545602540N00905470EA0000001842
B1509595602510N00905611EA0000001839
B1510045602428N00905676EA0000001845
B1510095602350N00905621EA0000001857
B1510155602335N00905475EA0000001863
B1510205602389N00905414EA0000001865
B1510255602445N00905474EA0000001879
B1510305602452N00905604EA0000001879
B1510355602400N00905723EA0000001881
B1510405602320N00905746EA0000001889
B1510455602257N00905668EA0000001897
B1510505602243N00905550EA0000001904
B1510555602279N00905457EA0000001903
B1511005602342N00905445EA0000001909
B1511055602391N00905532EA0000001916
B1511105602389N00905669EA0000001920
B1511155602331N00905775EA0000001916
B1511205602246N00905787EA0000001921
B1511265602159N00905711EA0000001930
B1511315602116N00905601EA0000001937
B1511365602112N00905479EA0000001944
B1511415602150N00905388EA0000001949
B1511465602214N00905378EA0000001950
B1511515602270N00905455EA0000001957
B1511575602288N00905617EA0000001964
B1512025602247N00905755EA0000001967
B1512075602168N00905822EA0000001970
B1512125602086N00905794EA0000001972
B1512175602033N00905688EA0000001974
B1512235602019N00905532EA0000001984
B1512285602052N00905436EA0000001988
B1512345602128N00905410EA0000001984
B1512405602212N00905398EA0000001995
B1512465602290N00905344EA0000002008
B1512515602355N00905282EA0000002010
B1513015602482N00905130EA0000002015
B1513065602545N00905052EA0000002018
B1513125602624N00904966EA0000002017
B1513175602677N00904868EA0000002015
B1513225602725N00904763EA0000002012
B1513285602775N00904625EA0000001991
B1513365602826N00904411EA0000001972
B1513425602858N00904248EA0000001954
B1513485602893N00904079EA0000001943
B1513555602937N00903890EA0000001937
B1514025602983N00903706EA0000001934
B1514095603029N00903526EA0000001927
B1514145603063N00903401EA0000001925
B1514215603112N00903230EA0000001925
B1514275603155N00903085EA0000001922
B1514325603186N00902965EA0000001927
B1514375603215N00902838EA0000001922
B1514465603269N00902603EA0000001925
B1514515603306N00902482EA0000001922
B1514565603343N00902362EA0000001919
B1515015603383N00902245EA0000001917
B1515075603430N00902106EA0000001912
B1515125603472N00901987EA0000001901
B1515175603511N00901866EA0000001892
B1515225603551N00901743EA0000001882
B1515315603624N00901520EA0000001871
B1515365603664N00901398EA0000001865
B1515415603704N00901280EA0000001857
B1515465603742N00901165EA0000001859
B1515515603777N00901055EA0000001862
B1515565603811N00900944EA0000001855
B1516015603845N00900828EA0000001847
B1516065603880N00900708EA0000001836
B1516125603924N00900567EA0000001829
B1516175603956N00900451EA0000001824
B1516235603992N00900307EA0000001814
B1516295604030N00900161EA0000001804
B1516365604073N00859996EA0000001795
B1516415604102N00859882EA0000001792
B1516475604135N00859749EA0000001796
B1516555604163N00859553EA0000001796
B1517015604170N00859393EA0000001796
B1517075604152N00859235EA0000001800
B1517125604120N00859108EA0000001796
B1517195604063N00858942EA0000001793
B1517255604005N00858802EA0000001787
B1517325603909N00858672EA0000001783
B1517385603807N00858643EA0000001787
B1517435603726N00858680EA0000001784
B1517505603617N00858769EA0000001779
B1517555603540N00858831EA0000001777
B1518045603398N00858941EA0000001757
B1518095603320N00859003EA0000001750
B1518155603228N00859074EA0000001745
B1518205603153N00859134EA0000001740
B1518285603038N00859230EA0000001756
B1518345602956N00859296EA0000001760
B1518395602892N00859367EA0000001765
B1518455602866N00859509EA0000001771
B1518505602912N00859588EA0000001772
B1518555602967N00859540EA0000001784
B1519005602962N00859420EA0000001794
B1519055602889N00859354EA0000001798
B1519105602810N00859408EA0000001809
B1519155602787N00859534EA0000001816
B1519205602831N00859620EA0000001817
B1519255602889N00859579EA0000001821
B1519305602893N00859454EA0000001830
B1519355602830N00859361EA0000001837
B1519405602744N00859384EA0000001850
B1519455602700N00859499EA0000001858
B1519505602724N00859612EA0000001863
B1519555602783N00859629EA0000001864
B1520015602817N00859511EA0000001871
B1520065602781N00859394EA0000001882
B1520115602707N00859341EA0000001891
B1520165602631N00859378EA0000001898
B1520215602595N00859497EA0000001898
B1520265602622N00859611EA0000001897
B1520315602688N00859628EA0000001897
B1520365602730N00859537EA0000001905
B1520415602711N00859411EA0000001912
B1520465602638N00859340EA0000001919
B1520515602559N00859372EA0000001930
B1520565602516N00859486EA0000001930
B1521015602534N00859609EA0000001935
B1521065602595N00859652EA0000001934
B1521115602646N00859577EA0000001939
B1521165602645N00859448EA0000001944
B1521215602588N00859344EA0000001952
B1521265602506N00859334EA0000001962
B1521315602447N00859429EA0000001963
B1521365602449N00859568EA0000001964
B1521415602502N00859645EA0000001970
B1521465602563N00859608EA0000001972
B1521515602582N00859481EA0000001971
B1521565602538N00859355EA0000001977
B1522015602453N00859320EA0000001984
B1522065602380N00859397EA0000001989
B1522115602363N00859535EA0000001992
B1522165602408N00859630EA0000001999
B1522215602473N00859616EA0000002002
B1522275602515N00859489EA0000002004
B1522325602530N00859359EA0000002006
B1522385602529N00859199EA0000002010
B1522455602496N00859017EA0000002003
B1522505602456N00858893EA0000001996
B1522555602413N00858770EA0000001993
B1523025602350N00858600EA0000001985
B1523095602285N00858435EA0000001981
B1523165602218N00858277EA0000001978
B1523215602170N00858167EA0000001974
B1523265602123N00858055EA0000001969
B1523325602067N00857921EA0000001961
B1523405601996N00857731EA0000001950
B1523465601942N00857591EA0000001939
B1523555601863N00857370EA0000001932
B1524025601814N00857194EA0000001926
B1524075601822N00857058EA0000001918
B1524125601881N00856965EA0000001909
B1524185601980N00856991EA0000001898
B1524235602034N00857108EA0000001898
B1524305602057N00857307EA0000001891
B1524375602063N00857514EA0000001883
B1524515602061N00857919EA0000001870
B1525055602059N00858336EA0000001859
B1525115602056N00858500EA0000001858
B1525185602058N00858701EA0000001848
B1525255602053N00858887EA0000001849
B1525315602045N00859054EA0000001833
B1525365602038N00859209EA0000001831
B1525435602025N00859416EA0000001836
B1525485602022N00859555EA0000001837
B1525575602033N00859795EA0000001837
B1526025602065N00859911EA0000001839
B1526105602163N00859946EA0000001837
B1526175602239N00859859EA0000001839
B1526235602304N00859785EA0000001842
B1526305602383N00859707EA0000001830
B1526365602452N00859645EA0000001826
B1526445602543N00859563EA0000001816
B1526505602612N00859502EA0000001804
B1526565602684N00859440EA0000001788
B1527015602744N00859393EA0000001779
B1527065602802N00859350EA0000001775
B1527115602857N00859316EA0000001775
B1527165602911N00859282EA0000001772
B1527215602963N00859245EA0000001774
B1527315603065N00859151EA0000001773
B1527375603125N00859076EA0000001780
B1527425603173N00859011EA0000001783
B1527475603222N00858943EA0000001779
B1527525603270N00858863EA0000001781
B1527575603316N00858783EA0000001784
B1528025603358N00858697EA0000001774
B1528075603389N00858585EA0000001764
B1528135603422N00858439EA0000001746
B1528235603491N00858211EA0000001726
B1528305603539N00858052EA0000001718
B1528355603558N00857926EA0000001713
B1528425603531N00857740EA0000001699
B1528475603482N00857627EA0000001692
B1528545603400N00857480EA0000001681
B1529005603325N00857357EA0000001671
B1529055603260N00857255EA0000001657
B1529105603193N00857153EA0000001652
B1529155603127N00857056EA0000001651
B1529205603064N00856962EA0000001648
B1529255603004N00856865EA0000001640
B1529305602942N00856763EA0000001632
B1529405602814N00856562EA0000001614
B1529465602735N00856444EA0000001607
B1529525602656N00856327EA0000001597
B1529575602592N00856228EA0000001593
B1530025602528N00856133EA0000001589
B1530145602367N00855915EA0000001573
B1530195602300N00855823EA0000001571
B1530265602207N00855692EA0000001562
B1530345602100N00855531EA0000001552
B1530395602035N00855431EA0000001551
B1530455601961N00855310EA0000001548
B1530505601902N00855207EA0000001549
B1530555601845N00855102EA0000001549
B1531075601718N00854828EA0000001538
B1531135601662N00854674EA0000001528
B1531185601618N00854544EA0000001524
B1531235601578N00854414EA0000001522
B1531335601491N00854158EA0000001518
B1531425601400N00853943EA0000001511
B1531475601350N00853824EA0000001517
B1531525601307N00853701EA0000001520
B1531575601266N00853579EA0000001531
B1532025601209N00853481EA0000001537
B1532075601126N00853456EA0000001539
B1532125601054N00853529EA0000001542
B1532175601043N00853656EA0000001550
B1532225601096N00853718EA0000001559
B1532275601150N00853652EA0000001565
B1532325601145N00853520EA0000001576
B1532375601078N00853435EA0000001580
B1532425600996N00853472EA0000001581
B1532475600970N00853595EA0000001588
B1532525601018N00853665EA0000001594
B1532585601075N00853568EA0000001599
B1533035601043N00853436EA0000001604
B1533085600959N00853404EA0000001605
B1533135600898N00853499EA0000001614
B1533185600915N00853612EA0000001617
B1533235600978N00853624EA0000001618
B1533285601016N00853518EA0000001627
B1533335600989N00853386EA0000001633
B1533385600910N00853333EA0000001633
B1533435600833N00853396EA0000001634
B1533485600812N00853523EA0000001639
B1533535600854N00853606EA0000001643
B1533585600917N00853582EA0000001640
B1534035600948N00853468EA0000001650
B1534085600922N00853337EA0000001655
B1534135600850N00853257EA0000001655
B1534185600766N00853284EA0000001657
B1534235600721N00853396EA0000001659
B1534285600742N00853506EA0000001663
B1534345600813N00853521EA0000001670
B1534405600852N00853401EA0000001676
B1534455600821N00853273EA0000001679
B1534505600742N00853219EA0000001678
B1534555600665N00853278EA0000001675
B1535005600638N00853409EA0000001676
B1535055600653N00853532EA0000001679
B1535105600707N00853584EA0000001682
B1535155600758N00853526EA0000001687
B1535215600761N00853373EA0000001690
B1535265600704N00853266EA0000001692
B1535315600619N00853248EA0000001692
B1535365600550N00853332EA0000001688
B1535425600529N00853498EA0000001689
B1535505600528N00853702EA0000001699
B1535555600551N00853809EA0000001698
B1536005600610N00853829EA0000001698
B1536055600651N00853733EA0000001697
B1536105600634N00853591EA0000001696
B1536155600563N00853498EA0000001707
B1536205600478N00853511EA0000001711
B1536255600424N00853620EA0000001710
B1536305600439N00853741EA0000001709
B1536355600501N00853763EA0000001705
B1536405600545N00853662EA0000001707
B1536455600530N00853516EA0000001711
B1536505600467N00853401EA0000001716
B1536555600382N00853339EA0000001721
B1537005600295N00853355EA0000001723
B1537055600239N00853451EA0000001717
B1537105600238N00853577EA0000001717
B1537155600279N00853656EA0000001724
B1537205600337N00853638EA0000001726
B1537275600352N00853460EA0000001731
B1537325600286N00853366EA0000001738
B1537375600202N00853394EA0000001732
B1537425600155N00853508EA0000001730
B1537505600132N00853722EA0000001734
B1537555600125N00853848EA0000001731
B1538005600118N00853976EA0000001733
B1538095600100N00854201EA0000001741
B1538145600117N00854315EA0000001739
B1538195600166N00854378EA0000001740
B1538245600225N00854361EA0000001739
B1538295600254N00854257EA0000001734
B1538345600225N00854130EA0000001739
B1538415600159N00853970EA0000001743
B1538475600101N00853841EA0000001751
B1538525600048N00853742EA0000001757
B1538575559966N00853713EA0000001755
B1539025559900N00853802EA0000001750
B1539075559901N00853928EA0000001740
B1539135559969N00853995EA0000001745
B1539185600031N00853988EA0000001750
B1539235600088N00853941EA0000001756
B1539315600115N00853753EA0000001756
B1539375600062N00853601EA0000001767
B1539445559981N00853448EA0000001775
B1539495559896N00853422EA0000001775
B1539545559827N00853512EA0000001772
B1539595559820N00853650EA0000001776
B1540045559865N00853732EA0000001781
B1540095559925N00853704EA0000001790
B1540155559934N00853553EA0000001796
B1540205559873N00853446EA0000001797
B1540255559782N00853439EA0000001798
B1540305559714N00853538EA0000001794
B1540355559704N00853679EA0000001793
B1540405559739N00853785EA0000001802
B1540455559800N00853797EA0000001803
B1540505559839N00853702EA0000001813
B1540555559818N00853571EA0000001824
B1541005559745N00853495EA0000001826
B1541055559658N00853527EA0000001825
B1541125559589N00853695EA0000001826
B1541185559562N00853860EA0000001820
B1541265559531N00854089EA0000001817
B1541325559511N00854260EA0000001819
B1541375559496N00854404EA0000001816
B1541425559483N00854547EA0000001813
B1541485559470N00854720EA0000001803
B1541555559459N00854928EA0000001790
B1542035559453N00855165EA0000001779
B1542095559481N00855326EA0000001775
B1542145559521N00855443EA0000001773
B1542205559563N00855587EA0000001768
B1542255559597N00855709EA0000001764
B1542345559656N00855935EA0000001753
B1542445559724N00856192EA0000001741
B1542515559770N00856371EA0000001739
B1542575559807N00856523EA0000001734
B1543035559843N00856675EA0000001732
B1543105559887N00856852EA0000001720
B1543165559932N00857001EA0000001712
B1543225559980N00857145EA0000001707
B1543285600027N00857285EA0000001707
B1543365600094N00857468EA0000001707
B1543425600144N00857600EA0000001705
B1543475600191N00857705EA0000001688
B1543535600267N00857807EA0000001686
B1543595600342N00857886EA0000001684
B1544045600403N00857949EA0000001675
B1544095600464N00858015EA0000001673
B1544145600521N00858076EA0000001678
B1544205600586N00858147EA0000001679
B1544255600641N00858206EA0000001680
B1544315600709N00858275EA0000001671
B1544365600768N00858329EA0000001661
B1544435600854N00858416EA0000001644
B1544495600928N00858488EA0000001645
B1544545600987N00858543EA0000001642
B1544595601042N00858608EA0000001636
B1545045601086N00858705EA0000001630
B1545125601134N00858895EA0000001621
B1545175601161N00859016EA0000001617
B1545235601193N00859161EA0000001604
B1545315601238N00859367EA0000001586
B1545375601274N00859517EA0000001585
B1545425601303N00859635EA0000001576
B1545475601333N00859757EA0000001562
B1545535601374N00859907EA0000001546
B1545595601417N00900055EA0000001537
B1546045601452N00900178EA0000001529
B1546135601527N00900388EA0000001510
B1546205601589N00900550EA0000001499
B1546255601633N00900665EA0000001494
B1546305601674N00900779EA0000001487
B1546365601738N00900899EA0000001475
B1546425601816N00900994EA0000001465
B1546505601927N00901084EA0000001465
B1546565602012N00901130EA0000001466
B1547015602082N00901156EA0000001465
B1547075602167N00901174EA0000001459
B1547125602239N00901179EA0000001454
B1547175602315N00901172EA0000001449
B1547235602404N00901152EA0000001446
B1547295602488N00901120EA0000001447
B1547355602571N00901083EA0000001440
B1547415602650N00901036EA0000001432
B1547465602711N00900982EA0000001421
B1547515602766N00900899EA0000001412
B1547565602807N00900784EA0000001408
B1548035602844N00900596EA0000001395
B1548085602862N00900455EA0000001389
B1548175602863N00900185EA0000001379
B1548225602849N00900040EA0000001379
B1548275602838N00859900EA0000001369
B1548325602846N00859759EA0000001360
B1548385602898N00859625EA0000001352
B1548435602964N00859558EA0000001349
B1548505603070N00859555EA0000001331
B1548555603138N00859627EA0000001325
B1549015603186N00859768EA0000001321
B1549075603195N00859929EA0000001311
B1549125603224N00900046EA0000001302
B1549175603290N00900091EA0000001296
B1549225603358N00900039EA0000001293
B1549275603397N00859923EA0000001288
B1549325603404N00859778EA0000001279
B1549375603374N00859634EA0000001274
B1549435603300N00859508EA0000001269
B1549485603223N00859440EA0000001264
B1549555603109N00859381EA0000001255
B1550005603025N00859353EA0000001243
B1550065602922N00859322EA0000001231
B1550125602816N00859295EA0000001220
B1550215602648N00859255EA0000001219
B1550295602503N00859197EA0000001209
B1550345602414N00859158EA0000001203
B1550405602307N00859111EA0000001193
B1550465602199N00859066EA0000001182
B1550535602071N00859010EA0000001174
B1550585601982N00858966EA0000001166
B1551045601873N00858911EA0000001155
B1551115601744N00858847EA0000001143
B1551195601597N00858784EA0000001138
B1551245601505N00858753EA0000001132
B1551295601409N00858738EA0000001125
B1551345601311N00858741EA0000001121
B1551395601214N00858755EA0000001116
B1551445601119N00858769EA0000001116
B1551515600988N00858802EA0000001115
B1551565600897N00858830EA0000001117
B1552015600808N00858862EA0000001116
B1552065600718N00858900EA0000001115
B1552115600631N00858944EA0000001116
B1552175600526N00859000EA0000001120
B1552225600440N00859050EA0000001114
B1552285600337N00859127EA0000001112
B1552345600237N00859214EA0000001108
B1552395600162N00859300EA0000001103
B1552445600095N00859405EA0000001095
B1552525600002N00859601EA0000001088
B1552585559942N00859753EA0000001080
B1553055559871N00859934EA0000001072
B1553105559818N00900057EA0000001071
B1553155559765N00900177EA0000001072
B1553205559713N00900299EA0000001070
B1553265559653N00900456EA0000001068
B1553315559605N00900590EA0000001072
B1553375559558N00900757EA0000001069
B1553425559521N00900898EA0000001065
B1553475559491N00901036EA0000001056
B1553555559448N00901267EA0000001039
B1554005559425N00901410EA0000001031
B1554055559404N00901555EA0000001022
B1554115559386N00901728EA0000001018
B1554185559384N00901928EA0000001010
B1554245559394N00902101EA0000001006
B1554315559417N00902296EA0000001001
B1554365559445N00902421EA0000000996
B1554425559497N00902545EA0000000989
B1554475559553N00902623EA0000000983
B1554535559630N00902690EA0000000970
B1555025559754N00902747EA0000000960
B1555115559880N00902779EA0000000949
B1555165559950N00902795EA0000000944
B1555255600074N00902828EA0000000942
B1555305600140N00902849EA0000000934
B1555355600208N00902869EA0000000926
B1555405600276N00902885EA0000000923
B1555455600345N00902895EA0000000915
B1555505600416N00902900EA0000000906
B1555595600548N00902898EA0000000889
B1556055600632N00902882EA0000000888
B1556115600715N00902859EA0000000879
B1556175600796N00902834EA0000000865
B1556225600865N00902809EA0000000858
B1556345601030N00902747EA0000000835
B1556395601097N00902717EA0000000837
B1556445601160N00902675EA0000000834
B1556495601220N00902616EA0000000831
B1556545601279N00902546EA0000000826
B1557025601373N00902428EA0000000820
B1557085601442N00902334EA0000000820
B1557135601498N00902254EA0000000819
B1557205601576N00902143EA0000000816
B1557255601632N00902063EA0000000813
B1557315601696N00901963EA0000000809
B1557375601762N00901865EA0000000803
B1557465601861N00901725EA0000000806
B1557515601916N00901641EA0000000807
B1557575601980N00901536EA0000000808
B1558025602032N00901439EA0000000809
B1558125602136N00901241EA0000000808
B1558185602197N00901126EA0000000803
B1558245602253N00901004EA0000000801
B1558305602307N00900874EA0000000796
B1558375602344N00900688EA0000000790
B1558425602378N00900568EA0000000786
B1558485602455N00900532EA0000000776
B1558535602513N00900608EA0000000769
B1558585602528N00900746EA0000000763
B1559035602494N00900886EA0000000755
B1559085602419N00900982EA0000000747
B1559135602323N00901004EA0000000742
B1559205602186N00900962EA0000000728
B1559265602068N00900928EA0000000720
B1559315601973N00900969EA0000000718
B1559365601911N00901085EA0000000715
B1559415601920N00901218EA0000000711
B1559465601982N00901241EA0000000710
B1559515602021N00901133EA0000000712
B1559565602024N00900989EA0000000707
B1600025602003N00900811EA0000000700
B1600075601975N00900663EA0000000696
B1600125601947N00900515EA0000000697
B1600195601942N00900315EA0000000697
B1600245601977N00900198EA0000000693
B1600295602037N00900138EA0000000687
B1600345602104N00900165EA0000000682
B1600395602150N00900269EA0000000676
B1600455602159N00900442EA0000000664
B1600505602126N00900586EA0000000659
B1600555602059N00900696EA0000000655
B1601005601968N00900744EA0000000648
B1601055601873N00900726EA0000000641
B1601115601757N00900678EA0000000632
B1601165601658N00900693EA0000000637
B1601215601581N00900787EA0000000639
B1601265601564N00900930EA0000000635
B1601315601612N00901024EA0000000633
B1601365601679N00901003EA0000000621
B1601415601714N00900880EA0000000613
B1601465601690N00900727EA0000000613
B1601515601615N00900628EA0000000617
B1601565601521N00900649EA0000000619
B1602015601467N00900774EA0000000617
B1602065601483N00900911EA0000000612
B1602125601553N00900994EA0000000609
B1602175601623N00901004EA0000000597
B1602225601682N00900929EA0000000588
B1602275601704N00900793EA0000000591
B1602335601709N00900618EA0000000584
B1602385601738N00900487EA0000000573
B1602435601801N00900414EA0000000565
B1602485601875N00900425EA0000000556
B1602545601943N00900525EA0000000549
B1603005601964N00900685EA0000000546
B1603055601929N00900820EA0000000541
B1603105601855N00900902EA0000000531
B1603155601761N00900893EA0000000520
B1603205601687N00900790EA0000000508
B1603265601662N00900609EA0000000503
B1603315601696N00900491EA0000000492
B1603365601758N00900440EA0000000478
B1603415601824N00900479EA0000000471
B1603465601867N00900590EA0000000466
B1603515601871N00900733EA0000000461
B1603565601827N00900869EA0000000451
B1604015601746N00900951EA0000000446
B1604065601653N00900925EA0000000436
B1604115601587N00900807EA0000000424
B1604165601573N00900652EA0000000414
B1604215601612N00900541EA0000000407
B1604265601678N00900547EA0000000399
B1604315601718N00900658EA0000000392
B1604365601705N00900806EA0000000381
B1604425601623N00900940EA0000000374
B1604475601529N00900960EA0000000364
B1604525601446N00900883EA0000000355
B1604575601399N00900744EA0000000346
B1605025601407N00900601EA0000000334
B1605075601464N00900530EA0000000323
B1605125601526N00900576EA0000000318
B1605175601544N00900709EA0000000309
B1605225601508N00900852EA0000000300
B1605275601420N00900903EA0000000289
B1605325601338N00900822EA0000000273
B1605385601292N00900637EA0000000258
B1605435601275N00900473EA0000000248
B1605515601255N00900220EA0000000233
B1605565601244N00900063EA0000000226
B1606025601205N00859875EA0000000213
B1606075601137N00859740EA0000000203
B1606135601032N00859614EA0000000193
B1606215600874N00859475EA0000000179
B1606265600772N00859397EA0000000169
B1606315600662N00859403EA0000000146
B1606365600593N00859543EA0000000130
B1606415600587N00859715EA0000000119
B1606465600601N00859878EA0000000107
B1606525600619N00900075EA0000000094
B1607015600640N00900370EA0000000076
B1607065600652N00900532EA0000000067
B1607115600667N00900695EA0000000059
B1607185600687N00900914EA0000000048
B1607235600701N00901061EA0000000043
B1607285600713N00901196EA0000000039
B1607335600721N00901318EA0000000040
B1607395600716N00901445EA0000000040
B1607465600698N00901550EA0000000041
