AOGNOGN
HFDTE200825
HFFXA050
HFPLTPILOTINCHARGE:
HFGTYGLIDERTYPE:Nimbus 4
HFGIDGLIDERID:OY-XXL
HFDTM100GPSDATUM:WGS-1984
HFRFWFIRMWAREVERSION:
HFRHWHARDWAREVERSION:
HFFTYFRTYPE:OGN-FLIGHTBOOK
HFGPSGENERIC
HFPRSPRESSALTSENSOR:
HFCIDCOMPETITIONID:4M
B0956075600589N00900655EA0000000046
B0956125600600N00900736EA0000000046
B0956125600600N00900736EA0000000046
B0956175600614N00900839EA0000000048
B0956225600630N00900956EA0000000057
B0956285600650N00901098EA0000000077
B0956345600671N00901235EA0000000093
B0956395600688N00901349EA0000000105
B0956475600716N00901529EA0000000127
B0956525600729N00901648EA0000000132
B0956585600728N00901802EA0000000148
B0957045600693N00901951EA0000000161
B0957105600633N00902085EA0000000175
B0957175600539N00902217EA0000000194
B0957225600470N00902301EA0000000213
B0957275600404N00902381EA0000000225
B0957345600312N00902491EA0000000238
B0957395600245N00902571EA0000000255
B0957465600150N00902674EA0000000271
B0957525600124N00902805EA0000000279
B0957585600189N00902849EA0000000288
B0958035600237N00902751EA0000000294
B0958085600243N00902602EA0000000309
B0958135600200N00902463EA0000000326
B0958185600118N00902430EA0000000343
B0958245600082N00902564EA0000000354
B0958295600139N00902602EA0000000367
B0958345600172N00902485EA0000000380
B0958395600117N00902366EA0000000390
B0958445600036N00902396EA0000000404
B0958495600020N00902516EA0000000414
B0958545600080N00902536EA0000000425
B0958595600115N00902411EA0000000433
B0959045600068N00902268EA0000000441
B0959105559962N00902266EA0000000461
B0959155559938N00902388EA0000000468
B0959205559992N00902432EA0000000481
B0959255600033N00902313EA0000000488
B0959315559980N00902131EA0000000504
B0959365559903N00902030EA0000000522
B0959415559817N00902004EA0000000529
B0959465559770N00902103EA0000000537
B0959515559799N00902184EA0000000548
B0959565559854N00902156EA0000000552
B1000015559889N00902039EA0000000559
B1000085559876N00901832EA0000000562
B1000145559824N00901665EA0000000558
B1000225559723N00901498EA0000000561
B1000335559542N00901416EA0000000561
B1000425559405N00901477EA0000000564
B1000495559306N00901557EA0000000571
B1000555559226N00901631EA0000000588
B1001015559172N00901739EA0000000603
B1001075559220N00901821EA0000000618
B1001125559267N00901734EA0000000633
B1001175559242N00901595EA0000000643
B1001225559164N00901537EA0000000655
B1001275559100N00901598EA0000000668
B1001325559107N00901691EA0000000679
B1001375559163N00901686EA0000000687
B1001425559186N00901572EA0000000698
B1001485559131N00901431EA0000000704
B1001535559054N00901398EA0000000716
B1001585558990N00901453EA0000000723
B1002035558984N00901552EA0000000732
B1002085559040N00901577EA0000000737
B1002135559084N00901475EA0000000749
B1002185559046N00901339EA0000000758
B1002235558961N00901335EA0000000769
B1002285558944N00901445EA0000000778
B1002335559009N00901469EA0000000778
B1002385559051N00901335EA0000000787
B1002465558943N00901167EA0000000816
B1002515558881N00901239EA0000000832
B1002565558904N00901333EA0000000836
B1003015558966N00901268EA0000000843
B1003065558945N00901110EA0000000852
B1003115558852N00901079EA0000000864
B1003165558814N00901192EA0000000877
B1003225558880N00901248EA0000000885
B1003275558912N00901105EA0000000893
B1003325558839N00900992EA0000000910
B1003375558767N00901061EA0000000921
B1003435558814N00901148EA0000000934
B1003495558842N00900988EA0000000943
B1003545558756N00900899EA0000000952
B1003595558692N00900985EA0000000971
B1004045558723N00901080EA0000000969
B1004095558789N00901033EA0000000983
B1004155558782N00900854EA0000000993
B1004205558691N00900810EA0000001002
B1004255558646N00900917EA0000001011
B1004305558694N00900993EA0000001014
B1004355558757N00900927EA0000001023
B1004405558766N00900770EA0000001027
B1004455558693N00900658EA0000001037
B1004505558614N00900703EA0000001055
B1004555558603N00900820EA0000001057
B1005005558665N00900852EA0000001060
B1005055558706N00900716EA0000001062
B1005115558635N00900551EA0000001075
B1005165558548N00900581EA0000001090
B1005215558535N00900699EA0000001088
B1005265558599N00900742EA0000001094
B1005315558659N00900647EA0000001101
B1005365558650N00900489EA0000001113
B1005435558566N00900311EA0000001127
B1005495558501N00900155EA0000001134
B1005545558449N00900024EA0000001142
B1006045558317N00859819EA0000001158
B1006105558254N00859659EA0000001158
B1006165558223N00859461EA0000001157
B1006215558194N00859287EA0000001154
B1006275558156N00859070EA0000001154
B1006325558121N00858887EA0000001165
B1006375558078N00858721EA0000001165
B1006455557994N00858473EA0000001179
B1006505557951N00858320EA0000001177
B1006575557893N00858080EA0000001170
B1007065557804N00857778EA0000001168
B1007125557749N00857584EA0000001168
B1007175557699N00857429EA0000001170
B1007235557634N00857257EA0000001178
B1007295557573N00857080EA0000001168
B1007395557470N00856767EA0000001182
B1007445557402N00856657EA0000001196
B1007495557326N00856666EA0000001198
B1007545557303N00856774EA0000001208
B1007595557357N00856821EA0000001211
B1008045557398N00856700EA0000001220
B1008105557336N00856557EA0000001218
B1008155557258N00856588EA0000001224
B1008205557235N00856702EA0000001238
B1008255557286N00856765EA0000001245
B1008315557349N00856649EA0000001259
B1008365557321N00856503EA0000001259
B1008415557237N00856474EA0000001256
B1008465557197N00856576EA0000001271
B1008515557238N00856655EA0000001280
B1008565557305N00856598EA0000001286
B1009015557319N00856448EA0000001300
B1009065557257N00856350EA0000001298
B1009115557192N00856405EA0000001303
B1009165557199N00856514EA0000001311
B1009235557289N00856541EA0000001317
B1009285557349N00856439EA0000001322
B1009335557354N00856282EA0000001328
B1009385557291N00856176EA0000001323
B1009435557213N00856218EA0000001315
B1009495557197N00856356EA0000001328
B1009545557241N00856431EA0000001338
B1009595557309N00856436EA0000001335
B1010045557371N00856331EA0000001333
B1010095557396N00856174EA0000001341
B1010165557345N00855971EA0000001336
B1010215557257N00855928EA0000001337
B1010265557187N00855997EA0000001339
B1010325557151N00856132EA0000001337
B1010375557171N00856241EA0000001340
B1010435557232N00856331EA0000001347
B1010485557283N00856397EA0000001349
B1010545557335N00856496EA0000001343
B1011025557403N00856687EA0000001311
B1011105557483N00856908EA0000001292
B1011155557532N00857049EA0000001287
B1011205557580N00857185EA0000001283
B1011255557624N00857319EA0000001284
B1011315557643N00857493EA0000001279
B1011375557637N00857677EA0000001272
B1011435557643N00857859EA0000001272
B1011485557655N00858007EA0000001272
B1011545557692N00858167EA0000001274
B1011595557738N00858285EA0000001273
B1012055557797N00858423EA0000001280
B1012125557870N00858571EA0000001303
B1012195557940N00858713EA0000001295
B1012245557987N00858826EA0000001299
B1012315558054N00858986EA0000001297
B1012365558107N00859103EA0000001292
B1012425558173N00859239EA0000001291
B1012475558228N00859346EA0000001283
B1012555558316N00859526EA0000001285
B1013015558376N00859666EA0000001310
B1013075558420N00859799EA0000001311
B1013125558450N00859926EA0000001298
B1013185558485N00900089EA0000001313
B1013235558513N00900211EA0000001319
B1013285558535N00900338EA0000001313
B1013335558550N00900477EA0000001323
B1013395558573N00900620EA0000001357
B1013445558591N00900715EA0000001367
B1013505558623N00900843EA0000001342
B1013565558669N00900993EA0000001330
B1014025558720N00901138EA0000001322
B1014095558784N00901302EA0000001311
B1014165558855N00901456EA0000001300
B1014225558912N00901584EA0000001300
B1014285558962N00901726EA0000001296
B1014345559010N00901869EA0000001307
B1014405559056N00901997EA0000001322
B1014475559103N00902153EA0000001305
B1014525559127N00902292EA0000001300
B1014575559145N00902436EA0000001298
B1015065559179N00902678EA0000001295
B1015115559195N00902802EA0000001289
B1015195559215N00903005EA0000001290
B1015245559222N00903134EA0000001283
B1015375559226N00903491EA0000001278
B1015475559232N00903746EA0000001288
B1015535559239N00903900EA0000001277
B1015595559260N00904061EA0000001280
B1016045559283N00904188EA0000001294
B1016105559300N00904335EA0000001304
B1016155559307N00904457EA0000001303
B1016235559313N00904661EA0000001296
B1016285559338N00904801EA0000001299
B1016335559372N00904923EA0000001319
B1016385559411N00905036EA0000001318
B1016435559450N00905149EA0000001353
B1016505559486N00905280EA0000001381
B1016555559511N00905385EA0000001361
B1017025559562N00905561EA0000001336
B1017095559622N00905748EA0000001330
B1017165559683N00905930EA0000001331
B1017215559728N00906058EA0000001339
B1017275559779N00906209EA0000001337
B1017345559837N00906397EA0000001326
B1017415559894N00906598EA0000001322
B1017465559932N00906743EA0000001322
B1017525559962N00906929EA0000001320
B1017585559976N00907125EA0000001326
B1018035559987N00907291EA0000001333
B1018095600002N00907472EA0000001358
B1018165600009N00907657EA0000001368
B1018225600010N00907820EA0000001380
B1018275600017N00907951EA0000001391
B1018345600042N00908134EA0000001382
B1018395600063N00908279EA0000001364
B1018455600086N00908446EA0000001379
B1018515600106N00908601EA0000001367
B1019035600138N00908946EA0000001354
B1019105600152N00909144EA0000001368
B1019185600153N00909355EA0000001379
B1019245600139N00909512EA0000001380
B1019295600127N00909647EA0000001390
B1019345600117N00909783EA0000001409
B1019395600105N00909926EA0000001413
B1019445600101N00910079EA0000001419
B1019515600094N00910322EA0000001394
B1019565600088N00910508EA0000001383
B1020015600081N00910694EA0000001380
B1020095600058N00910984EA0000001383
B1020185600029N00911301EA0000001398
B1020235600017N00911484EA0000001387
B1020285600010N00911668EA0000001390
B1020375559989N00911998EA0000001399
B1020425559976N00912178EA0000001406
B1020485559980N00912379EA0000001417
B1020545559993N00912574EA0000001427
B1020595600011N00912733EA0000001420
B1021065600057N00912953EA0000001405
B1021145600132N00913180EA0000001408
B1021215600203N00913377EA0000001392
B1021275600265N00913548EA0000001388
B1021325600315N00913695EA0000001379
B1021395600389N00913903EA0000001374
B1021445600443N00914048EA0000001362
B1021495600500N00914196EA0000001358
B1021555600567N00914366EA0000001364
B1022005600618N00914513EA0000001362
B1022075600669N00914736EA0000001370
B1022135600701N00914937EA0000001357
B1022185600719N00915109EA0000001354
B1022245600734N00915315EA0000001351
B1022295600746N00915488EA0000001349
B1022345600760N00915661EA0000001342
B1022435600784N00915978EA0000001332
B1022505600804N00916229EA0000001316
B1022555600826N00916404EA0000001317
B1023065600878N00916755EA0000001346
B1023125600900N00916938EA0000001317
B1023175600921N00917106EA0000001303
B1023225600944N00917274EA0000001300
B1023295600983N00917506EA0000001291
B1023365601010N00917739EA0000001302
B1023415601034N00917896EA0000001324
B1023485601068N00918088EA0000001353
B1023545601108N00918224EA0000001360
B1023595601147N00918335EA0000001354
B1024045601193N00918443EA0000001356
B1024125601278N00918602EA0000001343
B1024175601341N00918704EA0000001337
B1024225601408N00918806EA0000001337
B1024315601535N00918988EA0000001335
B1024365601610N00919089EA0000001334
B1024415601680N00919192EA0000001348
B1024465601734N00919297EA0000001366
B1024545601812N00919452EA0000001365
B1024595601860N00919563EA0000001351
B1025095601965N00919826EA0000001342
B1025215602072N00920188EA0000001327
B1025265602109N00920339EA0000001323
B1025335602131N00920557EA0000001323
B1025465602055N00920960EA0000001311
B1025535601970N00921166EA0000001301
B1026025601835N00921407EA0000001285
B1026105601709N00921615EA0000001272
B1026195601566N00921854EA0000001267
B1026285601425N00922096EA0000001256
B1026335601347N00922227EA0000001249
B1026415601225N00922441EA0000001240
B1026465601151N00922576EA0000001237
B1026525601061N00922736EA0000001233
B1026595600954N00922920EA0000001227
B1027055600864N00923075EA0000001226
B1027105600797N00923208EA0000001225
B1027185600690N00923425EA0000001213
B1027235600625N00923562EA0000001210
B1027325600504N00923805EA0000001197
B1027415600379N00924038EA0000001197
B1027485600264N00924187EA0000001193
B1027555600138N00924316EA0000001194
B1028045559967N00924480EA0000001188
B1028125559813N00924643EA0000001189
B1028175559720N00924748EA0000001190
B1028225559632N00924857EA0000001185
B1028275559545N00924972EA0000001176
B1028355559396N00925148EA0000001166
B1028415559283N00925277EA0000001160
B1028465559188N00925384EA0000001159
B1028525559077N00925514EA0000001156
B1028585558966N00925641EA0000001151
B1029045558857N00925770EA0000001144
B1029095558768N00925878EA0000001140
B1029185558604N00926062EA0000001130
B1029235558512N00926160EA0000001122
B1029295558403N00926279EA0000001117
B1029345558319N00926385EA0000001115
B1029405558223N00926516EA0000001114
B1029465558128N00926645EA0000001109
B1029535558016N00926797EA0000001100
B1029585557943N00926913EA0000001096
B1030065557831N00927105EA0000001084
B1030125557750N00927256EA0000001079
B1030185557669N00927411EA0000001079
B1030235557602N00927534EA0000001085
B1030315557500N00927717EA0000001090
B1030365557442N00927820EA0000001110
B1030415557389N00927909EA0000001120
B1030475557341N00928014EA0000001128
B1030575557278N00928214EA0000001137
B1031045557243N00928365EA0000001156
B1031095557220N00928470EA0000001163
B1031165557188N00928618EA0000001180
B1031225557161N00928746EA0000001189
B1031295557132N00928900EA0000001197
B1031345557114N00929008EA0000001209
B1031415557090N00929159EA0000001222
B1031465557074N00929267EA0000001229
B1031565557032N00929492EA0000001233
B1032015557007N00929601EA0000001242
B1032075556982N00929724EA0000001245
B1032125556962N00929844EA0000001236
B1032225556928N00930106EA0000001242
B1032275556904N00930240EA0000001249
B1032325556875N00930363EA0000001277
B1032495556789N00930775EA0000001326
B1033175556672N00931671EA0000001316
B1033495556454N00932786EA0000001278
B1033555556400N00932990EA0000001275
B1034155556208N00933665EA0000001247
B1034215556148N00933863EA0000001245
B1034505555810N00934753EA0000001208
B1035265555346N00935770EA0000001205
B1035385555239N00936117EA0000001205
B1035475555191N00936393EA0000001194
B1037075555256N00938839EA0000001134
B1037235555246N00939279EA0000001142
B1037365555254N00939647EA0000001123
B1037505555401N00939966EA0000001118
B1037565555475N00940098EA0000001123
B1038015555531N00940214EA0000001132
B1038085555594N00940365EA0000001169
B1038155555637N00940504EA0000001176
B1038225555662N00940678EA0000001154
B1038355555692N00941063EA0000001126
B1038475555686N00941430EA0000001103
B1038585555647N00941770EA0000001093
B1039095555589N00942090EA0000001073
B1039165555498N00942266EA0000001056
B1039325555215N00942585EA0000001033
B1039385555117N00942706EA0000001027
B1039455555024N00942881EA0000001036
B1039505554960N00942988EA0000001056
B1040085554980N00942996EA0000001110
B1040165554856N00942993EA0000001123
B1040305554972N00942965EA0000001154
B1040415554816N00942891EA0000001185
B1040585554915N00942824EA0000001226
B1041075554782N00942775EA0000001246
B1041275554857N00942712EA0000001296
B1041445554784N00942843EA0000001326
B1041535554829N00942622EA0000001342
B1042475554663N00943825EA0000001336
B1042525554658N00943990EA0000001336
B1042595554647N00944216EA0000001340
B1043055554638N00944410EA0000001334
B1043155554630N00944739EA0000001325
B1043275554631N00945133EA0000001312
B1043355554636N00945398EA0000001296
B1043425554631N00945632EA0000001290
B1043475554624N00945798EA0000001288
B1043545554615N00946032EA0000001273
B1044045554598N00946365EA0000001271
B1044175554578N00946773EA0000001270
B1044265554560N00947048EA0000001266
B1044315554546N00947206EA0000001264
B1044375554539N00947396EA0000001279
B1044435554537N00947567EA0000001280
B1044495554527N00947749EA0000001268
B1044545554507N00947911EA0000001273
B1044595554482N00948071EA0000001277
B1045095554441N00948362EA0000001288
B1045155554421N00948518EA0000001290
B1045205554400N00948656EA0000001307
B1045275554361N00948823EA0000001327
B1045345554319N00948983EA0000001338
B1045435554312N00949187EA0000001360
B1045505554319N00949326EA0000001362
B1045575554333N00949498EA0000001330
B1046035554341N00949670EA0000001321
B1046115554350N00949909EA0000001305
B1046165554355N00950062EA0000001300
B1046225554362N00950248EA0000001287
B1046325554367N00950574EA0000001277
B1046385554376N00950759EA0000001276
B1046505554413N00951115EA0000001269
B1047095554432N00951632EA0000001318
B1047155554426N00951773EA0000001333
B1047235554422N00951951EA0000001352
B1047295554419N00952095EA0000001369
B1047355554413N00952243EA0000001368
B1047445554464N00952425EA0000001388
B1047585554554N00952176EA0000001424
B1048125554476N00951775EA0000001429
B1048325554388N00951102EA0000001452
B1048445554317N00950669EA0000001418
B1049185554104N00949262EA0000001362
B1049265554057N00948944EA0000001362
B1049455553893N00948229EA0000001336
B1049515553831N00948013EA0000001360
B1050015553741N00947684EA0000001388
B1050065553712N00947522EA0000001401
B1050125553711N00947320EA0000001428
B1050225553754N00946932EA0000001382
B1050275553797N00946726EA0000001388
B1050355553873N00946398EA0000001392
B1050425553950N00946116EA0000001386
B1050495554035N00945817EA0000001386
B1050545554096N00945595EA0000001383
B1051015554185N00945275EA0000001368
B1051115554313N00944811EA0000001354
B1051235554463N00944263EA0000001328
B1051345554602N00943758EA0000001307
B1051425554691N00943382EA0000001296
B1055025555701N00935145EA0000001206
B1055075555761N00934998EA0000001192
B1055135555849N00934841EA0000001172
B1055185555929N00934719EA0000001162
B1055255556040N00934538EA0000001148
B1055315556129N00934373EA0000001140
B1055365556200N00934228EA0000001127
B1055435556305N00934031EA0000001114
B1055485556384N00933902EA0000001112
B1055555556494N00933726EA0000001113
B1056025556600N00933538EA0000001107
B1056085556685N00933360EA0000001098
B1056145556771N00933185EA0000001098
B1056195556842N00933043EA0000001087
B1056285556965N00932797EA0000001083
B1056335557037N00932668EA0000001082
B1056395557115N00932503EA0000001099
B1056455557154N00932316EA0000001114
B1056525557174N00932077EA0000001114
B1057005557217N00931828EA0000001134
B1057055557246N00931679EA0000001136
B1057105557269N00931529EA0000001144
B1057215557326N00931200EA0000001114
B1057265557354N00931032EA0000001119
B1057345557394N00930761EA0000001134
B1057425557436N00930526EA0000001162
B1057475557475N00930410EA0000001170
B1057525557522N00930323EA0000001189
B1057585557593N00930273EA0000001196
B1058035557648N00930210EA0000001211
B1058085557681N00930090EA0000001210
B1058155557683N00929872EA0000001205
B1058225557670N00929626EA0000001202
B1058305557642N00929351EA0000001218
B1058355557621N00929192EA0000001235
B1058405557616N00929050EA0000001245
B1058485557649N00928810EA0000001226
B1058535557678N00928643EA0000001225
B1059035557731N00928305EA0000001224
B1059115557787N00928030EA0000001202
B1059165557830N00927847EA0000001188
B1059235557885N00927579EA0000001173
B1059295557944N00927354EA0000001165
B1059345558001N00927169EA0000001163
B1059405558063N00926942EA0000001163
B1059455558108N00926749EA0000001181
B1059535558149N00926497EA0000001232
B1100045558150N00926187EA0000001255
B1100105558124N00926002EA0000001240
B1100155558105N00925818EA0000001241
B1100255558082N00925444EA0000001240
B1100345558089N00925108EA0000001212
B1100405558095N00924887EA0000001192
B1100465558107N00924665EA0000001187
B1100545558112N00924374EA0000001206
B1100595558093N00924199EA0000001222
B1101065558037N00924012EA0000001271
B1101125557961N00923888EA0000001268
B1101195557906N00923683EA0000001264
B1101335557979N00923207EA0000001239
B1101415558046N00922933EA0000001229
B1101505558124N00922604EA0000001215
B1102025558232N00922161EA0000001223
B1102075558260N00921968EA0000001242
B1102135558277N00921765EA0000001265
B1102205558278N00921536EA0000001279
B1102275558255N00921303EA0000001276
B1102325558253N00921126EA0000001269
B1102385558261N00920901EA0000001251
B1102445558286N00920659EA0000001233
B1102515558328N00920365EA0000001221
B1103015558389N00919940EA0000001226
B1103125558463N00919499EA0000001216
B1103195558509N00919221EA0000001209
B1103265558550N00918936EA0000001201
B1103335558589N00918654EA0000001206
B1103385558621N00918455EA0000001204
B1103445558662N00918214EA0000001201
B1103515558714N00917935EA0000001193
B1104015558788N00917532EA0000001184
B1104105558843N00917153EA0000001172
B1104175558871N00916857EA0000001171
B1104225558885N00916645EA0000001165
B1104295558886N00916344EA0000001154
B1104355558881N00916081EA0000001142
B1104455558909N00915655EA0000001145
B1104525558956N00915376EA0000001146
B1104595558986N00915095EA0000001141
B1105045558995N00914892EA0000001141
B1105095559004N00914675EA0000001127
B1105145559011N00914452EA0000001141
B1105195559002N00914246EA0000001147
B1105305558969N00913796EA0000001122
B1105355558961N00913578EA0000001121
B1105405558951N00913378EA0000001179
B1105455558910N00913243EA0000001203
B1105525558821N00913307EA0000001208
B1105575558852N00913422EA0000001218
B1106025558927N00913402EA0000001236
B1106085558954N00913221EA0000001257
B1106135558904N00913091EA0000001272
B1106205558809N00913143EA0000001276
B1106255558823N00913268EA0000001280
B1106305558893N00913297EA0000001304
B1106355558946N00913190EA0000001317
B1106405558943N00913025EA0000001325
B1106465558908N00912818EA0000001326
B1106515558904N00912632EA0000001328
B1106575558935N00912410EA0000001333
B1107025558977N00912238EA0000001330
B1107075559033N00912068EA0000001314
B1107125559096N00911888EA0000001304
B1107175559159N00911697EA0000001289
B1107225559222N00911498EA0000001279
B1107315559344N00911141EA0000001271
B1107375559424N00910905EA0000001271
B1107435559499N00910664EA0000001261
B1107485559556N00910467EA0000001262
B1107545559623N00910237EA0000001256
B1108025559707N00909923EA0000001267
B1108085559767N00909687EA0000001262
B1108145559825N00909458EA0000001257
B1108205559886N00909234EA0000001246
B1108265559947N00909010EA0000001242
B1108365600047N00908659EA0000001245
B1108445600103N00908377EA0000001258
B1108505600102N00908182EA0000001298
B1108555600083N00908036EA0000001297
B1109025600077N00907812EA0000001301
B1109085600092N00907620EA0000001304
B1109145600106N00907432EA0000001319
B1109205600117N00907242EA0000001324
B1109255600126N00907072EA0000001322
B1109315600150N00906867EA0000001319
B1109375600176N00906665EA0000001339
B1109425600195N00906507EA0000001363
B1109495600215N00906305EA0000001380
B1109555600238N00906108EA0000001346
B1110015600259N00905896EA0000001354
B1110065600277N00905728EA0000001350
B1110125600308N00905527EA0000001347
B1110195600335N00905303EA0000001364
B1110265600347N00905081EA0000001347
B1110355600370N00904752EA0000001345
B1110405600392N00904576EA0000001368
B1110465600429N00904403EA0000001385
B1110515600464N00904267EA0000001374
B1110565600500N00904109EA0000001366
B1111035600544N00903868EA0000001377
B1111085600573N00903696EA0000001375
B1111135600596N00903526EA0000001377
B1111235600602N00903167EA0000001359
B1111285600590N00902978EA0000001349
B1111345600568N00902745EA0000001348
B1111405600550N00902501EA0000001335
B1111475600530N00902217EA0000001336
B1111565600497N00901864EA0000001332
B1112035600471N00901586EA0000001332
B1112105600446N00901302EA0000001324
B1112165600431N00901056EA0000001319
B1112275600404N00900604EA0000001305
B1112355600382N00900285EA0000001296
B1112415600366N00900052EA0000001289
B1112465600349N00859861EA0000001281
B1112525600326N00859633EA0000001277
B1113015600286N00859303EA0000001291
B1113075600263N00859091EA0000001308
B1113125600235N00858932EA0000001321
B1113185600186N00858761EA0000001330
B1113255600128N00858549EA0000001329
B1113345600060N00858252EA0000001332
B1114055559857N00857179EA0000001327
B1114105559843N00857027EA0000001343
B1114185559859N00856774EA0000001315
B1114235559880N00856595EA0000001302
B1114285559903N00856416EA0000001298
B1114345559932N00856206EA0000001292
B1114425559966N00855921EA0000001280
B1114505559989N00855637EA0000001275
B1114565559997N00855428EA0000001271
B1115015600005N00855257EA0000001268
B1115075600015N00855046EA0000001261
B1115125600029N00854874EA0000001260
B1115205600058N00854606EA0000001257
B1115255600075N00854432EA0000001253
B1115315600103N00854231EA0000001261
B1115385600148N00854012EA0000001285
B1115445600180N00853824EA0000001281
B1115515600222N00853613EA0000001288
B1115565600255N00853457EA0000001292
B1116025600279N00853263EA0000001304
B1116105600300N00853004EA0000001314
B1116165600298N00852807EA0000001326
B1116235600275N00852577EA0000001324
B1116295600247N00852383EA0000001320
B1116405600223N00852000EA0000001328
B1116495600220N00851672EA0000001305
B1116545600225N00851480EA0000001300
B1116595600234N00851286EA0000001296
B1117045600242N00851095EA0000001292
B1117145600259N00850717EA0000001280
B1117205600270N00850490EA0000001274
B1117275600264N00850230EA0000001278
B1117375600228N00849891EA0000001282
B1117445600207N00849658EA0000001280
B1117505600199N00849461EA0000001279
B1117575600214N00849232EA0000001266
B1118035600254N00849038EA0000001262
B1118115600309N00848778EA0000001269
B1118175600355N00848601EA0000001287
B1118225600392N00848473EA0000001295
B1118285600434N00848322EA0000001292
B1118345600480N00848156EA0000001274
B1118405600528N00847978EA0000001270
B1118505600601N00847665EA0000001265
B1119005600658N00847339EA0000001258
B1119125600703N00846921EA0000001223
B1119195600725N00846645EA0000001209
B1119265600730N00846360EA0000001205
B1119315600725N00846157EA0000001223
B1119365600729N00845982EA0000001247
B1119425600737N00845782EA0000001246
B1119505600736N00845512EA0000001242
B1120015600700N00845107EA0000001232
B1120065600664N00844918EA0000001248
B1120115600646N00844746EA0000001286
B1120165600662N00844604EA0000001289
B1120215600719N00844481EA0000001294
B1120265600748N00844333EA0000001298
B1120335600723N00844098EA0000001299
B1120385600688N00843935EA0000001316
B1120475600621N00843678EA0000001349
B1120525600545N00843605EA0000001348
B1120595600471N00843725EA0000001360
B1121045600515N00843800EA0000001376
B1121105600579N00843701EA0000001382
B1121155600554N00843549EA0000001400
B1121205600476N00843490EA0000001404
B1121255600413N00843565EA0000001408
B1121315600432N00843686EA0000001422
B1121375600507N00843647EA0000001425
B1121425600518N00843495EA0000001438
B1121475600459N00843375EA0000001445
B1121525600374N00843379EA0000001445
B1121575600335N00843483EA0000001449
B1122025600377N00843556EA0000001459
B1122075600441N00843509EA0000001467
B1122135600462N00843351EA0000001486
B1122185600433N00843209EA0000001486
B1122265600354N00842981EA0000001475
B1122315600295N00842821EA0000001459
B1122365600231N00842657EA0000001454
B1122425600152N00842467EA0000001467
B1122475600084N00842352EA0000001498
B1122555559998N00842132EA0000001475
B1123005559948N00841968EA0000001485
B1123125559827N00841583EA0000001481
B1123245559710N00841172EA0000001474
B1123315559638N00840942EA0000001493
B1123455559526N00840459EA0000001453
B1123525559469N00840169EA0000001441
B1123585559421N00839925EA0000001442
B1124045559376N00839695EA0000001452
B1124115559327N00839432EA0000001445
B1124165559284N00839250EA0000001446
B1124245559177N00839014EA0000001436
B1124325559045N00838793EA0000001430
B1124375558958N00838660EA0000001425
B1124425558872N00838527EA0000001422
B1124505558745N00838253EA0000001403
B1125035558563N00837741EA0000001393
B1125405558061N00836257EA0000001365
B1125475557957N00836010EA0000001363
B1125525557881N00835838EA0000001366
B1126105557651N00835190EA0000001384
B1126185557571N00834906EA0000001403
B1126585557358N00833384EA0000001323
B1127035557392N00833195EA0000001318
B1127085557427N00833008EA0000001315
B1127135557467N00832820EA0000001307
B1127235557553N00832442EA0000001302
B1127305557607N00832177EA0000001302
B1127435557670N00831683EA0000001317
B1127555557704N00831279EA0000001336
B1128165557957N00830730EA0000001311
B1128275558119N00830451EA0000001298
B1128395558301N00830145EA0000001282
B1128585558565N00829589EA0000001269
B1129065558645N00829343EA0000001277
B1129155558715N00829039EA0000001274
B1129285558815N00828596EA0000001287
B1129465558895N00827938EA0000001259
B1131335558964N00823642EA0000001179
B1131425558886N00823431EA0000001216
B1131495558830N00823567EA0000001230
B1132065558920N00823354EA0000001247
B1132335558886N00823282EA0000001294
B1132555558894N00823277EA0000001323
B1133005558816N00823266EA0000001333
B1133165558884N00823441EA0000001347
B1133415558837N00822821EA0000001373
B1134095558845N00822735EA0000001402
B1134275558843N00822911EA0000001415
B1135365559541N00820981EA0000001404
B1135555559614N00820605EA0000001444
B1136215559535N00820510EA0000001518
B1136445559530N00820390EA0000001551
B1137205559431N00820209EA0000001615
B1137315559358N00820370EA0000001639
B1137595559444N00820002EA0000001630
B1138045559367N00819995EA0000001628
B1138165559314N00820189EA0000001651
B1138285559380N00820464EA0000001586
B1138465559522N00821044EA0000001561
B1138525559567N00821238EA0000001557
B1139075559660N00821705EA0000001550
B1139185559731N00822050EA0000001533
B1139245559771N00822236EA0000001524
B1139295559806N00822396EA0000001518
B1140245600291N00824113EA0000001465
B1140315600371N00824313EA0000001462
B1140455600529N00824715EA0000001434
B1140525600607N00824942EA0000001441
B1140585600674N00825110EA0000001439
B1141045600742N00825284EA0000001426
B1141095600801N00825439EA0000001409
B1141155600863N00825613EA0000001425
B1141235600946N00825798EA0000001382
B1141315601049N00826055EA0000001349
B1141385601138N00826292EA0000001327
B1141475601243N00826583EA0000001342
B1141535601302N00826763EA0000001340
B1141585601354N00826911EA0000001334
B1142045601413N00827089EA0000001329
B1142135601501N00827356EA0000001314
B1142265601621N00827746EA0000001290
B1142485601874N00828383EA0000001268
B1142535601928N00828523EA0000001256
B1143015602013N00828750EA0000001260
B1143095602089N00828977EA0000001264
B1143165602151N00829176EA0000001262
B1143225602203N00829353EA0000001243
B1143305602284N00829610EA0000001241
B1143405602388N00829927EA0000001243
B1143455602440N00830081EA0000001240
B1143545602532N00830360EA0000001235
B1143595602583N00830522EA0000001227
B1144045602633N00830681EA0000001222
B1144115602700N00830888EA0000001234
B1144165602749N00831036EA0000001222
B1144215602806N00831187EA0000001223
B1144265602864N00831330EA0000001236
B1144315602920N00831464EA0000001256
B1144385602998N00831639EA0000001263
B1144435603057N00831764EA0000001260
B1144495603125N00831920EA0000001250
B1144545603181N00832051EA0000001252
B1145015603257N00832235EA0000001242
B1145075603321N00832395EA0000001232
B1145125603361N00832542EA0000001230
B1145185603381N00832736EA0000001220
B1145245603364N00832930EA0000001223
B1145325603320N00833175EA0000001219
B1145375603273N00833327EA0000001218
B1145435603204N00833505EA0000001208
B1145505603111N00833711EA0000001203
B1145555603039N00833854EA0000001201
B1146025602941N00834050EA0000001201
B1146105602834N00834271EA0000001192
B1146165602748N00834435EA0000001183
B1146225602657N00834598EA0000001169
B1146285602565N00834761EA0000001160
B1146375602430N00834993EA0000001153
B1146435602339N00835136EA0000001135
B1146515602214N00835322EA0000001116
B1146565602140N00835443EA0000001104
B1147015602066N00835561EA0000001100
B1147065601991N00835681EA0000001098
B1147125601901N00835808EA0000001115
B1147175601837N00835919EA0000001118
B1147225601803N00836057EA0000001116
B1147285601803N00836239EA0000001113
B1147335601827N00836386EA0000001117
B1147395601873N00836552EA0000001121
B1147455601915N00836701EA0000001135
B1147505601951N00836822EA0000001134
B1147555601987N00836946EA0000001144
B1148015602026N00837078EA0000001165
B1148075602062N00837202EA0000001178
B1148155602115N00837371EA0000001194
B1148215602153N00837502EA0000001215
B1148315602214N00837725EA0000001231
B1148425602298N00837965EA0000001233
B1148485602347N00838089EA0000001248
B1148545602398N00838195EA0000001247
B1149035602481N00838370EA0000001250
B1149095602520N00838503EA0000001262
B1149155602560N00838625EA0000001285
B1149205602595N00838732EA0000001265
B1149275602659N00838897EA0000001254
B1149335602710N00839039EA0000001252
B1149415602765N00839241EA0000001243
B1149465602803N00839367EA0000001241
B1149515602844N00839485EA0000001239
B1150005602923N00839695EA0000001231
B1150055602966N00839811EA0000001225
B1150115603016N00839954EA0000001216
B1150195603083N00840146EA0000001214
B1150245603124N00840270EA0000001206
B1150295603164N00840395EA0000001199
B1150355603212N00840541EA0000001189
B1150425603273N00840710EA0000001176
B1150505603338N00840911EA0000001166
B1150575603398N00841093EA0000001153
B1151045603457N00841280EA0000001148
B1151105603507N00841445EA0000001143
B1151155603549N00841583EA0000001145
B1151235603609N00841801EA0000001148
B1151285603648N00841923EA0000001151
B1151345603693N00842069EA0000001140
B1151435603763N00842294EA0000001135
B1151485603795N00842421EA0000001133
B1151555603826N00842608EA0000001143
B1152035603856N00842782EA0000001178
B1152085603874N00842881EA0000001160
B1152135603901N00843003EA0000001136
B1152185603931N00843129EA0000001133
B1152245603971N00843273EA0000001125
B1152295604007N00843395EA0000001119
B1152345604039N00843515EA0000001121
B1152405604081N00843658EA0000001114
B1152455604123N00843776EA0000001115
B1152515604170N00843907EA0000001116
B1152565604209N00844022EA0000001106
B1153015604259N00844130EA0000001102
B1153065604313N00844227EA0000001100
B1153155604418N00844411EA0000001085
B1153225604510N00844537EA0000001096
B1153275604572N00844612EA0000001118
B1153325604616N00844696EA0000001106
B1153375604632N00844823EA0000001102
B1153435604661N00844975EA0000001103
B1153495604700N00845125EA0000001100
B1153545604751N00845235EA0000001102
B1153595604818N00845317EA0000001103
B1154045604883N00845387EA0000001118
B1154105604911N00845518EA0000001119
B1154155604845N00845556EA0000001125
B1154235604812N00845363EA0000001125
B1154295604881N00845270EA0000001138
B1154345604943N00845281EA0000001139
B1154405604986N00845389EA0000001133
B1154455604998N00845510EA0000001124
B1154535604994N00845715EA0000001100
B1154585604981N00845853EA0000001087
B1155035604972N00845996EA0000001094
B1155115604939N00846194EA0000001109
B1155165604915N00846312EA0000001109
B1155245604961N00846481EA0000001118
B1155335605057N00846320EA0000001116
B1155385605019N00846182EA0000001121
B1155435604943N00846135EA0000001125
B1155495604862N00846187EA0000001129
B1155575604799N00846351EA0000001131
B1156025604788N00846475EA0000001143
B1156085604776N00846611EA0000001153
B1156135604798N00846714EA0000001143
B1156235604899N00846574EA0000001132
B1156285604853N00846453EA0000001132
B1156355604755N00846450EA0000001141
B1156405604693N00846508EA0000001149
B1156455604650N00846591EA0000001153
B1156505604639N00846697EA0000001134
B1156555604659N00846808EA0000001123
B1157015604701N00846939EA0000001117
B1157065604738N00847041EA0000001124
B1157115604773N00847136EA0000001151
B1157165604779N00847233EA0000001157
B1157225604699N00847253EA0000001159
B1157275604686N00847113EA0000001170
B1157325604752N00847083EA0000001180
B1157375604755N00847190EA0000001199
B1157425604684N00847192EA0000001207
B1157495604672N00847019EA0000001224
B1157545604737N00847002EA0000001233
B1157595604751N00847108EA0000001246
B1158045604682N00847148EA0000001254
B1158105604640N00847001EA0000001268
B1158155604692N00846916EA0000001281
B1158205604744N00846974EA0000001295
B1158255604708N00847071EA0000001303
B1158305604639N00847005EA0000001307
B1158355604659N00846873EA0000001318
B1158405604718N00846906EA0000001327
B1158455604690N00847008EA0000001339
B1158505604618N00846972EA0000001344
B1158555604615N00846835EA0000001353
B1159005604675N00846790EA0000001361
B1159055604713N00846873EA0000001374
B1159135604626N00846936EA0000001372
B1159185604608N00846793EA0000001378
B1159245604682N00846728EA0000001388
B1159295604734N00846794EA0000001406
B1159345604720N00846900EA0000001404
B1159395604641N00846890EA0000001402
B1159455604616N00846727EA0000001416
B1159505604671N00846653EA0000001424
B1159565604729N00846733EA0000001432
B1200025604682N00846840EA0000001438
B1200075604608N00846780EA0000001430
B1200125604603N00846635EA0000001442
B1200185604682N00846549EA0000001448
B1200235604753N00846531EA0000001465
B1200315604862N00846542EA0000001471
B1200365604931N00846571EA0000001474
B1200415604997N00846608EA0000001482
B1200475605073N00846660EA0000001484
B1200525605129N00846722EA0000001494
B1200575605179N00846790EA0000001496
B1201025605227N00846874EA0000001484
B1201075605274N00846971EA0000001484
B1201135605334N00847079EA0000001490
B1201185605389N00847169EA0000001474
B1201235605444N00847270EA0000001472
B1201285605496N00847367EA0000001474
B1201345605559N00847478EA0000001465
B1201395605615N00847577EA0000001455
B1201445605677N00847671EA0000001450
B1201505605752N00847770EA0000001449
B1201555605813N00847849EA0000001443
B1202015605882N00847954EA0000001433
B1202115605999N00848173EA0000001408
B1202165606057N00848288EA0000001407
B1202215606119N00848392EA0000001410
B1202285606211N00848513EA0000001411
B1202345606295N00848615EA0000001410
B1202395606365N00848696EA0000001417
B1202445606431N00848775EA0000001413
B1202495606498N00848863EA0000001408
B1202545606561N00848957EA0000001430
B1203005606620N00849070EA0000001444
B1203065606662N00849210EA0000001452
B1203115606679N00849326EA0000001470
B1203165606679N00849451EA0000001483
B1203215606696N00849569EA0000001502
B1203285606788N00849688EA0000001488
B1203355606880N00849804EA0000001506
B1203415606958N00849904EA0000001484
B1203475607054N00850010EA0000001452
B1203525607140N00850105EA0000001439
B1203595607263N00850242EA0000001428
B1204055607364N00850359EA0000001425
B1204105607451N00850448EA0000001416
B1204165607538N00850578EA0000001417
B1204225607598N00850742EA0000001428
B1204295607637N00850947EA0000001435
B1204345607648N00851107EA0000001427
B1204415607657N00851351EA0000001414
B1204495607664N00851637EA0000001414
B1204555607667N00851847EA0000001406
B1205025607678N00852092EA0000001395
B1205075607699N00852265EA0000001394
B1205125607730N00852429EA0000001399
B1205175607768N00852582EA0000001411
B1205225607807N00852730EA0000001414
B1205285607850N00852902EA0000001436
B1205335607886N00853006EA0000001445
B1205385607926N00853107EA0000001428
B1205445607993N00853238EA0000001408
B1205495608057N00853355EA0000001397
B1205585608168N00853598EA0000001379
B1206045608244N00853764EA0000001383
B1206105608318N00853936EA0000001380
B1206165608390N00854109EA0000001370
B1206215608453N00854251EA0000001365
B1206265608518N00854388EA0000001357
B1206315608574N00854542EA0000001349
B1206365608618N00854713EA0000001347
B1206415608653N00854881EA0000001354
B1206465608683N00855042EA0000001353
B1206515608708N00855213EA0000001343
B1206565608729N00855392EA0000001346
B1207015608771N00855548EA0000001353
B1207065608833N00855669EA0000001348
B1207135608941N00855805EA0000001335
B1207265609154N00856026EA0000001319
B1207345609282N00856162EA0000001308
B1207395609354N00856263EA0000001314
B1207445609416N00856385EA0000001315
B1207495609473N00856524EA0000001300
B1207565609535N00856738EA0000001292
B1208015609564N00856899EA0000001284
B1208075609584N00857098EA0000001273
B1208125609593N00857262EA0000001259
B1208205609590N00857541EA0000001243
B1208265609588N00857746EA0000001236
B1208345609583N00858012EA0000001219
B1208405609579N00858209EA0000001206
B1208465609577N00858410EA0000001191
B1208515609578N00858584EA0000001184
B1208575609582N00858789EA0000001176
B1209035609580N00858993EA0000001175
B1209105609556N00859232EA0000001176
B1209175609510N00859449EA0000001191
B1209225609472N00859588EA0000001193
B1209285609431N00859743EA0000001204
B1209355609387N00859918EA0000001202
B1209405609386N00900052EA0000001199
B1209475609436N00900217EA0000001188
B1209525609482N00900324EA0000001183
B1210005609552N00900502EA0000001180
B1210095609629N00900711EA0000001165
B1210155609693N00900821EA0000001149
B1210205609748N00900908EA0000001143
B1210255609805N00900997EA0000001131
B1210315609879N00901111EA0000001125
B1210385609967N00901231EA0000001127
B1210455610055N00901342EA0000001142
B1210505610099N00901427EA0000001144
B1210565610049N00901560EA0000001152
B1211015609968N00901511EA0000001167
B1211065609969N00901367EA0000001167
B1211115610042N00901339EA0000001174
B1211165610071N00901449EA0000001179
B1211215610022N00901564EA0000001191
B1211265609941N00901587EA0000001204
B1211315609907N00901458EA0000001200
B1211385609996N00901361EA0000001200
B1211435610050N00901434EA0000001213
B1211485610054N00901552EA0000001225
B1211545609964N00901603EA0000001224
B1211595609917N00901467EA0000001237
B1212045609972N00901374EA0000001240
B1212095610026N00901456EA0000001247
B1212145609979N00901565EA0000001257
B1212195609894N00901508EA0000001264
B1212245609890N00901352EA0000001276
B1212305609970N00901328EA0000001277
B1212355609996N00901441EA0000001288
B1212405609933N00901532EA0000001285
B1212465609854N00901407EA0000001299
B1212515609908N00901296EA0000001299
B1212565609971N00901368EA0000001308
B1213015609944N00901505EA0000001309
B1213065609852N00901506EA0000001330
B1213115609809N00901363EA0000001342
B1213165609856N00901242EA0000001347
B1213215609924N00901261EA0000001357
B1213265609937N00901377EA0000001363
B1213315609877N00901461EA0000001363
B1213385609776N00901343EA0000001391
B1213435609806N00901207EA0000001392
B1213485609875N00901240EA0000001394
B1213535609859N00901373EA0000001400
B1213585609775N00901408EA0000001420
B1214035609714N00901284EA0000001434
B1214085609746N00901146EA0000001439
B1214135609814N00901170EA0000001439
B1214185609814N00901303EA0000001446
B1214235609742N00901378EA0000001470
B1214295609658N00901270EA0000001486
B1214345609691N00901136EA0000001489
B1214405609774N00901162EA0000001501
B1214455609775N00901289EA0000001503
B1214505609708N00901371EA0000001526
B1214555609629N00901305EA0000001549
B1215005609624N00901161EA0000001552
B1215055609695N00901111EA0000001558
B1215105609738N00901202EA0000001575
B1215155609695N00901307EA0000001589
B1215205609610N00901286EA0000001607
B1215255609585N00901145EA0000001622
B1215305609632N00901045EA0000001628
B1215355609692N00901082EA0000001638
B1215405609695N00901200EA0000001642
B1215455609633N00901280EA0000001655
B1215505609556N00901212EA0000001670
B1215565609572N00901051EA0000001682
B1216015609639N00901051EA0000001690
B1216075609662N00901182EA0000001696
B1216135609656N00901365EA0000001685
B1216205609693N00901563EA0000001715
B1216265609739N00901723EA0000001720
B1216335609805N00901932EA0000001691
B1216405609884N00902170EA0000001668
B1216475609961N00902408EA0000001661
B1216525610021N00902563EA0000001654
B1216595610107N00902782EA0000001639
B1217045610167N00902938EA0000001637
B1217115610251N00903152EA0000001630
B1217185610340N00903352EA0000001624
B1217245610418N00903522EA0000001618
B1217325610527N00903734EA0000001614
B1217375610597N00903857EA0000001615
B1217435610676N00904008EA0000001606
B1217495610755N00904156EA0000001613
B1217565610843N00904333EA0000001610
B1218015610902N00904463EA0000001630
B1218065610958N00904572EA0000001649
B1218165611054N00904794EA0000001668
B1218235611130N00904984EA0000001642
B1218295611202N00905176EA0000001619
B1218345611258N00905337EA0000001620
B1218405611322N00905509EA0000001628
B1218455611378N00905642EA0000001627
B1218505611437N00905771EA0000001632
B1218555611495N00905905EA0000001639
B1219015611551N00906068EA0000001679
B1219145611637N00906385EA0000001666
B1219195611663N00906549EA0000001702
B1219245611674N00906677EA0000001743
B1219305611677N00906832EA0000001736
B1219365611680N00907023EA0000001730
B1219425611688N00907238EA0000001708
B1219475611698N00907440EA0000001683
B1219565611715N00907800EA0000001678
B1220035611718N00908068EA0000001669
B1220115611715N00908363EA0000001666
B1220175611708N00908586EA0000001656
B1220315611738N00909091EA0000001638
B1220385611780N00909318EA0000001631
B1220435611806N00909485EA0000001615
B1220505611836N00909734EA0000001606
B1221015611870N00910116EA0000001602
B1221085611877N00910358EA0000001604
B1221135611869N00910532EA0000001601
B1221195611854N00910743EA0000001600
B1221395611876N00911458EA0000001586
B1221485611875N00911781EA0000001569
B1221545611869N00912003EA0000001560
B1222025611862N00912291EA0000001567
B1222095611863N00912517EA0000001580
B1222165611879N00912725EA0000001592
B1222215611910N00912862EA0000001589
B1222275611954N00913028EA0000001585
B1222325611994N00913175EA0000001588
B1222415612058N00913450EA0000001604
B1222475612078N00913610EA0000001629
B1222525612082N00913757EA0000001618
B1223025612110N00914074EA0000001588
B1223115612141N00914357EA0000001571
B1223175612160N00914564EA0000001556
B1223225612184N00914742EA0000001553
B1223305612232N00915012EA0000001549
B1223465612350N00915544EA0000001547
B1223545612395N00915815EA0000001532
B1223595612404N00916002EA0000001528
B1224045612396N00916192EA0000001528
B1224105612369N00916421EA0000001518
B1224155612336N00916609EA0000001516
B1224215612293N00916832EA0000001509
B1224265612259N00917023EA0000001507
B1224325612226N00917250EA0000001516
B1224445612159N00917652EA0000001544
B1224595612082N00918100EA0000001580
B1225055612073N00918286EA0000001595
B1225105612073N00918436EA0000001608
B1225165612080N00918616EA0000001597
B1225225612091N00918825EA0000001558
B1225285612104N00919051EA0000001548
B1225345612128N00919268EA0000001545
B1225405612156N00919482EA0000001543
B1225515612226N00919859EA0000001555
B1225585612268N00920084EA0000001566
B1226045612305N00920279EA0000001571
B1226115612367N00920500EA0000001565
B1226205612454N00920770EA0000001584
B1226255612495N00920916EA0000001597
B1226325612552N00921112EA0000001603
B1226395612607N00921312EA0000001599
B1227025612738N00922054EA0000001583
B1227175612807N00922574EA0000001568
B1227335612965N00923084EA0000001554
B1227455613077N00923484EA0000001546
B1227505613125N00923652EA0000001557
B1227565613182N00923832EA0000001575
B1228045613265N00924051EA0000001592
B1228115613340N00924218EA0000001611
B1228215613403N00924452EA0000001649
B1228285613411N00924625EA0000001656
B1228355613465N00924778EA0000001636
B1228475613607N00925059EA0000001616
B1228555613710N00925241EA0000001610
B1229015613780N00925385EA0000001602
B1229075613846N00925538EA0000001595
B1229125613893N00925672EA0000001594
B1229185613932N00925836EA0000001593
B1229235613961N00925976EA0000001578
B1229315614019N00926206EA0000001577
B1229365614051N00926346EA0000001587
B1229415614080N00926487EA0000001584
B1229495614116N00926709EA0000001577
B1229545614123N00926863EA0000001566
B1230015614135N00927085EA0000001571
B1230065614150N00927244EA0000001568
B1230115614180N00927381EA0000001584
B1230175614235N00927499EA0000001588
B1230235614310N00927589EA0000001576
B1230295614401N00927675EA0000001561
B1230375614531N00927803EA0000001533
B1230445614655N00927924EA0000001517
B1230505614762N00928024EA0000001523
B1230555614851N00928108EA0000001528
B1231025614972N00928215EA0000001539
B1231105615114N00928323EA0000001514
B1231205615305N00928437EA0000001497
B1231285615461N00928509EA0000001486
B1231355615604N00928566EA0000001471
B1231425615750N00928609EA0000001466
B1231515615934N00928659EA0000001454
B1231585616078N00928696EA0000001438
B1232055616223N00928727EA0000001433
B1232215616530N00928765EA0000001426
B1232285616662N00928763EA0000001419
B1232375616830N00928761EA0000001411
B1232435616944N00928767EA0000001393
B1232515617096N00928784EA0000001380
B1232575617209N00928814EA0000001358
B1233025617304N00928851EA0000001353
B1233075617397N00928892EA0000001357
B1233135617512N00928929EA0000001354
B1233185617609N00928963EA0000001355
B1233245617722N00929007EA0000001371
B1233435617717N00929227EA0000001420
B1233525617735N00929027EA0000001444
B1234245617749N00929063EA0000001494
B1234435617887N00929457EA0000001452
B1234505617949N00929634EA0000001449
B1235125618122N00930185EA0000001485
B1235425618361N00930995EA0000001459
B1235495618418N00931189EA0000001449
B1235555618474N00931343EA0000001443
B1236035618552N00931536EA0000001450
B1236115618624N00931723EA0000001469
B1236225618695N00931969EA0000001479
B1236285618729N00932123EA0000001461
B1236375618775N00932373EA0000001461
B1236445618817N00932569EA0000001462
B1236525618855N00932792EA0000001473
B1236585618882N00932960EA0000001485
B1237065618908N00933154EA0000001493
B1237135618937N00933312EA0000001491
B1237195618974N00933441EA0000001487
B1237245619010N00933552EA0000001479
B1237295619058N00933664EA0000001467
B1237345619122N00933753EA0000001470
B1237395619192N00933813EA0000001492
B1237465619279N00933890EA0000001497
B1237545619384N00933976EA0000001523
B1238035619501N00934102EA0000001529
B1238095619577N00934207EA0000001520
B1238175619689N00934324EA0000001501
B1238325619931N00934359EA0000001486
B1238385620035N00934358EA0000001474
B1238435620128N00934352EA0000001459
B1238525620305N00934337EA0000001432
B1239295620994N00934223EA0000001460
B1239345621058N00934225EA0000001492
B1239415621070N00934359EA0000001501
B1239465620986N00934334EA0000001507
B1239575621058N00934202EA0000001538
B1240045621020N00934355EA0000001560
B1240095620940N00934323EA0000001572
B1240165620927N00934149EA0000001587
B1240325620918N00934304EA0000001613
B1240445620877N00934065EA0000001641
B1240585620817N00934242EA0000001666
B1241105620802N00933992EA0000001697
B1241155620836N00934069EA0000001696
B1241245620729N00934196EA0000001711
B1241445620728N00933921EA0000001736
B1241505620798N00934001EA0000001716
B1241555620867N00934073EA0000001716
B1242015620952N00934159EA0000001733
B1242075621026N00934251EA0000001746
B1242125621090N00934319EA0000001741
B1242185621181N00934402EA0000001720
B1242245621284N00934491EA0000001719
B1242325621430N00934622EA0000001695
B1242465621690N00934864EA0000001672
B1243125622188N00935008EA0000001641
B1243235622405N00934965EA0000001626
B1243355622646N00934913EA0000001612
B1243425622783N00934875EA0000001603
B1243475622883N00934838EA0000001594
B1243565623059N00934762EA0000001589
B1244015623154N00934714EA0000001581
B1244105623317N00934622EA0000001580
B1244205623493N00934527EA0000001567
B1244275623614N00934468EA0000001561
B1244335623717N00934420EA0000001546
B1244395623828N00934387EA0000001533
B1244485623998N00934354EA0000001526
B1244545624108N00934336EA0000001513
B1244595624198N00934325EA0000001515
B1245045624284N00934307EA0000001508
B1245095624370N00934298EA0000001504
B1245155624471N00934298EA0000001508
B1245235624612N00934324EA0000001494
B1245305624738N00934384EA0000001490
B1245355624831N00934434EA0000001497
B1245405624916N00934484EA0000001516
B1245455624992N00934533EA0000001513
B1245505625071N00934597EA0000001500
B1245555625154N00934672EA0000001506
B1246015625247N00934738EA0000001538
B1246065625300N00934779EA0000001566
B1246125625364N00934827EA0000001539
B1246175625442N00934869EA0000001524
B1246225625525N00934910EA0000001528
B1246275625603N00934943EA0000001534
B1246325625680N00934970EA0000001534
B1246375625757N00934985EA0000001537
B1246435625849N00934996EA0000001536
B1246495625945N00935012EA0000001531
B1246545626027N00935018EA0000001527
B1246595626107N00935012EA0000001523
B1247095626265N00934980EA0000001512
B1247165626378N00934954EA0000001504
B1247235626488N00934942EA0000001495
B1247305626599N00934922EA0000001495
B1247395626735N00934887EA0000001510
B1247465626825N00934874EA0000001499
B1247545626930N00934951EA0000001488
B1248005627007N00935026EA0000001498
B1248065627075N00935085EA0000001529
B1248135627072N00935234EA0000001523
B1248215626956N00935194EA0000001552
B1248265626956N00935059EA0000001553
B1248335627036N00935027EA0000001564
B1248395627030N00935154EA0000001561
B1248485626905N00935070EA0000001584
B1248595626826N00934789EA0000001600
B1249045626788N00934660EA0000001601
B1249095626749N00934526EA0000001598
B1249185626683N00934279EA0000001589
B1249245626633N00934103EA0000001569
B1249345626535N00933772EA0000001548
B1249425626448N00933505EA0000001536
B1249475626389N00933343EA0000001530
B1249525626331N00933184EA0000001525
B1249575626272N00933029EA0000001517
B1250025626212N00932877EA0000001514
B1250235625941N00932284EA0000001501
B1250345625812N00931950EA0000001496
B1250415625733N00931760EA0000001520
B1250475625668N00931607EA0000001518
B1250545625583N00931425EA0000001519
B1251105625364N00931013EA0000001550
B1251165625303N00930889EA0000001570
B1251225625229N00930760EA0000001556
B1251285625151N00930608EA0000001543
B1251395625049N00930265EA0000001541
B1251455625014N00930069EA0000001539
B1251515624978N00929870EA0000001527
B1251565624943N00929700EA0000001519
B1252055624879N00929391EA0000001504
B1252135624815N00929133EA0000001501
B1252315624586N00928691EA0000001496
B1252375624475N00928613EA0000001493
B1252445624342N00928530EA0000001509
B1252515624220N00928465EA0000001530
B1252575624133N00928387EA0000001538
B1253025624071N00928316EA0000001539
B1253095623964N00928233EA0000001542
B1253175623830N00928201EA0000001532
B1253225623742N00928182EA0000001533
B1253285623635N00928144EA0000001535
B1253335623543N00928096EA0000001549
B1253385623465N00928028EA0000001577
B1253465623483N00927861EA0000001597
B1253545623484N00928002EA0000001615
B1253595623403N00927983EA0000001628
B1254055623402N00927820EA0000001638
B1254105623463N00927818EA0000001653
B1254175623427N00927961EA0000001675
B1254235623337N00927900EA0000001685
B1254285623333N00927761EA0000001701
B1254355623407N00927744EA0000001706
B1254425623379N00927894EA0000001731
B1254475623300N00927900EA0000001740
B1254535623238N00927768EA0000001754
B1255055623326N00927730EA0000001773
B1255135623245N00927852EA0000001788
B1255195623154N00927777EA0000001800
B1255255623090N00927613EA0000001788
B1255315623020N00927419EA0000001767
B1255375622947N00927218EA0000001764
B1255435622874N00927010EA0000001754
B1255495622804N00926792EA0000001753
B1255575622717N00926500EA0000001758
B1256025622669N00926321EA0000001762
B1256105622599N00926038EA0000001754
B1256165622538N00925836EA0000001739
B1256215622478N00925662EA0000001727
B1256275622401N00925459EA0000001723
B1256335622316N00925272EA0000001718
B1256405622212N00925075EA0000001712
B1256475622105N00924883EA0000001707
B1256525622029N00924741EA0000001701
B1256585621938N00924573EA0000001699
B1257045621846N00924400EA0000001685
B1257105621752N00924227EA0000001678
B1257155621673N00924088EA0000001673
B1257205621599N00923945EA0000001668
B1257265621510N00923775EA0000001663
B1257345621389N00923550EA0000001658
B1257395621316N00923417EA0000001654
B1257525621138N00923055EA0000001636
B1258045620974N00922728EA0000001626
B1258125620860N00922519EA0000001615
B1258265620657N00922156EA0000001607
B1258335620560N00921986EA0000001610
B1258385620490N00921866EA0000001617
B1259105620082N00921043EA0000001597
B1259185619974N00920824EA0000001570
B1259245619886N00920658EA0000001565
B1259295619809N00920518EA0000001560
B1259445619584N00920096EA0000001556
B1300245619012N00918953EA0000001553
B1300335618877N00918714EA0000001560
B1300385618803N00918596EA0000001567
B1300445618709N00918477EA0000001576
B1300505618608N00918366EA0000001583
B1300565618513N00918238EA0000001575
B1301025618424N00918100EA0000001599
B1301075618359N00917996EA0000001615
B1301145618276N00917876EA0000001618
B1301325618076N00917361EA0000001588
B1301405618005N00917091EA0000001573
B1301455617965N00916917EA0000001581
B1301525617916N00916678EA0000001596
B1301575617883N00916525EA0000001606
B1302025617845N00916385EA0000001597
B1302125617746N00916098EA0000001577
B1302185617687N00915923EA0000001577
B1302235617644N00915772EA0000001564
B1302325617542N00915516EA0000001556
B1302415617415N00915297EA0000001573
B1302535617253N00915068EA0000001593
B1303045617110N00914826EA0000001576
B1303175616932N00914503EA0000001583
B1303345616689N00914073EA0000001532
B1303465616514N00913802EA0000001516
B1303555616377N00913631EA0000001523
B1304015616284N00913522EA0000001531
B1304095616171N00913349EA0000001552
B1304145616086N00913379EA0000001568
B1304205616104N00913522EA0000001596
B1304265616164N00913462EA0000001601
B1304325616127N00913300EA0000001615
B1304375616040N00913314EA0000001634
B1304475616086N00913480EA0000001665
B1304555616069N00913277EA0000001677
B1305015615962N00913301EA0000001693
B1305085615962N00913492EA0000001706
B1305145616035N00913490EA0000001715
B1305195616053N00913356EA0000001711
B1305245616005N00913223EA0000001730
B1305315615884N00913226EA0000001725
B1305385615869N00913430EA0000001737
B1305435615933N00913446EA0000001753
B1305485615955N00913327EA0000001761
B1305565615843N00913173EA0000001772
B1306015615752N00913236EA0000001765
B1306105615746N00913487EA0000001779
B1306155615805N00913472EA0000001782
B1306215615821N00913320EA0000001788
B1306355615684N00912894EA0000001797
B1306435615590N00912681EA0000001812
B1306485615529N00912527EA0000001794
B1306565615434N00912259EA0000001804
B1307045615337N00912022EA0000001814
B1307105615273N00911840EA0000001828
B1307155615239N00911678EA0000001842
B1307225615204N00911455EA0000001853
B1307275615179N00911293EA0000001849
B1307335615147N00911066EA0000001811
B1307395615116N00910811EA0000001801
B1307445615092N00910601EA0000001795
B1307505615064N00910346EA0000001783
B1307565615037N00910083EA0000001776
B1308025615010N00909817EA0000001769
B1308075614987N00909600EA0000001766
B1308165614943N00909209EA0000001763
B1308215614913N00908995EA0000001756
B1308325614854N00908533EA0000001746
B1308405614817N00908202EA0000001744
B1308505614757N00907805EA0000001734
B1308585614700N00907496EA0000001726
B1309065614632N00907191EA0000001737
B1309225614418N00906790EA0000001801
B1309285614326N00906654EA0000001810
B1309335614279N00906497EA0000001808
B1309405614245N00906234EA0000001775
B1309485614215N00905886EA0000001773
B1309545614194N00905632EA0000001765
B1310005614170N00905380EA0000001759
B1310065614144N00905126EA0000001748
B1310135614117N00904829EA0000001747
B1310185614094N00904622EA0000001754
B1310235614061N00904429EA0000001771
B1310285614019N00904252EA0000001766
B1310335613981N00904058EA0000001746
B1310385613958N00903846EA0000001733
B1310475613933N00903453EA0000001721
B1310535613919N00903189EA0000001711
B1311005613897N00902881EA0000001698
B1311055613879N00902660EA0000001690
B1311145613853N00902263EA0000001674
B1311195613838N00902052EA0000001673
B1311245613822N00901844EA0000001660
B1311295613808N00901631EA0000001647
B1311355613791N00901373EA0000001631
B1311415613765N00901118EA0000001623
B1311465613742N00900911EA0000001619
B1311515613720N00900706EA0000001614
B1311565613697N00900502EA0000001614
B1312015613675N00900298EA0000001615
B1312065613654N00900096EA0000001617
B1312125613633N00859848EA0000001625
B1312175613628N00859645EA0000001635
B1312235613623N00859435EA0000001671
B1312305613612N00859206EA0000001650
B1312405613591N00858804EA0000001618
B1312475613574N00858507EA0000001605
B1312545613558N00858206EA0000001595
B1312595613538N00858000EA0000001583
B1313055613499N00857769EA0000001578
B1313115613455N00857544EA0000001565
B1313175613420N00857319EA0000001561
B1313225613406N00857127EA0000001567
B1313305613374N00856844EA0000001598
B1313355613333N00856702EA0000001629
B1313405613280N00856595EA0000001633
B1313485613168N00856396EA0000001611
B1313535613104N00856252EA0000001631
B1313585613046N00856123EA0000001652
B1314045612978N00855962EA0000001649
B1314105612907N00855789EA0000001638
B1314165612844N00855601EA0000001649
B1314215612799N00855438EA0000001654
B1314265612762N00855268EA0000001668
B1314315612729N00855127EA0000001693
B1314365612701N00854986EA0000001682
B1314425612673N00854790EA0000001687
B1314485612665N00854582EA0000001701
B1314555612667N00854370EA0000001729
B1315015612659N00854170EA0000001736
B1315075612639N00853975EA0000001736
B1315145612606N00853716EA0000001693
B1315235612561N00853334EA0000001670
B1315285612533N00853126EA0000001666
B1315335612500N00852926EA0000001664
B1315385612466N00852721EA0000001647
B1315435612432N00852515EA0000001642
B1315515612378N00852198EA0000001624
B1315565612344N00851997EA0000001615
B1316035612299N00851721EA0000001605
B1316125612246N00851374EA0000001592
B1316175612209N00851188EA0000001589
B1316225612165N00851008EA0000001599
B1316305612097N00850758EA0000001629
B1316355612041N00850632EA0000001644
B1316425611947N00850513EA0000001661
B1316475611893N00850407EA0000001666
B1316525611865N00850269EA0000001669
B1316585611858N00850092EA0000001676
B1317045611847N00849900EA0000001664
B1317095611824N00849737EA0000001671
B1317145611792N00849584EA0000001662
B1317215611732N00849338EA0000001624
B1317275611678N00849098EA0000001620
B1317345611619N00848816EA0000001616
B1317405611566N00848584EA0000001617
B1317475611490N00848330EA0000001614
B1317525611433N00848151EA0000001614
B1318005611340N00847866EA0000001606
B1318115611229N00847454EA0000001588
B1318185611164N00847184EA0000001574
B1318295611061N00846756EA0000001580
B1318355611002N00846528EA0000001593
B1318405610952N00846357EA0000001598
B1318465610893N00846156EA0000001615
B1318515610841N00846013EA0000001617
B1318575610771N00845834EA0000001603
B1319025610719N00845664EA0000001593
B1319085610651N00845451EA0000001595
B1319145610586N00845231EA0000001600
B1319195610531N00845066EA0000001649
B1319245610489N00844945EA0000001681
B1319325610428N00844748EA0000001669
B1319375610386N00844596EA0000001659
B1319435610344N00844392EA0000001647
B1319485610317N00844208EA0000001642
B1319555610286N00843948EA0000001639
B1320035610244N00843653EA0000001631
B1320105610210N00843381EA0000001613
B1320165610195N00843146EA0000001616
B1320225610186N00842915EA0000001606
B1320275610175N00842720EA0000001603
B1320325610165N00842533EA0000001601
B1320405610152N00842236EA0000001589
B1320455610145N00842047EA0000001587
B1320505610144N00841860EA0000001585
B1320585610150N00841561EA0000001587
B1321055610155N00841295EA0000001590
B1321115610156N00841060EA0000001579
B1321165610160N00840868EA0000001579
B1321225610166N00840643EA0000001576
B1321275610168N00840455EA0000001572
B1321335610162N00840237EA0000001565
B1321395610148N00840022EA0000001554
B1321445610129N00839847EA0000001551
B1321545610095N00839497EA0000001562
B1322025610041N00839264EA0000001589
B1322085609985N00839107EA0000001576
B1322135609942N00838961EA0000001570
B1323135610116N00837028EA0000001557
B1323325610024N00837201EA0000001599
B1323395610058N00837039EA0000001606
B1323515610080N00837250EA0000001637
B1323565609998N00837221EA0000001635
B1324035609991N00837042EA0000001652
B1324085610053N00837045EA0000001654
B1324175609995N00837224EA0000001680
B1324225609927N00837153EA0000001692
B1324275609932N00837029EA0000001698
B1324335610001N00837028EA0000001705
B1324385609994N00837152EA0000001716
B1324435609917N00837202EA0000001727
B1324495609847N00837098EA0000001731
B1324545609879N00836979EA0000001729
B1324595609942N00836992EA0000001747
B1325045609951N00837109EA0000001756
B1325115609855N00837205EA0000001766
B1325165609778N00837146EA0000001778
B1325255609757N00836905EA0000001783
B1325335609777N00836670EA0000001771
B1325395609787N00836455EA0000001761
B1325485609772N00836112EA0000001736
B1325545609750N00835867EA0000001718
B1326045609676N00835469EA0000001712
B1326135609590N00835122EA0000001699
B1326415609354N00834042EA0000001669
B1327015609185N00833259EA0000001633
B1327065609130N00833072EA0000001629
B1327135609049N00832817EA0000001630
B1327265608909N00832354EA0000001624
B1327335608843N00832093EA0000001620
B1327385608793N00831910EA0000001616
B1327435608742N00831734EA0000001616
B1327495608676N00831534EA0000001608
B1327565608600N00831298EA0000001604
B1328045608508N00831035EA0000001604
B1328115608408N00830851EA0000001608
B1328205608274N00830601EA0000001595
B1328265608193N00830429EA0000001627
B1328315608144N00830314EA0000001641
B1328375608092N00830165EA0000001626
B1328425608055N00830015EA0000001614
B1328475607998N00829870EA0000001604
B1328525607917N00829748EA0000001604
B1328585607807N00829634EA0000001606
B1329075607625N00829479EA0000001582
B1329145607475N00829376EA0000001573
B1329205607347N00829288EA0000001567
B1329265607220N00829205EA0000001565
B1329335607073N00829116EA0000001566
B1329385606969N00829056EA0000001564
B1329435606864N00829000EA0000001559
B1329535606649N00828900EA0000001539
B1330005606495N00828835EA0000001532
B1330065606363N00828800EA0000001531
B1330145606191N00828787EA0000001533
B1330215606043N00828763EA0000001534
B1330265605938N00828744EA0000001541
B1330315605836N00828736EA0000001555
B1330375605724N00828727EA0000001564
B1330435605607N00828698EA0000001567
B1330505605477N00828636EA0000001569
B1330585605366N00828446EA0000001575
B1331065605280N00828199EA0000001583
B1331115605229N00828034EA0000001597
B1331175605174N00827855EA0000001598
B1331225605135N00827699EA0000001591
B1331285605089N00827496EA0000001581
B1331345605005N00827338EA0000001571
B1331395604911N00827271EA0000001560
B1331475604750N00827270EA0000001559
B1331585604551N00827420EA0000001549
B1332075604418N00827628EA0000001541
B1332135604357N00827795EA0000001535
B1332185604322N00827947EA0000001522
B1332295604247N00828300EA0000001499
B1332395604177N00828633EA0000001482
B1332485604122N00828938EA0000001474
B1332565604081N00829206EA0000001465
B1333065604020N00829551EA0000001446
B1333115603987N00829728EA0000001438
B1333205603933N00830056EA0000001416
B1333255603899N00830238EA0000001410
B1333315603855N00830459EA0000001395
B1333405603790N00830804EA0000001379
B1333465603760N00831025EA0000001379
B1333525603734N00831243EA0000001361
B1333595603705N00831508EA0000001351
B1334045603690N00831691EA0000001349
B1334105603673N00831905EA0000001353
B1334275603637N00832425EA0000001415
B1334355603650N00832649EA0000001408
B1334455603698N00832916EA0000001444
B1335015603796N00832811EA0000001466
B1335265603738N00832738EA0000001545
B1335495603739N00832733EA0000001610
B1335555603645N00832692EA0000001629
B1336015603626N00832843EA0000001644
B1336115603732N00832748EA0000001664
B1336165603686N00832623EA0000001684
B1336245603585N00832696EA0000001695
B1336295603623N00832804EA0000001708
B1336365603700N00832704EA0000001725
B1336425603637N00832562EA0000001737
B1336475603555N00832585EA0000001752
B1336535603539N00832743EA0000001754
B1337035603655N00832681EA0000001782
B1337085603612N00832551EA0000001797
B1337145603521N00832600EA0000001805
B1337215603545N00832769EA0000001826
B1337265603610N00832757EA0000001836
B1337325603616N00832591EA0000001834
B1337375603541N00832524EA0000001855
B1337445603458N00832623EA0000001860
B1337515603508N00832764EA0000001872
B1338015603591N00832595EA0000001889
B1338065603535N00832496EA0000001894
B1338115603457N00832517EA0000001903
B1338285603334N00832995EA0000001844
B1338355603293N00833272EA0000001829
B1338525603193N00833944EA0000001807
B1339205603070N00835003EA0000001783
B1340295602967N00837579EA0000001700
B1340385602951N00837907EA0000001698
B1340485602925N00838270EA0000001685
B1340555602905N00838524EA0000001689
B1341035602874N00838811EA0000001691
B1341085602847N00838980EA0000001703
B1341155602797N00839211EA0000001703
B1341205602763N00839365EA0000001746
B1341265602723N00839510EA0000001771
B1341315602687N00839636EA0000001765
B1341375602638N00839822EA0000001740
B1341445602578N00840071EA0000001722
B1341585602468N00840593EA0000001703
B1342055602417N00840850EA0000001699
B1342195602323N00841351EA0000001689
B1342285602280N00841676EA0000001677
B1342365602243N00841972EA0000001671
B1342425602217N00842204EA0000001660
B1342515602184N00842555EA0000001648
B1342565602169N00842752EA0000001643
B1343015602151N00842948EA0000001633
B1343095602128N00843254EA0000001621
B1343145602116N00843445EA0000001613
B1343205602103N00843675EA0000001608
B1343275602094N00843942EA0000001596
B1343395602107N00844400EA0000001593
B1343465602126N00844656EA0000001604
B1343565602157N00844981EA0000001661
B1344035602163N00845154EA0000001679
B1344095602151N00845332EA0000001663
B1344155602122N00845538EA0000001652
B1344205602092N00845727EA0000001638
B1344265602048N00845953EA0000001636
B1344335601990N00846206EA0000001625
B1344395601941N00846423EA0000001611
B1344455601898N00846643EA0000001612
B1344555601830N00847000EA0000001606
B1345045601764N00847316EA0000001593
B1345105601717N00847532EA0000001578
B1345165601679N00847753EA0000001566
B1345215601651N00847942EA0000001559
B1345265601626N00848128EA0000001562
B1345315601600N00848310EA0000001559
B1345365601570N00848498EA0000001550
B1345435601521N00848768EA0000001540
B1345515601460N00849076EA0000001542
B1345565601423N00849246EA0000001605
B1346025601378N00849383EA0000001638
B1346075601294N00849413EA0000001621
B1346155601243N00849202EA0000001630
B1346205601308N00849152EA0000001635
B1346255601361N00849232EA0000001654
B1346315601386N00849386EA0000001673
B1346375601405N00849544EA0000001681
B1346445601434N00849755EA0000001657
B1346495601462N00849921EA0000001634
B1346545601494N00850103EA0000001615
B1347035601564N00850424EA0000001600
B1347135601649N00850772EA0000001582
B1347195601700N00850972EA0000001585
B1347245601737N00851137EA0000001576
B1347295601780N00851308EA0000001550
B1347355601838N00851524EA0000001536
B1347415601901N00851724EA0000001529
B1347475601961N00851920EA0000001519
B1347565602046N00852223EA0000001503
B1348015602090N00852388EA0000001496
B1348065602130N00852555EA0000001484
B1348115602165N00852730EA0000001469
B1348165602199N00852910EA0000001457
B1348215602236N00853087EA0000001452
B1348265602274N00853256EA0000001454
B1348315602312N00853421EA0000001467
B1348365602344N00853594EA0000001468
B1348415602362N00853763EA0000001492
B1348485602368N00853981EA0000001515
B1348545602350N00854147EA0000001527
B1348595602326N00854293EA0000001524
B1349055602297N00854461EA0000001549
B1349105602275N00854588EA0000001537
B1349175602237N00854788EA0000001504
B1349235602207N00854977EA0000001487
B1349285602181N00855136EA0000001491
B1349365602142N00855388EA0000001500
B1349425602122N00855569EA0000001508
B1349475602117N00855705EA0000001520
B1349525602116N00855838EA0000001515
B1349595602115N00856034EA0000001525
B1350085602107N00856264EA0000001549
B1350135602109N00856370EA0000001572
B1350185602121N00856469EA0000001578
B1350245602186N00856516EA0000001582
B1350295602221N00856400EA0000001593
B1350345602166N00856292EA0000001608
B1350405602083N00856347EA0000001629
B1350455602086N00856459EA0000001639
B1350505602147N00856476EA0000001646
B1350555602168N00856340EA0000001648
B1351005602092N00856261EA0000001663
B1351065602031N00856375EA0000001682
B1351115602077N00856452EA0000001692
B1351165602124N00856352EA0000001699
B1351215602076N00856230EA0000001719
B1351285601978N00856286EA0000001737
B1351335601998N00856402EA0000001739
B1351395602068N00856346EA0000001753
B1351445602046N00856204EA0000001769
B1351495601968N00856171EA0000001785
B1351545601925N00856280EA0000001781
B1352025602001N00856381EA0000001806
B1352085602028N00856232EA0000001810
B1352135601961N00856133EA0000001827
B1352185601886N00856184EA0000001831
B1352235601884N00856312EA0000001840
B1352285601941N00856343EA0000001843
B1352345601980N00856199EA0000001855
B1352395601921N00856089EA0000001868
B1352445601841N00856118EA0000001874
B1352495601813N00856246EA0000001876
B1352555601834N00856405EA0000001864
B1353035601891N00856606EA0000001881
B1353095601928N00856747EA0000001896
B1353145601955N00856861EA0000001901
B1353195601979N00856999EA0000001887
B1353255602011N00857188EA0000001883
B1353335602044N00857453EA0000001873
B1353395602076N00857654EA0000001861
B1353475602124N00857932EA0000001844
B1353565602175N00858244EA0000001830
B1354015602202N00858420EA0000001815
B1354075602233N00858633EA0000001807
B1354165602270N00858944EA0000001800
B1354215602287N00859112EA0000001801
B1354275602310N00859311EA0000001800
B1354325602330N00859478EA0000001797
B1354405602363N00859745EA0000001790
B1354475602391N00859977EA0000001793
B1354525602406N00900144EA0000001800
B1354575602418N00900316EA0000001794
B1355075602446N00900659EA0000001795
B1355135602455N00900865EA0000001791
B1355185602463N00901045EA0000001784
B1355235602476N00901221EA0000001788
B1355285602498N00901389EA0000001786
B1355345602535N00901593EA0000001781
B1355395602566N00901763EA0000001791
B1355465602598N00901978EA0000001818
B1355515602617N00902124EA0000001808
B1355565602633N00902291EA0000001779
B1356015602643N00902476EA0000001761
B1356075602643N00902708EA0000001745
B1356125602634N00902902EA0000001736
B1356195602617N00903172EA0000001730
B1356265602623N00903440EA0000001723
B1356315602644N00903624EA0000001716
B1356365602671N00903802EA0000001708
B1356425602712N00904012EA0000001699
B1356475602753N00904185EA0000001692
B1356565602842N00904484EA0000001676
B1357025602906N00904683EA0000001668
B1357085602969N00904879EA0000001656
B1357145603038N00905069EA0000001639
B1357235603151N00905343EA0000001624
B1357285603213N00905496EA0000001613
B1357355603297N00905717EA0000001592
B1357405603357N00905875EA0000001578
B1357475603443N00906084EA0000001573
B1357525603503N00906233EA0000001554
B1358045603645N00906586EA0000001548
B1358115603726N00906790EA0000001545
B1358215603852N00907063EA0000001553
B1358265603912N00907189EA0000001593
B1358315603958N00907283EA0000001627
B1358375604009N00907395EA0000001637
B1358465604077N00907616EA0000001641
B1358535604109N00907823EA0000001659
B1358585604118N00907972EA0000001656
B1359045604120N00908182EA0000001626
B1359105604126N00908423EA0000001608
B1359155604134N00908627EA0000001594
B1359225604149N00908912EA0000001588
B1359285604157N00909147EA0000001586
B1359335604164N00909337EA0000001586
B1359415604191N00909631EA0000001572
B1359475604233N00909832EA0000001561
B1359535604283N00910027EA0000001539
B1359595604333N00910226EA0000001524
B1400105604442N00910567EA0000001514
B1400155604495N00910711EA0000001511
B1400215604561N00910870EA0000001513
B1400285604643N00911055EA0000001503
B1400355604724N00911249EA0000001502
B1400405604780N00911386EA0000001510
B1400465604850N00911553EA0000001505
B1400515604911N00911686EA0000001530
B1400585604960N00911853EA0000001567
B1401075604962N00912107EA0000001566
B1401125604950N00912247EA0000001587
B1401185604929N00912402EA0000001599
B1401245604898N00912545EA0000001607
B1401305604871N00912702EA0000001620
B1401355604874N00912824EA0000001637
B1401405604891N00912939EA0000001646
B1401495604933N00913170EA0000001624
B1401555604974N00913354EA0000001603
B1402025605023N00913564EA0000001590
B1402095605074N00913764EA0000001583
B1402155605120N00913927EA0000001581
B1402215605162N00914089EA0000001585
B1402275605194N00914262EA0000001582
B1402325605211N00914412EA0000001582
B1402385605228N00914592EA0000001582
B1402455605241N00914797EA0000001608
B1402505605238N00914917EA0000001642
B1402565605209N00915042EA0000001666
B1403025605157N00915153EA0000001686
B1403085605089N00915261EA0000001691
B1403145605029N00915392EA0000001697
B1403225604957N00915570EA0000001712
B1403285604921N00915730EA0000001707
B1403345604913N00915903EA0000001710
B1403395604921N00916034EA0000001728
B1403455604935N00916177EA0000001722
B1403515604954N00916348EA0000001704
B1404025604967N00916739EA0000001676
B1404075604959N00916935EA0000001666
B1404135604943N00917178EA0000001653
B1404195604924N00917424EA0000001638
B1404245604908N00917632EA0000001626
B1404315604891N00917927EA0000001613
B1404375604874N00918177EA0000001611
B1404435604858N00918423EA0000001606
B1404485604840N00918625EA0000001630
B1404535604821N00918791EA0000001688
B1404585604794N00918919EA0000001709
B1405035604768N00919056EA0000001701
B1405095604739N00919257EA0000001677
B1405145604717N00919449EA0000001661
B1405195604697N00919649EA0000001652
B1405245604676N00919841EA0000001649
B1405335604636N00920170EA0000001655
B1405385604611N00920333EA0000001681
B1405435604579N00920481EA0000001687
B1405525604549N00920759EA0000001681
B1405585604544N00920966EA0000001681
B1406065604537N00921217EA0000001723
B1406185604544N00921543EA0000001715
B1406265604548N00921784EA0000001749
B1406375604549N00922091EA0000001780
B1406515604555N00922484EA0000001817
B1407105604613N00923154EA0000001773
B1407365604795N00924143EA0000001742
B1407445604854N00924413EA0000001732
B1407505604905N00924607EA0000001730
B1407555604943N00924768EA0000001729
B1408055605027N00925097EA0000001714
B1408105605073N00925257EA0000001715
B1408165605132N00925442EA0000001716
B1408225605193N00925630EA0000001714
B1408275605242N00925789EA0000001716
B1408395605295N00926161EA0000001743
B1408445605276N00926325EA0000001752
B1408495605245N00926484EA0000001760
B1408555605197N00926661EA0000001762
B1409015605145N00926852EA0000001736
B1409075605084N00927071EA0000001724
B1409145605008N00927329EA0000001710
B1409205604945N00927547EA0000001714
B1409255604897N00927724EA0000001713
B1409305604856N00927900EA0000001717
B1409405604785N00928256EA0000001711
B1409465604745N00928468EA0000001717
B1409525604711N00928678EA0000001729
B1410295604841N00929888EA0000001706
B1411325605046N00932064EA0000001706
B1411415605084N00932329EA0000001716
B1411465605134N00932441EA0000001698
B1411525605213N00932558EA0000001694
B1412025605350N00932755EA0000001697
B1412085605430N00932877EA0000001689
B1412135605497N00932985EA0000001687
B1412295605686N00933384EA0000001690
B1413075605794N00934592EA0000001677
B1413165605814N00934939EA0000001687
B1413405605790N00935808EA0000001679
B1413455605757N00936001EA0000001677
B1414085605761N00936885EA0000001638
B1414235605829N00937450EA0000001616
B1414355605904N00937859EA0000001608
B1414445605966N00938139EA0000001600
B1415035606043N00938774EA0000001609
B1415175606053N00939117EA0000001647
B1415225606114N00939189EA0000001652
B1415275606172N00939269EA0000001670
B1415325606185N00939396EA0000001670
B1415395606133N00939580EA0000001684
B1415455606114N00939737EA0000001671
B1415525606124N00939945EA0000001649
B1415595606160N00940146EA0000001637
B1416045606194N00940280EA0000001634
B1416125606257N00940489EA0000001627
B1416175606300N00940621EA0000001632
B1416255606363N00940847EA0000001627
B1416305606376N00941008EA0000001620
B1416365606350N00941201EA0000001617
B1416425606292N00941383EA0000001607
B1416475606240N00941536EA0000001596
B1416555606163N00941785EA0000001596
B1417005606121N00941946EA0000001595
B1417055606085N00942099EA0000001619
B1417105606055N00942213EA0000001634
B1417155606023N00942328EA0000001600
B1417215605979N00942520EA0000001570
B1417295605916N00942787EA0000001571
B1417345605877N00942951EA0000001568
B1417425605815N00943213EA0000001561
B1417505605756N00943465EA0000001573
B1417555605717N00943611EA0000001594
B1418005605676N00943734EA0000001598
B1418065605623N00943902EA0000001575
B1418125605574N00944098EA0000001576
B1418185605519N00944291EA0000001584
B1418235605479N00944442EA0000001595
B1418315605415N00944664EA0000001590
B1418385605349N00944876EA0000001568
B1418475605268N00945139EA0000001565
B1418525605227N00945279EA0000001559
B1418575605190N00945423EA0000001561
B1419065605154N00945700EA0000001562
B1419115605144N00945849EA0000001578
B1419165605137N00945975EA0000001593
B1419235605124N00946135EA0000001607
B1419315605077N00946319EA0000001607
B1419385605032N00946484EA0000001613
B1419445605017N00946632EA0000001616
B1419505605004N00946785EA0000001613
B1419565604986N00946945EA0000001601
B1420025604973N00947129EA0000001591
B1420115604958N00947423EA0000001589
B1420175604954N00947623EA0000001582
B1420225604955N00947789EA0000001575
B1420285604959N00947985EA0000001569
B1420365604954N00948239EA0000001568
B1420415604945N00948393EA0000001565
B1420465604928N00948545EA0000001560
B1420565604840N00948850EA0000001549
B1421025604764N00949014EA0000001544
B1421095604653N00949162EA0000001545
B1421155604542N00949256EA0000001549
B1421215604432N00949324EA0000001554
B1421265604336N00949379EA0000001555
B1421345604213N00949523EA0000001564
B1421395604174N00949659EA0000001558
B1421445604175N00949807EA0000001554
B1421505604229N00949928EA0000001554
B1421555604296N00949963EA0000001549
B1422015604379N00949924EA0000001544
B1422065604437N00949838EA0000001534
B1422115604495N00949740EA0000001528
B1422165604558N00949652EA0000001527
B1422235604648N00949530EA0000001536
B1422285604712N00949467EA0000001549
B1422425604846N00949285EA0000001588
B1422565604764N00949395EA0000001630
B1423015604817N00949316EA0000001649
B1423075604743N00949210EA0000001672
B1423125604690N00949319EA0000001697
B1423175604730N00949415EA0000001710
B1423225604788N00949356EA0000001722
B1423275604758N00949227EA0000001739
B1423325604671N00949225EA0000001765
B1423375604630N00949348EA0000001779
B1423425604672N00949446EA0000001794
B1423475604734N00949426EA0000001814
B1423525604754N00949319EA0000001817
B1423585604686N00949191EA0000001830
B1424035604605N00949230EA0000001859
B1424085604586N00949358EA0000001873
B1424145604654N00949436EA0000001891
B1424195604704N00949349EA0000001892
B1424245604670N00949201EA0000001894
B1424305604556N00949179EA0000001912
B1424355604497N00949327EA0000001912
B1424405604515N00949511EA0000001906
B1424465604570N00949713EA0000001928
B1424535604618N00949940EA0000001920
B1424585604648N00950097EA0000001916
B1425045604687N00950277EA0000001914
B1425115604737N00950467EA0000001910
B1425165604773N00950612EA0000001902
B1425225604816N00950805EA0000001874
B1425295604878N00951066EA0000001848
B1425345604924N00951255EA0000001851
B1425395604965N00951440EA0000001850
B1425485605037N00951772EA0000001841
B1425575605120N00952088EA0000001838
B1426025605171N00952252EA0000001831
B1426095605250N00952472EA0000001822
B1426145605310N00952615EA0000001819
B1426205605387N00952776EA0000001808
B1426255605446N00952915EA0000001806
B1426315605513N00953077EA0000001815
B1426385605596N00953247EA0000001835
B1426465605696N00953399EA0000001849
B1426515605771N00953416EA0000001849
B1426565605850N00953385EA0000001843
B1427015605929N00953330EA0000001841
B1427075606011N00953220EA0000001840
B1427125606070N00953106EA0000001832
B1427185606136N00952948EA0000001827
B1427245606202N00952782EA0000001830
B1427295606256N00952641EA0000001838
B1427345606307N00952500EA0000001850
B1427395606355N00952337EA0000001836
B1427455606393N00952124EA0000001852
B1427525606428N00951868EA0000001847
B1428015606477N00951524EA0000001836
B1428065606501N00951336EA0000001836
B1428115606523N00951146EA0000001828
B1428185606555N00950881EA0000001821
B1428245606580N00950650EA0000001819
B1428305606600N00950429EA0000001841
B1428355606614N00950250EA0000001829
B1428405606631N00950035EA0000001796
B1428465606655N00949756EA0000001794
B1428525606698N00949499EA0000001799
B1429145606860N00948661EA0000001797
B1429215606915N00948401EA0000001785
B1429355607037N00947876EA0000001766
B1429415607088N00947657EA0000001768
B1429485607144N00947412EA0000001767
B1429545607191N00947197EA0000001769
B1430025607248N00946915EA0000001756
B1430095607299N00946673EA0000001750
B1430145607338N00946504EA0000001746
B1430195607372N00946335EA0000001761
B1430265607416N00946107EA0000001772
B1430325607435N00945939EA0000001805
B1430375607423N00945819EA0000001827
B1430455607372N00945627EA0000001810
B1430515607343N00945446EA0000001792
B1430585607340N00945218EA0000001773
B1431045607345N00945008EA0000001757
B1431125607355N00944724EA0000001746
B1431185607362N00944510EA0000001741
B1431295607361N00944105EA0000001722
B1431565607293N00943066EA0000001687
B1432045607271N00942748EA0000001670
B1432215607214N00942098EA0000001655
B1432285607184N00941839EA0000001650
B1432365607142N00941555EA0000001642
B1432545607070N00940916EA0000001611
B1432595607049N00940742EA0000001612
B1433055607016N00940535EA0000001615
B1433105606990N00940353EA0000001615
B1433155606971N00940180EA0000001655
B1433205606955N00940043EA0000001677
B1433285606938N00939809EA0000001648
B1433405606942N00939402EA0000001632
B1433455606947N00939228EA0000001624
B1434015606941N00938658EA0000001603
B1434155606932N00938161EA0000001594
B1434245606942N00937842EA0000001583
B1434295606952N00937663EA0000001573
B1436025606892N00934167EA0000001494
B1436105606912N00933878EA0000001507
B1436235606883N00933512EA0000001544
B1437045606586N00932425EA0000001607
B1437105606516N00932317EA0000001607
B1437165606455N00932178EA0000001611
B1437395606325N00931432EA0000001606
B1437465606322N00931206EA0000001625
B1437525606326N00931025EA0000001613
B1437585606337N00930826EA0000001596
B1438055606350N00930592EA0000001586
B1438125606365N00930354EA0000001572
B1438175606376N00930185EA0000001564
B1438225606384N00930018EA0000001564
B1438315606392N00929720EA0000001549
B1438375606390N00929506EA0000001539
B1438475606372N00929138EA0000001532
B1439115606231N00928333EA0000001581
B1439175606145N00928221EA0000001587
B1439235606045N00928138EA0000001581
B1439405605911N00927628EA0000001539
B1439555605942N00927024EA0000001507
B1440025605952N00926753EA0000001505
B1440085605960N00926526EA0000001494
B1440135605967N00926341EA0000001483
B1440185605973N00926155EA0000001467
B1440235605974N00925970EA0000001468
B1440435605899N00925250EA0000001457
B1440495605867N00925036EA0000001472
B1441035605936N00924735EA0000001520
B1441095605948N00924895EA0000001538
B1441145605865N00924962EA0000001553
B1441195605790N00924868EA0000001572
B1441245605810N00924734EA0000001578
B1441325605896N00924831EA0000001595
B1441375605855N00924959EA0000001619
B1441425605766N00924954EA0000001631
B1441505605748N00924748EA0000001649
B1441585605824N00924837EA0000001669
B1442035605779N00924945EA0000001690
B1442085605695N00924923EA0000001701
B1442165605688N00924725EA0000001715
B1442255605754N00924845EA0000001735
B1442305605697N00924924EA0000001756
B1442415605638N00924726EA0000001762
B1442485605706N00924798EA0000001771
B1442535605660N00924917EA0000001783
B1442585605577N00924898EA0000001809
B1443045605541N00924742EA0000001808
B1443105605539N00924549EA0000001804
B1443185605553N00924258EA0000001768
B1443235605563N00924048EA0000001752
B1443295605576N00923782EA0000001736
B1443365605589N00923463EA0000001712
B1443445605606N00923097EA0000001706
B1443515605622N00922784EA0000001701
B1443595605640N00922436EA0000001700
B1444085605668N00922051EA0000001685
B1444175605699N00921662EA0000001666
B1444255605726N00921317EA0000001655
B1444335605753N00920983EA0000001645
B1444465605799N00920442EA0000001623
B1444525605818N00920194EA0000001619
B1444595605835N00919910EA0000001609
B1445045605842N00919712EA0000001617
B1445155605854N00919284EA0000001612
B1445215605866N00919047EA0000001601
B1445285605875N00918767EA0000001596
B1445395605872N00918333EA0000001591
B1445445605873N00918145EA0000001596
B1445515605900N00917884EA0000001591
B1446025605952N00917469EA0000001589
B1446075605976N00917281EA0000001585
B1446135606002N00917058EA0000001591
B1446185606020N00916873EA0000001592
B1446235606040N00916686EA0000001588
B1446365606070N00916204EA0000001576
B1446415606079N00916015EA0000001569
B1446475606093N00915785EA0000001566
B1446535606117N00915557EA0000001567
B1446585606155N00915377EA0000001576
B1447035606194N00915220EA0000001614
B1447095606230N00915074EA0000001632
B1447145606241N00914926EA0000001623
B1447235606188N00914633EA0000001602
B1447285606133N00914478EA0000001589
B1447335606075N00914319EA0000001581
B1447405605993N00914083EA0000001560
B1447455605936N00913908EA0000001550
B1447525605857N00913664EA0000001547
B1447595605787N00913414EA0000001542
B1448055605730N00913197EA0000001543
B1448105605685N00913015EA0000001541
B1448245605543N00912519EA0000001529
B1448295605499N00912350EA0000001529
B1448365605429N00912119EA0000001516
B1448425605353N00911944EA0000001511
B1448485605273N00911773EA0000001501
B1448565605171N00911515EA0000001494
B1449035605081N00911271EA0000001487
B1449085605027N00911090EA0000001493
B1449145604985N00910875EA0000001507
B1449205604962N00910666EA0000001501
B1449255604944N00910483EA0000001486
B1449305604930N00910294EA0000001475
B1449385604911N00909999EA0000001467
B1449465604881N00909714EA0000001462
B1449535604849N00909464EA0000001463
B1449585604824N00909288EA0000001474
B1450045604781N00909107EA0000001521
B1450095604729N00908997EA0000001527
B1450155604625N00909010EA0000001524
B1450205604618N00909153EA0000001543
B1450255604680N00909164EA0000001559
B1450315604699N00909009EA0000001574
B1450365604636N00908908EA0000001576
B1450415604559N00908970EA0000001588
B1450465604569N00909096EA0000001609
B1450515604628N00909065EA0000001624
B1450565604614N00908920EA0000001629
B1451045604500N00908968EA0000001648
B1451095604537N00909075EA0000001664
B1451145604593N00908993EA0000001674
B1451195604549N00908852EA0000001673
B1451255604455N00908916EA0000001691
B1451305604483N00909035EA0000001705
B1451365604556N00908962EA0000001726
B1451415604532N00908823EA0000001726
B1451465604445N00908800EA0000001735
B1451515604405N00908909EA0000001750
B1451565604446N00908998EA0000001753
B1452015604508N00908949EA0000001770
B1452065604518N00908822EA0000001768
B1452135604476N00908591EA0000001742
B1452195604443N00908367EA0000001727
B1452245604414N00908165EA0000001709
B1452305604373N00907918EA0000001697
B1452365604333N00907671EA0000001687
B1452415604296N00907463EA0000001679
B1452465604257N00907260EA0000001677
B1452535604203N00906988EA0000001677
B1452595604158N00906768EA0000001676
B1453075604095N00906487EA0000001673
B1453145604032N00906251EA0000001674
B1453195603987N00906078EA0000001672
B1453255603935N00905867EA0000001680
B1453305603894N00905698EA0000001707
B1453355603853N00905561EA0000001737
B1453415603790N00905431EA0000001729
B1453475603726N00905276EA0000001708
B1453525603689N00905109EA0000001686
B1453585603658N00904876EA0000001667
B1454055603623N00904586EA0000001649
B1454125603585N00904285EA0000001638
B1454205603536N00903955EA0000001636
B1454255603480N00903778EA0000001637
B1454305603400N00903627EA0000001626
B1454355603309N00903491EA0000001617
B1454425603176N00903298EA0000001610
B1454505603028N00903072EA0000001605
B1454565602929N00902876EA0000001592
B1455025602845N00902650EA0000001578
B1455075602781N00902456EA0000001574
B1455165602673N00902115EA0000001564
B1455225602604N00901887EA0000001547
B1455275602547N00901693EA0000001535
B1455365602446N00901338EA0000001515
B1455425602377N00901101EA0000001504
B1455475602316N00900912EA0000001498
B1455555602218N00900613EA0000001485
B1456045602105N00900286EA0000001482
B1456105602025N00900081EA0000001478
B1456175601931N00859847EA0000001470
B1456235601856N00859641EA0000001464
B1456295601786N00859429EA0000001467
B1456355601726N00859209EA0000001470
B1456405601682N00859029EA0000001478
B1456455601654N00858853EA0000001502
B1456515601647N00858670EA0000001522
B1456565601659N00858512EA0000001514
B1457025601683N00858317EA0000001523
B1457085601718N00858122EA0000001511
B1457145601757N00857918EA0000001505
B1457195601793N00857743EA0000001503
B1457325601889N00857313EA0000001497
B1457385601926N00857102EA0000001482
B1457445601956N00856888EA0000001473
B1457495601983N00856707EA0000001468
B1457555602010N00856489EA0000001474
B1458025602026N00856234EA0000001488
B1458085602029N00856027EA0000001504
B1458155602019N00855800EA0000001506
B1458265602068N00855417EA0000001498
B1458315602095N00855248EA0000001535
B1458365602082N00855105EA0000001553
B1458415602003N00855051EA0000001553
B1458465601941N00855161EA0000001558
B1458515601973N00855295EA0000001581
B1458565602039N00855290EA0000001618
B1459025602056N00855136EA0000001616
B1459075601977N00855073EA0000001626
B1459125601924N00855178EA0000001639
B1459185601965N00855319EA0000001668
B1459255602046N00855247EA0000001677
B1459305601997N00855124EA0000001682
B1459355601913N00855169EA0000001696
B1459445601970N00855362EA0000001738
B1459495602020N00855274EA0000001744
B1459545601969N00855162EA0000001744
B1459595601889N00855220EA0000001767
B1500045601896N00855350EA0000001786
B1500095601965N00855369EA0000001803
B1500155601994N00855233EA0000001807
B1500205601928N00855144EA0000001817
B1500255601852N00855188EA0000001829
B1500305601857N00855322EA0000001842
B1500355601929N00855343EA0000001859
B1500405601971N00855239EA0000001872
B1500455601948N00855110EA0000001870
B1500505601874N00855052EA0000001874
B1500555601791N00855070EA0000001880
B1501015601699N00855034EA0000001892
B1501075601645N00854890EA0000001894
B1501155601644N00854654EA0000001900
B1501205601664N00854517EA0000001915
B1501265601683N00854349EA0000001903
B1501465601730N00853738EA0000001902
B1502045601750N00852984EA0000001835
B1502105601748N00852715EA0000001823
B1502155601750N00852487EA0000001813
B1502285601758N00851910EA0000001805
B1502375601758N00851513EA0000001796
B1502435601755N00851253EA0000001793
B1502525601742N00850857EA0000001778
B1502595601732N00850544EA0000001772
B1503085601719N00850150EA0000001770
B1503275601730N00849330EA0000001755
B1503335601747N00849078EA0000001757
B1503395601761N00848826EA0000001747
B1503525601792N00848287EA0000001740
B1504015601807N00847915EA0000001754
B1504085601812N00847643EA0000001766
B1504185601810N00847253EA0000001755
B1504335601761N00846654EA0000001733
B1504385601744N00846454EA0000001729
B1504465601720N00846140EA0000001720
B1504515601704N00845949EA0000001714
B1504585601677N00845683EA0000001701
B1505065601645N00845385EA0000001698
B1505125601628N00845157EA0000001692
B1505185601617N00844924EA0000001690
B1505235601608N00844738EA0000001708
B1505285601589N00844564EA0000001706
B1505345601551N00844359EA0000001705
B1505405601498N00844161EA0000001704
B1505505601428N00843839EA0000001706
B1506095601363N00843301EA0000001774
B1506145601387N00843169EA0000001787
B1506225601455N00842985EA0000001779
B1506275601506N00842878EA0000001786
B1506325601559N00842783EA0000001800
B1506405601642N00842644EA0000001808
B1506455601694N00842552EA0000001816
B1506505601742N00842463EA0000001831
B1506565601790N00842352EA0000001831
B1507015601834N00842248EA0000001823
B1507075601890N00842118EA0000001825
B1507155601967N00841943EA0000001821
B1507205602005N00841805EA0000001819
B1507275602022N00841577EA0000001820
B1507365601991N00841292EA0000001823
B1507435601925N00841103EA0000001812
B1507495601850N00840947EA0000001801
B1508005601725N00840637EA0000001787
B1508055601670N00840487EA0000001781
B1508105601617N00840335EA0000001775
B1508155601561N00840188EA0000001771
B1508205601505N00840042EA0000001761
B1508265601445N00839854EA0000001764
B1508335601374N00839648EA0000001792
B1508385601327N00839539EA0000001809
B1508445601261N00839410EA0000001808
B1509155601193N00838476EA0000001797
B1509235601187N00838180EA0000001788
B1509325601178N00837831EA0000001764
B1509445601180N00837314EA0000001729
B1510285601142N00835547EA0000001710
B1510385601072N00835194EA0000001704
B1510485601028N00834815EA0000001705
B1511015601021N00834430EA0000001756
B1511065601067N00834303EA0000001757
B1511125601119N00834156EA0000001767
B1511175601166N00834034EA0000001760
B1511265601263N00833799EA0000001751
B1511325601327N00833630EA0000001753
B1511385601390N00833457EA0000001752
B1511465601477N00833221EA0000001753
B1511555601561N00832946EA0000001771
B1512005601605N00832806EA0000001788
B1512055601650N00832701EA0000001801
B1512105601707N00832613EA0000001787
B1512155601773N00832502EA0000001760
B1512215601852N00832334EA0000001750
B1512275601922N00832154EA0000001743
B1512335601991N00831973EA0000001738
B1512405602071N00831754EA0000001733
B1512485602151N00831502EA0000001734
B1512565602224N00831244EA0000001722
B1513025602274N00831047EA0000001723
B1513085602321N00830855EA0000001726
B1513155602376N00830631EA0000001731
B1513225602449N00830443EA0000001719
B1514405603408N00828725EA0000001715
B1515245603549N00827316EA0000001674
B1515295603602N00827182EA0000001662
B1515345603659N00827052EA0000001668
B1515395603710N00826930EA0000001694
B1515445603740N00826809EA0000001718
B1515495603754N00826685EA0000001732
B1515545603808N00826612EA0000001731
B1516205603761N00826601EA0000001785
B1516455603703N00826579EA0000001839
B1517365603556N00826592EA0000001935
B1517425603624N00826545EA0000001944
B1517565603572N00826806EA0000001954
B1518065603509N00826584EA0000001967
B1518115603577N00826538EA0000001975
B1518165603635N00826607EA0000001988
B1518265603635N00826892EA0000001994
B1518315603622N00827030EA0000002003
B1518375603608N00827202EA0000001993
B1518445603593N00827427EA0000001982
B1518515603608N00827672EA0000001957
B1518565603634N00827851EA0000001946
B1519015603662N00828031EA0000001941
B1519065603691N00828209EA0000001937
B1519135603733N00828457EA0000001926
B1519205603786N00828712EA0000001904
B1519255603827N00828900EA0000001887
B1519315603880N00829130EA0000001876
B1519365603923N00829322EA0000001872
B1519435603982N00829592EA0000001867
B1519515604051N00829896EA0000001859
B1519585604109N00830168EA0000001851
B1520085604189N00830555EA0000001844
B1520145604237N00830780EA0000001841
B1520245604318N00831155EA0000001830
B1520305604368N00831379EA0000001826
B1520365604419N00831602EA0000001819
B1520465604506N00831970EA0000001811
B1521015604635N00832520EA0000001797
B1521105604709N00832856EA0000001787
B1521205604788N00833232EA0000001775
B1521255604830N00833419EA0000001767
B1521345604902N00833763EA0000001757
B1521415604953N00834030EA0000001755
B1521475604994N00834255EA0000001749
B1521545605044N00834520EA0000001744
B1521595605077N00834713EA0000001737
B1522065605124N00834987EA0000001732
B1522115605154N00835179EA0000001736
B1522185605193N00835437EA0000001732
B1522255605227N00835695EA0000001717
B1522315605256N00835909EA0000001714
B1522375605278N00836121EA0000001708
B1522435605288N00836336EA0000001706
B1522485605291N00836521EA0000001690
B1522555605294N00836790EA0000001686
B1523025605291N00837059EA0000001680
B1523085605288N00837291EA0000001691
B1523185605251N00837621EA0000001726
B1523375605244N00838329EA0000001661
B1523445605261N00838625EA0000001655
B1523495605275N00838837EA0000001644
B1523565605298N00839126EA0000001646
B1524055605339N00839479EA0000001637
B1524105605356N00839674EA0000001633
B1524175605350N00839948EA0000001621
B1524225605321N00840145EA0000001612
B1524275605283N00840336EA0000001613
B1524325605241N00840520EA0000001610
B1524385605198N00840745EA0000001600
B1524445605172N00840984EA0000001588
B1524495605155N00841189EA0000001581
B1524555605142N00841434EA0000001576
B1525015605133N00841678EA0000001570
B1525095605131N00841997EA0000001560
B1525145605139N00842199EA0000001547
B1525205605151N00842443EA0000001532
B1525255605170N00842639EA0000001529
B1525305605190N00842829EA0000001525
B1525365605206N00843060EA0000001517
B1525445605216N00843381EA0000001499
B1525505605214N00843627EA0000001495
B1525575605199N00843908EA0000001491
B1526075605160N00844297EA0000001480
B1526175605130N00844691EA0000001460
B1526225605123N00844894EA0000001456
B1526275605116N00845096EA0000001458
B1526325605108N00845294EA0000001455
B1526415605103N00845660EA0000001445
B1526495605100N00845982EA0000001437
B1526545605097N00846183EA0000001433
B1527015605093N00846466EA0000001423
B1527095605087N00846787EA0000001416
B1527175605078N00847108EA0000001402
B1527225605070N00847307EA0000001394
B1527295605055N00847585EA0000001386
B1527355605046N00847819EA0000001376
B1527425605037N00848087EA0000001372
B1527475605029N00848277EA0000001365
B1527535605022N00848512EA0000001353
B1528035605022N00848899EA0000001336
B1528125605021N00849250EA0000001306
B1528175605017N00849446EA0000001308
B1528265605020N00849787EA0000001307
B1528375605032N00850202EA0000001297
B1528425605042N00850391EA0000001290
B1528485605055N00850616EA0000001287
B1528535605062N00850798EA0000001288
B1529015605073N00851089EA0000001283
B1529075605087N00851302EA0000001278
B1529125605108N00851475EA0000001273
B1529175605132N00851646EA0000001270
B1529255605168N00851914EA0000001273
B1529305605194N00852068EA0000001279
B1529365605225N00852253EA0000001274
B1529425605258N00852443EA0000001272
B1529475605285N00852607EA0000001279
B1529525605307N00852754EA0000001326
B1529595605311N00852926EA0000001351
B1530045605258N00853039EA0000001364
B1530095605173N00852989EA0000001377
B1530145605167N00852849EA0000001389
B1530195605230N00852817EA0000001408
B1530245605256N00852934EA0000001423
B1530295605188N00853024EA0000001437
B1530345605107N00852948EA0000001452
B1530395605112N00852811EA0000001472
B1530445605173N00852787EA0000001487
B1530495605200N00852899EA0000001503
B1530545605140N00852999EA0000001513
B1531005605045N00852925EA0000001534
B1531055605052N00852792EA0000001549
B1531105605114N00852767EA0000001567
B1531155605143N00852869EA0000001582
B1531205605087N00852974EA0000001590
B1531255605000N00852932EA0000001606
B1531315604984N00852773EA0000001628
B1531365605040N00852727EA0000001644
B1531415605079N00852808EA0000001659
B1531465605046N00852927EA0000001663
B1531515604958N00852947EA0000001675
B1531565604900N00852844EA0000001695
B1532015604916N00852727EA0000001705
B1532065604977N00852720EA0000001717
B1532115604988N00852830EA0000001734
B1532175604894N00852885EA0000001743
B1532225604843N00852770EA0000001762
B1532275604874N00852669EA0000001776
B1532325604929N00852693EA0000001791
B1532375604927N00852807EA0000001801
B1532425604856N00852879EA0000001803
B1532475604778N00852816EA0000001821
B1532525604768N00852692EA0000001833
B1532585604836N00852647EA0000001843
B1533035604869N00852731EA0000001862
B1533085604841N00852842EA0000001858
B1533135604776N00852952EA0000001859
B1533185604734N00853086EA0000001861
B1533235604705N00853247EA0000001847
B1533285604679N00853426EA0000001825
B1533335604653N00853621EA0000001808
B1533395604627N00853865EA0000001798
B1533465604602N00854149EA0000001794
B1533535604580N00854430EA0000001790
B1533585604567N00854629EA0000001787
B1534045604556N00854862EA0000001788
B1534115604552N00855126EA0000001779
B1534175604554N00855351EA0000001776
B1534235604555N00855573EA0000001775
B1534295604557N00855796EA0000001770
B1534345604558N00855986EA0000001772
B1534415604560N00856254EA0000001767
B1534475604565N00856488EA0000001764
B1534525604569N00856683EA0000001775
B1534595604573N00856940EA0000001781
B1535045604578N00857129EA0000001770
B1535115604595N00857403EA0000001755
B1535175604611N00857641EA0000001747
B1535235604628N00857878EA0000001743
B1535315604657N00858189EA0000001744
B1535365604679N00858379EA0000001740
B1535445604715N00858686EA0000001731
B1535495604738N00858879EA0000001724
B1535555604766N00859114EA0000001713
B1536025604801N00859388EA0000001710
B1536105604842N00859699EA0000001703
B1536175604881N00859965EA0000001701
B1536245604925N00900230EA0000001690
B1536305604968N00900453EA0000001688
B1536355605005N00900634EA0000001679
B1536435605059N00900938EA0000001659
B1536505605102N00901215EA0000001647
B1536565605140N00901450EA0000001651
B1537025605179N00901680EA0000001648
B1537075605208N00901873EA0000001639
B1537145605250N00902145EA0000001628
B1537205605287N00902373EA0000001624
B1537265605330N00902584EA0000001626
B1537315605374N00902746EA0000001620
B1537415605457N00903088EA0000001616
B1537465605494N00903266EA0000001640
B1537525605521N00903437EA0000001678
B1537575605534N00903578EA0000001662
B1538025605546N00903752EA0000001628
B1538095605571N00904024EA0000001608
B1538145605590N00904216EA0000001609
B1538205605611N00904442EA0000001620
B1538255605625N00904627EA0000001633
B1538305605634N00904792EA0000001668
B1538365605634N00904955EA0000001688
B1538415605622N00905090EA0000001680
B1538465605598N00905244EA0000001669
B1538515605576N00905416EA0000001658
B1538585605559N00905687EA0000001641
B1539045605553N00905935EA0000001637
B1539165605548N00906432EA0000001613
B1539235605549N00906722EA0000001601
B1539305605556N00907012EA0000001591
B1539365605563N00907262EA0000001578
B1539425605574N00907513EA0000001569
B1539475605587N00907714EA0000001567
B1539555605611N00908032EA0000001553
B1540025605634N00908306EA0000001554
B1540075605658N00908491EA0000001553
B1540135605697N00908703EA0000001543
B1540215605760N00908979EA0000001527
B1540265605807N00909149EA0000001521
B1540325605859N00909358EA0000001511
B1540375605900N00909536EA0000001506
B1540425605938N00909716EA0000001501
B1540475605966N00909901EA0000001497
B1540525605981N00910090EA0000001494
B1540595605977N00910355EA0000001489
B1541045605958N00910545EA0000001479
B1541105605925N00910776EA0000001466
B1541185605870N00911082EA0000001459
B1541245605822N00911301EA0000001453
B1541315605767N00911556EA0000001448
B1541385605710N00911809EA0000001432
B1541445605660N00912027EA0000001429
B1541555605572N00912433EA0000001423
B1542015605536N00912657EA0000001424
B1542085605511N00912925EA0000001418
B1542135605501N00913121EA0000001415
B1542185605497N00913316EA0000001414
B1542245605480N00913542EA0000001405
B1542315605430N00913809EA0000001399
B1542395605343N00914102EA0000001399
B1542455605277N00914318EA0000001399
B1542585605136N00914804EA0000001402
B1543035605094N00914985EA0000001414
B1543095605047N00915195EA0000001405
B1543155605002N00915415EA0000001389
B1543225604952N00915681EA0000001378
B1543305604900N00915987EA0000001366
B1543365604866N00916224EA0000001355
B1543425604839N00916459EA0000001347
B1543475604820N00916653EA0000001343
B1543525604802N00916843EA0000001337
B1544005604763N00917147EA0000001323
B1544065604724N00917377EA0000001315
B1544115604690N00917567EA0000001312
B1544175604651N00917792EA0000001308
B1544265604601N00918133EA0000001293
B1544345604566N00918436EA0000001284
B1544405604540N00918668EA0000001273
B1544455604516N00918863EA0000001264
B1544505604495N00919059EA0000001256
B1544555604476N00919257EA0000001249
B1545045604441N00919616EA0000001237
B1545145604408N00920015EA0000001224
B1545195604390N00920214EA0000001231
B1545245604381N00920403EA0000001252
B1545365604391N00920752EA0000001267
B1545415604368N00920912EA0000001259
B1545465604302N00921037EA0000001257
B1545515604210N00921078EA0000001248
B1546005604033N00921013EA0000001233
B1546055603935N00920977EA0000001229
B1546125603797N00920909EA0000001217
B1546185603681N00920818EA0000001210
B1546285603503N00920610EA0000001206
B1546345603403N00920471EA0000001199
B1546395603324N00920349EA0000001195
B1546445603250N00920220EA0000001191
B1546495603183N00920080EA0000001189
B1546545603115N00919933EA0000001185
B1547015603019N00919734EA0000001181
B1547065602952N00919589EA0000001177
B1547135602861N00919383EA0000001169
B1547185602795N00919229EA0000001156
B1547245602711N00919038EA0000001142
B1547295602638N00918879EA0000001134
B1547345602570N00918717EA0000001127
B1547425602460N00918451EA0000001108
B1547475602391N00918281EA0000001105
B1547525602322N00918117EA0000001102
B1547585602235N00917926EA0000001098
B1548035602165N00917761EA0000001097
B1548105602089N00917512EA0000001092
B1548155602046N00917322EA0000001090
B1548205602004N00917130EA0000001089
B1548265601957N00916893EA0000001080
B1548325601911N00916655EA0000001074
B1548385601866N00916417EA0000001066
B1548435601834N00916216EA0000001067
B1548485601801N00916016EA0000001064
B1548565601745N00915701EA0000001054
B1549015601709N00915506EA0000001051
B1549075601663N00915278EA0000001051
B1549125601625N00915087EA0000001046
B1549175601586N00914893EA0000001042
B1549225601547N00914694EA0000001038
B1549305601481N00914396EA0000001046
B1549365601434N00914177EA0000001038
B1549415601392N00913988EA0000001024
B1549475601344N00913757EA0000001011
B1549545601293N00913487EA0000001007
B1549595601257N00913302EA0000001003
B1550075601195N00913010EA0000000990
B1550135601155N00912780EA0000000979
B1550205601115N00912495EA0000000958
B1550255601084N00912288EA0000000957
B1550315601046N00912051EA0000000956
B1550365601016N00911858EA0000000951
B1550415600988N00911663EA0000000943
B1550475600953N00911428EA0000000932
B1550555600899N00911116EA0000000923
B1551015600856N00910877EA0000000912
B1551065600819N00910677EA0000000906
B1551115600781N00910475EA0000000900
B1551175600729N00910231EA0000000902
B1551225600684N00910025EA0000000904
B1551275600644N00909816EA0000000913
B1551325600608N00909600EA0000000908
B1551375600565N00909382EA0000000902
B1551475600478N00908946EA0000000890
B1551525600440N00908733EA0000000888
B1551575600405N00908525EA0000000889
B1552045600358N00908235EA0000000882
B1552105600319N00907987EA0000000878
B1552175600273N00907698EA0000000877
B1552225600235N00907492EA0000000873
B1552275600192N00907286EA0000000874
B1552325600153N00907078EA0000000877
B1552385600104N00906834EA0000000888
B1552435600060N00906628EA0000000892
B1552485600018N00906414EA0000000877
B1552565559952N00906068EA0000000867
B1553035559897N00905764EA0000000868
B1553085559861N00905549EA0000000871
B1553145559822N00905298EA0000000871
B1553195559790N00905092EA0000000875
B1553245559754N00904889EA0000000878
B1553305559708N00904646EA0000000872
B1553365559666N00904394EA0000000862
B1553435559628N00904097EA0000000856
B1553485559602N00903889EA0000000857
B1553535559577N00903681EA0000000851
B1554005559549N00903389EA0000000836
B1554055559539N00903183EA0000000834
B1554115559534N00902940EA0000000827
B1554175559529N00902697EA0000000817
B1554245559530N00902415EA0000000810
B1554345559529N00902019EA0000000802
B1554395559517N00901819EA0000000800
B1554445559506N00901619EA0000000791
B1554515559514N00901338EA0000000779
B1554565559542N00901144EA0000000774
B1555045559620N00900870EA0000000778
B1555105559693N00900684EA0000000770
B1555155559763N00900540EA0000000767
B1555205559838N00900410EA0000000763
B1555255559920N00900289EA0000000753
B1555315600025N00900157EA0000000744
B1555375600134N00900034EA0000000735
B1555445600262N00859908EA0000000731
B1555505600371N00859818EA0000000728
B1555595600537N00859708EA0000000710
B1556045600634N00859678EA0000000701
B1556095600731N00859699EA0000000697
B1556145600820N00859775EA0000000684
B1556195600893N00859906EA0000000674
B1556255600955N00900103EA0000000665
B1556315600991N00900317EA0000000656
B1556375601010N00900535EA0000000649
B1556425601010N00900722EA0000000637
B1556485600984N00900959EA0000000617
B1556535600947N00901157EA0000000612
B1556595600887N00901380EA0000000611
B1557045600822N00901545EA0000000608
B1557115600699N00901713EA0000000607
B1557175600568N00901771EA0000000596
B1557235600427N00901743EA0000000583
B1557285600321N00901669EA0000000581
B1557345600219N00901531EA0000000575
B1557395600158N00901379EA0000000559
B1557465600084N00901133EA0000000534
B1557525600025N00900912EA0000000525
B1558005559947N00900618EA0000000516
B1558075559875N00900372EA0000000506
B1558135559818N00900162EA0000000501
B1558195559775N00859947EA0000000486
B1558245559756N00859761EA0000000476
B1558305559771N00859548EA0000000471
B1558355559815N00859395EA0000000464
B1558405559883N00859280EA0000000462
B1558465559974N00859171EA0000000459
B1558525600068N00859081EA0000000454
B1558595600180N00858982EA0000000443
B1559065600291N00858890EA0000000440
B1559115600374N00858836EA0000000435
B1559185600492N00858824EA0000000428
B1559255600595N00858894EA0000000419
B1559315600671N00858995EA0000000408
B1559365600730N00859098EA0000000398
B1559425600782N00859250EA0000000393
B1559475600813N00859392EA0000000378
B1559555600852N00859631EA0000000371
B1600045600890N00859894EA0000000372
B1600095600912N00900033EA0000000375
B1600155600935N00900200EA0000000362
B1600205600946N00900348EA0000000354
B1600255600946N00900503EA0000000345
B1600325600928N00900721EA0000000339
B1600385600898N00900904EA0000000338
B1600445600862N00901087EA0000000332
B1600495600823N00901237EA0000000330
B1600545600764N00901373EA0000000321
B1601025600618N00901509EA0000000316
B1601085600497N00901583EA0000000306
B1601135600390N00901610EA0000000307
B1601185600290N00901567EA0000000300
B1601235600216N00901444EA0000000288
B1601285600171N00901284EA0000000278
B1601395600092N00900931EA0000000274
B1601465600045N00900701EA0000000255
B1601515600018N00900533EA0000000245
B1601575559984N00900334EA0000000235
B1602035559975N00900133EA0000000223
B1602095600013N00859954EA0000000215
B1602145600064N00859822EA0000000207
B1602205600134N00859691EA0000000208
B1602255600192N00859586EA0000000204
B1602305600254N00859488EA0000000197
B1602365600338N00859388EA0000000187
B1602425600429N00859320EA0000000183
B1602475600504N00859339EA0000000186
B1602525600550N00859443EA0000000177
B1603015600578N00859725EA0000000138
B1603085600589N00859961EA0000000107
B1603135600594N00900131EA0000000085
B1603195600603N00900337EA0000000060
B1603265600614N00900572EA0000000044
B1603315600621N00900718EA0000000039
B1603395600625N00900911EA0000000037
B1603465600617N00901011EA0000000038
